inspection_number,OBJECTID,inspection_date,establishment_name,link_number,address,score,purpose,inspector,classification,reason,quote,reviewer_note,next_inspection_date,next_purpose,next_score
FOOD-020582-2017,6138,2017-11-09,RYE,HEALTH2016-007891,111 W VIRGINIA ST,5,1 - Routine,Shane Salley,not about a closure,process or area ordered to stop (not the establishment),Please cease any food prep in back immediately.,,,,
FOOD-013756-2017,3186,2018-01-18,ZIN ZEN WINE BISTRO,HEALTH2017-007392,6841 VIRGINIA PKWY,3,1 - Routine,Josh Depuydt,closed or suspended at this inspection,no hot water,Establishment will be closed until hot water is fixed.,,2018-04-11,1 - Routine,5
FOOD-011179-2017,10976,2018-01-23,LONCHERIA HERNANDEZ,HEALTH2017-002011,1105 TENNESSEE ST,11,1 - Routine,Shane Salley,closed or suspended at this inspection,no running water (water off at property),Close down immediately and contact our office when water is turned back on so we can come and verify water is back on***,,2018-04-24,1 - Routine,15
FOOD-012076-2017,6919,2018-04-25,J & M ASSOCIATES CONCESSION STAND,HEALTH2016-008555,2701 NORTH BROOK DR,6,1 - Routine,Shane Salley,not about a closure,facility-wide no hot water; no closure recorded,23 - No hot water during inspection,concession stand,,,
FOOD-016429-2017,3144,2018-04-26,STONEBRIDGE CC POOL SNACK BAR,HEALTH2017-000132,7003 BEACON HILL RD,0,1 - Routine,Cathleen Daley,not about a closure,not open / not operating at visit,Not operational at time of inspection.,,2018-08-14,1 - Routine,0
FOOD-050897-2018,6253,2018-04-26,ECLAIR BISTRO,HEALTH2017-007277,216 E VIRGINIA ST,0,1 - Routine,Cathleen Daley,not about a closure,not open / not operating at visit,—Please ensure upstairs bar handwash sink has supply of hot and cold running water and soap and paper towels (bar not operational at time of inspection).,,2018-09-21,1 - Routine,15
FOOD-038066-2018,5354,2018-05-09,BEST WESTERN PLUS MCKINNEY INN & SUITE,HEALTH2017-09652,480 S WILSON CREEK BLVD,15,1 - Routine,Josh Depuydt,closed or suspended at this inspection,"hand sink broken, no water",Spoke Kisangani Risal instructed him kitchen will be closed until hand sink is repaired.,"kitchen closed, not the hotel",2018-11-09,1 - Routine,0
FOOD-078539-2018,11380,2018-05-29,DENNY'S #8726,HEALTH2017-008969,1615 N CENTRAL EXPY,0,2 - Complaint,Shane Salley,ambiguous,fire damage; power off,Power is off. ... Call before reopening.,complaint visit after a fire; told to call before reopening; notes do not say the city ordered the closure,2018-07-23,1 - Routine,30
FOOD-071530-2018,5356,2018-06-06,BEST WESTERN,HEALTH2016-000882,480 S WILSON CREEK BLVD,4,1 - Routine,Josh Depuydt,closure threatened (e.g. unpaid or expired permit),certified food manager (future violation),Future violations will result in fine/citation and immediate closure of food prep.,,2018-08-28,1 - Routine,3
FOOD-071426-2018,2530,2018-06-08,GUIDEPOST MONTESSORI ELDORADO,HEALTH2017-008916,7508 ELDORADO PKWY,8,1 - Routine,Josh Depuydt,closure threatened (e.g. unpaid or expired permit),not permitted for TCS food (no 3-compartment sink),FAILURE TO CORRECT THESE ITEMS WITHIN 30 DAYS MAY RESULT IN ISSUANCE OF CITATION OR CLOSURE.,,2018-11-05,1 - Routine,0
FOOD-041917-2018,4734,2018-06-13,PAPA MURPHY'S PIZZA,HEALTH2017-008963,3201 S HARDIN BLVD,2,1 - Routine,Josh Depuydt,closure threatened (e.g. unpaid or expired permit),expired permit,"#30: Health permit is expired, please renew by end of business day June 15, 2018 or citation may be issued/establishment may be closed.",,2018-10-05,1 - Routine,3
FOOD-055397-2018,7350,2018-07-12,TOWNEPLACE SUITES,HEALTH2017-008131,1832 MARKETPLACE DR,7,1 - Routine,Josh Depuydt,closure threatened (e.g. unpaid or expired permit),expired permit,"Failure to provide application and fee by close of business day July 16, 2018 may result in a citation or closure of kitchen operations.",,2018-10-04,,2
FOOD-054845-2018,5777,2018-07-16,LA PALOMA,HEALTH2017-001498,1213 S MCDONALD ST,20,1 - Routine,Josh Depuydt,closure threatened (e.g. unpaid or expired permit),expired permit,"Please provide application and payment to Health Compliance by close of business July 20, 2018 or citation may be issued or establishment may be closed.",,2018-10-11,1 - Routine,30
FOOD-059321-2018,9514,2018-07-16,SILK ROAD THAI CUISINE,HEALTH2017-003760,6851 VIRGINIA PKWY,23,1 - Routine,Josh Depuydt,closure threatened (e.g. unpaid or expired permit),roaches (recurring),Future violations will result in fine or possible closing down of establishment.,,2019-01-11,1 - Routine,25
FOOD-050895-2018,7438,2018-07-16,LA REAL MICHOACANA #3,HEALTH2016-004976,809 N MCDONALD ST,9,1 - Routine,Cathleen Daley,closure threatened (e.g. unpaid or expired permit),expired permit,Renew application and pay application and plan review fee within 48 hours or establishment may be issued citation/closed.,,2018-10-19,,4
FOOD-073820-2018,10247,2018-09-13,DURKIN'S PIZZA,HEALTH2017-004604,2014 W UNIVERSITY DR,6,1 - Routine,Cathleen Daley,closed or suspended at this inspection,no hot water (voluntary),Establishment is voluntarily closed until minimum 100 deg F hot running water can be provided to establishment—,,2018-11-16,1 - Routine,4
FOOD-084335-2018,4603,2018-10-09,TOM THUMB #3853 -GROCERY,HEALTH2017-009153,3001 S HARDIN BLVD,0,1 - Routine,Shane Salley,not about a closure,stop-work order on unpermitted construction,STOP WORK ORDER ... Cease all construction on Shop n Go construction at front of store.,,2018-12-17,1 - Routine,1
FOOD-094635-2018,10115,2018-10-12,DOMINO'S PIZZA,HEALTH2018-09728,7500 STACY RD,7,1 - Routine,David Lerma,not about a closure,facility-wide no hot water; no closure recorded,No hot water at the time of the inspection. The manager was able to turn it back on before I left.,manager turned it back on before the inspector left,2019-01-28,1 - Routine,10
FOOD-095186-2018,13252,2018-10-19,QUALITY-INN,HEALTH2017-007868,1300 CENTRAL EXPY,4,1 - Routine,David Lerma,closure threatened (e.g. unpaid or expired permit),change of ownership (new CO and permit),"THIS MUST BE DONE WITHIN A WEEK FROM TODAY,10–18, OR A CLOSURE WILL BE ISSUED UNTIL IT HAS BEEN TAKEN CARE OF.",,,,
FOOD-093932-2018,7429,2018-10-19,LA REAL MICHOACANA #3,HEALTH2016-004976,809 N MCDONALD ST,4,,Cathleen Daley,closure threatened (e.g. unpaid or expired permit),expired permit,Submit application and remit payment by 10-31-18 or establishment may be closed.,,2019-02-12,1 - Routine,14
FOOD-103765-2018,2552,2018-10-22,MR BOBA TEA CAFE,HEALTH2018-10005,7502 ELDORADO PKWY,6,1 - Routine,Cathleen Daley,closed or suspended at this inspection,no hot water (voluntary),ESTABLISHMENT IS VOLUNTARILY CLOSED UNTIL HOT RUNNING WATER CAN BE RESTORED (RETAIL SIDE MAY CONTINUE TO OPERATE BUT OPEN FOODS-INCLUDES SMOOTHIES AND PROTEIN SHAKES-MAY BE PREPARED UNTIL HOT RUNNING WATER CAN BE RESTORED).,notes: retail side may keep operating; open foods may not be prepared,2019-01-30,1 - Routine,0
FOOD-098235-2018,5117,2018-10-23,HOLIDAY INN HOTEL & SUITES,HEALTH2017-009540,3220 CRAIG DR,5,1 - Routine,Shane Salley,closed or suspended at this inspection,bar hand sinks missing handles,Do not operate bar until in compliance.,bar only,2019-01-29,1 - Routine,19
FOOD-102273-2018,4060,2018-10-30,GOLDEN POT,HEALTH2016-007957,4100 S LAKE FOREST DR,22,1 - Routine,David Lerma,not about a closure,facility-wide no hot water; no closure recorded,Noted no hot water throughout.,repair ordered by end of business day,2019-02-15,1 - Routine,21
FOOD-108148-2018,11526,2018-11-07,HANK'S TEXAS GRILL,HEALTH2017-000895,1310 N CENTRAL EXPY,25,1 - Routine,David Lerma,closed or suspended at this inspection,mouse droppings (voluntary),"PLEASE NOTE THAT OPERATIONS MUST VOLUNTARILY CEASE UNTIL PEST CONTROL HAS BEEN CALLED OUT, THE MOUSE DROPPINGS HAVE BEEN CLEANED UP, AND THE AFFECT AREAS HAVE BEEN WASHED, RINSED, AND SANITIZED.","notes say operations ""must voluntarily cease"" until pest control, cleanup and sanitizing",2019-04-09,1 - Routine,7
FOOD-099487-2018,12657,2018-11-19,PIZZA HUT #034935,HEALTH2018-09951,1720 N CENTRAL EXPY,9,1 - Routine,Cathleen Daley,closure threatened (e.g. unpaid or expired permit),flooring,Correct to current flooring requirements within 60 days or citation may be issued/establishment may be closed,,2019-03-19,1 - Routine,11
FOOD-119269-2018,15433,2018-11-26,HAT CREEK BURGER,HEALTH2017-009570,3503 CUSTER RD,8,1 - Routine,Cathleen Daley,closure threatened (e.g. unpaid or expired permit),expired permit,Please apply and remit payment by end of business day 11-30-2018 or citation may be issued or establishment may be closed.,,2019-02-18,1 - Routine,10
FOOD-115378-2018,12628,2018-11-26,CICI'S PIZZA,HEALTH2017-006323,320 N CENTRAL EXPY,13,1 - Routine,David Lerma,closure threatened (e.g. unpaid or expired permit),permit renewal,"If this is not brought into compliance, we will issue a closure until the permit has been renewed.",,2019-03-12,1 - Routine,21
FOOD-128481-2018,15752,2018-12-10,PATEL BROTHERS,HEALTH2018-10142,8720 SH 121 STE 112,14,1 - Routine,Shane Salley,closure threatened (e.g. unpaid or expired permit),reinspection fee,Failure to pay fee will result in voluntary closure.,,2019-03-13,1 - Routine,11
FOOD-123605-2018,11354,2018-12-17,EL FENIX,HEALTH2017-000665,3450 CENTRAL EXPY,6,1 - Routine,Cathleen Daley,closure threatened (e.g. unpaid or expired permit),expired permit,Please submit application and remit payment for renewal by end of business day 12-21-18 or establishment may be issued citation or closed.,,2019-04-09,1 - Routine,8
FOOD-124224-2018,13111,2019-01-11,GRANDY'S,HEALTH2017-008305,1614 UNIVERSITY DR,22,1 - Routine,David Lerma,closure threatened (e.g. unpaid or expired permit),no person in charge (future),"If this happens again, a closure will be issued until a manager or designated person in charge and be at the establishment.",,,,
FOOD-122631-2018,148,2019-01-14,STARWOOD CAFE,HEALTH2017-09622,2821 CRAIG DR 101,28,1 - Routine,David Lerma,closure threatened (e.g. unpaid or expired permit),reinspection fee (repeat plumbing violations),"If this is not paid, a closure will be issued until the issue has been resolved.",,2019-04-30,1 - Routine,16
FOOD-122299-2018,15042,2019-01-14,PEI WEI ASIAN DINER,HEALTH2017-001555,3000 S CENTRAL EXPY,22,1 - Routine,David Lerma,closure threatened (e.g. unpaid or expired permit),repairs and reinspection fee,"If I don’t received a call, the violations are not corrected, and the re-inspection fee is not paid, a closure will be issued until the issues have been resolved.",,2019-07-29,1 - Routine,21
FOOD-118807-2018,5103,2019-01-16,MR. GATTI'S PIZZA,HEALTH2017-001397,2107 ELDORADO PKWY,21,1 - Routine,David Lerma,closure threatened (e.g. unpaid or expired permit),reinspection fee,"If this is not done, a closure will be issued until it has.",,2019-04-26,1 - Routine,15
FOOD-122238-2018,11982,2019-02-05,SUBWAY #43170,HEALTH2017-004120,400 N CENTRAL EXPY,10,1 - Routine,David Lerma,closure threatened (e.g. unpaid or expired permit),reinspection fee,"If the reinspection fee is not paid, a closure will be issued until everything has been resolved.",,2019-06-03,1 - Routine,21
FOOD-126424-2018,8757,2019-02-08,RICE LOVERS,HEALTH2017-000210,2960 ELDORADO PKWY,20,1 - Routine,David Lerma,closure threatened (e.g. unpaid or expired permit),reinspection fee,"If this is not paid, a closure will be issued until it has been paid.",,2019-06-06,1 - Routine,23
FOOD-123603-2018,7444,2019-02-12,LA REAL MICHOACANA #3,HEALTH2016-004976,809 N MCDONALD ST,14,1 - Routine,Cathleen Daley,closed or suspended at this inspection,no hot water at hand sink,Close business immediately and do not reopen until hot water at hand sink is available,,2019-06-20,1 - Routine,17
FOOD-124826-2018,6152,2019-02-12,SOL'S TEX MEX,HEALTH2018-09971,119 W VIRGINIA ST,28,1 - Routine,Shane Salley,closed or suspended at this inspection,reason not stated,***Restaurant is ordered to close immediately.,"notes list no permit under the new owner, no food manager, broken hand sink; score 28; next inspection matched by hand: SOL'S MEXICAN GRILL, 119 W VIRGINIA ST, permit HEALTH2019-00061 (permit number changed)",2019-06-13,1 - Routine,13
FOOD-128471-2018,14554,2019-02-20,SAN MIGUEL GRILL,HEALTH2017-000043,506 UNIVERSITY DR,27,1 - Routine,David Lerma,closed or suspended at this inspection,drain backing up (voluntary),A voluntary closure was issued and is in effect until the drain has been repaired.,,2019-06-28,1 - Routine,29
FOOD-131044-2018,12161,2019-03-08,JACK IN THE BOX,HEALTH2017-004443,1825 W UNIVERSITY DR,10,1 - Routine,Cathleen Daley,closure threatened (e.g. unpaid or expired permit),expired permit,Please renew by 4pm on 3/11/19 to avoid closure,,2019-05-13,1 - Routine,35
FOOD-124957-2018,10907,2019-03-11,DODGE CITY OF MCKINNEY,HEALTH2017-008839,700 CENTRAL EXPY,3,1 - Routine,David Lerma,closure threatened (e.g. unpaid or expired permit),permit renewal,"If this is not corrected, a closure will be issued until the permit has been renewed.",,2019-12-10,1 - Routine,0
FOOD-132823-2018,12631,2019-03-12,CICI'S PIZZA,HEALTH2017-006323,320 N CENTRAL EXPY,21,1 - Routine,David Lerma,closure threatened (e.g. unpaid or expired permit),repeat plumbing / hot water violations and reinspection fee,"If it is not corrected, a closure will be issued until it has been fixed.",,2020-03-02,1 - Routine,20
FOOD-124831-2018,16363,2019-03-13,MOVIES 14 CINEMARK,HEALTH2017-000099,1701 CENTRAL EXPY,3,1 - Routine,David Lerma,not about a closure,facility-wide no hot water; no closure recorded,"Noted there was no hot water in the establishment at the time of the inspection, but slowly started getting hot as the inspection progressed.",water began heating during the inspection,2019-12-10,1 - Routine,3
FOOD-129091-2018,4808,2019-03-25,RACETRAC #157,HEALTH2017-002146,2152 VIRGINIA PKWY,5,1 - Routine,Victoria Goldston,closure threatened (e.g. unpaid or expired permit),permit renewal,Failure to comply will result in closure.,,2019-07-01,1 - Routine,5
FOOD-127788-2018,4282,2019-04-04,PIZZA HUT,HEALTH2017-004375,4150 ELDORADO PKWY,13,1 - Routine,David Lerma,closure threatened (e.g. unpaid or expired permit),reinspection fee,"If this is not paid, a closure will be issued until it has.",,2019-07-02,1 - Routine,16
FOOD-000164-2019,12977,2019-04-09,LA MICHOACANA MEAT MARHET - DELI,HEALTH2017-004669,311 W UNIVERSITY DR,23,1 - Routine,David Lerma,closure threatened (e.g. unpaid or expired permit),reinspection fee,"If it is not paid, a closure will be issued until it has.",,2019-10-01,1 - Routine,20
FOOD-126501-2018,15836,2019-04-15,RACETRAC #130,HEALTH2017-001522,1608 MCDONALD ST,7,1 - Routine,Victoria Goldston,not about a closure,"business closing, moving or remodeling (own decision)",**PIC noted that facility will be officially closing on May 6th to start construction and demolition.,,,,
FOOD-133469-2018,10904,2019-05-01,THAI NOODLE WAVE,HEALTH2017-003539,2775 S CENTRAL EXPY,35,1 - Routine,David Lerma,closed or suspended at this inspection,score above 30 / sanitation,The establishment is closed to do low score and several cleaning issues.,score 35,2019-06-20,1 - Routine,21
FOOD-017866-2019,12144,2019-05-13,JACK IN THE BOX,HEALTH2017-004443,1825 W UNIVERSITY DR,35,1 - Routine,Victoria Goldston,closed or suspended at this inspection,score above 30,"Due to the amount of violations observed at time of inspection, Facility is to remain closed until reinspection fee of $50 is paid at the Environmental Health office by latest of 9am on 5/14/19.","notes: ""Due to the amount of violations""; score 35",2019-08-27,1 - Routine,13
FOOD-012065-2019,9556,2019-06-04,MR. TAKO,HEALTH2017-008015,1330 N MCDONALD ST,35,1 - Routine,David Lerma,closure threatened (e.g. unpaid or expired permit),reinspection fee,"If this fee is not paid, a closure will be issued until it has.",score 35 but no closure recorded; closure only if the fee is unpaid,2019-07-31,1 - Routine,23
FOOD-010780-2019,8751,2019-06-06,RICE LOVERS,HEALTH2017-000210,2960 ELDORADO PKWY,23,1 - Routine,David Lerma,closed or suspended at this inspection,mouse droppings / sanitation,You will need to remain closed until the establishment has been cleaned.,"notes also say a closure ""will be issued tomorrow"" if the reinspection fee is unpaid",2019-11-20,1 - Routine,34
FOOD-012507-2019,3664,2019-06-07,THE RANCH COUNTRY CLUB,HEALTH2018-000124,5901 GLEN OAKS DR,21,1 - Routine,David Lerma,closure threatened (e.g. unpaid or expired permit),leaking faucets and reinspection fee,"Also, this kitchen will be closed until this is repaired.","""this kitchen will be closed until this is repaired"" reads as conditional on the Monday deadline",2019-11-27,1 - Routine,7
FOOD-012508-2019,11061,2019-06-07,THE RANCH COUNTRY CLUB POOL SNACK BAR,HEALTH2017-000315,,12,1 - Routine,David Lerma,closed or suspended at this inspection,no hot water at bar,The bar must remain closed until the hot water has been turned back on.,bar only,2020-05-04,1 - Routine,0
FOOD-017718-2019,12704,2019-06-14,GOLDEN CHICK,HEALTH2017-008926,1001 W UNIVERSITY DR,4,1 - Routine,Shane Salley,closed or suspended at this inspection,vent hood not working (voluntary),Vent hood is not working. ... Owner decided to voluntarily close for business at this time.,fire department called; owner closed voluntarily,2019-10-15,1 - Routine,5
FOOD-015524-2019,5253,2019-06-16,CIRCLE K #2741759,HEALTH2017-006302,1801 ELDORADO PKWY,15,1 - Routine,Victoria Goldston,closure threatened (e.g. unpaid or expired permit),change of ownership (new CO and permit),Failure to comply can result in citations and/or closure.,,2019-12-10,1 - Routine,5
FOOD-014501-2019,12186,2019-06-18,SUBWAY #43169,HEALTH2017-001938,1521 CUSTER RD,15,1 - Routine,Victoria Goldston,closure threatened (e.g. unpaid or expired permit),no valid permit,Failure to comply shall result in citations and/or closure.,,2020-01-28,,4
FOOD-011582-2019,14142,2019-06-20,KOJI SUSHI,HEALTH2017-009537,101 MCDONALD ST,16,,David Lerma,closure threatened (e.g. unpaid or expired permit),kitchen AC broken (100F),"If this is not corrected within 48hrs, a closure will be issued until it has.",,2019-12-18,1 - Routine,9
FOOD-003371-2019,5399,2019-07-16,1 STOP,HEALTH2017-006504,103 N GRAVES ST,16,1 - Routine,Victoria Goldston,closure threatened (e.g. unpaid or expired permit),missing required sinks,If facility fails to comply within 10 days facility will be closed.,,2020-01-08,1 - Routine,1
FOOD-012943-2019,3946,2019-07-17,SHELL ** see notes for reneal payment**,HEALTH2017-001995,4951 ELDORADO PKWY,3,,David Lerma,closure threatened (e.g. unpaid or expired permit),sanitation and reinspection fee,"If the store is not cleaned within 24hrs, I will issue a closure to the store until the issues have been resolved.",,2020-01-31,1 - Routine,1
FOOD-021151-2019,12885,2019-07-23,TACO BUENO #3100,HEALTH2017-002064,302 N CENTRAL EXPY,3,1 - Routine,Shane Salley,not about a closure,"business closing, moving or remodeling (own decision)",- Store is scheduled to be torn down this year and closed until rebuilt,,2019-10-16,1 - Routine,22
FOOD-028329-2019,5853,2019-07-25,PRIMO FOODS,HEALTH2017-000836,403 SHORT ST,38,1 - Routine,Victoria Goldston,closed or suspended at this inspection,score above 30 with repeat violations,"*Due to above violations and scoring over 30 demerits with multiple repeat violations, facility is closed until list of violations are corrected and facility has paid reinspection/repeat violation fee of $50 to Environmental Health office by 4:30pm on 7/25/19.",score 38,2019-08-30,1 - Routine,19
FOOD-057957-2019,1772,2019-08-14,,HEALTH2019-00414,3009 S CUSTER RD 500,0,3 - Pre-Opening,Shane Salley,not about a closure,pre-opening: may not open until permit issued,Do not open until permit is acquired and posted in public view,,,,
FOOD-028914-2019,9387,2019-09-20,THE PANTRY RESTAURANT,HEALTH2018-000660,214 E LOUISIANA ST,12,1 - Routine,Victoria Goldston,closure threatened (e.g. unpaid or expired permit),"priority violations corrected on site ""to avoid closure""",***Facility corrected all priority violations at time of inspection to avoid closure.,"several items described in the notes (#2, #5, #10, #11, #18, #28) carry no points in the item columns",2019-10-02,6 - Reinspection,3
FOOD-015134-2019,3798,2019-09-23,DONUT BLISS,HEALTH2017-004000,5080 VIRGINIA PKWY,15,1 - Routine,Victoria Goldston,closed or suspended at this inspection,no CO or health permit (new ownership),Facility is closed until CO has been obtained and food permit has been approved.,"next inspection matched by hand: DONUT BLISS #400, 5080 VIRGINIA PKWY 400, permit HEALTH2019-00512 (permit number changed)",2020-03-17,1 - Routine,10
FOOD-029432-2019,3151,2019-09-23,STONEBRIDGE CC POOL SNACK BAR,HEALTH2017-000132,7003 BEACON HILL RD,0,1 - Routine,Victoria Goldston,not about a closure,closed for season,Concession stand closed for season.,inspection_number appears on 2 rows (other OBJECTID 3152),2019-12-19,1 - Routine,0
FOOD-029432-2019,3152,2019-09-23,STONEBRIDGE CC POOL SNACK BAR,HEALTH2017-000132,7003 BEACON HILL RD,0,1 - Routine,Victoria Goldston,not about a closure,closed for season,Concession stand closed for season.,inspection_number appears on 2 rows (other OBJECTID 3151),2019-12-19,1 - Routine,0
FOOD-029105-2019,49,2019-09-26,MELLOW MUSHROOM,HEALTH2016-006352,218 E LOUISIANA ST 100,24,1 - Routine,Victoria Goldston,closed or suspended at this inspection,no hot water,Facility is closed until hot water has been restored to kitchen.,,2020-02-20,1 - Routine,18
FOOD-022262-2019,11479,2019-10-02,RACETRAC #155,HEALTH2017-002007,1004 E UNIVERSITY DR,3,1 - Routine,Victoria Goldston,closure threatened (e.g. unpaid or expired permit),permit fees,Failure to comply will result in closure.,,2020-04-13,1 - Routine,2
FOOD-030806-2019,6126,2019-10-08,SNUG ON THE SQUARE**** ON HOLD ***SEE NOTES***,HEALTH2017-007800,113 N KENTUCKY ST,36,1 - Routine,David Lerma,closed or suspended at this inspection,score above 30; hand-sink drain,You must also remain closed until the inspection score has been to up enough to reach 20 demerits or less.,score 36,2019-10-09,6 - Reinspection,25
FOOD-037813-2019,5612,2019-10-10,HARBORCHASE OF MCKINNEY,HEALTH2017-008940,265 PLATEAU DR,25,1 - Routine,Victoria Goldston,closed or suspended at this inspection,wastewater (floor sink not draining),Facility shall cease operations until wastewater issue is corrected.,,2019-10-11,6 - Reinspection,4
FOOD-052352-2019,12900,2019-10-16,TACO BUENO #3100,HEALTH2017-002064,302 N CENTRAL EXPY,22,1 - Routine,David Lerma,closure threatened (e.g. unpaid or expired permit),permit renewal,"If you do not renew the permit, you will be closed until the permit has been renewed.",,2020-03-05,1 - Routine,10
FOOD-050770-2019,390,2019-10-21,Benny's Cafe,HEALTH2019-00007,5261 MCKINNEY RANCH PKWY 100,13,1 - Routine,Victoria Goldston,ambiguous,no sanitizer,Facility SHALL NOT operate without sanitizer. Owner sent to store to purchase sanitizer.,"notes say facility ""SHALL NOT operate without sanitizer"" and owner was sent to buy it (COS); whether operations stopped is not stated",2020-02-19,1 - Routine,14
FOOD-025448-2019,14272,2019-10-28,FAMILY DOLLAR #5430,HEALTH2016-001559,617 MCDONALD ST,7,1 - Routine,Victoria Goldston,not about a closure,sewage/wastewater in restrooms; no closure recorded,#20: Observed surfacing sewage in employee restroom from floor drain.,surfacing sewage in employee restroom; 24 hours for a plumber,2020-04-29,1 - Routine,9
FOOD-045253-2019,14328,2019-10-31,Salata Quick Casual Salad Bar,HEALTH2019-00046,3540 W UNIVERSITY DR 400,0,1 - Routine,Shane Salley,closed or suspended at this inspection,refrigeration failure (voluntary),- Business voluntarily closing until cooling units can properly cool items.,score 0,2020-02-24,1 - Routine,0
FOOD-033023-2019,8090,2019-11-13,BAHAMA BUCKS,HEALTH2016-006463,2783 VIRGINIA PKWY,3,1 - Routine,Victoria Goldston,closure threatened (e.g. unpaid or expired permit),permit renewal,Renew before expiration date to avoid fees and closure.,,2020-06-02,1 - Routine,5
FOOD-046319-2019,11517,2019-11-14,ICHIBAN ASIAN,HEALTH2018-005003,210 CUSTER RD,25,1 - Routine,Victoria Goldston,closure threatened (e.g. unpaid or expired permit),permit renewal,Failure to comply shall result in fees/closure.,,,,
FOOD-081380-2019,11768,2019-11-15,Mike's Backyard BBQ Shack,HEALTH2019-00530,4550 W UNIVERSITY DR,4,1 - Routine,Victoria Goldston,closed or suspended at this inspection,no running water,Facility is temporarily not serving until water for handwashing in a container that has a spigot is provided.,service stopped until a handwashing water container is provided; may have resumed the same day,2020-01-18,1 - Routine,0
FOOD-053941-2019,15027,2019-11-19,PEI WEI ASIAN DINER,HEALTH2017-001555,3000 S CENTRAL EXPY,18,1 - Routine,David Lerma,closure threatened (e.g. unpaid or expired permit),permit fees,"If the permit is not paid tomorrow by 3:00pm, a closure will be issued until the permit has been paid.",,2020-04-16,1 - Routine,11
FOOD-082816-2019,8734,2019-11-21,RICE LOVERS,HEALTH2017-000210,2960 ELDORADO PKWY,21,6 - Reinspection,David Lerma,closure threatened (e.g. unpaid or expired permit),hood and filter cleaning,"If this is not resolved, a closure will be issued until it has been.",,2020-02-17,1 - Routine,30
FOOD-064981-2019,9249,2019-12-12,MARCO'S PIZZA,HEALTH2018-10327,4100 S RIDGE RD,10,1 - Routine,David Lerma,closure threatened (e.g. unpaid or expired permit),permit renewal,"If it is not renewed, you will be issued a closure until it has been corrected.",,2020-03-17,1 - Routine,7
FOOD-044316-2019,10838,2019-12-16,COLLIN COLLEGE CENTRAL PERKS,HEALTH2017-009025,2200 W UNIVERSITY DR,0,1 - Routine,Victoria Goldston,not about a closure,snack bar / kitchen closed by operator,Cafe is closed for winter break until Spring semester.,,2020-09-21,1 - Routine,3
FOOD-051473-2019,2635,2019-12-18,TPC @ CRAIG RANCH GRILL,HEALTH2018-10426,8000 COLLIN MCKINNEY PKWY,0,1 - Routine,Victoria Goldston,not about a closure,closed for season,Closed for operation due to season.,,2020-05-04,1 - Routine,3
FOOD-068360-2019,3139,2019-12-19,STONEBRIDGE CC POOL SNACK BAR,HEALTH2017-000132,7003 BEACON HILL RD,0,1 - Routine,Victoria Goldston,not about a closure,closed for season,Closed for the season.,,2020-09-29,1 - Routine,0
FOOD-050472-2019,4151,2019-12-20,WAL-MART #5211 DELI,HEALTH2017-001120,5001 MCKINNEY RANCH PKWY,8,1 - Routine,David Lerma,not about a closure,facility-wide no hot water; no closure recorded,Noted there was no hot water in the deli area. Employees were able to fix this issue.,deli area; employees fixed it,2020-04-30,1 - Routine,3
FOOD-066752-2019,11312,2020-01-02,LONG JOHN SILVERS #31810,HEALTH2017-002137,1708 W UNIVERSITY DR,5,1 - Routine,Victoria Goldston,closure threatened (e.g. unpaid or expired permit),permit renewal,Failure to comply shall result in closure and citations.,,2020-06-01,1 - Routine,3
FOOD-056414-2019,16392,2020-01-27,KFC #J625030,HEALTH2017-004371,2030 W UNIVERSITY DR,13,1 - Routine,David Lerma,closure threatened (e.g. unpaid or expired permit),permit renewal,"If this is not done, a closure will be issued until it has been renewed.",,2020-06-04,1 - Routine,5
FOOD-047547-2019,6740,2020-01-28,CHERRY BERRY YOGURT BAR,HEALTH2017-004328,1411 N CUSTER RD,0,,Victoria Goldston,not about a closure,"business closing, moving or remodeling (own decision)",Business is closing in 2 days for good.,,,,
FOOD-063096-2019,4439,2020-02-03,KOBE STEAK & SUSHI,HEALTH2017-001756,3300 ELDORADO PKWY,36,1 - Routine,David Lerma,closed or suspended at this inspection,score above 30,You must remain closed until the violations have been corrected and the kitchen has been cleaned up.,,2020-02-04,6 - Reinspection,4
FOOD-007580-2020,4435,2020-02-04,KOBE STEAK & SUSHI,HEALTH2017-001756,3300 ELDORADO PKWY,4,6 - Reinspection,David Lerma,approved to reopen (reinspection),,You may resume normal operations.,,2020-04-16,1 - Routine,16
FOOD-050580-2019,12588,2020-02-20,FIVE GUYS,HEALTH2018-10400,3530 W UNIVERSITY DR 400,0,1 - Routine,Victoria Goldston,not about a closure,not open / not operating at visit,"During Inspection, food establishment not open for business, no critical violations observed during inspection.",,2020-07-29,1 - Routine,0
FOOD-079030-2019,4721,2020-02-21,STARBUCKS COFFEE #6258,HEALTH2017-000198,3001 S HARDIN BLVD,2,1 - Routine,Shane Salley,not about a closure,"business closing, moving or remodeling (own decision)",- Facility is moving in 2 weeks and this location will be closing.,inspection_number appears on 2 rows (other OBJECTID 4722),,,
FOOD-079030-2019,4722,2020-02-21,STARBUCKS COFFEE #6258,HEALTH2017-000198,3001 S HARDIN BLVD,2,1 - Routine,Shane Salley,not about a closure,"business closing, moving or remodeling (own decision)",- Facility is moving in 2 weeks and this location will be closing.,inspection_number appears on 2 rows (other OBJECTID 4721),,,
FOOD-014139-2020,4537,2020-03-05,STARBUCKS,HEALTH2020-00050,3301 ELDORADO PKWY,0,3 - Pre-Opening,Shane Salley,not about a closure,pre-opening: may not open until permit issued,- Please do not open until Health Permit is acquired and posted in public view,,2022-03-15,1 - Routine,1
FOOD-075608-2019,9352,2020-04-21,EMPORIUM PIES,HEALTH2016-006461,107 S TENNESSEE ST,0,1 - Routine,David Lerma,not about a closure,not open / not operating at visit,Establishment appeared to be closed for the time being.,,2020-10-23,1 - Routine,0
FOOD-083690-2019,449,2020-04-21,PHO QUE HUONG,HEALTH2017-006246,1720 ELDORADO PKWY 101,0,1 - Routine,David Lerma,not about a closure,COVID-19,Establishment is temporarily closed due to COVID-19.,,2020-09-09,1 - Routine,4
FOOD-087447-2019,14399,2020-04-24,THE RED LANTERN,HEALTH2016-007162,3851 STONEBRIDGE DR,8,1 - Routine,Shane Salley,not about a closure,COVID-19,They will look into replacing dishwasher after Covid 19 has passed and they can reopen to in house dining.,,2020-09-09,1 - Routine,8
FOOD-001648-2020,3271,2020-04-28,JC'S BURGER HOUSE,HEALTH2017-005901,6840 VIRGINIA PKWY,2,1 - Routine,Victoria Goldston,closure threatened (e.g. unpaid or expired permit),permit renewal,Failure to renew permit shall result in $200 renewal fee and closure.,,2020-09-25,1 - Routine,5
FOOD-084465-2019,3987,2020-04-30,IMPERIAL GARDEN GRILL,HEALTH2018-000664,4610 ELDORADO PKWY,18,1 - Routine,David Lerma,closed or suspended at this inspection,grease water overflowing from drains,You must close until this is taken care of.,plumber on site during inspection,2020-11-16,1 - Routine,18
FOOD-073766-2019,11065,2020-05-04,THE RANCH COUNTRY CLUB POOL SNACK BAR,HEALTH2017-000315,,0,1 - Routine,David Lerma,not about a closure,COVID-19,Location was closed due to COVID-19,,2020-09-16,1 - Routine,6
FOOD-003676-2020,15556,2020-05-15,POPSICLES,HEALTH2016-008702,4550 UNIVERSITY DR FH,0,1 - Routine,Shane Salley,not about a closure,not open / not operating at visit,Not open this month,,2020-06-12,1 - Routine,0
FOOD-012486-2020,7253,2020-06-04,THE IVY OF MCKINNEY - MEMORY CARE,HEALTH2018-09745,3352 MEDICAL CENTER DR,0,1 - Routine,David Lerma,not about a closure,COVID-19,Closed due to COVID-19,,2025-02-14,1 - Routine,0
FOOD-007498-2020,13961,2020-06-05,JIM'S PIZZA,HEALTH2017-000044,208 W UNIVERSITY DR,36,1 - Routine,Victoria Goldston,closed or suspended at this inspection,"score above 30 (flies, cold holding, sanitation)","Facility discarded all TCS foods in WIC and RIC and is closed due to fly infestation, improper cold hold temperatures, WIC not maintaining 41F or below, and general cleanliness of facility.",score 36,2020-06-08,6 - Reinspection,16
FOOD-037056-2020,13947,2020-06-08,JIM'S PIZZA,HEALTH2017-000044,208 W UNIVERSITY DR,16,6 - Reinspection,Victoria Goldston,approved to reopen (reinspection),,"Due to facility being closed for operation on 6/5/2020 and reinspection on 6/8/2020, facility shall pay $75 reinspection fee by 6/12/2020.","reopening implied, not stated",2020-08-12,1 - Routine,17
FOOD-011897-2020,16172,2020-06-08,TARGET STORE #2142,HEALTH2017-001557,8900 SH 121,0,1 - Routine,David Lerma,not about a closure,COVID-19,Deli was closed temporarily due to COVID-19,,2021-02-11,1 - Routine,3
FOOD-084727-2019,11518,2020-06-10,SUPER 8 MOTEL,HEALTH2017-001052,910 CENTRAL EXPY,0,,Shane Salley,not about a closure,not open / not operating at visit,Food Establishment is current not open to guests for continental breakfast.,,,,
FOOD-014145-2020,14365,2020-06-17,MOVIEHOUSE & EATERY,HEALTH2017-008573,8450 SH 121,4,1 - Routine,Shane Salley,not about a closure,COVID-19,- Discard any outdated foods that are leftover from being closed for 2 months due to Covid,,2020-10-23,1 - Routine,10
FOOD-090534-2019,16216,2020-06-22,TOKYO JOE'S,HEALTH2016-007960,7645 CUSTER RD,0,1 - Routine,David Lerma,not about a closure,COVID-19,Temporarily closed due to COVID-19,,2020-10-21,1 - Routine,7
FOOD-004825-2020,13219,2020-06-30,DOLLAR TREE #05875,HEALTH2017-007408,1970 N CENTRAL EXPY,8,1 - Routine,Victoria Goldston,closure threatened (e.g. unpaid or expired permit),permit renewal,Failure to comply shall result in closure.,,2020-12-28,1 - Routine,10
FOOD-023840-2020,11531,2020-07-07,HANK'S TEXAS GRILL,HEALTH2017-000895,1310 N CENTRAL EXPY,0,1 - Routine,David Lerma,not about a closure,COVID-19,Currently closed due to COVID-19 restrictions.,,2021-04-07,1 - Routine,0
FOOD-085094-2019,13503,2020-07-08,TARGET RESTAURANT T-2335,HEALTH2017-001811,2025 N CENTRAL EXPY,0,1 - Routine,Shane Salley,not about a closure,COVID-19,- Not operating due to Covid,,2021-07-13,1 - Routine,0
FOOD-000881-2020,64,2020-07-13,MOUZON FIELDS CONCESSION STAND,HEALTH2017-001402,1307 GREENVILLE RD,2,1 - Routine,Shane Salley,not about a closure,COVID-19,Closed until further notice due to Covid,,2022-10-13,1 - Routine,0
FOOD-000882-2020,7130,2020-07-13,GRADY LITTLEJOHN BASEBALL & SOFTBALL,HEALTH2017-008961,1401 WILSON CREEK PKWY,2,1 - Routine,Shane Salley,not about a closure,COVID-19,Closed until further notice due to covid,,,,
FOOD-001112-2020,7356,2020-07-20,TOWNEPLACE SUITES,HEALTH2017-008131,1832 MARKETPLACE DR,0,1 - Routine,David Lerma,not about a closure,COVID-19,Kitchen is closed due to COVID-19.,,2021-01-07,1 - Routine,0
FOOD-002720-2020,7641,2020-07-20,THE CELT IRISH PUB,HEALTH2017-002934,100 N TENNESSEE ST,0,1 - Routine,David Lerma,not about a closure,COVID-19,Closed temporarily due to COVID-19,,2021-05-28,,3
FOOD-018073-2020,4495,2020-07-23,URBAN AIR ADVENTURE PARK,HEALTH2018-10403,3150 S HARDIN BLVD,0,1 - Routine,David Lerma,not about a closure,COVID-19,Establishment is still closed due to COVID-19.,,2020-11-30,1 - Routine,4
FOOD-086732-2019,16367,2020-07-30,MOVIES 14 CINEMARK,HEALTH2017-000099,1701 CENTRAL EXPY,0,1 - Routine,David Lerma,not about a closure,COVID-19,Establishment is still closed due to COVID-19.,,2021-04-06,1 - Routine,0
FOOD-024658-2020,8011,2020-08-20,LITTLE CAESARS PIZZA,HEALTH2017-009236,9245 VIRGINIA PKWY,12,1 - Routine,Victoria Goldston,closure threatened (e.g. unpaid or expired permit),permit fees,FAILURE TO COMPLY SHALL RESULT IN CLOSURE AND CITATIONS.,,2021-03-30,1 - Routine,14
FOOD-025286-2020,10905,2020-09-03,THAI NOODLE WAVE,HEALTH2017-003539,2775 S CENTRAL EXPY,35,1 - Routine,David Lerma,closed or suspended at this inspection,score above 30; hand sink,You will need to closed your establishment until you fix the hand sink in the kitchen and get a re-inspection score of 15 or below.,,2020-09-04,6 - Reinspection,14
FOOD-025039-2020,15029,2020-09-08,PEI WEI ASIAN DINER,HEALTH2017-001555,3000 S CENTRAL EXPY,40,1 - Routine,David Lerma,closed or suspended at this inspection,score above 30,You will need to close you establishment until a score fo 15 or better can be achieved.,,2020-09-09,6 - Reinspection,7
FOOD-027118-2020,14391,2020-09-09,THE RED LANTERN,HEALTH2016-007162,3851 STONEBRIDGE DR,8,1 - Routine,Shane Salley,not about a closure,COVID-19,Closed due to Covid.,,2020-12-30,1 - Routine,8
FOOD-027822-2020,3294,2020-09-18,NOM NOMS MEXICAN GRILL-N-CHILL,HEALTH2017-006879,6840 VIRGINIA PKWY,14,1 - Routine,Victoria Goldston,closure threatened (e.g. unpaid or expired permit),permit renewal,Failure to comply shall result in closure.,,2021-02-12,1 - Routine,1
FOOD-087988-2019,8574,2020-09-21,COLLIN COLLEGE CENTRAL PARK CATERING,HEALTH2017-009027,2400 COMMUNITY AVE,0,1 - Routine,Victoria Goldston,not about a closure,not open / not operating at visit,"No events currently occurring on campus, holding kitchen not operational.",,,,
FOOD-015172-2020,10999,2020-09-24,SPOON'S CAFE,HEALTH2017-001805,100 E LOUISIANA ST B,39,1 - Routine,Victoria Goldston,closed or suspended at this inspection,score above 30,FACILITY HAS SCORED MORE THAN 31 DEMERITS AND SHALL REMAIN CLOSED UNTIL A SCORE UNDER 20 DEMERITS IS OBTAINED.,,2020-09-24,6 - Reinspection,7
FOOD-028197-2020,4149,2020-09-25,WAL-MART #5211 DELI,HEALTH2017-001120,5001 MCKINNEY RANCH PKWY,6,1 - Routine,David Lerma,closed or suspended at this inspection,no hot water,You need to close your establishment until the hot water has been repaired.,,2021-01-12,1 - Routine,3
FOOD-028173-2020,4088,2020-09-25,MCDONALD'S OF WALMART,HEALTH2017-003616,5001 MCKINNEY RANCH PKWY,12,,David Lerma,closed or suspended at this inspection,no hot water,You will need to close until the hot water has been repair at your establishment.,,,,
FOOD-028199-2020,4152,2020-09-25,WAL-MART #5211 BAKERY,HEALTH2017-001118,5001 MCKINNEY RANCH PKWY,3,1 - Routine,David Lerma,closed or suspended at this inspection,no hot water,The bakery must close due to no hot water in the establishment.,,2021-01-12,1 - Routine,0
FOOD-029315-2020,3138,2020-09-29,STONEBRIDGE CC POOL SNACK BAR,HEALTH2017-000132,7003 BEACON HILL RD,0,1 - Routine,Victoria Goldston,not about a closure,closed for season,Closed for the season.,,2021-08-30,1 - Routine,0
FOOD-008554-2020,2675,2020-10-08,SCOGGINS MIDDLE SCHOOL CONCESSION STAND,HEALTH2018-002070,7070 STACY RD,0,1 - Routine,Victoria Goldston,not about a closure,COVID-19,Concession was closed this year due to COVID-19.,,2021-03-04,1 - Routine,0
FOOD-028121-2020,8752,2020-10-19,RICE LOVERS,HEALTH2017-000210,2960 ELDORADO PKWY,32,1 - Routine,David Lerma,closed or suspended at this inspection,score above 30,You will need to close until you can bring the score below a 20.,,2020-10-21,6 - Reinspection,4
FOOD-039083-2020,392,2020-10-20,Benny's Cafe,HEALTH2019-00007,5261 MCKINNEY RANCH PKWY 100,14,1 - Routine,Victoria Goldston,not about a closure,COVID-19,Per State mandate: Facility shall not operate over 75% Capacity and ensure 6 feet of distance is maintained.,,2021-03-02,1 - Routine,7
FOOD-041559-2020,7118,2020-10-20,PARRISH SNOWBALL,HEALTH2019-00201,1600 W VIRGINIA ST,0,1 - Routine,David Lerma,not about a closure,closed for season,Closed for the season.,,2022-07-25,1 - Routine,0
FOOD-069800-2020,8735,2020-10-21,RICE LOVERS,HEALTH2017-000210,2960 ELDORADO PKWY,4,6 - Reinspection,David Lerma,approved to reopen (reinspection),,You may now reopen and resume normal operations.,,2021-04-14,1 - Routine,14
FOOD-026603-2020,9133,2020-10-22,SD Donuts,HEALTH2018-09980,6000 MCKINNEY RANCH PKWY,16,1 - Routine,Victoria Goldston,closure threatened (e.g. unpaid or expired permit),permit fees,"If facility fails to comply, then facility is operating without a valid food permit and will be closed until facility is in compliance.",,2021-07-06,1 - Routine,21
FOOD-039831-2020,5304,2020-11-17,VILLAGIO OF MCKINNEY,HEALTH2017-000299,1601 ELDORADO PKWY,16,1 - Routine,Victoria Goldston,closure threatened (e.g. unpaid or expired permit),permit renewal,Failure to comply shall result in an additional $75 late fee and closure of food facility.,,2021-05-14,1 - Routine,13
FOOD-037793-2020,7525,2020-11-18,ELOTES LOCOS,HEALTH2018-10310,821 N MCDONALD ST,13,1 - Routine,Victoria Goldston,closure threatened (e.g. unpaid or expired permit),permit renewal,Failure to comply shall result in closure.,,2021-04-23,1 - Routine,5
FOOD-042794-2020,7075,2020-11-24,BERMUDA'S GRILL & BAR,HEALTH2017-007224,6145 ALMA RD,0,1 - Routine,David Lerma,not about a closure,closed for season,Establishment was closed for the season as per office manager Charlotte.,,2020-11-24,1 - Routine,0
FOOD-042793-2020,7084,2020-11-24,BERMUDA'S GRILL & BAR,HEALTH2017-004224,6145 ALMA RD,0,1 - Routine,David Lerma,not about a closure,closed for season,Establishment was closed for the season as per office manager Charlotte.,,2021-03-01,1 - Routine,0
FOOD-047872-2020,13148,2020-12-15,ARBY'S #5387,HEALTH2017-000668,1706 W UNIVERSITY DR,8,1 - Routine,David Lerma,closure threatened (e.g. unpaid or expired permit),permit renewal,"If this is not done, a closure will be issued until it has been done.",,2021-05-01,1 - Routine,9
FOOD-039268-2020,4846,2020-12-29,SPANISH SCHOOLHOUSE MCKINNEY,HEALTH2018-10184,2421 VIRGINIA PKWY,0,1 - Routine,Shane Salley,not about a closure,not open / not operating at visit,Closed until further notice,,2021-07-08,1 - Routine,0
FOOD-059404-2020,14394,2020-12-30,THE RED LANTERN,HEALTH2016-007162,3851 STONEBRIDGE DR,8,1 - Routine,Shane Salley,not about a closure,COVID-19,They will look into replacing dishwasher after Covid 19 has passed and they can reopen to in house dining.,,2021-05-26,1 - Routine,2
FOOD-035568-2020,11303,2021-01-04,LONG JOHN SILVERS #31810,HEALTH2017-002137,1708 W UNIVERSITY DR,13,1 - Routine,Victoria Goldston,closure threatened (e.g. unpaid or expired permit),permit renewal,Failure to comply shall result in closure and citation.,inspection_number appears on 2 rows (other OBJECTID 11304),2021-07-14,1 - Routine,6
FOOD-035568-2020,11304,2021-01-04,LONG JOHN SILVERS #31810,HEALTH2017-002137,1708 W UNIVERSITY DR,13,1 - Routine,Victoria Goldston,closure threatened (e.g. unpaid or expired permit),permit renewal,Failure to comply shall result in closure and citation.,inspection_number appears on 2 rows (other OBJECTID 11303),2021-07-14,1 - Routine,6
FOOD-041395-2020,2763,2021-01-06,NORTH PARK HEALTH/REHAB,HEALTH2017-000012,1720 N MCDONALD ST,18,1 - Routine,Victoria Goldston,closure threatened (e.g. unpaid or expired permit),permit renewal,30 day lapse in permit shall result in $100 late fee and closure.,,2021-07-14,1 - Routine,5
FOOD-070820-2020,8207,2021-01-12,PSA MCKINNEY,HEALTH2017-007152,7205 ELDORADO PKWY,0,1 - Routine,David Lerma,not about a closure,closed for season,Closed for the season,,2021-06-29,1 - Routine,0
FOOD-065284-2020,6063,2021-01-19,CADILLAC PIZZA,HEALTH2017-003865,112 S KENTUCKY ST,14,1 - Routine,Shane Salley,closure threatened (e.g. unpaid or expired permit),wastewater backup (future),"When this happens, restaurant must close immediately.","office learned of a weekend backup; ""When this happens, restaurant must close immediately""; inspection_number appears on 2 rows (other OBJECTID 6083)",2021-06-15,1 - Routine,5
FOOD-065284-2020,6083,2021-01-19,CADILLAC PIZZA,HEALTH2017-003865,112 S KENTUCKY ST,14,1 - Routine,Shane Salley,closure threatened (e.g. unpaid or expired permit),wastewater backup (future),"When this happens, restaurant must close immediately.","office learned of a weekend backup; ""When this happens, restaurant must close immediately""; inspection_number appears on 2 rows (other OBJECTID 6063)",2021-06-15,1 - Routine,5
FOOD-029840-2020,4739,2021-02-24,ELDORADO COUNTRY CLUB-SNACK BAR,HEALTH2018-001267,2604 COUNTRY CLUB DR,0,1 - Routine,Victoria Goldston,not about a closure,not open / not operating at visit,Not open,,2021-08-06,1 - Routine,3
FOOD-002723-2020,10512,2021-03-10,RIVERA'S SALVA TEX-MEX,HEALTH2017-005644,1321 TENNESSEE ST,32,1 - Routine,David Lerma,closed or suspended at this inspection,score above 30,You will need to cease food operations until you are able to bring your score to a 20 or below.,,2021-03-11,6 - Reinspection,2
FOOD-048251-2020,8661,2021-03-16,7-11 #37296,HEALTH2017-008551,3911 MEDICAL CENTER DR,6,1 - Routine,Victoria Goldston,not about a closure,sewage/wastewater in restrooms; no closure recorded,#19: Observed bathroom facilities closed due to floor sinks backing up and no plumbing operational in restrooms.,"restrooms closed, floor sinks backing up; no employee restroom",2022-03-29,1 - Routine,3
FOOD-064498-2020,14187,2021-04-01,CIRCLE K,HEALTH2017-009511,801 E UNIVERSITY DR,8,1 - Routine,Shane Salley,closure threatened (e.g. unpaid or expired permit),certified food manager (permit forfeiture),21 - Failure to provide Food Manager card within 7 days will result in citation and forfeiture of permit.,,2021-11-02,1 - Routine,9
FOOD-082489-2020,16366,2021-04-06,MOVIES 14 CINEMARK,HEALTH2017-000099,1701 CENTRAL EXPY,0,1 - Routine,David Lerma,not about a closure,COVID-19,Inspection was not conducted due to establishment still being closed for COVID.,,2021-04-12,1 - Routine,0
FOOD-072379-2020,11533,2021-04-07,HANK'S TEXAS GRILL,HEALTH2017-000895,1310 N CENTRAL EXPY,0,1 - Routine,David Lerma,not about a closure,COVID-19,Estalbishment is closed until the CDC says 100% capacity is allowed.,,2021-10-30,1 - Routine,2
FOOD-066377-2020,11440,2021-04-08,MCKINNEY NORTH HS JAVA CITY,HEALTH2017-009350,2550 WILMETH RD MISD,0,1 - Routine,Victoria Goldston,not about a closure,COVID-19,Closed due to Covid,,2021-10-12,1 - Routine,0
FOOD-073961-2020,13917,2021-04-21,EGGSQUISITE CAFE,HEALTH2017-09655,2058 W UNIVERSITY DR,29,1 - Routine,Victoria Goldston,closure threatened (e.g. unpaid or expired permit),score-threshold warning (30/31+ demerits = closure),A Score of 31 demerits or greater is an automatic 24 hour closure.,,2021-08-25,1 - Routine,34
FOOD-078574-2020,15306,2021-05-01,SUBWAY-CIRCLE K #2741198,HEALTH2017-001245,4991 W UNIVERSITY DR,13,1 - Routine,David Lerma,closed or suspended at this inspection,refrigeration (sandwich cooler at 53F),You must close your establishment until you have repaired the sandwich cooler.,,2021-05-04,6 - Reinspection,0
FOOD-028803-2021,15265,2021-05-04,SUBWAY-CIRCLE K #2741198,HEALTH2017-001245,4991 W UNIVERSITY DR,0,6 - Reinspection,David Lerma,approved to reopen (reinspection),,You may resume normal operations.,,2021-09-28,1 - Routine,7
FOOD-081503-2020,13080,2021-05-05,DICKEYS BARBECUE PIT,HEALTH2017-004370,600 N CENTRAL EXPY,20,1 - Routine,Victoria Goldston,closure threatened (e.g. unpaid or expired permit),unapproved walk-in cooler (permit revocation),If facility fails to submit permit applications facility health permit shall be revoked and operation shall cease.,,2021-11-10,1 - Routine,7
FOOD-079120-2020,12888,2021-05-11,TACO BUENO #3100,HEALTH2017-002064,302 N CENTRAL EXPY,8,1 - Routine,David Lerma,closure threatened (e.g. unpaid or expired permit),AC / building temperature,"If it does exceed normal temperatures, you will have to close until the AC has been repaired.",,2022-01-20,1 - Routine,13
FOOD-078364-2020,9231,2021-05-19,NEIGHBORHOOD NOSH,HEALTH2019-00598,4100 S RIDGE RD,12,1 - Routine,Victoria Goldston,closure threatened (e.g. unpaid or expired permit),pest control documentation,Failure to produce documents of pest control when there are pest issues shall result in closure until pest are eradicated.,,2021-11-01,1 - Routine,8
FOOD-072912-2020,14267,2021-05-19,FAMILY DOLLAR #5430,HEALTH2016-001559,617 MCDONALD ST,8,1 - Routine,Victoria Goldston,closure threatened (e.g. unpaid or expired permit),permit fees,"Facility has been informed if payment is not made by 5pm today, facility shall close and cease operation.",,2021-12-09,1 - Routine,11
FOOD-074950-2020,1152,2021-05-24,ICHIBAN,HEALTH2019-00648,210 N CUSTER RD 130,39,1 - Routine,Victoria Goldston,closed or suspended at this inspection,score above 30,FACILITY IS CLOSED FOR 24 HOURS DUE TO SCORE OVER 31 DEMERITS.,,2021-05-25,6 - Reinspection,8
FOOD-081385-2020,8038,2021-05-25,BELTERRA HEALTH AND REHAB,HEALTH2018-09727,2170 N LAKE FOREST DR,2,1 - Routine,Shane Salley,closure threatened (e.g. unpaid or expired permit),expired permit,30 - Please renew expired health permit immediately to avoid possible fines and closure,,2021-09-21,1 - Routine,6
FOOD-079578-2020,5759,2021-05-25,LA SALVADORENA RESTAURANT,HEALTH2017-000430,1103 S MCDONALD ST,13,1 - Routine,David Lerma,closure threatened (e.g. unpaid or expired permit),fire/building notices (CO and permit suspension),Failure to do so may result in the suspension of your CO and then the suspension of your health permit.,,2021-10-20,1 - Routine,9
FOOD-034737-2021,1144,2021-05-25,ICHIBAN,HEALTH2019-00648,210 N CUSTER RD 130,8,6 - Reinspection,Victoria Goldston,approved to reopen (reinspection),,Facility is permitted to operate and serve to public concluding reinspection.,,2021-08-10,6 - Reinspection,22
FOOD-085218-2020,14396,2021-05-26,THE RED LANTERN,HEALTH2016-007162,3851 STONEBRIDGE DR,2,1 - Routine,Shane Salley,not about a closure,COVID-19,They will look into replacing dishwasher after Covid 19 has passed and they can reopen to in house dining.,,2021-09-30,1 - Routine,5
FOOD-007276-2021,16643,2021-05-26,WILLIAM'S CHICKEN,HEALTH2020-00033,204 W UNIVERSITY DR,8,1 - Routine,Shane Salley,closed or suspended at this inspection,walk-in cooler failure,Facility is ordered to close until walk-in cooler is up and running and in compliance.,"score 8; found only in a second sweep (the phrase ""close until walk-in cooler"" was screened out as a cooler-door hit)",2021-07-23,1 - Routine,4
FOOD-072995-2020,15925,2021-06-03,OKADA JAPANESE STEAKHOUSE & SUSHI,HEALTH2017-001882,2750 CENTRAL EXPY,34,1 - Routine,Victoria Goldston,closed or suspended at this inspection,score above 30,"DUE TO FACILITY SCORING A 33, FACILITY IS CLOSED UNTIL FACILITY CORRECTS NOTATED VIOLATIONS AND PAYS $75 REINSPECTION FEE.","notes say ""SCORING A 33""; data score 34",2021-06-04,6 - Reinspection,0
FOOD-037368-2021,15930,2021-06-04,OKADA JAPANESE STEAKHOUSE & SUSHI,HEALTH2017-001882,2750 S CENTRAL EXPY,0,6 - Reinspection,Victoria Goldston,approved to reopen (reinspection),,REINSPECTION FOLLOWING CLOSURE ON 6/3/21 ... all priority violations corrected,"reopening implied, not stated",2021-08-31,6 - Reinspection,19
FOOD-025040-2020,13922,2021-06-10,PHO BISTRO,HEALTH2017-009214,2058 W UNIVERSITY DR,36,1 - Routine,David Lerma,closed or suspended at this inspection,score above 30,You will need to cease operations until the violations have been corrected.,,2021-06-10,6 - Reinspection,13
FOOD-039181-2021,13903,2021-06-10,PHO BISTRO,HEALTH2017-009214,2058 W UNIVERSITY DR,13,6 - Reinspection,David Lerma,approved to reopen (reinspection),,"Since you have failed you inspection, you will be placed on a 30day routine inspection frequency.","same-day reinspection; reopening implied, not stated",2021-11-02,1 - Routine,19
FOOD-010091-2021,10570,2021-06-17,JUNGLE BURGER,HEALTH2021-00020,318 N CENTRAL EXPY,25,1 - Routine,Victoria Goldston,closed or suspended at this inspection,wastewater backup,Facility shall not operate with waste water in facility and shall remain closed until issued is located and properly repaired.,,2021-11-16,1 - Routine,29
FOOD-053945-2021,14200,2021-08-05,EL POLLO REGIO,HEALTH2017-006085,2000 N CENTRAL EXPY,10,6 - Reinspection,Victoria Goldston,approved to reopen (reinspection),construction while operating,Reinspection due to closure on 8/1/21. ... Facility is approved to open to public.,the 8/1/21 closure has no inspection record in the data,2021-12-29,1 - Routine,16
FOOD-011110-2021,4756,2021-08-06,ELDORADO COUNTRY CLUB,HEALTH2018-001266,2604 COUNTRY CLUB DR,13,1 - Routine,Victoria Goldston,not about a closure,snack bar / kitchen closed by operator,OBSERVED HEAVY ICE BUILD UP IN WALK IN FREEZER THAT WAS NOTATED ON PREVIOUS INSPECTIONS AND SHALL BE ADDRESSED CURRENTLY WHILE CLOSED.,,2022-02-15,1 - Routine,23
FOOD-010414-2021,3282,2021-08-10,JC'S BURGER HOUSE,HEALTH2017-005901,6840 VIRGINIA PKWY,13,1 - Routine,Victoria Goldston,not about a closure,process or area ordered to stop (not the establishment),Facility shall cease construction operations and not operate in unpermitted area (office converted in kitchen area and game room holding dry goods).,,2022-02-16,1 - Routine,13
FOOD-008223-2021,2629,2021-08-11,TPC @ CRAIG RANCH GRILL,HEALTH2018-10426,8000 COLLIN MCKINNEY PKWY,4,1 - Routine,Victoria Goldston,not about a closure,facility-wide no hot water; no closure recorded,#23: Observed no hot water out of 3 compartment sink or handsink.,switch turned off; corrected on site,2022-02-10,1 - Routine,8
FOOD-019052-2021,15737,2021-08-12,HONEST RESTAURANT,HEALTH2019-00222,8910 SH 121,36,1 - Routine,Victoria Goldston,closed or suspended at this inspection,score above 30,DUE TO SCORE FACILITY IS CLOSED UNTIL REINSPECTION ON 8/13/21.,,2022-01-06,6 - Reinspection,23
FOOD-008752-2021,14134,2021-08-23,HAMPTON,HEALTH2019-00250,2008 N CENTRAL EXPY,3,1 - Routine,Victoria Goldston,closure threatened (e.g. unpaid or expired permit),permit renewal,Failure to comply shall result in closure and citation.,,2022-03-08,1 - Routine,5
FOOD-025553-2021,13918,2021-08-25,EGGSQUISITE CAFE,HEALTH2017-09655,2058 W UNIVERSITY DR,34,1 - Routine,Victoria Goldston,closed or suspended at this inspection,score above 30,"DUE TO FACILITY SCORING OVER 31 DEMERITS ON INSPECTION, FACILITY IS REQUIRED TO CLOSE UNTIL REINSPECTION OCCURS ON 8/26/21 AND REINSPECTION FEE OF $75 IN PAID.",,2021-08-25,6 - Reinspection,14
FOOD-059565-2021,13904,2021-08-25,EGGSQUISITE CAFE,HEALTH2017-09655,2058 W UNIVERSITY DR,14,6 - Reinspection,Victoria Goldston,approved to reopen (reinspection),,Facility has scored less than 20 demerits on re-inspection and is permitted to operate.,,2021-11-03,6 - Reinspection,11
FOOD-006538-2021,13072,2021-09-01,ELIS AFRICAN MARKET,HEALTH2020-00186,1434 N CENTRAL EXPY 102,10,1 - Routine,Victoria Goldston,not about a closure,ordered to stop unpermitted food handling/packaging,FACILITY SHALL CEASE ALL FOOD HANDLING OPERATIONS.,market permitted only for prepackaged foods,2022-03-16,1 - Routine,15
FOOD-009896-2021,15908,2021-09-16,FIRO FIRE KISSED PIZZA,HEALTH2018-09933,3520 W UNIVERSITY DR,32,1 - Routine,Victoria Goldston,closed or suspended at this inspection,fly infestation; score above 30; expired permit,Facility is closed until pest control properly addresses fly issue and infestation is eliminated.,,2021-09-17,6 - Reinspection,15
FOOD-065997-2021,15893,2021-09-17,FIRO FIRE KISSED PIZZA,HEALTH2018-09933,3520 W UNIVERSITY DR,15,6 - Reinspection,Victoria Goldston,approved to reopen (reinspection),,FACILITY IS PERMITTED TO REOPEN.,,2021-11-23,6 - Reinspection,24
FOOD-023442-2021,11371,2021-09-23,EL FENIX,HEALTH2017-000665,3450 CENTRAL EXPY,31,1 - Routine,Victoria Goldston,ambiguous,"score 31 (""automatic 24 hour closure"")",Score of 31 demerits is an automatic 24 hour closure and automatically instated on a monthly inspection frequency.,the note states the rule but does not say the facility was closed; sets a fee deadline and repairs,2022-03-01,1 - Routine,25
FOOD-020289-2021,6504,2021-09-27,HUTCHINS BBQ & GRILL,HEALTH2018-000832,1301 N TENNESSEE ST,19,1 - Routine,Victoria Goldston,not about a closure,reopened after remodel,Item was discussed on pre walk before facility reopened.,,2022-03-15,1 - Routine,19
FOOD-035105-2021,14388,2021-09-30,THE RED LANTERN,HEALTH2016-007162,3851 STONEBRIDGE DR,5,1 - Routine,Shane Salley,not about a closure,COVID-19,They will look into replacing dishwasher after Covid 19 has passed and they can reopen to in house dining.,,2022-01-26,1 - Routine,3
FOOD-023421-2021,14143,2021-10-11,KOJI SUSHI,HEALTH2017-009537,101 MCDONALD ST,33,,David Lerma,closed or suspended at this inspection,score above 30,You will need to close your establishment until you can bring your score up to 20 or less.,,2021-10-12,1 - Routine,4
FOOD-007724-2021,1444,2021-10-11,AMORE LOUNGE,HEALTH2020-00147,301 E VIRGINIA ST 102,10,,Victoria Goldston,closure threatened (e.g. unpaid or expired permit),permit fees,"Food Establishment permit shall be paid within 48 hours, (Wednesday October 11, 2021 at 4:00 PM) or closure order will be issued.",,2022-06-03,1 - Routine,15
FOOD-022530-2021,11395,2021-10-12,MCKINNEY NORTH HS JAVA CITY,HEALTH2017-009350,2550 WILMETH RD MISD,0,1 - Routine,Victoria Goldston,not about a closure,not open / not operating at visit,Not operating at this time,,2022-04-11,1 - Routine,0
FOOD-040513-2021,2735,2021-10-19,OAK HOLLOW GOLF COURSE,HEALTH2017-003846,3005 N MCDONALD ST,7,1 - Routine,David Lerma,closed or suspended at this inspection,no hot water (gas shut off),Hot water cannot be supplied to water heater therefore facility does not have hot water and shall cease food operations until hot water can be supplied to facility.,,2022-07-15,1 - Routine,5
FOOD-036030-2021,13399,2021-10-21,DICKEYS BARBECUE PIT,HEALTH2017-001669,8628 SH 121,13,1 - Routine,David Lerma,closed or suspended at this inspection,no hot water,You will need to close your establishment until hot water has been restored.,,2022-04-18,1 - Routine,13
FOOD-026409-2021,11064,2021-10-22,THE RANCH COUNTRY CLUB POOL SNACK BAR,HEALTH2017-000315,,0,1 - Routine,David Lerma,not about a closure,snack bar / kitchen closed by operator,The pool snack bar is closed and only opens for private events.,,2022-04-19,1 - Routine,0
FOOD-023091-2021,875,2021-10-30,MARCO'S PIZZA,HEALTH2019-00190,2741 VIRGINIA PKWY 700,6,1 - Routine,David Lerma,closure threatened (e.g. unpaid or expired permit),permit renewal,"If this isn’t done by that time, a closure will be issued until it has been taken care of.",,2022-02-01,1 - Routine,7
FOOD-021320-2021,6034,2021-10-30,BROTHER'S PRODUCT,HEALTH2017-008949,317 S CHESTNUT ST,2,1 - Routine,Victoria Goldston,not about a closure,process or area ordered to stop (not the establishment),Facility shall cease sampling.,,2022-04-30,1 - Routine,2
FOOD-022305-2021,11535,2021-10-30,HANK'S TEXAS GRILL,HEALTH2017-000895,1310 N CENTRAL EXPY,2,1 - Routine,David Lerma,not about a closure,reopening after the owner's COVID closure,Hanks has been approved to reopen once they are ready.,"notes: ""Hanks has been approved to reopen once they are ready""",2022-04-27,1 - Routine,6
FOOD-033010-2021,9232,2021-11-01,NEIGHBORHOOD NOSH,HEALTH2019-00598,4100 S RIDGE RD,8,1 - Routine,Victoria Goldston,closure threatened (e.g. unpaid or expired permit),pest control documentation,Failure to produce documents of pest control when there are pest issues shall result in closure until pest are eradicated.,,2022-07-05,1 - Routine,11
FOOD-064917-2021,7265,2021-11-03,SONIC DRIVE IN,HEALTH2018-10393,7221 S CUSTER RD,0,2 - Complaint,Shane Salley,approved to reopen (reinspection),after a small electrical fire,- Facility is approved to reopen.,complaint visit; no earlier record of the closure,2022-04-25,1 - Routine,2
FOOD-041274-2021,10547,2021-11-16,JUNGLE BURGER,HEALTH2021-00020,318 N CENTRAL EXPY,29,1 - Routine,Victoria Goldston,closure threatened (e.g. unpaid or expired permit),plumbing repair,Failure to comply shall result in reinspection and closure if not compliant.,,2022-04-18,1 - Routine,41
FOOD-042963-2021,7446,2021-11-19,LA REAL MICHOACANA #3,HEALTH2016-004976,809 N MCDONALD ST,35,1 - Routine,Victoria Goldston,closed or suspended at this inspection,score above 30 and expired permit,DUE TO A SCORE OVER 31 AND EXPIRED PERMIT FACILITY IS CLOSED.,,2022-02-11,6 - Reinspection,12
FOOD-086684-2021,13369,2021-11-24,Barro's Pizza,HEALTH2021-00376,2730 S CENTRAL EXPY,0,3 - Pre-Opening,Shane Salley,not about a closure,pre-opening: may not open until permit issued,Please do not open until health permit is acquired and posted in public view along with Food Managers Card,,2022-04-13,1 - Routine,8
FOOD-047755-2021,14314,2021-11-30,Salata Quick Casual Salad Bar,HEALTH2019-00046,3540 W UNIVERSITY DR 400,4,1 - Routine,Shane Salley,closure threatened (e.g. unpaid or expired permit),hand sink repair,Failure to reply to this email with a receipt showing sink is repaired within 24 hours will result in fee and possible closure.,,2022-04-05,1 - Routine,0
FOOD-038908-2021,5741,2021-12-16,DOLLAR GENERAL STORE #10421,HEALTH2017-001604,1420 S MCDONALD ST,8,1 - Routine,Victoria Goldston,closure threatened (e.g. unpaid or expired permit),no hot water,Failure to comply shall result in closure.,hot water heater damaged since July,2022-05-16,1 - Routine,5
FOOD-024526-2021,12541,2021-12-22,SHELBY'S PIZZA,HEALTH2020-00255,210 COIT RD 220,30,1 - Routine,Victoria Goldston,closure threatened (e.g. unpaid or expired permit),score-threshold warning (30/31+ demerits = closure),SCORE OF 31 DEMERITS OR MORE IS AN AUTOMATIC 24 HOUR CLOSURE.,score 30; the rule in the note is 31 or more,2021-12-27,6 - Reinspection,5
FOOD-049368-2021,14038,2022-01-10,VALUE MART,HEALTH2017-005173,300 E UNIVERSITY DR,28,1 - Routine,Victoria Goldston,closure threatened (e.g. unpaid or expired permit),score-threshold warning (30/31+ demerits = closure),31 Demerits or more shall result in 24 hour closure.,,2022-06-03,1 - Routine,20
FOOD-072985-2021,707,2022-01-11,Domino's Pizza #8791,HEALTH2021-00269,4550 ELDORADO PKWY 100,0,1 - Routine,David Lerma,not about a closure,COVID-19,No inspection conducted due to COVID-19.,,2022-04-19,1 - Routine,3
FOOD-060858-2021,3148,2022-01-19,STONEBRIDGE CC POOL SNACK BAR,HEALTH2017-000132,7003 BEACON HILL RD,0,1 - Routine,Victoria Goldston,not about a closure,not open / not operating at visit,Snack bar not open for season.,,2022-05-27,1 - Routine,0
FOOD-077353-2021,4457,2022-01-20,KOBE STEAK & SUSHI,HEALTH2017-001756,3300 ELDORADO PKWY,29,1 - Routine,Victoria Goldston,closure threatened (e.g. unpaid or expired permit),score-threshold warning (30/31+ demerits = closure),31 demerits or more shall result in closure.,,2022-05-19,1 - Routine,24
FOOD-066753-2021,11322,2022-01-24,CHILI'S GRILL & BAR,HEALTH2017-001534,7675 CUSTER RD,6,1 - Routine,Shane Salley,closure threatened (e.g. unpaid or expired permit),pests,"If not brought under control, facility may be closed until under control.",,2022-04-25,1 - Routine,1
FOOD-063428-2021,10231,2022-01-25,COTTON PATCH,HEALTH2017-002023,1925 N CENTRAL EXPY,34,1 - Routine,David Lerma,closed or suspended at this inspection,score above 30,Your establishment must close until a re-inspection has been done and you pay the $75 re-inspection fee.,,2022-08-09,1 - Routine,16
FOOD-036028-2021,16062,2022-01-26,WHATABURGER #963,HEALTH2017-001948,8608 SH 121,10,1 - Routine,David Lerma,closed or suspended at this inspection,no hot water,Your establishment will need to close until the hot water issue has been corrected.,,2022-08-31,1 - Routine,3
FOOD-049251-2021,13419,2022-01-27,WESTRIDGE GOLF COURSE,HEALTH2017-000683,9055 COTTON RIDGE ROAD NORTH,9,1 - Routine,Shane Salley,closure threatened (e.g. unpaid or expired permit),pest control proof,Failure to respond to this email with receipt showing proof of pest control visit will result in closure of facility.,,2022-07-12,1 - Routine,13
FOOD-051249-2021,2545,2022-01-27,MR BOBA TEA CAFE,HEALTH2018-10005,7502 ELDORADO PKWY,16,1 - Routine,Victoria Goldston,not about a closure,process or area ordered to stop (not the establishment),Facility shall cease extra operations and submit plans to conduct hot pie operation.,,2022-08-09,1 - Routine,6
FOOD-057224-2021,5404,2022-02-08,1 STOP,HEALTH2017-006504,103 N GRAVES ST,9,1 - Routine,Victoria Goldston,closure threatened (e.g. unpaid or expired permit),permit renewal,Failure to comply shall result in closure.,,2022-08-30,1 - Routine,10
FOOD-062564-2021,15731,2022-02-10,Wing Bucket,HEALTH2019-00316,3510 W UNIVERSITY DR 100,34,1 - Routine,David Lerma,closed or suspended at this inspection,score above 30,You have failed you inspection and must closed your establishment.,,2022-02-11,6 - Reinspection,0
FOOD-010425-2022,15713,2022-02-11,Wing Bucket,HEALTH2019-00316,3510 W UNIVERSITY DR 100,0,6 - Reinspection,David Lerma,approved to reopen (reinspection),,You may now reopen.,,2022-11-15,1 - Routine,16
FOOD-054609-2021,4740,2022-02-15,ELDORADO COUNTRY CLUB-SNACK BAR,HEALTH2018-001267,2604 COUNTRY CLUB DR,0,1 - Routine,Victoria Goldston,not about a closure,closed for season,Facility is closed for season.,,2022-08-02,1 - Routine,0
FOOD-046417-2021,10383,2022-02-16,ITALIAN GARDEN,HEALTH2017-003759,500 CUSTER RD,29,1 - Routine,Victoria Goldston,closure threatened (e.g. unpaid or expired permit),score-threshold warning (30/31+ demerits = closure),SCORE OF 31 DEMERITS OR MORE IS AN AUTOMATIC 24 HOUR CLOSURE.,,2022-08-02,1 - Routine,24
FOOD-082959-2021,1155,2022-02-21,ICHIBAN,HEALTH2019-00648,210 N CUSTER RD 130,18,1 - Routine,Victoria Goldston,closure threatened (e.g. unpaid or expired permit),walk-in cooler (continued violations),Continued violations against WIC shall result in closure.,,2022-05-19,6 - Reinspection,25
FOOD-073429-2021,16376,2022-02-25,KFC #J625030,HEALTH2017-004371,2030 W UNIVERSITY DR,20,1 - Routine,David Lerma,closed or suspended at this inspection,expired permit (unpaid),You need to close your establishment until you have paid the health permit.,score 20,2022-08-23,1 - Routine,5
FOOD-062615-2021,6833,2022-03-14,EL POLLO ALEGRE,HEALTH2017-000770,1211 N TENNESSEE ST,36,1 - Routine,Victoria Goldston,closed or suspended at this inspection,score above 30,DUE TO FACILITY SCORING 36 DEMERITS FACILITY IS CLOSED FOR 24 HOURS UNTIL REINSPECTION FEE IS PAID AND REINSPECTION OF 20 DEMERITS OR LESS IS OBTAINED.,,2022-03-15,6 - Reinspection,9
FOOD-019480-2022,6813,2022-03-15,EL POLLO ALEGRE,HEALTH2017-000770,1211 N TENNESSEE ST,9,6 - Reinspection,Victoria Goldston,approved to reopen (reinspection),,REINSPECTION - Opening inspection. Facility is permitted to operate.,,2022-05-19,6 - Reinspection,20
FOOD-079259-2021,14097,2022-04-01,SHOGUN HIBACHI & SUSHI,HEALTH2017-001309,1230 CENTRAL EXPY,39,1 - Routine,Victoria Goldston,closed or suspended at this inspection,score above 30,FACILITY HAS SCORED MORE THAN 31 DEMERITS AND IS CLOSED TO THE PUBLIC UNTIL REINSPECTION FEE IS PAID AND REINSPECTION OCCURS.,reinspection note says 38 demerits; data score 39,2022-04-01,6 - Reinspection,14
FOOD-025157-2022,16224,2022-04-01,SHOGUN HIBACHI & SUSHI,HEALTH2017-001309,1230 N CENTRAL EXPY,14,6 - Reinspection,Victoria Goldston,approved to reopen (reinspection),,FACILITY IS PERMITTED TO REOPEN.,,2022-07-08,1 - Routine,20
FOOD-084203-2021,10548,2022-04-18,JUNGLE BURGER,HEALTH2021-00020,318 N CENTRAL EXPY,41,1 - Routine,Victoria Goldston,closed or suspended at this inspection,score above 30,DUE TO FACILITY SCORING OVER 31 DEMERITS FACILITY IS CLOSED UNTIL REINSPECTION FEE IS PAID AND FACILITY SCORED BELOW 20 DEMERITS ON REINSPECTION.,,2022-04-18,6 - Reinspection,8
FOOD-029817-2022,10546,2022-04-18,JUNGLE BURGER,HEALTH2021-00020,318 N CENTRAL EXPY,8,6 - Reinspection,David Lerma,approved to reopen (reinspection),,DUE TO FACILITY SCORING OVER 31 DEMERITS FACILITY IS CLOSED UNTIL REINSPECTION FEE IS PAID AND FACILITY SCORED BELOW 20 DEMERITS ON REINSPECTION. ... Your re-inspection counts as the first one.,"record repeats the routine closure paragraph word for word, then says ""Your re-inspection counts as the first one""; score 8",2022-07-14,6 - Reinspection,19
FOOD-077040-2021,11062,2022-04-19,THE RANCH COUNTRY CLUB POOL SNACK BAR,HEALTH2017-000315,,0,1 - Routine,David Lerma,not about a closure,not open / not operating at visit,Pool snack bar is still not open.,,2022-10-10,1 - Routine,0
FOOD-077041-2021,3669,2022-04-19,THE RANCH COUNTRY CLUB,HEALTH2018-000124,5901 GLEN OAKS DR,14,1 - Routine,David Lerma,closure threatened (e.g. unpaid or expired permit),loss of hot water (future),"Please note that in the future, if you do lose hot water, you must close until it has been resolved.",notes imply hot water was lost and food was cooked outside,2022-10-10,1 - Routine,24
FOOD-078024-2021,14785,2022-04-27,SICILY'S PASTA & PIZZA,HEALTH2017-000192,1508 W UNIVERSITY DR,29,1 - Routine,Victoria Goldston,closure threatened (e.g. unpaid or expired permit),score-threshold warning (30/31+ demerits = closure),SCORE OF 31 DEMERITS OR MORE IS AN AUTOMATIC CLOSURE.,,2022-08-16,1 - Routine,17
FOOD-020127-2022,6031,2022-04-30,TEXAS FOREST FARM,HEALTH2020-00091,317 S CHESTNUT ST,7,1 - Routine,Victoria Goldston,not about a closure,process or area ordered to stop (not the establishment),"Facility shall cease operation and only service originally permitted items (eggs, sauce).",,,,
FOOD-015138-2021,15343,2022-05-03,JALAPENO'S MEXICAN GRILL,HEALTH2017-000008,1502 W UNIVERSITY DR,35,,David Lerma,closed or suspended at this inspection,score above 30,You will need to close until you clean you establishment and you can score a 20 or below.,,2022-05-04,6 - Reinspection,5
FOOD-034767-2022,15345,2022-05-04,JALAPENO'S MEXICAN GRILL,HEALTH2017-000008,1502 W UNIVERSITY DR,5,6 - Reinspection,David Lerma,approved to reopen (reinspection),,You may now reopen the establishment.,,2023-10-04,1 - Routine,7
FOOD-092681-2021,5743,2022-05-16,DOLLAR GENERAL STORE #10421,HEALTH2017-001604,1420 S MCDONALD ST,5,1 - Routine,Victoria Goldston,not about a closure,"business closing, moving or remodeling (own decision)",Manager informed inspector that leak occurs every time it rains and they close to the public and then an extraction crew comes in to clean up water.,,2022-10-21,1 - Routine,4
FOOD-004930-2022,4460,2022-05-19,KOBE STEAK & SUSHI,HEALTH2017-001756,3300 ELDORADO PKWY,24,1 - Routine,Victoria Goldston,closure threatened (e.g. unpaid or expired permit),score-threshold warning (30/31+ demerits = closure),31 demerits or more shall result in closure.,,2022-10-10,1 - Routine,25
FOOD-095112-2021,13973,2022-05-21,Jamba Juice,HEALTH2019-00252,1658 W UNIVERSITY DR,7,1 - Routine,Victoria Goldston,closed or suspended at this inspection,ant infestation,Store is closed to public until store is properly cleaned and pests are eliminated.,score 7,2022-11-08,1 - Routine,1
FOOD-004376-2022,3147,2022-05-27,STONEBRIDGE CC POOL SNACK BAR,HEALTH2017-000132,7003 BEACON HILL RD,0,1 - Routine,Victoria Goldston,not about a closure,not open / not operating at visit,Snack bar is not open to the public and shall not prepare TCS foods.,,,,
FOOD-094212-2021,12539,2022-06-02,SHELBY'S PIZZA,HEALTH2020-00255,210 COIT RD 220,32,1 - Routine,Victoria Goldston,closed or suspended at this inspection,score above 30,"DUE TO FACILITY SCORING OVER 31 DEMERITS, FACILITY SHALL REMAIN CLOSED UNTIL REINSPECTION TO OCCUR ON 6/3/22.",,2022-06-03,6 - Reinspection,1
FOOD-043900-2022,1475,2022-06-03,SHELBY'S PIZZA,HEALTH2020-00255,210 N COIT RD 220,1,6 - Reinspection,Victoria Goldston,approved to reopen (reinspection),,FACILITY IS APPROVED TO OPEN.,,2022-08-31,6 - Reinspection,14
FOOD-001934-2022,14032,2022-06-03,VALUE MART,HEALTH2017-005173,300 E UNIVERSITY DR,20,1 - Routine,Victoria Goldston,closure threatened (e.g. unpaid or expired permit),score-threshold warning (30/31+ demerits = closure),31 Demerits or more shall result in 24 hour closure,,2022-11-08,1 - Routine,18
FOOD-019278-2022,6305,2022-07-05,MCKINNEY EXPRESS,HEALTH2017-008989,103 S MCDONALD ST,11,1 - Routine,Shane Salley,closure threatened (e.g. unpaid or expired permit),no valid permit,Failure to acquire Health Permit and pay all fees by noon today will result in closure of business.,,2023-01-04,1 - Routine,0
FOOD-016805-2022,8651,2022-07-11,CIRCLE K #2741585,HEALTH2017-008341,5010 ALMA RD,2,1 - Routine,David Lerma,closure threatened (e.g. unpaid or expired permit),restroom repair,Must repair both restroom by tomorrow or you will need to close until they have been repaired.,,2022-12-05,1 - Routine,1
FOOD-013626-2022,15316,2022-07-11,CIRCLE K #2741198,HEALTH2017-001244,4991 W UNIVERSITY DR,2,1 - Routine,David Lerma,closure threatened (e.g. unpaid or expired permit),restroom repair,Must repair both restroom by tomorrow or you will need to close until they have been repaired.,,2023-02-21,1 - Routine,1
FOOD-004549-2022,6969,2022-07-14,COOKIES GROCERY,HEALTH2017-000394,107 WILCOX ST,30,1 - Routine,Victoria Goldston,closure threatened (e.g. unpaid or expired permit),score-threshold warning (30/31+ demerits = closure),Scoring a 31 or above shall result in closure.,score 30; the rule in the note is 31 or more,2022-11-09,1 - Routine,23
FOOD-033276-2022,15767,2022-07-20,HONEST RESTAURANT,HEALTH2019-00222,8910 SH 121,28,1 - Routine,Victoria Goldston,not about a closure,"failed monthly reinspection, no closure",FACILITY HAS NOT MET UNDER 20 DEMERIT REQUIREMENT AND FAILED REINSPECTION #2.,score 28,2022-09-26,6 - Reinspection,19
FOOD-010204-2022,2619,2022-08-03,TPC @ CRAIG RANCH,HEALTH2018-10427,8000 COLLIN MCKINNEY PKWY,30,1 - Routine,Victoria Goldston,closure threatened (e.g. unpaid or expired permit),score-threshold warning (30/31+ demerits = closure),A SCORE OF 31 DEMERITS OR MORE SHALL RESULT IN AN IMMEDIATE CLOSURE.,score 30; the rule in the note is 31 or more,2022-12-08,1 - Routine,18
FOOD-016803-2022,7217,2022-08-20,The Ivy of McKinney Memory Care,HEALTH2019-00521,3392 MEDICAL CENTER DR,0,1 - Routine,David Lerma,not about a closure,snack bar / kitchen closed by operator,The kitchen for this area is currently closed.,,2022-11-15,1 - Routine,2
FOOD-025707-2022,8246,2022-08-24,MESA'S MEXICAN GRILL,HEALTH2016-007161,7820 ELDORADO PKWY,27,1 - Routine,Victoria Goldston,closure threatened (e.g. unpaid or expired permit),score-threshold warning (30/31+ demerits = closure),31 Demerits or more shall result in a 24 hour closure.,,2022-10-11,1 - Routine,10
FOOD-009409-2022,5413,2022-08-30,1 STOP,HEALTH2017-006504,103 N GRAVES ST,10,1 - Routine,Victoria Goldston,not about a closure,process or area ordered to stop (not the establishment),Facility shall cease bagging operation.,,2023-03-06,1 - Routine,10
FOOD-022548-2022,841,2022-08-31,RICE & NOODLE,HEALTH2017-09584,1521 N CUSTER RD 2600,30,1 - Routine,Victoria Goldston,closure threatened (e.g. unpaid or expired permit),score-threshold warning (30/31+ demerits = closure),31 DEMERITS OR MORE SHALL RESULT IN AN AUTOMATIC CLOSURE OF FACILITY.,score 30; the rule in the note is 31 or more,2022-12-21,1 - Routine,20
FOOD-007885-2022,11302,2022-09-12,Long John Silver,HEALTH2021-00266,1708 W UNIVERSITY DR,13,1 - Routine,Victoria Goldston,closure threatened (e.g. unpaid or expired permit),flooring,Facility shall receive $75 reinspection fee for every day flooring is not in compliance and shall receive citation and closure if not repaired within 1 week.,,2023-03-27,1 - Routine,8
FOOD-029332-2022,1365,2022-09-16,TACO OCHO,HEALTH2021-00220,3041 S CUSTER RD 800,26,1 - Routine,Victoria Goldston,closure threatened (e.g. unpaid or expired permit),score-threshold warning (30/31+ demerits = closure),31 demerits or more is an automatic 24 hour closure.,,2022-12-30,1 - Routine,12
FOOD-022790-2022,7082,2022-09-29,BERMUDA'S GRILL & BAR,HEALTH2017-004224,6145 ALMA RD,0,1 - Routine,David Lerma,not about a closure,seasonal outdoor area closed,Outdoor permit will be closed until March 2023.,,2023-01-19,1 - Routine,0
FOOD-052413-2022,12933,2022-10-03,WENDY'S #10650,HEALTH2017-006634,8904 SH 121,0,1 - Routine,David Lerma,not about a closure,out-of-business permit record to be closed,The permit is OOB and needs to be closed.,,2023-09-30,1 - Routine,4
FOOD-030009-2022,11067,2022-10-10,THE RANCH COUNTRY CLUB POOL SNACK BAR,HEALTH2017-000315,,0,1 - Routine,David Lerma,not about a closure,closed for season,Closed for the season.,,2023-06-22,1 - Routine,7
FOOD-028097-2022,9708,2022-10-14,Imagine International Academy of North Texas,HEALTH2021-00351,2850 VIRGINIA PKWY,4,1 - Routine,Victoria Goldston,not about a closure,facility-wide no hot water; no closure recorded,#23: Observed no hot water coming out of hand sink or 3 compartment sink.,hand sink and 3-compartment sink; 24 hours to restore,2023-04-14,1 - Routine,0
FOOD-045843-2022,7591,2022-10-26,Sweet Art Bakery,HEALTH2021-00414,407 E LOUISIANA ST,0,1 - Routine,Shane Salley,ambiguous,facility closed for mold remediation,Facility is closed at this time. ... Mold remediation is being performed and there is no access to 3 comp sink. ... Do not operate at this facility until you can access 3 comp sink and all required.,told not to operate until the 3-compartment sink is accessible,2023-02-13,1 - Routine,0
FOOD-079852-2022,16398,2022-10-31,DRIP N ROLL,HEALTH2018-10069,1681 N CENTRAL EXPY #700,23,1 - Routine,Victoria Goldston,closure threatened (e.g. unpaid or expired permit),permit renewal,Facility has 24 hours to renew health permit or closure shall be issued.,,2023-06-26,1 - Routine,20
FOOD-054320-2022,1541,2022-11-01,YABA JAVA CAFE,HEALTH2021-00365,3935 S LAKE FOREST DR 125,28,1 - Routine,Victoria Goldston,closure threatened (e.g. unpaid or expired permit),permit renewal,Facility shall renew by November 2nd to avoid late fees and closure.,,2023-03-14,1 - Routine,6
FOOD-047662-2022,14349,2022-11-04,MOVIEHOUSE & EATERY,HEALTH2017-008573,8450 SH 121,8,1 - Routine,Jadyn Starnes,closure threatened (e.g. unpaid or expired permit),permit renewal,Permit must be renewed by the end of the day or risk closure on Monday.,,2023-02-27,1 - Routine,12
FOOD-044013-2022,14033,2022-11-08,VALUE MART,HEALTH2017-005173,300 E UNIVERSITY DR,18,1 - Routine,Victoria Goldston,closure threatened (e.g. unpaid or expired permit),score-threshold warning (30/31+ demerits = closure),31 Demerits or more shall result in 24 hour closure,,2023-03-17,1 - Routine,6
FOOD-046579-2022,9553,2022-11-08,ONE AND ONLY BURGERS AND FRIES,HEALTH2017-009501,1330 N MCDONALD ST,22,1 - Routine,Victoria Goldston,closure threatened (e.g. unpaid or expired permit),permit fees,Failure to comply shall be closed.,,2023-06-15,1 - Routine,10
FOOD-047496-2022,778,2022-12-15,PAPA JOHN'S PIZZA #1304,HEALTH2017-09583,2310 VIRGINIA PKWY 160,15,1 - Routine,Victoria Goldston,closure threatened (e.g. unpaid or expired permit),permit renewal,Failure to comply shall result in closure.,,2023-06-14,1 - Routine,10
FOOD-067233-2022,1923,2022-12-15,Kuma Ramen,HEALTH2021-00175,5121 COLLIN MCKINNEY PKWY 800,5,1 - Routine,David Lerma,closure threatened (e.g. unpaid or expired permit),no valid permit,"If this is not taken care of by then, citations and a closure will be issued.",,2023-09-14,1 - Routine,6
FOOD-060130-2022,2354,2022-12-15,WALGREEN'S #11908,HEALTH2018-002089,8996 STACY RD,2,1 - Routine,Victoria Goldston,closure threatened (e.g. unpaid or expired permit),permit renewal,Failure to comply shall result in closure,,2023-06-29,1 - Routine,0
FOOD-069199-2022,842,2022-12-21,RICE & NOODLE,HEALTH2017-09584,1521 N CUSTER RD 2600,20,1 - Routine,Victoria Goldston,closure threatened (e.g. unpaid or expired permit),score-threshold warning (30/31+ demerits = closure),31 DEMERITS OR MORE SHALL RESULT IN AN AUTOMATIC CLOSURE OF FACILITY.,,2023-05-31,1 - Routine,18
FOOD-060482-2022,4736,2023-01-10,ELDORADO COUNTRY CLUB-SNACK BAR,HEALTH2018-001267,2604 COUNTRY CLUB DR,0,1 - Routine,Victoria Goldston,not about a closure,closed for season,CLOSED FOR SEASON,,2023-06-06,1 - Routine,4
FOOD-060128-2022,13099,2023-01-12,FARM 2 COOK MEAT MARKET,HEALTH2021-00268,8720 SH 121 126,25,1 - Routine,Victoria Goldston,closure threatened (e.g. unpaid or expired permit),score-threshold warning (30/31+ demerits = closure),Score of 31 demerits or more is an automatic closure.,,2023-07-20,1 - Routine,12
FOOD-072469-2022,1210,2023-01-25,SANTORINI GRILL,HEALTH2018-10417,7810 ELDORADO PKWY 280,4,1 - Routine,David Lerma,closed or suspended at this inspection,water line break (voluntary),Establishment was voluntarily closed due to a water break. It will remain closed until the repair have been done.,unclear whether the business closed before the visit,2023-06-27,1 - Routine,8
FOOD-061072-2022,4972,2023-01-30,NOTHING BUNDT CAKES,HEALTH2016-008752,2110 ELDORADO PKWY,6,1 - Routine,Victoria Goldston,closure threatened (e.g. unpaid or expired permit),permit renewal,Facility has until 2pm today to renew permit and pay expired permit fees or facility will be required to close.,,2023-09-08,1 - Routine,7
FOOD-086137-2022,10282,2023-02-08,CHIPOTLE MEXICAN GRILL,HEALTH2017-001936,2014 W UNIVERSITY DR,10,1 - Routine,David Lerma,closure threatened (e.g. unpaid or expired permit),hand sink repair,"If it is not, a closure will be issued until the hand hand sink has been repaired.",,2023-09-20,1 - Routine,5
FOOD-065695-2022,13067,2023-02-09,ELIS AFRICAN MARKET,HEALTH2020-00186,1434 N CENTRAL EXPY 102,9,1 - Routine,Victoria Goldston,closure threatened (e.g. unpaid or expired permit),no hot water,Failure to comply will result in closure.,,2023-09-11,1 - Routine,15
FOOD-066975-2022,543,2023-02-21,JEREMIAH'S ITALIAN ICE,HEALTH2020-00140,7820 ELDORADO PKWY 100,5,1 - Routine,Victoria Goldston,closure threatened (e.g. unpaid or expired permit),no CO / health permit,Failure to comply shall result in closure.,,,,
FOOD-014945-2023,1852,2023-02-23,Valerie's Taco Shop,HEALTH2022-00490,6720 ALMA RD 100,20,1 - Routine,Shane Salley,closed or suspended at this inspection,walk-in cooler failure (53F),Walk-in cooler is temping at 53 degrees ambient. ... Please do not reopen until you have contacted us for a reinspection.,"notes: ""Please do not reopen until you have contacted us for a reinspection""",2023-03-06,1 - Routine,32
FOOD-001579-2023,1855,2023-03-06,Valerie's Taco Shop,HEALTH2022-00490,6720 ALMA RD 100,32,1 - Routine,Shane Salley,closed or suspended at this inspection,score above 30,Facility must close.,,2023-07-21,1 - Routine,17
FOOD-068453-2022,5408,2023-03-06,1 STOP,HEALTH2017-006504,103 N GRAVES ST,10,1 - Routine,Victoria Goldston,not about a closure,process or area ordered to stop (not the establishment),Facility shall cease bagging operation.,,2023-10-10,1 - Routine,3
FOOD-081092-2022,3155,2023-03-14,STONEBRIDGE COUNTRY CLUB,HEALTH2017-000131,7003 BEACON HILL RD,29,1 - Routine,Victoria Goldston,closure threatened (e.g. unpaid or expired permit),score-threshold warning (30/31+ demerits = closure),Facility shall cease process until HACCP is approved. ... 31 DEMERITS OR MORE IS AN IMMEDIATE CLOSURE.,also told to cease a process until a HACCP plan is approved,2023-03-23,6 - Reinspection,7
FOOD-000718-2023,15766,2023-03-23,HONEST RESTAURANT,HEALTH2019-00222,8910 SH 121,23,1 - Routine,Victoria Goldston,closure threatened (e.g. unpaid or expired permit),pests,Continual issues shall result in closure due to infestation.,,2023-07-20,1 - Routine,30
FOOD-091504-2022,14162,2023-03-27,CHINA SUN,HEALTH2017-000020,1500 W UNIVERSITY DR A,10,1 - Routine,Victoria Goldston,not about a closure,"business closing, moving or remodeling (own decision)",PIC stated facility is no longer going to be in operation in 1 year.,,,,
FOOD-093518-2022,15424,2023-04-03,HAT CREEK BURGER,HEALTH2017-009570,3503 CUSTER RD,23,1 - Routine,Victoria Goldston,closure threatened (e.g. unpaid or expired permit),score-threshold warning (30/31+ demerits = closure),31 DEMERITS OR MORE IS AN AUTOMATIC CLOSE.,,2023-10-02,1 - Routine,13
FOOD-005429-2023,1149,2023-04-19,ICHIBAN,HEALTH2019-00648,210 N CUSTER RD 130,27,1 - Routine,Victoria Goldston,closure threatened (e.g. unpaid or expired permit),score-threshold warning (30/31+ demerits = closure),31 demerits or more shall result in immediate closure.,,2023-09-25,6 - Reinspection,28
FOOD-100790-2022,10382,2023-05-31,ITALIAN GARDEN,HEALTH2017-003759,500 CUSTER RD,24,1 - Routine,Victoria Goldston,closure threatened (e.g. unpaid or expired permit),score-threshold warning (30/31+ demerits = closure),31 DEMERITS OR MORE SHALL RESULT IN IMMEDIATE CLOSURE.,,2023-11-01,1 - Routine,19
FOOD-099274-2022,13494,2023-06-15,TARGET RESTAURANT T-2335,HEALTH2017-001811,2025 N CENTRAL EXPY,0,1 - Routine,Shane Salley,not about a closure,"business closing, moving or remodeling (own decision)",Closed for remodel,,2023-12-01,1 - Routine,0
FOOD-010333-2023,8569,2023-06-20,COLLIN COLLEGE MCKINNEY CAFE AND STARBUCKS,HEALTH2022-00120,2400 COMMUNITY AVE,10,1 - Routine,Victoria Goldston,not about a closure,process or area ordered to stop (not the establishment),Facility shall either provide a HACCP plan to environmental health or cease process.,,2023-11-08,1 - Routine,15
FOOD-005431-2023,7079,2023-06-20,BERMUDA'S GRILL & BAR,HEALTH2017-007224,6145 ALMA RD,0,1 - Routine,David Lerma,not about a closure,"business closing, moving or remodeling (own decision)",The concession stand will not operate until Sept.,,2023-06-20,1 - Routine,0
FOOD-005430-2023,7061,2023-06-20,BERMUDA'S GRILL & BAR,HEALTH2017-004224,6145 ALMA RD,0,1 - Routine,David Lerma,not about a closure,seasonal outdoor area closed,"Per owner, the outdoor establishment is closed for repairs/remodel.",,2023-10-12,1 - Routine,0
FOOD-019777-2023,995,2023-06-27,TERRI'S GELATO,HEALTH2023-00023,101 N MCDONALD ST 110,0,1 - Routine,David Lerma,not about a closure,"business closing, moving or remodeling (own decision)",Spoke with the owner and he stated they are closed temporarily due to the AC being broken.,,2023-10-05,1 - Routine,0
FOOD-012609-2023,5312,2023-06-29,VILLAGIO OF MCKINNEY,HEALTH2017-000299,1601 ELDORADO PKWY,5,1 - Routine,Jadyn Starnes,not about a closure,"business closing, moving or remodeling (own decision)",Facility is due to shut down 2 weeks from todays date(6/28/2023),,2023-08-02,5 - Other,2
FOOD-060597-2023,5290,2023-08-02,VILLAGIO OF MCKINNEY,HEALTH2017-000299,1601 ELDORADO PKWY,2,5 - Other,Jadyn Starnes,not about a closure,"business closing, moving or remodeling (own decision)",Facility is closed for business permanently,,,,
FOOD-049750-2023,6188,2023-08-30,HARVEST,HEALTH2017-002919,112 E LOUISIANA ST,2,1 - Routine,Shane Salley,not about a closure,"business closing, moving or remodeling (own decision)",- Facility will be permanently closing this location on 9/23.,,,,
FOOD-089923-2022,13244,2023-09-05,ELWOOD BFD,HEALTH2022-00028,7550 SH 121 250,12,1 - Routine,David Lerma,closure threatened (e.g. unpaid or expired permit),hand sink repair,This needs to be done within 24hrs or citations and a closure will be issued.,,2024-05-31,1 - Routine,7
FOOD-002298-2023,3606,2023-09-07,MARKET STREET #561 - SEAFOOD,HEALTH2017-001102,6100 ELDORADO PKWY,0,1 - Routine,David Lerma,not about a closure,"business closing, moving or remodeling (own decision)",Seafood was closed due to remodel.,,2023-12-14,1 - Routine,1
FOOD-022035-2023,9247,2023-09-11,NEIGHBORHOOD NOSH,HEALTH2019-00598,4100 S RIDGE RD,17,1 - Routine,Victoria Goldston,not about a closure,process or area ordered to stop (not the establishment),Facility shall either properly package items following requirements or shall cease packaging.,,2024-01-12,1 - Routine,21
FOOD-010185-2023,13059,2023-09-11,ELIS AFRICAN MARKET,HEALTH2020-00186,1434 N CENTRAL EXPY 102,15,1 - Routine,Victoria Goldston,closure threatened (e.g. unpaid or expired permit),no hot water,Failure to comply will result in closure.,also told not to package or handle food (construction zone),2024-01-30,1 - Routine,12
FOOD-013813-2023,12893,2023-09-16,TACO BUENO #3100,HEALTH2017-002064,302 N CENTRAL EXPY,9,1 - Routine,David Lerma,closed or suspended at this inspection,no hot water (leak),Must close the establishment and get this repaired.,,2023-09-20,6 - Reinspection,0
FOOD-091177-2023,12882,2023-09-20,TACO BUENO #3100,HEALTH2017-002064,302 N CENTRAL EXPY,0,6 - Reinspection,David Lerma,approved to reopen (reinspection),,You may now reopen the establishment.,,2024-04-15,1 - Routine,5
FOOD-034780-2023,1158,2023-09-25,ICHIBAN,HEALTH2019-00648,210 N CUSTER RD 130,28,6 - Reinspection,Victoria Goldston,closure threatened (e.g. unpaid or expired permit),score-threshold warning (30/31+ demerits = closure),31 demerits or more shall result in immediate closure.,,2023-12-27,1 - Routine,20
FOOD-025812-2023,16011,2023-09-26,SUSHI BOX,HEALTH2021-00018,8930 SH 121 562,19,1 - Routine,Victoria Goldston,not about a closure,process or area ordered to stop (not the establishment),Failure to comply could result in process of operation being unpermitted.,acidified-rice process permit threatened,2024-01-18,1 - Routine,12
FOOD-056828-2023,7081,2023-10-12,BERMUDA'S GRILL & BAR,HEALTH2017-004224,6145 ALMA RD,0,1 - Routine,David Lerma,not about a closure,closed until further notice (owner),"Per owner, this location is still closed until further notice.",,2023-10-12,1 - Routine,0
FOOD-021747-2023,1933,2023-10-18,Shoagies,HEALTH2022-00498,5121 COLLIN MCKINNEY PKWY 200,9,1 - Routine,David Lerma,closed or suspended at this inspection,hand sinks broken,The establishment must close until both hand sinks have been repaired.,score 9,2024-02-01,1 - Routine,6
FOOD-026092-2023,14845,2023-10-19,DONUT STATION,HEALTH2017-004510,4987 W UNIVERSITY DR,17,1 - Routine,Victoria Goldston,closed or suspended at this inspection,cockroach infestation,FACILITY IS CLOSED DUE TO AN INSECT INFESTATION.,"score 17; next inspection matched by hand: DONUT STATION, 4987 W UNIVERSITY DR 103, permit HEALTH2024-00078 (permit number changed)",2024-03-27,1 - Routine,12
FOOD-060250-2023,6929,2023-10-24,T.C. SHAVED ICE,HEALTH2017-004953,812 S MCDONALD ST,0,1 - Routine,David Lerma,not about a closure,closed for season,Closed for the season,,2025-06-18,1 - Routine,8
FOOD-070826-2023,1543,2023-11-02,Sultan,HEALTH2023-00278,3935 S LAKE FOREST DR 125,30,1 - Routine,Victoria Goldston,ambiguous,"score 30 under a ""30 or more"" closure rule",30 DEMERITS OR MORE IS AN AUTOMATIC CLOSURE.,notes state the rule but record no closure,2024-03-06,1 - Routine,18
FOOD-059282-2023,4985,2023-11-08,SALTGRASS STEAKHOUSE,HEALTH2017-000614,2801 CRAIG DR,29,1 - Routine,Victoria Goldston,closure threatened (e.g. unpaid or expired permit),score-threshold warning (30/31+ demerits = closure),30 DEMERITS OR MORE SHALL RESULT IN CLOSURE,,2024-03-05,1 - Routine,12
FOOD-065479-2023,8950,2023-11-15,EJ WILLS GASTROPUB,HEALTH2018-09763,1910 N STONEBRIDGE DR,25,1 - Routine,Victoria Goldston,closure threatened (e.g. unpaid or expired permit),score-threshold warning (30/31+ demerits = closure),30 DEMERITS OR MORE IS AN IMMEDIATE CLOSURE.,,,,
FOOD-065465-2023,8765,2023-11-27,REZ BURGER,HEALTH2022-00094,2960 ELDORADO PKWY,7,1 - Routine,Shane Salley,not about a closure,"business closing, moving or remodeling (own decision)",- Facility is expecting to close for business at end of December when their lease is up.,,,,
FOOD-097716-2023,1941,2023-12-07,Rice Garden,HEALTH2023-00407,7650 STACY RD 260,29,1 - Routine,Victoria Goldston,closure threatened (e.g. unpaid or expired permit),score-threshold warning (30/31+ demerits = closure),A Score of 30 demerits or more is an immediate closure.,,2024-03-14,1 - Routine,27
FOOD-088663-2023,352,2024-01-03,CESARS MEXICAN GRILL,HEALTH2019-00679,4150 ELDORADO PKWY 500,15,1 - Routine,Shane Salley,closure threatened (e.g. unpaid or expired permit),pest control proof,Failure to do so will result in fines/closure of facility.,,2024-05-30,1 - Routine,2
FOOD-087694-2023,9233,2024-01-12,NEIGHBORHOOD NOSH,HEALTH2019-00598,4100 S RIDGE RD,21,1 - Routine,Victoria Goldston,not about a closure,process or area ordered to stop (not the establishment),Facility shall either properly package items following requirements or shall cease packaging.,,2024-07-09,1 - Routine,14
FOOD-093673-2023,16016,2024-01-18,SUSHI BOX,HEALTH2021-00018,8930 SH 121 562,12,1 - Routine,Victoria Goldston,not about a closure,process or area ordered to stop (not the establishment),Failure to comply could result in process of operation being unpermitted.,acidified-rice process permit threatened,2024-07-23,1 - Routine,15
FOOD-068787-2023,3188,2024-01-18,ZIN ZEN WINE BISTRO,HEALTH2017-007392,6841 VIRGINIA PKWY,0,1 - Routine,Jadyn Starnes,not about a closure,"business closing, moving or remodeling (own decision)",-Facility closed currently due to leak in lounge- sprinklers in kitchen did not go off and kitchen was not affected by leak,,,,
FOOD-087971-2023,13061,2024-01-30,ELIS AFRICAN MARKET,HEALTH2020-00186,1434 N CENTRAL EXPY 102,12,1 - Routine,Victoria Goldston,closure threatened (e.g. unpaid or expired permit),no hot water,Failure to comply will result in closure.,owner cited for handling food without sinks or hot water,2024-06-25,1 - Routine,18
FOOD-089222-2023,2804,2024-02-06,LIFEPATH CRISIS CENTER,HEALTH2017-009340,1416 N CHURCH ST,9,1 - Routine,David Lerma,closure threatened (e.g. unpaid or expired permit),no hot water,This must be repaired by 3:00pm or a closure will be issued.,,2024-06-29,1 - Routine,0
FOOD-089254-2023,10591,2024-02-06,SMOOTHIE KING,HEALTH2022-00230,3520 W UNIVERSITY DR 300,0,1 - Routine,David Lerma,not about a closure,not open / not operating at visit,Establishment had a closed sign in the front door.,,2025-10-13,1 - Routine,6
FOOD-084732-2023,15410,2024-02-07,Burger King #6460 McKinney,HEALTH2023-00026,1700 W UNIVERSITY DR,7,1 - Routine,Victoria Goldston,closure threatened (e.g. unpaid or expired permit),permit renewal,Pay before expiration to avoid late fees and closure.,,,,
FOOD-096774-2023,5987,2024-02-15,THE YARD,HEALTH2018-09857,107 S CHURCH ST,8,1 - Routine,Victoria Goldston,not about a closure,"business closing, moving or remodeling (own decision)","*Closing on 26th for 10 days. redo roof, new HVAC, new shingles, foundation, flooring.",,2024-08-28,1 - Routine,8
FOOD-095682-2023,15434,2024-02-21,HAT CREEK BURGER,HEALTH2017-009570,3503 CUSTER RD,17,1 - Routine,Victoria Goldston,not about a closure,"business closing, moving or remodeling (own decision)",Store will be closing at the end of the month or a 4 projected days to install quarry tile.,,2024-08-14,1 - Routine,12
FOOD-107146-2023,1548,2024-03-06,Sultan,HEALTH2023-00278,3935 S LAKE FOREST DR 125,18,1 - Routine,Victoria Goldston,closure threatened (e.g. unpaid or expired permit),score-threshold warning (30/31+ demerits = closure),30 DEMERITS OR MORE IS AN AUTOMATIC CLOSURE.,,2024-09-10,1 - Routine,20
FOOD-120224-2023,1942,2024-03-14,Rice Garden,HEALTH2023-00407,7650 STACY RD 260,27,1 - Routine,Victoria Goldston,closure threatened (e.g. unpaid or expired permit),score-threshold warning (30/31+ demerits = closure),A Score of 30 demerits or more is an immediate closure.,,2024-08-27,1 - Routine,28
FOOD-079062-2023,15739,2024-03-25,Planet Smoothie,HEALTH2021-00256,2014 W UNIVERSITY DR 340,2,1 - Routine,Jadyn Starnes,not about a closure,"business closing, moving or remodeling (own decision)",-Facility is temporarily closed,,,,
FOOD-008497-2024,11055,2024-03-27,DONUT STATION,HEALTH2024-00078,4987 W UNIVERSITY DR 103,12,1 - Routine,Victoria Goldston,not about a closure,"item-21 boilerplate mentions ""closure offenses""",Facility shall have active managerial control at all times to prevent priority violations and closure offenses.,,2024-08-29,1 - Routine,10
FOOD-108759-2023,4752,2024-03-27,ELDORADO COUNTRY CLUB-SNACK BAR,HEALTH2018-001267,2604 COUNTRY CLUB DR,0,1 - Routine,Victoria Goldston,not about a closure,closed for season,*Closed for the season,,2025-08-27,1 - Routine,6
FOOD-099853-2023,7060,2024-04-12,BERMUDA'S GRILL & BAR,HEALTH2017-004224,6145 ALMA RD,0,1 - Routine,David Lerma,not about a closure,closed for season,Locations is still closed for the season.,,2024-04-12,1 - Routine,0
FOOD-099854-2023,7095,2024-04-12,BERMUDA'S GRILL & BAR,HEALTH2017-007224,6145 ALMA RD,0,1 - Routine,David Lerma,not about a closure,closed for season,Locations is still closed for the season.,,2024-06-27,1 - Routine,0
FOOD-024000-2024,1478,2024-04-15,SHELBY'S PIZZA,HEALTH2024-00077,210 N COIT RD 220,26,1 - Routine,Victoria Goldston,not about a closure,must not operate during repairs with fumes,Facility shall not be in operation while repairs are occurring which include heavy fumes.,,2024-11-11,1 - Routine,18
FOOD-110765-2023,10516,2024-04-27,RIVERA'S SALVA TEX-MEX,HEALTH2017-005644,1321 TENNESSEE ST,4,1 - Routine,David Lerma,closed or suspended at this inspection,insect contamination,The establishment must close due to an insect contamination.,"score 4; next inspection matched by hand: RIVERA'S  SALVA TEX-MEX, 1321 N TENNESSEE ST 100, permit HEALTH2025-00086 (permit number changed)",2025-04-10,1 - Routine,17
FOOD-123325-2023,1474,2024-05-21,Akshaya Pathra Kitchen,HEALTH2023-00333,210 N COIT RD 200,17,1 - Routine,Jadyn Starnes,not about a closure,process or area ordered to stop (not the establishment),***Facility is to cease packaging food products on site until proper manufacturing permit has been obtained.,,,,
FOOD-123882-2023,1719,2024-05-22,The Common Table,HEALTH2023-00337,6651 ALMA RD 350,30,1 - Routine,Victoria Goldston,ambiguous,"score 30 under a ""30 or more"" closure rule",SCORING 30 DEMERITS OR MORE IS IMMEDIATE CLOSURE.,notes state the rule but record no closure,2024-09-16,1 - Routine,28
FOOD-123324-2023,9868,2024-05-28,Touchmark at Emerald Lake - Senior Living Retirement Community,HEALTH2023-00390,350 S HARDIN BLVD,15,1 - Routine,Victoria Goldston,not about a closure,process or area ordered to stop (not the establishment),Cease operation.,,2024-10-01,1 - Routine,24
FOOD-037025-2024,5782,2024-06-04,A1 Liquor & Tacos To Go,HEALTH2021-00005,1213 S MCDONALD ST,2,1 - Routine,Jadyn Starnes,closure threatened (e.g. unpaid or expired permit),expired permit,Permit to either be renewed or letter emailed stating that no more food service will be occurring & facility and any food equipment must be removed from facility by 5 pm 06–4-2024 to avoid closure of facility and/or additional fines being applied.,,,,
FOOD-012010-2024,10828,2024-06-07,51 CLUB BREAKFAST HOUSE,HEALTH2024-00029,7560 SH 121 100,28,1 - Routine,Victoria Goldston,closure threatened (e.g. unpaid or expired permit),score-threshold warning (30/31+ demerits = closure),A SCORE OF 30 DEMERITS OR MORE SHALL RESULT IN IMMEDIATE CLOSURE.,,2024-09-30,1 - Routine,24
FOOD-020483-2024,2081,2024-06-20,COUNTRY LANE SR COMMUNITY,HEALTH2017-000495,2401 COUNTRY VIEW LN,8,1 - Routine,Jadyn Starnes,not about a closure,"business closing, moving or remodeling (own decision)",-Kitchen will be closing next week- undetermined if it will be re-opened,,2024-10-28,1 - Routine,2
FOOD-010368-2024,13066,2024-06-25,ELIS AFRICAN MARKET,HEALTH2020-00186,1434 N CENTRAL EXPY 102,18,1 - Routine,Victoria Goldston,ambiguous,no sinks / no hot water,"Facility is NOT permitted to package or handle food items without handsink, 3 compartment sink. hot water, and an approved preparation area. Facility shall cease operations.","""Facility shall cease operations"" may mean the unpermitted packaging operation or the whole market; closure also threatened for no hot water",2025-07-28,1 - Routine,16
FOOD-019078-2024,11040,2024-06-26,BLUE GOOSE,HEALTH2017-006230,2020 N CENTRAL EXPY FH,7,1 - Routine,Shane Salley,closed or suspended at this inspection,walk-in cooler failure,All temperature sensitive foods must be discarded that have been out of temperature range. ... Please contact me before reopening establishment.,"closure implied by ""Please contact me before reopening establishment""; next inspection matched by hand: BLUE GOOSE, 2020 N CENTRAL EXPY, permit HEALTH2024-00877 (permit number changed)",2024-10-30,1 - Routine,2
FOOD-018259-2024,10776,2024-06-27,A ROMA ITALIAN KITCHEN,HEALTH2024-00120,3520 W UNIVERSITY DR 400,30,1 - Routine,Victoria Goldston,ambiguous,"score 30 under a ""30 or more"" closure rule",30 DEMERITS OR MORE SHALL RESULT IN IMMEDIATE 24 HOUR CLOSURE.,notes state the rule but record no closure,2024-10-30,1 - Routine,4
FOOD-110531-2023,14109,2024-06-28,SHOGUN HIBACHI & SUSHI,HEALTH2017-001309,1230 CENTRAL EXPY,28,1 - Routine,Victoria Goldston,closure threatened (e.g. unpaid or expired permit),score-threshold warning (30/31+ demerits = closure),30 DEMERITS OR MORE IS IMMEDIATE CLOSURE.,,,,
FOOD-005014-2024,9237,2024-07-09,NEIGHBORHOOD NOSH,HEALTH2019-00598,4100 S RIDGE RD,14,1 - Routine,Victoria Goldston,closed or suspended at this inspection,no hot water (food prep suspended),Facility shall cease all food prep and shall not be permitted to handle food items that require preparation until hot water is restored.,told to operate as a convenience store selling prepackaged items only,,,
FOOD-014008-2024,160,2024-07-11,POPSHELF,HEALTH2022-00217,2821 CRAIG DR 100,2,1 - Routine,Victoria Goldston,closure threatened (e.g. unpaid or expired permit),permit renewal,Failure to comply will result in closure.,,2025-01-22,1 - Routine,0
FOOD-041070-2024,16012,2024-07-23,SUSHI BOX,HEALTH2024-00382,8930 SH 121 562,15,1 - Routine,Victoria Goldston,not about a closure,process or area ordered to stop (not the establishment),Next violation will unpermit facility from acidifying rice.,,2024-11-21,1 - Routine,12
FOOD-024711-2024,6163,2024-07-24,El Mejor Mexican Kitchen + Cantina,HEALTH2019-00544,119 W VIRGINIA ST,2,1 - Routine,Shane Salley,not about a closure,process or area ordered to stop (not the establishment),Please cease all operation at this “coffee bar” until approved.,,2024-11-14,1 - Routine,2
FOOD-023427-2024,3661,2024-07-29,THE RANCH COUNTRY CLUB POOL SNACK BAR,HEALTH2024-00198,5901 GLEN OAKS DR,0,1 - Routine,David Lerma,not about a closure,snack bar / kitchen closed by operator,Pool Snack bar is closed until further notice per kitchen manager.,,2025-06-18,1 - Routine,4
FOOD-119318-2023,13220,2024-08-06,DOLLAR TREE #05875,HEALTH2017-007408,1970 N CENTRAL EXPY,4,1 - Routine,Victoria Goldston,closure threatened (e.g. unpaid or expired permit),permit renewal,FAILURE TO RENEW HEALTH PERMIT BY THURSDAY AUGUST 8TH BY 4PM SHALL RESULT IN CLOSURE.,,2025-02-14,1 - Routine,0
FOOD-027636-2024,1943,2024-08-27,Rice Garden,HEALTH2023-00407,7650 STACY RD 260,28,1 - Routine,Victoria Goldston,closure threatened (e.g. unpaid or expired permit),score-threshold warning (30/31+ demerits = closure),A Score of 30 demerits or more is an immediate closure.,,2024-11-26,1 - Routine,27
FOOD-056881-2024,1569,2024-08-27,ZAZA THAI,HEALTH2024-00064,7551 ELDORADO PKWY 200,30,1 - Routine,Jadyn Starnes,closure threatened (e.g. unpaid or expired permit),score-threshold warning (30/31+ demerits = closure),A score of 31 or higher will result in a closure of facility.,score 30; the rule in the note is 31 or more,2025-01-13,1 - Routine,26
FOOD-032751-2024,11056,2024-08-29,DONUT STATION,HEALTH2024-00078,4987 W UNIVERSITY DR 103,10,1 - Routine,Victoria Goldston,not about a closure,"item-21 boilerplate mentions ""closure offenses""",Facility shall have active managerial control at all times to prevent priority violations and closure offenses.,,2025-02-17,1 - Routine,7
FOOD-031890-2024,4528,2024-08-30,"MOOYAH BURGERS, FRIES & SHAKES",HEALTH2024-00058,3201 ELDORADO PKWY,7,1 - Routine,Victoria Goldston,not about a closure,"business closing, moving or remodeling (own decision)","Company is going to perform extensive job and it will create a lot of dust, so store will close for 2-3 days.",,2024-12-16,1 - Routine,9
FOOD-049931-2024,4573,2024-09-05,KFC #J625030 / TACO BELL,HEALTH2024-00087,2920 ELDORADO PKWY,1,1 - Routine,David Lerma,closed or suspended at this inspection,water leak (ceiling),You will need to close the establishment until the water leak has been repaired.,"score 1; next inspection matched by hand: KFC / TACO BELL #Y351063, 2920 ELDORADO PKWY, permit HEALTH2024-01344 (permit number changed)",2025-04-10,1 - Routine,4
FOOD-059271-2024,2003,2024-09-13,Dream Your Cakes,HEALTH2024-00467,1530 S INDEPENDENCE PKWY 170,16,1 - Routine,Victoria Goldston,not about a closure,process or area ordered to stop (not the establishment),Facility shall either cease process or install handsink in front area.,,2025-03-20,1 - Routine,15
FOOD-031615-2024,837,2024-09-16,Rice and Noodle,HEALTH2024-00218,1521 N CUSTER RD 2600,33,1 - Routine,Victoria Goldston,closed or suspended at this inspection,score above 30,The establishment must close until the above items have been corrected and a $100 re-inspection fee has been paid.,,2025-02-06,1 - Routine,28
FOOD-056540-2024,1723,2024-09-16,The Common Table,HEALTH2023-00337,6651 ALMA RD 350,28,1 - Routine,Victoria Goldston,closure threatened (e.g. unpaid or expired permit),score-threshold warning (30/31+ demerits = closure),SCORING 30 DEMERITS OR MORE IS IMMEDIATE CLOSURE.,,2024-12-12,1 - Routine,23
FOOD-065819-2024,12711,2024-09-18,ZEN HIBACHI,HEALTH2024-00082,2750 S CENTRAL EXPY 100,27,1 - Routine,Victoria Goldston,closure threatened (e.g. unpaid or expired permit),score-threshold warning (30/31+ demerits = closure),30 DEMERITS OR MORE IS IMMEDIATE CLOSURE.,,2025-01-29,1 - Routine,26
FOOD-068981-2024,10790,2024-09-23,F&F JAPANESE GRILL,HEALTH2024-00190,8930 SH 121 586,37,1 - Routine,Victoria Goldston,closed or suspended at this inspection,score above 30,"DUE TO FACILITY SCORING 37 DEMERITS, FACILITY IS CLOSED UNTIL 10AM 9/24/24 FOLLOWING A REINSPECTION.",,2024-09-24,6 - Reinspection,18
FOOD-106096-2024,10789,2024-09-24,F&F JAPANESE GRILL,HEALTH2024-00190,8930 SH 121 586,18,6 - Reinspection,Victoria Goldston,approved to reopen (reinspection),,FACILITY HAS PASSED REINSPECTION AND IS PERMITTED TO REOPEN.,,2024-11-14,6 - Reinspection,27
FOOD-064934-2024,263,2024-09-26,AREPAS,HEALTH2024-00554,3751 S STONEBRIDGE DR 400,26,1 - Routine,Victoria Goldston,closure threatened (e.g. unpaid or expired permit),score-threshold warning (30/31+ demerits = closure),30 DEMERITS OR MORE IS AN AUTOMATIC CLOSURE.,,2025-01-21,1 - Routine,24
FOOD-061944-2024,10830,2024-09-30,51 CLUB BREAKFAST HOUSE,HEALTH2024-00029,7560 SH 121 100,24,1 - Routine,Victoria Goldston,closure threatened (e.g. unpaid or expired permit),score-threshold warning (30/31+ demerits = closure),A SCORE OF 30 DEMERITS OR MORE SHALL RESULT IN IMMEDIATE CLOSURE.,inspection_number appears on 2 rows (other OBJECTID 10832),2025-01-28,1 - Routine,22
FOOD-061944-2024,10832,2024-09-30,51 CLUB BREAKFAST HOUSE,HEALTH2024-00029,7560 SH 121 100,24,1 - Routine,Victoria Goldston,closure threatened (e.g. unpaid or expired permit),score-threshold warning (30/31+ demerits = closure),A SCORE OF 30 DEMERITS OR MORE SHALL RESULT IN IMMEDIATE CLOSURE.,inspection_number appears on 2 rows (other OBJECTID 10830),2025-01-28,1 - Routine,22
FOOD-057899-2024,9873,2024-10-01,Touchmark at Emerald Lake - Senior Living Retirement Community,HEALTH2023-00390,350 S HARDIN BLVD,24,1 - Routine,Victoria Goldston,not about a closure,process or area ordered to stop (not the establishment),Cease operation.,,,,
FOOD-077812-2024,1180,2024-10-04,DESI SPICE CAFE,HEALTH2024-00780,1411 N CUSTER RD 700,34,1 - Routine,Victoria Goldston,closed or suspended at this inspection,score above 30,"DUE TO SCORING 34 DEMERITS, FACILITY IS CLOSED.",,2024-10-06,6 - Reinspection,8
FOOD-044727-2024,12249,2024-10-07,SLAUGHTER ELEMENTARY CAFETERIA,HEALTH2017-000184,2706 WOLFORD ST MISD,7,1 - Routine,David Lerma,closed or suspended at this inspection,floor drain overflowing (wastewater),Facility shall cease food production.,school cafeteria; food production to cease,2025-03-25,1 - Routine,0
FOOD-048335-2024,3165,2024-10-25,STONEBRIDGE COUNTRY CLUB,HEALTH2024-00212,7003 BEACON HILL RD,26,1 - Routine,Victoria Goldston,not about a closure,process or area ordered to stop (not the establishment),Facility shall cease operation until HACCP plan is submitted and approved.,,2025-04-15,1 - Routine,18
FOOD-059768-2024,14116,2024-10-30,RED HOT INDO-CHINESE & INDIAN KITCHEN,HEALTH2024-00076,3905 W UNIVERSITY DR 400,39,1 - Routine,Victoria Goldston,closed or suspended at this inspection,score above 30,FACILITY IS CLOSED DUE TO DEMERIT SCORE.,,2024-10-31,6 - Reinspection,20
FOOD-121139-2024,14114,2024-10-31,RED HOT INDO-CHINESE & INDIAN KITCHEN,HEALTH2024-00076,3905 W UNIVERSITY DR 400,20,6 - Reinspection,Victoria Goldston,approved to reopen (reinspection),,FACILITY SCORED A 20 AND IS PERMITTED TO REOPEN.,,2025-02-06,6 - Reinspection,20
FOOD-060172-2024,1654,2024-11-06,O'Desi aroma,HEALTH2024-00615,1620 N HARDIN BLVD 1800,17,1 - Routine,Victoria Goldston,not about a closure,process or area ordered to stop (not the establishment),Facility shall cease packaging operations.,,2025-03-07,1 - Routine,7
FOOD-081398-2024,6160,2024-11-14,El Mejor Mexican Kitchen + Cantina,HEALTH2019-00544,119 W VIRGINIA ST,2,1 - Routine,Shane Salley,not about a closure,process or area ordered to stop (not the establishment),Please cease all operation at this “coffee bar” until approved.,,,,
FOOD-061613-2024,15722,2024-11-18,HASHTAG INDIA,HEALTH2023-00486,3510 W UNIVERSITY DR 100,36,1 - Routine,Jadyn Starnes,closed or suspended at this inspection,score above 30,"***Due to facility scoring more than 31 points, facility is to close and remain closed until reinspection occurs on 11/19/2024.",,2024-11-19,1 - Routine,7
FOOD-127886-2024,15720,2024-11-19,HASHTAG INDIA,HEALTH2023-00486,3510 W UNIVERSITY DR 100,7,1 - Routine,Jadyn Starnes,approved to reopen (reinspection),,Re-inspection following closure on 11/18/2024 ... Facility is approved to open,purpose coded Routine,2024-12-26,1 - Routine,19
FOOD-118419-2024,1947,2024-11-26,Rice Garden,HEALTH2024-01141,7650 STACY RD 260,27,1 - Routine,Victoria Goldston,closure threatened (e.g. unpaid or expired permit),score-threshold warning (30/31+ demerits = closure),A Score of 30 demerits or more is an immediate closure.,,2025-04-15,1 - Routine,22
FOOD-087920-2024,1854,2024-12-12,VALERIES TACO SHOP,HEALTH2024-00104,6720 ALMA RD 100,13,1 - Routine,Shane Salley,closure threatened (e.g. unpaid or expired permit),fees,Failure to pay $650 in total fees within 24 hours will result in additional fees and closure of facility.,,2025-04-24,1 - Routine,12
FOOD-128070-2024,15715,2024-12-26,HASHTAG INDIA,HEALTH2023-00486,3510 W UNIVERSITY DR 100,19,1 - Routine,Jadyn Starnes,not about a closure,monthly follow-up after an earlier closure,***Second monthly inspection following closure on 11/18/2024**,,2025-02-05,1 - Routine,14
FOOD-088099-2024,6830,2025-01-15,EL POLLO ALEGRE,HEALTH2024-00840,1211 N TENNESSEE ST,27,1 - Routine,Victoria Goldston,closure threatened (e.g. unpaid or expired permit),score-threshold warning (30/31+ demerits = closure),SCORE OF 30 DEMERITS IS AUTOMATIC CLOSURE.,,2025-07-31,1 - Routine,13
FOOD-107798-2024,261,2025-01-21,AREPAS,HEALTH2024-00554,3751 S STONEBRIDGE DR 400,24,1 - Routine,Victoria Goldston,closure threatened (e.g. unpaid or expired permit),score-threshold warning (30/31+ demerits = closure),30 DEMERITS OR MORE IS AN AUTOMATIC CLOSURE.,inspection_number appears on 2 rows (other OBJECTID 262),2025-07-23,1 - Routine,24
FOOD-107798-2024,262,2025-01-21,AREPAS,HEALTH2024-00554,3751 S STONEBRIDGE DR 400,24,1 - Routine,Victoria Goldston,closure threatened (e.g. unpaid or expired permit),score-threshold warning (30/31+ demerits = closure),30 DEMERITS OR MORE IS AN AUTOMATIC CLOSURE.,inspection_number appears on 2 rows (other OBJECTID 261),2025-07-23,1 - Routine,24
FOOD-104378-2024,12733,2025-01-29,ZEN HIBACHI,HEALTH2024-00082,2750 S CENTRAL EXPY 100,26,1 - Routine,Victoria Goldston,closure threatened (e.g. unpaid or expired permit),score-threshold warning (30/31+ demerits = closure),30 DEMERITS OR MORE IS IMMEDIATE CLOSURE.,,2025-07-18,1 - Routine,25
FOOD-067335-2024,144,2025-01-30,STARWOOD CAFE,HEALTH2017-09622,2821 CRAIG DR 101,4,1 - Routine,David Lerma,closure threatened (e.g. unpaid or expired permit),permit renewal,Failure to do so will result in a closure.,,,,
FOOD-092935-2024,6259,2025-02-05,FONTINA RISTORANTE,HEALTH2024-00557,216 E VIRGINIA ST,19,1 - Routine,Victoria Goldston,closure threatened (e.g. unpaid or expired permit),floor drain not draining (wastewater),"Waste water in facility will require immediate closure, address issue before waste water continues not to drain.",,2025-08-28,1 - Routine,21
FOOD-004091-2025,15727,2025-02-05,HASHTAG INDIA,HEALTH2025-00024,3510 W UNIVERSITY DR 100,14,1 - Routine,Jadyn Starnes,not about a closure,monthly follow-up after an earlier closure,***Third monthly inspection following closure on 11/18/2024**,,2026-02-03,1 - Routine,10
FOOD-089398-2024,1727,2025-02-07,SUGARBACON,HEALTH2024-00854,216 W VIRGINIA ST 101,27,1 - Routine,Victoria Goldston,closed or suspended at this inspection,no hot water,Facility shall cease all food operations until hot water is restored.,,2025-08-27,1 - Routine,20
FOOD-105708-2024,12626,2025-02-18,CICI PIZZA,HEALTH2024-00827,320 N CENTRAL EXPY,8,1 - Routine,David Lerma,closure threatened (e.g. unpaid or expired permit),make table not working,"If this issue is not fixed by tomorrow, you may not open to the public.",,2025-08-26,1 - Routine,3
FOOD-082599-2024,12093,2025-02-18,CHOP SHOP WINE BAR,HEALTH2024-00823,7560 SH 121 150,4,1 - Routine,David Lerma,closure threatened (e.g. unpaid or expired permit),permit fees,Failure to do so will result in a closure.,,2025-08-14,1 - Routine,7
FOOD-102711-2024,2002,2025-03-20,Dream Your Cakes,HEALTH2024-00467,1530 S INDEPENDENCE PKWY 170,15,1 - Routine,Victoria Goldston,not about a closure,process or area ordered to stop (not the establishment),Facility shall either cease process or install handsink in front area.,,2025-09-24,1 - Routine,20
FOOD-119483-2024,3171,2025-04-15,STONEBRIDGE COUNTRY CLUB SNACK BAR POOL,HEALTH2024-00213,7003 BEACON HILL RD,0,1 - Routine,Victoria Goldston,not about a closure,"business closing, moving or remodeling (own decision)",The snack bar is currently not being used and might close permanently by the end of the year.,,,,
FOOD-131046-2024,1945,2025-04-15,Rice Garden,HEALTH2024-01141,7650 STACY RD 260,22,1 - Routine,Victoria Goldston,closure threatened (e.g. unpaid or expired permit),score-threshold warning (30/31+ demerits = closure),A Score of 30 demerits or more is an immediate closure.,inspection_number appears on 2 rows (other OBJECTID 1946),2025-11-06,1 - Routine,30
FOOD-131046-2024,1946,2025-04-15,Rice Garden,HEALTH2024-01141,7650 STACY RD 260,22,1 - Routine,Victoria Goldston,closure threatened (e.g. unpaid or expired permit),score-threshold warning (30/31+ demerits = closure),A Score of 30 demerits or more is an immediate closure.,inspection_number appears on 2 rows (other OBJECTID 1945),2025-11-06,1 - Routine,30
FOOD-129448-2024,16021,2025-04-15,SUSHI BOX,HEALTH2024-00382,8930 SH 121 562,19,1 - Routine,Victoria Goldston,closed or suspended at this inspection,expired permit and unpaid fees,You will need to close the establishment until you have applied for the new health permit and paid all the fees duel.,,2025-10-30,1 - Routine,21
FOOD-134489-2024,643,2025-04-16,C2K2 SUGAR RUSH,HEALTH2024-00097,1550 S CUSTER RD 200,6,1 - Routine,Jadyn Starnes,closure threatened (e.g. unpaid or expired permit),permit fees,Facility to pay for permit by 3/18/2025 to avoid potential closure,,,,
FOOD-127018-2024,7096,2025-04-22,BERMUDA'S GRILL & BAR,HEALTH2024-01227,6145 ALMA RD,0,1 - Routine,David Lerma,not about a closure,closed for season,"Per owner Susan, the establishment is closed for the season.",,2025-04-22,1 - Routine,0
FOOD-127312-2024,7094,2025-04-22,BERMUDA'S GRILL & BAR,HEALTH2024-01226,6145 ALMA RD,0,1 - Routine,David Lerma,not about a closure,closed for season,"Per owner Susan, the establishment is closed for the season.",,2025-10-08,1 - Routine,1
FOOD-009818-2025,12780,2025-06-10,SHAKE SUM LLC,HEALTH2024-00676,2875 S CENTRAL EXPY,0,1 - Routine,Jadyn Starnes,not about a closure,"business closing, moving or remodeling (own decision)",Out of Business- equipment removed,,,,
FOOD-072782-2024,9486,2025-06-25,DHAMAKA,HEALTH2024-00452,6851 VIRGINIA PKWY,21,1 - Routine,Shane Salley,not about a closure,"business closing, moving or remodeling (own decision)",Will be reopening in a couple of week,,2025-12-03,1 - Routine,0
FOOD-030922-2025,2035,2025-07-01,THE VEG PALACE,HEALTH2025-00191,4041 S CUSTER RD 2160,29,1 - Routine,Victoria Goldston,closure threatened (e.g. unpaid or expired permit),score-threshold warning (30/31+ demerits = closure),A score of 30 demerits or more shall result in immediate closure.,,2025-12-31,1 - Routine,27
FOOD-006414-2025,271,2025-07-23,AREPAS,HEALTH2024-00554,3751 S STONEBRIDGE DR 400,24,1 - Routine,Victoria Goldston,closure threatened (e.g. unpaid or expired permit),score-threshold warning (30/31+ demerits = closure),30 DEMERITS OR MORE IS AN AUTOMATIC CLOSURE.,,2026-01-15,1 - Routine,27
FOOD-107786-2024,13065,2025-07-28,ELIS AFRICAN MARKET,HEALTH2024-01015,1434 N CENTRAL EXPY 102,16,1 - Routine,Victoria Goldston,not about a closure,process or area ordered to stop (not the establishment),Remove all equipment in area and cease operation.,,2026-01-14,1 - Routine,13
FOOD-003491-2025,1570,2025-07-29,ZAZA THAI,HEALTH2024-00064,7551 ELDORADO PKWY 200,34,1 - Routine,Jadyn Starnes,closed or suspended at this inspection,score above 30,"***Due to facility scoring more than 31 points, facility is to close and remain closed until reinspection occurs on 7/30/2025.",,2025-07-30,1 - Routine,5
FOOD-076290-2025,1567,2025-07-30,ZAZA THAI,HEALTH2024-00064,7551 ELDORADO PKWY 200,5,1 - Routine,Jadyn Starnes,approved to reopen (reinspection),,Re-inspection following closure on 7/29/2025 ... Facility is approved to open,purpose coded Routine,2025-09-04,1 - Routine,19
FOOD-112696-2024,6499,2025-07-30,HUTCHINS BBQ & GRILL,HEALTH2024-01076,1301 N TENNESSEE ST,17,1 - Routine,Victoria Goldston,not about a closure,process or area ordered to stop (not the establishment),Facility shall cease process and properly cook all items to proper cook temperature.,,2026-01-30,1 - Routine,8
FOOD-016032-2025,15142,2025-08-06,EGGMANIA,HEALTH2024-00831,8950 SH 121 310,18,1 - Routine,Jadyn Starnes,closure threatened (e.g. unpaid or expired permit),permit renewal,Please renew asap to avoid additional fees or potential closure,,,,
FOOD-014517-2025,303,2025-08-18,WINGSTOP #964,HEALTH2024-01070,7645 S CUSTER RD 410,6,1 - Routine,Victoria Goldston,closure threatened (e.g. unpaid or expired permit),plumbing repair,Potential closure if plumbing is not addressed.,,2026-02-06,1 - Routine,9
FOOD-013019-2025,1016,2025-08-27,Lockwood Distilling Company Restaurant & Distillery Food and Drinks Retail,HEALTH2024-00168,205 W LOUISIANA ST 102,1,1 - Routine,Shane Salley,not about a closure,not open / not operating at visit,Facility is not serving food at this time.,,2026-02-24,1 - Routine,2
FOOD-045736-2025,1159,2025-08-28,Mah Jong Chinese Kitchen,HEALTH2024-01303,210 N CUSTER RD 130,40,1 - Routine,Victoria Goldston,closed or suspended at this inspection,score above 30,"DUE TO FACILITY SCORING OVER 30 DEMERITS, FACILITY IS CLOSED FOR 24 HOURS.",,2025-08-29,6 - Reinspection,19
FOOD-088095-2025,1146,2025-08-29,Mah Jong Chinese Kitchen,HEALTH2024-01303,210 N CUSTER RD 130,19,6 - Reinspection,Victoria Goldston,approved to reopen (reinspection),,FACILITY IS PERMITTED TO OPEN DUE TO SCORING 20 DEMERITS OR LESS.,,2026-02-26,1 - Routine,22
FOOD-076493-2025,1565,2025-09-04,ZAZA THAI,HEALTH2024-00064,7551 ELDORADO PKWY 200,19,1 - Routine,Jadyn Starnes,not about a closure,monthly follow-up after an earlier closure,***Second monthly inspection following closure on 7/29/2025**,,2025-10-17,1 - Routine,12
FOOD-031659-2025,13094,2025-09-22,DICKEY'S BARBEQUE,HEALTH2024-00105,600 N CENTRAL EXPY,13,1 - Routine,Victoria Goldston,closure threatened (e.g. unpaid or expired permit),floor drain not draining (wastewater),Failure to comply shall result a reinspection with fee and closure on 9/23/25.,,,,
FOOD-028637-2025,2004,2025-09-24,Dream Your Cakes,HEALTH2024-00467,1530 S INDEPENDENCE PKWY 170,20,1 - Routine,Victoria Goldston,not about a closure,process or area ordered to stop (not the establishment),Facility shall either cease process or install handsink in front area.,,2026-03-18,1 - Routine,18
FOOD-027621-2025,2956,2025-09-29,COLLIN COUNTY MINIMUM SECURITY FACILITY,HEALTH2025-00113,4800 COMMUNITY AVE,0,1 - Routine,Shane Salley,not about a closure,"business closing, moving or remodeling (own decision)",Closed for construction at this time,,,,
FOOD-089960-2025,1572,2025-10-17,ZAZA THAI,HEALTH2024-00064,7551 ELDORADO PKWY 200,12,1 - Routine,Jadyn Starnes,not about a closure,monthly follow-up after an earlier closure,***Second monthly inspection following closure on 7/29/2025**,,2026-04-07,1 - Routine,22
FOOD-036191-2025,11050,2025-10-22,THAI NOODLE WAVE,HEALTH2025-00011,2775 S CENTRAL EXPY 180,35,1 - Routine,Emmanuel Adagbon,closed or suspended at this inspection,score above 30,Due to scoring higher than a 30 you will have to close for 24-hours.,,2025-10-23,6 - Reinspection,11
FOOD-042154-2025,16443,2025-10-27,TASTE OF INDIA,HEALTH2024-00079,1925 N CENTRAL EXPY 430,40,1 - Routine,Emmanuel Adagbon,closed or suspended at this inspection,score above 30,Due to scoring higher than a 30 you will have to close for 24-hours.,,2025-10-28,6 - Reinspection,14
FOOD-034410-2025,6236,2025-10-29,CADENCE CYCLERY,HEALTH2024-00631,119 S TENNESSEE ST,7,1 - Routine,Emmanuel Adagbon,not about a closure,not open / not operating at visit,CFM: Wottage Coffee was not open during the time of the inspection.,,2026-04-28,1 - Routine,3
FOOD-044748-2025,10571,2025-11-05,JUNGLE BURGER,HEALTH2024-00150,318 N CENTRAL EXPY,40,1 - Routine,Emmanuel Adagbon,closed or suspended at this inspection,score above 30,Due to scoring higher than a 30 you will have to close for 24-hours.,,2025-11-06,6 - Reinspection,12
FOOD-037850-2025,1944,2025-11-06,Rice Garden,HEALTH2024-01141,7650 STACY RD 260,30,1 - Routine,Victoria Goldston,ambiguous,"score 30 under a ""30 or more"" closure rule",SCORING A 30 OR HIGHER IS AN AUTOMATIC 24 HOUR CLOSURE WITH FINE.,notes state the rule but record no closure,2026-04-01,1 - Routine,17
FOOD-036443-2025,55,2025-11-17,RIVERA'S SALVA TEX-MEX,HEALTH2025-00086,1321 N TENNESSEE ST 100,32,1 - Routine,Emmanuel Adagbon,closed or suspended at this inspection,score above 30,Due to scoring higher than a 30 you will have to close for 24-hours.,,2025-11-18,6 - Reinspection,13
FOOD-044160-2025,1978,2025-11-18,The Stix Icehouse Restaurant,HEALTH2024-01075,301 ELDORADO PKWY 100,22,1 - Routine,Emmanuel Adagbon,closure threatened (e.g. unpaid or expired permit),no valid permit,"Must obtain Food establishment health permit within 14 days, December 2, 2025 or a closure notice may be issued.",,2026-06-02,1 - Routine,18
FOOD-024510-2025,9581,2025-11-19,COMPANY KITCHEN,HEALTH2024-00997,7677 HENNEMAN WAY,0,1 - Routine,Emmanuel Adagbon,not about a closure,"business closing, moving or remodeling (own decision)",Establishment is out of business.,,,,
FOOD-038700-2025,1935,2025-11-26,THE CHAAT BAR,HEALTH2025-00262,5121 COLLIN MCKINNEY PKWY 200,2,1 - Routine,Shane Salley,not about a closure,"business closing, moving or remodeling (own decision)",- Facility has been closed for 4 months.,,2026-05-13,1 - Routine,4
FOOD-044200-2025,12581,2025-11-26,BLUE OLIVE GRILL,HEALTH2025-00091,2414 W UNIVERSITY DR 124,29,1 - Routine,Emmanuel Adagbon,closure threatened (e.g. unpaid or expired permit),further violations,- Further violations may result in citations or closure.,,2026-06-25,1 - Routine,27
FOOD-043839-2025,932,2025-11-26,TANTRA,HEALTH2025-00001,6675 MEDITERRANEAN DR 3120,39,1 - Routine,Emmanuel Adagbon,closed or suspended at this inspection,score above 30,Due to scoring higher than a 30 you will have to close for 24-hours.,,2025-11-28,4 - Follow Up,11
FOOD-063487-2025,9506,2025-12-03,DHAMAKA,HEALTH2024-00452,6851 VIRGINIA PKWY,0,1 - Routine,Emmanuel Adagbon,not about a closure,"business closing, moving or remodeling (own decision)",Facility is closed.,,,,
FOOD-060927-2025,5114,2025-12-16,HOLIDAY INN,HEALTH2024-00525,3220 CRAIG DR,8,1 - Routine,Shane Salley,closed or suspended at this inspection,no sanitizer for dish machine,Facility is closed for the day and shall not reopen until proper sanitation can be achieved.,,2026-06-24,1 - Routine,7
FOOD-108259-2025,1181,2026-01-06,SALEM RR BIRYANI,HEALTH2025-00658,1411 N CUSTER RD 700,37,1 - Routine,Victoria Goldston,closed or suspended at this inspection,score above 30,FACILITY IS CLOSED UNTIL A REINSPECTION SCORING 20 DEMERITS OR LESS OCCURS.,,2026-01-07,6 - Reinspection,11
FOOD-068445-2025,15218,2026-01-06,CINNAHOLIC,HEALTH2025-00130,8930 SH 121 570,7,1 - Routine,Emmanuel Adagbon,closure threatened (e.g. unpaid or expired permit),no valid permit,"- Must obtain Food establishment health permit within 14 days, January 20, 2026 or a closure notice may be issued.",,,,
FOOD-001327-2026,1177,2026-01-07,SALEM RR BIRYANI,HEALTH2025-00658,1411 N CUSTER RD 700,11,6 - Reinspection,Victoria Goldston,closed or suspended at this inspection,no hot water,FACILITY IS NOT PERMITTED TO OPERATE DUE TO NO HOT WATER IN FACILITY AND WATER HEATER NOT SUFFICIENT FOR FACILITY NEEDS.,reinspection the day after the 1/6 closure; not allowed to reopen,2026-07-01,1 - Routine,15
FOOD-067299-2025,11071,2026-01-30,Papa John's #5235,HEALTH2025-00065,8710 W UNIVERSITY DR 130,8,1 - Routine,Emmanuel Adagbon,closure threatened (e.g. unpaid or expired permit),permit renewal,Renew Food Establishment Health permit via www.mckinneytexas.org/css and pay permit fees or closure notice may be issued.,,,,
FOOD-103749-2025,14313,2026-01-30,Salata,HEALTH2025-00165,3540 W UNIVERSITY DR 400,8,1 - Routine,Emmanuel Adagbon,closure threatened (e.g. unpaid or expired permit),permit renewal,"- Must renew Food Establishment Health permit by end of day February 2, 2026 via www.mckinneytexas.org/css and pay permit fees or closure notice may be issued.",,2026-07-24,1 - Routine,5
FOOD-087530-2025,992,2026-02-26,KOJI SUSHI,HEALTH2025-00058,101 N MCDONALD ST 105B,31,1 - Routine,Emmanuel Adagbon,closed or suspended at this inspection,score above 30,- Due to scoring higher than a 30 you will have to close for 24-hours.,,2026-02-27,4 - Follow Up,10
FOOD-090733-2025,11155,2026-03-11,DONUT TOWN,HEALTH2024-00296,215 E UNIVERSITY DR 101,35,1 - Routine,Emmanuel Adagbon,closed or suspended at this inspection,score above 30,Due to scoring higher than a 30 you will have to close for 24-hours.,,2026-03-12,6 - Reinspection,18
FOOD-094488-2025,11492,2026-03-13,ROCKFISH SEAFOOD GRILL,HEALTH2024-00048,2780 S CENTRAL EXPY,22,1 - Routine,Emmanuel Adagbon,closure threatened (e.g. unpaid or expired permit),permit renewal,"- Must renew Food Establishment Health permit by March 18, 2026 via www.mckinneytexas.org/css and pay permit fees or closure notice may be issued.",,,,
FOOD-106768-2025,7598,2026-03-26,JUAREZ,HEALTH2024-00845,311 E LOUISIANA ST,16,1 - Routine,Billy Smith,not about a closure,facility-wide no hot water; no closure recorded,31 - Observed that there is no hot water at any hand-sink.,no hot water at any hand sink,,,
FOOD-104516-2025,12220,2026-04-06,DONUT HOPE,HEALTH2024-01020,1504 W UNIVERSITY DR A,12,1 - Routine,Nala Guidry,closed or suspended at this inspection,inadequate refrigeration,Closure: ... Due to inadequate refrigeration.,,,,
FOOD-111127-2025,16020,2026-04-16,SUSHI BOX,HEALTH2024-00382,8930 SH 121 562,25,1 - Routine,Nala Guidry,closure threatened (e.g. unpaid or expired permit),permit renewal,"Must renew Food Establishment Health permit by end of day, April 17,2026 via www.mckinneytexas.org/css and pay permit fees or late fees will be added and/or closure notice may be issued.",,,,
FOOD-110517-2025,6234,2026-04-28,CADENCE CYCLERY,HEALTH2024-00631,119 S TENNESSEE ST,3,1 - Routine,Nala Guidry,not about a closure,not open / not operating at visit,CFM: Wottage Coffee was not open during the time of the inspection.,,,,
FOOD-115456-2025,2036,2026-05-28,MEXINDO RESTAURANT AND BAR,HEALTH2024-01251,4051 S CUSTER RD 1110,34,1 - Routine,Emmanuel Adagbon,closed or suspended at this inspection,score above 30,- Due to scoring higher than a 30 you will have to close for 24-hours.,,2026-05-29,1 - Routine,6
FOOD-001563-2026,1807,2026-06-02,Subway,HEALTH2025-00456,7500 STACY RD 100,12,1 - Routine,Nala Guidry,closure threatened (e.g. unpaid or expired permit),expired permit,Establishment cannot operate without health permit. ... Correct by:06/04 to avoid closure.,,,,
FOOD-007088-2026,3346,2026-06-05,TOM THUMB #296 - STARBUCKS,HEALTH2024-00429,6800 VIRGINIA PKWY,2,1 - Routine,Nala Guidry,closure threatened (e.g. unpaid or expired permit),expired permit,Food establishments cannot operate without a health permit.,states that establishments cannot operate without a permit; no deadline or closure stated,,,
FOOD-117037-2025,56,2026-06-10,RIVERA'S SALVA TEX-MEX,HEALTH2025-00086,1321 N TENNESSEE ST 100,31,1 - Routine,Emmanuel Adagbon,closed or suspended at this inspection,score above 30,- Due to scoring higher than a 30 you will have to close for 24-hours.,,2026-06-11,1 - Routine,9
FOOD-115266-2025,670,2026-06-22,IMPERIAL GARDEN GRILL,HEALTH2024-01006,4610 ELDORADO PKWY 200,31,1 - Routine,Emmanuel Adagbon,closed or suspended at this inspection,score above 30,-  Due to scoring higher than a 30 you will have to close for 24-hours.,,2026-06-23,1 - Routine,17
FOOD-124507-2025,5111,2026-06-24,HOLIDAY INN,HEALTH2024-00525,3220 CRAIG DR,7,1 - Routine,Shane Salley,ambiguous,no sanitizer for dish machine,Facility is closed for the day and shall not reopen until proper sanitation can be achieved.,closure sentence is word for word the same as the 2025-12-16 notes; may have been carried over,,,
FOOD-124977-2025,1338,2026-07-01,Kyoto Hibachi Sushi & Bar,HEALTH2024-00642,1620 N HARDIN BLVD 1200,31,1 - Routine,Emmanuel Adagbon,closed or suspended at this inspection,score above 30,- Due to scoring higher than a 30 you will have to close for 24-hours.,,2026-07-02,1 - Routine,10
FOOD-007003-2026,15883,2026-07-27,BRAUM'S ICE CREAM #77,HEALTH2024-00793,1800 N CENTRAL EXPY,30,1 - Routine,Emmanuel Adagbon,closure threatened (e.g. unpaid or expired permit),no valid permit,"- Must obtain Food establishment health permit within 14 days, August 10, 2026 or a closure notice may be issued.",score 30,,,
FOOD-012690-2026,63,2026-08-27,MOUZON FIELDS CONCESSION STAND,HEALTH2024-00432,1307 GREENVILLE RD,0,1 - Routine,Emmanuel Adagbon,not about a closure,not open / not operating at visit,- Establishment was not operating during the time of the inspection.,,,,
