permit_id,establishment_name,address,city,zip,location_key,permit_type,permit_category,food_type,owner_name,inspections,routine_inspections,reinspections,first_inspection,latest_inspection,latest_score,max_score,mean_routine_score,total_violation_entries,total_scored_violation_entries,total_priority_items_out,total_repeat_entries,inspections_mentioning_closure,permit_page_url
8B505D20-D794-41E0-8B9F-D7EB7E162CA2,11 DINING LLC (T-MOBILE CAFE),3560 DALLAS PKWY,Frisco,75034,3560 DALLAS PKWY | 75034,Food Establishment II,Food establishment,Coffee House & Cafe,11 DINING LLC,2,2,0,2026-01-08,2026-09-23,1,3,2.0,7,4,0,0,0,https://inspections.myhealthdepartment.com/frisco/permit/?permitID=8B505D20-D794-41E0-8B9F-D7EB7E162CA2
17138B3B-350A-4E87-B0A5-2B49938C6FF2,16 HANDLES,15922 ELDORADO PKWY 500,Frisco,75035,15922 ELDORADO PKWY 500 | 75035,Food Establishment II,Food establishment,Ice Cream,ASD Foods LLC,3,3,0,2025-08-06,2026-09-18,6,6,3.33,6,6,0,2,0,https://inspections.myhealthdepartment.com/frisco/permit/?permitID=17138B3B-350A-4E87-B0A5-2B49938C6FF2
27C06CCD-98CB-46E5-BDED-E55EAC95BA35,246 THAI GRAB & GO,9370 WARREN PKWY 140,Frisco,,9370 WARREN PKWY 140 | ,Food Establishment III,Food establishment,Thai,PAE-TAI TOSITRAKUL,4,4,0,2025-07-17,2026-08-27,17,17,4.25,12,9,3,0,0,https://inspections.myhealthdepartment.com/frisco/permit/?permitID=27C06CCD-98CB-46E5-BDED-E55EAC95BA35
B634C825-E963-461E-844E-FA46356BBB2C,3W CONCESSIONS - WARREN SPORTS COMPLEX,7599 ELDORADO PKWY,Frisco,75033,7599 ELDORADO PKWY | 75033,CONC,Concession stand,American,SEALE CORP,1,1,0,2025-08-28,2025-08-28,0,0,0.0,0,0,0,0,0,https://inspections.myhealthdepartment.com/frisco/permit/?permitID=B634C825-E963-461E-844E-FA46356BBB2C
CBD76CDF-C3CB-4F40-976D-98BAAA656281,54TH STREET RESTAURANT & DRAFTHOUSE,9449 DALLAS PKWY,Frisco,75033,9449 DALLAS PKWY | 75033,Food Establishment II,Food establishment,American,MICHAEL NORSWORTHY,3,3,0,2025-07-08,2026-06-25,0,12,7.0,15,13,3,0,0,https://inspections.myhealthdepartment.com/frisco/permit/?permitID=CBD76CDF-C3CB-4F40-976D-98BAAA656281
27F1889C-D718-4E97-84F9-54C25DDDD00D,5TH INDIA BAZAAR,8998 PRESTON RD 100,Frisco,75034,8998 PRESTON RD 100 | 75034,Grocery Store I,Grocery,Indian,ANAND PABARI,3,3,0,2025-08-13,2026-06-29,5,5,2.33,7,5,0,0,0,https://inspections.myhealthdepartment.com/frisco/permit/?permitID=27F1889C-D718-4E97-84F9-54C25DDDD00D
FC6923C0-4D3D-4376-9ECB-72BF86A322EB,5TH STREET PATIO CAFE,8621 5TH ST,Frisco,75034,8621 5TH ST | 75034,Food Establishment II,Food establishment,Cafe,KYUNG CINDY LEE,2,2,0,2025-11-20,2026-07-13,15,15,10.5,16,14,3,2,0,https://inspections.myhealthdepartment.com/frisco/permit/?permitID=FC6923C0-4D3D-4376-9ECB-72BF86A322EB
30538403-4A06-4C9D-A846-83857E495087,7-ELEVEN,7950 GAYLORD PKWY,Frisco,75034,7950 GAYLORD PKWY | 75034,Food Establishment II,Food establishment,Convenience,ATM CONVENIENCE CORPORATION,2,2,0,2025-09-24,2026-04-07,0,2,1.0,1,1,0,0,0,https://inspections.myhealthdepartment.com/frisco/permit/?permitID=30538403-4A06-4C9D-A846-83857E495087
45DFA2C1-93B5-4DD9-9CDB-F1CEBF88CD33,7-ELEVEN,3650 PRESTON RD,Frisco,75034,3650 PRESTON RD | 75034,Food Establishment II,Food establishment,Convenience,MEHUL JARODIYA,2,2,0,2025-10-15,2026-04-16,2,3,2.5,3,2,1,0,0,https://inspections.myhealthdepartment.com/frisco/permit/?permitID=45DFA2C1-93B5-4DD9-9CDB-F1CEBF88CD33
E4323205-F522-42C7-B0AC-64D198BB3C14,7-ELEVEN,3330 LEGACY DR,Frisco,75034,3330 LEGACY DR | 75034,Food Establishment II,Food establishment,Convenience,ROBERT JOHN GROUP LLC,2,2,0,2025-10-24,2026-05-13,3,3,1.5,4,2,0,0,0,https://inspections.myhealthdepartment.com/frisco/permit/?permitID=E4323205-F522-42C7-B0AC-64D198BB3C14
7FFB51E0-62FE-432A-B033-332DD7E0F74F,7-ELEVEN,6311 HILLCREST RD,Frisco,75035,6311 HILLCREST RD | 75035,Food Establishment II,Food establishment,Convenience,AASTHA INTERNATIONAL LLC,2,2,0,2025-11-17,2026-06-01,2,2,1.0,2,2,0,0,0,https://inspections.myhealthdepartment.com/frisco/permit/?permitID=7FFB51E0-62FE-432A-B033-332DD7E0F74F
E96A3FED-6980-4EB3-A0D4-92A9890D1064,7-ELEVEN,11065 FM 720,Frisco,75035,11065 FM 720 | 75035,Food Establishment II,Food establishment,Convenience,Dee Patel,2,2,0,2025-12-31,2026-07-15,0,0,0.0,1,0,0,0,0,https://inspections.myhealthdepartment.com/frisco/permit/?permitID=E96A3FED-6980-4EB3-A0D4-92A9890D1064
54030F8D-2ED5-4F31-B474-090F0F14D473,7-ELEVEN # 34041C,8130 DALLAS PKWY,Frisco,75034,8130 DALLAS PKWY | 75034,Food Establishment II,Food establishment,Convenience,MAFRISCO LLC,2,2,0,2025-09-18,2026-04-06,5,5,3.5,5,4,0,1,0,https://inspections.myhealthdepartment.com/frisco/permit/?permitID=54030F8D-2ED5-4F31-B474-090F0F14D473
DE89C1E9-0A86-4C97-B292-8B90BF7E8802,7-ELEVEN # 35428,11655 PRESTON RD,Frisco,75033,11655 PRESTON RD | 75033,Food Establishment II,Food establishment,Convenience,"KEANE, INCORPORATED",3,3,0,2025-07-09,2026-09-01,0,1,0.33,2,1,0,0,0,https://inspections.myhealthdepartment.com/frisco/permit/?permitID=DE89C1E9-0A86-4C97-B292-8B90BF7E8802
D06BB2CF-8814-4825-98DA-C25A90226805,7-ELEVEN #33119A,4609 COIT RD,Frisco,75035,4609 COIT RD | 75035,Food Establishment II,Food establishment,Convenience,TRANG VO,2,2,0,2025-10-27,2026-05-15,0,1,0.5,1,1,0,0,0,https://inspections.myhealthdepartment.com/frisco/permit/?permitID=D06BB2CF-8814-4825-98DA-C25A90226805
14F893D2-6470-41AD-AA5F-BD134775494C,7-ELEVEN #38030,14441 ELDORADO PKWY,Frisco,,14441 ELDORADO PKWY | ,Food Establishment II,Food establishment,Convenience,MD FARHAD RAHMAN,2,2,0,2025-06-30,2026-01-14,3,3,1.5,1,1,1,0,0,https://inspections.myhealthdepartment.com/frisco/permit/?permitID=14F893D2-6470-41AD-AA5F-BD134775494C
EFBBFD6B-036D-4625-9277-2A4F30597CDC,7-ELEVEN #38460H,1225 UNIVERSITY DR,Frisco,75033,1225 UNIVERSITY DR | 75033,Food Establishment II,Food establishment,Convenience,"7-ELEVEN, INC.",3,3,0,2025-07-01,2026-06-29,2,2,0.67,1,1,0,0,0,https://inspections.myhealthdepartment.com/frisco/permit/?permitID=EFBBFD6B-036D-4625-9277-2A4F30597CDC
05CC959B-D333-4736-A192-B218D7224A40,7-ELEVEN 33127A,5403 DALLAS PKWY N,Frisco,75034,5403 DALLAS PKWY N | 75034,Food Establishment II,Food establishment,Convenience,DUC TRAN,2,2,0,2025-09-09,2026-03-17,4,4,2.0,4,2,0,0,0,https://inspections.myhealthdepartment.com/frisco/permit/?permitID=05CC959B-D333-4736-A192-B218D7224A40
AB28F34D-9C7B-464E-B24C-72FA2AFC1DA5,7-ELEVEN CONVENIENCE STORE #34482C,4420 LEGACY DR,Frisco,75034,4420 LEGACY DR | 75034,Food Establishment II,Food establishment,Convenience,Butbhavani Inc.,2,2,0,2026-01-20,2026-06-09,3,5,4.0,4,3,2,0,0,https://inspections.myhealthdepartment.com/frisco/permit/?permitID=AB28F34D-9C7B-464E-B24C-72FA2AFC1DA5
3B829C4F-2506-460D-8684-7FE13CD76636,7-ELEVEN STORE #39216,15185 PRESTON RD,Frisco,75033,15185 PRESTON RD | 75033,Food Establishment II,Food establishment,Convenience,WILLS INVESTMENT TEXAS LLC,2,2,0,2025-10-31,2026-04-22,0,0,0.0,0,0,0,0,0,https://inspections.myhealthdepartment.com/frisco/permit/?permitID=3B829C4F-2506-460D-8684-7FE13CD76636
CB3C8F75-4EE8-476C-AE5C-AB49A7A633B8,7-ELEVEN STORE #39311,5032 PRESTON RD,Frisco,75034,5032 PRESTON RD | 75034,Food Establishment II,Food establishment,Convenience,WILLS INVESTMENT,3,3,0,2025-07-08,2026-09-04,8,20,10.67,19,17,7,4,0,https://inspections.myhealthdepartment.com/frisco/permit/?permitID=CB3C8F75-4EE8-476C-AE5C-AB49A7A633B8
9076975B-3A9E-435A-9284-863463BCB992,7-Eleven Convenience Store #32242D,7225 PRESTON RD,Frisco,75034,7225 PRESTON RD | 75034,Food Establishment II,Food establishment,Convenience,Kaleabe Weyesa,2,2,0,2025-09-09,2026-03-18,7,7,4.5,6,6,0,0,0,https://inspections.myhealthdepartment.com/frisco/permit/?permitID=9076975B-3A9E-435A-9284-863463BCB992
11BB408C-BE9F-45B7-B387-B8ECFB358E6A,7-Eleven Convenience Store #34085B,10820 ELDORADO PKWY,Frisco,75035,10820 ELDORADO PKWY | 75035,Food Establishment II,Food establishment,Convenience,Gaurav Patel,2,2,0,2026-01-16,2026-08-25,2,2,1.0,5,3,0,0,0,https://inspections.myhealthdepartment.com/frisco/permit/?permitID=11BB408C-BE9F-45B7-B387-B8ECFB358E6A
5B4C13A6-39AD-47D2-A5BB-7A4BDFE02611,7-Eleven Convenience Store #37637H,7275 INDEPENDENCE PKWY,Frisco,75035,7275 INDEPENDENCE PKWY | 75035,Food Establishment II,Food establishment,Convenience,7-Eleven Inc,1,1,0,2025-11-04,2025-11-04,0,0,0.0,1,0,0,0,0,https://inspections.myhealthdepartment.com/frisco/permit/?permitID=5B4C13A6-39AD-47D2-A5BB-7A4BDFE02611
6C5A9309-4758-4918-A6A7-E3E630FB4C43,7-Eleven Convenience Store 37637B,7275 INDEPENDENCE PKWY,Frisco,75035,7275 INDEPENDENCE PKWY | 75035,Food Establishment II,Food establishment,Convenience,ALRASHEED LLC,1,1,0,2026-04-09,2026-04-09,0,0,0.0,2,0,0,0,0,https://inspections.myhealthdepartment.com/frisco/permit/?permitID=6C5A9309-4758-4918-A6A7-E3E630FB4C43
5A966442-EC5C-4157-86EF-C7EB951E5971,85C BAKERY CAFE,9292 WARREN PKWY 300,Frisco,,9292 WARREN PKWY 300 | ,Food Establishment II,Food establishment,Bakery,WINPIN 85 INVESTMENTS,2,2,0,2025-12-15,2026-09-02,6,6,3.0,6,3,1,0,0,https://inspections.myhealthdepartment.com/frisco/permit/?permitID=5A966442-EC5C-4157-86EF-C7EB951E5971
772C2D97-0A28-47A9-A506-31E41D91AD2E,88 BAOBAO,4800 ELDORADO PKWY 300,Frisco,75033,4800 ELDORADO PKWY 300 | 75033,Food Establishment II,Food establishment,Asian,johnny wong,3,3,0,2025-08-14,2026-07-10,6,13,7.0,13,13,3,2,0,https://inspections.myhealthdepartment.com/frisco/permit/?permitID=772C2D97-0A28-47A9-A506-31E41D91AD2E
E261481C-C615-43FA-881B-BC295852BF05,888 COOKHOUSE,3290 MAIN ST 202,Frisco,75033,3290 MAIN ST 202 | 75033,Food Establishment II,Food establishment,Asian,Tong Zhou,4,4,0,2025-08-05,2026-09-15,20,20,15.5,46,42,10,5,0,https://inspections.myhealthdepartment.com/frisco/permit/?permitID=E261481C-C615-43FA-881B-BC295852BF05
44FDE81C-3CBA-4E00-8462-5806EB60D438,99 RANCH MARKET,9292 WARREN PKWY,Frisco,,9292 WARREN PKWY | ,Grocery Store III,Grocery,Asian,"TAWA, INC.",2,2,0,2025-11-17,2026-03-05,18,18,17.5,27,26,6,2,0,https://inspections.myhealthdepartment.com/frisco/permit/?permitID=44FDE81C-3CBA-4E00-8462-5806EB60D438
511C59D0-0CC9-4D71-8F5E-363D18E41A01,A TASTE OF MARKET STREET #562 FUEL STATION,11725 DALLAS PKWY,Frisco,75033,11725 DALLAS PKWY | 75033,Food Establishment II,Food establishment,Convenience,"UNITED SUPERMARKETS, LLC",3,3,0,2025-07-11,2026-09-21,2,2,0.67,1,1,0,0,0,https://inspections.myhealthdepartment.com/frisco/permit/?permitID=511C59D0-0CC9-4D71-8F5E-363D18E41A01
72B3B0E6-29FD-4CDB-BA1B-6882EEDFE4D7,"A2B INDIAN VEGETARIAN RESTAURANTS/XENIOS HOSPITALITY, LLC",2429 PRESTON RD 100,Frisco,75034,2429 PRESTON RD 100 | 75034,Food Establishment III,Food establishment,Indian,A2B SWEETS & RESTAURANTS. LLC.,2,2,0,2025-11-14,2026-04-24,7,10,8.5,14,11,2,0,0,https://inspections.myhealthdepartment.com/frisco/permit/?permitID=72B3B0E6-29FD-4CDB-BA1B-6882EEDFE4D7
84DD0486-0556-4B0B-947C-6D36E6D49B93,ABHIRUCHI,615 MAIN ST 110,Frisco,75036,615 MAIN ST 110 | 75036,Food Establishment II,Food establishment,Indian,Swapna Arryam,2,2,0,2025-08-18,2026-06-03,16,16,15.5,20,17,5,2,1,https://inspections.myhealthdepartment.com/frisco/permit/?permitID=84DD0486-0556-4B0B-947C-6D36E6D49B93
35ACC44D-A422-4D91-9F19-CAA6C2F7D500,AC HOTEL BY MARRIOTT FRISCO STATION,4343 FRISCO GREEN AVE,Frisco,75034,4343 FRISCO GREEN AVE | 75034,Food Establishment II,Food establishment,Continental,Summit Hotel TRS 167 LLC,3,3,0,2025-08-05,2026-04-27,5,5,3.0,6,6,2,0,0,https://inspections.myhealthdepartment.com/frisco/permit/?permitID=35ACC44D-A422-4D91-9F19-CAA6C2F7D500
7862DEF5-A2DD-43E4-AA20-619898C04E95,ACEPIRE MONTESSORI ,2828 STONEBROOK PKWY,Frisco,75034,2828 STONEBROOK PKWY | 75034,DAYC,Child care,Institutional,ARKA FRISCO EDUCATORS LLC,4,4,0,2025-09-09,2026-08-10,8,8,3.25,10,6,2,0,0,https://inspections.myhealthdepartment.com/frisco/permit/?permitID=7862DEF5-A2DD-43E4-AA20-619898C04E95
A78A706E-3C6B-4D5A-9C36-EE81B4369B2D,AFC SUSHI @ TOM THUMB,4848 PRESTON RD,Frisco,75034,4848 PRESTON RD | 75034,Food Establishment III,Food establishment,Asian,AFC SUSHI @ TOM THUMB #2581,4,4,0,2025-08-05,2026-08-31,0,0,0.0,1,0,0,0,0,https://inspections.myhealthdepartment.com/frisco/permit/?permitID=A78A706E-3C6B-4D5A-9C36-EE81B4369B2D
1359CFE6-0FAF-4CD9-AAC7-E5B835FA5F82,AFC SUSHI @ TOM THUMB,5550 FM 423,Frisco,75036,5550 FM 423 | 75036,Food Establishment III,Food establishment,Asian,ADVANCED FRESH CONCEPTS,3,3,0,2025-11-20,2026-08-19,3,3,1.0,4,1,1,0,0,https://inspections.myhealthdepartment.com/frisco/permit/?permitID=1359CFE6-0FAF-4CD9-AAC7-E5B835FA5F82
B97DB59D-2927-46A2-9708-48A3398547A1,AFC SUSHI @ TOM THUMB #11,11411 COIT RD,Frisco,75035,11411 COIT RD | 75035,Food Establishment III,Food establishment,Japanese,ADVANCED FRESH CONCEPTS,4,4,0,2025-07-31,2026-05-15,0,0,0.0,1,0,0,0,0,https://inspections.myhealthdepartment.com/frisco/permit/?permitID=B97DB59D-2927-46A2-9708-48A3398547A1
AD82C9EC-50DB-420C-9B3D-65C4105A89D8,AFC SUSHI @ UNITED MARKET #685,4268 LEGACY DR,Frisco,75034,4268 LEGACY DR | 75034,Food Establishment III,Food establishment,Asian,ADVANCED FRESH CONCEPTS CORP,3,3,0,2025-08-01,2026-05-12,0,3,1.0,1,1,1,0,0,https://inspections.myhealthdepartment.com/frisco/permit/?permitID=AD82C9EC-50DB-420C-9B3D-65C4105A89D8
D7CF2828-F40D-4A05-AB7E-782C92DADC54,AFC SUSHI @ United Market #562,11999 DALLAS PKWY,Frisco,75033,11999 DALLAS PKWY | 75033,Food Establishment III,Food establishment,Asian,ADVANCED FRESH CONCEPTS,4,4,0,2025-07-11,2026-09-21,0,1,0.75,3,3,0,0,0,https://inspections.myhealthdepartment.com/frisco/permit/?permitID=D7CF2828-F40D-4A05-AB7E-782C92DADC54
DA404117-3ED8-4818-97FF-7F2648DAA0F5,AHAA KITCHEN ,7967 CUSTER RD Ste 200,Frisco,75035,7967 CUSTER RD 200 | 75035,Food Establishment II,Food establishment,Indian,Satish Kotaptai,2,2,0,2025-11-12,2026-07-09,16,16,13.5,21,16,3,3,0,https://inspections.myhealthdepartment.com/frisco/permit/?permitID=DA404117-3ED8-4818-97FF-7F2648DAA0F5
5834099C-6B93-49D7-A04F-8E024A8A62F3,ALDI FOOD STORE,6951 PRESTON RD,Frisco,75034,6951 PRESTON RD | 75034,Grocery Store I,Grocery,Grocery,"ALDI TEXAS, LLC",3,3,0,2025-07-29,2026-08-26,2,2,1.33,2,2,0,1,0,https://inspections.myhealthdepartment.com/frisco/permit/?permitID=5834099C-6B93-49D7-A04F-8E024A8A62F3
E15392A1-524F-4F5D-9A1D-8F95550E0A13,ALLEN ELEMENTARY CAFE,5800 LEGACY DR,Frisco,,5800 LEGACY DR | ,School and City,School or city facility,Institutional,ALLEN ELEMENTARY CAFE,2,2,0,2025-09-08,2026-04-09,0,0,0.0,0,0,0,0,0,https://inspections.myhealthdepartment.com/frisco/permit/?permitID=E15392A1-524F-4F5D-9A1D-8F95550E0A13
8FB4A404-45B1-44D4-B212-1A32C5DBB055,ALOFT FRISCO HOTEL,3202 PARKWOOD BLVD,Frisco,75034,3202 PARKWOOD BLVD | 75034,Food Establishment II,Food establishment,American,"AIGGRE TX HOTEL FRISCO OWNER, LLC",2,2,0,2025-10-06,2026-05-13,0,0,0.0,0,0,0,0,0,https://inspections.myhealthdepartment.com/frisco/permit/?permitID=8FB4A404-45B1-44D4-B212-1A32C5DBB055
95C19F50-3BFE-458D-AF46-DF2F7F84B01F,ALOFT FRISCO HOTEL ,3202 PARKWOOD BLVD,Frisco,75034,3202 PARKWOOD BLVD | 75034,Food Establishment II,Food establishment,Continental,Touchstone Hospitality LLC,2,2,0,2026-02-09,2026-06-26,0,0,0.0,0,0,0,0,0,https://inspections.myhealthdepartment.com/frisco/permit/?permitID=95C19F50-3BFE-458D-AF46-DF2F7F84B01F
EBC8B23C-7429-4E5D-9F82-7132AE3F3F19,ALPHA MONTESSORI SCHOOL,14275 ROLATER RD,Frisco,75035,14275 ROLATER RD | 75035,DAYC,Child care,Institutional,ALPHA MONTESSORI,5,5,0,2025-06-25,2026-09-02,0,1,0.2,2,1,0,0,0,https://inspections.myhealthdepartment.com/frisco/permit/?permitID=EBC8B23C-7429-4E5D-9F82-7132AE3F3F19
0050ED19-D7BF-4E24-993C-3B36543AF048,AMAZING CHILDREN'S MONTESSORI SCHOOL,11445 INDEPENDENCE PKWY,Frisco,75035,11445 INDEPENDENCE PKWY | 75035,DAYC,Child care,Institutional,MANISH K KHATRI,4,4,0,2025-06-25,2026-05-21,0,0,0.0,1,0,0,0,0,https://inspections.myhealthdepartment.com/frisco/permit/?permitID=0050ED19-D7BF-4E24-993C-3B36543AF048
8CCAEEBD-BC89-4027-9F4D-45ECE66073EF,AMBROSIA AND FIG CATERING AND EVENTS LLC,4681 OHIO DR,Frisco,75035,4681 OHIO DR | 75035,Food Establishment II,Food establishment,Specialty,Michelle Rutherford-Smith,3,3,0,2025-07-15,2026-08-12,0,0,0.0,0,0,0,0,0,https://inspections.myhealthdepartment.com/frisco/permit/?permitID=8CCAEEBD-BC89-4027-9F4D-45ECE66073EF
F007905A-E67A-43F3-9F4A-4EEA246A8E4A,AMC THEATERS STONEBRIAR MALL,2601 PRESTON RD 300,Frisco,75034,2601 PRESTON RD 300 | 75034,Food Establishment II,Food establishment,Convenience,"AMC ITD, INC.",2,2,0,2025-09-15,2026-03-11,0,0,0.0,0,0,0,0,0,https://inspections.myhealthdepartment.com/frisco/permit/?permitID=F007905A-E67A-43F3-9F4A-4EEA246A8E4A
07FF62B4-01DB-4301-A4F1-BADFDFC5C6EE,AMRUT COFFEE & CHAI ,7511 MAIN ST 190,Frisco,75034,7511 MAIN ST 190 | 75034,Food Establishment II,Food establishment,Coffee House & Cafe,Sri Sai Sashank Pyneni,1,1,0,2025-10-24,2025-10-24,0,0,0.0,0,0,0,0,0,https://inspections.myhealthdepartment.com/frisco/permit/?permitID=07FF62B4-01DB-4301-A4F1-BADFDFC5C6EE
3495A5EF-8383-45F9-9AD2-6B06DFF85E6C,ANAYA'S SEAFOOD FRISCO,4350 MAIN ST,Frisco,75033,4350 MAIN ST | 75033,Food Establishment II,Food establishment,Seafood,ANAYA'S SEAFOOD2 LLC,3,3,0,2025-08-06,2026-04-28,8,9,8.0,14,13,4,0,0,https://inspections.myhealthdepartment.com/frisco/permit/?permitID=3495A5EF-8383-45F9-9AD2-6B06DFF85E6C
CEE54863-7F59-43D8-969B-EF6CCBBC9158,ANCHOR BAR,6129 MAIN ST,Frisco,75034,6129 MAIN ST | 75034,Food Establishment II,Food establishment,American,AV Group Anchor1 LLC,2,2,0,2026-02-16,2026-09-22,3,3,1.5,2,1,1,0,0,https://inspections.myhealthdepartment.com/frisco/permit/?permitID=CEE54863-7F59-43D8-969B-EF6CCBBC9158
299D9DDE-D624-4505-B1ED-6003FF434839,ANDY'S FROZEN CUSTARD,16061 ELDORADO PKWY,Frisco,75035,16061 ELDORADO PKWY | 75035,Food Establishment II,Food establishment,Ice Cream,Rancher's Custard Company,3,3,0,2025-07-11,2026-08-12,3,6,3.0,9,5,1,2,0,https://inspections.myhealthdepartment.com/frisco/permit/?permitID=299D9DDE-D624-4505-B1ED-6003FF434839
82E2B5CA-10EA-4E2A-8B82-A0EF04180AEF,ANDY'S FROZEN CUSTARD,11575 FRISCO ST,Frisco,,11575 FRISCO ST | ,Food Establishment II,Food establishment,Ice Cream,JOSH ALSIP,2,2,0,2025-10-06,2026-05-05,3,3,2.0,6,3,0,0,0,https://inspections.myhealthdepartment.com/frisco/permit/?permitID=82E2B5CA-10EA-4E2A-8B82-A0EF04180AEF
952A65E0-47B4-423B-B7B6-E460E4CA57F1,ANDY'S FROZEN CUSTARD,9310 LEBANON RD,Frisco,75034,9310 LEBANON RD | 75034,Food Establishment II,Food establishment,Ice Cream,RANCHER'S CUSTARD COMPANY,2,2,0,2025-10-27,2026-04-22,4,4,2.5,3,3,0,0,0,https://inspections.myhealthdepartment.com/frisco/permit/?permitID=952A65E0-47B4-423B-B7B6-E460E4CA57F1
996A42C6-BFBB-4048-87FD-C2E762F4A234,ANNIE'S SWEETS & TREATS,5480 FM 423 200,Frisco,,5480 FM 423 200 | ,Food Establishment II,Food establishment,Bakery,HANNAH JO,2,2,0,2025-08-08,2026-02-24,11,11,9.5,13,12,2,2,0,https://inspections.myhealthdepartment.com/frisco/permit/?permitID=996A42C6-BFBB-4048-87FD-C2E762F4A234
827FFED4-4DCD-4B75-B762-6653E23FA114,ANNIE'S SWEETS & TREATS,12255 UNIVERSITY DR #250,Frisco,75035,12255 UNIVERSITY DR 250 | 75035,Food Establishment II,Food establishment,Bakery,Jungjin Kim,2,2,0,2025-12-23,2026-07-20,7,7,3.5,6,6,0,0,0,https://inspections.myhealthdepartment.com/frisco/permit/?permitID=827FFED4-4DCD-4B75-B762-6653E23FA114
AFFAD1A8-565D-4312-BEBB-0D758F1A9A6A,ANNIES STREET FOODS,9292 WARREN PKWY 108,Frisco,75035,9292 WARREN PKWY 108 | 75035,Food Establishment II,Food establishment,Korean,Annie Choi,4,4,0,2025-07-15,2026-07-02,6,18,10.25,26,24,6,5,0,https://inspections.myhealthdepartment.com/frisco/permit/?permitID=AFFAD1A8-565D-4312-BEBB-0D758F1A9A6A
7B5DA5C7-D6A1-41BA-BD1A-EC1BC95C1148,APPLE CREEK PRESCHOOL,7797 STONEBROOK PKWY,Frisco,75034,7797 STONEBROOK PKWY | 75034,DAYC,Child care,Institutional,TAMMIE WILLIAMS,1,1,0,2025-08-21,2025-08-21,0,0,0.0,0,0,0,0,0,https://inspections.myhealthdepartment.com/frisco/permit/?permitID=7B5DA5C7-D6A1-41BA-BD1A-EC1BC95C1148
7DB5C189-90E8-49D3-A252-1D77FFA60461,ARBY'S,5244 PRESTON RD,Frisco,75034,5244 PRESTON RD | 75034,Food Establishment II,Food establishment,Fast Food,SUN HOLDING INC,2,2,0,2025-09-02,2026-03-10,0,0,0.0,0,0,0,0,0,https://inspections.myhealthdepartment.com/frisco/permit/?permitID=7DB5C189-90E8-49D3-A252-1D77FFA60461
C67C32D8-62DE-401C-8F7E-2D55A27C07B5,ARIA GRILL,1701 LEGACY DR 125,Frisco,75034,1701 LEGACY DR 125 | 75034,Food Establishment II,Food establishment,Mediterranean,ARIA GRILL LLC,3,3,0,2025-08-20,2026-04-10,9,10,7.67,11,10,6,0,0,https://inspections.myhealthdepartment.com/frisco/permit/?permitID=C67C32D8-62DE-401C-8F7E-2D55A27C07B5
B080D43B-E550-4038-A732-55B81C37B3F3,ARWA COFFEE,3211 PRESTON RD Suite 1,Frisco,75034,3211 PRESTON RD 1 | 75034,Food Establishment II,Food establishment,Coffee House & Cafe,Yazan Soofi,2,2,0,2025-12-01,2026-06-25,6,6,5.0,6,6,1,0,0,https://inspections.myhealthdepartment.com/frisco/permit/?permitID=B080D43B-E550-4038-A732-55B81C37B3F3
2B09BEC6-1353-4023-B82E-9F1EEC9503D9,ASCENSION COFFEE,3625 THE STAR BLVD 300,Frisco,75034,3625 THE STAR BLVD 300 | 75034,Food Establishment II,Food establishment,Coffee House & Cafe,ASCENSION COFFEE,3,3,0,2025-08-12,2026-09-24,22,22,14.0,31,27,7,0,0,https://inspections.myhealthdepartment.com/frisco/permit/?permitID=2B09BEC6-1353-4023-B82E-9F1EEC9503D9
4BC33094-F589-456A-AF20-8B428DB64C89,ASHLEY ELEMENTARY,15601 CHRISTOPHER LN,Frisco,75035,15601 CHRISTOPHER LN | 75035,School and City,School or city facility,Institutional,FRISCO ISD,2,2,0,2025-09-04,2026-04-07,0,0,0.0,0,0,0,0,0,https://inspections.myhealthdepartment.com/frisco/permit/?permitID=4BC33094-F589-456A-AF20-8B428DB64C89
79447F1A-D618-4388-97D2-7A83EDE60024,ASPIRING MINDS MONTESSORI,12615 JEREME TRL,Frisco,75035,12615 JEREME TRL | 75035,DAYC,Child care,Institutional,PANKAJ KAPOOR,5,5,0,2025-06-25,2026-09-02,0,0,0.0,0,0,0,0,0,https://inspections.myhealthdepartment.com/frisco/permit/?permitID=79447F1A-D618-4388-97D2-7A83EDE60024
0A52AC26-76E9-42FD-8444-0D7077A2E74E,ASSISTED LIVING @ THE LANDING AT WATERMERE FRISCO,4300 COTTON GIN RD,Frisco,,4300 COTTON GIN RD | ,Food Establishment III,Food establishment,Institutional,INTEGRATED REAL ESTATE GROUP,3,3,0,2025-08-20,2026-05-18,0,0,0.0,2,0,0,0,0,https://inspections.myhealthdepartment.com/frisco/permit/?permitID=0A52AC26-76E9-42FD-8444-0D7077A2E74E
ABA12D4A-7F0F-4388-876B-F3E0E615F1B5,ATHIDHI,13089 Main St 100,Frisco,75035,13089 MAIN ST 100 | 75035,Food Establishment II,Food establishment,Indian,ATHIDHI FRISCO LLC,3,3,0,2025-11-10,2026-09-04,24,24,13.0,28,26,6,1,0,https://inspections.myhealthdepartment.com/frisco/permit/?permitID=ABA12D4A-7F0F-4388-876B-F3E0E615F1B5
F46A543B-E688-400E-AACE-287D1FE313FA,AUNTIE ANNE'S,2601 PRESTON RD 5508,Frisco,75034,2601 PRESTON RD 5508 | 75034,Food Establishment II,Food establishment,Bakery,"TEXAS PRETZELS, INC",1,1,0,2026-01-15,2026-01-15,0,0,0.0,3,0,0,0,0,https://inspections.myhealthdepartment.com/frisco/permit/?permitID=F46A543B-E688-400E-AACE-287D1FE313FA
D5AC9DF9-58FA-405D-950C-603ECB3EF358,AUNTIE ANNE'S & CINNABON ,8555 PRESTON RD,Frisco,75034,8555 PRESTON RD | 75034,Food Establishment II,Food establishment,Bakery,TKFTX Frisco LLC,1,1,0,2026-05-06,2026-05-06,4,4,4.0,4,3,0,0,0,https://inspections.myhealthdepartment.com/frisco/permit/?permitID=D5AC9DF9-58FA-405D-950C-603ECB3EF358
F1EBB05D-1B43-4190-92BB-3F1053C873E3,AUNTIE ANNE'S PRETZEL ,2601 PRESTON RD K242,Frisco,75034,2601 PRESTON RD K242 | 75034,Food Establishment II,Food establishment,Bakery,Fresh Dining Concepts LLC,2,2,0,2026-03-13,2026-08-18,4,4,3.0,3,3,1,0,1,https://inspections.myhealthdepartment.com/frisco/permit/?permitID=F1EBB05D-1B43-4190-92BB-3F1053C873E3
E352F8A4-B826-47B0-A64F-F88F006FDB0D,AUNTIE ANNE'S PRETZEL ,2601 PRESTON RD 5508,Frisco,75034,2601 PRESTON RD 5508 | 75034,Food Establishment II,Food establishment,Bakery,Fresh Dining Concepts LLC,2,2,0,2026-03-13,2026-08-18,2,2,2.0,2,2,0,0,1,https://inspections.myhealthdepartment.com/frisco/permit/?permitID=E352F8A4-B826-47B0-A64F-F88F006FDB0D
21F7E4A0-9784-4216-B314-19B6FA901D95,AUNTIE ANNE'S PRETZELS,2601 PRESTON RD K242,Frisco,75034,2601 PRESTON RD K242 | 75034,Food Establishment II,Food establishment,Bakery,TEXAS PRETZELS INC,2,2,0,2025-07-16,2026-01-20,0,0,0.0,0,0,0,0,0,https://inspections.myhealthdepartment.com/frisco/permit/?permitID=21F7E4A0-9784-4216-B314-19B6FA901D95
909BB894-D334-46D2-A0F8-9FA80C5993B2,AW SHUCKS OYSTER BAR,4710 PRESTON RD 340,Frisco,75034,4710 PRESTON RD 340 | 75034,Food Establishment III,Food establishment,Cajun,"ASFXX, INC",3,3,0,2025-10-09,2026-07-10,7,7,4.67,8,6,4,1,0,https://inspections.myhealthdepartment.com/frisco/permit/?permitID=909BB894-D334-46D2-A0F8-9FA80C5993B2
82A29DF0-6661-4D13-B3D5-06D577ABB719,B&B NEWS & MORE,2601 PRESTON RD 1260,Frisco,75034,2601 PRESTON RD 1260 | 75034,Food Establishment I,Food establishment,Convenience,RAMZAN DHARANI,2,2,0,2025-07-15,2026-08-07,0,0,0.0,0,0,0,0,0,https://inspections.myhealthdepartment.com/frisco/permit/?permitID=82A29DF0-6661-4D13-B3D5-06D577ABB719
1336DB57-1990-4B4E-A42B-A6F52A900556,BABE'S CHICKEN DINNER HOUSE,6475 PAGE RD,Frisco,75034,6475 PAGE RD | 75034,Food Establishment II,Food establishment,American,"ROVIN, INC",3,3,0,2025-08-26,2026-04-29,4,4,3.33,10,10,0,2,0,https://inspections.myhealthdepartment.com/frisco/permit/?permitID=1336DB57-1990-4B4E-A42B-A6F52A900556
C84A8EF6-29DC-43A4-82FB-9F2138A21B3A,BACCHUS BASEBALL PHASE 3,13995 MAIN ST,Frisco,75035,13995 MAIN ST | 75035,CONC,Concession stand,American,"R.S. LIM & SON, INC.",2,2,0,2025-07-29,2026-01-14,0,0,0.0,0,0,0,0,0,https://inspections.myhealthdepartment.com/frisco/permit/?permitID=C84A8EF6-29DC-43A4-82FB-9F2138A21B3A
77DEA429-1B2F-4EEB-884C-9D9E4F1456EA,BAGELOLOGY,252 W STONEBROOK PKWY 600,Frisco,75036,252 W STONEBROOK PKWY 600 | 75036,Food Establishment II,Food establishment,Bakery,Figs & Twigs LLC,3,3,0,2025-08-07,2026-04-14,0,4,1.67,6,6,0,0,0,https://inspections.myhealthdepartment.com/frisco/permit/?permitID=77DEA429-1B2F-4EEB-884C-9D9E4F1456EA
D5A0E7B0-F213-4767-A4D3-B6BFBAF73989,BAHAMA BUCKS,11288 LEGACY DR,Frisco,75033,11288 LEGACY DR | 75033,Food Establishment II,Food establishment,Ice Cream,Brandon Ruk,3,3,0,2025-07-08,2026-09-15,11,11,8.0,17,16,1,2,1,https://inspections.myhealthdepartment.com/frisco/permit/?permitID=D5A0E7B0-F213-4767-A4D3-B6BFBAF73989
1292AB55-6B21-456B-9576-80B8E1E9253C,BAONECCI,7151 PRESTON RD 451D,Frisco,75034,7151 PRESTON RD 451D | 75034,Food Establishment II,Food establishment,Italian,Walter Gambaccini,2,2,0,2025-10-31,2026-09-17,2,10,6.0,8,8,1,1,0,https://inspections.myhealthdepartment.com/frisco/permit/?permitID=1292AB55-6B21-456B-9576-80B8E1E9253C
55F696F1-C3AB-4715-835E-C9CF6B7186BC,BARNES & NOBLE,2601 PRESTON RD 1204,Frisco,75034,2601 PRESTON RD 1204 | 75034,Food Establishment II,Food establishment,Coffee House & Cafe,BARNES & NOBLE BOOKSELLERS INC,2,2,0,2025-12-05,2026-07-07,3,3,3.0,3,2,2,1,0,https://inspections.myhealthdepartment.com/frisco/permit/?permitID=55F696F1-C3AB-4715-835E-C9CF6B7186BC
48A2BBF3-0383-439E-9576-3E0611655DD9,BARNEY'S BRUNCH HOUSE,5480 FM 423 700,Frisco,75036,5480 FM 423 700 | 75036,Food Establishment II,Food establishment,Coffee House & Cafe,Barney's Brunch Frisco LLC,3,3,0,2025-07-21,2026-05-29,15,15,9.33,17,16,4,0,0,https://inspections.myhealthdepartment.com/frisco/permit/?permitID=48A2BBF3-0383-439E-9576-3E0611655DD9
ACA8592C-A474-421F-B0DD-ADD9EAF3C2B9,BARREL HOUSE,4453 MAIN ST 330,Frisco,75034,4453 MAIN ST 330 | 75034,Food Establishment II,Food establishment,American,Tapstreet Holdings LLC,3,3,0,2025-09-12,2026-07-27,1,8,4.33,12,7,3,1,0,https://inspections.myhealthdepartment.com/frisco/permit/?permitID=ACA8592C-A474-421F-B0DD-ADD9EAF3C2B9
F0CEF65B-AC99-4829-B225-60674F4E8B44,BASE SMOOTHIES + JUICE,11625 CUSTER RD 120,Frisco,75035,11625 CUSTER RD 120 | 75035,Food Establishment II,Food establishment,Cafe,Bumedijan Sejdini,3,3,0,2025-07-08,2026-08-11,1,1,0.67,3,2,0,0,0,https://inspections.myhealthdepartment.com/frisco/permit/?permitID=F0CEF65B-AC99-4829-B225-60674F4E8B44
728C4BDB-970F-4E83-9F92-6C99090D0482,BASKIN ROBBINS,7410 PRESTON RD.,Frisco,75034,7410 PRESTON RD | 75034,Food Establishment II,Food establishment,Ice Cream,ASLAM & SONS LLC.,3,3,0,2025-07-24,2026-08-19,0,0,0.0,5,0,0,0,0,https://inspections.myhealthdepartment.com/frisco/permit/?permitID=728C4BDB-970F-4E83-9F92-6C99090D0482
2017D82D-16BA-4555-B76B-6643E0E2B1A2,BASKIN ROBBINS,5251 Panther Creek Pkwy #700,Frisco,75033,5251 PANTHER CREEK PKWY 700 | 75033,Food Establishment II,Food establishment,Ice Cream,Melissia Chow,1,1,0,2026-05-05,2026-05-05,0,0,0.0,0,0,0,0,0,https://inspections.myhealthdepartment.com/frisco/permit/?permitID=2017D82D-16BA-4555-B76B-6643E0E2B1A2
5264F8AA-1150-4FFD-8F48-C8F974B87BC2,BAWARCHI BIRYANIS,8949 COIT RD 180,Frisco,75035,8949 COIT RD 180 | 75035,Food Establishment II,Food establishment,Indian,Trilok Foods LLC,3,3,0,2025-07-03,2026-03-23,12,26,17.67,41,39,8,2,0,https://inspections.myhealthdepartment.com/frisco/permit/?permitID=5264F8AA-1150-4FFD-8F48-C8F974B87BC2
EB30E41B-30C5-4B32-A272-0ADEC51E6FD5,BAWARCHI INDIAN CUISINE,4950 ELDORADO PKWY 500,Frisco,75033,4950 ELDORADO PKWY 500 | 75033,Food Establishment III,Food establishment,Indian,SAI SIDDHIVIAYAKA SYNDICATE LLC,4,4,0,2025-07-14,2026-04-30,24,27,20.75,53,51,15,7,1,https://inspections.myhealthdepartment.com/frisco/permit/?permitID=EB30E41B-30C5-4B32-A272-0ADEC51E6FD5
9BCF2E93-6B51-4BC5-B62B-121BF6875CA7,BAYLOR INSTITUTE FOR REHABILITATION AT FRISCO,2990 LEGACY DR,Frisco,75034,2990 LEGACY DR | 75034,Food Establishment III,Food establishment,Institutional,"BIR JV, LLP",3,3,0,2025-08-19,2026-06-01,0,0,0.0,4,0,0,0,0,https://inspections.myhealthdepartment.com/frisco/permit/?permitID=9BCF2E93-6B51-4BC5-B62B-121BF6875CA7
2B0D28E9-6913-45D1-8D21-31473DB1F75A,BAYLOR SCOTT & WHITE CENTENNIAL COFFEE SHOP,12505 LEBANON RD,Frisco,75035,12505 LEBANON RD | 75035,Food Establishment II,Food establishment,Coffee House & Cafe,BAYLOR SCOTT AND WHITE,3,3,0,2025-09-17,2026-08-28,1,1,0.33,4,1,0,0,0,https://inspections.myhealthdepartment.com/frisco/permit/?permitID=2B0D28E9-6913-45D1-8D21-31473DB1F75A
AC159CAF-A5A8-4D8B-9004-223CA153DF67,BAYLOR SCOTT & WHITE MEDICAL CENTER,5601 WARREN PKWY,Frisco,75034,5601 WARREN PKWY | 75034,Food Establishment III,Food establishment,Institutional,FRISCO MEDICAL CENTER,3,3,0,2025-10-22,2026-07-27,12,12,4.0,6,5,3,0,0,https://inspections.myhealthdepartment.com/frisco/permit/?permitID=AC159CAF-A5A8-4D8B-9004-223CA153DF67
F27E9F8B-3157-4BEE-8F73-05B48B47C7AD,BEAN & BARREL,1549 LEGACY DR,Frisco,75034,1549 LEGACY DR | 75034,Food Establishment II,Food establishment,Coffee House & Cafe,LSREF6 SW HOTEL LLC,2,2,0,2025-07-21,2026-02-18,3,3,1.5,3,1,1,0,0,https://inspections.myhealthdepartment.com/frisco/permit/?permitID=F27E9F8B-3157-4BEE-8F73-05B48B47C7AD
A1CFCEDD-855C-4DEC-ABBE-5C59509C167A,BEANS & BUBBLES,2552 STONEBROOK PKWY 202,Frisco,75034,2552 STONEBROOK PKWY 202 | 75034,Food Establishment II,Food establishment,Coffee House & Cafe,Nitesh Shrestha,3,3,0,2025-06-23,2026-07-08,10,17,12.0,28,24,2,6,1,https://inspections.myhealthdepartment.com/frisco/permit/?permitID=A1CFCEDD-855C-4DEC-ABBE-5C59509C167A
C836B5F9-31A9-44C1-918E-059614C9E057,BEE & LILY LLC,12400 DALLAS PKWY Gift Shop,Frisco,75033,12400 DALLAS PKWY GIFT SHOP | 75033,Food Establishment I,Food establishment,Convenience,Max Naraine,1,1,0,2026-06-04,2026-06-04,0,0,0.0,0,0,0,0,0,https://inspections.myhealthdepartment.com/frisco/permit/?permitID=C836B5F9-31A9-44C1-918E-059614C9E057
9E01A983-6AD0-4C33-9962-238D3A441405,BEEHIVE HOME BUILDING B,2660 TIMBER RIDGE DR,,,2660 TIMBER RIDGE DR | ,Food Establishment III,Food establishment,Institutional,EVANTAGE SYSTEMS LLC,4,4,0,2025-09-19,2026-08-25,0,9,3.0,7,6,3,0,0,https://inspections.myhealthdepartment.com/frisco/permit/?permitID=9E01A983-6AD0-4C33-9962-238D3A441405
3D86C0A1-4EAF-4522-9449-7737C9D68ADD,BEEHIVE HOMES BUILDING A,2660 TIMBER RIDGE DR,,,2660 TIMBER RIDGE DR | ,Food Establishment III,Food establishment,Institutional,EVANTAGE ASSISTED LIVING LLC,4,4,0,2025-09-19,2026-08-25,3,8,4.25,12,10,2,0,0,https://inspections.myhealthdepartment.com/frisco/permit/?permitID=3D86C0A1-4EAF-4522-9449-7737C9D68ADD
F25BA59C-14AF-4762-AC28-9E5B0FE366EA,BEEHIVE HOMES OF FRISCO,2660 TIMBER RIDGE RD,Frisco,,2660 TIMBER RIDGE RD | ,Food Establishment III,Food establishment,Institutional,EVANTAGE ASSISTED LIVING LLC,4,4,0,2025-09-19,2026-08-25,0,10,3.5,10,8,2,0,0,https://inspections.myhealthdepartment.com/frisco/permit/?permitID=F25BA59C-14AF-4762-AC28-9E5B0FE366EA
EBD5051D-0187-4A15-934F-0D5F4574C4B1,BELLA BELLA MOZZARELLA RESTAURANT,6549 COIT RD,Frisco,75035,6549 COIT RD | 75035,Food Establishment II,Food establishment,Italian,Sameh Sirri,1,1,0,2025-09-11,2025-09-11,8,8,8.0,5,5,0,0,0,https://inspections.myhealthdepartment.com/frisco/permit/?permitID=EBD5051D-0187-4A15-934F-0D5F4574C4B1
DDDE0A3F-0D21-4AD5-B7C4-8CF3D764F894,BENGONG'S TEA,9292 WARREN PKWY 200 / 102,Frisco,75035,9292 WARREN PKWY 200 / 102 | 75035,Food Establishment II,Food establishment,Asian,DAN QING BU YU LLC,2,2,0,2025-09-09,2026-03-03,8,8,6.0,11,10,0,1,1,https://inspections.myhealthdepartment.com/frisco/permit/?permitID=DDDE0A3F-0D21-4AD5-B7C4-8CF3D764F894
CD1EA285-7CF8-4F16-B7C5-4EFD2E74649E,BERRY & BATTER CAFE,2727 MAIN ST 600,Frisco,75036,2727 MAIN ST 600 | 75036,Food Establishment II,Food establishment,Cafe,Hea Kim,2,2,0,2025-12-15,2026-07-28,7,17,12.0,13,12,4,3,0,https://inspections.myhealthdepartment.com/frisco/permit/?permitID=CD1EA285-7CF8-4F16-B7C5-4EFD2E74649E
789D9690-DD22-4818-B952-C2D2A5B83EE4,BEST THAI,8897 COLEMAN BLVD,Frisco,75034,8897 COLEMAN BLVD | 75034,Food Establishment II,Food establishment,Thai,JASON BOONYARATAPAN,3,3,0,2025-07-14,2026-05-12,10,11,7.33,12,10,6,0,0,https://inspections.myhealthdepartment.com/frisco/permit/?permitID=789D9690-DD22-4818-B952-C2D2A5B83EE4
7FAD8F04-23E0-48AD-8E30-F3F546AD2081,BETHESDA GARDENS FRISCO,10588 LEGACY DR,Frisco,75033,10588 LEGACY DR | 75033,Food Establishment III,Food establishment,Institutional,BETHESDA SENIOR LIVING,4,4,0,2025-10-22,2026-09-21,0,3,1.25,5,3,0,0,0,https://inspections.myhealthdepartment.com/frisco/permit/?permitID=7FAD8F04-23E0-48AD-8E30-F3F546AD2081
22EF4333-7D2B-4C2C-A3FC-9758FBB923C3,BEVERAGE WORLD,7227 MAIN,Frisco,75034,7227 MAIN | 75034,Food Establishment I,Food establishment,Convenience,ROBIN LEE,1,1,0,2026-01-08,2026-01-08,4,4,4.0,3,2,1,0,0,https://inspections.myhealthdepartment.com/frisco/permit/?permitID=22EF4333-7D2B-4C2C-A3FC-9758FBB923C3
3FE46570-8B03-40B5-AFF8-EEB228CB7D41,BHARAT BHAVAN,13355 MAIN ST,Frisco,75035,13355 MAIN ST | 75035,Grocery Store II,Grocery,Grocery,Bharathram Rai,2,2,0,2025-11-11,2026-05-11,6,24,15.0,19,18,6,4,0,https://inspections.myhealthdepartment.com/frisco/permit/?permitID=3FE46570-8B03-40B5-AFF8-EEB228CB7D41
C77D58AC-A2AA-460D-81D7-8DB881855E95,BIG DASH ICE CREAM,2693 PRESTON RD 1090,Frisco,75034,2693 PRESTON RD 1090 | 75034,Food Establishment II,Food establishment,Coffee House & Cafe,MOHAMED NAFAL,2,2,0,2025-11-14,2026-07-02,6,6,5.5,10,9,1,1,0,https://inspections.myhealthdepartment.com/frisco/permit/?permitID=C77D58AC-A2AA-460D-81D7-8DB881855E95
5EEB6262-7F01-40EE-BF21-55EF43E194B5,BIG TEX MINI MART,8990 MAIN ST,Frisco,75033,8990 MAIN ST | 75033,Food Establishment I,Food establishment,Convenience,K3 BUSINESS MART LLC,1,1,0,2026-04-15,2026-04-15,2,2,2.0,2,2,0,0,0,https://inspections.myhealthdepartment.com/frisco/permit/?permitID=5EEB6262-7F01-40EE-BF21-55EF43E194B5
E9E49480-0C8B-4C54-AAF2-07528306C8D9,BIRDIES BREAKFAST CLUB,2115 UNIVERSITY DR 200,Frisco,75033,2115 UNIVERSITY DR 200 | 75033,Food Establishment II,Food establishment,Cafe,SEVENS FRISCO LLC,3,3,0,2025-08-11,2026-04-14,1,4,2.0,4,4,1,2,0,https://inspections.myhealthdepartment.com/frisco/permit/?permitID=E9E49480-0C8B-4C54-AAF2-07528306C8D9
7332304D-866A-4F57-951E-190EFB089CE8,BISCUIT,3401 PRESTON RD 16,Frisco,75034,3401 PRESTON RD 16 | 75034,Food Establishment II,Food establishment,Cafe,NEDA KALAFCHI,2,2,0,2025-09-24,2026-03-20,5,5,4.0,6,5,2,0,0,https://inspections.myhealthdepartment.com/frisco/permit/?permitID=7332304D-866A-4F57-951E-190EFB089CE8
12F68FB3-F822-4059-B797-FB074A7010C7,BITTY & BEAU'S COFFEE,6560 JOHN HICKMAN PKWY 500,Frisco,75034,6560 JOHN HICKMAN PKWY 500 | 75034,Food Establishment II,Food establishment,Coffee House & Cafe,David & Mandye Robinson,3,3,0,2025-07-10,2026-08-25,5,5,2.67,6,3,2,0,0,https://inspections.myhealthdepartment.com/frisco/permit/?permitID=12F68FB3-F822-4059-B797-FB074A7010C7
D6E9554A-8947-422D-BC53-4EEFE5A92389,BK DONUTS,8700 MAIN ST 140,Frisco,75033,8700 MAIN ST 140 | 75033,Food Establishment II,Food establishment,Bakery,TONY KIM,3,3,0,2025-07-01,2026-09-01,10,10,3.33,9,6,2,0,0,https://inspections.myhealthdepartment.com/frisco/permit/?permitID=D6E9554A-8947-422D-BC53-4EEFE5A92389
10C9B1E3-FAD9-46CF-93F2-23A1FA3E67A9,BLACK RIFLE COFFEE COMPANY NO 1047,16599 FM 423,Frisco,75033,16599 FM 423 | 75033,Food Establishment II,Food establishment,Cafe,BLACK RIFLE COFFEE COMPANY,2,2,0,2025-12-11,2026-07-29,2,2,2.0,3,3,0,0,0,https://inspections.myhealthdepartment.com/frisco/permit/?permitID=10C9B1E3-FAD9-46CF-93F2-23A1FA3E67A9
97D0279D-7A2B-482F-AFE9-401D37BA583E,BLACK ROCK COFFEE ,7030 Stonebrook Pkwy 200,Frisco,75034,7030 STONEBROOK PKWY 200 | 75034,Food Establishment II,Food establishment,Cafe,BLACK ROCK STORE OPERATIONS LLC,1,1,0,2026-05-04,2026-05-04,2,2,2.0,2,2,0,0,0,https://inspections.myhealthdepartment.com/frisco/permit/?permitID=97D0279D-7A2B-482F-AFE9-401D37BA583E
E400EBA0-F9C6-4323-9A76-B8FCBBB4B7BF,BLACK ROCK COFFEE BAR,8541 FM 423,Frisco,75036,8541 FM 423 | 75036,Food Establishment II,Food establishment,Coffee House & Cafe,BLACK ROCK STORE OPERATIONS LLC,3,3,0,2025-07-11,2026-08-10,11,11,6.33,17,15,2,1,0,https://inspections.myhealthdepartment.com/frisco/permit/?permitID=E400EBA0-F9C6-4323-9A76-B8FCBBB4B7BF
A5AC438A-378F-42E7-A82F-68E42B410B96,BLAZE PIZZA,11411 COIT RD STE 100,Frisco,75035,11411 COIT RD 100 | 75035,Food Establishment II,Food establishment,Pizza,"FIRE PIZZA 2, LLC",1,1,0,2025-07-22,2025-07-22,7,7,7.0,6,4,0,0,0,https://inspections.myhealthdepartment.com/frisco/permit/?permitID=A5AC438A-378F-42E7-A82F-68E42B410B96
F6E9798D-EF2F-4561-AE0D-77CD49854F27,BLAZE PIZZA,3311 PRESTON RD 13,Frisco,75034,3311 PRESTON RD 13 | 75034,Food Establishment II,Food establishment,Pizza,RANDALL BLAKESLEE,3,3,0,2025-09-10,2026-08-18,1,2,1.0,2,2,0,0,0,https://inspections.myhealthdepartment.com/frisco/permit/?permitID=F6E9798D-EF2F-4561-AE0D-77CD49854F27
595B945B-3CDF-4808-96EA-9EE20BD72DF8,BLUE FOX SPORTS BAR AND GRILL,8870 COIT RD 100,Frisco,75035,8870 COIT RD 100 | 75035,Food Establishment II,Food establishment,Fusion,BLUE FOX GROUP LLC,2,2,0,2025-12-09,2026-06-11,7,7,6.5,11,8,1,1,0,https://inspections.myhealthdepartment.com/frisco/permit/?permitID=595B945B-3CDF-4808-96EA-9EE20BD72DF8
AC0E6580-603B-47D1-8993-BC5462EA015B,BLUE GOOSE CANTINA,9320 DALLAS 140,Frisco,75034,9320 DALLAS 140 | 75034,Food Establishment II,Food establishment,Mexican,PETERSON MANAGEMENT GROUP,3,3,0,2025-08-11,2026-06-24,4,7,4.67,11,6,4,0,0,https://inspections.myhealthdepartment.com/frisco/permit/?permitID=AC0E6580-603B-47D1-8993-BC5462EA015B
878EA167-BC84-48EB-853B-AAC380CDD557,BLUEFIN FRISCO LLC,615 MAIN ST 100,Frisco,75036,615 MAIN ST 100 | 75036,Food Establishment II,Food establishment,Japanese,Jong S Kim,3,3,0,2025-08-29,2026-04-08,4,15,10.0,19,17,6,2,0,https://inspections.myhealthdepartment.com/frisco/permit/?permitID=878EA167-BC84-48EB-853B-AAC380CDD557
738772B2-8E0C-43A0-B9D8-3102EC2F467F,BOALS ELEMENTARY,2035 JAGUAR DR,Frisco,75033,2035 JAGUAR DR | 75033,School and City,School or city facility,Institutional,FRISCO ISD,2,2,0,2025-11-12,2026-05-12,0,0,0.0,0,0,0,0,0,https://inspections.myhealthdepartment.com/frisco/permit/?permitID=738772B2-8E0C-43A0-B9D8-3102EC2F467F
C2350158-CAFC-4B22-8E31-EF2631AA359E,BOBA + DONUTS,2552 STONEBROOK PKWY A625,Frisco,75034,2552 STONEBROOK PKWY A625 | 75034,Food Establishment II,Food establishment,Bakery,"Bugarin, LLC",2,2,0,2025-09-04,2026-03-11,0,1,0.5,1,1,0,0,0,https://inspections.myhealthdepartment.com/frisco/permit/?permitID=C2350158-CAFC-4B22-8E31-EF2631AA359E
1E7D13A3-968E-4A74-B8DB-A4A8389B4E16,BOBA LATTE,16100 STATE HWY 121,Frisco,75035,16100 STATE HWY 121 | 75035,Food Establishment II,Food establishment,Asian,LINH TRUONG,2,2,0,2025-09-18,2026-02-10,4,5,4.5,7,6,0,0,0,https://inspections.myhealthdepartment.com/frisco/permit/?permitID=1E7D13A3-968E-4A74-B8DB-A4A8389B4E16
7676E6EC-B508-4704-9875-A06CA4D4D6EE,BOBA LATTE ,16100 STATE HWY 121,Frisco,75035,16100 STATE HWY 121 | 75035,Food Establishment II,Food establishment,,Julie Ng,1,1,0,2026-06-04,2026-06-04,2,2,2.0,3,2,0,0,0,https://inspections.myhealthdepartment.com/frisco/permit/?permitID=7676E6EC-B508-4704-9875-A06CA4D4D6EE
570EEDAD-3E52-435D-8CB3-7C17CEA8772C,"BODYROCK BBQ, LLC",7511 MAIN ST 190,Frisco,75034,7511 MAIN ST 190 | 75034,Food Establishment II,Food establishment,Barbecue,LeBronte Hoover,1,1,0,2025-10-13,2025-10-13,0,0,0.0,0,0,0,0,0,https://inspections.myhealthdepartment.com/frisco/permit/?permitID=570EEDAD-3E52-435D-8CB3-7C17CEA8772C
47207338-CCE9-4DF4-B685-16BF37465F60,BOJANGLES,1631 US 380,Frisco,75033,1631 US 380 | 75033,Food Establishment II,Food establishment,Fast Food,Bojangles' OPCO LLC,3,3,0,2025-07-30,2026-09-04,21,21,9.0,20,15,5,3,0,https://inspections.myhealthdepartment.com/frisco/permit/?permitID=47207338-CCE9-4DF4-B685-16BF37465F60
556F74D8-9E6A-456A-B342-085551274EAA,BOLLYWOOD PIZZA HOUSE,2575 MAIN ST 310,Frisco,75036,2575 MAIN ST 310 | 75036,Food Establishment II,Food establishment,Fusion,THE SPICE HUT LLC,3,3,0,2025-07-29,2026-08-21,8,8,4.33,13,9,2,0,0,https://inspections.myhealthdepartment.com/frisco/permit/?permitID=556F74D8-9E6A-456A-B342-085551274EAA
DDA71009-BBA7-472C-AB98-7E6D9F0663A2,BOSPHORUS,2601 PRESTON RD 250,Frisco,75034,2601 PRESTON RD 250 | 75034,Food Establishment II,Food establishment,Mediterranean,UFUK KUCUK,4,4,0,2025-07-15,2026-08-18,4,4,1.25,4,3,1,0,0,https://inspections.myhealthdepartment.com/frisco/permit/?permitID=DDA71009-BBA7-472C-AB98-7E6D9F0663A2
6C49430B-CEA9-444D-B2BC-9FA647763034,BOTTLED IN BOND,5285 DALLAS PKWY,Frisco,75034,5285 DALLAS PKWY | 75034,Food Establishment II,Food establishment,American,"BOTTLED IN BOND, LLC",3,3,0,2025-07-16,2026-03-31,3,7,4.33,10,8,1,0,0,https://inspections.myhealthdepartment.com/frisco/permit/?permitID=6C49430B-CEA9-444D-B2BC-9FA647763034
5BCE7CC0-0B01-496D-9FAC-1F9B60332EA7,BOYS AND GIRLS CLUB,8750 MCKINNEY RD,Frisco,75033,8750 MCKINNEY RD | 75033,Food Establishment II,Food establishment,Institutional,KAREEM EVANS,2,2,0,2025-08-21,2026-03-02,2,2,1.0,1,1,0,0,0,https://inspections.myhealthdepartment.com/frisco/permit/?permitID=5BCE7CC0-0B01-496D-9FAC-1F9B60332EA7
C7E9CB72-365F-4F3E-8DE6-83C36DC8984B,BRAUM'S ICE CREAM,2680 MAIN ST,Frisco,,2680 MAIN ST | ,Food Establishment II,Food establishment,American,BRAUM'S INC.,3,3,0,2025-07-21,2026-09-11,3,3,2.67,10,5,1,0,0,https://inspections.myhealthdepartment.com/frisco/permit/?permitID=C7E9CB72-365F-4F3E-8DE6-83C36DC8984B
708DF6F8-5510-4379-8A24-6095D7DC6B2B,BREAD ZEPPELIN,4331 Main St 120,Frisco,75034,4331 MAIN ST 120 | 75034,Food Establishment II,Food establishment,Salads,Vincent Ginatta,1,1,0,2026-07-07,2026-07-07,0,0,0.0,1,0,0,0,0,https://inspections.myhealthdepartment.com/frisco/permit/?permitID=708DF6F8-5510-4379-8A24-6095D7DC6B2B
1DA765CD-473E-4A16-BCC1-1E84DE2C7048,BRIGHT ACADEMY,7600 WOODSTREAM DR,Frisco,75034,7600 WOODSTREAM DR | 75034,School and City,School or city facility,Institutional,FRISCO ISD,2,2,0,2025-09-08,2026-04-02,0,0,0.0,0,0,0,0,0,https://inspections.myhealthdepartment.com/frisco/permit/?permitID=1DA765CD-473E-4A16-BCC1-1E84DE2C7048
EAFEB8ED-549C-4040-B991-5FFDAA3540A6,BROZONE CONES ,5 Universal Pkwy,Frisco,75033,5 UNIVERSAL PKWY | 75033,Food Establishment II,Food establishment,,NBC Universal LLC,1,1,0,2026-07-15,2026-07-15,0,0,0.0,0,0,0,0,0,https://inspections.myhealthdepartment.com/frisco/permit/?permitID=EAFEB8ED-549C-4040-B991-5FFDAA3540A6
499BD571-571A-41DB-AB53-A4219DA9FEAA,BRUNCH AT LILI'S,5285 DALLAS PKWY Suite 400,Frisco,75034,5285 DALLAS PKWY 400 | 75034,Food Establishment II,Food establishment,Coffee House & Cafe,"Brunch At Lili's Frisco, LLC",3,3,0,2025-10-08,2026-07-29,14,14,8.0,18,14,5,0,1,https://inspections.myhealthdepartment.com/frisco/permit/?permitID=499BD571-571A-41DB-AB53-A4219DA9FEAA
0895F9D0-9A37-41E0-A209-BE2C753F7739,BSW FRISCO PGA COFFEE SHOP,7600 BETTER WAY,Frisco,75033,7600 BETTER WAY | 75033,Food Establishment II,Food establishment,Coffee House & Cafe,Aramark,2,2,0,2025-07-24,2026-02-05,0,0,0.0,4,0,0,0,0,https://inspections.myhealthdepartment.com/frisco/permit/?permitID=0895F9D0-9A37-41E0-A209-BE2C753F7739
50F67853-3221-468D-8515-DED3895B4EDB,BSW FRISCO PGA PARKWAY,7600 BETTER WAY,Frisco,75033,7600 BETTER WAY | 75033,Food Establishment II,Food establishment,American,Aramark,2,2,0,2025-07-24,2026-02-05,0,0,0.0,6,0,0,0,0,https://inspections.myhealthdepartment.com/frisco/permit/?permitID=50F67853-3221-468D-8515-DED3895B4EDB
06E8DBDA-622F-4999-9F25-BC08DB0DD831,BSWMC-CENTENNIAL ARAMARK ,12505 LEBANON RD,Frisco,75035,12505 LEBANON RD | 75035,Food Establishment III,Food establishment,Institutional,BSWMC-CENTENNIAL,3,3,0,2025-10-28,2026-08-04,1,3,1.33,2,2,1,0,0,https://inspections.myhealthdepartment.com/frisco/permit/?permitID=06E8DBDA-622F-4999-9F25-BC08DB0DD831
F4C796CB-F698-4FE3-9922-68A9691F84DB,BUFFALO WILD WINGS,3211 PRESTON RD 3,Frisco,75034,3211 PRESTON RD 3 | 75034,Food Establishment II,Food establishment,American,"BLAZIN WINGS, INC.",3,3,0,2025-09-03,2026-05-08,1,4,1.67,4,4,1,0,0,https://inspections.myhealthdepartment.com/frisco/permit/?permitID=F4C796CB-F698-4FE3-9922-68A9691F84DB
A3C83678-F6C4-4899-B775-F362BAAFC8DA,BUFFALO WILD WINGS GO,11411 COIT RD 150,Frisco,75035,11411 COIT RD 150 | 75035,Food Establishment II,Food establishment,Fast Food,Quality Brand Group Texas LLC,3,3,0,2025-09-02,2026-07-21,0,1,0.33,3,1,0,0,0,https://inspections.myhealthdepartment.com/frisco/permit/?permitID=A3C83678-F6C4-4899-B775-F362BAAFC8DA
093B8C3B-DBF2-450F-AEE8-380FDC7E67C6,BUFFALO WILD WINGS GO,8244 FM 423,Frisco,75036,8244 FM 423 | 75036,Food Establishment II,Food establishment,Fast Food,"Blazin Wings, Inc.",2,2,0,2025-12-04,2026-04-23,3,3,1.5,4,3,0,0,0,https://inspections.myhealthdepartment.com/frisco/permit/?permitID=093B8C3B-DBF2-450F-AEE8-380FDC7E67C6
2D226765-A7EC-4532-B92E-9F5240C78203,BURGER KING,8725 PRESTON RD,Frisco,75034,8725 PRESTON RD | 75034,Food Establishment II,Food establishment,American,FRIES RESTAURANT MANAGEMENT LLC,2,2,0,2025-08-22,2026-03-04,5,5,4.0,4,3,2,0,0,https://inspections.myhealthdepartment.com/frisco/permit/?permitID=2D226765-A7EC-4532-B92E-9F5240C78203
953E6E55-64B9-4EAE-83AD-9A78A7CD2631,BURNING RICE,3930 PRESTON RD 100,Frisco,,3930 PRESTON RD 100 | ,Food Establishment II,Food establishment,Korean,STEVE CHOI,2,2,0,2025-10-28,2026-03-23,14,14,9.0,14,11,3,0,0,https://inspections.myhealthdepartment.com/frisco/permit/?permitID=953E6E55-64B9-4EAE-83AD-9A78A7CD2631
1B897331-2CDE-4BE4-8AC5-88A5F0414368,BURNING RICE - CUSTER,5999 CUSTER RD Suite 100,Frisco,75035,5999 CUSTER RD 100 | 75035,Food Establishment II,Food establishment,Korean,"BR NTX, LLC d.b.a. Burning Ric",3,3,0,2025-09-04,2026-08-26,10,12,7.67,18,13,4,0,0,https://inspections.myhealthdepartment.com/frisco/permit/?permitID=1B897331-2CDE-4BE4-8AC5-88A5F0414368
1FE6E63B-0875-4C11-B11C-D23A44392F7E,BUSHI BUSHI,9144 PRESTMONT PL,Frisco,75035,9144 PRESTMONT PL | 75035,Food Establishment II,Food establishment,Chinese,Dim Dim Sum LLC.,2,2,0,2025-08-18,2026-05-18,20,20,16.0,22,19,6,1,0,https://inspections.myhealthdepartment.com/frisco/permit/?permitID=1FE6E63B-0875-4C11-B11C-D23A44392F7E
5476A9FA-607D-4D30-93B2-9E382BAB18BE,BVR GROUP OF COMPANIES LLC DBA KED'S ICE CREAM,12990 ELDORADO PKWY,Frisco,75035,12990 ELDORADO PKWY | 75035,Food Establishment II,Food establishment,Ice Cream,Varshini Banda,3,3,0,2025-07-10,2026-08-12,2,2,1.0,3,2,0,0,0,https://inspections.myhealthdepartment.com/frisco/permit/?permitID=5476A9FA-607D-4D30-93B2-9E382BAB18BE
95CFB10A-6CD4-40C6-8684-179BABFD68B0,Barneys Brunch House,5480 FM 423 700,Frisco,75036,5480 FM 423 700 | 75036,REST,Food establishment,Coffee House & Cafe,Mina Shiin,1,1,0,2025-07-21,2025-07-21,8,8,8.0,6,5,2,0,0,https://inspections.myhealthdepartment.com/frisco/permit/?permitID=95CFB10A-6CD4-40C6-8684-179BABFD68B0
821659E0-28DE-4750-A253-669E6893B7B4,CAFE ACAI,9133 PRESTON RD,Frisco,75033,9133 PRESTON RD | 75033,Food Establishment II,Food establishment,Juice Bar,HEAVENLY ACAI TEXAS LLC,4,4,0,2025-07-25,2026-07-01,7,18,13.5,44,42,7,11,0,https://inspections.myhealthdepartment.com/frisco/permit/?permitID=821659E0-28DE-4750-A253-669E6893B7B4
070F79EA-696D-44A9-BAE2-98DAA51D9C5C,CAKEY'S CUPCAKES ,5 Universal Pkwy,Frisco,75033,5 UNIVERSAL PKWY | 75033,Food Establishment II,Food establishment,,NBC Universal LLC,1,1,0,2026-07-15,2026-07-15,0,0,0.0,1,0,0,0,0,https://inspections.myhealthdepartment.com/frisco/permit/?permitID=070F79EA-696D-44A9-BAE2-98DAA51D9C5C
25C4E3F4-688D-4FB9-87FA-018591330AF6,CALLES DE MEXICO,10935 ROLATER RD 180,Frisco,75035,10935 ROLATER RD 180 | 75035,Food Establishment II,Food establishment,Mexican,Amigos del Fuerte Restaurant Inc,2,2,0,2025-12-08,2026-07-07,2,7,4.5,7,5,1,0,0,https://inspections.myhealthdepartment.com/frisco/permit/?permitID=25C4E3F4-688D-4FB9-87FA-018591330AF6
FB0C5521-AD80-43E1-939D-7DA74932D8C7,CALVIN BLEDSOE ELEMENTARY,1900 TIMBER RIDGE DR,Frisco,75036,1900 TIMBER RIDGE DR | 75036,School and City,School or city facility,Institutional,FRISCO ISD,2,2,0,2025-10-02,2026-05-07,0,0,0.0,0,0,0,0,0,https://inspections.myhealthdepartment.com/frisco/permit/?permitID=FB0C5521-AD80-43E1-939D-7DA74932D8C7
61F9CCBB-7D71-459C-BD44-41EB3CD02A7F,CANAM PIZZA,8870 COIT RD 108,Frisco,75035,8870 COIT RD 108 | 75035,Food Establishment II,Food establishment,Pizza,VR THE FIRM LLC,3,3,0,2025-08-07,2026-09-03,4,4,2.33,11,6,0,0,0,https://inspections.myhealthdepartment.com/frisco/permit/?permitID=61F9CCBB-7D71-459C-BD44-41EB3CD02A7F
156C0130-A6C1-4908-A074-889F7847EF0F,CANDELAS USA,7511 MAIN ST suite 190,Frisco,75034,7511 MAIN ST 190 | 75034,Food Establishment II,Food establishment,American,Candelas Usa LLC,1,1,0,2025-10-03,2025-10-03,2,2,2.0,1,1,0,0,0,https://inspections.myhealthdepartment.com/frisco/permit/?permitID=156C0130-A6C1-4908-A074-889F7847EF0F
58787536-E03F-4B60-9004-96C9D4663F53,CANE ROSSO,3685 THE STAR BLVD 2W-03,Frisco,75034,3685 THE STAR BLVD 2W-03 | 75034,Food Establishment II,Food establishment,Italian,Katrina Killough,4,4,0,2025-06-27,2026-09-24,15,15,6.75,22,16,7,4,0,https://inspections.myhealthdepartment.com/frisco/permit/?permitID=58787536-E03F-4B60-9004-96C9D4663F53
1A6E5C39-CC39-4C48-973B-4FA812E7B0FF,CANOPY BY HILTON FRISCO STATION,4455 FRISCO GREEN AVE,Frisco,75034,4455 FRISCO GREEN AVE | 75034,Food Establishment II,Food establishment,American,Summit Hotel TRS 169 LLC,3,3,0,2025-08-05,2026-04-27,3,3,2.33,3,3,2,0,0,https://inspections.myhealthdepartment.com/frisco/permit/?permitID=1A6E5C39-CC39-4C48-973B-4FA812E7B0FF
95747477-409D-442D-ACBC-0E0899374EFE,CANTEEN @ ALTAIR GLOBAL (11TH FL),3201 DALLAS PKWY 1100,Frisco,75034,3201 DALLAS PKWY 1100 | 75034,Food Establishment I,Food establishment,Convenience,Compass Group USA Inc,1,1,0,2025-09-17,2025-09-17,1,1,1.0,1,1,0,0,0,https://inspections.myhealthdepartment.com/frisco/permit/?permitID=95747477-409D-442D-ACBC-0E0899374EFE
F19788F2-B144-4398-B96F-B6BFEAF1A04F,CANTEEN @ AMAZON DDX6,16399 GATEWAY PATH,Frisco,75033,16399 GATEWAY PATH | 75033,Food Establishment I,Food establishment,Convenience,COMPASS GROUP USA INC,1,1,0,2025-09-30,2025-09-30,0,0,0.0,2,0,0,0,0,https://inspections.myhealthdepartment.com/frisco/permit/?permitID=F19788F2-B144-4398-B96F-B6BFEAF1A04F
75EBE908-EF8B-4E54-A396-6BF71E8BA02A,CANTEEN @ CONIFER,7624 WARREN PKWY,Frisco,75034,7624 WARREN PKWY | 75034,Food Establishment I,Food establishment,Convenience,COMPASS GROUP USA INC,1,1,0,2026-03-31,2026-03-31,0,0,0.0,1,0,0,0,0,https://inspections.myhealthdepartment.com/frisco/permit/?permitID=75EBE908-EF8B-4E54-A396-6BF71E8BA02A
4CAEBA57-B4F6-493D-9CF4-8D2E3909EC59,CANTEEN @ FEDEX FRISCO,15815 EXECUTIVE DR,Frisco,75033,15815 EXECUTIVE DR | 75033,Food Establishment I,Food establishment,Convenience,COMPASS GROUP USA INC,1,1,0,2025-09-30,2025-09-30,0,0,0.0,0,0,0,0,0,https://inspections.myhealthdepartment.com/frisco/permit/?permitID=4CAEBA57-B4F6-493D-9CF4-8D2E3909EC59
21C67541-46E2-43C8-96DB-02461840AE6E,CANTEEN @ FRISCO BRIDGES (1ST FL),2600 DALLAS PKWY 1100,Frisco,75034,2600 DALLAS PKWY 1100 | 75034,Food Establishment I,Food establishment,Convenience,Compass Group USA Inc,1,1,0,2025-09-17,2025-09-17,1,1,1.0,1,1,0,0,0,https://inspections.myhealthdepartment.com/frisco/permit/?permitID=21C67541-46E2-43C8-96DB-02461840AE6E
09A8D2A0-184A-45AA-BD18-393228E22E6D,CANTEEN @ HCL,2401 INTERNET BLVD 400,Frisco,75034,2401 INTERNET BLVD 400 | 75034,Food Establishment I,Food establishment,Convenience,Compass Group USA Inc,1,1,0,2025-09-17,2025-09-17,2,2,2.0,1,1,0,0,0,https://inspections.myhealthdepartment.com/frisco/permit/?permitID=09A8D2A0-184A-45AA-BD18-393228E22E6D
017EBD6F-AFF3-4B52-AD5D-9F39DABC660C,CANTEEN @ LOWE'S #1059,3360 PRESTON RD,Frisco,75034,3360 PRESTON RD | 75034,Food Establishment I,Food establishment,Convenience,COMPASS GROUP USA INC,1,1,0,2026-05-05,2026-05-05,1,1,1.0,1,1,0,0,0,https://inspections.myhealthdepartment.com/frisco/permit/?permitID=017EBD6F-AFF3-4B52-AD5D-9F39DABC660C
11D55FA4-0D3C-4CF9-AE17-DABBD6DF67DE,CANTEEN @ MEDICAL CITY FRISCO,5500 FRISCO SQUARE BLVD,Frisco,75034,5500 FRISCO SQUARE BLVD | 75034,Food Establishment I,Food establishment,Convenience,COMPASS GROUP USA INC,1,1,0,2025-12-12,2025-12-12,3,3,3.0,2,2,0,0,0,https://inspections.myhealthdepartment.com/frisco/permit/?permitID=11D55FA4-0D3C-4CF9-AE17-DABBD6DF67DE
0FD114D6-32EF-408E-9938-9A0F99EB2AB2,CANTEEN @ PGA HEADQUARTERS,1916 Pga Pkwy,Frisco,75033,1916 PGA PKWY | 75033,Food Establishment I,Food establishment,Convenience,COMPASS GROUP USA INC,1,1,0,2025-09-17,2025-09-17,0,0,0.0,0,0,0,0,0,https://inspections.myhealthdepartment.com/frisco/permit/?permitID=0FD114D6-32EF-408E-9938-9A0F99EB2AB2
FC164763-6EE3-4F43-AC18-40AC7392EEBE,CANTEEN @ QCD (4TH FL),2801 NETWORK BLVD 400,Frisco,75034,2801 NETWORK BLVD 400 | 75034,Food Establishment I,Food establishment,Convenience,Compass Group USA Inc,1,1,0,2025-09-17,2025-09-17,1,1,1.0,1,1,0,0,0,https://inspections.myhealthdepartment.com/frisco/permit/?permitID=FC164763-6EE3-4F43-AC18-40AC7392EEBE
3AAFE236-4F0E-40C2-936D-41101A282C6A,CANTEEN @ STAR 17 COWBOYS WAY (2ND FL),17 COWBOYS WAY,Frisco,75034,17 COWBOYS WAY | 75034,Food Establishment I,Food establishment,Convenience,COMPASS GROUP USA INC.,1,1,0,2025-08-20,2025-08-20,0,0,0.0,1,0,0,0,0,https://inspections.myhealthdepartment.com/frisco/permit/?permitID=3AAFE236-4F0E-40C2-936D-41101A282C6A
24EF6365-900C-4D7C-A7F6-08494CE35942,CANTEEN @ TIAA 3RD FLOOR,3965 DALLAS PKWY 3rd Floor,Frisco,75034,3965 DALLAS PKWY 3RD FLOOR | 75034,Food Establishment I,Food establishment,Convenience,COMPASS GROUP USA INC,1,1,0,2025-10-17,2025-10-17,0,0,0.0,0,0,0,0,0,https://inspections.myhealthdepartment.com/frisco/permit/?permitID=24EF6365-900C-4D7C-A7F6-08494CE35942
41C8D2F6-084B-48C3-B7CE-60BF734BA477,CANTEEN @ TIAA 4TH FLOOR,3965 DALLAS PKWY 4th Floor,Frisco,75034,3965 DALLAS PKWY 4TH FLOOR | 75034,Food Establishment I,Food establishment,Convenience,COMPASS GROUP USA INC,1,1,0,2025-10-17,2025-10-17,0,0,0.0,0,0,0,0,0,https://inspections.myhealthdepartment.com/frisco/permit/?permitID=41C8D2F6-084B-48C3-B7CE-60BF734BA477
FF041468-D070-4E26-ACDB-121E154430A4,CANTEEN AT FRISCO STATION ,6160 WARREN PKWY,Frisco,75034,6160 WARREN PKWY | 75034,Food Establishment I,Food establishment,Convenience,COMPASS GROUP USA INC.,1,1,0,2026-02-27,2026-02-27,0,0,0.0,0,0,0,0,0,https://inspections.myhealthdepartment.com/frisco/permit/?permitID=FF041468-D070-4E26-ACDB-121E154430A4
1AE37664-6FCB-4C7E-9807-B58FD30694FE,CANTEEN AT FRISCO STATION COWBOYS WAY ,6303 Cowboys Way,Frisco,75034,6303 COWBOYS WAY | 75034,Food Establishment I,Food establishment,Convenience,COMPASS GROUP USA INC.,1,1,0,2026-02-27,2026-02-27,0,0,0.0,0,0,0,0,0,https://inspections.myhealthdepartment.com/frisco/permit/?permitID=1AE37664-6FCB-4C7E-9807-B58FD30694FE
F49FB5DE-86D9-4CC9-869A-E53B8D8B1EAD,CANTEEN AT FRISCO STATION HICKMAN ,5844 John Hickman Pkwy,Frisco,75034,5844 JOHN HICKMAN PKWY | 75034,Food Establishment I,Food establishment,Convenience,COMPASS GROUP USA INC.,1,1,0,2026-02-27,2026-02-27,0,0,0.0,0,0,0,0,0,https://inspections.myhealthdepartment.com/frisco/permit/?permitID=F49FB5DE-86D9-4CC9-869A-E53B8D8B1EAD
142A1DB8-9965-4ACB-98E7-0D4074CF66D3,CANTEEN VENDING (COSTCO BREAK ROOM),5785 ELDORADO PKWY,Frisco,75033,5785 ELDORADO PKWY | 75033,Food Establishment I,Food establishment,Convenience,"COMPASS GROUP USA, INC",1,1,0,2026-02-02,2026-02-02,0,0,0.0,0,0,0,0,0,https://inspections.myhealthdepartment.com/frisco/permit/?permitID=142A1DB8-9965-4ACB-98E7-0D4074CF66D3
C8B35DBD-D580-4369-9429-0B7F580BFE66,CANTINA LAREDO,1125 LEGACY DR 102,Frisco,75034,1125 LEGACY DR 102 | 75034,Food Establishment II,Food establishment,Mexican,"Cantina Laredo Development I, LP",2,2,0,2025-12-30,2026-07-09,1,1,0.5,4,1,0,0,0,https://inspections.myhealthdepartment.com/frisco/permit/?permitID=C8B35DBD-D580-4369-9429-0B7F580BFE66
C68885F6-CF19-4BC3-90C9-371628252365,CAPITAL ONE CAFE STONEBRIAR CENTRE,2601 PRESTON RD #1176,Frisco,75034,2601 PRESTON RD 1176 | 75034,Food Establishment II,Food establishment,Cafe,"Compass Group Usa, Inc.",2,2,0,2025-09-30,2026-03-17,0,0,0.0,1,0,0,0,0,https://inspections.myhealthdepartment.com/frisco/permit/?permitID=C68885F6-CF19-4BC3-90C9-371628252365
F26838D6-D324-40B9-9F89-1405313DACD5,CARPE DIEM PRIVATE PRESCHOOL,5570 WARREN PKWY,Frisco,75034,5570 WARREN PKWY | 75034,DAYC,Child care,Institutional,ENDEAVOR SCHOOLS,4,4,0,2025-07-02,2026-06-29,0,0,0.0,0,0,0,0,0,https://inspections.myhealthdepartment.com/frisco/permit/?permitID=F26838D6-D324-40B9-9F89-1405313DACD5
87B97C27-C515-4223-83F6-DA618390F10B,CARROLL ELEMENTARY CAFE,4380 THRONE HALL DR,Frisco,75033,4380 THRONE HALL DR | 75033,School and City,School or city facility,Institutional,FRISCO ISD,2,2,0,2025-11-17,2026-05-11,0,0,0.0,0,0,0,0,0,https://inspections.myhealthdepartment.com/frisco/permit/?permitID=87B97C27-C515-4223-83F6-DA618390F10B
EB8AD37D-27D9-43F8-9D43-F3D7DC78E5BC,CASA DEL BRO MEXICAN GRILL & CREAMERY,5444 FM 423 100,Frisco,75036,5444 FM 423 100 | 75036,Food Establishment II,Food establishment,Mexican,RAFAEL ALVAREZ,3,3,0,2025-08-06,2026-06-24,7,7,3.0,5,4,1,0,0,https://inspections.myhealthdepartment.com/frisco/permit/?permitID=EB8AD37D-27D9-43F8-9D43-F3D7DC78E5BC
C488D5CA-F6F4-4C97-9697-7095C47D7CF2,CASA DEL BRO MEXICAN GRILL & CREAMERY,5444 FM 423 100,Frisco,75036,5444 FM 423 100 | 75036,Food Establishment II,Food establishment,Mexican,Corey Ray,1,1,0,2026-09-08,2026-09-08,6,6,6.0,4,3,1,0,0,https://inspections.myhealthdepartment.com/frisco/permit/?permitID=C488D5CA-F6F4-4C97-9697-7095C47D7CF2
8582B82D-3BFC-4FFE-873E-7ECB3A103F64,CASA DURANY'S TACOS Y MARISCOS ,9500 DALLAS PKWY SUITE 200,Frisco,75033,9500 DALLAS PKWY 200 | 75033,Food Establishment III,Food establishment,Mexican,Armando Duran,3,3,0,2025-12-04,2026-09-21,0,0,0.0,1,0,0,0,0,https://inspections.myhealthdepartment.com/frisco/permit/?permitID=8582B82D-3BFC-4FFE-873E-7ECB3A103F64
6741C5AB-8F62-4C00-81F8-51B35FDE69EF,CASTLE MONTESSORI OF FRISCO,5050 LEGENDARY DR,Frisco,75034,5050 LEGENDARY DR | 75034,DAYC,Child care,Institutional,Christine Thung,4,4,0,2025-09-05,2026-08-27,0,0,0.0,0,0,0,0,0,https://inspections.myhealthdepartment.com/frisco/permit/?permitID=6741C5AB-8F62-4C00-81F8-51B35FDE69EF
0C0576A6-A953-4526-A0BC-50943867B9CC,CAVA,3246 PRESTON RD 700,Frisco,75034,3246 PRESTON RD 700 | 75034,Food Establishment II,Food establishment,Mediterranean,CAVA MEZZE GRILL LLC,3,3,0,2025-09-11,2026-06-25,0,0,0.0,0,0,0,0,0,https://inspections.myhealthdepartment.com/frisco/permit/?permitID=0C0576A6-A953-4526-A0BC-50943867B9CC
88C30C9C-2AD5-4EB0-871F-6399F4D09653,CAVA GRILL,16120 ELDORADO PKWY 300,Frisco,75035,16120 ELDORADO PKWY 300 | 75035,Food Establishment II,Food establishment,Mediterranean,CAVA MEZZE GRILL LLC,3,3,0,2025-10-31,2026-09-22,0,0,0.0,0,0,0,0,0,https://inspections.myhealthdepartment.com/frisco/permit/?permitID=88C30C9C-2AD5-4EB0-871F-6399F4D09653
7DDBA7EC-BCB7-4547-A910-CEACB00CEB5C,CAVA MEZZE GRILL,5252 MAIN ST 120,Frisco,75033,5252 MAIN ST 120 | 75033,Food Establishment II,Food establishment,Mediterranean,"CAVA MEZZE GRILL, LLC",2,2,0,2025-07-09,2026-02-04,0,0,0.0,1,0,0,0,0,https://inspections.myhealthdepartment.com/frisco/permit/?permitID=7DDBA7EC-BCB7-4547-A910-CEACB00CEB5C
1AE4CF28-2B4B-4046-A7AF-7E0BA4A5B564,CENTENNIAL HIGH SCHOOL,6901 COIT RD,Frisco,75035,6901 COIT RD | 75035,School and City,School or city facility,Institutional,FRISCO ISD,2,2,0,2025-10-24,2026-05-07,0,0,0.0,0,0,0,0,0,https://inspections.myhealthdepartment.com/frisco/permit/?permitID=1AE4CF28-2B4B-4046-A7AF-7E0BA4A5B564
0B98087D-3261-49C7-BCA9-C19FA32C2801,CENTENNIAL HIGH SCHOOL CONCESSION STAND,6901 COIT RD,Frisco,75035,6901 COIT RD | 75035,School and City,School or city facility,Institutional,FISD,2,2,0,2025-10-24,2026-05-07,0,0,0.0,3,0,0,0,0,https://inspections.myhealthdepartment.com/frisco/permit/?permitID=0B98087D-3261-49C7-BCA9-C19FA32C2801
B10743E0-35BE-43A1-921F-5EB50654A6C3,CENTENNIAL HIGH SCHOOL FOOTBALL CONCESSION STAND,6901 COIT RD,Frisco,75035,6901 COIT RD | 75035,School and City,School or city facility,Institutional,FISD,2,2,0,2025-10-24,2026-05-07,0,0,0.0,1,0,0,0,0,https://inspections.myhealthdepartment.com/frisco/permit/?permitID=B10743E0-35BE-43A1-921F-5EB50654A6C3
912C6B3C-175D-46B4-BBFF-F0B02CD73063,CHALO INDIA,11010 PANTHER CREEK PKWY,Frisco,75035,11010 PANTHER CREEK PKWY | 75035,Grocery Store III,Grocery,Grocery,Vijay Shankar Reddy Merupati,4,3,1,2025-07-18,2026-03-30,18,46,33.0,75,74,21,10,3,https://inspections.myhealthdepartment.com/frisco/permit/?permitID=912C6B3C-175D-46B4-BBFF-F0B02CD73063
9C25159A-8501-48EE-B68C-34B73F7BC655,CHANS DONUTS,8949 COIT RD 130,Frisco,75035,8949 COIT RD 130 | 75035,Food Establishment II,Food establishment,Bakery,CHANS DK INC,2,2,0,2025-12-05,2026-07-01,1,1,0.5,1,1,0,0,0,https://inspections.myhealthdepartment.com/frisco/permit/?permitID=9C25159A-8501-48EE-B68C-34B73F7BC655
D3C748A6-C023-4536-8EC5-FD194FB36D44,CHARLEY'S PHILLY STEAKS,2601 PRESTON RD 2030,Frisco,75034,2601 PRESTON RD 2030 | 75034,Food Establishment II,Food establishment,Sandwiches,DUALBOND BUSINESS OPERATION LLC,3,3,0,2025-08-21,2026-09-09,11,11,3.67,10,6,1,0,0,https://inspections.myhealthdepartment.com/frisco/permit/?permitID=D3C748A6-C023-4536-8EC5-FD194FB36D44
1C21CE69-E0E9-4ADE-A7AB-EAC169C1A521,CHARLEYS CHEESESTEAK,8555 PRESTON RD,Frisco,75034,8555 PRESTON RD | 75034,Food Establishment II,Food establishment,,Iconic Franchises,2,2,0,2026-03-16,2026-08-05,3,8,5.5,7,6,0,2,1,https://inspections.myhealthdepartment.com/frisco/permit/?permitID=1C21CE69-E0E9-4ADE-A7AB-EAC169C1A521
BBB1DD69-E936-450A-A971-76A5586E8356,CHARMINAR KABAB HOUSE,14339 ELDORADO PKWY #135,Frisco,75035,14339 ELDORADO PKWY 135 | 75035,Food Establishment II,Food establishment,Indian,METRIC GLOBAL LLC,1,1,0,2025-09-17,2025-09-17,8,8,8.0,8,4,0,0,0,https://inspections.myhealthdepartment.com/frisco/permit/?permitID=BBB1DD69-E936-450A-A971-76A5586E8356
D891CED9-8A9D-495B-944D-4BD907BD73EC,CHEF CHEN,8909 GAYLORD PKWY,Frisco,75034,8909 GAYLORD PKWY | 75034,Food Establishment II,Food establishment,Chinese,PTJI BROTHERS LLC,4,4,0,2025-07-17,2026-08-31,26,26,18.75,50,49,12,9,1,https://inspections.myhealthdepartment.com/frisco/permit/?permitID=D891CED9-8A9D-495B-944D-4BD907BD73EC
4260A652-6B08-4101-96AA-9CF6629E1254,CHEF-NIC CATERING CO.,6065 SPORTS VILLAGE RD 700,Frisco,75033,6065 SPORTS VILLAGE RD 700 | 75033,Food Establishment II,Food establishment,Homestyle,Dominic Parks,3,3,0,2025-08-05,2026-08-06,0,2,0.67,2,1,0,0,0,https://inspections.myhealthdepartment.com/frisco/permit/?permitID=4260A652-6B08-4101-96AA-9CF6629E1254
9F02FF57-6197-431C-B488-ECBFF0674072,CHENNAI CAFE,3301 PRESTON RD 8,Frisco,75034,3301 PRESTON RD 8 | 75034,Food Establishment III,Food establishment,Indian,Rajeshbabu Jeyaraj,4,4,0,2025-07-11,2026-05-12,15,16,13.75,46,43,8,7,0,https://inspections.myhealthdepartment.com/frisco/permit/?permitID=9F02FF57-6197-431C-B488-ECBFF0674072
1201CA16-944B-4D76-AB70-E274E6A65708,CHI TEA,4760 PRESTON RD 228,Frisco,75034,4760 PRESTON RD 228 | 75034,Food Establishment II,Food establishment,Fusion,Chi Tea Dallas LLC,2,2,0,2026-02-17,2026-07-22,7,12,9.5,11,9,4,0,0,https://inspections.myhealthdepartment.com/frisco/permit/?permitID=1201CA16-944B-4D76-AB70-E274E6A65708
43143288-CF49-46E9-803C-FBDB9F2E8EED,CHICAGO AVENUE HOTDOGS,15922 ELDORADO PKWY Suite 700,Frisco,75035,15922 ELDORADO PKWY 700 | 75035,Food Establishment II,Food establishment,American,Rick Henry,1,1,0,2025-08-07,2025-08-07,0,0,0.0,1,0,0,0,0,https://inspections.myhealthdepartment.com/frisco/permit/?permitID=43143288-CF49-46E9-803C-FBDB9F2E8EED
AC7F4FF4-9D02-4ABF-ACCC-F47E0E330B05,CHICK-FIL-A,5377 DALLAS PKWY,Frisco,75034,5377 DALLAS PKWY | 75034,Food Establishment II,Food establishment,Fast Food,FRIEDA MARROQUIN,3,3,0,2025-07-08,2026-09-15,0,0,0.0,0,0,0,0,0,https://inspections.myhealthdepartment.com/frisco/permit/?permitID=AC7F4FF4-9D02-4ABF-ACCC-F47E0E330B05
B497EB90-9A58-405F-8E26-4800C569A001,CHICK-FIL-A,8875 PRESTON RD,Frisco,75034,8875 PRESTON RD | 75034,Food Establishment II,Food establishment,Fast Food,CHICK FIL A INC,4,4,0,2025-07-29,2026-09-09,3,3,0.75,2,1,1,0,0,https://inspections.myhealthdepartment.com/frisco/permit/?permitID=B497EB90-9A58-405F-8E26-4800C569A001
A0A00640-5660-4E5D-8F31-67A7308CF885,CHICK-FIL-A,7979 FM 423,Frisco,75034,7979 FM 423 | 75034,Food Establishment II,Food establishment,Fast Food,Texas A-Dubb Inc.,3,3,0,2025-08-04,2026-09-18,0,0,0.0,3,0,0,0,0,https://inspections.myhealthdepartment.com/frisco/permit/?permitID=A0A00640-5660-4E5D-8F31-67A7308CF885
76FCD25D-287C-4BE4-AC77-29FBC8060374,CHICK-FIL-A,5211 ELDORADO PKWY,Frisco,75033,5211 ELDORADO PKWY | 75033,Food Establishment II,Food establishment,Fast Food,THE MARROQUIN GROUP INC,2,2,0,2025-09-22,2026-03-19,0,2,1.0,3,2,0,0,0,https://inspections.myhealthdepartment.com/frisco/permit/?permitID=76FCD25D-287C-4BE4-AC77-29FBC8060374
708A5A2B-1062-435A-B049-D07F7CC6563D,CHICK-FIL-A,2601 PRESTON RD #2046,Frisco,75034,2601 PRESTON RD 2046 | 75034,Food Establishment II,Food establishment,Fast Food,QUE FANCY HOSPITALITY LLC.,1,1,0,2025-11-03,2025-11-03,0,0,0.0,0,0,0,0,0,https://inspections.myhealthdepartment.com/frisco/permit/?permitID=708A5A2B-1062-435A-B049-D07F7CC6563D
C8AE0569-BBB0-44F0-9C48-B58AFCA963DB,CHICK-FIL-A LEXINGTON VILLAGE,12551 Eldorado Pkwy,Frisco,75035,12551 ELDORADO PKWY | 75035,Food Establishment II,Food establishment,American,Andrew Frey,2,2,0,2025-09-03,2026-04-16,0,0,0.0,1,0,0,0,0,https://inspections.myhealthdepartment.com/frisco/permit/?permitID=C8AE0569-BBB0-44F0-9C48-B58AFCA963DB
A1BE1E7D-15AC-4D6A-AABF-9E7BE6D3EA1F,CHICK-FIL-A STONEBRIAR CENTRE 01292,2601 PRESTON RD #2046,Frisco,75034,2601 PRESTON RD 2046 | 75034,Food Establishment II,Food establishment,Fast Food,,2,2,0,2026-01-13,2026-09-17,0,2,1.0,4,1,0,0,0,https://inspections.myhealthdepartment.com/frisco/permit/?permitID=A1BE1E7D-15AC-4D6A-AABF-9E7BE6D3EA1F
DA044F37-5186-48E1-AF12-B7EB1AE70E24,CHICKEN BARN,9292 WARREN PKWY 350,Frisco,75035,9292 WARREN PKWY 350 | 75035,Food Establishment II,Food establishment,Chinese,SKON FR LLC,2,2,0,2025-10-08,2026-04-20,7,11,9.0,13,12,2,2,0,https://inspections.myhealthdepartment.com/frisco/permit/?permitID=DA044F37-5186-48E1-AF12-B7EB1AE70E24
74FB3980-E053-4CCF-8EDB-9F2C7A68CE22,CHICKEN EXPRESS,2720 MAIN ST,Frisco,75033,2720 MAIN ST | 75033,Food Establishment II,Food establishment,Fast Food,Conifer Chicken Holdings LLC,3,3,0,2025-08-04,2026-09-10,0,0,0.0,3,0,0,0,0,https://inspections.myhealthdepartment.com/frisco/permit/?permitID=74FB3980-E053-4CCF-8EDB-9F2C7A68CE22
309A96A0-9481-433F-8890-1CFF07CE1D4F,CHICKEN EXPRESS,12055 CUSTER RD,Frisco,75035,12055 CUSTER RD | 75035,Food Establishment II,Food establishment,Fast Food,"Conifer Chicken Holdings, LLC",3,3,0,2025-09-04,2026-03-25,2,9,3.67,10,7,2,0,0,https://inspections.myhealthdepartment.com/frisco/permit/?permitID=309A96A0-9481-433F-8890-1CFF07CE1D4F
07BF5761-6787-4AB7-A8BC-0E85BED95430,CHICKEN SALAD CHICK #258,4331 MAIN ST 130,Frisco,75034,4331 MAIN ST 130 | 75034,Food Establishment II,Food establishment,Southern,DALLAS CHICKS MANAGEMENT LLC,3,3,0,2025-10-06,2026-07-08,2,2,0.67,3,2,0,0,0,https://inspections.myhealthdepartment.com/frisco/permit/?permitID=07BF5761-6787-4AB7-A8BC-0E85BED95430
3137DC6E-ABB2-41E8-9786-BC1B698A97AC,CHILDRENS LIGHTHOUSE OF PANTHER CREEK,10660 ELDORADO PKWY,Frisco,75035,10660 ELDORADO PKWY | 75035,DAYC,Child care,Institutional,PARKASH ARORA,4,4,0,2025-07-09,2026-07-09,0,1,0.25,1,1,0,0,0,https://inspections.myhealthdepartment.com/frisco/permit/?permitID=3137DC6E-ABB2-41E8-9786-BC1B698A97AC
D7AC5CCC-53EF-4139-AA9A-67CFAE0000C5,CHILI'S GRILL & BAR,11555 DALLAS PKWY,Frisco,75033,11555 DALLAS PKWY | 75033,Food Establishment II,Food establishment,American,"BRINKER TEXAS, INC.",3,3,0,2025-08-19,2026-04-06,2,2,1.33,5,4,0,0,0,https://inspections.myhealthdepartment.com/frisco/permit/?permitID=D7AC5CCC-53EF-4139-AA9A-67CFAE0000C5
E6A32329-089B-4BD9-9DB8-7A099D5A7110,CHILLER BEE,3290 MAIN ST,Frisco,75033,3290 MAIN ST | 75033,Food Establishment II,Food establishment,Ice Cream,CHILLER BEE LLC,2,2,0,2025-12-22,2026-07-16,10,10,8.5,14,11,2,1,0,https://inspections.myhealthdepartment.com/frisco/permit/?permitID=E6A32329-089B-4BD9-9DB8-7A099D5A7110
12F0B861-3255-495C-9BCF-AAC46D7014D3,CHILOSO MEXICAN BISTRO,3290 MAIN ST,Frisco,,3290 MAIN ST | ,Food Establishment II,Food establishment,Mexican,JOE & DAVID TACOS LTD,3,3,0,2025-07-02,2026-05-12,0,5,2.33,5,4,1,0,1,https://inspections.myhealthdepartment.com/frisco/permit/?permitID=12F0B861-3255-495C-9BCF-AAC46D7014D3
68FC43F8-768E-4E49-BE79-E3213D2BCB1E,CHINA WOK,6803 PRESTON RD 112,Frisco,75034,6803 PRESTON RD 112 | 75034,Food Establishment II,Food establishment,Chinese,JIN HUI ZHENG,3,3,0,2025-08-21,2026-08-17,3,9,6.33,15,11,2,0,0,https://inspections.myhealthdepartment.com/frisco/permit/?permitID=68FC43F8-768E-4E49-BE79-E3213D2BCB1E
DDE63086-02F6-4939-BA09-87A2C13580DB,CHIP CITY FRISCO ,6975 LEBANON RD 307,Frisco,75034,6975 LEBANON RD 307 | 75034,Food Establishment II,Food establishment,Bakery,IGOR STEVOVIC,2,2,0,2026-02-05,2026-09-11,5,5,3.0,7,6,0,0,0,https://inspections.myhealthdepartment.com/frisco/permit/?permitID=DDE63086-02F6-4939-BA09-87A2C13580DB
C2A3C7A7-A60B-4001-8C8B-3C05FF358115,CHIPOTLE MEXICAN GRILL,8847 COIT RD,Frisco,75035,8847 COIT RD | 75035,Food Establishment II,Food establishment,Mexican,CHIPOTLE MEXICAN GRILL OF,4,4,0,2025-07-29,2026-09-11,0,1,0.25,3,1,0,0,0,https://inspections.myhealthdepartment.com/frisco/permit/?permitID=C2A3C7A7-A60B-4001-8C8B-3C05FF358115
EB08F7C9-7A75-4368-8C62-35CEF825EF1B,CHIPOTLE MEXICAN GRILL,3401 PRESTON RD,Frisco,75034,3401 PRESTON RD | 75034,Food Establishment II,Food establishment,Mexican,CHIPOTLE MEXICAN GRILL OF,3,3,0,2025-09-08,2026-06-05,0,0,0.0,1,0,0,0,0,https://inspections.myhealthdepartment.com/frisco/permit/?permitID=EB08F7C9-7A75-4368-8C62-35CEF825EF1B
C9DBDCE2-5C81-4B34-AF1E-CBE178986A40,CHIPOTLE MEXICAN GRILL,6111 CUSTER 100,Frisco,75035,6111 CUSTER 100 | 75035,Food Establishment II,Food establishment,Mexican,CHIPOTLE MEXICAN GRILL OF,3,3,0,2025-09-12,2026-06-02,0,0,0.0,1,0,0,0,1,https://inspections.myhealthdepartment.com/frisco/permit/?permitID=C9DBDCE2-5C81-4B34-AF1E-CBE178986A40
74C62F5D-9DAA-4226-A629-BCEB302A07F7,CHIPOTLE MEXICAN GRILL,1525 UNIVERSITY DR 100,Frisco,75033,1525 UNIVERSITY DR 100 | 75033,Food Establishment II,Food establishment,Mexican,CHIPOTLE MEXICAN GRILL OF,3,3,0,2025-10-27,2026-07-16,1,1,0.67,3,2,0,0,0,https://inspections.myhealthdepartment.com/frisco/permit/?permitID=74C62F5D-9DAA-4226-A629-BCEB302A07F7
86D1EC1F-B715-4F67-AE58-30ADCB2414D6,CHIPOTLE MEXICAN GRILL,6851 WARREN PKWY 205,Frisco,75034,6851 WARREN PKWY 205 | 75034,Food Establishment II,Food establishment,Mexican,CHIPOTLE MEXICAN GRILL OF,2,2,0,2025-12-26,2026-06-01,0,0,0.0,1,0,0,0,0,https://inspections.myhealthdepartment.com/frisco/permit/?permitID=86D1EC1F-B715-4F67-AE58-30ADCB2414D6
D3AEDF8E-7C09-4084-B984-0BBBC1CC6FF3,CHIPOTLE MEXICAN GRILL #3329,4770 ELDORADO PKWY 400,Frisco,,4770 ELDORADO PKWY 400 | ,Food Establishment II,Food establishment,Mexican,CHIPOTLE MEXICAN GRILL OF,3,3,0,2025-07-28,2026-06-15,0,0,0.0,2,0,0,0,0,https://inspections.myhealthdepartment.com/frisco/permit/?permitID=D3AEDF8E-7C09-4084-B984-0BBBC1CC6FF3
B4D942F1-4BEC-4BEA-B5DA-B8C114E6BD6C,CHO CHO ,8250 Gaylord Pkwy 5,Frisco,75034,8250 GAYLORD PKWY 5 | 75034,Food Establishment II,Food establishment,Asian,ZIXUAN LIN,2,2,0,2025-10-21,2026-04-14,4,7,5.5,9,5,3,0,0,https://inspections.myhealthdepartment.com/frisco/permit/?permitID=B4D942F1-4BEC-4BEA-B5DA-B8C114E6BD6C
5AA5B673-B301-4777-A1C9-BCC907DC0EBE,CHRISTIE ELEMENTARY SCHOOL,10300 HUNTINGTON RD,Frisco,75035,10300 HUNTINGTON RD | 75035,School and City,School or city facility,Institutional,FRISCO ISD,2,2,0,2025-10-07,2026-05-05,0,0,0.0,0,0,0,0,0,https://inspections.myhealthdepartment.com/frisco/permit/?permitID=5AA5B673-B301-4777-A1C9-BCC907DC0EBE
CDF38797-0F86-478F-8E5F-C2EB5C9B4D51,CHUY'S,3773 PRESTON RD,Frisco,,3773 PRESTON RD | ,Food Establishment II,Food establishment,Mexican,"CHUY'S OPCO, INC",3,3,0,2025-10-06,2026-08-25,10,10,3.33,7,4,3,0,0,https://inspections.myhealthdepartment.com/frisco/permit/?permitID=CDF38797-0F86-478F-8E5F-C2EB5C9B4D51
BBF37128-E168-48F8-94AF-CAC1205195C4,CIBO KITCHENS,7511 MAIN ST 190,Frisco,75034,7511 MAIN ST 190 | 75034,Food Establishment II,Food establishment,American,CIBO KITCHENS,2,2,0,2025-10-13,2026-05-13,0,0,0.0,0,0,0,0,0,https://inspections.myhealthdepartment.com/frisco/permit/?permitID=BBF37128-E168-48F8-94AF-CAC1205195C4
DF9A2FE6-FEFD-4BC7-9C82-EA2D25430173,CINEMARK,5655 FRISCO SQUARE BLVD,Frisco,75034,5655 FRISCO SQUARE BLVD | 75034,Food Establishment II,Food establishment,Convenience,"CNMK TEXAS PROPERTIES, LLC",2,2,0,2025-09-25,2026-06-23,2,2,1.0,2,2,0,0,0,https://inspections.myhealthdepartment.com/frisco/permit/?permitID=DF9A2FE6-FEFD-4BC7-9C82-EA2D25430173
799BAE41-E148-4FD7-A452-0AD1AF6A39E3,CINEMARK FRISCO XD 10,6969 UNIVERSITY DR,Frisco,75033,6969 UNIVERSITY DR | 75033,Food Establishment II,Food establishment,American,"CNMK TEXAS PROPERTIES, LLC",3,3,0,2025-09-16,2026-05-22,0,0,0.0,0,0,0,0,0,https://inspections.myhealthdepartment.com/frisco/permit/?permitID=799BAE41-E148-4FD7-A452-0AD1AF6A39E3
80C061C7-99FD-4C4F-AA44-B258BA7B6B55,CINNAHOLIC,6975 LEBANON RD #306,Frisco,75034,6975 LEBANON RD 306 | 75034,Food Establishment II,Food establishment,Bakery,ARASH RAOUFI,3,3,0,2025-07-10,2026-08-03,0,0,0.0,1,0,0,0,0,https://inspections.myhealthdepartment.com/frisco/permit/?permitID=80C061C7-99FD-4C4F-AA44-B258BA7B6B55
0ECFC2C1-36B8-4003-ADE1-5D75C4DE16C3,CIRCLE K,3272 PARKWOOD BLVD,Frisco,75034,3272 PARKWOOD BLVD | 75034,Food Establishment II,Food establishment,Convenience,"BIG DIAMOND, LLC",3,3,0,2025-06-26,2026-06-29,3,3,2.33,6,3,1,0,0,https://inspections.myhealthdepartment.com/frisco/permit/?permitID=0ECFC2C1-36B8-4003-ADE1-5D75C4DE16C3
2A2852D1-2CD4-47EA-885F-BB48C32CE993,CIRCLE K,6529 DALLAS PKWY,Frisco,75034,6529 DALLAS PKWY | 75034,Food Establishment II,Food establishment,Convenience,"BIG DIAMOND, LLC",3,3,0,2025-08-13,2026-05-11,0,3,1.0,2,2,0,0,0,https://inspections.myhealthdepartment.com/frisco/permit/?permitID=2A2852D1-2CD4-47EA-885F-BB48C32CE993
9B41AC58-8FEC-488B-81DA-9A31EAD910F3,CIRCLE K #2742802,12626 ELDORADO PKWY,Frisco,75035,12626 ELDORADO PKWY | 75035,Food Establishment II,Food establishment,Convenience,"CST Services, LLC",3,3,0,2025-07-10,2026-08-18,1,1,1.0,4,3,0,0,0,https://inspections.myhealthdepartment.com/frisco/permit/?permitID=9B41AC58-8FEC-488B-81DA-9A31EAD910F3
DB0990DD-4CFD-4702-B392-2EF240FB8834,CIRCLE K 125,249 MAIN ST,Frisco,75036,249 MAIN ST | 75036,Food Establishment II,Food establishment,Convenience,"Payless Fuel Centers of Texas, LLC",2,2,0,2025-10-21,2026-05-29,1,4,2.5,6,4,0,0,0,https://inspections.myhealthdepartment.com/frisco/permit/?permitID=DB0990DD-4CFD-4702-B392-2EF240FB8834
86998497-EC34-4DF4-B822-02D9CCA4480B,CLARK MIDDLE SCHOOL,4600 COLBY DRIVE,Frisco,,4600 COLBY DRIVE | ,School and City,School or city facility,Institutional,FRISCO ISD,2,2,0,2025-10-30,2026-05-13,0,0,0.0,0,0,0,0,0,https://inspections.myhealthdepartment.com/frisco/permit/?permitID=86998497-EC34-4DF4-B822-02D9CCA4480B
15BA31D7-ECBE-4E30-81BC-1C922F89607A,CLARK MIDDLE SCHOOL CONCESSION STAND,4600 COLBY DR,Frisco,,4600 COLBY DR | ,School and City,School or city facility,Institutional,FISD,2,2,0,2025-10-30,2026-05-13,0,0,0.0,0,0,0,0,0,https://inspections.myhealthdepartment.com/frisco/permit/?permitID=15BA31D7-ECBE-4E30-81BC-1C922F89607A
6CE433AE-1E74-44AA-99E6-0504E9B99056,CLEAN JUICE,6959 LEBANON RD,Frisco,75034,6959 LEBANON RD | 75034,Food Establishment II,Food establishment,Juice Bar,SGAG PROPERTIES LLC,4,4,0,2025-07-24,2026-09-08,0,0,0.0,1,0,0,0,0,https://inspections.myhealthdepartment.com/frisco/permit/?permitID=6CE433AE-1E74-44AA-99E6-0504E9B99056
CCFCD1B8-BC7A-4E83-9285-55356F752309,CLOUDBOUND ,3333 Preston Rd  1200,Frisco,75034,3333 PRESTON RD 1200 | 75034,Food Establishment II,Food establishment,American,"CB PARK OCB1004, LLC",1,1,0,2026-06-08,2026-06-08,3,3,3.0,4,1,1,0,0,https://inspections.myhealthdepartment.com/frisco/permit/?permitID=CCFCD1B8-BC7A-4E83-9285-55356F752309
45E617DE-AFE8-475B-963E-774DAA3950F9,CLUB DEMONSTRATION SERVICES (COSTCO SAMPLING),11220 DALLAS PKWY,Frisco,75033,11220 DALLAS PKWY | 75033,Food Establishment II,Food establishment,Specialty,CLUB DEMONSTRATION SERVICES INC.,3,3,0,2025-08-22,2026-08-18,0,0,0.0,0,0,0,0,0,https://inspections.myhealthdepartment.com/frisco/permit/?permitID=45E617DE-AFE8-475B-963E-774DAA3950F9
6E7205C8-672B-4CED-900F-9B38BF5BF05E,CLUBHOUSE KITCHEN (RYDER CUP GRILL),3725 PGA PKWY,Frisco,75033,3725 PGA PKWY | 75033,Food Establishment II,Food establishment,American,Omni PGA Frisco Resort & Spa,2,2,0,2025-10-15,2026-05-28,4,4,3.0,3,3,1,0,0,https://inspections.myhealthdepartment.com/frisco/permit/?permitID=6E7205C8-672B-4CED-900F-9B38BF5BF05E
42D6AF62-B179-4FF2-99D1-31CFC0C28151,COBB MIDDLE SCHOOL,9400 TEEL PKWY,Frisco,75033,9400 TEEL PKWY | 75033,School and City,School or city facility,Institutional,FRISCO ISD,2,2,0,2025-08-26,2026-03-03,0,0,0.0,2,0,0,0,0,https://inspections.myhealthdepartment.com/frisco/permit/?permitID=42D6AF62-B179-4FF2-99D1-31CFC0C28151
B71B76BB-C188-4788-9773-0CFF1060899B,COBB MIDDLE SCHOOL CONCESSION STAND,9400 TEEL PKWY,Frisco,75033,9400 TEEL PKWY | 75033,School and City,School or city facility,Institutional,FISD,2,2,0,2025-08-26,2026-03-03,0,0,0.0,2,0,0,0,0,https://inspections.myhealthdepartment.com/frisco/permit/?permitID=B71B76BB-C188-4788-9773-0CFF1060899B
FEAD3BDA-1F92-4399-BE46-6311F6DADBD1,COCO BUBBLE TEA,9144 PRESTMONT PL ste 230,Frisco,75035,9144 PRESTMONT PL 230 | 75035,Food Establishment II,Food establishment,Juice Bar,cocodallas llc,2,2,0,2025-12-08,2026-01-14,3,3,2.5,4,3,0,0,0,https://inspections.myhealthdepartment.com/frisco/permit/?permitID=FEAD3BDA-1F92-4399-BE46-6311F6DADBD1
3E43CC8A-1919-4433-A353-D27160F51C84,COCO BUBBLE TEA ,9144 PRESTMONT PL ste 230,Frisco,75035,9144 PRESTMONT PL 230 | 75035,Food Establishment II,Food establishment,,CoCoTexas LLC,1,1,0,2026-05-05,2026-05-05,4,4,4.0,3,3,0,0,0,https://inspections.myhealthdepartment.com/frisco/permit/?permitID=3E43CC8A-1919-4433-A353-D27160F51C84
83563C24-9522-4C64-8FFE-4F96266B9C0A,COCO ICHIBANYA,9351 WARREN PKWY 125,Frisco,75035,9351 WARREN PKWY 125 | 75035,Food Establishment II,Food establishment,Fusion,Michael Clark,2,2,0,2025-10-16,2026-02-25,4,4,2.0,2,2,1,0,0,https://inspections.myhealthdepartment.com/frisco/permit/?permitID=83563C24-9522-4C64-8FFE-4F96266B9C0A
D747D8B6-EB67-4A13-A2FE-337F6CB1180E,COFFEE U,8877 WADE BLVD #300,Frisco,75034,8877 WADE BLVD 300 | 75034,Food Establishment II,Food establishment,Coffee House & Cafe,HYE HONG,2,2,0,2025-11-12,2026-04-10,2,2,1.0,3,1,0,0,0,https://inspections.myhealthdepartment.com/frisco/permit/?permitID=D747D8B6-EB67-4A13-A2FE-337F6CB1180E
36D963F4-45AA-4B9A-ABE2-289AAB1E2FCF,COLLIN COMMUNITY COLLEGE DISTRICT,9700 WADE BLVD ALUMNI,Frisco,75035,9700 WADE BLVD ALUMNI | 75035,Food Establishment II,Food establishment,American,COLLIN COUNTY COMMUNITY COLLEGE,2,2,0,2025-11-13,2026-09-17,2,2,1.0,5,1,0,0,0,https://inspections.myhealthdepartment.com/frisco/permit/?permitID=36D963F4-45AA-4B9A-ABE2-289AAB1E2FCF
12424C91-386E-4D13-8100-47BA198B3B5B,COMERICA CENTER - CLUB LOUNGE/PANTRY,2601 AVENUE OF THE STARS,Frisco,75034,2601 AVENUE OF THE STARS | 75034,Food Establishment II,Food establishment,American,RYAN SANDERS SPORT SERVICES,2,2,0,2025-09-10,2026-04-15,0,0,0.0,0,0,0,0,0,https://inspections.myhealthdepartment.com/frisco/permit/?permitID=12424C91-386E-4D13-8100-47BA198B3B5B
7FE31F94-28FA-4623-AFE2-40E18A14B1AD,COMERICA CENTER - COOP & KENNEL,2601 AVENUE OF THE STARS,Frisco,75034,2601 AVENUE OF THE STARS | 75034,Food Establishment II,Food establishment,American,RYAN SANDERS SPORT SERVICES,2,2,0,2025-09-10,2026-04-15,0,0,0.0,0,0,0,0,0,https://inspections.myhealthdepartment.com/frisco/permit/?permitID=7FE31F94-28FA-4623-AFE2-40E18A14B1AD
98CD5899-BA66-406C-B669-B66001A7733F,COMERICA CENTER - FRANKS KIOSK,2601 AVENUE OF THE STARS,Frisco,75034,2601 AVENUE OF THE STARS | 75034,Food Establishment II,Food establishment,American,RYAN SANDERS SPORT SERVICES,2,2,0,2025-09-10,2026-04-15,0,0,0.0,0,0,0,0,0,https://inspections.myhealthdepartment.com/frisco/permit/?permitID=98CD5899-BA66-406C-B669-B66001A7733F
70D084FA-6B93-47D0-BD54-6AB593DE041D,COMERICA CENTER - MAIN KITCHEN,2601 AVENUE OF THE STARS,Frisco,75034,2601 AVENUE OF THE STARS | 75034,Food Establishment II,Food establishment,American,RYAN SANDERS SPORT SERVICES,2,2,0,2025-09-10,2026-04-15,2,2,1.0,2,1,0,0,0,https://inspections.myhealthdepartment.com/frisco/permit/?permitID=70D084FA-6B93-47D0-BD54-6AB593DE041D
B87A9ECB-1A92-4373-B690-2794E3D1FDA2,COMERICA CENTER - POPCORN KIOSK,2601 AVENUE OF THE STARS,Frisco,75034,2601 AVENUE OF THE STARS | 75034,Food Establishment II,Food establishment,American,RYAN SANDERS SPORT SERVICES,2,2,0,2025-09-10,2026-04-15,0,0,0.0,0,0,0,0,0,https://inspections.myhealthdepartment.com/frisco/permit/?permitID=B87A9ECB-1A92-4373-B690-2794E3D1FDA2
6D140DE0-642F-4F8A-B99A-A6859C5032D3,COMERICA CENTER - ROJO KIOSK,2601 AVENUE OF THE STARS,Frisco,75034,2601 AVENUE OF THE STARS | 75034,Food Establishment II,Food establishment,American,RYAN SANDERS SPORT SERVICES,2,2,0,2025-09-10,2026-04-15,1,1,0.5,1,1,0,0,0,https://inspections.myhealthdepartment.com/frisco/permit/?permitID=6D140DE0-642F-4F8A-B99A-A6859C5032D3
C5B12718-A351-41F4-844F-F92BB3A964C4,COMFORT INN & SUITES,4220 PRESTON RD,Frisco,75034,4220 PRESTON RD | 75034,Food Establishment II,Food establishment,Continental,LNR JOINT VENTURE INC.,3,3,0,2025-07-14,2026-09-09,0,1,0.33,1,1,0,0,0,https://inspections.myhealthdepartment.com/frisco/permit/?permitID=C5B12718-A351-41F4-844F-F92BB3A964C4
7DD10C4C-EBA9-42E3-B14A-BCC2A50BD463,COMFORT INN & SUITES,14700 STATE HIGHWAY 121,Frisco,75035,14700 STATE HIGHWAY 121 | 75035,Food Establishment II,Food establishment,Continental,SYNERGY HOSPITALITY LLC,2,2,0,2025-10-21,2026-06-04,0,4,2.0,3,2,1,0,0,https://inspections.myhealthdepartment.com/frisco/permit/?permitID=7DD10C4C-EBA9-42E3-B14A-BCC2A50BD463
BD456C70-0DBA-4663-864A-E5B2A99C04F0,COMFORT SUITES FRISCO,9700 DALLAS PKWY,Frisco,75034,9700 DALLAS PKWY | 75034,Food Establishment II,Food establishment,Continental,WC PLAZA HOTEL LLC,2,2,0,2025-09-08,2026-03-17,0,0,0.0,0,0,0,0,0,https://inspections.myhealthdepartment.com/frisco/permit/?permitID=BD456C70-0DBA-4663-864A-E5B2A99C04F0
5ADFCCA6-AAAD-493D-B42D-819BDBF4CC33,COMIDAS Y LECHE,5 Universal Pkwy,Frisco,75033,5 UNIVERSAL PKWY | 75033,Food Establishment II,Food establishment,,NBC Universal LLC,1,1,0,2026-07-15,2026-07-15,0,0,0.0,1,0,0,0,0,https://inspections.myhealthdepartment.com/frisco/permit/?permitID=5ADFCCA6-AAAD-493D-B42D-819BDBF4CC33
160CDD2A-E106-42A5-9DB0-415A2E8899F3,CONCRETE COWBOY,3685 THE STAR BLVD 210,Frisco,75034,3685 THE STAR BLVD 210 | 75034,Food Establishment II,Food establishment,American,UNCHAINED LLC,3,3,0,2025-07-01,2026-03-13,7,20,12.33,31,30,5,5,1,https://inspections.myhealthdepartment.com/frisco/permit/?permitID=160CDD2A-E106-42A5-9DB0-415A2E8899F3
5867C05E-B0A1-40CD-A36B-C75972680FD2,CORBELL ELEMENTARY,11095 MONARCH DR,Frisco,75033,11095 MONARCH DR | 75033,School and City,School or city facility,Institutional,CORBELL ELEMENTARY,2,2,0,2025-08-22,2026-03-10,0,0,0.0,0,0,0,0,0,https://inspections.myhealthdepartment.com/frisco/permit/?permitID=5867C05E-B0A1-40CD-A36B-C75972680FD2
36E11724-68A9-4D87-8BCE-98B72674BF12,CORNER STORE AND ICE CREAM ,2601 PRESTON RD 3011,Frisco,75034,2601 PRESTON RD 3011 | 75034,Food Establishment II,Food establishment,Convenience,"EDUCITY PARK FRISCO, LLC",2,2,0,2025-11-21,2026-04-10,1,1,0.5,1,1,0,0,0,https://inspections.myhealthdepartment.com/frisco/permit/?permitID=36E11724-68A9-4D87-8BCE-98B72674BF12
D7365182-15F2-4F29-A6C1-15D54B551C01,COSTCO WHOLESALE #1097,5785 ELDORADO PKWY 75033,Frisco,75033,5785 ELDORADO PKWY 75033 | 75033,Grocery Store II,Grocery,Grocery,COSTCO WHOLESALE CORPORATION,4,4,0,2025-08-22,2026-08-18,0,3,0.75,3,1,1,0,0,https://inspections.myhealthdepartment.com/frisco/permit/?permitID=D7365182-15F2-4F29-A6C1-15D54B551C01
6FDFC639-0CC3-4F22-9D99-42819A4345FB,COTTON PATCH CAFE,3231 PRESTON RD 12,Frisco,75034,3231 PRESTON RD 12 | 75034,Food Establishment II,Food establishment,American,"COTTON PATCH CAFE, INC",3,3,0,2025-09-08,2026-07-13,3,4,2.67,6,5,2,0,0,https://inspections.myhealthdepartment.com/frisco/permit/?permitID=6FDFC639-0CC3-4F22-9D99-42819A4345FB
F8DDDE88-85DB-4B89-825F-C84AA239FBE6,COURTYARD BY MARRIOTT,4884 MAIN ST,Frisco,75033,4884 MAIN ST | 75033,SWSEMI,Pool permit (food inspection filed under it),,NEWMARKET LODGING LLC,1,1,0,2026-06-09,2026-06-09,0,0,0.0,1,0,0,0,0,https://inspections.myhealthdepartment.com/frisco/permit/?permitID=F8DDDE88-85DB-4B89-825F-C84AA239FBE6
7D3F8DFF-B5A2-4792-8BCE-70E364B412C5,COURTYARD BY MARRIOTT BISTRO,4884 MAIN ST,Frisco,75033,4884 MAIN ST | 75033,Food Establishment II,Food establishment,Continental,NEWMARKET LODGING LLC,2,2,0,2025-12-17,2026-06-11,0,0,0.0,2,0,0,0,0,https://inspections.myhealthdepartment.com/frisco/permit/?permitID=7D3F8DFF-B5A2-4792-8BCE-70E364B412C5
1B18C104-74A7-49A8-9F2A-6602EF531775,COW TIPPING CREAMERY,3685 THE STAR BLVD 2W-02,Frisco,75034,3685 THE STAR BLVD 2W-02 | 75034,Food Establishment II,Food establishment,Ice Cream,Katrina Killough,2,2,0,2025-08-18,2026-03-06,0,0,0.0,0,0,0,0,0,https://inspections.myhealthdepartment.com/frisco/permit/?permitID=1B18C104-74A7-49A8-9F2A-6602EF531775
4BB45537-C3BC-4E56-B28B-23DFF8584202,COWBOY CHICKEN,4984 MAIN ST 150,Frisco,,4984 MAIN ST 150 | ,Food Establishment II,Food establishment,American,CAMPFIRE FRISCO LLC,4,4,0,2025-07-25,2026-07-17,8,8,5.0,15,13,3,0,0,https://inspections.myhealthdepartment.com/frisco/permit/?permitID=4BB45537-C3BC-4E56-B28B-23DFF8584202
3F3226C6-42BD-4715-B6FF-F5554963078C,COWBOY CLUB,1 COWBOYS WAY,Frisco,75034,1 COWBOYS WAY | 75034,Food Establishment II,Food establishment,New American,LEGENDS HOSPITALITY LLC,3,3,0,2025-08-26,2026-07-23,24,24,11.67,31,27,5,0,0,https://inspections.myhealthdepartment.com/frisco/permit/?permitID=3F3226C6-42BD-4715-B6FF-F5554963078C
833B7442-E796-4FE7-A8D4-90DDF75680C0,COWBOY FIT (JUICE BAR),5 COWBOYS WAY 100,Frisco,75034,5 COWBOYS WAY 100 | 75034,Food Establishment II,Food establishment,Juice Bar,FOOTBALL FIT LLC,2,2,0,2025-09-05,2026-03-27,1,1,0.5,1,1,0,0,0,https://inspections.myhealthdepartment.com/frisco/permit/?permitID=833B7442-E796-4FE7-A8D4-90DDF75680C0
D602A857-BF23-4C12-A33E-C4BA50E07FFD,CRAFTWAY KITCHEN,5729 LEBANON RD 100,Frisco,75034,5729 LEBANON RD 100 | 75034,Food Establishment II,Food establishment,American,"CWKF2, LLC",2,2,0,2025-10-28,2026-05-07,4,4,2.0,5,3,0,0,0,https://inspections.myhealthdepartment.com/frisco/permit/?permitID=D602A857-BF23-4C12-A33E-C4BA50E07FFD
D2A0D88B-0A5C-4F5E-8086-73C10E37582F,CREATIVE MINDS,5115 WARREN PKWY,Frisco,,5115 WARREN PKWY | ,DAYC,Child care,Institutional,SENTHILKUMAR RAMANATH,4,4,0,2025-08-13,2026-06-29,0,0,0.0,0,0,0,0,0,https://inspections.myhealthdepartment.com/frisco/permit/?permitID=D2A0D88B-0A5C-4F5E-8086-73C10E37582F
28B55B0D-EB11-4A37-B36D-F09D68970745,CREME DE LA CREME,9375 LEGACY DR,Frisco,75033,9375 LEGACY DR | 75033,DAYC,Child care,Institutional,CREME DE LA CREME INCORP.,4,4,0,2025-09-19,2026-06-24,0,0,0.0,0,0,0,0,0,https://inspections.myhealthdepartment.com/frisco/permit/?permitID=28B55B0D-EB11-4A37-B36D-F09D68970745
E34FC60C-3A5B-42E8-9375-9065986EEF00,CREPE DELICIOUS,2601 PRESTON RD 5531,Frisco,75034,2601 PRESTON RD 5531 | 75034,Food Establishment II,Food establishment,Ice Cream,NABIL HALLAK,3,3,0,2025-07-16,2026-08-07,12,12,6.0,12,9,1,1,0,https://inspections.myhealthdepartment.com/frisco/permit/?permitID=E34FC60C-3A5B-42E8-9375-9065986EEF00
3AC36E2D-A195-49AC-B904-D2C749E137D9,CREST BISTRO ,6100 STATE HIGHWAY 121,Frisco,75034,6100 STATE HIGHWAY 121 | 75034,Food Establishment II,Food establishment,American,"CREST BISTRO, LLC",2,2,0,2026-02-03,2026-07-23,3,3,2.5,5,3,1,0,0,https://inspections.myhealthdepartment.com/frisco/permit/?permitID=3AC36E2D-A195-49AC-B904-D2C749E137D9
39BDEB62-6A6F-4EB7-9B0D-4D967410F17B,CRIMSON COWARD,3246 PRESTON RD A510,Frisco,75034,3246 PRESTON RD A510 | 75034,Food Establishment II,Food establishment,American,HASSAN BAWAB,4,4,0,2025-10-21,2026-06-29,5,13,7.25,19,19,2,0,0,https://inspections.myhealthdepartment.com/frisco/permit/?permitID=39BDEB62-6A6F-4EB7-9B0D-4D967410F17B
35704D80-D3E0-43C0-98DF-DF8457728FD9,CRISTINA'S FINE MEXICAN RESTAURANT,5105 ELDORADO PKWY,Frisco,75033,5105 ELDORADO PKWY | 75033,Food Establishment II,Food establishment,Mexican,DAVID BRIAN,2,2,0,2025-12-12,2026-06-25,0,9,4.5,4,4,1,0,0,https://inspections.myhealthdepartment.com/frisco/permit/?permitID=35704D80-D3E0-43C0-98DF-DF8457728FD9
E8050E71-2167-4CDF-BCBD-5C5FA256FF75,CRUSH TACO,360 STONEBROOK PKWY 100,Frisco,75036,360 STONEBROOK PKWY 100 | 75036,Food Establishment II,Food establishment,Mexican,Dylan Kuenzel,3,3,0,2025-07-15,2026-04-29,6,6,3.67,9,6,1,0,0,https://inspections.myhealthdepartment.com/frisco/permit/?permitID=E8050E71-2167-4CDF-BCBD-5C5FA256FF75
4EDEC6D7-D8F6-4981-B6A5-AA68A5CA2D27,CRUSH TACO,4995-5299 ELDORADO PKWY 230,Frisco,75033,4995-5299 ELDORADO PKWY 230 | 75033,Food Establishment II,Food establishment,Mexican,"MORICKS, LLC",3,3,0,2025-11-05,2026-08-18,8,8,5.0,18,11,1,2,0,https://inspections.myhealthdepartment.com/frisco/permit/?permitID=4EDEC6D7-D8F6-4981-B6A5-AA68A5CA2D27
3787B165-3CF4-4F1A-BE88-14E7D1E70A67,CUPPAPUG ,8100 Stonebrook Pkwy,Frisco,75034,8100 STONEBROOK PKWY | 75034,Food Establishment II,Food establishment,Convenience,CUPPAPUG TEXAS LLC,1,1,0,2026-02-19,2026-02-19,0,0,0.0,1,0,0,0,0,https://inspections.myhealthdepartment.com/frisco/permit/?permitID=3787B165-3CF4-4F1A-BE88-14E7D1E70A67
17C7B1F8-B9E0-47D7-88C8-BBACB32B9921,CURA HOSPITALITY AT TEXAS HEALTH RESOURCES,12400 DALLAS PKWY,Frisco,75033,12400 DALLAS PKWY | 75033,Food Establishment III,Food establishment,Institutional,"CURA HOSPITALITY, LLC",3,3,0,2025-12-03,2026-08-18,5,5,1.67,4,2,1,0,0,https://inspections.myhealthdepartment.com/frisco/permit/?permitID=17C7B1F8-B9E0-47D7-88C8-BBACB32B9921
C988DD68-10F5-4859-9D03-1254747BC98F,"CURA HOSPITALITY, LLC - 3RD FLOOR MARKET",12400 DALLAS PKWY,Frisco,75033,12400 DALLAS PKWY | 75033,Food Establishment I,Food establishment,Convenience,"Cura Hospitality, LLC",1,1,0,2025-12-03,2025-12-03,0,0,0.0,0,0,0,0,0,https://inspections.myhealthdepartment.com/frisco/permit/?permitID=C988DD68-10F5-4859-9D03-1254747BC98F
0C875750-D322-4FBA-B3EE-34CA00EF536C,CURTSINGER ELEMENTARY SCHOOL,12450 JEREME TRL,Frisco,75035,12450 JEREME TRL | 75035,School and City,School or city facility,Institutional,FRISCO ISD,2,2,0,2025-09-10,2026-04-13,0,0,0.0,0,0,0,0,0,https://inspections.myhealthdepartment.com/frisco/permit/?permitID=0C875750-D322-4FBA-B3EE-34CA00EF536C
FCC7CF32-4052-4251-8AD0-89CD9603864E,CUSTER DONUT,11477 CUSTER RD 101,Frisco,75035,11477 CUSTER RD 101 | 75035,Food Establishment II,Food establishment,Bakery,JINYOUNG BAE,2,2,0,2025-10-21,2026-04-14,2,2,1.0,3,2,0,0,0,https://inspections.myhealthdepartment.com/frisco/permit/?permitID=FCC7CF32-4052-4251-8AD0-89CD9603864E
2FB5DF67-7D17-437C-BE8D-FDA37021017D,CVS PHARMACY,6225 ELDORADO PKWY,Frisco,75033,6225 ELDORADO PKWY | 75033,Food Establishment I,Food establishment,Convenience,CVS PHARMACY INC,1,1,0,2025-09-05,2025-09-05,0,0,0.0,0,0,0,0,0,https://inspections.myhealthdepartment.com/frisco/permit/?permitID=2FB5DF67-7D17-437C-BE8D-FDA37021017D
6CE3AA25-F5DD-4FA5-94DC-B5178727766E,CVS PHARMACY,1177 UNIVERSITY DR,Frisco,75068,1177 UNIVERSITY DR | 75068,Food Establishment I,Food establishment,Convenience,CVS LICENSING DEPARTMENT,1,1,0,2026-02-09,2026-02-09,2,2,2.0,1,1,0,0,0,https://inspections.myhealthdepartment.com/frisco/permit/?permitID=6CE3AA25-F5DD-4FA5-94DC-B5178727766E
F95D4E62-E7D6-46F9-8914-89C4B1652866,CVS PHARMACY #10523,270 STONEBROOK PKWY,Frisco,75036,270 STONEBROOK PKWY | 75036,Food Establishment I,Food establishment,Convenience,"CVC PHARMACY, INC",1,1,0,2026-02-05,2026-02-05,1,1,1.0,1,1,0,0,0,https://inspections.myhealthdepartment.com/frisco/permit/?permitID=F95D4E62-E7D6-46F9-8914-89C4B1652866
2452AD56-E1CF-4427-8244-5847B6805AFF,CVS PHARMACY #10581,12740 ELDORADO PKWY,Frisco,75035,12740 ELDORADO PKWY | 75035,Food Establishment I,Food establishment,Convenience,"CVS PHARMACY, INC",2,2,0,2025-07-07,2026-08-12,0,0,0.0,1,0,0,0,0,https://inspections.myhealthdepartment.com/frisco/permit/?permitID=2452AD56-E1CF-4427-8244-5847B6805AFF
E6AA5D37-ADB2-4088-AB84-127303E676D3,CVS PHARMACY #7562,9075 LEGACY DR,Frisco,75033,9075 LEGACY DR | 75033,Food Establishment I,Food establishment,Convenience,CVS PHARMACY INC,1,1,0,2025-11-17,2025-11-17,0,0,0.0,0,0,0,0,0,https://inspections.myhealthdepartment.com/frisco/permit/?permitID=E6AA5D37-ADB2-4088-AB84-127303E676D3
9B182BD3-ABCF-437E-83AF-C2E46339F7DF,CVS PHARMACY #7751,7230 PRESTON RD,Frisco,75034,7230 PRESTON RD | 75034,Food Establishment I,Food establishment,Convenience,"CVS PHARMACY, INC.",1,1,0,2025-09-25,2025-09-25,0,0,0.0,0,0,0,0,0,https://inspections.myhealthdepartment.com/frisco/permit/?permitID=9B182BD3-ABCF-437E-83AF-C2E46339F7DF
9D64FA40-2F49-4C2A-93B3-958FC349F7D2,CVS PHARMACY #7825,5401 LEBANON RD,Frisco,75034,5401 LEBANON RD | 75034,Food Establishment I,Food establishment,Convenience,CVS PHARMACY INC,2,2,0,2025-09-05,2025-11-17,0,0,0.0,0,0,0,0,0,https://inspections.myhealthdepartment.com/frisco/permit/?permitID=9D64FA40-2F49-4C2A-93B3-958FC349F7D2
E0D146AB-47D6-467C-88CD-560973824519,Canteen @ Thomson Reuters - 6th Fl.,6160 WARREN PKWY 6th Floor,Frisco,75034,6160 WARREN PKWY 6TH FLOOR | 75034,Food Establishment I,Food establishment,Convenience,COMPASS GROUP USA INC,1,1,0,2025-10-22,2025-10-22,0,0,0.0,0,0,0,0,0,https://inspections.myhealthdepartment.com/frisco/permit/?permitID=E0D146AB-47D6-467C-88CD-560973824519
CC48D1C7-A931-461D-882E-C73A4DC3DB2E,Charleys Cheesesteak,8555 PRESTON RD,Frisco,75034,8555 PRESTON RD | 75034,Food Establishment II,Food establishment,Sandwiches,Rongsheng Yang,1,1,0,2025-07-29,2025-07-29,2,2,2.0,2,1,0,0,0,https://inspections.myhealthdepartment.com/frisco/permit/?permitID=CC48D1C7-A931-461D-882E-C73A4DC3DB2E
B3A4CA49-54F6-4098-9D13-A5F0F50EC243,Clutch City Cluckers,15801 ROLATER RD 206,Frisco,75035,15801 ROLATER RD 206 | 75035,Food Establishment II,Food establishment,American,Omar Alhoushah,2,2,0,2025-09-02,2026-04-09,4,12,8.0,11,8,3,0,0,https://inspections.myhealthdepartment.com/frisco/permit/?permitID=B3A4CA49-54F6-4098-9D13-A5F0F50EC243
693A7E92-6770-4792-B42C-E5C9ECE9B852,Coldstone Creamery,3259 PRESTON RD,Frisco,75034,3259 PRESTON RD | 75034,Food Establishment II,Food establishment,Ice Cream,"Dawn to Dusk Coffee, LLC",3,3,0,2025-08-05,2026-09-03,3,6,3.33,8,7,0,0,0,https://inspections.myhealthdepartment.com/frisco/permit/?permitID=693A7E92-6770-4792-B42C-E5C9ECE9B852
F4F14AD1-C714-4059-BE9E-DE5F86FA917C,Cookie Society,2155 UNIVERSITY DR 140,Frisco,75033,2155 UNIVERSITY DR 140 | 75033,Food Establishment II,Food establishment,Bakery,Cookie Society Southlake LLC,3,3,0,2025-12-02,2026-08-03,0,2,0.67,2,2,0,0,0,https://inspections.myhealthdepartment.com/frisco/permit/?permitID=F4F14AD1-C714-4059-BE9E-DE5F86FA917C
F46361CE-B70A-4C26-B630-978910EB620E,Corner Bakery Cafe,3301 PRESTON RD 2,Frisco,75034,3301 PRESTON RD 2 | 75034,Food Establishment II,Food establishment,Cafe,"Best Cafe Enterprises, LLC",3,3,0,2025-09-08,2026-07-13,3,3,1.67,9,5,0,0,0,https://inspections.myhealthdepartment.com/frisco/permit/?permitID=F46361CE-B70A-4C26-B630-978910EB620E
83309AB6-EEC8-465D-ACD0-CF8E1CE23AC2,Cracked and Crepe,8050 PRESTON RD #107,Frisco,75035,8050 PRESTON RD 107 | 75035,Food Establishment II,Food establishment,Cafe,Jeremy Shen,2,2,0,2025-12-09,2026-05-18,7,7,5.5,5,5,1,0,0,https://inspections.myhealthdepartment.com/frisco/permit/?permitID=83309AB6-EEC8-465D-ACD0-CF8E1CE23AC2
0AA84B6C-3033-4474-9049-C605FBD28EB8,Croix Bakehouse,5355 DALLAS PKWY 610,Frisco,75034,5355 DALLAS PKWY 610 | 75034,Food Establishment II,Food establishment,Bakery,Silvia Valdivieso,2,2,0,2025-11-24,2026-06-17,0,0,0.0,1,0,0,0,0,https://inspections.myhealthdepartment.com/frisco/permit/?permitID=0AA84B6C-3033-4474-9049-C605FBD28EB8
4A8CA93E-EBC1-4BFE-9F1A-F42685040389,Crudo Wood Fired Taverna,7004 LEBANON RD 100,Frisco,75034,7004 LEBANON RD 100 | 75034,Food Establishment II,Food establishment,Italian,Ari Isufaj,2,2,0,2025-09-15,2026-02-25,19,19,12.5,15,15,4,0,0,https://inspections.myhealthdepartment.com/frisco/permit/?permitID=4A8CA93E-EBC1-4BFE-9F1A-F42685040389
737F7AEA-47D1-4046-A426-A6D2148E2E10,Crumbl Cookies,4880 ELDORADO PKWY 400,Frisco,75033,4880 ELDORADO PKWY 400 | 75033,Food Establishment II,Food establishment,Bakery,Adam Burnham,2,2,0,2025-12-01,2026-07-02,2,3,2.5,5,2,1,0,0,https://inspections.myhealthdepartment.com/frisco/permit/?permitID=737F7AEA-47D1-4046-A426-A6D2148E2E10
AEC39268-08CE-466A-AA0F-D98639187B89,"Cura Hospitality, LLC - 1st Floor Lobby",12400 DALLAS PKWY,Frisco,75033,12400 DALLAS PKWY | 75033,Food Establishment I,Food establishment,Convenience,"Cura Hospitality, LLC",1,1,0,2025-12-03,2025-12-03,0,0,0.0,0,0,0,0,0,https://inspections.myhealthdepartment.com/frisco/permit/?permitID=AEC39268-08CE-466A-AA0F-D98639187B89
2E929E12-EBAF-4968-8F64-74BB32CC9D0C,"Cura Hospitality, LLC - ER Waiting Room",12400 DALLAS PKWY,Frisco,75033,12400 DALLAS PKWY | 75033,Food Establishment I,Food establishment,Convenience,"Cura Hospitality, LLC",1,1,0,2025-12-03,2025-12-03,0,0,0.0,0,0,0,0,0,https://inspections.myhealthdepartment.com/frisco/permit/?permitID=2E929E12-EBAF-4968-8F64-74BB32CC9D0C
E8F3194A-CDA3-472C-B5E8-A38F3F083D1F,Curry Pizza House,5266 INDEPENDENCE PKWY 105,Frisco,75035,5266 INDEPENDENCE PKWY 105 | 75035,Food Establishment II,Food establishment,Fusion,Parneet Kochar,4,4,0,2025-08-18,2026-09-14,4,10,4.25,9,9,3,0,1,https://inspections.myhealthdepartment.com/frisco/permit/?permitID=E8F3194A-CDA3-472C-B5E8-A38F3F083D1F
84C60BDA-995A-4073-B295-E9F1D46005EB,DAD JOKES CHEESYBURGER,8981 2ND ST 100,Frisco,75033,8981 2ND ST 100 | 75033,Food Establishment II,Food establishment,Hamburgers,Clayton Jones,3,3,0,2025-07-22,2026-04-01,3,3,1.0,3,1,1,0,0,https://inspections.myhealthdepartment.com/frisco/permit/?permitID=84C60BDA-995A-4073-B295-E9F1D46005EB
1966C28D-CFAC-4663-88BF-719EAE6D8138,DAILY GRINDS,6750 GAYLORD PKWY 130,Frisco,,6750 GAYLORD PKWY 130 | ,Food Establishment II,Food establishment,Coffee House & Cafe,"JTP Group, LLC",3,3,0,2025-09-04,2026-05-06,4,9,5.67,11,9,4,3,0,https://inspections.myhealthdepartment.com/frisco/permit/?permitID=1966C28D-CFAC-4663-88BF-719EAE6D8138
48681542-EB08-40DE-AA48-BD1EB143842D,DAIRY QUEEN,8890 PRESTON RD,Frisco,75034,8890 PRESTON RD | 75034,Food Establishment II,Food establishment,Fast Food,"5 -STAR TREATS, INC",2,2,0,2025-10-29,2026-05-12,1,1,0.5,1,1,0,0,0,https://inspections.myhealthdepartment.com/frisco/permit/?permitID=48681542-EB08-40DE-AA48-BD1EB143842D
E6447721-A6B5-4994-B5D2-8962AE5D4F92,DAIRY QUEEN,8855 TEEL PKWY,Frisco,75035,8855 TEEL PKWY | 75035,Food Establishment II,Food establishment,Fast Food,"5-STAR TREATS, INC.",2,2,0,2025-12-26,2026-07-17,1,1,0.5,4,2,0,0,0,https://inspections.myhealthdepartment.com/frisco/permit/?permitID=E6447721-A6B5-4994-B5D2-8962AE5D4F92
374DDC1D-5281-4920-95DB-EC079F0A75DA,DAISO JAPAN,9292 WARREN PKWY 170,Frisco,75035,9292 WARREN PKWY 170 | 75035,Food Establishment I,Food establishment,Convenience,DAISO USA LLC,1,1,0,2026-01-15,2026-01-15,1,1,1.0,1,1,0,0,0,https://inspections.myhealthdepartment.com/frisco/permit/?permitID=374DDC1D-5281-4920-95DB-EC079F0A75DA
473B2EF2-B5D4-4239-8BF2-EA628A869718,DATTA YOGA CENTER,12030 INDEPENDENCE PKWY A,Frisco,75035,12030 INDEPENDENCE PKWY A | 75035,Food Establishment II,Food establishment,Indian,DATTA YOGA CENTER,4,4,0,2025-07-24,2026-09-05,0,0,0.0,0,0,0,0,0,https://inspections.myhealthdepartment.com/frisco/permit/?permitID=473B2EF2-B5D4-4239-8BF2-EA628A869718
ECAECBEA-C2C9-4D0B-8C4E-2890BDB49AE3,DAVE & BUSTER'S,2601 PRESTON RD 1200,Frisco,75034,2601 PRESTON RD 1200 | 75034,Food Establishment II,Food establishment,American,"DAVE & BUSTER'S I, LP",2,2,0,2025-07-10,2026-02-18,0,1,0.5,3,1,0,0,0,https://inspections.myhealthdepartment.com/frisco/permit/?permitID=ECAECBEA-C2C9-4D0B-8C4E-2890BDB49AE3
0B0475E6-A2E2-4C10-B5FD-8805ACE880FB,DEE LINCOLN PRIME,6670 WINNING DR,Frisco,75034,6670 WINNING DR | 75034,Food Establishment III,Food establishment,Steak House,PRIME GROUP STAR LLC,2,2,0,2025-10-28,2026-03-04,0,0,0.0,0,0,0,0,0,https://inspections.myhealthdepartment.com/frisco/permit/?permitID=0B0475E6-A2E2-4C10-B5FD-8805ACE880FB
4975F02C-7D1C-4EE3-94DE-56060DAC621E,DEE'S TABLE BURGERS & MORE,3685 THE STAR BLVD 205,Frisco,75034,3685 THE STAR BLVD 205 | 75034,Food Establishment II,Food establishment,Hamburgers,Dee Lincoln Concept-Star LLC,3,3,0,2025-09-15,2026-08-26,9,9,4.0,6,6,3,0,0,https://inspections.myhealthdepartment.com/frisco/permit/?permitID=4975F02C-7D1C-4EE3-94DE-56060DAC621E
D8FD39BE-AB34-4A4D-B67F-A0E7E53AD13D,DEL MAR TEAM MEMBER GRILL ,5 Universal Pkwy,Frisco,75033,5 UNIVERSAL PKWY | 75033,Food Establishment II,Food establishment,,NBC Universal LLC,1,1,0,2026-07-15,2026-07-15,0,0,0.0,0,0,0,0,0,https://inspections.myhealthdepartment.com/frisco/permit/?permitID=D8FD39BE-AB34-4A4D-B67F-A0E7E53AD13D
1AB3F215-CCD7-4921-B2D1-B386CE707F75,DELI NEWS,3685 PRESTON RD 185,Frisco,75034,3685 PRESTON RD 185 | 75034,Food Establishment II,Food establishment,Deli,RICHARD MESSINGER/RAMZAM LLC,4,4,0,2025-07-17,2026-09-24,23,23,10.25,43,39,3,3,1,https://inspections.myhealthdepartment.com/frisco/permit/?permitID=1AB3F215-CCD7-4921-B2D1-B386CE707F75
BE1D62F2-5A25-43D9-B80F-FEDC00EDA601,DERA COFFEE ,11030 Panther Creek Pkwy,"/,",,11030 PANTHER CREEK PKWY | ,Food Establishment II,Food establishment,,Daar Coffee Frisco LLC,1,1,0,2026-07-21,2026-07-21,4,4,4.0,8,5,0,0,0,https://inspections.myhealthdepartment.com/frisco/permit/?permitID=BE1D62F2-5A25-43D9-B80F-FEDC00EDA601
422F3B75-2084-4B8F-809D-0685620AFBED,DESI CHOWRASTHA,15851 ROLATER RD building 2,Frisco,75035,15851 ROLATER RD BUILDING 2 | 75035,Grocery Store II,Grocery,Grocery,SRI LAXMI FOODS FRISCO LLC,2,2,0,2026-02-04,2026-07-30,9,10,9.5,17,13,2,1,0,https://inspections.myhealthdepartment.com/frisco/permit/?permitID=422F3B75-2084-4B8F-809D-0685620AFBED
337B5524-4B57-46C4-BB63-23A428E5D8B1,DESI LOCAL FOOD ,1525 University Dr 800,Frisco,75033,1525 UNIVERSITY DR 800 | 75033,Food Establishment II,Food establishment,Indian,SANKEERTH CHAPPIDI,1,1,0,2026-01-06,2026-01-06,18,18,18.0,11,9,3,0,0,https://inspections.myhealthdepartment.com/frisco/permit/?permitID=337B5524-4B57-46C4-BB63-23A428E5D8B1
8186DD94-EEE3-420F-A7B1-C2A8657807B6,DESI VILLAGE ,12455 Eldorado Pkwy 270,Frisco,75035,12455 ELDORADO PKWY 270 | 75035,Food Establishment II,Food establishment,Indian,KARYA SIDDI VENTURES INC,1,1,0,2026-07-17,2026-07-17,21,21,21.0,13,12,3,0,0,https://inspections.myhealthdepartment.com/frisco/permit/?permitID=8186DD94-EEE3-420F-A7B1-C2A8657807B6
B0DD2B91-669E-4EBA-8D07-75D18ACA7D20,DETOUR DOUGHNUTS,8161 FM 423 250,Frisco,,8161 FM 423 250 | ,Food Establishment II,Food establishment,Bakery,EUN JIN CHO,2,2,0,2025-09-17,2026-03-30,0,0,0.0,1,0,0,0,0,https://inspections.myhealthdepartment.com/frisco/permit/?permitID=B0DD2B91-669E-4EBA-8D07-75D18ACA7D20
3D2383F8-1A9F-4B7E-AF7B-927DF30AA466,DIDI'S DOWNTOWN,7210 MAIN ST,Frisco,75033,7210 MAIN ST | 75033,Food Establishment II,Food establishment,American,SCOTT HOFFNER,4,4,0,2025-07-02,2026-09-23,9,14,5.75,22,18,3,1,0,https://inspections.myhealthdepartment.com/frisco/permit/?permitID=3D2383F8-1A9F-4B7E-AF7B-927DF30AA466
DD88433C-2E7A-4D6A-9F6E-213C55229E69,DILLAS PRIMO QUESADILLAS,3930 PRESTON RD 140,Frisco,75034,3930 PRESTON RD 140 | 75034,Food Establishment II,Food establishment,Mexican,"DILLAS QUESADILLAS HOLDINGS, LLC",3,3,0,2025-08-05,2026-04-29,3,6,3.33,7,7,0,0,0,https://inspections.myhealthdepartment.com/frisco/permit/?permitID=DD88433C-2E7A-4D6A-9F6E-213C55229E69
7BFEE9D7-E845-4D6B-A46B-FD19DC7CB8C7,DIPPIN DOTS,2601 PRESTON RD K,Frisco,75034,2601 PRESTON RD K | 75034,Food Establishment I,Food establishment,Ice Cream,"EMC New Beginnings, LLC",1,1,0,2025-08-15,2025-08-15,0,0,0.0,0,0,0,0,0,https://inspections.myhealthdepartment.com/frisco/permit/?permitID=7BFEE9D7-E845-4D6B-A46B-FD19DC7CB8C7
2E6F0E52-B8A8-4BF1-9D08-AAF7A9658018,DIPPIN DOTS & A BUNCH OF NUTS @ THE FIELDHOUSE,6155 SPORTS VILLAGE RD,Frisco,75033,6155 SPORTS VILLAGE RD | 75033,Food Establishment II,Food establishment,Ice Cream,"SORRELLS ENTERPRISES, LLC",1,1,0,2026-02-20,2026-02-20,2,2,2.0,2,1,0,0,0,https://inspections.myhealthdepartment.com/frisco/permit/?permitID=2E6F0E52-B8A8-4BF1-9D08-AAF7A9658018
D2CE208B-0C6E-4508-834F-0E782D66AFA2,DISTRICT ONE SAIGON STREET FOOD,9292 WARREN PKWY 200-105,Frisco,75035,9292 WARREN PKWY 200-105 | 75035,Food Establishment II,Food establishment,Asian,CHI TRAN,1,1,0,2025-12-10,2025-12-10,17,17,17.0,8,8,3,0,0,https://inspections.myhealthdepartment.com/frisco/permit/?permitID=D2CE208B-0C6E-4508-834F-0E782D66AFA2
5839AF1C-ADC0-4AF3-8549-89E384B91B6A,DOG HAUS FRISCO ,"9169 DALLAS PKWY 100, BLD 8",Frisco,75033,9169 DALLAS PKWY 100 BLD 8 | 75033,Food Establishment II,Food establishment,American,DANDA REDDY VANUKURI,2,2,0,2025-11-11,2026-04-22,3,3,3.0,7,2,2,0,0,https://inspections.myhealthdepartment.com/frisco/permit/?permitID=5839AF1C-ADC0-4AF3-8549-89E384B91B6A
624CF677-490F-4E6D-9D57-E8B94BF5AEE3,DOLLAR TREE,3261 PRESTON RD,Frisco,75034,3261 PRESTON RD | 75034,Food Establishment I,Food establishment,Convenience,"DOLLAR TREE STORES, INC.",2,2,0,2025-11-07,2025-12-17,0,0,0.0,0,0,0,0,0,https://inspections.myhealthdepartment.com/frisco/permit/?permitID=624CF677-490F-4E6D-9D57-E8B94BF5AEE3
9A9E0C07-25C9-4591-A12E-B73E2C9D7097,DOLLAR TREE #6293,6951 PRESTON RD,Frisco,75034,6951 PRESTON RD | 75034,Food Establishment I,Food establishment,Convenience,"DOLLAR TREE STORES, INC",1,1,0,2026-02-11,2026-02-11,0,0,0.0,1,0,0,0,0,https://inspections.myhealthdepartment.com/frisco/permit/?permitID=9A9E0C07-25C9-4591-A12E-B73E2C9D7097
98CF8D7B-D7F1-4ED0-BB0D-E702EF9A9B6D,DOMINO'S PIZZA,13030 PRESTON RD 200,Frisco,75035,13030 PRESTON RD 200 | 75035,Food Establishment II,Food establishment,Pizza,E & G PIZZA INC,2,2,0,2025-09-09,2026-03-12,1,1,1.0,3,2,0,1,0,https://inspections.myhealthdepartment.com/frisco/permit/?permitID=98CF8D7B-D7F1-4ED0-BB0D-E702EF9A9B6D
C418DCCF-0B2D-4063-8849-002E183DC002,DOMINO'S PIZZA,9175 PRESTON VINEYARD,Frisco,75035,9175 PRESTON VINEYARD | 75035,Food Establishment II,Food establishment,Pizza,E&G PIZZA INC,2,2,0,2025-10-06,2026-04-24,0,0,0.0,1,0,0,0,0,https://inspections.myhealthdepartment.com/frisco/permit/?permitID=C418DCCF-0B2D-4063-8849-002E183DC002
AF76BE19-68A2-40BF-ACAD-7B0AF2FCCEFA,DOMINO'S PIZZA,7333 COIT RD,Frisco,75035,7333 COIT RD | 75035,Food Establishment II,Food establishment,Pizza,DOMINOS PIZZA,2,2,0,2025-10-21,2026-04-28,0,0,0.0,0,0,0,0,0,https://inspections.myhealthdepartment.com/frisco/permit/?permitID=AF76BE19-68A2-40BF-ACAD-7B0AF2FCCEFA
3C162A1D-3E4A-4E8E-8040-91A61E889F95,DOMINO'S PIZZA,2930 PRESTON RD 140,Frisco,75034,2930 PRESTON RD 140 | 75034,Food Establishment II,Food establishment,Pizza,E & G PIZZA INC.,2,2,0,2025-11-03,2026-05-06,0,2,1.0,2,1,0,0,0,https://inspections.myhealthdepartment.com/frisco/permit/?permitID=3C162A1D-3E4A-4E8E-8040-91A61E889F95
1286F352-DA69-4F46-BE10-92545BCB16B2,DOMINO'S PIZZA #6407,615 MAIN ST,Frisco,75036,615 MAIN ST | 75036,Food Establishment II,Food establishment,Pizza,MONA LISA PIZZA LLC,3,3,0,2025-08-12,2026-09-10,0,0,0.0,1,0,0,0,0,https://inspections.myhealthdepartment.com/frisco/permit/?permitID=1286F352-DA69-4F46-BE10-92545BCB16B2
F4D5D679-FD20-4DCF-BA9B-35012FF870A6,DOMINO'S PIZZA #9417,2552 ELDORADO PKWY 100,Frisco,75033,2552 ELDORADO PKWY 100 | 75033,Food Establishment II,Food establishment,Pizza,MONA LISA PIZZA LTD DBA DOMINO'S,2,2,0,2025-10-02,2026-05-04,4,4,2.0,2,2,0,0,0,https://inspections.myhealthdepartment.com/frisco/permit/?permitID=F4D5D679-FD20-4DCF-BA9B-35012FF870A6
96617673-D121-44C1-968C-CF92CD1A2573,DONATOS PIZZA,8990 COIT RD 600,Frisco,75035,8990 COIT RD 600 | 75035,Food Establishment II,Food establishment,Pizza,"DPTX-1, LLC",2,2,0,2026-01-16,2026-06-11,0,0,0.0,1,0,0,0,0,https://inspections.myhealthdepartment.com/frisco/permit/?permitID=96617673-D121-44C1-968C-CF92CD1A2573
E4ECCEBD-867D-4CB6-A7C3-71AE49A80358,DONG BO SUNG,9144 PRESTMONT PL 210,Frisco,75035,9144 PRESTMONT PL 210 | 75035,Food Establishment II,Food establishment,Chinese,LILY HSU,2,2,0,2025-08-07,2025-12-08,4,24,14.0,14,14,7,1,0,https://inspections.myhealthdepartment.com/frisco/permit/?permitID=E4ECCEBD-867D-4CB6-A7C3-71AE49A80358
7891DAB8-1483-42DC-85FA-B622A66AB57F,DONUT BAR,10150 LEGACY DR 300,Frisco,75033,10150 LEGACY DR 300 | 75033,Food Establishment II,Food establishment,Bakery,INLARK HAN,1,1,0,2025-10-16,2025-10-16,0,0,0.0,1,0,0,0,0,https://inspections.myhealthdepartment.com/frisco/permit/?permitID=7891DAB8-1483-42DC-85FA-B622A66AB57F
A23D17DB-2B51-48F8-AA12-E1EE53977DBA,DONUT DELITE,7333 COIT RD 120,Frisco,75035,7333 COIT RD 120 | 75035,Food Establishment II,Food establishment,Bakery,JAE YANG,2,2,0,2025-10-03,2026-04-16,0,0,0.0,0,0,0,0,0,https://inspections.myhealthdepartment.com/frisco/permit/?permitID=A23D17DB-2B51-48F8-AA12-E1EE53977DBA
1264EBC9-CD76-4931-AC71-C4AA04E146B6,DONUT FACTORY,12255 TEEL PKWY 450,Frisco,,12255 TEEL PKWY 450 | ,Food Establishment II,Food establishment,Bakery,SUNG PAE,3,3,0,2025-07-09,2026-08-03,3,3,2.0,8,7,0,0,0,https://inspections.myhealthdepartment.com/frisco/permit/?permitID=1264EBC9-CD76-4931-AC71-C4AA04E146B6
0950D104-9D32-4E7A-B987-81E5A8FF0939,DONUT HOUSE,6449 COIT RD 106,Frisco,75035,6449 COIT RD 106 | 75035,Food Establishment II,Food establishment,Bakery,Sami Kim,2,2,0,2025-09-02,2026-03-05,5,5,5.0,7,6,2,1,0,https://inspections.myhealthdepartment.com/frisco/permit/?permitID=0950D104-9D32-4E7A-B987-81E5A8FF0939
5E484D7E-8B61-4EE8-B9D2-4EC9E231D288,DRURY INN & SUITES,2880 DALLAS PKWY,Frisco,75034,2880 DALLAS PKWY | 75034,Food Establishment II,Food establishment,American,DRURY SOUTHWEST,3,3,0,2025-07-14,2026-08-28,0,4,1.67,3,3,0,0,0,https://inspections.myhealthdepartment.com/frisco/permit/?permitID=5E484D7E-8B61-4EE8-B9D2-4EC9E231D288
DF45A07E-631E-4AAD-B90F-1E48D2C26F63,DUA TRATTORIA,5225 WARREN PKWY,Frisco,75034,5225 WARREN PKWY | 75034,Food Establishment II,Food establishment,Italian,Lulzim Vllasaliu,3,3,0,2025-06-23,2026-03-18,0,5,1.67,2,2,1,0,0,https://inspections.myhealthdepartment.com/frisco/permit/?permitID=DF45A07E-631E-4AAD-B90F-1E48D2C26F63
A5ADBDCC-3A98-4455-80E2-C26365C50ECC,DUM N GRILL FRISCO LLC ,14339 Eldorado Pkwy 130,Frisco,75035,14339 ELDORADO PKWY 130 | 75035,Food Establishment II,Food establishment,,Bhanu Prakash Manduva,1,1,0,2026-06-04,2026-06-04,9,9,9.0,4,4,2,0,0,https://inspections.myhealthdepartment.com/frisco/permit/?permitID=A5ADBDCC-3A98-4455-80E2-C26365C50ECC
FFC4C6C7-A41F-4661-B807-D224B92EB751,DUMONT CREAMERY & CAFE,13215 Main St 320,Frisco,75035,13215 MAIN ST 320 | 75035,Food Establishment II,Food establishment,Ice Cream,VCAPSCOOPS LLC,2,2,0,2025-11-10,2026-06-26,7,7,6.0,6,5,2,0,0,https://inspections.myhealthdepartment.com/frisco/permit/?permitID=FFC4C6C7-A41F-4661-B807-D224B92EB751
4F6B17D5-0507-4C33-B072-48462B22B176,DUMPLING HOUSE,3231 PRESTON RD #1,Frisco,75034,3231 PRESTON RD 1 | 75034,Food Establishment II,Food establishment,Chinese,DUMPLING HOUSE LLC,3,3,0,2025-09-05,2026-08-26,18,18,13.67,28,24,9,5,0,https://inspections.myhealthdepartment.com/frisco/permit/?permitID=4F6B17D5-0507-4C33-B072-48462B22B176
3D6D5EC9-7EE1-4FCB-B2BC-49E84A1B6A90,DUNKIN,2155 UNIVERSITY DR,Frisco,75033,2155 UNIVERSITY DR | 75033,Food Establishment II,Food establishment,Coffee House & Cafe,SHREE JAI AMBE DONUT OF DALLAS,3,3,0,2025-06-30,2026-07-10,5,5,2.33,10,7,0,0,0,https://inspections.myhealthdepartment.com/frisco/permit/?permitID=3D6D5EC9-7EE1-4FCB-B2BC-49E84A1B6A90
D00EF74F-785C-42E1-B2BD-187A474FEE7D,DUNKIN ,16600 Fm 423,Frisco,75033,16600 FM 423 | 75033,Food Establishment II,Food establishment,Coffee House & Cafe,"ECC TX, LLC",3,3,0,2025-10-24,2026-07-16,1,2,1.67,5,4,0,0,0,https://inspections.myhealthdepartment.com/frisco/permit/?permitID=D00EF74F-785C-42E1-B2BD-187A474FEE7D
16A63C72-51C2-4E32-8C12-5ECBF789C9C4,DUNKIN BASKIN ROBBINS,3555 LEGACY DR 100,Frisco,75034,3555 LEGACY DR 100 | 75034,Food Establishment II,Food establishment,Coffee House & Cafe,SAHAJANAND DONUT CORP,3,3,0,2025-07-22,2026-09-08,0,0,0.0,4,0,0,0,0,https://inspections.myhealthdepartment.com/frisco/permit/?permitID=16A63C72-51C2-4E32-8C12-5ECBF789C9C4
49D82B5B-9BAC-454E-8B35-B100A24E1841,DUNKIN DONUTS,2875 MAIN ST 108,Frisco,75034,2875 MAIN ST 108 | 75034,Food Establishment II,Food establishment,Coffee House & Cafe,RADHE DONUT OF DALLAS LLC,3,3,0,2025-08-11,2026-08-28,12,12,6.0,15,13,2,0,0,https://inspections.myhealthdepartment.com/frisco/permit/?permitID=49D82B5B-9BAC-454E-8B35-B100A24E1841
86776451-E6C0-4CA1-BE91-9BF606A76175,DUNKIN DONUTS,8445 PRESTON RD 200,Frisco,75034,8445 PRESTON RD 200 | 75034,Food Establishment II,Food establishment,Coffee House & Cafe,SHREE GANESH DONUT OF DALLAS LLC,2,2,0,2025-10-29,2026-04-23,1,2,1.5,3,2,0,0,0,https://inspections.myhealthdepartment.com/frisco/permit/?permitID=86776451-E6C0-4CA1-BE91-9BF606A76175
130FE58A-7416-4F17-8A44-147786202E39,DWARAKA CURRY POINT,7151 PRESTON RD 101A,Frisco,75034,7151 PRESTON RD 101A | 75034,Food Establishment III,Food establishment,Indian,KONDALA R MUPPANA,4,4,0,2025-07-10,2026-05-14,13,27,14.25,38,35,11,1,0,https://inspections.myhealthdepartment.com/frisco/permit/?permitID=130FE58A-7416-4F17-8A44-147786202E39
1450E6E0-4E77-4630-B320-A3A483170B7A,"Dallas Cha time I, LLC d/b/a Chatime",11411 COIT RD 130,Frisco,75035,11411 COIT RD 130 | 75035,Food Establishment II,Food establishment,Indian,Ahsan Saleem  - Dallas Chatime,3,3,0,2025-10-15,2026-08-25,0,0,0.0,1,0,0,0,0,https://inspections.myhealthdepartment.com/frisco/permit/?permitID=1450E6E0-4E77-4630-B320-A3A483170B7A
E405DD15-B64D-4817-AC0B-F6AD5CF37464,Desi Chowk,2693 PRESTON RD 1052,Frisco,75034,2693 PRESTON RD 1052 | 75034,Food Establishment II,Food establishment,Indian,MANA DESI GROUP LLC,1,1,0,2025-10-28,2025-10-28,17,17,17.0,10,9,3,0,0,https://inspections.myhealthdepartment.com/frisco/permit/?permitID=E405DD15-B64D-4817-AC0B-F6AD5CF37464
EDAEC275-AA15-4761-B5E7-B8F90CDEC7C0,Desi District,2275 UNIVERSITY DR,Frisco,75033,2275 UNIVERSITY DR | 75033,Grocery Store II,Grocery,Grocery,Viswa Kandi,4,3,1,2025-06-25,2026-04-24,21,44,25.33,53,50,15,17,2,https://inspections.myhealthdepartment.com/frisco/permit/?permitID=EDAEC275-AA15-4761-B5E7-B8F90CDEC7C0
B6231D2F-BC08-45F7-AC32-5233EADE0C04,Desibites Frisco,2525 MAIN ST 460,Frisco,75036,2525 MAIN ST 460 | 75036,Food Establishment III,Food establishment,Indian,Sriven Foods LLC,2,2,0,2025-08-12,2025-12-29,24,24,17.5,25,22,5,0,0,https://inspections.myhealthdepartment.com/frisco/permit/?permitID=B6231D2F-BC08-45F7-AC32-5233EADE0C04
42DC9928-2B53-4DFD-9525-A9DDD4B5AD8C,Dillas Quesadillas,2055 UNIVERSITY DR,Frisco,75033,2055 UNIVERSITY DR | 75033,Food Establishment II,Food establishment,Mexican,Kyle Gordon,4,4,0,2025-07-07,2026-09-11,9,9,2.25,9,5,2,0,0,https://inspections.myhealthdepartment.com/frisco/permit/?permitID=42DC9928-2B53-4DFD-9525-A9DDD4B5AD8C
04451F47-2DAE-40BA-912A-FD6BA7ABF03B,Dippin Dots Ice Cream,7300 ROUGHRIDERS TRL,Frisco,75034,7300 ROUGHRIDERS TRL | 75034,Food Establishment II,Food establishment,Ice Cream,Jason Sorrells,1,1,0,2026-01-07,2026-01-07,0,0,0.0,0,0,0,0,0,https://inspections.myhealthdepartment.com/frisco/permit/?permitID=04451F47-2DAE-40BA-912A-FD6BA7ABF03B
35D2C7CB-6F70-483C-82A4-7D37198B4069,Dippin Dots Ice Cream,7300 ROUGHRIDERS TRL,Frisco,75034,7300 ROUGHRIDERS TRL | 75034,Food Establishment II,Food establishment,Ice Cream,Jason Sorrells,1,1,0,2026-01-07,2026-01-07,0,0,0.0,0,0,0,0,0,https://inspections.myhealthdepartment.com/frisco/permit/?permitID=35D2C7CB-6F70-483C-82A4-7D37198B4069
343EC4C1-0516-4538-BA05-6A24D8C7773A,Dirty Dough,3420 MAIN ST 150,Frisco,75033,3420 MAIN ST 150 | 75033,Food Establishment II,Food establishment,Bakery,Dirty Dough Corporate MWD LLC,2,2,0,2025-08-18,2026-03-11,7,13,10.0,10,9,4,1,0,https://inspections.myhealthdepartment.com/frisco/permit/?permitID=343EC4C1-0516-4538-BA05-6A24D8C7773A
BFA22234-78CE-4631-B540-D3F3ECFB4FD3,Donatos Pizza,7300 ROUGHRIDERS TRL E114,Frisco,75034,7300 ROUGHRIDERS TRL E114 | 75034,Food Establishment II,Food establishment,Pizza,"DPTX-1, LLC",2,2,0,2025-12-03,2026-09-16,6,6,3.0,3,3,1,0,0,https://inspections.myhealthdepartment.com/frisco/permit/?permitID=BFA22234-78CE-4631-B540-D3F3ECFB4FD3
488B7158-AD55-454F-B65C-98ACD7C062A5,Dumpling Express ,9292 WARREN PKWY,Frisco,75035,9292 WARREN PKWY | 75035,Food Establishment II,Food establishment,Chinese,DUMPLING HOUSE LLC,1,1,0,2026-02-17,2026-02-17,4,4,4.0,3,2,1,0,0,https://inspections.myhealthdepartment.com/frisco/permit/?permitID=488B7158-AD55-454F-B65C-98ACD7C062A5
29015401-0CCE-4771-9E7E-78E69B50B3A5,Durkin's Pizza,4350 MAIN ST 140,Frisco,75033,4350 MAIN ST 140 | 75033,Food Establishment II,Food establishment,Pizza,NAKSHATHRA FOODS 2 LLC,3,3,0,2025-06-27,2026-03-18,2,20,7.33,14,13,3,0,1,https://inspections.myhealthdepartment.com/frisco/permit/?permitID=29015401-0CCE-4771-9E7E-78E69B50B3A5
6883EFEB-C712-4A96-ADAB-E0F97F4D035A,Dutch Bros Coffee,651 UNIVERSITY DR,Frisco,75033,651 UNIVERSITY DR | 75033,Food Establishment II,Food establishment,Coffee House & Cafe,"Dutch Bros., LLC",2,2,0,2025-09-29,2026-03-13,1,2,1.5,4,3,0,0,0,https://inspections.myhealthdepartment.com/frisco/permit/?permitID=6883EFEB-C712-4A96-ADAB-E0F97F4D035A
389F9E1D-78D3-4DBF-BA6E-55949C6B7824,Dutch Bros Coffee,9272 LEBANON RD,Frisco,75035,9272 LEBANON RD | 75035,Food Establishment II,Food establishment,Coffee House & Cafe,"Dutch Bros., LLC",2,2,0,2025-09-30,2026-04-10,2,2,1.0,1,1,0,0,0,https://inspections.myhealthdepartment.com/frisco/permit/?permitID=389F9E1D-78D3-4DBF-BA6E-55949C6B7824
3F3ADC93-9B72-4CDF-A22D-84F2B0E98F89,EDDIE'S NAPOLIS FRISCO,8822 TEEL PKWY 410,Frisco,75034,8822 TEEL PKWY 410 | 75034,Food Establishment II,Food establishment,Italian,LULZIM VLLASALIU,3,3,0,2025-08-26,2026-04-23,1,2,1.0,3,2,0,0,1,https://inspections.myhealthdepartment.com/frisco/permit/?permitID=3F3ADC93-9B72-4CDF-A22D-84F2B0E98F89
D7E41893-E992-4005-BFBC-61A17706C202,EG STEAK,8650 STATE HWY 121,Frisco,75034,8650 STATE HWY 121 | 75034,Food Establishment II,Food establishment,Brazilian,ESTILO GAUCHO BRAZILIAN STEAK,2,2,0,2025-11-14,2026-04-24,12,12,6.0,13,9,1,0,0,https://inspections.myhealthdepartment.com/frisco/permit/?permitID=D7E41893-E992-4005-BFBC-61A17706C202
95A2A001-76E4-4FE3-81A5-13D0EFB356EF,EGGSELLENT CAFE,12388 FM 423 600,Frisco,,12388 FM 423 600 | ,Food Establishment II,Food establishment,Cafe,JDJ INVESTMENTS LLC,3,3,0,2025-11-19,2026-09-23,18,18,9.0,22,17,5,0,0,https://inspections.myhealthdepartment.com/frisco/permit/?permitID=95A2A001-76E4-4FE3-81A5-13D0EFB356EF
5EA10119-1396-49FC-901A-28DDE996FF4D,EGGSQUISITE CAFE,6801 WARREN PKWY Suite 101,Frisco,75034,6801 WARREN PKWY 101 | 75034,Food Establishment II,Food establishment,Cafe,MD Parks LLC,3,3,0,2025-10-13,2026-09-02,21,21,12.33,24,21,7,0,0,https://inspections.myhealthdepartment.com/frisco/permit/?permitID=5EA10119-1396-49FC-901A-28DDE996FF4D
5100466D-D958-455B-85BE-BB8531E114DE,EIGHT 11 PLACE,7080 MAIN ST,Frisco,75033,7080 MAIN ST | 75033,Food Establishment II,Food establishment,American,"SIMMS HOSPITALITY GROUP, LLC",1,1,0,2026-01-15,2026-01-15,7,7,7.0,5,4,1,0,0,https://inspections.myhealthdepartment.com/frisco/permit/?permitID=5100466D-D958-455B-85BE-BB8531E114DE
A9551322-E1B3-44E6-9E6D-A2E6D1185698,EINSTEIN BROS BAGELS,5500 PRESTON RD 101,Frisco,75034,5500 PRESTON RD 101 | 75034,Food Establishment II,Food establishment,Bakery,TWINS S & Z INC,2,2,0,2025-08-14,2026-03-04,0,0,0.0,0,0,0,0,0,https://inspections.myhealthdepartment.com/frisco/permit/?permitID=A9551322-E1B3-44E6-9E6D-A2E6D1185698
3949C2EC-A810-48F7-9765-682D1CE6CF2F,EINSTEIN BROS BAGELS #3920,8555 FM 423,Frisco,75036,8555 FM 423 | 75036,Food Establishment II,Food establishment,Bakery,Tenisha Williams,3,3,0,2025-06-27,2026-06-26,0,1,0.33,3,1,0,0,0,https://inspections.myhealthdepartment.com/frisco/permit/?permitID=3949C2EC-A810-48F7-9765-682D1CE6CF2F
71D68001-4F3C-425D-A435-AE5BC318F7FF,ELDORADO MONTESSORI,11600 TEEL PKWY,Frisco,75033,11600 TEEL PKWY | 75033,DAYC,Child care,Institutional,ELDORADO MONTESSORI,3,3,0,2025-08-20,2026-06-04,0,0,0.0,0,0,0,0,0,https://inspections.myhealthdepartment.com/frisco/permit/?permitID=71D68001-4F3C-425D-A435-AE5BC318F7FF
F7EE7AC0-CF2C-4814-B878-93B77BA7784C,ELEVATE LIFE CHURCH COFFEE & CAFE,8500 TEEL PKWY,Frisco,75034,8500 TEEL PKWY | 75034,Food Establishment II,Food establishment,Coffee House & Cafe,ELEVATE LIFE CHURCH,2,2,0,2025-08-13,2026-03-23,0,0,0.0,0,0,0,0,0,https://inspections.myhealthdepartment.com/frisco/permit/?permitID=F7EE7AC0-CF2C-4814-B878-93B77BA7784C
5B6A79CA-6E8B-4036-814C-A486C8FC14AE,ELEVATE PRESCHOOL (MBO),8500 TEEL PKWY,Frisco,75034,8500 TEEL PKWY | 75034,HLTD,Health care / long-term care,Institutional,ELEVATE LIFE CHURCH,1,1,0,2026-03-23,2026-03-23,0,0,0.0,0,0,0,0,0,https://inspections.myhealthdepartment.com/frisco/permit/?permitID=5B6A79CA-6E8B-4036-814C-A486C8FC14AE
F4747543-4CE0-4F6D-B832-EE6CF031DE34,EMBASSY SUITES HOTEL - CYPRUS GRILL,7600 John q Hammons Dr,Frisco,75034,7600 JOHN Q HAMMONS DR | 75034,Food Establishment II,Food establishment,Continental,ATRIUM HOSPITALITY,3,3,0,2025-09-02,2026-09-22,11,11,4.67,11,9,3,0,0,https://inspections.myhealthdepartment.com/frisco/permit/?permitID=F4747543-4CE0-4F6D-B832-EE6CF031DE34
75C7D64D-9E98-452F-83D3-E1E153DAE2A7,EMBASSY SUITES HOTEL- CAFFEINA'S,7600 JOHN Q HAMMONS,Frisco,75034,7600 JOHN Q HAMMONS | 75034,Food Establishment II,Food establishment,Coffee House & Cafe,ATRIUM HOSPITALITY,2,2,0,2025-08-19,2026-03-30,3,7,5.0,7,4,2,0,0,https://inspections.myhealthdepartment.com/frisco/permit/?permitID=75C7D64D-9E98-452F-83D3-E1E153DAE2A7
C55862C0-9D03-411A-8D32-0E4134777232,EN JAPANESE CUISINE,6950 LEBANON RD 106,Frisco,75034,6950 LEBANON RD 106 | 75034,Food Establishment III,Food establishment,Japanese,COO INTERNATIONAL LLC,3,3,0,2025-10-16,2026-08-07,7,7,5.67,13,11,1,0,0,https://inspections.myhealthdepartment.com/frisco/permit/?permitID=C55862C0-9D03-411A-8D32-0E4134777232
34440167-9BEF-4697-8F13-CC62D5729C34,ERNESTO'S MEXICAN FOOD,8745 GARY BURNS DR 170,Frisco,75034,8745 GARY BURNS DR 170 | 75034,Food Establishment II,Food establishment,Mexican,PUGA ERNESTO,3,3,0,2025-08-11,2026-06-15,1,8,3.67,11,8,0,0,1,https://inspections.myhealthdepartment.com/frisco/permit/?permitID=34440167-9BEF-4697-8F13-CC62D5729C34
451005F6-1D8C-4F51-8DC5-09F42B7E0294,EUREST @ TIAA ,3965 Dallas Pkwy,Frisco,75034,3965 DALLAS PKWY | 75034,Food Establishment II,Food establishment,,COMPASS GROUP,1,1,0,2026-06-30,2026-06-30,2,2,2.0,1,1,0,0,0,https://inspections.myhealthdepartment.com/frisco/permit/?permitID=451005F6-1D8C-4F51-8DC5-09F42B7E0294
ABCB5A86-C10A-45C8-83F5-EA645604693D,EVENT SPACE ,5 Universal Pkwy,Frisco,75033,5 UNIVERSAL PKWY | 75033,Food Establishment II,Food establishment,,NBC Universal LLC,1,1,0,2026-07-15,2026-07-15,0,0,0.0,0,0,0,0,0,https://inspections.myhealthdepartment.com/frisco/permit/?permitID=ABCB5A86-C10A-45C8-83F5-EA645604693D
89ABAABC-9BAF-45D4-9882-EFAC23789830,EVERGREEN CARE HOMES BLDG A,2828 NATURE WAY,Frisco,75033,2828 NATURE WAY | 75033,Food Establishment III,Food establishment,Institutional,Edward Sedacca,3,3,0,2025-09-03,2026-03-27,0,3,1.0,3,2,0,0,0,https://inspections.myhealthdepartment.com/frisco/permit/?permitID=89ABAABC-9BAF-45D4-9882-EFAC23789830
BE55D0CD-1D2B-49CA-9851-0DE08AC56F25,EVERGREEN CARE HOMES BLDG B,2828 NATURE WAY,Frisco,75033,2828 NATURE WAY | 75033,Food Establishment III,Food establishment,Institutional,Edward Sedacca,3,3,0,2025-09-03,2026-03-27,0,5,2.67,4,4,1,0,0,https://inspections.myhealthdepartment.com/frisco/permit/?permitID=BE55D0CD-1D2B-49CA-9851-0DE08AC56F25
7F4F0197-36D0-4C56-947E-AF915E153E75,EVERGREEN CARE HOMES BLDG C,2828 NATURE WAY,Frisco,75033,2828 NATURE WAY | 75033,Food Establishment III,Food establishment,Institutional,Edward Sedacca,3,3,0,2025-09-03,2026-03-27,0,8,3.33,6,5,1,1,0,https://inspections.myhealthdepartment.com/frisco/permit/?permitID=7F4F0197-36D0-4C56-947E-AF915E153E75
0787C98C-9B84-43CD-9AD2-585FB588B0EA,EVERGREEN CARE HOMES BLDG D,2828 NATURE WAY,Frisco,75033,2828 NATURE WAY | 75033,Food Establishment III,Food establishment,Institutional,Edward Sedacca,3,3,0,2025-09-03,2026-03-27,0,8,2.67,5,4,1,0,0,https://inspections.myhealthdepartment.com/frisco/permit/?permitID=0787C98C-9B84-43CD-9AD2-585FB588B0EA
2FD493FE-4360-446C-BD5E-8CD02794ED73,EXCAVATE HOOKAH LOUNGE ,11910 Coit Rd 100,Frisco,75035,11910 COIT RD 100 | 75035,Food Establishment II,Food establishment,American,NIRVANA HANGOUTS INC,1,1,0,2026-07-01,2026-07-01,3,3,3.0,4,1,1,0,0,https://inspections.myhealthdepartment.com/frisco/permit/?permitID=2FD493FE-4360-446C-BD5E-8CD02794ED73
A8B51D84-3CAF-434E-A45C-C90C452ECF73,Earnest Bs BBQ & Catering Company LLC,6065 SPORTS VILLAGE RD 800,Frisco,75033,6065 SPORTS VILLAGE RD 800 | 75033,Food Establishment II,Food establishment,Barbecue,Earnest B Morgan,3,3,0,2025-07-23,2026-05-08,6,6,2.0,4,3,1,0,0,https://inspections.myhealthdepartment.com/frisco/permit/?permitID=A8B51D84-3CAF-434E-A45C-C90C452ECF73
BB301599-7778-4363-B9A0-87FB7EF3D558,Edoko Sushi & Robata,5490 STATE HIGHWAY 121,Frisco,75034,5490 STATE HIGHWAY 121 | 75034,Food Establishment III,Food establishment,Asian,P2J LLC,2,2,0,2025-11-12,2026-06-01,3,6,4.5,7,4,2,1,0,https://inspections.myhealthdepartment.com/frisco/permit/?permitID=BB301599-7778-4363-B9A0-87FB7EF3D558
FDB99A94-37A6-429D-BD42-6BFE0A3C6F2E,Egg Posh ,4851 LEGACY DR 607,Frisco,75034,4851 LEGACY DR 607 | 75034,Food Establishment II,Food establishment,Coffee House & Cafe,EGG POSH LLC,4,4,0,2025-07-14,2026-08-25,17,18,13.0,38,30,10,9,0,https://inspections.myhealthdepartment.com/frisco/permit/?permitID=FDB99A94-37A6-429D-BD42-6BFE0A3C6F2E
C21E7A09-F8A1-4AE8-B7F6-EF65C5727DF3,Einstein Bros. Bagels,12025 UNIVERSITY DR 300,Frisco,75035,12025 UNIVERSITY DR 300 | 75035,Food Establishment II,Food establishment,Bakery,Junaid Akbar,3,3,0,2025-07-07,2026-09-04,0,1,0.33,2,1,0,0,0,https://inspections.myhealthdepartment.com/frisco/permit/?permitID=C21E7A09-F8A1-4AE8-B7F6-EF65C5727DF3
D80590FA-12BC-40AC-BD81-B48D0BC3C16C,Elaine's,8763 7TH ST 100,Frisco,75034,8763 7TH ST 100 | 75034,Food Establishment II,Food establishment,Cafe,Jason Young,2,2,0,2025-08-13,2026-05-07,3,3,3.0,2,2,2,0,0,https://inspections.myhealthdepartment.com/frisco/permit/?permitID=D80590FA-12BC-40AC-BD81-B48D0BC3C16C
B9369FAB-7E05-41AC-A0BD-C41E3D3C166A,Eldo Donuts,12828 ELDORADO PKWY 120,Frisco,75035,12828 ELDORADO PKWY 120 | 75035,Food Establishment II,Food establishment,Bakery,SW Investment LLC,3,3,0,2025-07-11,2026-08-19,0,0,0.0,1,0,0,0,0,https://inspections.myhealthdepartment.com/frisco/permit/?permitID=B9369FAB-7E05-41AC-A0BD-C41E3D3C166A
AF218F3A-FE30-44DE-9AAC-B354983C67B3,Essentials Preschool,6181 ESTHER WAY,Frisco,75034,6181 ESTHER WAY | 75034,HLTD,Health care / long-term care,Institutional,Walter Mitchell,1,1,0,2025-09-25,2025-09-25,0,0,0.0,0,0,0,0,0,https://inspections.myhealthdepartment.com/frisco/permit/?permitID=AF218F3A-FE30-44DE-9AAC-B354983C67B3
C453A89D-931F-4F1C-BF06-9EDA655B9501,Eurest at TIAA 2nd floor,3965 DALLAS PKWY 2nd floor,Frisco,75034,3965 DALLAS PKWY 2ND FLOOR | 75034,Food Establishment II,Food establishment,Convenience,"UNIVERSITY FOOD SERVICES, INC",2,2,0,2025-12-11,2026-06-30,0,0,0.0,0,0,0,0,0,https://inspections.myhealthdepartment.com/frisco/permit/?permitID=C453A89D-931F-4F1C-BF06-9EDA655B9501
2C4F319F-2D68-46AF-B11D-F3A763C3C0DC,Eurest at TIAA 9th floor,3965 Dallas Pkwy,Frisco,75034,3965 DALLAS PKWY | 75034,Food Establishment II,Food establishment,Institutional,"UNIVERSITY FOOD SERVICES, INC",2,2,0,2025-12-11,2026-06-30,2,2,1.0,1,1,0,0,0,https://inspections.myhealthdepartment.com/frisco/permit/?permitID=2C4F319F-2D68-46AF-B11D-F3A763C3C0DC
EF5B848B-9599-4751-AE96-AC8F52346B18,Eurest at TIAA nutrition lab,3965 Dallas Pkwy,Frisco,75034,3965 DALLAS PKWY | 75034,Food Establishment II,Food establishment,Convenience,"University Food Services, Inc",2,2,0,2025-12-11,2026-06-30,0,0,0.0,1,0,0,0,0,https://inspections.myhealthdepartment.com/frisco/permit/?permitID=EF5B848B-9599-4751-AE96-AC8F52346B18
5B91C3E8-A325-4F6A-BF85-37D863738450,FAC CONCESSIONS,5828 NANCY JANE LN,Frisco,75035,5828 NANCY JANE LN | 75035,CONC,Concession stand,American,"R.S. LIM & SON, INC",1,1,0,2025-10-15,2025-10-15,0,0,0.0,0,0,0,0,0,https://inspections.myhealthdepartment.com/frisco/permit/?permitID=5B91C3E8-A325-4F6A-BF85-37D863738450
4A9CA756-17D9-40D5-B7AE-A3AFAF94FDCF,FADI'S MEDITERRANEAN GRILL,2787 PRESTON RD,Frisco,75034,2787 PRESTON RD | 75034,Food Establishment II,Food establishment,Mediterranean,FADI DIMASSI/ RABIH,2,2,0,2025-10-03,2026-03-12,10,10,7.0,10,8,3,0,0,https://inspections.myhealthdepartment.com/frisco/permit/?permitID=4A9CA756-17D9-40D5-B7AE-A3AFAF94FDCF
F6643067-B82E-4D96-A93C-26E6BFD5A65A,FAITHBRIDGE PRESBYTERIAN PRESCHOOL,10930 COLLEGE PKWY,Frisco,75035,10930 COLLEGE PKWY | 75035,DAYC,Child care,Institutional,FAITHBRIDGE PRESBYTERIAN CHURCH,4,4,0,2025-08-04,2026-05-04,0,0,0.0,1,0,0,0,0,https://inspections.myhealthdepartment.com/frisco/permit/?permitID=F6643067-B82E-4D96-A93C-26E6BFD5A65A
F6D1E77C-D28E-4633-8740-3AD8190E14E6,FAMOUS TANDOORI,3245 MAIN ST 251,Frisco,75034,3245 MAIN ST 251 | 75034,Food Establishment II,Food establishment,Indian,Mohammed Yousuf & Tanzeela Yousuf,4,4,0,2025-06-27,2026-08-05,4,4,2.5,8,7,0,0,0,https://inspections.myhealthdepartment.com/frisco/permit/?permitID=F6D1E77C-D28E-4633-8740-3AD8190E14E6
E281F2D9-31ED-4D92-87E6-7E6C8703536B,FANZO SPORTS BAR,5977 PRESTON RD 100,Frisco,75034,5977 PRESTON RD 100 | 75034,Food Establishment II,Food establishment,American,FANZO LLC,2,2,0,2025-10-28,2026-02-02,6,6,3.5,4,3,2,0,0,https://inspections.myhealthdepartment.com/frisco/permit/?permitID=E281F2D9-31ED-4D92-87E6-7E6C8703536B
216765B8-78F4-4290-AF71-B3F4E6C2BAEC,FARM 2 COOK (ELDORADO),14339 ELDORADO PKWY 180,Frisco,75035,14339 ELDORADO PKWY 180 | 75035,Grocery Store I,Grocery,Grocery,RISHIKESH ARIPINENI,4,4,0,2025-07-17,2026-05-26,2,2,1.5,3,3,0,1,0,https://inspections.myhealthdepartment.com/frisco/permit/?permitID=216765B8-78F4-4290-AF71-B3F4E6C2BAEC
B9EA8F95-7A34-468E-BED3-E12FA40877C0,FARM2COOK,2693 PRESTON RD #1020,Frisco,75034,2693 PRESTON RD 1020 | 75034,Grocery Store I,Grocery,Grocery,PROSPERITY COLLECTIVE LLC DBA,4,4,0,2025-07-24,2026-09-09,0,0,0.0,0,0,0,0,0,https://inspections.myhealthdepartment.com/frisco/permit/?permitID=B9EA8F95-7A34-468E-BED3-E12FA40877C0
95C13788-4D52-458E-867B-BC69FC93B116,FELLOWSHIP CHURCH FRISCO,12277 DALLAS PKWY,Frisco,,12277 DALLAS PKWY | ,Food Establishment II,Food establishment,Coffee House & Cafe,FELLOWSHIP CHURCH,1,1,0,2025-08-14,2025-08-14,0,0,0.0,1,0,0,0,0,https://inspections.myhealthdepartment.com/frisco/permit/?permitID=95C13788-4D52-458E-867B-BC69FC93B116
37F9ABB0-99AB-4FAD-9924-75582E0DE28E,FH EVENT CATERING,5353 INDEPENDENCE PKWY 500,Frisco,75035,5353 INDEPENDENCE PKWY 500 | 75035,Food Establishment II,Food establishment,Barbecue,FH DRINKS LLC,2,2,0,2025-10-21,2026-03-16,3,3,2.0,3,2,1,0,0,https://inspections.myhealthdepartment.com/frisco/permit/?permitID=37F9ABB0-99AB-4FAD-9924-75582E0DE28E
D224D628-E0B5-4559-8641-F023D74B6967,FIREHOUSE SUBS,3184 PRESTON RD,Frisco,75034,3184 PRESTON RD | 75034,Food Establishment II,Food establishment,Deli,SONIA & RYAN FRANKLIN,2,2,0,2025-07-24,2026-02-04,2,2,1.0,2,1,0,0,0,https://inspections.myhealthdepartment.com/frisco/permit/?permitID=D224D628-E0B5-4559-8641-F023D74B6967
FF55418B-0A7F-40B7-9D1B-3B85835EAE89,FIREHOUSE SUBS,6025 MAIN ST,Frisco,75034,6025 MAIN ST | 75034,Food Establishment II,Food establishment,Deli,ROR UNITED LLC,2,2,0,2025-08-11,2026-03-09,1,1,0.5,5,1,0,0,0,https://inspections.myhealthdepartment.com/frisco/permit/?permitID=FF55418B-0A7F-40B7-9D1B-3B85835EAE89
2A883336-1591-4302-9F6D-BD7F3F67E6A4,FIRST BAPTIST CHURCH YOUTH AREA,7901 MAIN ST,Frisco,75034,7901 MAIN ST | 75034,Food Establishment II,Food establishment,Institutional,FIRST BAPTIST CHURCH FRISCO,2,2,0,2025-09-29,2026-04-20,0,0,0.0,0,0,0,0,0,https://inspections.myhealthdepartment.com/frisco/permit/?permitID=2A883336-1591-4302-9F6D-BD7F3F67E6A4
71FEFF36-1AF0-43FA-90C1-2B0BE8F7138B,FIRST FRISCO FRIENDS IN CHRIST PRESCHOOL,7659 PRESTON RD,Frisco,75034,7659 PRESTON RD | 75034,HLTD,Health care / long-term care,Institutional,FIRST FRISCO METHODIST CHURCH,1,1,0,2025-11-04,2025-11-04,0,0,0.0,0,0,0,0,0,https://inspections.myhealthdepartment.com/frisco/permit/?permitID=71FEFF36-1AF0-43FA-90C1-2B0BE8F7138B
A76214C0-6FBF-4DC0-AA0E-6A0B12B14FE4,FIRST WATCH RESTAURANT,5404 PRESTON RD #100,Frisco,75034,5404 PRESTON RD 100 | 75034,Food Establishment II,Food establishment,American,"FIRST WATCH RESTAURANTS, INC",3,3,0,2025-10-29,2026-08-26,10,10,8.0,19,12,6,0,0,https://inspections.myhealthdepartment.com/frisco/permit/?permitID=A76214C0-6FBF-4DC0-AA0E-6A0B12B14FE4
853F2550-B968-457A-B73B-359ED6AF5B96,FISD - MEMORIAL STADIUM - EAST HOME SIDE,9700 FIRST ST,Frisco,75033,9700 FIRST ST | 75033,School and City,School or city facility,Institutional,FISD,1,1,0,2025-12-02,2025-12-02,0,0,0.0,0,0,0,0,0,https://inspections.myhealthdepartment.com/frisco/permit/?permitID=853F2550-B968-457A-B73B-359ED6AF5B96
0FA31F1E-78F7-4752-AECC-DDCD12DDB178,FISD - MEMORIAL STADIUM - VISITORS SIDE,9700 FIRST ST,Frisco,75033,9700 FIRST ST | 75033,School and City,School or city facility,Institutional,FISD,1,1,0,2025-12-02,2025-12-02,0,0,0.0,0,0,0,0,0,https://inspections.myhealthdepartment.com/frisco/permit/?permitID=0FA31F1E-78F7-4752-AECC-DDCD12DDB178
B7ED8418-6620-468D-9FD1-3C145CB081C7,FISD - MEMORIAL STADIUM - WEST HOME SIDE,9700 FIRST ST,Frisco,75033,9700 FIRST ST | 75033,School and City,School or city facility,Institutional,FISD,1,1,0,2025-12-02,2025-12-02,0,0,0.0,0,0,0,0,0,https://inspections.myhealthdepartment.com/frisco/permit/?permitID=B7ED8418-6620-468D-9FD1-3C145CB081C7
829CC3B0-7C5D-4F2A-9FC7-87CDAB8E1166,FISD EARLY CHILDHOOD SCHOOL CAFE,10330 RED CEDAR DR,Frisco,75035,10330 RED CEDAR DR | 75035,School and City,School or city facility,Institutional,FRISCO ISD,2,2,0,2025-09-08,2026-04-13,0,0,0.0,0,0,0,0,0,https://inspections.myhealthdepartment.com/frisco/permit/?permitID=829CC3B0-7C5D-4F2A-9FC7-87CDAB8E1166
AF1D1A49-314F-48FC-B848-DAF861B3424C,FISD NATATORIUM CONCESSION STAND,9700 FIRST ST,Frisco,75033,9700 FIRST ST | 75033,School and City,School or city facility,Institutional,FISD,2,2,0,2025-12-02,2026-08-27,0,0,0.0,2,0,0,0,0,https://inspections.myhealthdepartment.com/frisco/permit/?permitID=AF1D1A49-314F-48FC-B848-DAF861B3424C
F770C846-2E42-41A2-9A6E-D6A3A3F5CA08,FISD PEARSON MIDDLE SCHOOL CONCESSION,2323 STONEBROOK PKWY,Frisco,75036,2323 STONEBROOK PKWY | 75036,School and City,School or city facility,Institutional,FISD,2,2,0,2025-11-07,2026-05-18,0,0,0.0,0,0,0,0,0,https://inspections.myhealthdepartment.com/frisco/permit/?permitID=F770C846-2E42-41A2-9A6E-D6A3A3F5CA08
2128B326-7EC3-4175-9339-0DFF32B3C32A,FISD REEDY HIGH SCHOOL BASKETBALL CONCESSION,3003 STONEBROOK PKWY,Frisco,75034,3003 STONEBROOK PKWY | 75034,School and City,School or city facility,Institutional,FISD,2,2,0,2025-11-20,2026-05-13,0,0,0.0,3,0,0,0,0,https://inspections.myhealthdepartment.com/frisco/permit/?permitID=2128B326-7EC3-4175-9339-0DFF32B3C32A
C4A8001F-8CF9-4101-B653-03B76441FF9A,FISD REEDY HIGH SCHOOL FOOTBALL CONCESSION,3003 STONEBROOK PKWY,Frisco,,3003 STONEBROOK PKWY | ,School and City,School or city facility,Institutional,FISD,1,1,0,2026-05-13,2026-05-13,2,2,2.0,1,1,0,0,0,https://inspections.myhealthdepartment.com/frisco/permit/?permitID=C4A8001F-8CF9-4101-B653-03B76441FF9A
F1C28597-4820-4008-9F1E-F0D3C5D3AF92,FISD STUDENT OPPORTUNITY CENTER,6942 MAPLE ST,Frisco,75033,6942 MAPLE ST | 75033,School and City,School or city facility,Institutional,FRISCO ISD,2,2,0,2025-12-15,2026-05-05,0,0,0.0,0,0,0,0,0,https://inspections.myhealthdepartment.com/frisco/permit/?permitID=F1C28597-4820-4008-9F1E-F0D3C5D3AF92
23B9F013-E08D-400F-9395-9B343D0DB9B4,FISHER ELEMENTARY,2500 OLD ORCHARD DR,Frisco,75033,2500 OLD ORCHARD DR | 75033,School and City,School or city facility,Institutional,FRISCO ISD,2,2,0,2025-11-19,2026-05-12,0,0,0.0,0,0,0,0,0,https://inspections.myhealthdepartment.com/frisco/permit/?permitID=23B9F013-E08D-400F-9395-9B343D0DB9B4
E794778A-F0DE-4BD4-A79B-66B7DE79D77F,FIVE GUYS BURGERS & FRIES,11411 COIT RD 180,Frisco,75035,11411 COIT RD 180 | 75035,Food Establishment II,Food establishment,American,Five Guys Properties LLC,3,3,0,2025-07-08,2026-06-09,3,9,4.0,9,6,2,4,0,https://inspections.myhealthdepartment.com/frisco/permit/?permitID=E794778A-F0DE-4BD4-A79B-66B7DE79D77F
9953E698-4CD6-41B3-9E87-578972024046,FLAVORS ,11910 Coit Rd 800,Frisco,75035,11910 COIT RD 800 | 75035,Food Establishment II,Food establishment,Indian,SAI EVENT MANAGEMENT LLC,1,1,0,2026-04-14,2026-04-14,11,11,11.0,12,10,1,0,0,https://inspections.myhealthdepartment.com/frisco/permit/?permitID=9953E698-4CD6-41B3-9E87-578972024046
9B4B1C41-25A8-445A-BD37-13FB0455F9B9,FLUELLEN CUPCAKES,5001 PANTHER CREEK PKWY Suite 500,Frisco,75033,5001 PANTHER CREEK PKWY 500 | 75033,Food Establishment II,Food establishment,Bakery,Keith Fluellen,2,2,0,2025-10-01,2026-05-29,2,3,2.5,4,3,0,0,0,https://inspections.myhealthdepartment.com/frisco/permit/?permitID=9B4B1C41-25A8-445A-BD37-13FB0455F9B9
B928B6CA-2D9C-4B2C-949D-DE824377ED4C,FOOD HALL ,5700 Panther Creek Pkwy,Frisco,75033,5700 PANTHER CREEK PKWY | 75033,Food Establishment II,Food establishment,,"NBC UNIVERSAL, LLC",1,1,0,2026-07-15,2026-07-15,0,0,0.0,1,0,0,0,0,https://inspections.myhealthdepartment.com/frisco/permit/?permitID=B928B6CA-2D9C-4B2C-949D-DE824377ED4C
94E87146-503D-41B7-AE87-85AA1C6CED43,FOOD REPUBLIC ,"9292 Warren Pkwy 200, 104","/,",,9292 WARREN PKWY 200 104 | ,Food Establishment II,Food establishment,Asian,WEI CHEN,1,1,0,2026-09-14,2026-09-14,12,12,12.0,9,6,3,0,0,https://inspections.myhealthdepartment.com/frisco/permit/?permitID=94E87146-503D-41B7-AE87-85AA1C6CED43
F60DE93B-C047-49A5-9362-74B28311EA66,FOOD TRAILER - ROVING PROSPER ISD,14441 HILLCREST RD,Frisco,75035,14441 HILLCREST RD | 75035,School and City,School or city facility,American,PROSPER ISD,1,1,0,2026-02-11,2026-02-11,0,0,0.0,0,0,0,0,0,https://inspections.myhealthdepartment.com/frisco/permit/?permitID=F60DE93B-C047-49A5-9362-74B28311EA66
75945F9C-8D9E-4D1A-98A4-CE1CC9C262C8,FOODS WAREHOUSE ,5 Universal Pkwy,Frisco,75033,5 UNIVERSAL PKWY | 75033,Food Establishment II,Food establishment,,NBC Universal LLC,1,1,0,2026-07-15,2026-07-15,0,0,0.0,0,0,0,0,0,https://inspections.myhealthdepartment.com/frisco/permit/?permitID=75945F9C-8D9E-4D1A-98A4-CE1CC9C262C8
E6B0F0F8-85F0-4DC8-8F89-0009EFBBAAAB,FORD CENTER CONCESSION N.E.,1 COWBOYS WAY,Frisco,75034,1 COWBOYS WAY | 75034,Food Establishment II,Food establishment,American,"LEGENDS HOSPITALITY, LLC",2,2,0,2025-08-26,2026-02-26,0,0,0.0,1,0,0,0,0,https://inspections.myhealthdepartment.com/frisco/permit/?permitID=E6B0F0F8-85F0-4DC8-8F89-0009EFBBAAAB
A498C002-D270-4AC8-8D09-BE28EFA4DCD7,FORD CENTER CONCESSION N.W.,1 COWBOYS WAY,Frisco,75034,1 COWBOYS WAY | 75034,Food Establishment II,Food establishment,American,"LEGENDS HOSPITALITY, LLC",2,2,0,2025-08-26,2026-02-26,0,0,0.0,0,0,0,0,0,https://inspections.myhealthdepartment.com/frisco/permit/?permitID=A498C002-D270-4AC8-8D09-BE28EFA4DCD7
98830CC4-B5B4-4CB0-BF53-3EC67D1090AA,FORD CENTER CONCESSION S.E.,1 COWBOYS WAY,Frisco,75034,1 COWBOYS WAY | 75034,Food Establishment II,Food establishment,American,"LEGENDS HOSPITALITY, LLC",2,2,0,2025-08-26,2026-02-26,0,0,0.0,0,0,0,0,0,https://inspections.myhealthdepartment.com/frisco/permit/?permitID=98830CC4-B5B4-4CB0-BF53-3EC67D1090AA
19C88772-BFCF-45E0-A970-7A9ED8215A1D,FORD CENTER CONCESSION S.W.,1 COWBOYS WAY,Frisco,75034,1 COWBOYS WAY | 75034,Food Establishment II,Food establishment,American,"LEGENDS HOSPITALITY, LLC",2,2,0,2025-08-26,2026-02-26,0,0,0.0,0,0,0,0,0,https://inspections.myhealthdepartment.com/frisco/permit/?permitID=19C88772-BFCF-45E0-A970-7A9ED8215A1D
FF6E7083-EBD8-41DC-A519-6957F622CD44,FORD CENTER EAST VENDING ROOM,1 COWBOYS WAY,Frisco,75034,1 COWBOYS WAY | 75034,Food Establishment II,Food establishment,American,"LEGENDS HOSPITALITY, LLC",2,2,0,2025-08-26,2026-02-26,0,0,0.0,0,0,0,0,0,https://inspections.myhealthdepartment.com/frisco/permit/?permitID=FF6E7083-EBD8-41DC-A519-6957F622CD44
C0DAE5C6-98FF-49FD-BE53-E7D5E5CF57C7,FORD CENTER FOOD CARTS,1 COWBOYS WAY,Frisco,75034,1 COWBOYS WAY | 75034,Food Establishment II,Food establishment,American,"LEGENDS HOSPITALITY, LLC",2,2,0,2025-08-26,2026-02-26,0,0,0.0,0,0,0,0,0,https://inspections.myhealthdepartment.com/frisco/permit/?permitID=C0DAE5C6-98FF-49FD-BE53-E7D5E5CF57C7
9678B364-C947-4F60-8844-398FB8FD20C5,FORD CENTER WEST VENDING ROOM,1 COWBOYS WAY,Frisco,75034,1 COWBOYS WAY | 75034,Food Establishment II,Food establishment,American,"LEGENDS HOSPITALITY, LLC",2,2,0,2025-08-26,2026-02-26,0,0,0.0,0,0,0,0,0,https://inspections.myhealthdepartment.com/frisco/permit/?permitID=9678B364-C947-4F60-8844-398FB8FD20C5
612042E8-24D7-4904-9B64-E58D955C95A6,FOUNDERS CLASSICAL ACADEMY CONCESSION,10710 FRISCO ST,Frisco,75033,10710 FRISCO ST | 75033,School and City,School or city facility,Institutional,ResponsiveEd Texas,2,2,0,2025-10-09,2026-05-06,0,0,0.0,0,0,0,0,0,https://inspections.myhealthdepartment.com/frisco/permit/?permitID=612042E8-24D7-4904-9B64-E58D955C95A6
6BDCCE69-27BD-4360-983C-CDCCD4A0382B,FOUNDERS CLASSICAL ACADEMY OF FRISCO,10710 FRISCO ST,Frisco,75033,10710 FRISCO ST | 75033,School and City,School or city facility,Institutional,RESPONSIVE EDUCATION SOLUTIONS,3,3,0,2025-10-09,2026-05-06,2,2,0.67,1,1,0,0,0,https://inspections.myhealthdepartment.com/frisco/permit/?permitID=6BDCCE69-27BD-4360-983C-CDCCD4A0382B
279AD923-41D8-4DCA-A5AA-890859088D06,FOUNDERS CLASSICAL ACADEMY OF FRISCO HIGH SCHOOL,10710 FRISCO ST,Frisco,75033,10710 FRISCO ST | 75033,School and City,School or city facility,Institutional,RESPONSIVE EDUCATION SOLUTIONS,2,2,0,2025-10-09,2026-05-06,4,4,2.0,2,2,0,0,0,https://inspections.myhealthdepartment.com/frisco/permit/?permitID=279AD923-41D8-4DCA-A5AA-890859088D06
18BAAC89-9360-41EA-A5F0-4446071B0FC9,FR PIZZA LLC DBA I FRATELLI PIZZA,6363 DALLAS PKWY,Frisco,75034,6363 DALLAS PKWY | 75034,Food Establishment II,Food establishment,Pizza,FR PIZZA LLC,3,3,0,2025-07-21,2026-09-14,6,6,2.0,9,5,0,0,0,https://inspections.myhealthdepartment.com/frisco/permit/?permitID=18BAAC89-9360-41EA-A5F0-4446071B0FC9
6F1E412E-4B71-4571-93FC-D0CD3B7B7803,FREEBIRDS WORLD BURRITO #20732,5170 MAIN ST 900,Frisco,75033,5170 MAIN ST 900 | 75033,Food Establishment II,Food establishment,Tex-Mex,Azul Restaurants LLC,3,3,0,2025-10-28,2026-08-05,1,1,1.0,4,3,0,0,0,https://inspections.myhealthdepartment.com/frisco/permit/?permitID=6F1E412E-4B71-4571-93FC-D0CD3B7B7803
C9AFDC0C-D277-4AFE-B80A-23E2CF003BF8,FRESCA PALAPA,2601 PRESTON RD 5610,Frisco,75034,2601 PRESTON RD 5610 | 75034,Food Establishment II,Food establishment,Juice Bar,Maximo Cruz,2,2,0,2025-08-19,2026-03-30,0,0,0.0,0,0,0,0,0,https://inspections.myhealthdepartment.com/frisco/permit/?permitID=C9AFDC0C-D277-4AFE-B80A-23E2CF003BF8
DDE99352-7CE6-4C1C-B812-8E17F0B74AE4,FRESCA PALAPA LLC ,2601 PRESTON RD 5508,Frisco,75034,2601 PRESTON RD 5508 | 75034,Food Establishment II,Food establishment,Latin American,FRESCA PALAPA LLC,2,2,0,2025-12-05,2026-07-07,3,4,3.5,4,4,0,0,0,https://inspections.myhealthdepartment.com/frisco/permit/?permitID=DDE99352-7CE6-4C1C-B812-8E17F0B74AE4
A06BE791-A9F7-40AD-A3D6-071C44596A52,FRESH DONUTS,5000 ELDORADO PKWY 410,Frisco,75033,5000 ELDORADO PKWY 410 | 75033,Food Establishment II,Food establishment,Bakery,Seungchoul Yang,2,2,0,2025-10-03,2026-05-05,0,0,0.0,0,0,0,0,0,https://inspections.myhealthdepartment.com/frisco/permit/?permitID=A06BE791-A9F7-40AD-A3D6-071C44596A52
38C717C6-C289-4749-96EA-82B4F5F5018B,FRISCO ASSISTED LIVING & MEMORY CARE (BLDG A),2828 NATURE WAY,Frisco,75033,2828 NATURE WAY | 75033,Food Establishment II,Food establishment,,"MCA Financial Solutions, LLC",2,2,0,2026-04-20,2026-09-23,1,1,0.5,2,1,0,0,0,https://inspections.myhealthdepartment.com/frisco/permit/?permitID=38C717C6-C289-4749-96EA-82B4F5F5018B
63A9677F-1FAB-4D18-927A-F5FD183E2718,FRISCO ASSISTED LIVING & MEMORY CARE (BLDG B)),2828 NATURE WAY,Frisco,75033,2828 NATURE WAY | 75033,Food Establishment III,Food establishment,,"MCA Financial Solutions, LLC",2,2,0,2026-04-20,2026-09-23,0,0,0.0,1,0,0,0,0,https://inspections.myhealthdepartment.com/frisco/permit/?permitID=63A9677F-1FAB-4D18-927A-F5FD183E2718
EBC78D2E-D093-49E6-9C24-99F3EA024F2F,FRISCO ASSISTED LIVING & MEMORY CARE (BLDG C),2828 NATURE WAY,Frisco,75033,2828 NATURE WAY | 75033,Food Establishment III,Food establishment,,"MCA Financial Solutions, LLC",2,2,0,2026-04-20,2026-09-23,3,3,1.5,3,2,0,0,0,https://inspections.myhealthdepartment.com/frisco/permit/?permitID=EBC78D2E-D093-49E6-9C24-99F3EA024F2F
4BF7500C-18A2-4879-BF7F-4D55A9B832B3,FRISCO ASSISTED LIVING & MEMORY CARE (Bldg D),2828 Nature Way D,Frisco,75033,2828 NATURE WAY D | 75033,Food Establishment III,Food establishment,,"MCA Financial Solutions, LLC",2,2,0,2026-04-20,2026-09-23,3,3,1.5,3,2,0,0,0,https://inspections.myhealthdepartment.com/frisco/permit/?permitID=4BF7500C-18A2-4879-BF7F-4D55A9B832B3
84D43FA6-E18F-4B55-92B4-2FEFB6DB472C,FRISCO BASECAMP,2552 STONEBROOK PKWY 302,Frisco,75034,2552 STONEBROOK PKWY 302 | 75034,Food Establishment III,Food establishment,Fusion,NITESH SHRESTHA,3,3,0,2025-08-05,2026-07-09,18,18,12.67,22,20,7,4,0,https://inspections.myhealthdepartment.com/frisco/permit/?permitID=84D43FA6-E18F-4B55-92B4-2FEFB6DB472C
57D39C0A-47E7-4C50-85F5-7AA9B1BAFFE9,FRISCO CATERING COMPANY,7601 GAYLORD PKWY,Frisco,75034,7601 GAYLORD PKWY | 75034,Food Establishment II,Food establishment,American,ATRIUM HOSPITALITY,1,1,0,2026-06-10,2026-06-10,3,3,3.0,2,2,0,0,0,https://inspections.myhealthdepartment.com/frisco/permit/?permitID=57D39C0A-47E7-4C50-85F5-7AA9B1BAFFE9
4ED6402B-6ACA-468D-8D42-02AC92C99E25,FRISCO COMMUNITY BIBLE CHURCH,10055 WARREN PKWY,Frisco,75035,10055 WARREN PKWY | 75035,HLTD,Health care / long-term care,Coffee House & Cafe,FRISCO COMMUNITY BIBLE CHURCH,2,2,0,2025-11-12,2026-06-26,2,2,1.0,1,1,0,0,0,https://inspections.myhealthdepartment.com/frisco/permit/?permitID=4ED6402B-6ACA-468D-8D42-02AC92C99E25
A83CD065-7E92-4A7F-8B0B-602989523952,FRISCO DINER,9250 DALLAS PKWY 160,Frisco,75033,9250 DALLAS PKWY 160 | 75033,Food Establishment II,Food establishment,Cafe,Steve Lee,3,3,0,2025-10-02,2026-09-04,14,14,7.33,16,15,3,1,0,https://inspections.myhealthdepartment.com/frisco/permit/?permitID=A83CD065-7E92-4A7F-8B0B-602989523952
5C6F88C1-46D5-4431-97AA-2EEB5D4A7A6D,FRISCO FAMILY SERVICES MARKET,9085 DOGWOOD,Frisco,,9085 DOGWOOD | ,School and City,School or city facility,Convenience,FRISCO FAMILY SERVICES CENTER,2,2,0,2025-07-01,2026-08-04,2,2,1.0,1,1,0,0,0,https://inspections.myhealthdepartment.com/frisco/permit/?permitID=5C6F88C1-46D5-4431-97AA-2EEB5D4A7A6D
D67EAF42-505E-4CCA-973E-FBF34CBE0F10,FRISCO FLYERS,6300 FLYERS WAY,Frisco,75033,6300 FLYERS WAY | 75033,Food Establishment II,Food establishment,Convenience,FLYERS SERVICES INC.,3,3,0,2025-08-12,2026-03-10,5,5,1.67,3,2,1,0,0,https://inspections.myhealthdepartment.com/frisco/permit/?permitID=D67EAF42-505E-4CCA-973E-FBF34CBE0F10
EE0D58DE-7166-4A55-BEC8-470F7F82B265,FRISCO FRESH MARKET COMMISSARY,9215 JOHN W ELLIOTT DR,Frisco,75033,9215 JOHN W ELLIOTT DR | 75033,Food Establishment II,Food establishment,Institutional,"FRISCO FM I, LLC",1,1,0,2026-02-12,2026-02-12,0,0,0.0,0,0,0,0,0,https://inspections.myhealthdepartment.com/frisco/permit/?permitID=EE0D58DE-7166-4A55-BEC8-470F7F82B265
9E4924C8-4F49-49D8-AD99-02687BEA0207,FRISCO GUN CLUB,6565 ELDORADO PKWY,Frisco,,6565 ELDORADO PKWY | ,Food Establishment II,Food establishment,American,FRISCO GUN CLUB LLC,2,2,0,2025-09-16,2026-03-18,2,5,3.5,4,4,1,0,0,https://inspections.myhealthdepartment.com/frisco/permit/?permitID=9E4924C8-4F49-49D8-AD99-02687BEA0207
BF5D55EB-201D-4986-A1E3-A0E0DD8C8D43,FRISCO HIGH SCHOOL,6401 PARKWOOD BLVD,Frisco,75035,6401 PARKWOOD BLVD | 75035,School and City,School or city facility,Institutional,FRISCO ISD,2,2,0,2025-10-28,2026-04-21,0,0,0.0,0,0,0,0,0,https://inspections.myhealthdepartment.com/frisco/permit/?permitID=BF5D55EB-201D-4986-A1E3-A0E0DD8C8D43
329DA89B-8C59-4EC9-8583-398A1187AFF2,FRISCO HIGH SCHOOL FOOTBALL CONCESSION,6401 PARKWOOD BLVD,Frisco,75035,6401 PARKWOOD BLVD | 75035,School and City,School or city facility,Institutional,FISD,1,1,0,2026-04-21,2026-04-21,0,0,0.0,0,0,0,0,0,https://inspections.myhealthdepartment.com/frisco/permit/?permitID=329DA89B-8C59-4EC9-8583-398A1187AFF2
3F2AABD8-2F5B-4CE0-B6CE-C51D487E1DA0,FRISCO HIGH SCHOOL INSIDE CONCESSION,6401 PARKWOOD BLVD,Frisco,75035,6401 PARKWOOD BLVD | 75035,School and City,School or city facility,Institutional,FISD,1,1,0,2026-04-21,2026-04-21,0,0,0.0,0,0,0,0,0,https://inspections.myhealthdepartment.com/frisco/permit/?permitID=3F2AABD8-2F5B-4CE0-B6CE-C51D487E1DA0
25EA11C5-7A9B-42CC-A347-00A7EC8D1CB3,FRISCO ISD SERVICE CENTER,12050 ROLATER RD,Frisco,75035,12050 ROLATER RD | 75035,School and City,School or city facility,Institutional,FRISCO ISD,2,2,0,2025-10-30,2026-05-18,0,0,0.0,0,0,0,0,0,https://inspections.myhealthdepartment.com/frisco/permit/?permitID=25EA11C5-7A9B-42CC-A347-00A7EC8D1CB3
E878A2F6-3729-4F44-AEB1-21391502758E,FRISCO ISD SWIM FACILITY,7210 STADIUM LN,Frisco,75033,7210 STADIUM LN | 75033,School and City,School or city facility,American,FRISCO INDEPENDENT SCHOOL,1,1,0,2026-03-30,2026-03-30,0,0,0.0,0,0,0,0,0,https://inspections.myhealthdepartment.com/frisco/permit/?permitID=E878A2F6-3729-4F44-AEB1-21391502758E
0BDDB9FC-E75B-496A-B15A-3AA09BA058CA,FRISCO KINDERCARE,7400 KINGS RIDGE RD,Frisco,75035,7400 KINGS RIDGE RD | 75035,DAYC,Child care,Institutional,Frisco KinderCare,4,4,0,2025-08-20,2026-07-01,1,1,0.75,4,4,0,0,0,https://inspections.myhealthdepartment.com/frisco/permit/?permitID=0BDDB9FC-E75B-496A-B15A-3AA09BA058CA
A682E08A-DB68-443F-A0A3-831ECB71D3F8,FRISCO POLICE DEPARTMENT DETENTION CENTER,7200 STONEBROOK PKWY,Frisco,75034,7200 STONEBROOK PKWY | 75034,School and City,School or city facility,Institutional,FRISCO DETENTION FACILITY,1,1,0,2026-04-17,2026-04-17,0,0,0.0,2,0,0,0,0,https://inspections.myhealthdepartment.com/frisco/permit/?permitID=A682E08A-DB68-443F-A0A3-831ECB71D3F8
A22DC795-C990-45DD-9B41-9ED90EF27002,FRISCO RAIL YARD,9040 FIRST ST,Frisco,75033,9040 FIRST ST | 75033,Food Establishment II,Food establishment,American,TAMME LEFF,2,2,0,2025-10-29,2026-09-10,6,7,6.5,9,5,4,0,0,https://inspections.myhealthdepartment.com/frisco/permit/?permitID=A22DC795-C990-45DD-9B41-9ED90EF27002
827041EE-6BC3-4AAC-904D-BA2100471AFC,FRISCO ROUGHRIDER BALLPARK PORTABLES,7300 ROUGHRIDERS TRL,Frisco,75034,7300 ROUGHRIDERS TRL | 75034,Food Establishment II,Food establishment,Fast Food,Ryan Sanders Sports Services,2,2,0,2026-01-07,2026-09-16,0,0,0.0,0,0,0,0,0,https://inspections.myhealthdepartment.com/frisco/permit/?permitID=827041EE-6BC3-4AAC-904D-BA2100471AFC
F61F9AA5-925F-4301-B9D8-89DD197C9EAE,FRISCO ROUGHRIDERS (#7),7300 ROUGHRIDERS TRL,Frisco,75034,7300 ROUGHRIDERS TRL | 75034,Food Establishment II,Food establishment,American,Ryan Sanders Sports Services,1,1,0,2026-01-07,2026-01-07,0,0,0.0,0,0,0,0,0,https://inspections.myhealthdepartment.com/frisco/permit/?permitID=F61F9AA5-925F-4301-B9D8-89DD197C9EAE
70CC0180-0BEC-4AF2-8EC4-FA963C7F540B,FRISCO ROUGHRIDERS (#8),7300 ROUGHRIDERS TRL,Frisco,75034,7300 ROUGHRIDERS TRL | 75034,Food Establishment II,Food establishment,Fast Food,Ryan Sanders Sports Services,1,1,0,2026-01-07,2026-01-07,0,0,0.0,0,0,0,0,0,https://inspections.myhealthdepartment.com/frisco/permit/?permitID=70CC0180-0BEC-4AF2-8EC4-FA963C7F540B
BA3B777A-2060-4010-977F-66C87DB01C87,FRISCO ROUGHRIDERS COMMISSARY,7300 ROUGHRIDERS TRL,Frisco,75034,7300 ROUGHRIDERS TRL | 75034,Food Establishment II,Food establishment,Grocery,Ryan Sanders Sports Services,2,2,0,2025-12-03,2026-09-16,1,1,0.5,1,1,0,0,0,https://inspections.myhealthdepartment.com/frisco/permit/?permitID=BA3B777A-2060-4010-977F-66C87DB01C87
32D1E3F4-9631-4A83-8550-45991DF1786D,"FRISCO ROUGHRIDERS CONCESSION BLDG. C (#1,2)",7300 ROUGHRIDERS TRL,Frisco,75034,7300 ROUGHRIDERS TRL | 75034,Food Establishment II,Food establishment,Fast Food,Ryan Sanders Sports Services,2,2,0,2026-01-07,2026-09-16,2,2,1.0,2,2,0,0,1,https://inspections.myhealthdepartment.com/frisco/permit/?permitID=32D1E3F4-9631-4A83-8550-45991DF1786D
6AB2EBAE-FB8D-4412-A72F-6E6C1F67D12C,"FRISCO ROUGHRIDERS CONCESSION BLDG. E (#3,4)",7300 ROUGHRIDERS TRL,Frisco,75034,7300 ROUGHRIDERS TRL | 75034,Food Establishment II,Food establishment,Fast Food,Ryan Sanders Sports Services,2,2,0,2026-01-07,2026-09-16,2,2,1.0,2,2,0,0,0,https://inspections.myhealthdepartment.com/frisco/permit/?permitID=6AB2EBAE-FB8D-4412-A72F-6E6C1F67D12C
1BB22413-2F84-4815-BCAF-DD438C31B273,"FRISCO ROUGHRIDERS CONCESSION BLDG. E (#5,6)",7300 ROUGHRIDERS TRL,Frisco,75034,7300 ROUGHRIDERS TRL | 75034,Food Establishment II,Food establishment,Fast Food,Ryan Sanders Sports Services,2,2,0,2026-01-07,2026-09-16,3,3,1.5,1,1,1,0,0,https://inspections.myhealthdepartment.com/frisco/permit/?permitID=1BB22413-2F84-4815-BCAF-DD438C31B273
3E516D62-D36B-4E54-B9DC-B11AE7B3A4A3,FRISCO ROUGHRIDERS LAZY RIVER,7300 ROUGHRIDERS TRL,Frisco,75034,7300 ROUGHRIDERS TRL | 75034,Food Establishment II,Food establishment,American,Ryan Sanders Sports Services,1,1,0,2026-01-07,2026-01-07,0,0,0.0,0,0,0,0,0,https://inspections.myhealthdepartment.com/frisco/permit/?permitID=3E516D62-D36B-4E54-B9DC-B11AE7B3A4A3
EEEFF0B6-C757-46AB-B94F-473CE193E7DE,FRISCO ROUGHRIDERS SUITE KITCHEN,7300 ROUGHRIDERS TRL,Frisco,75034,7300 ROUGHRIDERS TRL | 75034,Food Establishment II,Food establishment,American,Ryan Sanders Sports Services,2,2,0,2025-12-03,2026-09-16,1,1,0.5,1,1,0,0,0,https://inspections.myhealthdepartment.com/frisco/permit/?permitID=EEEFF0B6-C757-46AB-B94F-473CE193E7DE
C260EADA-7A49-4A44-8F2C-9C6D2A8C87D0,FRISCO ROUGHRIDERS- BULLPEN BAR,7300 ROUGHRIDERS TRL,Frisco,75034,7300 ROUGHRIDERS TRL | 75034,Food Establishment II,Food establishment,American,Ryan Sanders Sports Services,3,3,0,2025-12-03,2026-09-16,0,0,0.0,0,0,0,0,0,https://inspections.myhealthdepartment.com/frisco/permit/?permitID=C260EADA-7A49-4A44-8F2C-9C6D2A8C87D0
55F5A9F6-F3BB-4A58-AFBB-37125B8DCAFE,FRISCO SUSHI & RAMEN,3288 MAIN ST,Frisco,75033,3288 MAIN ST | 75033,Food Establishment III,Food establishment,Japanese,FRISCO SUSHI LLC,4,4,0,2025-08-19,2026-05-14,3,7,3.75,9,8,3,3,0,https://inspections.myhealthdepartment.com/frisco/permit/?permitID=55F5A9F6-F3BB-4A58-AFBB-37125B8DCAFE
09796A91-B11A-4FE8-BC18-B254CF86BC2B,FRUITEALICIOUS,5566 MAIN,Frisco,75033,5566 MAIN | 75033,Food Establishment II,Food establishment,Juice Bar,CARMEN PEI,2,2,0,2025-08-21,2026-03-09,4,6,5.0,6,4,2,0,0,https://inspections.myhealthdepartment.com/frisco/permit/?permitID=09796A91-B11A-4FE8-BC18-B254CF86BC2B
932B40C5-1361-4C13-92BD-0C1A5917D677,FUNKY MUNKY SHAVED ICE,10601 OHIO DR,Frisco,75035,10601 OHIO DR | 75035,Food Establishment II,Food establishment,Ice Cream,FM422 LLC,1,1,0,2026-04-30,2026-04-30,0,0,0.0,1,0,0,0,0,https://inspections.myhealthdepartment.com/frisco/permit/?permitID=932B40C5-1361-4C13-92BD-0C1A5917D677
3CBADC94-B73A-4EE9-A59F-7129DED2D445,FUZZY'S TACO SHOP,2930 PRESTON RD 190,Frisco,75034,2930 PRESTON RD 190 | 75034,Food Establishment II,Food establishment,Mexican,GREEN MEADOW HOLDINGS LLC,3,3,0,2025-09-08,2026-05-01,3,12,5.67,10,9,2,1,0,https://inspections.myhealthdepartment.com/frisco/permit/?permitID=3CBADC94-B73A-4EE9-A59F-7129DED2D445
94A752F5-120A-4108-AE14-8A9B9E044C0D,FUZZY'S TACO SHOP,2575 MAIN ST 385,Frisco,75036,2575 MAIN ST 385 | 75036,Food Establishment II,Food establishment,Tex-Mex,GREEN MEADOW HOLDINGS LLC,1,1,0,2025-11-05,2025-11-05,3,3,3.0,3,2,0,0,0,https://inspections.myhealthdepartment.com/frisco/permit/?permitID=94A752F5-120A-4108-AE14-8A9B9E044C0D
198D504D-E6B0-466D-9154-CDEC028D585A,FUZZY'S TACO SHOP,2575 MAIN ST 385,Frisco,75036,2575 MAIN ST 385 | 75036,Food Establishment II,Food establishment,Mexican,THE BUSCUIT COMPANY LLC,3,3,0,2026-02-05,2026-08-05,7,7,4.0,7,7,1,0,0,https://inspections.myhealthdepartment.com/frisco/permit/?permitID=198D504D-E6B0-466D-9154-CDEC028D585A
6BCEA9C3-283E-490B-9377-DE15F5200783,Fajita Pete's,4150 LEGACY DR 416,Frisco,75034,4150 LEGACY DR 416 | 75034,Food Establishment II,Food establishment,Mexican,G&S FAJITAS FRISCO LLC,3,3,0,2025-09-03,2026-06-19,0,4,2.33,7,4,1,0,1,https://inspections.myhealthdepartment.com/frisco/permit/?permitID=6BCEA9C3-283E-490B-9377-DE15F5200783
FADB9BE9-5A74-47D8-B2D8-EE2AAC7996D9,Farmer's Fridge,16399 GATEWAY PATH,Frisco,75033,16399 GATEWAY PATH | 75033,Food Establishment I,Food establishment,Convenience,Romaine Empire,1,1,0,2025-09-30,2025-09-30,2,2,2.0,1,1,0,0,0,https://inspections.myhealthdepartment.com/frisco/permit/?permitID=FADB9BE9-5A74-47D8-B2D8-EE2AAC7996D9
E5F6753F-894F-4D52-A033-BBC88DCE19BB,Farmer's Fridge @ J Building,9700 WADE BLVD,Frisco,75035,9700 WADE BLVD | 75035,Food Establishment I,Food establishment,Convenience,Romaine Empire,1,1,0,2026-01-15,2026-01-15,0,0,0.0,0,0,0,0,0,https://inspections.myhealthdepartment.com/frisco/permit/?permitID=E5F6753F-894F-4D52-A033-BBC88DCE19BB
D6A5F840-73FD-4AEB-AAAE-9505E312FE43,Fast Furious Japanese Grill,4800 ELDORADO PKWY 400,Frisco,75033,4800 ELDORADO PKWY 400 | 75033,Food Establishment II,Food establishment,Japanese,Youngchul Kim,2,2,0,2025-12-01,2026-05-18,14,14,10.0,11,11,2,3,0,https://inspections.myhealthdepartment.com/frisco/permit/?permitID=D6A5F840-73FD-4AEB-AAAE-9505E312FE43
5FB66890-5A9B-4A2D-A519-BC6D9544B269,First Watch,4453 MAIN ST,Frisco,75034,4453 MAIN ST | 75034,Food Establishment II,Food establishment,American,FIRST WATCH RESTAURANT #1039,3,3,0,2025-10-30,2026-09-17,9,9,3.0,17,11,1,0,0,https://inspections.myhealthdepartment.com/frisco/permit/?permitID=5FB66890-5A9B-4A2D-A519-BC6D9544B269
E9E4215D-052E-4429-8CCC-BE2E72ADE21F,Flavornest LLC dba Mochinut Frisco,13355 DALLAS PKWY 500,Frisco,75033,13355 DALLAS PKWY 500 | 75033,Food Establishment II,Food establishment,Coffee House & Cafe,FLAVOR NEST LLC,3,3,0,2025-08-04,2026-09-10,0,0,0.0,2,0,0,0,0,https://inspections.myhealthdepartment.com/frisco/permit/?permitID=E9E4215D-052E-4429-8CCC-BE2E72ADE21F
9C4DB21F-3AE2-4A82-874A-7DE4C6D99737,Frank Seoul,9292 WARREN PKWY Suite 130,Frisco,75035,9292 WARREN PKWY 130 | 75035,Food Establishment II,Food establishment,Korean,Jong Min Kim,3,3,0,2025-10-29,2026-09-04,0,0,0.0,2,0,0,0,0,https://inspections.myhealthdepartment.com/frisco/permit/?permitID=9C4DB21F-3AE2-4A82-874A-7DE4C6D99737
3D83734A-EB1C-4228-8905-AB95B717F6FC,Freddy's Frozen Custard,16555 FM 423,Frisco,75068,16555 FM 423 | 75068,Food Establishment II,Food establishment,Ice Cream,"Frisco Custard Realty, LLC",3,3,0,2025-08-14,2026-04-08,3,3,2.0,2,2,2,0,0,https://inspections.myhealthdepartment.com/frisco/permit/?permitID=3D83734A-EB1C-4228-8905-AB95B717F6FC
2020040A-1DF8-47B0-AB7D-D34C8984AD74,Frisco Lakes Golf Club,7170 ANTHEM DR,Frisco,75036,7170 ANTHEM DR | 75036,Food Establishment II,Food establishment,American,Bedford MP Holdings LLC,4,3,1,2025-09-10,2026-07-27,21,35,21.67,68,65,12,4,1,https://inspections.myhealthdepartment.com/frisco/permit/?permitID=2020040A-1DF8-47B0-AB7D-D34C8984AD74
E6ADEDBF-0E3B-4795-8815-F49689041B95,Fun Pizza Kitchen,15900 STATE HIGHWAY 121 100,Frisco,75035,15900 STATE HIGHWAY 121 100 | 75035,Food Establishment II,Food establishment,Pizza,Vishali Thakkar,3,3,0,2025-07-07,2026-09-21,11,11,4.0,12,9,3,1,0,https://inspections.myhealthdepartment.com/frisco/permit/?permitID=E6ADEDBF-0E3B-4795-8815-F49689041B95
C8E16F67-8DBF-4259-9DCE-9B2EC4ABBACA,GALLO NERO ITALIAN BISTRO,4851 LEGACY DR,Frisco,75034,4851 LEGACY DR | 75034,Food Establishment II,Food establishment,Italian,GALLO NERO ITALIAN BISTRO LLC,3,3,0,2025-10-22,2026-09-15,15,15,10.33,26,22,4,4,0,https://inspections.myhealthdepartment.com/frisco/permit/?permitID=C8E16F67-8DBF-4259-9DCE-9B2EC4ABBACA
9CE69CD1-B502-4B74-AB99-54A66791FCA1,GAOS KABOB & CRAB ,9144 PRESTMONT PL 250,Frisco,75035,9144 PRESTMONT PL 250 | 75035,Food Establishment II,Food establishment,Asian,REN CHENG,1,1,0,2026-02-02,2026-02-02,10,10,10.0,5,5,3,1,0,https://inspections.myhealthdepartment.com/frisco/permit/?permitID=9CE69CD1-B502-4B74-AB99-54A66791FCA1
603E3E73-8BB2-455B-A50B-A8150908EE7E,GATEWAY CHURCH,7125 LEGACY DR,Frisco,75034,7125 LEGACY DR | 75034,Food Establishment II,Food establishment,Coffee House & Cafe,GATEWAY CHURCH,2,2,0,2026-01-07,2026-08-24,4,4,2.0,3,2,1,0,0,https://inspections.myhealthdepartment.com/frisco/permit/?permitID=603E3E73-8BB2-455B-A50B-A8150908EE7E
E70BEF85-34E5-465F-9917-E559F33C8C7A,GDK USA TX LLC ,12025 UNIVERSITY DR 100,Frisco,75035,12025 UNIVERSITY DR 100 | 75035,Food Establishment II,Food establishment,German,DANIEL BUNCE,3,3,0,2025-09-11,2026-05-05,0,14,6.0,11,8,4,0,0,https://inspections.myhealthdepartment.com/frisco/permit/?permitID=E70BEF85-34E5-465F-9917-E559F33C8C7A
79F64624-0644-4CDE-B6E2-D52E15F06B79,GEN BBQ,9292 WARREN PKWY 150,Frisco,,9292 WARREN PKWY 150 | ,Food Establishment II,Food establishment,Korean,"GEN FRISCO, LP",2,2,0,2025-12-11,2026-07-06,0,1,0.5,6,1,0,0,0,https://inspections.myhealthdepartment.com/frisco/permit/?permitID=79F64624-0644-4CDE-B6E2-D52E15F06B79
308DC8C4-1307-4573-AC90-F01552F4DB5B,GENE & RUBY NICHOLS ELEMENTARY,7411 NICHOLS TRL,Frisco,75036,7411 NICHOLS TRL | 75036,School and City,School or city facility,Institutional,FRISCO ISD,2,2,0,2025-09-08,2026-04-09,0,0,0.0,0,0,0,0,0,https://inspections.myhealthdepartment.com/frisco/permit/?permitID=308DC8C4-1307-4573-AC90-F01552F4DB5B
66365693-A6DC-4B26-A521-9D896D275E20,GENESIS METRO CHURCH,ELDORADO PARKWAY,Frisco,75035,ELDORADO PARKWAY | 75035,Food Establishment II,Food establishment,Coffee House & Cafe,GENESIS METRO CHURCH FRISCO,2,2,0,2025-09-22,2026-08-12,0,0,0.0,1,0,0,0,0,https://inspections.myhealthdepartment.com/frisco/permit/?permitID=66365693-A6DC-4B26-A521-9D896D275E20
9B793033-9CA8-4CCD-B672-068CB1614644,GLORIA'S,8600 GAYLORD PKWY,Frisco,75034,8600 GAYLORD PKWY | 75034,Food Establishment II,Food establishment,Latin American,C. RUBIO ENTERPRISES,1,1,0,2025-07-30,2025-07-30,6,6,6.0,3,2,2,1,0,https://inspections.myhealthdepartment.com/frisco/permit/?permitID=9B793033-9CA8-4CCD-B672-068CB1614644
B7959A55-F7EE-4F4C-85A5-100C5635F2AF,GOOFY GOOBERS ,5 Universal Pkwy LAND 5,Frisco,75033,5 UNIVERSAL PKWY LAND 5 | 75033,Food Establishment II,Food establishment,,"NBCUniversal, LLC",1,1,0,2026-07-15,2026-07-15,0,0,0.0,1,0,0,0,0,https://inspections.myhealthdepartment.com/frisco/permit/?permitID=B7959A55-F7EE-4F4C-85A5-100C5635F2AF
32FA1C25-AF04-4169-A095-4CD82102181A,GRACE CHURCH FRISCO,8440 GRACE ST,Frisco,75034,8440 GRACE ST | 75034,Food Establishment II,Food establishment,Institutional,TIM PAYNE,1,1,0,2026-02-04,2026-02-04,0,0,0.0,0,0,0,0,0,https://inspections.myhealthdepartment.com/frisco/permit/?permitID=32FA1C25-AF04-4169-A095-4CD82102181A
C04899EC-5E85-4B7D-851C-4D6770565972,GRAZE CRAZE,2552 STONEBROOK PKWY 300,Frisco,75034,2552 STONEBROOK PKWY 300 | 75034,Food Establishment II,Food establishment,American,Brett Hall,2,2,0,2025-12-08,2026-07-29,2,2,1.0,1,1,0,0,0,https://inspections.myhealthdepartment.com/frisco/permit/?permitID=C04899EC-5E85-4B7D-851C-4D6770565972
7C67FD9C-56D0-41EA-9BFA-4A2D4FECEEDC,GREAT AMERICAN COOKIE COMPANY #2032,2601 PRESTON RD 5508,Frisco,75034,2601 PRESTON RD 5508 | 75034,Food Establishment II,Food establishment,Bakery,JERMAN COOKIE CO,2,2,0,2025-12-05,2026-07-07,2,2,1.0,2,1,0,0,0,https://inspections.myhealthdepartment.com/frisco/permit/?permitID=7C67FD9C-56D0-41EA-9BFA-4A2D4FECEEDC
28D3AA34-9AE9-48BA-8F26-5A1729816A70,GREAT OUTDOOR SUB SHOP,2330 PRESTON RD,Frisco,75034,2330 PRESTON RD | 75034,Food Establishment II,Food establishment,Sandwiches,"GREAT OUTDOOR SUB SHOP, INC",3,3,0,2025-06-26,2026-07-21,1,1,0.33,1,1,0,0,0,https://inspections.myhealthdepartment.com/frisco/permit/?permitID=28D3AA34-9AE9-48BA-8F26-5A1729816A70
3714CCEA-81F4-4BDE-A53F-6A5918043E73,GREAT WALL SUPER BUFFET,2750 PRESTON RD,Frisco,75034,2750 PRESTON RD | 75034,Food Establishment II,Food establishment,Buffets,Greatwall Frisco of LLC,4,4,0,2025-07-22,2026-06-25,10,10,7.0,21,20,2,0,0,https://inspections.myhealthdepartment.com/frisco/permit/?permitID=3714CCEA-81F4-4BDE-A53F-6A5918043E73
0A996736-67F5-4942-98CC-773266B99B38,GRIFFIN MIDDLE SCHOOL,3703 ELDORADO PKWY,Frisco,75033,3703 ELDORADO PKWY | 75033,School and City,School or city facility,Institutional,FRISCO ISD,2,2,0,2025-08-26,2026-02-27,0,0,0.0,0,0,0,0,0,https://inspections.myhealthdepartment.com/frisco/permit/?permitID=0A996736-67F5-4942-98CC-773266B99B38
B2CE1853-1A8C-408E-A0CA-59B65D3B624B,GRIFFIN MIDDLE SCHOOL CONCESSION STAND,3703 ELDORADO PKWY,Frisco,75033,3703 ELDORADO PKWY | 75033,School and City,School or city facility,Institutional,FISD,2,2,0,2025-08-26,2026-02-27,0,0,0.0,0,0,0,0,0,https://inspections.myhealthdepartment.com/frisco/permit/?permitID=B2CE1853-1A8C-408E-A0CA-59B65D3B624B
341076CC-8CE6-421F-AFB8-DEA43B61347B,GUIDEPOST MONTESSORI AT TIMBER RIDGE ,2550 TIMBER RIDGE DR,Frisco,,2550 TIMBER RIDGE DR | ,DAYC,Child care,,TNC SCHOOLS LLC,2,2,0,2026-03-17,2026-08-25,8,8,5.0,4,4,2,0,1,https://inspections.myhealthdepartment.com/frisco/permit/?permitID=341076CC-8CE6-421F-AFB8-DEA43B61347B
70C926FA-A4C7-4B88-ACB2-2B5159374C1A,GUIDEPOST MONTESSORI TIMBER RIDGE,2550 TIMBER RIDGE DR,Frisco,,2550 TIMBER RIDGE DR | ,DAYC,Child care,Institutional,GUIDEPOST FIC B LLC,3,3,0,2025-06-26,2025-12-18,0,3,1.0,1,1,1,0,0,https://inspections.myhealthdepartment.com/frisco/permit/?permitID=70C926FA-A4C7-4B88-ACB2-2B5159374C1A
6233CBBF-4295-47A5-8A6E-0165B009B1EB,GUNSTREAM ELEMENTARY,7600 ROCKYRIDGE DR,Frisco,75035,7600 ROCKYRIDGE DR | 75035,School and City,School or city facility,Institutional,FRISCO ISD,2,2,0,2025-10-07,2026-05-08,0,0,0.0,0,0,0,0,0,https://inspections.myhealthdepartment.com/frisco/permit/?permitID=6233CBBF-4295-47A5-8A6E-0165B009B1EB
DF681B2D-23FB-4870-88C9-4BD30EC43D0A,GYRO TWIST FRISCO ,8811 TEEL PKWY 170,Frisco,75036,8811 TEEL PKWY 170 | 75036,Food Establishment II,Food establishment,Mediterranean,Bhisham sharma,1,1,0,2026-05-28,2026-05-28,14,14,14.0,10,9,2,0,1,https://inspections.myhealthdepartment.com/frisco/permit/?permitID=DF681B2D-23FB-4870-88C9-4BD30EC43D0A
4898EEF5-2EFE-4C57-BEC2-8BD8F375009D,Golden Pot,3245 MAIN ST 221,Frisco,75034,3245 MAIN ST 221 | 75034,Food Establishment II,Food establishment,Asian,Yuwei Wang,3,3,0,2025-09-23,2026-09-23,6,6,4.0,11,7,2,0,0,https://inspections.myhealthdepartment.com/frisco/permit/?permitID=4898EEF5-2EFE-4C57-BEC2-8BD8F375009D
B69EA09F-0963-41D6-BA87-74F097129D8B,Gong Cha,9370 WARREN PKWY 120,Frisco,75035,9370 WARREN PKWY 120 | 75035,Food Establishment II,Food establishment,Asian,Innyeong Huh,4,4,0,2025-07-15,2026-09-21,12,12,6.5,19,13,3,2,1,https://inspections.myhealthdepartment.com/frisco/permit/?permitID=B69EA09F-0963-41D6-BA87-74F097129D8B
7BABCFBB-A3E4-4989-955E-F86CAE18F9B1,Great American Cookies-1092 (Stonebriar II),2601 PRESTON RD 1092,Frisco,75034,2601 PRESTON RD 1092 | 75034,Food Establishment II,Food establishment,Bakery,JERMAN COOKIE COMPANY,1,1,0,2026-02-06,2026-02-06,0,0,0.0,0,0,0,0,0,https://inspections.myhealthdepartment.com/frisco/permit/?permitID=7BABCFBB-A3E4-4989-955E-F86CAE18F9B1
678FB9DA-11C5-4532-AA9E-6D6A82DBBAE7,Greenova,3401 PRESTON RD 15,Frisco,75034,3401 PRESTON RD 15 | 75034,Food Establishment II,Food establishment,Juice Bar,Guyu LLC,2,2,0,2025-07-31,2026-03-04,7,7,5.0,6,5,2,0,0,https://inspections.myhealthdepartment.com/frisco/permit/?permitID=678FB9DA-11C5-4532-AA9E-6D6A82DBBAE7
08FD5AF5-A299-4FCC-B7ED-9DDE53B07744,Gwalia,5266 INDEPENDENCE PKWY Suite 115,Frisco,75035,5266 INDEPENDENCE PKWY 115 | 75035,Food Establishment II,Food establishment,Indian,Samarth Patel,2,2,0,2025-09-15,2026-03-17,2,2,1.0,1,1,0,0,0,https://inspections.myhealthdepartment.com/frisco/permit/?permitID=08FD5AF5-A299-4FCC-B7ED-9DDE53B07744
7988F515-F50B-42C0-8A61-4C79471CC546,H2 Fresh,8992 PRESTON RD 104 & 106,Frisco,75034,8992 PRESTON RD 104 & 106 | 75034,Grocery Store I,Grocery,Mediterranean,Metroplex Market LLC,4,4,0,2025-08-22,2026-09-01,19,19,9.75,31,27,4,0,0,https://inspections.myhealthdepartment.com/frisco/permit/?permitID=7988F515-F50B-42C0-8A61-4C79471CC546
6D1EC710-666C-4C36-9A31-EA8610D58D15,HACHI,9188 PRESTMONT PL 102,Frisco,75035,9188 PRESTMONT PL 102 | 75035,Food Establishment II,Food establishment,Asian,8 STARS HOLDING CORPORATION,2,2,0,2025-09-03,2026-05-21,0,1,0.5,5,1,0,0,0,https://inspections.myhealthdepartment.com/frisco/permit/?permitID=6D1EC710-666C-4C36-9A31-EA8610D58D15
EF8E6A01-AD88-47E5-8033-42E114E2DA56,HAIDILAO HOT POT DALLAS INC,9244 PRESTMONT PL 200,Frisco,75035,9244 PRESTMONT PL 200 | 75035,Food Establishment II,Food establishment,Asian,HAIDILAO HOT POT DALLAS INC,2,2,0,2025-07-10,2025-12-22,14,14,7.0,8,8,1,0,0,https://inspections.myhealthdepartment.com/frisco/permit/?permitID=EF8E6A01-AD88-47E5-8033-42E114E2DA56
490AF266-FA53-4045-959B-15E24EE1AB65,"HAIDILAO HOT POT DALLAS, INC DBA HI KITCHEN",9292 WARREN PKWY 106,Frisco,75035,9292 WARREN PKWY 106 | 75035,Food Establishment II,Food establishment,Asian,HAIFENG WANG,3,3,0,2025-08-26,2026-06-25,9,15,12.33,22,20,5,3,2,https://inspections.myhealthdepartment.com/frisco/permit/?permitID=490AF266-FA53-4045-959B-15E24EE1AB65
5C13EA07-D9F3-436A-B0EE-08D5B6D97944,HALL OFFICE PARK MICRO-MARKET,2591 DALLAS PKWY,Frisco,75034,2591 DALLAS PKWY | 75034,Food Establishment I,Food establishment,Convenience,COMPASS GROUP,2,2,0,2026-01-14,2026-08-13,0,0,0.0,2,0,0,0,0,https://inspections.myhealthdepartment.com/frisco/permit/?permitID=5C13EA07-D9F3-436A-B0EE-08D5B6D97944
3F457289-DB57-4CD6-8B0E-3B95299DFE33,HALL OFFICE PARK MICRO-MARKET #2,3000 INTERNET BLVD,Frisco,75034,3000 INTERNET BLVD | 75034,Food Establishment I,Food establishment,Convenience,COMPASS GROUP,1,1,0,2025-10-22,2025-10-22,2,2,2.0,1,1,0,0,0,https://inspections.myhealthdepartment.com/frisco/permit/?permitID=3F457289-DB57-4CD6-8B0E-3B95299DFE33
7DF50F81-8945-49E8-BAE6-56C3DE8BBAE1,HALL PARK HOTEL- AMENITY BANQUET KITCHEN,6605 WARREN PKWY,Frisco,75034,6605 WARREN PKWY | 75034,Food Establishment II,Food establishment,Continental,"HP D1 Hotel, LLC",4,4,0,2025-06-24,2026-08-11,6,6,3.0,6,6,2,0,0,https://inspections.myhealthdepartment.com/frisco/permit/?permitID=7DF50F81-8945-49E8-BAE6-56C3DE8BBAE1
FDC5007D-E1F5-43F0-B658-383BC5CFA0CF,HALL PARK HOTEL- LEVEL 01,6605 WARREN PKWY,Frisco,75034,6605 WARREN PKWY | 75034,Food Establishment II,Food establishment,American,"HP D1 Hotel, LLC",4,4,0,2025-06-24,2026-08-11,10,15,7.5,20,16,4,1,0,https://inspections.myhealthdepartment.com/frisco/permit/?permitID=FDC5007D-E1F5-43F0-B658-383BC5CFA0CF
8AAB5831-84C7-4E04-93E0-BC17D242EE2F,HALO EFFECT TEXAS LLC,11220 PANTHER CREEK PKWY 400,Frisco,75035,11220 PANTHER CREEK PKWY 400 | 75035,Food Establishment II,Food establishment,Pizza,Ugo Nnodu,3,3,0,2025-08-27,2026-09-23,11,11,6.67,13,10,4,1,0,https://inspections.myhealthdepartment.com/frisco/permit/?permitID=8AAB5831-84C7-4E04-93E0-BC17D242EE2F
B6C08208-EB87-4FFA-9344-33EB9720102C,HAMPTON INN & SUITES,6070 SPORTS VILLAGE RD,Frisco,75033,6070 SPORTS VILLAGE RD | 75033,Food Establishment II,Food establishment,Continental,Nirav Patel,2,2,0,2025-12-17,2026-07-09,0,1,0.5,3,1,0,0,0,https://inspections.myhealthdepartment.com/frisco/permit/?permitID=B6C08208-EB87-4FFA-9344-33EB9720102C
808AC318-EE61-4136-A758-43B7203922CC,HAMPTON INN & SUITES LEGACY PARK - FRISCO,3199 PARKWOOD BLVD,Frisco,75034,3199 PARKWOOD BLVD | 75034,Food Establishment II,Food establishment,Convenience,ASFI-FRISCO LLC,2,2,0,2025-11-03,2026-06-30,5,5,2.5,7,5,1,0,0,https://inspections.myhealthdepartment.com/frisco/permit/?permitID=808AC318-EE61-4136-A758-43B7203922CC
BE757D5E-B0F8-4B45-A1AF-17B9E7E59307,HANDEL'S ICE CREAM,13600 Coit Rd 101,Frisco,75035,13600 COIT RD 101 | 75035,Food Establishment II,Food establishment,Ice Cream,HHIC Frisco LLC,2,2,0,2025-12-08,2026-04-21,3,3,2.5,4,3,0,1,0,https://inspections.myhealthdepartment.com/frisco/permit/?permitID=BE757D5E-B0F8-4B45-A1AF-17B9E7E59307
C55F1B67-ECF4-4DBD-84A5-B0777D7115A3,HARELI FRESH MARKET,10650 COIT RD,Frisco,75035,10650 COIT RD | 75035,Grocery Store II,Grocery,Grocery,Dhruva Nagalla,3,3,0,2025-08-28,2026-05-21,9,12,10.33,19,17,4,4,0,https://inspections.myhealthdepartment.com/frisco/permit/?permitID=C55F1B67-ECF4-4DBD-84A5-B0777D7115A3
E492D45B-F574-4187-A635-BD19932F8BD8,HARELI FRESH MARKET,2525 MAIN ST 430,Frisco,75034,2525 MAIN ST 430 | 75034,Grocery Store II,Grocery,Grocery,"NFG CAPITAL PARTNERS II, LLC",3,3,0,2025-09-18,2026-09-24,6,6,5.67,9,8,3,1,0,https://inspections.myhealthdepartment.com/frisco/permit/?permitID=E492D45B-F574-4187-A635-BD19932F8BD8
DF338E24-0F1B-40EF-B988-80671134B393,HARELI MEAT MARKET,2525 MAIN ST,Frisco,75036,2525 MAIN ST | 75036,Grocery Store I,Grocery,Grocery,NFG CAPITAL PARTNERS II LLC,3,3,0,2025-09-18,2026-09-24,4,9,4.67,12,10,1,2,0,https://inspections.myhealthdepartment.com/frisco/permit/?permitID=DF338E24-0F1B-40EF-B988-80671134B393
037B2A04-FB73-4456-AAF9-AE5B8294D923,HARVY'S ICE CREAM,15901 ROLATER RD 403,Frisco,75035,15901 ROLATER RD 403 | 75035,Food Establishment II,Food establishment,Fusion,Alwarfoods LLC,1,1,0,2026-02-04,2026-02-04,3,3,3.0,4,2,0,0,0,https://inspections.myhealthdepartment.com/frisco/permit/?permitID=037B2A04-FB73-4456-AAF9-AE5B8294D923
E8C90DF6-CE60-44B5-9FDB-414CF9A2B4A2,HATSUYUKI,6801 WARREN PKWY 103,Frisco,75034,6801 WARREN PKWY 103 | 75034,Food Establishment III,Food establishment,Japanese,Jun mo yeon,3,3,0,2025-07-17,2026-09-02,3,6,4.0,8,4,4,0,0,https://inspections.myhealthdepartment.com/frisco/permit/?permitID=E8C90DF6-CE60-44B5-9FDB-414CF9A2B4A2
EA0D4459-BAA9-463C-9678-2FBDB179CB5C,HAYS MIDDLE SCHOOL- FOOTBALL CONCESSIONS,14441 HILLCREST RD,Frisco,75035,14441 HILLCREST RD | 75035,School and City,School or city facility,Institutional,PROSPER ISD,2,2,0,2025-10-20,2026-04-23,0,0,0.0,0,0,0,0,0,https://inspections.myhealthdepartment.com/frisco/permit/?permitID=EA0D4459-BAA9-463C-9678-2FBDB179CB5C
437E4103-83BF-469D-B9F7-6A6249CD5813,HAYS MIDDLE SCHOOL- GYM CONCESSIONS,14441 HILLCREST RD,Frisco,75035,14441 HILLCREST RD | 75035,School and City,School or city facility,Institutional,PROSPER ISD,2,2,0,2025-10-20,2026-04-23,0,0,0.0,0,0,0,0,0,https://inspections.myhealthdepartment.com/frisco/permit/?permitID=437E4103-83BF-469D-B9F7-6A6249CD5813
40261783-6FC6-467C-88DB-DFD9215E0947,HAYS MIDDLE SCHOOL- KITCHEN,14441 Hillcrest Rd,Frisco,75035,14441 HILLCREST RD | 75035,School and City,School or city facility,Institutional,PROSPER ISD,2,2,0,2025-08-27,2026-04-23,0,0,0.0,0,0,0,0,0,https://inspections.myhealthdepartment.com/frisco/permit/?permitID=40261783-6FC6-467C-88DB-DFD9215E0947
4E27263D-1A07-49A5-9DE5-8AAF6B42786F,HAYSTACK BURGERS AND BARLEY,6705 MAIN ST,Frisco,75034,6705 MAIN ST | 75034,Food Establishment II,Food establishment,American,FRISCO HAYSTACK LLC,3,3,0,2025-10-01,2026-07-14,29,29,13.33,30,27,7,3,0,https://inspections.myhealthdepartment.com/frisco/permit/?permitID=4E27263D-1A07-49A5-9DE5-8AAF6B42786F
38AD3236-3432-4CCF-98A9-6B87EA04A24F,HEB,4800 MAIN ST,Frisco,75033,4800 MAIN ST | 75033,Grocery Store III,Grocery,Grocery,"H-E-B, LP",3,3,0,2025-11-20,2026-06-02,0,6,2.67,10,6,1,2,0,https://inspections.myhealthdepartment.com/frisco/permit/?permitID=38AD3236-3432-4CCF-98A9-6B87EA04A24F
3CF5FCC6-A986-4F64-B9B8-910E087EAC2A,HEB Frisco,899 UNIVERSITY DR,Frisco,75033,899 UNIVERSITY DR | 75033,Grocery Store III,Grocery,Grocery,HEB LP,3,3,0,2025-10-08,2026-08-17,10,10,6.33,12,7,5,2,0,https://inspections.myhealthdepartment.com/frisco/permit/?permitID=3CF5FCC6-A986-4F64-B9B8-910E087EAC2A
A6F7A3FF-8B9E-4610-B240-35E15A7452A6,HEIRLOOM HAUL,6765 WINNING WAY 830,Frisco,75034,6765 WINNING WAY 830 | 75034,Food Establishment II,Food establishment,Tea Rooms,HEIRLOOM HAUL LLC,2,2,0,2026-01-23,2026-07-14,5,5,3.0,3,3,1,0,0,https://inspections.myhealthdepartment.com/frisco/permit/?permitID=A6F7A3FF-8B9E-4610-B240-35E15A7452A6
E63BF154-AEF9-46E6-B7E0-01FFA11F7B2E,HERITAGE COFFEE,7227 MAIN ST 600,Frisco,75034,7227 MAIN ST 600 | 75034,Food Establishment II,Food establishment,Coffee House & Cafe,HERITAGE H&M LLC,2,2,0,2025-12-03,2026-05-11,2,2,1.0,4,1,0,0,0,https://inspections.myhealthdepartment.com/frisco/permit/?permitID=E63BF154-AEF9-46E6-B7E0-01FFA11F7B2E
8D4D8EBC-DCD7-4F15-BB80-58D2A2F85FB0,HERITAGE HIGH SCHOOL CAFE,14040 ELDORADO PKWY,Frisco,75035,14040 ELDORADO PKWY | 75035,School and City,School or city facility,Institutional,FRISCO ISD,2,2,0,2025-12-03,2026-05-18,0,0,0.0,1,0,0,0,0,https://inspections.myhealthdepartment.com/frisco/permit/?permitID=8D4D8EBC-DCD7-4F15-BB80-58D2A2F85FB0
F50E9BE2-0BB7-4604-9BD6-D5F7FB18D441,HERITAGE HIGH SCHOOL FOOTBALL CONCESSION STAND,14040 ELDORADO PKWY,Frisco,75035,14040 ELDORADO PKWY | 75035,School and City,School or city facility,Institutional,FISD,1,1,0,2026-05-18,2026-05-18,0,0,0.0,1,0,0,0,0,https://inspections.myhealthdepartment.com/frisco/permit/?permitID=F50E9BE2-0BB7-4604-9BD6-D5F7FB18D441
5FE234CE-8996-4586-B278-50A74E4C0975,HERITAGE HIGH SCHOOL INDOOR CONCESSION STAND,14040 ELDORADO PKWY,Frisco,75035,14040 ELDORADO PKWY | 75035,School and City,School or city facility,Institutional,FISD,2,2,0,2025-12-03,2026-05-18,0,0,0.0,2,0,0,0,0,https://inspections.myhealthdepartment.com/frisco/permit/?permitID=5FE234CE-8996-4586-B278-50A74E4C0975
DFEA0F3E-92D0-4FAD-AC0F-98483BA72915,HERMAN MARSHAL SALOON,7300 ROUGHRIDERS TRL,Frisco,75034,7300 ROUGHRIDERS TRL | 75034,Food Establishment II,Food establishment,American,Ryan Sanders Sports Services,1,1,0,2026-01-07,2026-01-07,0,0,0.0,0,0,0,0,0,https://inspections.myhealthdepartment.com/frisco/permit/?permitID=DFEA0F3E-92D0-4FAD-AC0F-98483BA72915
B39F97DE-5BDD-4402-BB7D-A228BAFDB8D2,HICKORY FARMS,2601 PRESTON RD 5508,Frisco,75034,2601 PRESTON RD 5508 | 75034,Food Establishment I,Food establishment,Specialty,HICKORY FARMS #16760,1,1,0,2025-12-02,2025-12-02,0,0,0.0,1,0,0,0,0,https://inspections.myhealthdepartment.com/frisco/permit/?permitID=B39F97DE-5BDD-4402-BB7D-A228BAFDB8D2
7ED9F9F4-1D8E-4B66-941D-08B3F79D31DB,HIFI BROS,2552 STONEBROOK PKWY 500,Frisco,75034,2552 STONEBROOK PKWY 500 | 75034,Food Establishment III,Food establishment,Indian,Hari Khanna Venkatiahgari,4,3,1,2025-10-14,2026-08-26,13,35,15.33,46,40,10,4,0,https://inspections.myhealthdepartment.com/frisco/permit/?permitID=7ED9F9F4-1D8E-4B66-941D-08B3F79D31DB
13755F34-B8C0-4BDD-BF01-66F82081B1BE,HIGHLAND NOODLES,9188 PRESTMONT PL 110,Frisco,75035,9188 PRESTMONT PL 110 | 75035,Food Establishment II,Food establishment,Asian,HIGHLAND NOODLES INC,3,3,0,2025-10-15,2026-09-02,9,9,3.33,6,5,2,0,0,https://inspections.myhealthdepartment.com/frisco/permit/?permitID=13755F34-B8C0-4BDD-BF01-66F82081B1BE
55A65507-929C-4D4F-B5E0-D2DF32C947BC,HIKARI SUSHI & GRILL ,5454 Main St 150,"/,",,5454 MAIN ST 150 | ,Food Establishment III,Food establishment,Japanese,HM BISTRO INC,1,1,0,2026-06-02,2026-06-02,9,9,9.0,5,5,1,0,0,https://inspections.myhealthdepartment.com/frisco/permit/?permitID=55A65507-929C-4D4F-B5E0-D2DF32C947BC
AB040219-32CD-4881-B6F7-2E57A7AC75EB,HIKARI SUSHI AND GRILL,5454 MAIN ST 150,Frisco,75033,5454 MAIN ST 150 | 75033,Food Establishment III,Food establishment,Asian,"CJH GLOBAL, LLC",1,1,0,2025-08-18,2025-08-18,6,6,6.0,7,3,1,0,0,https://inspections.myhealthdepartment.com/frisco/permit/?permitID=AB040219-32CD-4881-B6F7-2E57A7AC75EB
A3EBF51B-02F2-4B31-95D1-6E7D10EF1F6B,HILTON GARDEN INN,7550 GAYLORD PKWY,Frisco,75034,7550 GAYLORD PKWY | 75034,Food Establishment II,Food establishment,American,APPLE REIT,2,2,0,2025-08-13,2026-02-09,0,5,2.5,2,2,1,0,0,https://inspections.myhealthdepartment.com/frisco/permit/?permitID=A3EBF51B-02F2-4B31-95D1-6E7D10EF1F6B
C7EC77F2-B633-4ADB-A69A-C6E1CDE59FBE,HIMALAYAN SPICE,13225 Dallas Pkwy 200,Frisco,75033,13225 DALLAS PKWY 200 | 75033,Food Establishment II,Food establishment,Indian,Santosh Neupane,3,3,0,2025-10-14,2026-09-10,27,27,19.33,41,35,9,4,0,https://inspections.myhealthdepartment.com/frisco/permit/?permitID=C7EC77F2-B633-4ADB-A69A-C6E1CDE59FBE
A9990A45-45F5-40B7-A79B-551FEF8C1AEB,HINOKI,8050 Preston Rd 106,Frisco,75035,8050 PRESTON RD 106 | 75035,Food Establishment II,Food establishment,Japanese,Ten Mizu LLC,3,3,0,2025-09-05,2026-08-31,12,12,8.67,19,12,3,1,0,https://inspections.myhealthdepartment.com/frisco/permit/?permitID=A9990A45-45F5-40B7-A79B-551FEF8C1AEB
FE9A9481-B8D6-44E7-903C-B634654A37A9,HISSHO SUSHI @ TARGET #1763,3201 PRESTON RD,Frisco,75034,3201 PRESTON RD | 75034,Food Establishment III,Food establishment,Japanese,LWIN FAMILY CO. LLC,3,3,0,2025-09-22,2026-07-22,1,1,1.0,5,4,0,1,0,https://inspections.myhealthdepartment.com/frisco/permit/?permitID=FE9A9481-B8D6-44E7-903C-B634654A37A9
105E0557-6538-4F06-BE9F-7DAAC1B8A333,HISSHO SUSHI AT SPROUTS,5190 PRESTON RD,Frisco,75034,5190 PRESTON RD | 75034,Food Establishment III,Food establishment,Asian,LWIN FAMILY CO. LLC,3,3,0,2025-11-03,2026-06-22,0,0,0.0,0,0,0,0,0,https://inspections.myhealthdepartment.com/frisco/permit/?permitID=105E0557-6538-4F06-BE9F-7DAAC1B8A333
7E169FCF-255E-4475-816F-3C046F76FF86,HOCCO THE INDIAN KITCHEN ,2693 PRESTON RD 1052,Frisco,75034,2693 PRESTON RD 1052 | 75034,Food Establishment II,Food establishment,Indian,Gayatri Enterprise usa llc,1,1,0,2026-06-18,2026-06-18,23,23,23.0,11,11,5,0,0,https://inspections.myhealthdepartment.com/frisco/permit/?permitID=7E169FCF-255E-4475-816F-3C046F76FF86
B016A408-069E-4EA9-8036-037442747486,HOLD MY CHAI,5266 INDEPENDENCE PKWY 110,Frisco,75035,5266 INDEPENDENCE PKWY 110 | 75035,Food Establishment II,Food establishment,Cafe,RAM MAJJI,3,3,0,2025-06-30,2026-05-20,9,9,8.33,15,15,3,6,1,https://inspections.myhealthdepartment.com/frisco/permit/?permitID=B016A408-069E-4EA9-8036-037442747486
04AD0908-DAAB-4A2B-9BC1-7175C657208F,HOLIDAY INN EXPRESS HOTEL,9444 FRISCO ST,Frisco,75033,9444 FRISCO ST | 75033,Food Establishment II,Food establishment,Continental,BLU LODGING PROPERTIES LLC,3,3,0,2025-07-18,2026-08-04,0,1,0.33,1,1,0,0,0,https://inspections.myhealthdepartment.com/frisco/permit/?permitID=04AD0908-DAAB-4A2B-9BC1-7175C657208F
1FB8CA48-CEC5-4D47-BE0E-4606545E4620,HOME2 SUITES BY HILTON,2000 PARKWOOD BLVD,Frisco,75034,2000 PARKWOOD BLVD | 75034,Food Establishment II,Food establishment,Continental,"SHINN STONEBRIAR HOSPITALITY, LTD.",2,2,0,2025-07-11,2026-02-03,0,0,0.0,0,0,0,0,0,https://inspections.myhealthdepartment.com/frisco/permit/?permitID=1FB8CA48-CEC5-4D47-BE0E-4606545E4620
76A05571-A3C0-497A-909F-467862725C2E,HOMEWOOD SUITES BY HILTON,3240 PARKWOOD BLVD,Frisco,75034,3240 PARKWOOD BLVD | 75034,Food Establishment II,Food establishment,Continental,SHINN FRISCO HOSPITALITY,3,3,0,2025-07-22,2026-08-28,0,0,0.0,1,0,0,0,0,https://inspections.myhealthdepartment.com/frisco/permit/?permitID=76A05571-A3C0-497A-909F-467862725C2E
710CBB21-E6BD-4F8E-BD72-7CF2C961711B,HONEYBAKED HAM,4611 PRESTON RD 200,Frisco,75034,4611 PRESTON RD 200 | 75034,Food Establishment II,Food establishment,Specialty,THE HONEYBAKED HAM COMPANY LLC,3,3,0,2025-08-13,2026-09-04,2,2,0.67,5,2,0,0,0,https://inspections.myhealthdepartment.com/frisco/permit/?permitID=710CBB21-E6BD-4F8E-BD72-7CF2C961711B
3EC2D70C-D692-4548-93B8-A10E7CC45E78,HOOTER'S,4224 PRESTON RD,Frisco,75034,4224 PRESTON RD | 75034,Food Establishment II,Food establishment,American,"TW RESTAURANT HOLDER, LLC",2,2,0,2025-07-08,2025-11-03,1,8,4.5,8,7,1,1,0,https://inspections.myhealthdepartment.com/frisco/permit/?permitID=3EC2D70C-D692-4548-93B8-A10E7CC45E78
6B60326C-4A6B-481D-A73E-5192424A15F7,HOOTERS,4224 PRESTON RD,Frisco,75034,4224 PRESTON RD | 75034,Food Establishment II,Food establishment,American,Hooters,1,1,0,2026-02-03,2026-02-03,6,6,6.0,3,2,2,0,0,https://inspections.myhealthdepartment.com/frisco/permit/?permitID=6B60326C-4A6B-481D-A73E-5192424A15F7
425A68D3-9D31-45C6-8054-F6498DC3AD72,HOPE FELLOWSHIP CAFE,9950 ROLATER RD,Frisco,75035,9950 ROLATER RD | 75035,Food Establishment II,Food establishment,Coffee House & Cafe,HOPE FELLOWSHIP,2,2,0,2026-01-07,2026-09-08,0,0,0.0,2,0,0,0,0,https://inspections.myhealthdepartment.com/frisco/permit/?permitID=425A68D3-9D31-45C6-8054-F6498DC3AD72
E18ABE8E-7A05-4D86-810A-F65D3B3D7D57,HOPE FELLOWSHIP WEST,309 MAIN ST,Frisco,75034-4305,309 MAIN ST | 75034,Food Establishment II,Food establishment,Institutional,JOHN MCKINZIE,2,2,0,2025-09-16,2026-05-19,0,0,0.0,0,0,0,0,0,https://inspections.myhealthdepartment.com/frisco/permit/?permitID=E18ABE8E-7A05-4D86-810A-F65D3B3D7D57
5A4BE2A5-2A41-4A11-B516-7349A7AADA74,HOSP ELEMENTARY SCHOOL,5050 LONE STAR RANCH PKWY,Frisco,75036,5050 LONE STAR RANCH PKWY | 75036,School and City,School or city facility,Institutional,FRISCO ISD,2,2,0,2025-11-07,2026-05-26,0,0,0.0,0,0,0,0,0,https://inspections.myhealthdepartment.com/frisco/permit/?permitID=5A4BE2A5-2A41-4A11-B516-7349A7AADA74
FB728E33-D3ED-4007-94DB-777D9E8BB9E3,HOSPITALITY LOUNGE (SUITES AND BAR),1 COWBOYS WAY,Frisco,75034,1 COWBOYS WAY | 75034,Food Establishment II,Food establishment,American,"LEGENDS HOSPITALITY, LLC",2,2,0,2025-08-26,2026-02-26,0,0,0.0,0,0,0,0,0,https://inspections.myhealthdepartment.com/frisco/permit/?permitID=FB728E33-D3ED-4007-94DB-777D9E8BB9E3
7072E962-CDF0-4007-A65D-CC3CA9F1E1F0,HOT PIZZA FRISCO,4617 COIT RD suite 120,Frisco,75035,4617 COIT RD 120 | 75035,Food Establishment II,Food establishment,Pizza,pradipkumar amin,2,2,0,2025-12-29,2026-06-23,2,2,2.0,7,2,0,0,0,https://inspections.myhealthdepartment.com/frisco/permit/?permitID=7072E962-CDF0-4007-A65D-CC3CA9F1E1F0
15FCCB12-8855-44A8-9650-CD3ECB42B1F6,HOTEL INDIGO,2985 AVENUE OF THE STARS,Frisco,75034,2985 AVENUE OF THE STARS | 75034,Food Establishment II,Food establishment,American,MDM FT LLC,3,3,0,2025-07-22,2026-04-20,0,3,1.0,3,2,0,0,0,https://inspections.myhealthdepartment.com/frisco/permit/?permitID=15FCCB12-8855-44A8-9650-CD3ECB42B1F6
F2E1B1B8-969B-420E-988E-F65E69FDB134,HOUSE OF BIRYANIS KEBABS ,9101 PRESTON RD,Frisco,75033,9101 PRESTON RD | 75033,Food Establishment II,Food establishment,Indian,SHREE SIDDHIVINAYAKA FRISCO TX INC.,1,1,0,2026-06-30,2026-06-30,6,6,6.0,4,4,0,0,0,https://inspections.myhealthdepartment.com/frisco/permit/?permitID=F2E1B1B8-969B-420E-988E-F65E69FDB134
3E12E651-23DD-4D11-ACF7-0BF4092FA605,HUDSON HOUSE,3475 PRESTON RD,Frisco,75034,3475 PRESTON RD | 75034,Food Establishment II,Food establishment,Seafood,"Hudson House Frisco, LLC",2,2,0,2025-09-02,2026-05-11,5,16,10.5,15,9,4,2,0,https://inspections.myhealthdepartment.com/frisco/permit/?permitID=3E12E651-23DD-4D11-ACF7-0BF4092FA605
04342A27-0DCE-41C2-95E2-A54C3A27EC8E,HUMMUS REPUBLIC ,3311 PRESTON RD 7,Frisco,75034,3311 PRESTON RD 7 | 75034,Food Establishment II,Food establishment,Mediterranean,Manasa Jayarama Reddy,1,1,0,2026-03-20,2026-03-20,8,8,8.0,5,5,2,0,0,https://inspections.myhealthdepartment.com/frisco/permit/?permitID=04342A27-0DCE-41C2-95E2-A54C3A27EC8E
081CBE5A-BEE3-4925-8E78-054C412F0218,HUNT MIDDLE SCHOOL,4900 LEGENDARY DR,Frisco,75034,4900 LEGENDARY DR | 75034,School and City,School or city facility,Institutional,FRISCO ISD,2,2,0,2025-08-27,2026-02-27,0,0,0.0,0,0,0,0,0,https://inspections.myhealthdepartment.com/frisco/permit/?permitID=081CBE5A-BEE3-4925-8E78-054C412F0218
1CB071EC-84D1-4E5C-BBDA-ACD2CBDF21B7,HUNT MIDDLE SCHOOL CONCESSION STAND,4900 LEGENDARY DR,Frisco,75034,4900 LEGENDARY DR | 75034,School and City,School or city facility,Institutional,FISD,2,2,0,2025-08-27,2026-02-27,1,1,1.0,3,2,0,0,0,https://inspections.myhealthdepartment.com/frisco/permit/?permitID=1CB071EC-84D1-4E5C-BBDA-ACD2CBDF21B7
973F90F9-F01C-4869-8566-582D3AA829F2,HURTS DONUT FRISCO,3288 MAIN ST # 101,Frisco,75033,3288 MAIN ST 101 | 75033,Food Establishment II,Food establishment,Coffee House & Cafe,ABBS Ventures LLC,3,3,0,2025-09-24,2026-05-04,5,7,4.33,10,9,0,3,0,https://inspections.myhealthdepartment.com/frisco/permit/?permitID=973F90F9-F01C-4869-8566-582D3AA829F2
0077936E-A868-4E21-AF31-EBB094243ED2,HUTCHIN'S BBQ CATERING CO.,9225 PRESTON RD,Frisco,75033,9225 PRESTON RD | 75033,Food Establishment II,Food establishment,Barbecue,"Hutchins BBQ Catering Co., LLC",2,2,0,2025-10-28,2026-03-31,4,4,3.0,9,9,0,2,0,https://inspections.myhealthdepartment.com/frisco/permit/?permitID=0077936E-A868-4E21-AF31-EBB094243ED2
C9E36352-5A0E-416E-BB03-77FA7B9242E1,HYATT BALLROOM KITCHEN,2615 PRESTON RD,Frisco,75034,2615 PRESTON RD | 75034,Food Establishment II,Food establishment,American,"MOON HOTEL REGENCY, LLC",2,2,0,2025-07-10,2026-02-25,0,0,0.0,1,0,0,0,0,https://inspections.myhealthdepartment.com/frisco/permit/?permitID=C9E36352-5A0E-416E-BB03-77FA7B9242E1
62B4C011-7978-47D1-849E-EB1110D499AD,HYATT HOUSE FRISCO ,2875 PARKWOOD BLVD,Frisco,75034,2875 PARKWOOD BLVD | 75034,Food Establishment II,Food establishment,Continental,"HOOKEM HOTELS, LP",2,2,0,2025-09-04,2026-04-08,2,2,1.0,1,1,0,0,0,https://inspections.myhealthdepartment.com/frisco/permit/?permitID=62B4C011-7978-47D1-849E-EB1110D499AD
BCCD2AE6-D0D3-476C-A6F4-AD506105302D,HYATT MARKET/ BAR/ COPPER AND STEEL,2615 PRESTON RD,Frisco,75034,2615 PRESTON RD | 75034,Food Establishment II,Food establishment,American,"MOON HOTEL REGENCY, LLC",2,2,0,2025-07-10,2026-02-25,0,0,0.0,1,0,0,0,0,https://inspections.myhealthdepartment.com/frisco/permit/?permitID=BCCD2AE6-D0D3-476C-A6F4-AD506105302D
F3AFF3E2-BFD8-4194-AFBD-806DCD899194,HYATT REGENCY MAIN KITCHEN,2615 PRESTON RD,Frisco,75034,2615 PRESTON RD | 75034,Food Establishment II,Food establishment,American,"MOON HOTEL REGENCY, LLC",2,2,0,2025-07-10,2026-02-25,2,2,1.0,3,1,0,0,0,https://inspections.myhealthdepartment.com/frisco/permit/?permitID=F3AFF3E2-BFD8-4194-AFBD-806DCD899194
50667ED0-4853-4AE6-956C-3E0B6B429DD1,HYDERABAD BIRYANI ,15910 ELDORADO PKWY 300,Frisco,75035,15910 ELDORADO PKWY 300 | 75035,Food Establishment II,Food establishment,Indian,TADKA SOCIAL LLC,1,1,0,2025-10-24,2025-10-24,5,5,5.0,2,2,1,0,0,https://inspections.myhealthdepartment.com/frisco/permit/?permitID=50667ED0-4853-4AE6-956C-3E0B6B429DD1
174E9FFC-EECC-4661-A4C6-B498398BD806,HYDERABAD HOUSE,8992 PRESTON RD,Frisco,75034,8992 PRESTON RD | 75034,Food Establishment III,Food establishment,Indian,SIVA YARLAGADDA,3,3,0,2025-10-09,2026-07-21,25,25,15.33,39,36,5,4,0,https://inspections.myhealthdepartment.com/frisco/permit/?permitID=174E9FFC-EECC-4661-A4C6-B498398BD806
84749375-9DB7-45D8-AAA4-4018CCE65EDD,HYDERABADI SPICY MATKA,2550 PRESTON RD,Frisco,75034,2550 PRESTON RD | 75034,Food Establishment III,Food establishment,Indian,Hyderabadi Spicy Matka Frisco,3,3,0,2025-10-23,2026-06-25,6,14,11.0,24,21,4,2,1,https://inspections.myhealthdepartment.com/frisco/permit/?permitID=84749375-9DB7-45D8-AAA4-4018CCE65EDD
FF6DC004-D436-43A5-935B-A4D75A15649B,Hall Park Hotel- Pool Bar,6605 WARREN PKWY,Frisco,75034,6605 WARREN PKWY | 75034,Food Establishment II,Food establishment,Convenience,"HP D1 Hotel, LLC",3,3,0,2025-06-24,2026-08-11,1,6,2.33,7,5,1,0,0,https://inspections.myhealthdepartment.com/frisco/permit/?permitID=FF6DC004-D436-43A5-935B-A4D75A15649B
B40BE4AF-B4F9-4513-9502-FF91088C8E24,Hawaiian Brothers,8820 FM 423,Frisco,75036,8820 FM 423 | 75036,Food Establishment II,Food establishment,American,STINE VENTURES LLC,3,3,0,2025-08-05,2026-05-20,2,2,0.67,2,1,0,0,0,https://inspections.myhealthdepartment.com/frisco/permit/?permitID=B40BE4AF-B4F9-4513-9502-FF91088C8E24
3310200D-9869-4A31-9941-AAD804D5F444,Hawaiian Brothers,11560 DALLAS PKWY,Frisco,75033,11560 DALLAS PKWY | 75033,Food Establishment II,Food establishment,American,"STINE VENTURES, LLC",2,2,0,2025-12-22,2026-06-15,0,0,0.0,0,0,0,0,0,https://inspections.myhealthdepartment.com/frisco/permit/?permitID=3310200D-9869-4A31-9941-AAD804D5F444
AABEB314-CFB4-473F-9D06-CA62A8C74D6E,Heritage Learning Academy,2755 TIMBER RIDGE DR,Frisco,75034,2755 TIMBER RIDGE DR | 75034,DAYC,Child care,Institutional,George Fogel,4,4,0,2025-10-02,2026-09-04,0,1,0.25,1,1,0,0,0,https://inspections.myhealthdepartment.com/frisco/permit/?permitID=AABEB314-CFB4-473F-9D06-CA62A8C74D6E
4057B441-8C96-428A-89E8-BBD2927A91CE,Holiday Inn Express Frisco,3400 PARKWOOD BLVD,Frisco,75034,3400 PARKWOOD BLVD | 75034,Food Establishment II,Food establishment,Continental,Anant Patel,3,3,0,2025-08-13,2026-08-28,11,11,5.0,13,10,2,1,0,https://inspections.myhealthdepartment.com/frisco/permit/?permitID=4057B441-8C96-428A-89E8-BBD2927A91CE
DC13B93C-845F-4C0A-ADF5-307CEF6733A5,Hummus Republic,3311 PRESTON RD 7,Frisco,75034,3311 PRESTON RD 7 | 75034,Food Establishment II,Food establishment,Mediterranean,Sunny Kabaria,2,2,0,2025-06-25,2025-10-06,19,19,16.5,27,22,5,2,0,https://inspections.myhealthdepartment.com/frisco/permit/?permitID=DC13B93C-845F-4C0A-ADF5-307CEF6733A5
73D40880-8F95-463C-92EB-DFF69ECAB3F5,Hunan chef,9292 WARREN PKWY 100,Frisco,75035,9292 WARREN PKWY 100 | 75035,Food Establishment III,Food establishment,Chinese,Huajiao Zuo,4,4,0,2025-08-20,2026-05-07,10,23,13.0,35,33,8,8,0,https://inspections.myhealthdepartment.com/frisco/permit/?permitID=73D40880-8F95-463C-92EB-DFF69ECAB3F5
B22A4B4D-741F-4584-8D40-03692F9F00E6,ICE HOUSE RESTAURANT,3255 PGA PKWY BLDG 6,Frisco,75033,3255 PGA PKWY BLDG 6 | 75033,Food Establishment II,Food establishment,American,Omni PGA Frisco Resort & Spa,2,2,0,2025-10-15,2026-05-28,0,0,0.0,0,0,0,0,0,https://inspections.myhealthdepartment.com/frisco/permit/?permitID=B22A4B4D-741F-4584-8D40-03692F9F00E6
75665941-F1C4-4671-B880-B8176A56D0E1,IHOP,9509 DALLAS PKWY,Frisco,75033,9509 DALLAS PKWY | 75033,Food Establishment II,Food establishment,Cafe,"ACG 3017, LP",3,3,0,2025-07-29,2026-04-13,1,4,2.67,6,5,2,1,0,https://inspections.myhealthdepartment.com/frisco/permit/?permitID=75665941-F1C4-4671-B880-B8176A56D0E1
24A95AA8-1731-4A76-9633-2A420983869C,IHOP,2480 PRESTON RD,Frisco,75035,2480 PRESTON RD | 75035,Food Establishment II,Food establishment,Cafe,"ACG1942, LP DBA IHOP",3,3,0,2025-08-18,2026-05-28,1,1,0.33,1,1,0,0,0,https://inspections.myhealthdepartment.com/frisco/permit/?permitID=24A95AA8-1731-4A76-9633-2A420983869C
9E7037D7-115A-4EB6-A6A5-4D71335B5AB7,IHOP,1375 UNIVERSITY DR,Frisco,75033,1375 UNIVERSITY DR | 75033,Food Establishment II,Food establishment,Cafe,ACG 3734 LP,3,3,0,2025-09-29,2026-07-24,0,11,4.33,9,7,2,0,0,https://inspections.myhealthdepartment.com/frisco/permit/?permitID=9E7037D7-115A-4EB6-A6A5-4D71335B5AB7
21A50C5B-1038-4819-8019-E427C559F190,III Forks Steakhouse,1303 LEGACY DR,Frisco,75034,1303 LEGACY DR | 75034,Food Establishment II,Food establishment,Steak House,SILVER FOX FRISCO LP,3,3,0,2025-08-19,2026-09-18,0,2,0.67,8,2,0,0,0,https://inspections.myhealthdepartment.com/frisco/permit/?permitID=21A50C5B-1038-4819-8019-E427C559F190
1A33C98A-B99F-4E2C-8497-1B925E5A2852,IKEA BISTRO,7171 IKEA DRIVE,Frisco,75034,7171 IKEA DRIVE | 75034,Food Establishment II,Food establishment,Specialty,IKEA US RETAIL LLC,2,2,0,2025-12-12,2026-06-23,0,0,0.0,0,0,0,0,0,https://inspections.myhealthdepartment.com/frisco/permit/?permitID=1A33C98A-B99F-4E2C-8497-1B925E5A2852
8323651D-D4A4-49FC-8128-5F6B453A4ED9,IKEA RESTAURANT & CAFE,7171 IKEA DRIVE,Frisco,75034,7171 IKEA DRIVE | 75034,Food Establishment II,Food establishment,Intl Misc.,IKEA US RETAIL LLC,2,2,0,2025-12-12,2026-06-23,2,2,1.0,1,1,0,0,0,https://inspections.myhealthdepartment.com/frisco/permit/?permitID=8323651D-D4A4-49FC-8128-5F6B453A4ED9
323F43E4-4782-496A-AE83-5ADB01EDD0E7,IKEA SWEDISH FOOD MARKET,7171 IKEA DR,Frisco,75034,7171 IKEA DR | 75034,Grocery Store I,Grocery,Grocery,IKEA US RETAIL LLC,2,2,0,2025-11-25,2026-06-23,0,0,0.0,0,0,0,0,0,https://inspections.myhealthdepartment.com/frisco/permit/?permitID=323F43E4-4782-496A-AE83-5ADB01EDD0E7
5773CA55-A1F8-4483-A1D2-0B47BCFDD875,IMAGINE EARLY EDUCATION AND CHILDCARE MCKINNEY ,7765 CUSTER RD,Frisco,75035,7765 CUSTER RD | 75035,DAYC,Child care,Institutional,IMAGINE MCKINNEY,2,2,0,2025-09-04,2026-03-19,0,0,0.0,1,0,0,0,0,https://inspections.myhealthdepartment.com/frisco/permit/?permitID=5773CA55-A1F8-4483-A1D2-0B47BCFDD875
7240401C-D4D7-4986-93B6-83A8508246EA,IN-N-OUT BURGER,2800 PRESTON,Frisco,75034,2800 PRESTON | 75034,Food Establishment II,Food establishment,Fast Food,IN-N-OUT BURGER #256,2,2,0,2025-07-22,2026-02-03,3,3,1.5,1,1,1,0,0,https://inspections.myhealthdepartment.com/frisco/permit/?permitID=7240401C-D4D7-4986-93B6-83A8508246EA
30C0124B-F012-4EBE-BD1B-118BC9394288,INDEPENDENCE HIGH SCHOOL CAFE,10555 INDEPENDENCE PKWY,Frisco,75035,10555 INDEPENDENCE PKWY | 75035,School and City,School or city facility,Institutional,INDEPENDENCE HIGH SCHOOL,2,2,0,2025-10-30,2026-05-05,0,0,0.0,0,0,0,0,0,https://inspections.myhealthdepartment.com/frisco/permit/?permitID=30C0124B-F012-4EBE-BD1B-118BC9394288
BC637F4C-8DD3-4026-B2AF-E25B1DC39765,INDEPENDENCE HIGH SCHOOL INDOOR CONCESSION,10555 INDEPENDENCE PKWY,Frisco,75035,10555 INDEPENDENCE PKWY | 75035,School and City,School or city facility,Institutional,FISD,1,1,0,2026-05-05,2026-05-05,0,0,0.0,0,0,0,0,0,https://inspections.myhealthdepartment.com/frisco/permit/?permitID=BC637F4C-8DD3-4026-B2AF-E25B1DC39765
181FB220-1A6B-4607-935A-8907A7217D92,INDEPENDENCE HIGH SCHOOL OUTDOOR CONCESSION,10555 INDEPENDENCE PKWY,Frisco,75035,10555 INDEPENDENCE PKWY | 75035,School and City,School or city facility,Institutional,FISD,1,1,0,2026-05-05,2026-05-05,0,0,0.0,0,0,0,0,0,https://inspections.myhealthdepartment.com/frisco/permit/?permitID=181FB220-1A6B-4607-935A-8907A7217D92
E19186F2-A7A4-496C-A1F8-5C1BB4688FC4,INDIA BAZAAR,14339 ELDORADO PKWY,Frisco,75035,14339 ELDORADO PKWY | 75035,Grocery Store I,Grocery,Grocery,3RD INDIA PLAZA LLC,5,4,1,2025-07-21,2026-09-03,0,27,6.75,21,20,2,0,1,https://inspections.myhealthdepartment.com/frisco/permit/?permitID=E19186F2-A7A4-496C-A1F8-5C1BB4688FC4
6DB5E5B0-4896-48DE-AF7C-7217F573C60A,INREACH- OFFICES 1 AT FRISCO STATION,6160 WARREN PKWY,Frisco,75034,6160 WARREN PKWY | 75034,Food Establishment I,Food establishment,Convenience,SODEXO OPERATIONS LLC,1,1,0,2025-09-18,2025-09-18,0,0,0.0,0,0,0,0,0,https://inspections.myhealthdepartment.com/frisco/permit/?permitID=6DB5E5B0-4896-48DE-AF7C-7217F573C60A
45A1ACF5-F7B3-4F4F-9A94-610DC9A32DD2,INSIGHT FOR LIVING,5330 PARKWOOD BLVD,Frisco,,5330 PARKWOOD BLVD | ,Food Establishment II,Food establishment,Coffee House & Cafe,INSIGHT FOR LIVING,2,2,0,2025-09-22,2026-02-17,0,0,0.0,0,0,0,0,0,https://inspections.myhealthdepartment.com/frisco/permit/?permitID=45A1ACF5-F7B3-4F4F-9A94-610DC9A32DD2
0352F020-2665-4570-8C11-6B752EEF2346,INSTITUTE OF HOSPITALITY AND CULINARY EDUCATION,9700 WADE BLVD ALUMNI,Frisco,75035,9700 WADE BLVD ALUMNI | 75035,Food Establishment II,Food establishment,Institutional,COLLIN COLLEGE,2,2,0,2025-10-21,2026-05-14,0,0,0.0,0,0,0,0,0,https://inspections.myhealthdepartment.com/frisco/permit/?permitID=0352F020-2665-4570-8C11-6B752EEF2346
857BA9A9-0868-49D7-8731-0B7F527A312F,ISBELL ELEMENTARY,6000 MALTBY DR,Frisco,75035,6000 MALTBY DR | 75035,School and City,School or city facility,Institutional,FRISCO ISD,2,2,0,2025-09-04,2026-04-13,0,0,0.0,0,0,0,0,0,https://inspections.myhealthdepartment.com/frisco/permit/?permitID=857BA9A9-0868-49D7-8731-0B7F527A312F
EEC838C3-0E57-455E-932B-8FA25805CF7A,ISLAMIC CENTER OF FRISCO,11137 FRISCO ST,Frisco,75033,11137 FRISCO ST | 75033,Food Establishment II,Food establishment,Institutional,ISLAMIC CENTER OF FRISCO,3,3,0,2025-07-11,2026-06-05,0,0,0.0,1,0,0,0,0,https://inspections.myhealthdepartment.com/frisco/permit/?permitID=EEC838C3-0E57-455E-932B-8FA25805CF7A
1D857503-59F0-47FD-96BC-43B2731ACB5C,IVYBROOK ACADEMY,5055 PANTHER CREEK PKWY,Frisco,75033,5055 PANTHER CREEK PKWY | 75033,HLTD,Health care / long-term care,Institutional,Amyn M. Amlani,1,1,0,2026-01-05,2026-01-05,2,2,2.0,2,1,0,0,1,https://inspections.myhealthdepartment.com/frisco/permit/?permitID=1D857503-59F0-47FD-96BC-43B2731ACB5C
1D4286F7-CE2A-4BC7-AA66-D31317ADAFF2,IVYBROOK ACADEMY ,5055 PANTHER CREEK PKWY,Frisco,75033,5055 PANTHER CREEK PKWY | 75033,HLTD,Health care / long-term care,,IVY FRISCO,2,2,0,2026-04-17,2026-09-01,0,0,0.0,1,0,0,0,0,https://inspections.myhealthdepartment.com/frisco/permit/?permitID=1D4286F7-CE2A-4BC7-AA66-D31317ADAFF2
E7723144-7286-4550-904E-932A7EF8BDE6,Imagine Early Education and Childcare Frisco,2725 NATURE WAY,Frisco,75033,2725 NATURE WAY | 75033,DAYC,Child care,Institutional,PATHFINDER DBA IMAGINE EARLY,4,4,0,2025-09-05,2026-08-11,4,4,1.0,4,2,0,0,0,https://inspections.myhealthdepartment.com/frisco/permit/?permitID=E7723144-7286-4550-904E-932A7EF8BDE6
55DD0CC0-3FAE-4F96-B305-F9282F199652,Industrial Cigar Co.,9500 DALLAS PKWY Suite 400,Frisco,75033,9500 DALLAS PKWY 400 | 75033,Food Establishment II,Food establishment,American,INDUSTRIAL BEVERAGE CO,2,2,0,2025-08-04,2026-05-04,6,6,6.0,9,8,2,1,0,https://inspections.myhealthdepartment.com/frisco/permit/?permitID=55DD0CC0-3FAE-4F96-B305-F9282F199652
62745FD6-79DB-4C3B-9917-D39B4B07C406,J. THEODORE RESTAURANT & BAR,6959 LEBANON RD,Frisco,75034,6959 LEBANON RD | 75034,Food Establishment II,Food establishment,American,"SUGARBERRY HOLDINGS, LLC",2,2,0,2025-10-20,2026-04-02,3,8,5.5,10,8,1,1,0,https://inspections.myhealthdepartment.com/frisco/permit/?permitID=62745FD6-79DB-4C3B-9917-D39B4B07C406
B1970551-2D13-4D62-AB7A-82D89376A4F7,JACK IN THE BOX,9133 LEGACY DR,Frisco,75034,9133 LEGACY DR | 75034,Food Establishment II,Food establishment,Fast Food,MANNAT FOOD INC,3,3,0,2025-07-08,2026-08-21,7,7,2.33,10,7,1,0,0,https://inspections.myhealthdepartment.com/frisco/permit/?permitID=B1970551-2D13-4D62-AB7A-82D89376A4F7
8B01C454-B08A-4393-8B57-9D036A4A73E7,JACK IN THE BOX,9055 JOHN HICKMAN PKWY,Frisco,75034,9055 JOHN HICKMAN PKWY | 75034,Food Establishment II,Food establishment,Fast Food,"MANNAT FOOD, INC",2,2,0,2025-09-18,2026-03-19,0,0,0.0,1,0,0,0,0,https://inspections.myhealthdepartment.com/frisco/permit/?permitID=8B01C454-B08A-4393-8B57-9D036A4A73E7
2B03583C-9D50-43DB-8E82-3514DCCC5E3E,JACKSON ELEMENTARY SCHOOL-KITCHEN,10700 ALVIRIA DR,Frisco,75035,10700 ALVIRIA DR | 75035,School and City,School or city facility,Institutional,PROSPER ISD,2,2,0,2025-11-17,2026-05-18,0,0,0.0,1,0,0,0,0,https://inspections.myhealthdepartment.com/frisco/permit/?permitID=2B03583C-9D50-43DB-8E82-3514DCCC5E3E
A91641AE-5628-4B5A-B131-4AB4B91825AC,JAKE'S HAMBURGERS,6195 MAIN ST,Frisco,75034,6195 MAIN ST | 75034,Food Establishment II,Food establishment,American,FLAT TOP ROAD LLC,2,2,0,2025-12-18,2026-06-08,1,3,2.0,4,3,0,0,0,https://inspections.myhealthdepartment.com/frisco/permit/?permitID=A91641AE-5628-4B5A-B131-4AB4B91825AC
E702497F-0EBF-4E24-8A56-3D37D5586A5C,JAM + TOAST,12255 UNIVERSITY DR 100,Frisco,75035,12255 UNIVERSITY DR 100 | 75035,Food Establishment II,Food establishment,Cafe,Zife Kerimi,3,3,0,2025-08-26,2026-06-16,3,3,1.0,3,2,0,0,0,https://inspections.myhealthdepartment.com/frisco/permit/?permitID=E702497F-0EBF-4E24-8A56-3D37D5586A5C
C102E6DF-6CAE-40B5-B092-FEA0C201B4DF,JAM + TOAST ,12255 UNIVERSITY DR 100,Frisco,75035,12255 UNIVERSITY DR 100 | 75035,Food Establishment II,Food establishment,,Julie Byun,1,1,0,2026-07-22,2026-07-22,19,19,19.0,13,11,3,0,0,https://inspections.myhealthdepartment.com/frisco/permit/?permitID=C102E6DF-6CAE-40B5-B092-FEA0C201B4DF
189EBC2A-BBB6-4D88-A41F-0279BFACA835,JASON'S DELI,8520 STATE HWY 121,Frisco,75034,8520 STATE HWY 121 | 75034,Food Establishment II,Food establishment,Deli,DELI MANAGEMENT INC.,3,3,0,2025-07-10,2026-03-19,0,0,0.0,0,0,0,0,0,https://inspections.myhealthdepartment.com/frisco/permit/?permitID=189EBC2A-BBB6-4D88-A41F-0279BFACA835
E4207C97-F318-4AD8-9FA8-7856032C4080,JASON'S DELI,5845 ELDORADO PKWY,Frisco,75033,5845 ELDORADO PKWY | 75033,Food Establishment II,Food establishment,Deli,JASON'S DELI,4,4,0,2025-08-13,2026-09-09,21,21,5.75,14,11,6,0,0,https://inspections.myhealthdepartment.com/frisco/permit/?permitID=E4207C97-F318-4AD8-9FA8-7856032C4080
C14BC6DC-4CBC-4991-96EB-E2EBE48A5341,JASON'S DELI,16100 STATE HIGHWAY 121 E,Frisco,,16100 STATE HIGHWAY 121 E | ,Food Establishment II,Food establishment,Deli,QUYEN THAI,3,3,0,2025-08-18,2026-04-10,1,1,0.67,3,2,0,0,0,https://inspections.myhealthdepartment.com/frisco/permit/?permitID=C14BC6DC-4CBC-4991-96EB-E2EBE48A5341
E80EB626-A5A9-4DF6-9983-D20010F4AC74,JEEVES VENDING ,6101 FRISCO SQUARE BLVD,Frisco,75034,6101 FRISCO SQUARE BLVD | 75034,School and City,School or city facility,Convenience,BRIDGET AND GARY STRYDER,1,1,0,2026-05-29,2026-05-29,3,3,3.0,2,2,0,0,0,https://inspections.myhealthdepartment.com/frisco/permit/?permitID=E80EB626-A5A9-4DF6-9983-D20010F4AC74
093CAF46-EFBE-4644-B5D7-13B3183183F6,JEJU ISLAND KOREAN BBQ HOT POT SUSHI ,9506 State Highway 121,Frisco,75035,9506 STATE HIGHWAY 121 | 75035,Food Establishment II,Food establishment,Korean,JIANFENG LIU,2,2,0,2025-11-18,2026-03-16,8,8,8.0,10,8,2,0,0,https://inspections.myhealthdepartment.com/frisco/permit/?permitID=093CAF46-EFBE-4644-B5D7-13B3183183F6
F7639861-52D5-4441-859A-8882FB66C750,JENNY'S DONUTS,4112 LEGACY DR 324,Frisco,75034,4112 LEGACY DR 324 | 75034,Food Establishment II,Food establishment,Bakery,MI SHIM,3,3,0,2025-07-14,2026-09-04,1,4,2.0,5,4,1,0,0,https://inspections.myhealthdepartment.com/frisco/permit/?permitID=F7639861-52D5-4441-859A-8882FB66C750
5C445102-3DEA-4F92-BC84-493AF4813B90,JEREMIAH'S ITALIAN ICE,8555 FM 423,Frisco,75036,8555 FM 423 | 75036,Food Establishment II,Food establishment,Ice Cream,"BIG STAR FRISCO, LLC",2,2,0,2026-02-04,2026-09-15,6,6,3.0,9,4,0,0,0,https://inspections.myhealthdepartment.com/frisco/permit/?permitID=5C445102-3DEA-4F92-BC84-493AF4813B90
24BCD207-DDDB-4D2E-9C38-A49F0C5CAC3F,JERSEY MIKE'S SUBS,3555 LEGACY DR 130,Frisco,75034,3555 LEGACY DR 130 | 75034,Food Establishment II,Food establishment,Deli,STEVE ZEIGLER,2,2,0,2025-07-16,2026-02-02,2,2,1.5,4,2,0,0,1,https://inspections.myhealthdepartment.com/frisco/permit/?permitID=24BCD207-DDDB-4D2E-9C38-A49F0C5CAC3F
B7034A0E-9FCC-468E-9D07-8D6BDEDC9899,JERSEY MIKE'S SUBS,7410 PRESTON RD 129,Frisco,75034,7410 PRESTON RD 129 | 75034,Food Establishment II,Food establishment,Deli,Zigzsubz LLC,1,1,0,2025-09-09,2025-09-09,0,0,0.0,0,0,0,0,0,https://inspections.myhealthdepartment.com/frisco/permit/?permitID=B7034A0E-9FCC-468E-9D07-8D6BDEDC9899
4EFDF20D-8B85-4969-BBA2-4B92BF15BD0C,JERSEY MIKE'S SUBS,8161 FM 423 200,Frisco,75036,8161 FM 423 200 | 75036,Food Establishment II,Food establishment,Deli,VSC DIVE LLC,2,2,0,2025-10-14,2026-05-12,2,4,3.0,5,4,0,2,0,https://inspections.myhealthdepartment.com/frisco/permit/?permitID=4EFDF20D-8B85-4969-BBA2-4B92BF15BD0C
F430E83F-93EE-4A8A-81B1-1F10C5520250,JERSEY MIKE'S SUBS,5110 ELDORADO PKWY 450,Frisco,,5110 ELDORADO PKWY 450 | ,Food Establishment II,Food establishment,Deli,Zigzsubz LLC,1,1,0,2025-11-12,2025-11-12,2,2,2.0,3,2,0,0,0,https://inspections.myhealthdepartment.com/frisco/permit/?permitID=F430E83F-93EE-4A8A-81B1-1F10C5520250
8DB79125-C636-4F37-A9B3-C7C163D396B5,JERSEY MIKE'S SUBS,15962 ELDORADO PKWY 300,Frisco,75034,15962 ELDORADO PKWY 300 | 75034,Food Establishment II,Food establishment,Deli,STEVE ZEIGLER,1,1,0,2026-02-10,2026-02-10,4,4,4.0,3,2,0,0,0,https://inspections.myhealthdepartment.com/frisco/permit/?permitID=8DB79125-C636-4F37-A9B3-C7C163D396B5
FC481EC3-0102-4A17-AD08-24573FAF82B8,JERSEY MIKE'S SUBS,7410 PRESTON RD 129,Frisco,75034,7410 PRESTON RD 129 | 75034,Food Establishment II,Food establishment,Deli,"JMWT, LLC",1,1,0,2026-03-13,2026-03-13,0,0,0.0,1,0,0,0,0,https://inspections.myhealthdepartment.com/frisco/permit/?permitID=FC481EC3-0102-4A17-AD08-24573FAF82B8
75E1C4F3-B586-4772-BA7B-B3D7B5D83215,JERSEY MIKE'S SUBS ,15962 ELDORADO PKWY 300,Frisco,75034,15962 ELDORADO PKWY 300 | 75034,Food Establishment II,Food establishment,Deli,"JMWT, LLC",2,2,0,2026-03-12,2026-08-12,7,8,7.5,8,6,3,0,0,https://inspections.myhealthdepartment.com/frisco/permit/?permitID=75E1C4F3-B586-4772-BA7B-B3D7B5D83215
D82F5DDB-4C22-4647-9425-5EC9FD0E68EB,JERSEY MIKE'S SUBS ,3555 LEGACY DR 130,Frisco,75034,3555 LEGACY DR 130 | 75034,Food Establishment II,Food establishment,Deli,"JMWT, LLC",2,2,0,2026-03-13,2026-08-25,1,1,0.5,1,1,0,0,0,https://inspections.myhealthdepartment.com/frisco/permit/?permitID=D82F5DDB-4C22-4647-9425-5EC9FD0E68EB
E3EE7FC5-97E7-4AFB-A7C1-91E50CED7474,JERSEY MIKE'S SUBS ,5110 ELDORADO PKWY 450,Frisco,,5110 ELDORADO PKWY 450 | ,Food Establishment II,Food establishment,Sandwiches,"JMWT, LLC",1,1,0,2026-03-30,2026-03-30,2,2,2.0,1,1,0,0,0,https://inspections.myhealthdepartment.com/frisco/permit/?permitID=E3EE7FC5-97E7-4AFB-A7C1-91E50CED7474
91F7AE7F-8F7A-4B1C-980C-470FD9BE5736,JETS PIZZA,7151 PRESTON RD 201B,Frisco,75034,7151 PRESTON RD 201B | 75034,Food Establishment II,Food establishment,Pizza,JETPAC TEXAS 5 LLC,2,2,0,2025-12-02,2026-05-21,0,3,1.5,6,1,1,0,0,https://inspections.myhealthdepartment.com/frisco/permit/?permitID=91F7AE7F-8F7A-4B1C-980C-470FD9BE5736
547CAE10-60DB-49BC-8F26-19DC84A97D28,JFE SUSHI,7500 PRESTON RD,Frisco,75034,7500 PRESTON RD | 75034,Food Establishment III,Food establishment,Japanese,JFE FRANCHISING INC,3,3,0,2025-10-06,2026-07-08,0,0,0.0,1,0,0,0,0,https://inspections.myhealthdepartment.com/frisco/permit/?permitID=547CAE10-60DB-49BC-8F26-19DC84A97D28
4E6826AB-7F6D-4440-BE82-4239580D260C,JIMMY JOHN'S,1930 PARKWOOD BLVD #100,Frisco,75034,1930 PARKWOOD BLVD 100 | 75034,Food Establishment II,Food establishment,Deli,PREMIUM LOAVES III,3,3,0,2025-10-06,2026-05-14,2,2,0.67,5,1,0,0,0,https://inspections.myhealthdepartment.com/frisco/permit/?permitID=4E6826AB-7F6D-4440-BE82-4239580D260C
B16320E0-057B-49F2-BAB3-2AA315B03343,JIMMY JOHN'S,8244 FM 423,Frisco,75036,8244 FM 423 | 75036,Food Establishment II,Food establishment,Deli,"YIMMY YOHNS NTX, LLC",2,2,0,2025-12-02,2026-07-21,0,0,0.0,1,0,0,0,0,https://inspections.myhealthdepartment.com/frisco/permit/?permitID=B16320E0-057B-49F2-BAB3-2AA315B03343
3766B433-A308-4243-9D87-147B00EF7C47,JINBEH RESTAURANT,2693 PRESTON RD #1040,Frisco,75034,2693 PRESTON RD 1040 | 75034,Food Establishment III,Food establishment,Japanese,BEN MATSUDA,4,4,0,2025-07-09,2026-05-08,4,22,9.5,25,22,8,2,0,https://inspections.myhealthdepartment.com/frisco/permit/?permitID=3766B433-A308-4243-9D87-147B00EF7C47
7B0C8985-E8FA-45C0-AFEC-81B0F9B79EFE,JOHN'S DONUTS,7447 HILLCREST RD 102,Frisco,75035,7447 HILLCREST RD 102 | 75035,Food Establishment II,Food establishment,Coffee House & Cafe,YOON SOOK YI,3,3,0,2025-08-08,2026-09-02,5,5,2.67,9,7,0,0,0,https://inspections.myhealthdepartment.com/frisco/permit/?permitID=7B0C8985-E8FA-45C0-AFEC-81B0F9B79EFE
F4AEF7E7-2992-4E40-9C30-F0D098067F61,JONES MIDDLE SCHOOL-KITCHEN,12201 PRESTWICK HOLLOW DR,Frisco,75035,12201 PRESTWICK HOLLOW DR | 75035,School and City,School or city facility,Institutional,PROSPER ISD,2,2,0,2025-11-12,2026-05-15,0,0,0.0,1,0,0,0,0,https://inspections.myhealthdepartment.com/frisco/permit/?permitID=F4AEF7E7-2992-4E40-9C30-F0D098067F61
0A32560E-3BAA-43C2-A761-0D80304F494C,JONES MS FOOTBALL FIELD-CONCESSIONS,12201 PRESTWICK HOLLOW DR,Frisco,75035,12201 PRESTWICK HOLLOW DR | 75035,School and City,School or city facility,Institutional,PROSPER ISD,2,2,0,2025-11-12,2026-05-15,0,0,0.0,1,0,0,0,0,https://inspections.myhealthdepartment.com/frisco/permit/?permitID=0A32560E-3BAA-43C2-A761-0D80304F494C
CF3824FF-ADE6-4D15-9D19-04E456219A6B,JONES MS GYM-CONCESSIONS,12201 PRESTWICK HOLLOW DR,Frisco,75035,12201 PRESTWICK HOLLOW DR | 75035,School and City,School or city facility,Institutional,PROSPER ISD,2,2,0,2025-11-12,2026-05-15,0,0,0.0,2,0,0,0,0,https://inspections.myhealthdepartment.com/frisco/permit/?permitID=CF3824FF-ADE6-4D15-9D19-04E456219A6B
4AC054F8-774D-402E-BFC9-6F4CBA0271B5,JURASSIC CANTEEN ,5 Universal Pkwy,Frisco,75033,5 UNIVERSAL PKWY | 75033,Food Establishment II,Food establishment,American,NBC Universal LLC,1,1,0,2026-07-15,2026-07-15,0,0,0.0,1,0,0,0,0,https://inspections.myhealthdepartment.com/frisco/permit/?permitID=4AC054F8-774D-402E-BFC9-6F4CBA0271B5
252DA698-7353-41D4-936B-855D93488463,Jeff's Vegan,3580 PRESTON RD,Frisco,75034,3580 PRESTON RD | 75034,Food Establishment II,Food establishment,Vegetarian,Yanbin Shi,4,4,0,2025-06-25,2026-06-25,8,8,2.25,5,5,1,1,0,https://inspections.myhealthdepartment.com/frisco/permit/?permitID=252DA698-7353-41D4-936B-855D93488463
71B0E980-EBAA-4523-B0C1-C64BCE97EC61,Jersey Mikes Sub's,12025 UNIVERSITY DR 204,Frisco,75035,12025 UNIVERSITY DR 204 | 75035,Food Establishment II,Food establishment,Deli,Ramein Gerami,3,3,0,2025-07-17,2026-07-10,5,9,4.67,14,11,0,1,1,https://inspections.myhealthdepartment.com/frisco/permit/?permitID=71B0E980-EBAA-4523-B0C1-C64BCE97EC61
EB8F78D8-30CB-4539-9F94-970E96D99B5C,Jonny's Pizza New York Style,13225 DALLAS PKWY 100,Frisco,75033,13225 DALLAS PKWY 100 | 75033,Food Establishment II,Food establishment,Pizza,"MLM PIZZAERIA HOLDINGS, LLC",3,3,0,2025-11-03,2026-09-01,6,6,2.67,6,4,1,0,0,https://inspections.myhealthdepartment.com/frisco/permit/?permitID=EB8F78D8-30CB-4539-9F94-970E96D99B5C
78EF1176-267C-4DDE-BB4C-D69FF70B07FF,K & K AFRICAN MARKET,307 MAIN ST 210,Frisco,75036,307 MAIN ST 210 | 75036,Grocery Store I,Grocery,Convenience,K & K AFRICAN MARKET LLC,2,2,0,2025-10-23,2026-06-22,8,26,17.0,22,22,6,1,0,https://inspections.myhealthdepartment.com/frisco/permit/?permitID=78EF1176-267C-4DDE-BB4C-D69FF70B07FF
9C794130-4EA2-4DF0-B5A9-86BDA80F48E5,K-DOGS KIOSK (#5610),2601 PRESTON RD 5508,Frisco,75034,2601 PRESTON RD 5508 | 75034,Food Establishment II,Food establishment,Korean,K-DOGS,2,2,0,2025-08-15,2026-02-20,9,9,4.5,6,6,0,0,1,https://inspections.myhealthdepartment.com/frisco/permit/?permitID=9C794130-4EA2-4DF0-B5A9-86BDA80F48E5
BBCA23FA-1DF8-41EA-94BC-5E405F3CD53E,K-POP RAMEN,4112 LEGACY DR 330,Frisco,75034,4112 LEGACY DR 330 | 75034,Food Establishment II,Food establishment,Japanese,Joseph Edwards,3,3,0,2025-08-21,2026-06-11,11,11,6.0,8,8,4,0,0,https://inspections.myhealthdepartment.com/frisco/permit/?permitID=BBCA23FA-1DF8-41EA-94BC-5E405F3CD53E
DAFD5793-AB70-47F8-86C1-08C2B660BCB2,KAILASH PARBAT,8990 COIT RD 100,Frisco,75035,8990 COIT RD 100 | 75035,Food Establishment III,Food establishment,Indian,Mohamed Sathak,2,2,0,2025-12-17,2026-07-08,11,11,11.0,15,14,2,1,0,https://inspections.myhealthdepartment.com/frisco/permit/?permitID=DAFD5793-AB70-47F8-86C1-08C2B660BCB2
3A0EE348-D2C2-491A-8115-4003D4AE7DA5,KAME SUSHI RESTRARANT,5251 PANTHER CREEK PKWY #400,Frisco,75033,5251 PANTHER CREEK PKWY 400 | 75033,Food Establishment III,Food establishment,Japanese,JUN WON YEOM,1,1,0,2026-05-29,2026-05-29,9,9,9.0,8,6,1,0,0,https://inspections.myhealthdepartment.com/frisco/permit/?permitID=3A0EE348-D2C2-491A-8115-4003D4AE7DA5
891F4474-1EC0-4F50-AA65-E6427D6558F7,KARAHI BOYS,3401 Preston Rd,Frisco,75034,3401 PRESTON RD | 75034,Food Establishment II,Food establishment,Indian,Karahi Boys,2,2,0,2025-09-24,2026-03-04,7,7,3.5,5,4,0,0,0,https://inspections.myhealthdepartment.com/frisco/permit/?permitID=891F4474-1EC0-4F50-AA65-E6427D6558F7
D049B0F7-FF72-4182-AD87-943975D6A57B,KARMIC GROUNDS,3033 OHIO DR 100,Frisco,75035,3033 OHIO DR 100 | 75035,Food Establishment II,Food establishment,Coffee House & Cafe,Rendezvous Inc.,3,3,0,2025-08-04,2026-05-22,8,8,5.33,11,7,3,0,0,https://inspections.myhealthdepartment.com/frisco/permit/?permitID=D049B0F7-FF72-4182-AD87-943975D6A57B
C9CEED4A-B83D-4FC0-9719-7774B58D8F95,KAVA CULTURE BAR - FRISCO,7511 Main St #250,Frisco,75034,7511 MAIN ST 250 | 75034,Food Establishment II,Food establishment,Juice Bar,R&R Hass LLC,1,1,0,2026-02-04,2026-02-04,0,0,0.0,0,0,0,0,0,https://inspections.myhealthdepartment.com/frisco/permit/?permitID=C9CEED4A-B83D-4FC0-9719-7774B58D8F95
877AE676-F315-4DFE-B0CC-03DBDDEE5A1E,KEBAB & MOMO,8811 TEEL PKWY 170,Frisco,75036,8811 TEEL PKWY 170 | 75036,Food Establishment II,Food establishment,Mediterranean,KEBAB AND MOMO LLC,2,2,0,2025-08-13,2025-12-19,11,12,11.5,16,13,4,4,0,https://inspections.myhealthdepartment.com/frisco/permit/?permitID=877AE676-F315-4DFE-B0CC-03DBDDEE5A1E
A6CBA75B-C13C-4EDA-AA35-5ABC6115B168,KELLY'S CAJUN GRILL,2601 PRESTON RD 2050,Frisco,75034,2601 PRESTON RD 2050 | 75034,Food Establishment II,Food establishment,Cajun,JIANG STONEBRIAR INC,3,3,0,2025-09-23,2026-08-17,4,8,5.33,8,7,4,0,0,https://inspections.myhealthdepartment.com/frisco/permit/?permitID=A6CBA75B-C13C-4EDA-AA35-5ABC6115B168
8962124C-CC67-423D-BDD7-40DB8043728E,KELLY'S CRAFT TAVERN,3191 PRESTON RD,Frisco,75034,3191 PRESTON RD | 75034,Food Establishment II,Food establishment,American,CHRIS CARRIE,3,3,0,2025-09-15,2026-08-25,11,11,6.0,18,14,1,0,0,https://inspections.myhealthdepartment.com/frisco/permit/?permitID=8962124C-CC67-423D-BDD7-40DB8043728E
F5FB6233-06CB-49BA-8FB2-6F4885F2D970,KENNY'S BURGER JOINT,1377 LEGACY DR STE 120,Frisco,75034,1377 LEGACY DR 120 | 75034,Food Establishment II,Food establishment,American,"BOWERS & STEGALL RESTAURNATS,",3,3,0,2025-10-02,2026-09-18,2,3,1.67,8,4,0,0,0,https://inspections.myhealthdepartment.com/frisco/permit/?permitID=F5FB6233-06CB-49BA-8FB2-6F4885F2D970
39932D6F-616C-441C-B613-DB28701E66AD,KESAR CREAMERY,12025 UNIVERSITY DR 200,Frisco,75035,12025 UNIVERSITY DR 200 | 75035,Food Establishment II,Food establishment,Ice Cream,Jai Krsna LLC,2,2,0,2025-08-11,2026-02-11,2,2,1.0,1,1,0,0,0,https://inspections.myhealthdepartment.com/frisco/permit/?permitID=39932D6F-616C-441C-B613-DB28701E66AD
0CD7D8CF-5178-4DF7-B6C7-772D4C6B5896,KEURIG DR PEPPER COFFEE BAR,6425 HALL OF FAME LN,Frisco,75034,6425 HALL OF FAME LN | 75034,Food Establishment II,Food establishment,Coffee House & Cafe,ARA KEURING DR PEPPER,3,3,0,2025-10-15,2026-08-24,0,0,0.0,3,0,0,0,0,https://inspections.myhealthdepartment.com/frisco/permit/?permitID=0CD7D8CF-5178-4DF7-B6C7-772D4C6B5896
9FE52B75-481B-4F8F-B562-32C9A165928A,KEURING DR PEPPER CAFETERIA,6425 HALL OF FAME LN,Frisco,75034,6425 HALL OF FAME LN | 75034,Food Establishment II,Food establishment,Cafe,ARA KEURIG DR PEPPER,3,3,0,2025-10-15,2026-08-24,9,9,3.67,11,6,2,0,0,https://inspections.myhealthdepartment.com/frisco/permit/?permitID=9FE52B75-481B-4F8F-B562-32C9A165928A
5EDFA56D-8118-481D-9537-50E7787C9E1B,KFC Y351053,7560 PRESTON RD,Frisco,75034,7560 PRESTON RD | 75034,Food Establishment II,Food establishment,Fast Food,KFC CORPORATION,2,2,0,2025-12-04,2026-06-05,3,6,4.5,9,7,0,0,0,https://inspections.myhealthdepartment.com/frisco/permit/?permitID=5EDFA56D-8118-481D-9537-50E7787C9E1B
60FCA208-A8D0-44A7-B7C7-4D04D8868904,KIDDIE ACADEMY OF EAST FRISCO,7361 COIT RD,Frisco,75035,7361 COIT RD | 75035,DAYC,Child care,Institutional,RICHA CHOWDHARY,5,5,0,2025-06-27,2026-09-03,5,5,1.2,3,3,1,0,0,https://inspections.myhealthdepartment.com/frisco/permit/?permitID=60FCA208-A8D0-44A7-B7C7-4D04D8868904
068F52A0-BB4B-4147-88BA-F5307719FC5E,KIDS R KIDS DAYCARE,9155 PRESTON VINEYARD DR,Frisco,75035,9155 PRESTON VINEYARD DR | 75035,DAYC,Child care,Institutional,MATTHEW CLOUTIER,4,4,0,2025-07-24,2026-07-01,0,0,0.0,0,0,0,0,0,https://inspections.myhealthdepartment.com/frisco/permit/?permitID=068F52A0-BB4B-4147-88BA-F5307719FC5E
6EEDF33C-DFC1-4ACA-BBD5-1B1FBF4646B4,KIDS R KIDS LEARNING ACADEMY OF WEST FRISCO,2660 MAIN ST,Frisco,75033,2660 MAIN ST | 75033,DAYC,Child care,Institutional,Chithra Kannan,5,5,0,2025-08-07,2026-09-14,0,0,0.0,0,0,0,0,0,https://inspections.myhealthdepartment.com/frisco/permit/?permitID=6EEDF33C-DFC1-4ACA-BBD5-1B1FBF4646B4
7828D6FF-28D1-4E23-BB1E-22AD822B1124,KIDS USA MONTESSORI,9421 WESTRIDGE BLVD,Frisco,75035,9421 WESTRIDGE BLVD | 75035,DAYC,Child care,Institutional,Kids USA Learning Center,4,4,0,2025-08-13,2026-07-20,4,4,2.75,11,5,1,0,0,https://inspections.myhealthdepartment.com/frisco/permit/?permitID=7828D6FF-28D1-4E23-BB1E-22AD822B1124
5F6EEA70-57FC-4650-9FB0-E10B0C19BB7C,KIDZANIA (BAKERY & AVOCADO'S),2601 PRESTON RD 3011,Frisco,75034,2601 PRESTON RD 3011 | 75034,Food Establishment II,Food establishment,Mexican,"EDUCITY PARK FRISCO, LLC",2,2,0,2025-11-21,2026-04-10,0,0,0.0,1,0,0,0,0,https://inspections.myhealthdepartment.com/frisco/permit/?permitID=5F6EEA70-57FC-4650-9FB0-E10B0C19BB7C
27459FB5-7614-43CE-A866-09AB109F4568,KIDZANIA (COMMISSARY),2601 PRESTON RD 3011,Frisco,75034,2601 PRESTON RD 3011 | 75034,Food Establishment II,Food establishment,Institutional,"EDUCITY PARK FRISCO, LLC",2,2,0,2025-11-21,2026-04-10,0,0,0.0,0,0,0,0,0,https://inspections.myhealthdepartment.com/frisco/permit/?permitID=27459FB5-7614-43CE-A866-09AB109F4568
319795FC-01D3-42AC-9168-C28A8CCD1C0A,KIDZANIA (HAPPY TACO AND YOGURT),2601 PRESTON RD 3011,Frisco,75034,2601 PRESTON RD 3011 | 75034,Food Establishment II,Food establishment,Cafe,"EDUCITY PARK FRISCO, LLC",2,2,0,2025-11-21,2026-04-10,1,5,3.0,4,3,1,0,0,https://inspections.myhealthdepartment.com/frisco/permit/?permitID=319795FC-01D3-42AC-9168-C28A8CCD1C0A
3722DF82-89ED-460A-A22A-4A91CD9B426E,KIDZANIA (PIE FIVE RESTAURANT),2601 PRESTON RD 3011,Frisco,75034,2601 PRESTON RD 3011 | 75034,Food Establishment II,Food establishment,Pizza,"EDUCITY PARK FRISCO, LLC",2,2,0,2025-11-21,2026-04-10,4,4,3.0,3,3,1,0,0,https://inspections.myhealthdepartment.com/frisco/permit/?permitID=3722DF82-89ED-460A-A22A-4A91CD9B426E
3E5109D8-50FD-4250-BA0A-F6FB8827AE28,KIM'S DAYLIGHT DONUTS,5570 FM 423 300,Frisco,75036,5570 FM 423 300 | 75036,Food Establishment II,Food establishment,Bakery,Jin Kim,3,3,0,2025-07-01,2026-09-08,0,2,1.0,4,3,0,0,0,https://inspections.myhealthdepartment.com/frisco/permit/?permitID=3E5109D8-50FD-4250-BA0A-F6FB8827AE28
DD015FEC-E085-49C4-971B-D0F8C8DD1D0B,KINDERCARE FRISCO,11880 LEGACY DR,Frisco,,11880 LEGACY DR | ,DAYC,Child care,Institutional,KINDERCARE EDUCATION LLC,4,4,0,2025-07-09,2026-06-23,0,0,0.0,1,0,0,0,0,https://inspections.myhealthdepartment.com/frisco/permit/?permitID=DD015FEC-E085-49C4-971B-D0F8C8DD1D0B
06EC2980-3106-47D8-BDBB-03F74143D2C9,KING & CARDINAL,14550 STATE HWY 121 160,Frisco,75035,14550 STATE HWY 121 160 | 75035,Food Establishment II,Food establishment,Bakery,SWADEEP THOTA,1,1,0,2026-03-05,2026-03-05,17,17,17.0,11,10,2,0,1,https://inspections.myhealthdepartment.com/frisco/permit/?permitID=06EC2980-3106-47D8-BDBB-03F74143D2C9
D492625D-4317-4FE4-90C4-9C132C69CAF3,KINGDOM LIFE,12330 ROLATER RD,Frisco,75035,12330 ROLATER RD | 75035,Food Establishment I,Food establishment,Institutional,"KINGDOM LIFE INTERNATIONAL, INC",2,2,0,2025-07-07,2026-09-04,5,5,2.5,3,2,1,0,0,https://inspections.myhealthdepartment.com/frisco/permit/?permitID=D492625D-4317-4FE4-90C4-9C132C69CAF3
FBE19F3A-E1BD-4226-8FF5-21191D086081,KITCHEN MASTER,9285 PRESTON RD,Frisco,75033,9285 PRESTON RD | 75033,Food Establishment II,Food establishment,Chinese,BIONEW BISTRO LLC,3,3,0,2025-08-22,2026-04-30,5,23,11.33,25,24,6,1,1,https://inspections.myhealthdepartment.com/frisco/permit/?permitID=FBE19F3A-E1BD-4226-8FF5-21191D086081
3057B857-A41A-4859-98CA-C976647FBB89,KOLACHE FACTORY,5995 PRESTON RD 105,Frisco,75034,5995 PRESTON RD 105 | 75034,Food Establishment II,Food establishment,Bakery,SANGMIN KANG,2,2,0,2025-09-09,2026-04-08,0,3,1.5,3,2,0,0,0,https://inspections.myhealthdepartment.com/frisco/permit/?permitID=3057B857-A41A-4859-98CA-C976647FBB89
A646F05B-8D2D-4110-B600-B3C286442285,KOLACHE HEAVEN,3333 PRESTON RD 102,Frisco,75034,3333 PRESTON RD 102 | 75034,Food Establishment II,Food establishment,Bakery,DUANE MEFFERD- NEVER TOO MUCH,2,2,0,2025-08-15,2026-02-27,0,0,0.0,0,0,0,0,0,https://inspections.myhealthdepartment.com/frisco/permit/?permitID=A646F05B-8D2D-4110-B600-B3C286442285
37A79373-8776-47B0-B746-8164B944FAEA,KONA COFFEE FRISCO LLC ,6363 DALLAS PKWY 201,Frisco,,6363 DALLAS PKWY 201 | ,Food Establishment II,Food establishment,Coffee House & Cafe,MANTHAN PATEL,2,2,0,2025-10-03,2026-06-22,6,6,3.0,6,3,1,0,0,https://inspections.myhealthdepartment.com/frisco/permit/?permitID=37A79373-8776-47B0-B746-8164B944FAEA
15F19344-55A9-4737-8949-31072995CCFA,KOTO HIBACHI AND SUSHI,5995 PRESTON RD 103,Frisco,75034,5995 PRESTON RD 103 | 75034,Food Establishment III,Food establishment,Asian,Jun chow,3,3,0,2025-08-14,2026-09-15,0,6,2.67,10,4,2,0,0,https://inspections.myhealthdepartment.com/frisco/permit/?permitID=15F19344-55A9-4737-8949-31072995CCFA
583E396F-BD6B-41AB-8E98-29B03087AB94,KOTTA SUSHI LOUNGE,6959 LEBANON RD 108,Frisco,75034,6959 LEBANON RD 108 | 75034,Food Establishment III,Food establishment,Asian,Kenneth Kim,3,3,0,2025-10-14,2026-09-17,19,19,10.33,22,20,5,0,0,https://inspections.myhealthdepartment.com/frisco/permit/?permitID=583E396F-BD6B-41AB-8E98-29B03087AB94
4CADCE79-90EC-4F60-AE70-75E8158D6D75,KRISPY KREME,8815 PRESTON RD,Frisco,75034,8815 PRESTON RD | 75034,Food Establishment II,Food establishment,Bakery,KRISPY KREME DOUGHNUT,2,2,0,2025-12-10,2026-07-13,3,3,3.0,6,5,0,0,0,https://inspections.myhealthdepartment.com/frisco/permit/?permitID=4CADCE79-90EC-4F60-AE70-75E8158D6D75
E7B49276-8953-4DF5-A105-76429F003EE8,KROGER,4851 LEGACY DR,Frisco,75034,4851 LEGACY DR | 75034,Grocery Store III,Grocery,Grocery,KROGER TEXAS LP,3,3,0,2025-10-08,2026-08-24,12,12,4.33,15,12,2,1,0,https://inspections.myhealthdepartment.com/frisco/permit/?permitID=E7B49276-8953-4DF5-A105-76429F003EE8
26F94D03-AA73-44E8-9220-FDDE6EE2B83B,KROGER #547,3205 MAIN ST,Frisco,75034-4403,3205 MAIN ST | 75034,Grocery Store III,Grocery,Grocery,KROGER TEXAS LP,3,3,0,2025-10-09,2026-06-09,2,2,0.67,3,2,0,0,0,https://inspections.myhealthdepartment.com/frisco/permit/?permitID=26F94D03-AA73-44E8-9220-FDDE6EE2B83B
EA0E2A21-2782-430B-8B0D-FDE2D9CF3134,KROGER #560,7500 PRESTON RD,Frisco,75035,7500 PRESTON RD | 75035,Grocery Store III,Grocery,Grocery,KROGER TEXAS LP,3,3,0,2025-10-06,2026-07-08,5,5,2.0,8,3,1,0,0,https://inspections.myhealthdepartment.com/frisco/permit/?permitID=EA0E2A21-2782-430B-8B0D-FDE2D9CF3134
5FA09CAA-3DD5-410A-B958-310F23BE277B,KROGER GROCERY STORE,12221 CUSTER RD,Frisco,75035,12221 CUSTER RD | 75035,Grocery Store III,Grocery,Grocery,KROGER TEXAS LP,3,3,0,2025-09-04,2026-07-01,2,5,4.0,6,5,2,0,0,https://inspections.myhealthdepartment.com/frisco/permit/?permitID=5FA09CAA-3DD5-410A-B958-310F23BE277B
FF387558-345A-4392-8FCE-0F5F8F8C21BC,KUMARS ,2330 PRESTON RD,Frisco,75034,2330 PRESTON RD | 75034,Food Establishment II,Food establishment,Indian,RAJALAKSHMI VEDACHALAM,1,1,0,2026-02-03,2026-02-03,7,7,7.0,4,3,2,0,0,https://inspections.myhealthdepartment.com/frisco/permit/?permitID=FF387558-345A-4392-8FCE-0F5F8F8C21BC
6306111A-43C8-4C27-9029-01999688F2C0,KUNG FU TEA,2601 PRESTON RD 5508,Frisco,75034,2601 PRESTON RD 5508 | 75034,Food Establishment II,Food establishment,Cafe,RIAZ IQBAL,3,3,0,2025-07-01,2026-09-02,6,6,3.33,10,7,2,0,0,https://inspections.myhealthdepartment.com/frisco/permit/?permitID=6306111A-43C8-4C27-9029-01999688F2C0
0E1D5B7D-A17E-4B0E-A58D-308957841BEE,KUNG FU TEA,9292 WARREN PKWY,Frisco,,9292 WARREN PKWY | ,Food Establishment II,Food establishment,Cafe,THE ELITE TEA CORPORATION,2,2,0,2025-12-17,2026-08-21,5,5,4.5,4,4,1,0,0,https://inspections.myhealthdepartment.com/frisco/permit/?permitID=0E1D5B7D-A17E-4B0E-A58D-308957841BEE
EE76E9C9-0364-46A3-B09C-0371F36D9C61,KURA REVOLVING SUSHI BAR,9292 WARREN PKWY 320,Frisco,,9292 WARREN PKWY 320 | ,Food Establishment III,Food establishment,Asian,KURA SUSHI USA,3,3,0,2025-10-08,2026-07-06,2,2,1.0,3,3,0,1,0,https://inspections.myhealthdepartment.com/frisco/permit/?permitID=EE76E9C9-0364-46A3-B09C-0371F36D9C61
86303394-0C90-497A-B42D-1E065E8392BD,KWALITY ICE CREAM FRISCO,13089 Main St 500,Frisco,75035,13089 MAIN ST 500 | 75035,Food Establishment II,Food establishment,Ice Cream,KWALITY DFW INC,3,3,0,2025-08-25,2026-09-01,15,15,11.0,23,19,5,4,0,https://inspections.myhealthdepartment.com/frisco/permit/?permitID=86303394-0C90-497A-B42D-1E065E8392BD
D18517BB-CA9D-4E93-9DB2-9B696AC23C2E,Kids R Kids Learning Academy of Legacy,5365 LEBANON RD,Frisco,75034,5365 LEBANON RD | 75034,DAYC,Child care,Institutional,Chithra Kannan,3,3,0,2025-10-02,2026-06-01,0,1,0.33,2,1,0,1,0,https://inspections.myhealthdepartment.com/frisco/permit/?permitID=D18517BB-CA9D-4E93-9DB2-9B696AC23C2E
0B2438E8-C800-4FC1-9623-F029245DFC14,Kids R Kids of Lawler Farm,7040 INDEPENDENCE PKWY,Frisco,75035,7040 INDEPENDENCE PKWY | 75035,DAYC,Child care,Institutional,Vijaykumar Selvaraj Elango,3,3,0,2025-09-05,2026-04-14,0,0,0.0,0,0,0,0,0,https://inspections.myhealthdepartment.com/frisco/permit/?permitID=0B2438E8-C800-4FC1-9623-F029245DFC14
4DBF4DE2-78C3-45F4-B9FB-715F1E723318,Kids USA Montessori of Frisco 2,8890 MEADOW HILL DR,Frisco,75033,8890 MEADOW HILL DR | 75033,DAYC,Child care,Institutional,Maryam Pourkohan,4,4,0,2025-08-19,2026-07-15,0,5,1.75,6,4,0,1,0,https://inspections.myhealthdepartment.com/frisco/permit/?permitID=4DBF4DE2-78C3-45F4-B9FB-715F1E723318
F508543D-C60B-4724-BA0D-ACCC46F76B2F,Kyuramen & Tbaar,9351 WARREN PKWY 111,Frisco,75035,9351 WARREN PKWY 111 | 75035,Food Establishment II,Food establishment,Japanese,JTWTB FRISCO INC,2,2,0,2025-09-17,2026-02-23,4,4,3.5,4,4,1,0,0,https://inspections.myhealthdepartment.com/frisco/permit/?permitID=F508543D-C60B-4724-BA0D-ACCC46F76B2F
05EA7397-F740-4B91-9F2A-511B3FAA20EF,LA FINCA COFFEE & BAKERY,7511 MAIN ST 150,Frisco,75034,7511 MAIN ST 150 | 75034,Food Establishment II,Food establishment,Coffee House & Cafe,LA FINCA COFFEE & BAKERY INC,2,2,0,2025-10-14,2026-04-16,9,9,7.0,7,6,3,0,0,https://inspections.myhealthdepartment.com/frisco/permit/?permitID=05EA7397-F740-4B91-9F2A-511B3FAA20EF
331F44CE-FCCB-4CC9-AECB-F6C0ED8E09DC,LA HACIENDA RANCH,4110 PRESTON RD,Frisco,75034,4110 PRESTON RD | 75034,Food Establishment II,Food establishment,Mexican,LA HACIENDA RANCH,3,3,0,2025-09-18,2026-09-24,12,12,10.33,21,17,6,2,0,https://inspections.myhealthdepartment.com/frisco/permit/?permitID=331F44CE-FCCB-4CC9-AECB-F6C0ED8E09DC
67C50CDC-264F-4668-85CA-19498F1760C6,LA MADELEINE,8008 STATE HIGHWAY 121 100,Frisco,75034,8008 STATE HIGHWAY 121 100 | 75034,Food Establishment II,Food establishment,French,"LA TASH II, LLC",3,3,0,2025-09-23,2026-07-14,10,10,4.67,13,10,1,3,0,https://inspections.myhealthdepartment.com/frisco/permit/?permitID=67C50CDC-264F-4668-85CA-19498F1760C6
863FD3BB-75CF-428F-9C40-5E2C4F6E4D6B,LA QUINTA FRISCO,9595 JOHN W ELLIOTT DR,Frisco,75033,9595 JOHN W ELLIOTT DR | 75033,Food Establishment II,Food establishment,Continental,York Frisco LLC,2,2,0,2025-08-06,2026-02-18,0,1,0.5,2,1,0,0,0,https://inspections.myhealthdepartment.com/frisco/permit/?permitID=863FD3BB-75CF-428F-9C40-5E2C4F6E4D6B
3AE5F92F-88FB-4B42-A785-BC5C465AFB1E,LA SUPREMA MARKET,6726 MAIN ST W 100,Frisco,,6726 MAIN ST W 100 | ,Grocery Store II,Grocery,Grocery,SAMAR BANNAT,3,3,0,2025-08-21,2026-06-23,6,9,5.0,10,8,3,3,0,https://inspections.myhealthdepartment.com/frisco/permit/?permitID=3AE5F92F-88FB-4B42-A785-BC5C465AFB1E
F56AF198-EF40-4663-94F1-DA12920035EB,LA UNICA TAQUERIA Y RESTAURANT,6942 PECAN ST,Frisco,75034,6942 PECAN ST | 75034,Food Establishment II,Food establishment,Mexican,ADAN & MORELIA OLIVAREZ,2,2,0,2025-10-06,2026-02-10,0,0,0.0,0,0,0,0,0,https://inspections.myhealthdepartment.com/frisco/permit/?permitID=F56AF198-EF40-4663-94F1-DA12920035EB
EB6E04D2-002C-492E-AA74-0C9FF5E47C89,LAB23 Kitchen @Infiniti Dealership,6100 STATE HIGHWAY 121,Frisco,75034,6100 STATE HIGHWAY 121 | 75034,Food Establishment II,Food establishment,Cafe,Aaron Thomas,1,1,0,2025-10-02,2025-10-02,4,4,4.0,4,2,0,0,0,https://inspections.myhealthdepartment.com/frisco/permit/?permitID=EB6E04D2-002C-492E-AA74-0C9FF5E47C89
C6428EBE-4267-4D56-909A-2D631C89576E,LADERACH CHOCOLATIER SUISSE,2601 PRESTON RD 1052,Frisco,75034,2601 PRESTON RD 1052 | 75034,Food Establishment II,Food establishment,Convenience,LADERACH USA,2,2,0,2025-11-21,2026-06-03,0,2,1.0,3,1,0,0,0,https://inspections.myhealthdepartment.com/frisco/permit/?permitID=C6428EBE-4267-4D56-909A-2D631C89576E
A135616E-5916-4CCF-9A97-FF374CE37D7A,LAHORI KABAB,8200 STONEBROOK PKWY 110,Frisco,75034,8200 STONEBROOK PKWY 110 | 75034,Food Establishment II,Food establishment,Middle Eastern,unity f&b llc,2,2,0,2025-08-01,2026-06-01,9,15,12.0,15,13,3,0,0,https://inspections.myhealthdepartment.com/frisco/permit/?permitID=A135616E-5916-4CCF-9A97-FF374CE37D7A
B1C0E22B-722A-444E-A434-A7A7AB3B715E,LAURA ELLISON CHILD DEVELOPMENT CENTER,7075 HICKORY ST,Frisco,75034,7075 HICKORY ST | 75034,School and City,School or city facility,Institutional,FRISCO ISD,2,2,0,2025-08-20,2026-03-03,0,0,0.0,1,0,0,0,0,https://inspections.myhealthdepartment.com/frisco/permit/?permitID=B1C0E22B-722A-444E-A434-A7A7AB3B715E
755086E7-8447-4775-AD16-2EE533C4FBC7,LAWLER MIDDLE SCHOOL,12921 ROLATER RD,Frisco,75035,12921 ROLATER RD | 75035,School and City,School or city facility,Institutional,FRISCO ISD,2,2,0,2025-08-28,2026-04-16,0,0,0.0,0,0,0,0,0,https://inspections.myhealthdepartment.com/frisco/permit/?permitID=755086E7-8447-4775-AD16-2EE533C4FBC7
C93B2B30-720C-4E0F-A469-C43ADFF80E0A,LAWLER MIDDLE SCHOOL CONCESSION,6950 STADIUM LN,Frisco,75033,6950 STADIUM LN | 75033,School and City,School or city facility,Institutional,FISD,2,2,0,2025-08-28,2026-04-16,0,0,0.0,1,0,0,0,0,https://inspections.myhealthdepartment.com/frisco/permit/?permitID=C93B2B30-720C-4E0F-A469-C43ADFF80E0A
A3746802-F953-464B-B1E2-66008F3D1628,LAYNE'S CHICKEN FINGERS,11440 DALLAS PKWY,Frisco,,11440 DALLAS PKWY | ,Food Establishment II,Food establishment,Fast Food,"Layne's Chicken of Frisco, LLC",3,3,0,2025-07-08,2026-04-20,3,3,2.0,5,5,0,1,1,https://inspections.myhealthdepartment.com/frisco/permit/?permitID=A3746802-F953-464B-B1E2-66008F3D1628
C7567E07-9B2F-4D78-9435-047DE2294E70,LAZI COW,4800 ELDORADO PKWY 200,Frisco,75033,4800 ELDORADO PKWY 200 | 75033,Food Establishment II,Food establishment,Korean,LAZI COW TEXAS LLC,2,2,0,2025-12-19,2026-07-30,7,7,3.5,6,5,0,0,0,https://inspections.myhealthdepartment.com/frisco/permit/?permitID=C7567E07-9B2F-4D78-9435-047DE2294E70
E2EE5B6D-444F-49A3-A3D7-CE779754AE99,LEADERSHIP PREP SCHOOL,8100 TEEL PKWY,Frisco,75034,8100 TEEL PKWY | 75034,School and City,School or city facility,Institutional,LEADERSHIP PREP SCHOOL,3,3,0,2025-09-24,2026-08-24,2,2,0.67,4,2,0,0,0,https://inspections.myhealthdepartment.com/frisco/permit/?permitID=E2EE5B6D-444F-49A3-A3D7-CE779754AE99
A1151FA9-1A08-4434-A999-3F326BA713E8,LEARN N GROW STEM PRESCHOOL,7150 HOLLAND DR #101,Frisco,75035,7150 HOLLAND DR 101 | 75035,DAYC,Child care,Institutional,THE LEARN N GROW STEM LLC,4,4,0,2025-08-07,2026-07-15,3,3,0.75,2,1,1,0,0,https://inspections.myhealthdepartment.com/frisco/permit/?permitID=A1151FA9-1A08-4434-A999-3F326BA713E8
414B07FF-2D9F-426A-90D1-5840FD39E332,LEBANON TRAIL CAFE,5515 Ohio Dr,Frisco,75035,5515 OHIO DR | 75035,School and City,School or city facility,Institutional,FRISCO ISD,2,2,0,2025-10-30,2026-05-14,0,0,0.0,0,0,0,0,0,https://inspections.myhealthdepartment.com/frisco/permit/?permitID=414B07FF-2D9F-426A-90D1-5840FD39E332
E1FD7465-F5A3-4163-A476-FC706CA830F0,LEBANON TRAIL INDOOR CONCESSION,5515 Ohio Dr,Frisco,75035,5515 OHIO DR | 75035,School and City,School or city facility,Institutional,FISD,1,1,0,2025-10-30,2025-10-30,1,1,1.0,2,1,0,0,0,https://inspections.myhealthdepartment.com/frisco/permit/?permitID=E1FD7465-F5A3-4163-A476-FC706CA830F0
377CD040-41D9-4AF8-8428-0C77E38FE0C0,LEBANON TRAIL STADIUM CONCESSION,5515 Ohio Dr,Frisco,75035,5515 OHIO DR | 75035,School and City,School or city facility,Institutional,FISD,1,1,0,2025-10-30,2025-10-30,0,0,0.0,1,0,0,0,0,https://inspections.myhealthdepartment.com/frisco/permit/?permitID=377CD040-41D9-4AF8-8428-0C77E38FE0C0
3EC375D3-B41D-4531-B6BB-083D5C76E2A9,LEGACY CHRISTIAN ACADEMY - UPPER SCHOOL KITCHEN (NORTH),6525 FIGHTING EAGLES LN,Frisco,75034,6525 FIGHTING EAGLES LN | 75034,Food Establishment II,Food establishment,Institutional,FLIK INTERNATIONAL CORPORATION,2,2,0,2025-09-12,2026-05-11,3,3,3.0,2,2,2,0,0,https://inspections.myhealthdepartment.com/frisco/permit/?permitID=3EC375D3-B41D-4531-B6BB-083D5C76E2A9
FCECC42E-6A33-48A1-8F0E-D1C2C684F301,LEGACY LEARNING CENTER,8227 FM 423,Frisco,,8227 FM 423 | ,DAYC,Child care,Institutional,DFC LEGACY 423 OPERATIONS,4,4,0,2025-07-01,2026-06-26,0,2,0.5,1,1,0,0,1,https://inspections.myhealthdepartment.com/frisco/permit/?permitID=FCECC42E-6A33-48A1-8F0E-D1C2C684F301
29DFAAAE-6011-4A96-8D4D-825C63B6857F,LEGACY MONTESSORI ACADEMY,10310 LEGACY DR,Frisco,75033,10310 LEGACY DR | 75033,DAYC,Child care,Institutional,LEGACY MONTESSORI ACADEMY,3,3,0,2025-12-04,2026-07-09,0,0,0.0,1,0,0,0,0,https://inspections.myhealthdepartment.com/frisco/permit/?permitID=29DFAAAE-6011-4A96-8D4D-825C63B6857F
9201C28E-913F-4A94-B6F9-1C0FFAD84657,LEMMA COFFEE ROASTERS,9250 DALLAS PKWY 150,Frisco,75033,9250 DALLAS PKWY 150 | 75033,Food Establishment II,Food establishment,Coffee House & Cafe,DANIEL BAUM,3,3,0,2025-07-29,2026-04-13,3,3,2.33,6,4,2,2,0,https://inspections.myhealthdepartment.com/frisco/permit/?permitID=9201C28E-913F-4A94-B6F9-1C0FFAD84657
11AF5C46-A42F-4943-9FD9-76A0F863F0FB,LEVANT BBQ ,3211 PRESTON RD 3,Frisco,75034,3211 PRESTON RD 3 | 75034,Food Establishment II,Food establishment,Barbecue,LEVANT BBQ LLC,1,1,0,2026-05-19,2026-05-19,5,5,5.0,5,4,0,0,0,https://inspections.myhealthdepartment.com/frisco/permit/?permitID=11AF5C46-A42F-4943-9FD9-76A0F863F0FB
BC2771FA-910A-4962-AB6D-307FE13AACF5,LIBERTY HIGH SCHOOL CAFE,15250 ROLATER RD,Frisco,75035,15250 ROLATER RD | 75035,School and City,School or city facility,Institutional,FRISCO ISD,2,2,0,2025-10-31,2026-04-10,0,0,0.0,0,0,0,0,0,https://inspections.myhealthdepartment.com/frisco/permit/?permitID=BC2771FA-910A-4962-AB6D-307FE13AACF5
9AFD661E-1CDF-44A7-93DB-9C406DADC039,LIBERTY HIGH SCHOOL FOOTBALL CONCESSION STAND,15250 ROLATER RD,Frisco,75035,15250 ROLATER RD | 75035,School and City,School or city facility,Institutional,FISD,2,2,0,2025-10-31,2026-04-10,0,0,0.0,1,0,0,0,0,https://inspections.myhealthdepartment.com/frisco/permit/?permitID=9AFD661E-1CDF-44A7-93DB-9C406DADC039
A2A05DC8-BAEB-46C6-9053-6C8987C86268,LIBERTY HIGH SCHOOL INDOOR CONCESSION STAND,15250 ROLATER RD,Frisco,75035,15250 ROLATER RD | 75035,School and City,School or city facility,Institutional,FISD,2,2,0,2025-10-31,2026-04-10,0,0,0.0,3,0,0,0,0,https://inspections.myhealthdepartment.com/frisco/permit/?permitID=A2A05DC8-BAEB-46C6-9053-6C8987C86268
B2D6EB08-E7BB-440F-8276-A76A1F25417F,"LIFETIME CAFE, CAFE BAR, POOLSIDE CAFE",4900 THRONE HALL WAY,Frisco,75033,4900 THRONE HALL WAY | 75033,Food Establishment II,Food establishment,American,"LTF CLUB OPERATIONS COMPANY, INC",2,2,0,2025-12-18,2026-07-06,0,3,1.5,6,1,1,0,0,https://inspections.myhealthdepartment.com/frisco/permit/?permitID=B2D6EB08-E7BB-440F-8276-A76A1F25417F
5F971A52-5A38-4C1E-92E4-F16B723CFF65,LISCANO ELEMENTARY CAFETERIA,11222 MAMMOTH CAVE LN,Frisco,75035,11222 MAMMOTH CAVE LN | 75035,School and City,School or city facility,Institutional,FRISCO ISD,2,2,0,2025-11-04,2026-05-18,0,0,0.0,0,0,0,0,0,https://inspections.myhealthdepartment.com/frisco/permit/?permitID=5F971A52-5A38-4C1E-92E4-F16B723CFF65
444C8960-9CEB-45B1-9438-9C78E4B74351,LITEHOUSE WHOLE FOOD GRILL ,11501 CUSTER RD 109,Frisco,75035,11501 CUSTER RD 109 | 75035,Food Establishment III,Food establishment,Fusion,LITEHOUSE FRISCO EAST LLC,1,1,0,2026-07-15,2026-07-15,7,7,7.0,6,4,1,0,0,https://inspections.myhealthdepartment.com/frisco/permit/?permitID=444C8960-9CEB-45B1-9438-9C78E4B74351
FD683169-6A51-4CC4-B68D-2C93A527DB27,LITTLE CAESARS PIZZA,10990 ROLATER RD,Frisco,75035,10990 ROLATER RD | 75035,Food Establishment II,Food establishment,Pizza,"CAESARS OF ROLATER, LLC",3,3,0,2025-09-25,2026-07-01,0,0,0.0,1,0,0,0,0,https://inspections.myhealthdepartment.com/frisco/permit/?permitID=FD683169-6A51-4CC4-B68D-2C93A527DB27
67DF69B9-7DF8-4650-A446-B82A0D0FFE42,LITTLE EXPLORER'S NEST ,13405 Main St,Frisco,75035,13405 MAIN ST | 75035,DAYC,Child care,Institutional,Sri Guru Consulting LLC,1,1,0,2026-05-27,2026-05-27,0,0,0.0,1,0,0,0,0,https://inspections.myhealthdepartment.com/frisco/permit/?permitID=67DF69B9-7DF8-4650-A446-B82A0D0FFE42
7F7ADB8F-1136-4747-ADBF-E6B0DBCD384C,LITTLE GREEK FRESH GRILL,4710 PRESTON RD STE 312,Frisco,75034,4710 PRESTON RD 312 | 75034,Food Establishment II,Food establishment,Greek,MIROSLAVA TIXI,3,3,0,2025-09-05,2026-05-06,8,8,4.33,10,7,3,2,0,https://inspections.myhealthdepartment.com/frisco/permit/?permitID=7F7ADB8F-1136-4747-ADBF-E6B0DBCD384C
E9633455-A5E5-4FD3-854F-B2C3E3621218,LITTLE INDIA PIZZA,8161 FM 423 230,Frisco,75036,8161 FM 423 230 | 75036,Food Establishment II,Food establishment,Pizza,Prasad Aluru,2,2,0,2025-12-04,2026-05-14,11,11,5.5,5,5,2,0,0,https://inspections.myhealthdepartment.com/frisco/permit/?permitID=E9633455-A5E5-4FD3-854F-B2C3E3621218
5D0D3A3B-CD23-41BE-9997-083CA63AF0FF,LITTLE WOODROW'S ,8320 State Highway 121,Frisco,75034,8320 STATE HIGHWAY 121 | 75034,Food Establishment II,Food establishment,American,LW STONEBRIAR LLC,1,1,0,2026-05-07,2026-05-07,4,4,4.0,5,4,0,0,1,https://inspections.myhealthdepartment.com/frisco/permit/?permitID=5D0D3A3B-CD23-41BE-9997-083CA63AF0FF
368D9DDD-E72D-40D5-9050-B65E560C1947,LIVING SPACES,10900 ST HWY 121,Frisco,,10900 ST HWY 121 | ,Food Establishment II,Food establishment,American,"LIVING SPACES FURNITURE, LLC",3,3,0,2025-06-23,2026-09-08,7,7,2.33,6,4,2,0,0,https://inspections.myhealthdepartment.com/frisco/permit/?permitID=368D9DDD-E72D-40D5-9050-B65E560C1947
CB2A38E7-8152-408F-89EF-2448E219B35C,LOLLI AND POPS,2601 PRESTON RD #2012,Frisco,75034,2601 PRESTON RD 2012 | 75034,Food Establishment II,Food establishment,Specialty,"LOLLI AND POPS HOLDINGS, LLC",2,2,0,2025-08-15,2026-02-25,0,0,0.0,0,0,0,0,0,https://inspections.myhealthdepartment.com/frisco/permit/?permitID=CB2A38E7-8152-408F-89EF-2448E219B35C
6B592275-857E-46DE-A7B8-38776C767A13,LOMBARDI CUCINA ITALIANA,6655 WINNING DR 605,Frisco,75034,6655 WINNING DR 605 | 75034,Food Establishment II,Food establishment,Italian,ALBERTO LOMBARDI,3,3,0,2025-08-06,2026-07-14,1,3,2.0,6,4,0,1,0,https://inspections.myhealthdepartment.com/frisco/permit/?permitID=6B592275-857E-46DE-A7B8-38776C767A13
96FDF872-1685-41B5-B485-173F2173FA93,LONE STAR FOOTBALL CONCESSION STAND,2606 PANTHER CREEK PKWY,Frisco,75035,2606 PANTHER CREEK PKWY | 75035,School and City,School or city facility,Institutional,FISD,2,2,0,2025-10-08,2026-04-27,0,0,0.0,0,0,0,0,0,https://inspections.myhealthdepartment.com/frisco/permit/?permitID=96FDF872-1685-41B5-B485-173F2173FA93
26E79798-B6B7-4B44-99AA-402A7B573848,LONE STAR H20 TO-GO,8700 MAIN ST 120,Frisco,75033,8700 MAIN ST 120 | 75033,Food Establishment II,Food establishment,Convenience,Sean Casey,2,2,0,2025-09-10,2026-04-15,0,0,0.0,2,0,0,0,0,https://inspections.myhealthdepartment.com/frisco/permit/?permitID=26E79798-B6B7-4B44-99AA-402A7B573848
E8A0B83F-286A-470A-980D-D68D05907FD0,LONE STAR HIGH SCHOOL CAFE,2606 PANTHER CREEK PKWY,Frisco,75035,2606 PANTHER CREEK PKWY | 75035,School and City,School or city facility,Institutional,FRISCO ISD,2,2,0,2025-10-08,2026-04-27,0,0,0.0,0,0,0,0,0,https://inspections.myhealthdepartment.com/frisco/permit/?permitID=E8A0B83F-286A-470A-980D-D68D05907FD0
787E56AD-27A4-4426-91AF-B864B02DB8F7,LONE STAR INDOOR CONCESSION STAND,2606 PANTHER CREEK PKWY,Frisco,75035,2606 PANTHER CREEK PKWY | 75035,School and City,School or city facility,Institutional,FISD,1,1,0,2026-04-27,2026-04-27,0,0,0.0,0,0,0,0,0,https://inspections.myhealthdepartment.com/frisco/permit/?permitID=787E56AD-27A4-4426-91AF-B864B02DB8F7
6D3392FA-CAFA-497F-9AD8-F2EC48915C53,LONE STAR MARKETS AT BELL FRISCO MARKET CENTER,4800 PRINTERS WAY,Frisco,75033,4800 PRINTERS WAY | 75033,Food Establishment I,Food establishment,,LONE STAR MARKETS LLC,1,1,0,2026-05-26,2026-05-26,0,0,0.0,0,0,0,0,0,https://inspections.myhealthdepartment.com/frisco/permit/?permitID=6D3392FA-CAFA-497F-9AD8-F2EC48915C53
4FB35764-BCCC-4E1C-B444-54F0FD349CA8,LONE STAR MARKETS AT BELL SOUTHSTONE YARDS,4220 TRIBUTARY WAY,Frisco,75034,4220 TRIBUTARY WAY | 75034,Food Establishment I,Food establishment,Convenience,Lone Star Markets LLC,1,1,0,2026-04-21,2026-04-21,0,0,0.0,0,0,0,0,0,https://inspections.myhealthdepartment.com/frisco/permit/?permitID=4FB35764-BCCC-4E1C-B444-54F0FD349CA8
7BA02D4C-4FE9-4086-A2FE-C6F5B4EFFF82,LONE STAR MARKETS AT BEXFORD PULLMAN ,6303 Frisco Square Blvd.,Frisco,75034,6303 FRISCO SQUARE BLVD | 75034,Food Establishment I,Food establishment,Convenience,Lone Star Markets LLC,1,1,0,2026-04-21,2026-04-21,0,0,0.0,0,0,0,0,0,https://inspections.myhealthdepartment.com/frisco/permit/?permitID=7BA02D4C-4FE9-4086-A2FE-C6F5B4EFFF82
266B0890-7937-49FB-AA98-BAC42C104BA9,LONE STAR MARKETS AT CADENCE AT FRISCO STATION ,4160 GRIDIRON RD,Frisco,75034,4160 GRIDIRON RD | 75034,Food Establishment I,Food establishment,Convenience,LONE STAR MARKETS LLC,1,1,0,2025-10-03,2025-10-03,0,0,0.0,0,0,0,0,0,https://inspections.myhealthdepartment.com/frisco/permit/?permitID=266B0890-7937-49FB-AA98-BAC42C104BA9
6164C5DD-C23D-485C-B4EF-C0FB5C8D5012,LONE STAR MARKETS AT DOMAIN AT THE GATE ,6688 JOHN HICKMAN PKWY,Frisco,75034,6688 JOHN HICKMAN PKWY | 75034,Food Establishment I,Food establishment,Convenience,Harrison Finkelstein,1,1,0,2026-01-21,2026-01-21,1,1,1.0,1,1,0,0,0,https://inspections.myhealthdepartment.com/frisco/permit/?permitID=6164C5DD-C23D-485C-B4EF-C0FB5C8D5012
FE193D84-14B7-464F-B4F5-0D44DB09DC47,LONE STAR MARKETS AT THE MARGO,4545 MISSION AVE,Frisco,75034,4545 MISSION AVE | 75034,Food Establishment I,Food establishment,Convenience,TYLER FINKELSTEIN,2,2,0,2025-10-13,2026-03-31,0,0,0.0,1,0,0,0,0,https://inspections.myhealthdepartment.com/frisco/permit/?permitID=FE193D84-14B7-464F-B4F5-0D44DB09DC47
A04AA7F0-9E33-4812-A864-DF087D869757,LOUNGE BY TOP GOLF,3255 PGA PKWY BLDG 3,Frisco,75033,3255 PGA PKWY BLDG 3 | 75033,Food Establishment II,Food establishment,American,Omni PGA Frisco Resort & Spa,2,2,0,2025-10-15,2026-05-28,0,0,0.0,1,0,0,0,0,https://inspections.myhealthdepartment.com/frisco/permit/?permitID=A04AA7F0-9E33-4812-A864-DF087D869757
D94D3050-020D-4F57-9872-C5F68BCB8061,LOVE SUSHI,12398 FM 423,Frisco,75033,12398 FM 423 | 75033,Food Establishment III,Food establishment,Japanese,SJSY INVESTMENT CORPORATION,4,4,0,2025-08-20,2026-08-10,24,24,8.75,21,18,6,0,0,https://inspections.myhealthdepartment.com/frisco/permit/?permitID=D94D3050-020D-4F57-9872-C5F68BCB8061
A9139FF1-7F74-42ED-867C-AFA4F19932D7,LUCKY 99 CHINESE RESTAURANT,7410 PRESTON RD 125,Frisco,75034,7410 PRESTON RD 125 | 75034,Food Establishment II,Food establishment,Chinese,Glaymond Inc,2,2,0,2025-12-04,2026-07-20,10,10,7.0,6,6,3,0,0,https://inspections.myhealthdepartment.com/frisco/permit/?permitID=A9139FF1-7F74-42ED-867C-AFA4F19932D7
D717DCDC-11B6-4565-8A8F-0F9B40CC03C9,LUCKY GOAT COFFEE,2440 ELDORADO PKWY 210,Frisco,75033,2440 ELDORADO PKWY 210 | 75033,Food Establishment II,Food establishment,Coffee House & Cafe,"LUCOR Development Group, Inc.",2,2,0,2025-10-01,2026-05-12,0,1,0.5,6,2,0,0,0,https://inspections.myhealthdepartment.com/frisco/permit/?permitID=D717DCDC-11B6-4565-8A8F-0F9B40CC03C9
0F8549F9-15D0-4BF5-99D7-EF1C42738BE5,LUIGI'S PIZZA AND PASTA,4944 PRESTON RD 120,Frisco,75034,4944 PRESTON RD 120 | 75034,Food Establishment II,Food establishment,Italian,SEBIAN BARDHI,1,1,0,2026-02-11,2026-02-11,0,0,0.0,2,0,0,0,0,https://inspections.myhealthdepartment.com/frisco/permit/?permitID=0F8549F9-15D0-4BF5-99D7-EF1C42738BE5
0A0A7A33-EFBA-4442-B09B-6D6ACB6C5D59,La Creme Bakery Cafe,6549 COIT RD 118,Frisco,75035,6549 COIT RD 118 | 75035,Food Establishment II,Food establishment,Bakery,Senthil Palani,2,2,0,2025-09-23,2026-03-19,0,3,1.5,2,1,1,0,0,https://inspections.myhealthdepartment.com/frisco/permit/?permitID=0A0A7A33-EFBA-4442-B09B-6D6ACB6C5D59
F92F4ECD-64DC-44E6-82EF-EA808CC0C476,La La Land Cafe,11660 LEGACY DR,Frisco,75034,11660 LEGACY DR | 75034,Food Establishment II,Food establishment,Coffee House & Cafe,LA LA LAND KIND CAFE,1,1,0,2026-09-15,2026-09-15,16,16,16.0,11,8,4,0,0,https://inspections.myhealthdepartment.com/frisco/permit/?permitID=F92F4ECD-64DC-44E6-82EF-EA808CC0C476
79148648-E850-421D-A7C6-D0FF28A8DE1F,La Parisienne,6740 WINNING DR 1000,Frisco,75034,6740 WINNING DR 1000 | 75034,Food Establishment II,Food establishment,French,Mondana Taghizadeh,3,3,0,2025-08-11,2026-04-29,13,25,17.67,39,36,7,3,1,https://inspections.myhealthdepartment.com/frisco/permit/?permitID=79148648-E850-421D-A7C6-D0FF28A8DE1F
B8E48B2A-027A-448D-B20B-89BDCCA55457,Legacy Christian Academy - Lower School Kitchen (South),5000 Academy Dr,Frisco,75034,5000 ACADEMY DR | 75034,Food Establishment II,Food establishment,Institutional,FLIK INTERNATIONAL CORPORATION,2,2,0,2025-09-12,2026-05-11,0,0,0.0,1,0,0,0,0,https://inspections.myhealthdepartment.com/frisco/permit/?permitID=B8E48B2A-027A-448D-B20B-89BDCCA55457
5AFA9B34-1521-4AD8-A273-9B28696B47C2,M&M AFRICAN KITCHEN,12255 Teel Pkwy 410,Frisco,75033,12255 TEEL PKWY 410 | 75033,Food Establishment II,Food establishment,Ethiopian,OLAMIDE OLADOYIN,2,2,0,2026-02-05,2026-07-28,21,21,16.0,24,22,4,0,0,https://inspections.myhealthdepartment.com/frisco/permit/?permitID=5AFA9B34-1521-4AD8-A273-9B28696B47C2
96466C69-0B94-428B-B0B8-7C0EF2EF8030,MAAEE LLC DBA TAILGATERS,5605 FM 423,Frisco,75034,5605 FM 423 | 75034,Food Establishment II,Food establishment,American,MAAEE LLC,2,2,0,2025-10-30,2026-05-14,9,10,9.5,12,10,2,1,1,https://inspections.myhealthdepartment.com/frisco/permit/?permitID=96466C69-0B94-428B-B0B8-7C0EF2EF8030
B575BE71-B2F5-4373-8F38-C2C6A9848F5C,MADAI SUSHI TERIYAKI ROLL HOUSE,11501 CUSTER RD 109,Frisco,75035,11501 CUSTER RD 109 | 75035,Food Establishment III,Food establishment,Asian,KIMBERLY ELFSTROM,2,2,0,2025-09-04,2026-01-30,5,5,5.0,9,7,1,0,0,https://inspections.myhealthdepartment.com/frisco/permit/?permitID=B575BE71-B2F5-4373-8F38-C2C6A9848F5C
E840EB45-4314-4493-9CEE-91C8716E5580,MAI SUSHI WM0263 FRISCO ,16600 Fm 423,Frisco,75033,16600 FM 423 | 75033,Food Establishment III,Food establishment,Japanese,HANA GROUP FRANCHISING LLC,2,2,0,2026-01-09,2026-08-10,1,1,0.5,4,3,0,0,0,https://inspections.myhealthdepartment.com/frisco/permit/?permitID=E840EB45-4314-4493-9CEE-91C8716E5580
FDA82B83-2902-46BD-9A17-F5BE952C8259,MAIN EVENT,9375 DALLAS PKWY,Frisco,75035,9375 DALLAS PKWY | 75035,Food Establishment II,Food establishment,American,MAIN EVENT ENTERTAINMENT,3,3,0,2025-08-11,2026-06-22,2,2,0.67,2,2,0,0,0,https://inspections.myhealthdepartment.com/frisco/permit/?permitID=FDA82B83-2902-46BD-9A17-F5BE952C8259
3B6312E5-9EAF-42E9-B440-A0DEF1CEE289,"MAJESTIC GARDENS ELEMENTARY, LPS",8700 Majestic Gardens Dr,Frisco,75034,8700 MAJESTIC GARDENS DR | 75034,School and City,School or city facility,Institutional,LEADERSHIP PREP SCHOOL,2,2,0,2025-09-09,2026-04-29,0,0,0.0,0,0,0,0,0,https://inspections.myhealthdepartment.com/frisco/permit/?permitID=3B6312E5-9EAF-42E9-B440-A0DEF1CEE289
162B9B45-512E-4329-9650-02532116627F,MAMA MALATANG,9292 WARREN PKWY suit 200,Frisco,75035,9292 WARREN PKWY SUIT 200 | 75035,Food Establishment III,Food establishment,Asian,Xiuqin Chen,4,4,0,2025-07-01,2026-08-14,16,16,6.25,18,16,2,1,0,https://inspections.myhealthdepartment.com/frisco/permit/?permitID=162B9B45-512E-4329-9650-02532116627F
AF8761FF-A156-4961-88A0-93B0C37D4A91,MAMA'S KOREAN KITCHEN,2575 Main St Suite 350,Frisco,75035,2575 MAIN ST 350 | 75035,Food Establishment II,Food establishment,Korean,Young Jeon,3,3,0,2025-08-01,2026-04-16,15,16,13.33,27,25,5,3,0,https://inspections.myhealthdepartment.com/frisco/permit/?permitID=AF8761FF-A156-4961-88A0-93B0C37D4A91
BBA44856-EADB-4534-B54B-4937EB16BE1C,MAPLE STREET BISCUIT COMPANY,3288 MAIN ST 111,Frisco,75033,3288 MAIN ST 111 | 75033,REST,Food establishment,Cafe,"Agincourt Industries, LLC",1,1,0,2025-07-24,2025-07-24,1,1,1.0,1,1,0,0,0,https://inspections.myhealthdepartment.com/frisco/permit/?permitID=BBA44856-EADB-4534-B54B-4937EB16BE1C
ED8447FF-F653-42E8-86EF-AE7AB0BA5103,MARBLE SLAB CREAMERY,3401 PRESTON RD 8,Frisco,75034,3401 PRESTON RD 8 | 75034,Food Establishment II,Food establishment,Ice Cream,MARBLEICECREAM LLC,2,2,0,2025-09-24,2026-04-23,1,1,1.0,5,2,0,0,0,https://inspections.myhealthdepartment.com/frisco/permit/?permitID=ED8447FF-F653-42E8-86EF-AE7AB0BA5103
F1E753D6-4D72-4B62-B6CE-90A8EE056BAB,MARCO'S PIZZA,3288 MAIN ST 108,Frisco,75033,3288 MAIN ST 108 | 75033,Food Establishment II,Food establishment,Pizza,Pizzeria 5100 LLC,2,2,0,2026-03-26,2026-08-18,7,7,6.0,8,6,2,0,0,https://inspections.myhealthdepartment.com/frisco/permit/?permitID=F1E753D6-4D72-4B62-B6CE-90A8EE056BAB
6CC17811-2EEE-4672-8E20-5C2F6A7D42C0,MARCOS,10935 ROLATER RD Ste #150,Frisco,75035,10935 ROLATER RD 150 | 75035,Food Establishment II,Food establishment,Pizza,NILKANTH 5237 LLC,3,3,0,2025-07-11,2026-08-28,1,3,2.0,5,4,0,1,0,https://inspections.myhealthdepartment.com/frisco/permit/?permitID=6CC17811-2EEE-4672-8E20-5C2F6A7D42C0
C1B5DEDC-341E-4211-AE2A-52CB0F88BADD,MARGARET'S CONES & CUPS,3255 PGA PKWY BLDG 2,Frisco,75033,3255 PGA PKWY BLDG 2 | 75033,Food Establishment II,Food establishment,Ice Cream,Omni PGA Frisco Resort & Spa,2,2,0,2025-10-15,2026-05-28,0,0,0.0,0,0,0,0,0,https://inspections.myhealthdepartment.com/frisco/permit/?permitID=C1B5DEDC-341E-4211-AE2A-52CB0F88BADD
9CB62C15-5AED-462A-907C-99DFB2046B18,MARIANA'S TACO SHOP,8981 5TH ST,Frisco,75033,8981 5TH ST | 75033,Food Establishment II,Food establishment,Mexican,VERONICA ARANDA,3,3,0,2025-08-04,2026-04-09,7,8,6.0,12,10,2,1,0,https://inspections.myhealthdepartment.com/frisco/permit/?permitID=9CB62C15-5AED-462A-907C-99DFB2046B18
67147AC0-5F8E-437B-A96F-54AD8C1C1CE7,MARINA INDIAN RESTAURANT,4617 COIT RD 130,Frisco,75035,4617 COIT RD 130 | 75035,Food Establishment II,Food establishment,Indian,PRADEEPKUMAR GOVINDASAMY,2,2,0,2025-12-04,2026-08-14,19,19,10.5,14,13,2,0,0,https://inspections.myhealthdepartment.com/frisco/permit/?permitID=67147AC0-5F8E-437B-A96F-54AD8C1C1CE7
2B644951-2C59-4B72-B617-5287E2560FEF,MARKET STREET,11999 DALLAS PKWY,Frisco,75033,11999 DALLAS PKWY | 75033,Grocery Store III,Grocery,Grocery,"UNITED SUPERMARKETS, LLC",4,4,0,2025-07-11,2026-09-21,0,2,1.25,7,5,0,3,0,https://inspections.myhealthdepartment.com/frisco/permit/?permitID=2B644951-2C59-4B72-B617-5287E2560FEF
A8479B65-EA7C-4672-A024-655EE9B97517,MARKET STREET,4268 LEGACY DR,Frisco,75034,4268 LEGACY DR | 75034,Grocery Store III,Grocery,Grocery,"UNITED SUPERMARKETS, LLC.",3,3,0,2025-08-01,2026-05-12,0,0,0.0,4,0,0,0,0,https://inspections.myhealthdepartment.com/frisco/permit/?permitID=A8479B65-EA7C-4672-A024-655EE9B97517
C7EC80AB-E65F-45F4-B625-E3AD4B779281,MARKET STREET TEST KITCHEN #562,11999 DALLAS PKWY,Frisco,75033,11999 DALLAS PKWY | 75033,Food Establishment II,Food establishment,American,"UNITED SUPERMARKETS, LLC",3,3,0,2025-07-11,2026-09-21,0,0,0.0,4,0,0,0,0,https://inspections.myhealthdepartment.com/frisco/permit/?permitID=C7EC80AB-E65F-45F4-B625-E3AD4B779281
F8CF3356-2570-4A45-B88B-08171520385C,MARUFUKU RAMEN,9292 WARREN PKWY 370,Frisco,75035,9292 WARREN PKWY 370 | 75035,Food Establishment II,Food establishment,Japanese,EK FOODS,3,3,0,2025-09-04,2026-05-06,3,10,4.67,10,7,4,0,0,https://inspections.myhealthdepartment.com/frisco/permit/?permitID=F8CF3356-2570-4A45-B88B-08171520385C
BA8FBA8D-54E3-4A17-8BC6-7C73AD2218CB,MARY'S MEDITERRANEAN CAFE & GRILL,4950 ELDORADO PKWY,Frisco,75033,4950 ELDORADO PKWY | 75033,Food Establishment III,Food establishment,Mediterranean,ADIL NAOUAZILI,3,3,0,2025-08-20,2026-03-24,9,9,6.67,17,14,3,2,0,https://inspections.myhealthdepartment.com/frisco/permit/?permitID=BA8FBA8D-54E3-4A17-8BC6-7C73AD2218CB
9B1092DC-B577-4F80-BC00-F1F44224F492,MARY'S MOUNTAIN COOKIES,3311 PRESTON RD 2,Frisco,75034,3311 PRESTON RD 2 | 75034,Food Establishment II,Food establishment,Bakery,"FOUR CATS FRANCHISES, LLC",1,1,0,2025-09-03,2025-09-03,0,0,0.0,0,0,0,0,0,https://inspections.myhealthdepartment.com/frisco/permit/?permitID=9B1092DC-B577-4F80-BC00-F1F44224F492
36EFB3CC-5BE0-4C8F-B0E1-F241496526E8,MAUS MIDDLE SCHOOL,12175 COIT RD,Frisco,75035,12175 COIT RD | 75035,School and City,School or city facility,Institutional,FRISCO ISD,2,2,0,2025-10-16,2026-05-06,0,0,0.0,0,0,0,0,0,https://inspections.myhealthdepartment.com/frisco/permit/?permitID=36EFB3CC-5BE0-4C8F-B0E1-F241496526E8
B158C9BF-C94F-4170-9568-B8FA436BC084,MAUS MIDDLE SCHOOL CONCESSION STAND,12175 COIT RD,Frisco,75035,12175 COIT RD | 75035,School and City,School or city facility,Institutional,FISD,2,2,0,2025-10-16,2026-05-06,0,4,2.0,6,4,0,0,0,https://inspections.myhealthdepartment.com/frisco/permit/?permitID=B158C9BF-C94F-4170-9568-B8FA436BC084
B7EE1676-5EB6-46F1-A42F-2F256810591B,MAVA'S INDIAN KITCHEN,4747 4TH ARMY DR 120,Frisco,75034,4747 4TH ARMY DR 120 | 75034,Food Establishment III,Food establishment,Indian,NELLORE FOOD SERVICES LLC,1,1,0,2025-10-17,2025-10-17,0,0,0.0,0,0,0,0,0,https://inspections.myhealthdepartment.com/frisco/permit/?permitID=B7EE1676-5EB6-46F1-A42F-2F256810591B
75EFDA28-8DB8-42EE-BEF4-578F76D43368,MCALISTER'S DELI,11901 DALLAS PKWY 800,Frisco,75033,11901 DALLAS PKWY 800 | 75033,Food Establishment II,Food establishment,Deli,THE SAXTON GROUP,3,3,0,2025-09-22,2026-08-26,13,13,7.33,14,11,5,0,0,https://inspections.myhealthdepartment.com/frisco/permit/?permitID=75EFDA28-8DB8-42EE-BEF4-578F76D43368
D368F660-D37B-4C4F-8D4B-479651067253,MCDONALD'S,5555 FM 423,Frisco,75036,5555 FM 423 | 75036,Food Establishment II,Food establishment,Fast Food,Tyrous W Ingram III,2,2,0,2025-08-13,2026-03-04,0,0,0.0,0,0,0,0,0,https://inspections.myhealthdepartment.com/frisco/permit/?permitID=D368F660-D37B-4C4F-8D4B-479651067253
404A0396-B4E7-42BC-9F7F-C3F4393B0A65,MCDONALD'S,8888 TEEL PKWY,Frisco,75034,8888 TEEL PKWY | 75034,Food Establishment II,Food establishment,Fast Food,TYROUS INGRAM,2,2,0,2025-09-03,2026-03-09,2,2,1.0,5,1,0,0,0,https://inspections.myhealthdepartment.com/frisco/permit/?permitID=404A0396-B4E7-42BC-9F7F-C3F4393B0A65
028000DC-BA99-43A2-B60B-D0B24176E58B,MCDONALD'S,8970 PRESTON RD,Frisco,75034,8970 PRESTON RD | 75034,Food Establishment II,Food establishment,Fast Food,TYROUS INGRAM,2,2,0,2025-09-24,2026-04-02,0,0,0.0,1,0,0,0,0,https://inspections.myhealthdepartment.com/frisco/permit/?permitID=028000DC-BA99-43A2-B60B-D0B24176E58B
82FA0FF5-55AA-46FE-9D79-92549B5294AB,MCDONALD'S,4360 LEGACY DR,Frisco,75034,4360 LEGACY DR | 75034,Food Establishment II,Food establishment,Fast Food,TYROUS INGRAM,2,2,0,2025-10-24,2026-04-28,0,0,0.0,0,0,0,0,0,https://inspections.myhealthdepartment.com/frisco/permit/?permitID=82FA0FF5-55AA-46FE-9D79-92549B5294AB
1F0E13AD-9E85-44AB-9351-14255717EAAD,MCDONALD'S,16125 ELDORADO PKWY,Frisco,75035,16125 ELDORADO PKWY | 75035,Food Establishment II,Food establishment,Fast Food,TYROUS INGRAM,2,2,0,2025-11-13,2026-06-18,0,0,0.0,0,0,0,0,0,https://inspections.myhealthdepartment.com/frisco/permit/?permitID=1F0E13AD-9E85-44AB-9351-14255717EAAD
628C32A5-8E79-4B64-83C7-6EAEC3BD87CD,MCDONALD'S,6225 CUSTER RD,Frisco,75035,6225 CUSTER RD | 75035,Food Establishment II,Food establishment,Fast Food,"O'REILLY GROUP, LLC",2,2,0,2025-12-26,2026-07-20,0,0,0.0,0,0,0,0,0,https://inspections.myhealthdepartment.com/frisco/permit/?permitID=628C32A5-8E79-4B64-83C7-6EAEC3BD87CD
57D00C20-C93C-4FC6-9F20-573E60977F3D,MCSPEDDEN ELEMENTARY SCHOOL,14140 COUNTRYBROOK DR,Frisco,75035,14140 COUNTRYBROOK DR | 75035,School and City,School or city facility,Institutional,FRISCO ISD,2,2,0,2025-11-05,2026-05-13,0,0,0.0,0,0,0,0,0,https://inspections.myhealthdepartment.com/frisco/permit/?permitID=57D00C20-C93C-4FC6-9F20-573E60977F3D
D7007311-96B5-4CE5-8A25-5C71B199104A,MEATBASKET ,13089 Main St 200,Frisco,75035,13089 MAIN ST 200 | 75035,Grocery Store I,Grocery,Grocery,KRISHNA THOKA,2,2,0,2025-12-17,2026-07-01,2,2,2.0,5,2,0,0,0,https://inspections.myhealthdepartment.com/frisco/permit/?permitID=D7007311-96B5-4CE5-8A25-5C71B199104A
549C159B-9055-4EB7-903F-9D28598D890B,"MEDICAL CITY FRISCO, A MEDICAL CENTER OF PLANO FACILITY",5500 FRISCO SQUARE BLVD,Frisco,75034,5500 FRISCO SQUARE BLVD | 75034,Food Establishment III,Food establishment,Institutional,MEDICAL CITY FRISCO,3,3,0,2025-09-04,2026-06-12,0,0,0.0,0,0,0,0,0,https://inspections.myhealthdepartment.com/frisco/permit/?permitID=549C159B-9055-4EB7-903F-9D28598D890B
BA9A3F21-3F93-4230-BD3C-876683D073B4,MEDICAL CITY MENTAL HEALTH and WELLNESS CENTER FRISCO,5680 FRISCO SQUARE BLVD 1000;3000,Frisco,75034,5680 FRISCO SQUARE BLVD 1000;3000 | 75034,Food Establishment II,Food establishment,Institutional,FRISCO BEHAVIORAL HEALTH,3,3,0,2025-10-27,2026-06-29,0,2,0.67,2,1,0,0,0,https://inspections.myhealthdepartment.com/frisco/permit/?permitID=BA9A3F21-3F93-4230-BD3C-876683D073B4
9CBDE9BC-F45F-4A3B-A626-D78D39635093,MEMORIAL HIGH SCHOOL,12300 FRISCO ST,Frisco,75033,12300 FRISCO ST | 75033,School and City,School or city facility,Institutional,FRISCO ISD,2,2,0,2025-12-05,2026-04-29,0,0,0.0,0,0,0,0,0,https://inspections.myhealthdepartment.com/frisco/permit/?permitID=9CBDE9BC-F45F-4A3B-A626-D78D39635093
A37D6A6F-3120-4211-A448-1D336CE98B0F,MEMORIAL HIGH SCHOOL GYM CONCESSION,12300 FRISCO ST,Frisco,75033,12300 FRISCO ST | 75033,School and City,School or city facility,Institutional,FISD,1,1,0,2026-04-29,2026-04-29,0,0,0.0,0,0,0,0,0,https://inspections.myhealthdepartment.com/frisco/permit/?permitID=A37D6A6F-3120-4211-A448-1D336CE98B0F
5C965B2F-90BB-4B4E-BF02-E6EBFDA98A7F,MEMORIAL HIGH SCHOOL OUTDOOR CONCESSION,12300 FRISCO ST,Frisco,75033,12300 FRISCO ST | 75033,School and City,School or city facility,Institutional,FISD,1,1,0,2026-04-29,2026-04-29,0,0,0.0,0,0,0,0,0,https://inspections.myhealthdepartment.com/frisco/permit/?permitID=5C965B2F-90BB-4B4E-BF02-E6EBFDA98A7F
11207D44-7AE9-414F-806C-076850BC1F50,MI COCINA,6740 WINNING DRIVE 1010,Frisco,,6740 WINNING DRIVE 1010 | ,Food Establishment II,Food establishment,Tex-Mex,MCROWD RESTAURANT GROUP,3,3,0,2025-10-27,2026-09-03,20,20,7.0,15,13,3,0,0,https://inspections.myhealthdepartment.com/frisco/permit/?permitID=11207D44-7AE9-414F-806C-076850BC1F50
5209631B-C0BA-4AD2-A4B6-2AD2C0E26B98,MINETT ELEMENTARY,16000 PEYTON ABBEY RD,Frisco,75033,16000 PEYTON ABBEY RD | 75033,School and City,School or city facility,Institutional,FRISCO ISD,2,2,0,2025-11-17,2026-05-12,0,0,0.0,1,0,0,0,0,https://inspections.myhealthdepartment.com/frisco/permit/?permitID=5209631B-C0BA-4AD2-A4B6-2AD2C0E26B98
30E09583-AAC7-4C05-A675-13D77221CAF1,MINI-SKOOL EARLY LEARNING CENTER-CADENCE ACADEMY PRESCHOOL,10749 NORTH COUNTY RD,Frisco,75034,10749 NORTH COUNTY RD | 75034,DAYC,Child care,Institutional,CADENCE EDUCATION,3,3,0,2025-08-12,2026-03-02,0,0,0.0,1,0,0,0,0,https://inspections.myhealthdepartment.com/frisco/permit/?permitID=30E09583-AAC7-4C05-A675-13D77221CAF1
CC1A145A-1766-4A8E-A64F-39507BA26A1F,MINIONS KIOSKS ,5 Universal Pkwy,Frisco,75033,5 UNIVERSAL PKWY | 75033,Food Establishment II,Food establishment,,NBC Universal LLC,1,1,0,2026-07-15,2026-07-15,0,0,0.0,1,0,0,0,0,https://inspections.myhealthdepartment.com/frisco/permit/?permitID=CC1A145A-1766-4A8E-A64F-39507BA26A1F
3CAC8D2E-D669-4066-A126-7FEC7F7F606C,MIO GUSTO,7777 Warren Pkwy 350,Frisco,75034,7777 WARREN PKWY 350 | 75034,Food Establishment II,Food establishment,Italian,Bledar Stojku,2,2,0,2025-12-10,2026-05-19,0,9,4.5,6,4,2,0,0,https://inspections.myhealthdepartment.com/frisco/permit/?permitID=3CAC8D2E-D669-4066-A126-7FEC7F7F606C
2FBC1C99-D657-4070-BD55-3727BC95B937,MO'BETTAHS,16803 COIT RD,Frisco,75035,16803 COIT RD | 75035,Food Establishment II,Food establishment,American,Savory MB Stores LLC,3,3,0,2025-09-16,2026-07-21,2,4,2.33,5,4,1,0,0,https://inspections.myhealthdepartment.com/frisco/permit/?permitID=2FBC1C99-D657-4070-BD55-3727BC95B937
B446AEF2-9F91-45C3-8797-E55F53BF1248,MOCHAS & JAVAS,11660 LEGACY DR,Frisco,75034,11660 LEGACY DR | 75034,Food Establishment II,Food establishment,Coffee House & Cafe,"MOCHAS & JAVAS TX, INC",1,1,0,2025-09-19,2025-09-19,0,0,0.0,0,0,0,0,0,https://inspections.myhealthdepartment.com/frisco/permit/?permitID=B446AEF2-9F91-45C3-8797-E55F53BF1248
BCE72576-2AB8-4FF6-8586-68D7ABEA2E67,MOD PIZZA,5110 ELDORADO PKWY 350,Frisco,75033,5110 ELDORADO PKWY 350 | 75033,Food Establishment II,Food establishment,Pizza,MOD SUPER FAST PIZZA LLC,2,2,0,2025-09-11,2026-03-23,0,0,0.0,0,0,0,0,0,https://inspections.myhealthdepartment.com/frisco/permit/?permitID=BCE72576-2AB8-4FF6-8586-68D7ABEA2E67
42018224-DAC4-453A-814A-650D545210F4,MOD PIZZA ,5110 ELDORADO PKWY 350,Frisco,75033,5110 ELDORADO PKWY 350 | 75033,Food Establishment II,Food establishment,Pizza,NEW VIBES HOLDING LLC,2,2,0,2026-02-16,2026-07-13,0,0,0.0,0,0,0,0,0,https://inspections.myhealthdepartment.com/frisco/permit/?permitID=42018224-DAC4-453A-814A-650D545210F4
D8F22AA9-062C-4EFC-B40A-DBBFA43EF1F4,MODIK AFRICAN MARKET,8745 GARY BURNS DR,Frisco,75034,8745 GARY BURNS DR | 75034,Food Establishment II,Food establishment,Convenience,Monica O Ilogienboh,2,2,0,2025-10-22,2026-06-11,2,3,2.5,2,2,1,0,0,https://inspections.myhealthdepartment.com/frisco/permit/?permitID=D8F22AA9-062C-4EFC-B40A-DBBFA43EF1F4
E9A47D57-EDD0-4201-9DBA-DDF2BC52B09D,MOMO BISTRO ,1279 Legacy Dr 100,Frisco,75034,1279 LEGACY DR 100 | 75034,Food Establishment II,Food establishment,Italian,,1,1,0,2026-05-05,2026-05-05,6,6,6.0,6,4,1,0,0,https://inspections.myhealthdepartment.com/frisco/permit/?permitID=E9A47D57-EDD0-4201-9DBA-DDF2BC52B09D
C45ABA64-B911-4BEB-8211-CD783D203DC7,MOMO SUSHI,4350 MAIN ST 155,Frisco,75033,4350 MAIN ST 155 | 75033,Food Establishment III,Food establishment,Japanese,SUN JOON BAEK,2,2,0,2025-08-07,2026-01-06,16,16,12.5,11,11,6,1,0,https://inspections.myhealthdepartment.com/frisco/permit/?permitID=C45ABA64-B911-4BEB-8211-CD783D203DC7
FE79E239-B8CD-4044-9C94-447E57C9BB00,MOOYAH,2215 UNIVERSITY DR 100,Frisco,75033,2215 UNIVERSITY DR 100 | 75033,Food Establishment II,Food establishment,Hamburgers,MOOYAH,3,3,0,2025-07-30,2026-08-17,14,14,5.67,13,11,3,0,0,https://inspections.myhealthdepartment.com/frisco/permit/?permitID=FE79E239-B8CD-4044-9C94-447E57C9BB00
9F9CA257-B90C-417E-8B03-2AF2C32205A9,MOTLEY 7 BREW,12909 Main St,Frisco,75035,12909 MAIN ST | 75035,Food Establishment II,Food establishment,Coffee House & Cafe,MOTLEY 7 BREW LLC,2,2,0,2025-11-03,2026-05-01,6,6,3.0,7,3,1,0,0,https://inspections.myhealthdepartment.com/frisco/permit/?permitID=9F9CA257-B90C-417E-8B03-2AF2C32205A9
A74CFA55-36E3-4E8A-A4E7-087630C7B8A0,MR BANH MI,9370 WARREN PKWY 130,Frisco,75035,9370 WARREN PKWY 130 | 75035,Food Establishment II,Food establishment,Asian,TRANG VU,4,4,0,2025-07-24,2026-08-04,12,12,8.0,17,17,5,2,0,https://inspections.myhealthdepartment.com/frisco/permit/?permitID=A74CFA55-36E3-4E8A-A4E7-087630C7B8A0
29ECBC6B-AC1E-4295-9BD8-02BD1A881C93,MR. JIM'S PIZZA,11477 CUSTER RD 105,Frisco,75035,11477 CUSTER RD 105 | 75035,Food Establishment II,Food establishment,Pizza,Prashiksha Simkhada,3,3,0,2025-09-16,2026-05-15,0,0,0.0,1,0,0,0,0,https://inspections.myhealthdepartment.com/frisco/permit/?permitID=29ECBC6B-AC1E-4295-9BD8-02BD1A881C93
1F89C023-0336-42F1-B602-111217BB5CB3,MURPHY EXPRESS,9050 COIT,Frisco,,9050 COIT | ,Food Establishment II,Food establishment,Convenience,"MURPHY OIL USA, INC",3,3,0,2025-08-25,2026-09-03,2,2,0.67,4,3,0,0,0,https://inspections.myhealthdepartment.com/frisco/permit/?permitID=1F89C023-0336-42F1-B602-111217BB5CB3
676ADFE5-7C6E-4928-AA93-C3BDA997F1B2,MUSTANG CREEK ESTATES BLD. A,1200 MAIN ST A,Frisco,,1200 MAIN ST A | ,Food Establishment III,Food establishment,Institutional,MUSTANG CREEK MANAGEMENT LLC,5,5,0,2025-07-09,2026-09-22,8,11,3.8,12,10,3,1,0,https://inspections.myhealthdepartment.com/frisco/permit/?permitID=676ADFE5-7C6E-4928-AA93-C3BDA997F1B2
96A061E2-1AD0-4F91-92DB-21D920E7D6DF,MUSTANG CREEK ESTATES BLD. B,1200 MAIN ST,Frisco,,1200 MAIN ST | ,Food Establishment III,Food establishment,Institutional,"CLEMONT MANAGEMENT, LLC",5,5,0,2025-07-09,2026-09-22,2,2,0.8,5,3,0,0,0,https://inspections.myhealthdepartment.com/frisco/permit/?permitID=96A061E2-1AD0-4F91-92DB-21D920E7D6DF
3FD3EC60-7B46-4AE6-8B9B-77AC92D5EF7A,MUSTANG CREEK ESTATES BLD. C,1200 MAIN ST,Frisco,,1200 MAIN ST | ,Food Establishment III,Food establishment,Institutional,RENEE RAMSEY,5,5,0,2025-07-09,2026-09-22,5,5,1.6,7,5,1,0,0,https://inspections.myhealthdepartment.com/frisco/permit/?permitID=3FD3EC60-7B46-4AE6-8B9B-77AC92D5EF7A
ED749EE0-109A-44A5-A6F9-63044D1C2DE6,MUSTANG CREEK ESTATES BLD. D,1200 MAIN ST,Frisco,,1200 MAIN ST | ,Food Establishment III,Food establishment,Institutional,RENEE RAMSEY,5,5,0,2025-07-11,2026-09-22,2,2,0.8,6,3,0,0,0,https://inspections.myhealthdepartment.com/frisco/permit/?permitID=ED749EE0-109A-44A5-A6F9-63044D1C2DE6
1B04D44B-DD0A-4218-96DA-4EAAF32A2420,MUSTANG CREEK ESTATES BLD. E,1200 MAIN ST,Frisco,,1200 MAIN ST | ,Food Establishment III,Food establishment,Institutional,RENEE RAMSEY,5,5,0,2025-07-11,2026-09-22,5,5,1.4,7,5,1,0,0,https://inspections.myhealthdepartment.com/frisco/permit/?permitID=1B04D44B-DD0A-4218-96DA-4EAAF32A2420
A1679D45-E719-4D71-A3A5-FACE0E582C69,MUSTANG CREEK ESTATES BLD. F,1200 MAIN ST,Frisco,,1200 MAIN ST | ,Food Establishment III,Food establishment,Institutional,RENEE RAMSEY,5,5,0,2025-07-11,2026-09-22,4,5,1.8,10,7,0,1,0,https://inspections.myhealthdepartment.com/frisco/permit/?permitID=A1679D45-E719-4D71-A3A5-FACE0E582C69
B7871489-00BB-42A9-8A23-9EE7D28F5ADC,MUSUME AT THE STAR ,3625 THE STAR BLVD 300,Frisco,75034,3625 THE STAR BLVD 300 | 75034,Food Establishment II,Food establishment,Japanese,SEAN CLAVIR,3,3,0,2025-09-11,2026-09-11,21,21,10.33,22,18,6,1,0,https://inspections.myhealthdepartment.com/frisco/permit/?permitID=B7871489-00BB-42A9-8A23-9EE7D28F5ADC
1536C828-D8CD-450A-9D61-A3566083AD36,MVP'S BAR & GRILL,12255 UNIVERSITY DR 300,Frisco,75035,12255 UNIVERSITY DR 300 | 75035,Food Establishment II,Food establishment,American,LULLANA LLC,3,3,0,2025-08-19,2026-02-10,2,7,5.33,11,9,2,0,0,https://inspections.myhealthdepartment.com/frisco/permit/?permitID=1536C828-D8CD-450A-9D61-A3566083AD36
398D07A2-DB6D-4FB6-BB2B-F512FC99A05E,MY THAI VEGAN & BOBA,6363 DALLAS PKWY 106,Frisco,75034,6363 DALLAS PKWY 106 | 75034,Food Establishment II,Food establishment,Thai,PHUONG NGUYEN,1,1,0,2025-12-05,2025-12-05,0,0,0.0,0,0,0,0,0,https://inspections.myhealthdepartment.com/frisco/permit/?permitID=398D07A2-DB6D-4FB6-BB2B-F512FC99A05E
E3B8564C-C9A3-426E-B48C-529F31661B8A,MYNAA KITCHEN,6363 DALLAS PKWY 110,Frisco,75034,6363 DALLAS PKWY 110 | 75034,Food Establishment II,Food establishment,Indian,MYNAA WORLD LLC,3,3,0,2025-07-23,2026-03-11,3,10,7.0,15,14,3,2,0,https://inspections.myhealthdepartment.com/frisco/permit/?permitID=E3B8564C-C9A3-426E-B48C-529F31661B8A
30EFF4CE-DCB9-4867-B21E-083BAC00F0C5,MYTHRI'S HUB,4350 MAIN ST 160,Frisco,75033,4350 MAIN ST 160 | 75033,Food Establishment II,Food establishment,Indian,AAHAR INDIAN FRISCO LLC,2,2,0,2025-07-23,2026-01-30,7,7,6.5,6,6,2,1,0,https://inspections.myhealthdepartment.com/frisco/permit/?permitID=30EFF4CE-DCB9-4867-B21E-083BAC00F0C5
EDC0ACE9-FE89-4EA6-B7D6-6CC9E028ECC0,Manee Thai Cuisine and Bar,12005 DALLAS PKWY 300,Frisco,75033,12005 DALLAS PKWY 300 | 75033,Food Establishment II,Food establishment,Thai,Vanpheng Attaphanh,3,3,0,2025-09-09,2026-09-01,16,16,10.0,28,24,4,1,1,https://inspections.myhealthdepartment.com/frisco/permit/?permitID=EDC0ACE9-FE89-4EA6-B7D6-6CC9E028ECC0
3B812459-362C-462D-830C-C20BB2853025,Mango Biche Mia,2601 PRESTON RD 6517,Frisco,75034,2601 PRESTON RD 6517 | 75034,Food Establishment II,Food establishment,Specialty,VALANI GROUP INC,1,1,0,2025-08-15,2025-08-15,3,3,3.0,3,2,0,0,0,https://inspections.myhealthdepartment.com/frisco/permit/?permitID=3B812459-362C-462D-830C-C20BB2853025
8DEE9C8F-C871-47B7-AC10-A09BFDACA83B,Maya Creamery,8300 GAYLORD PKWY 14,Frisco,75034,8300 GAYLORD PKWY 14 | 75034,Food Establishment II,Food establishment,Juice Bar,HERITAGE HUT LLC,2,2,0,2025-12-10,2026-08-05,3,3,2.0,4,4,0,1,0,https://inspections.myhealthdepartment.com/frisco/permit/?permitID=8DEE9C8F-C871-47B7-AC10-A09BFDACA83B
67DA2BB5-2759-4B25-B348-D71CA6DFB982,McDonald's,5615 ELDORADO PKWY,Frisco,75033,5615 ELDORADO PKWY | 75033,Food Establishment II,Food establishment,Fast Food,TYROUS INGRAM,2,2,0,2025-11-11,2026-05-20,0,0,0.0,0,0,0,0,0,https://inspections.myhealthdepartment.com/frisco/permit/?permitID=67DA2BB5-2759-4B25-B348-D71CA6DFB982
CB5AD665-8D07-4E25-A4AE-DD01967C2A52,Mici Handcrafted Italian,8244 FM 423 Suite 400,Frisco,75036,8244 FM 423 400 | 75036,Food Establishment II,Food establishment,Italian,Bocce Ball Food LLC,3,3,0,2025-09-16,2026-07-29,2,5,2.67,9,7,0,1,0,https://inspections.myhealthdepartment.com/frisco/permit/?permitID=CB5AD665-8D07-4E25-A4AE-DD01967C2A52
2A3528EB-1540-4CFE-8D22-99DCBC88523F,MoMo Magic,14339 ELDORADO PKWY 130,Frisco,75035,14339 ELDORADO PKWY 130 | 75035,Food Establishment II,Food establishment,Indian,"SHIVASHANKAR, LLC",1,1,0,2025-07-15,2025-07-15,18,18,18.0,9,9,3,0,0,https://inspections.myhealthdepartment.com/frisco/permit/?permitID=2A3528EB-1540-4CFE-8D22-99DCBC88523F
8A749869-7B2A-422D-A0CC-A96F5E74AEB0,Momo's Coffeehouse,6828 STONEBROOK PKWY,Frisco,75034,6828 STONEBROOK PKWY | 75034,Food Establishment II,Food establishment,Coffee House & Cafe,Mo Elghazali,2,2,0,2025-10-02,2026-05-12,3,3,1.5,1,1,1,0,0,https://inspections.myhealthdepartment.com/frisco/permit/?permitID=8A749869-7B2A-422D-A0CC-A96F5E74AEB0
6E2CD6E9-AF6A-4AFD-A172-6B6AC8374B39,Mooyah Burgers Fries and Shakes,5170 MAIN ST,Frisco,75033,5170 MAIN ST | 75033,Food Establishment II,Food establishment,Fast Food,BLUE BARD INC.,3,3,0,2025-10-23,2026-08-17,11,11,5.0,11,9,3,0,0,https://inspections.myhealthdepartment.com/frisco/permit/?permitID=6E2CD6E9-AF6A-4AFD-A172-6B6AC8374B39
AB730E66-C41B-4D62-A1CA-745A59D5B2F6,Morning Bliss,8155 CUSTER RD 500,Frisco,75035,8155 CUSTER RD 500 | 75035,Food Establishment II,Food establishment,Coffee House & Cafe,Lirim Mixha,4,4,0,2025-07-22,2026-09-14,25,25,7.25,22,17,5,1,0,https://inspections.myhealthdepartment.com/frisco/permit/?permitID=AB730E66-C41B-4D62-A1CA-745A59D5B2F6
607783AF-A62D-4460-8C77-5AA14261DBF6,Multi Cook,8811 TEEL PKWY 230,Frisco,75036,8811 TEEL PKWY 230 | 75036,Food Establishment II,Food establishment,Asian,Andrii Novoderezhkin,2,2,0,2025-12-22,2026-05-19,0,3,1.5,3,1,1,0,0,https://inspections.myhealthdepartment.com/frisco/permit/?permitID=607783AF-A62D-4460-8C77-5AA14261DBF6
17DAEAFC-C827-42B4-A293-E797696012E4,Musashi LLC,4606 FRISCO GREEN AVE 103,Frisco,75034,4606 FRISCO GREEN AVE 103 | 75034,Food Establishment III,Food establishment,Japanese,MUSASHI LLC,4,4,0,2025-08-06,2026-09-11,15,15,7.75,22,18,6,1,0,https://inspections.myhealthdepartment.com/frisco/permit/?permitID=17DAEAFC-C827-42B4-A293-E797696012E4
CA161ACC-F4E5-47D6-8945-DBFF685C95AE,Muteki Ramen & Sushi Bar,4800 ELDORADO PKWY 100,Frisco,75033,4800 ELDORADO PKWY 100 | 75033,Food Establishment III,Food establishment,Asian,GUA WANG,4,4,0,2025-08-05,2026-09-16,8,8,6.5,24,19,0,2,0,https://inspections.myhealthdepartment.com/frisco/permit/?permitID=CA161ACC-F4E5-47D6-8945-DBFF685C95AE
C78D4B4E-D2F3-43B9-96D3-CDB8F40175DD,NATURALS ROLLS & ICE CREAM ,5266 INDEPENDENCE PKWY 105,Frisco,75035,5266 INDEPENDENCE PKWY 105 | 75035,Food Establishment II,Food establishment,Ice Cream,Venkateswarlu Juttukonda,3,3,0,2025-08-26,2026-09-11,5,5,2.33,8,5,0,0,0,https://inspections.myhealthdepartment.com/frisco/permit/?permitID=C78D4B4E-D2F3-43B9-96D3-CDB8F40175DD
60AFD352-557F-43D0-A816-67234B6A76C3,NEKTER JUICE BAR TEEL CROSSING,3290 MAIN ST 201,Frisco,75033,3290 MAIN ST 201 | 75033,Food Establishment II,Food establishment,Juice Bar,"Horner Capital, LLC",2,2,0,2025-12-02,2026-04-14,13,13,7.5,11,9,2,0,0,https://inspections.myhealthdepartment.com/frisco/permit/?permitID=60AFD352-557F-43D0-A816-67234B6A76C3
AFA98A82-4A29-4D1A-9E41-5C6E9A67076C,NELSON MIDDLE SCHOOL CAFE,10100 INDEPENDENCE PKWY,Frisco,,10100 INDEPENDENCE PKWY | ,School and City,School or city facility,Institutional,FRISCO ISD,2,2,0,2025-11-07,2026-05-18,0,0,0.0,0,0,0,0,0,https://inspections.myhealthdepartment.com/frisco/permit/?permitID=AFA98A82-4A29-4D1A-9E41-5C6E9A67076C
13093DBA-9D1F-4F59-8FFC-D971C1511567,NELSON MIDDLE SCHOOL CONCESSIONS,10100 Independence Pkwy,Frisco,75035,10100 INDEPENDENCE PKWY | 75035,School and City,School or city facility,Institutional,FISD,2,2,0,2025-11-07,2026-05-18,0,0,0.0,0,0,0,0,0,https://inspections.myhealthdepartment.com/frisco/permit/?permitID=13093DBA-9D1F-4F59-8FFC-D971C1511567
748424BC-9E7A-426B-8136-3DD5FD99623F,NERDVANA,5757 MAIN ST 112,Frisco,75034,5757 MAIN ST 112 | 75034,Food Establishment II,Food establishment,American,KRISTY PITCHFORD,2,2,0,2025-11-06,2026-04-02,5,5,2.5,4,2,1,0,0,https://inspections.myhealthdepartment.com/frisco/permit/?permitID=748424BC-9E7A-426B-8136-3DD5FD99623F
00505375-FFF0-4A7D-9261-58A378A1F287,NERO SOLUTIONS LLC / DBA JAMBA JUICE,6828 STONEBROOK PKWY 500,Frisco,75034,6828 STONEBROOK PKWY 500 | 75034,Food Establishment II,Food establishment,Juice Bar,Nero Solutions LLC,2,2,0,2025-09-16,2026-04-09,0,2,1.0,2,1,0,0,0,https://inspections.myhealthdepartment.com/frisco/permit/?permitID=00505375-FFF0-4A7D-9261-58A378A1F287
48A0F29F-F9D3-4656-9BFF-4998D2817716,NEW START CHURCH MOTHER'S DAY OUT,10141 NORTH COUNTY RD,Frisco,,10141 NORTH COUNTY RD | ,HLTD,Health care / long-term care,Institutional,DENISE CRAWFORD,1,1,0,2025-09-08,2025-09-08,0,0,0.0,0,0,0,0,0,https://inspections.myhealthdepartment.com/frisco/permit/?permitID=48A0F29F-F9D3-4656-9BFF-4998D2817716
C4DE30C0-CE1D-470B-B40F-4556B8AABAF5,NEW YORK PIZZA AND PINTS ,8049 PRESTON RD 300,Frisco,75034,8049 PRESTON RD 300 | 75034,Food Establishment II,Food establishment,Pizza,"IFEM PIZZA CAFE-FRISCO, LLC",2,2,0,2025-09-02,2026-04-16,7,7,6.5,7,5,4,0,0,https://inspections.myhealthdepartment.com/frisco/permit/?permitID=C4DE30C0-CE1D-470B-B40F-4556B8AABAF5
CFC810D4-0049-42EC-AF94-9E317187CC03,NEWK'S EATERY - FRISCO,6750 GAYLORD PKWY 190,Frisco,75034,6750 GAYLORD PKWY 190 | 75034,Food Establishment II,Food establishment,Deli,Avky Solutions LLC,2,2,0,2026-02-24,2026-07-16,1,1,0.5,5,1,0,0,0,https://inspections.myhealthdepartment.com/frisco/permit/?permitID=CFC810D4-0049-42EC-AF94-9E317187CC03
1C5397F9-E0E9-43B5-8330-DA2101555F12,NEWMAN ELEMENTARY SCHOOL,12333 BRIAR RIDGE RD,Frisco,75033,12333 BRIAR RIDGE RD | 75033,School and City,School or city facility,Institutional,FRISCO ISD,2,2,0,2025-08-29,2026-04-17,0,0,0.0,0,0,0,0,0,https://inspections.myhealthdepartment.com/frisco/permit/?permitID=1C5397F9-E0E9-43B5-8330-DA2101555F12
83EB6421-E5EF-423C-AE55-9603AD20AC55,NEXTSHELF LLC ,2601 Avenue Of The Stars,"/,",,2601 AVENUE OF THE STARS | ,Food Establishment I,Food establishment,,Thomas Berman,1,1,0,2026-05-28,2026-05-28,0,0,0.0,1,0,0,0,0,https://inspections.myhealthdepartment.com/frisco/permit/?permitID=83EB6421-E5EF-423C-AE55-9603AD20AC55
6F3A0DD9-2771-4840-9D19-4F3EE8500791,NIKUGEN STEAK AND RAMEN,4710 PRESTON RD 300,Frisco,75034,4710 PRESTON RD 300 | 75034,Food Establishment III,Food establishment,Japanese,"ILSHIN IN TEXAS, INC",3,3,0,2025-10-29,2026-07-30,27,27,19.33,39,34,10,5,0,https://inspections.myhealthdepartment.com/frisco/permit/?permitID=6F3A0DD9-2771-4840-9D19-4F3EE8500791
CE67CD36-A032-42E5-91A4-7EBDB266B414,NOAH'S FINE WATCHES & JEWELRY ,6363 Dallas Pkwy 205,Frisco,75034,6363 DALLAS PKWY 205 | 75034,Food Establishment II,Food establishment,Specialty,Noah Mackie,1,1,0,2026-06-09,2026-06-09,0,0,0.0,3,0,0,0,0,https://inspections.myhealthdepartment.com/frisco/permit/?permitID=CE67CD36-A032-42E5-91A4-7EBDB266B414
534768C0-05D9-4DDD-A841-D5405DD575D0,NOODLE ONE,3311 PRESTON RD STE 1,Frisco,75034,3311 PRESTON RD 1 | 75034,Food Establishment II,Food establishment,Chinese,Yang Liu,1,1,0,2026-02-03,2026-02-03,30,30,30.0,23,22,4,0,0,https://inspections.myhealthdepartment.com/frisco/permit/?permitID=534768C0-05D9-4DDD-A841-D5405DD575D0
7A760E64-7D59-4723-BAF2-C6951D158B75,NORDSTROM BAZILLE,2613 PRESTON RD,Frisco,75034,2613 PRESTON RD | 75034,Food Establishment II,Food establishment,American,"NORDSTROM, INC",3,3,0,2025-08-01,2026-04-28,4,8,4.0,7,6,3,0,0,https://inspections.myhealthdepartment.com/frisco/permit/?permitID=7A760E64-7D59-4723-BAF2-C6951D158B75
B4655442-180D-413F-A478-80A79D5CEB0A,NORDSTROM EBAR,2613 PRESTON RD,Frisco,75034,2613 PRESTON RD | 75034,Food Establishment II,Food establishment,Coffee House & Cafe,"NORDSTROM, INC",2,2,0,2025-09-03,2026-03-04,4,5,4.5,5,4,2,0,0,https://inspections.myhealthdepartment.com/frisco/permit/?permitID=B4655442-180D-413F-A478-80A79D5CEB0A
AC7B0D8A-9D53-439C-9355-C68E85E78A12,NORMA'S CAFE,8300 GAYLORD PKWY 19,Frisco,75034,8300 GAYLORD PKWY 19 | 75034,Food Establishment II,Food establishment,Cafe,"MEAT & THREE, LLC - EDWARD MURPH",3,3,0,2025-07-07,2026-04-15,10,29,17.0,46,42,7,4,0,https://inspections.myhealthdepartment.com/frisco/permit/?permitID=AC7B0D8A-9D53-439C-9355-C68E85E78A12
DF2769BF-234B-4517-BE8D-A8A0B64F12C5,NORRIS ELEMENTARY CAFETERIA,10101 SHEPTON LN,Frisco,75035,10101 SHEPTON LN | 75035,School and City,School or city facility,Institutional,FRISCO ISD,2,2,0,2025-09-10,2026-04-14,0,0,0.0,0,0,0,0,0,https://inspections.myhealthdepartment.com/frisco/permit/?permitID=DF2769BF-234B-4517-BE8D-A8A0B64F12C5
26F5984B-D0DB-4482-974F-D4ED086D50BC,NORTHEAST COMMUNITY PARK CONCESSION,12895 HONEY GROVE DR,Frisco,75035,12895 HONEY GROVE DR | 75035,CONC,Concession stand,American,"R.S. LIM & SON, INC.",1,1,0,2025-07-31,2025-07-31,0,0,0.0,0,0,0,0,0,https://inspections.myhealthdepartment.com/frisco/permit/?permitID=26F5984B-D0DB-4482-974F-D4ED086D50BC
424F820B-314A-4E03-A945-533376567A90,NOTHING BUNDT CAKES,8837 LEBANON RD,Frisco,75034,8837 LEBANON RD | 75034,Food Establishment II,Food establishment,Bakery,FRISCO CAKES LLC,3,3,0,2025-08-08,2026-09-11,5,5,2.0,4,4,1,0,0,https://inspections.myhealthdepartment.com/frisco/permit/?permitID=424F820B-314A-4E03-A945-533376567A90
716AD2BE-2478-499E-8935-7887144EB16A,Noodology Frisco,9292 WARREN PKWY,Frisco,75035,9292 WARREN PKWY | 75035,Food Establishment II,Food establishment,Asian,Jili Chen,3,3,0,2025-09-09,2026-05-06,12,12,8.0,16,14,4,2,0,https://inspections.myhealthdepartment.com/frisco/permit/?permitID=716AD2BE-2478-499E-8935-7887144EB16A
8C70824A-F331-484E-8F6E-07C7D6830037,OLIVE GARDEN,2886 PRESTON RD,Frisco,75034,2886 PRESTON RD | 75034,Food Establishment II,Food establishment,Italian,"OLIVE GARDEN OF TEXAS, LLC",3,3,0,2025-08-07,2026-07-22,0,0,0.0,4,0,0,0,0,https://inspections.myhealthdepartment.com/frisco/permit/?permitID=8C70824A-F331-484E-8F6E-07C7D6830037
AFE859D1-5EE8-4D0D-8D1F-3C4A15CBC0A9,OLLIO PATISSERIE AND CAFE,8050 PRESTON RD Suite 104,Frisco,75035,8050 PRESTON RD 104 | 75035,Food Establishment II,Food establishment,Bakery,Golda Sumpon,3,3,0,2025-09-02,2026-07-02,7,7,4.0,8,6,2,2,1,https://inspections.myhealthdepartment.com/frisco/permit/?permitID=AFE859D1-5EE8-4D0D-8D1F-3C4A15CBC0A9
2AD8722B-F799-4F80-B3BC-2DE0C84669CB,OLYMPIA REFRESHMENTS,7668 Warren Pkwy,Frisco,75034,7668 WARREN PKWY | 75034,Food Establishment I,Food establishment,Convenience,Olympia Refreshments,1,1,0,2026-04-16,2026-04-16,0,0,0.0,1,0,0,0,0,https://inspections.myhealthdepartment.com/frisco/permit/?permitID=2AD8722B-F799-4F80-B3BC-2DE0C84669CB
14EE0C4E-08C1-4B3C-9360-7E9577B1BC3B,OMNI 1ST FLOOR RESTAURANT,11 COWBOYS WAY,Frisco,75034,11 COWBOYS WAY | 75034,Food Establishment II,Food establishment,American,SILVER STAR HOTEL CO,3,3,0,2025-08-25,2026-07-13,8,8,4.0,9,5,3,1,0,https://inspections.myhealthdepartment.com/frisco/permit/?permitID=14EE0C4E-08C1-4B3C-9360-7E9577B1BC3B
4F80FF37-97B3-4089-9E81-25FCAA91C49E,OMNI BALLROOM KITCHEN,11 COWBOYS WAY,Frisco,75034,11 COWBOYS WAY | 75034,Food Establishment II,Food establishment,Continental,SILVER STAR HOTEL CO.,3,3,0,2025-08-25,2026-07-13,0,6,3.0,5,4,2,0,0,https://inspections.myhealthdepartment.com/frisco/permit/?permitID=4F80FF37-97B3-4089-9E81-25FCAA91C49E
053CC2DF-E212-4241-B00F-32E75C0867E8,OMNI BANQUET KITCHEN,4341 Pga Pkwy,Frisco,75033,4341 PGA PKWY | 75033,Food Establishment II,Food establishment,Institutional,Omni PGA Frisco Resort & Spa,2,2,0,2025-09-09,2026-05-26,0,0,0.0,3,0,0,0,0,https://inspections.myhealthdepartment.com/frisco/permit/?permitID=053CC2DF-E212-4241-B00F-32E75C0867E8
C55C984F-B02B-4F0E-95E2-CB26B0BC57D5,OMNI COFFEE & WINE BAR,11 COWBOYS WAY,Frisco,75034,11 COWBOYS WAY | 75034,Food Establishment II,Food establishment,Coffee House & Cafe,SILVER STAR HOTEL CO,3,3,0,2025-08-25,2026-07-13,0,3,1.0,1,1,1,0,0,https://inspections.myhealthdepartment.com/frisco/permit/?permitID=C55C984F-B02B-4F0E-95E2-CB26B0BC57D5
4DF2B960-DCB6-4255-9E86-87A61DA92CEE,OMNI EVENT BARN SERVERY (PANTHER CREEK PAVILION),4341 Pga Pkwy,Frisco,75033,4341 PGA PKWY | 75033,Food Establishment II,Food establishment,American,Omni PGA Frisco Resort & Spa,2,2,0,2025-09-09,2026-05-26,0,0,0.0,0,0,0,0,0,https://inspections.myhealthdepartment.com/frisco/permit/?permitID=4DF2B960-DCB6-4255-9E86-87A61DA92CEE
EDFA8FE8-50CE-450B-A2DA-9514E8F7D973,OMNI HOTEL EMPLOYEE CAFETERIA,4341 Pga Pkwy,Frisco,75033,4341 PGA PKWY | 75033,Food Establishment II,Food establishment,Institutional,Omni PGA Frisco Resort & Spa,2,2,0,2025-09-09,2026-05-26,0,3,1.5,1,1,1,0,0,https://inspections.myhealthdepartment.com/frisco/permit/?permitID=EDFA8FE8-50CE-450B-A2DA-9514E8F7D973
81364420-B3F4-4BA4-B3C4-302EE277822C,OMNI HOTEL LOBBY BAR (THE LOOKOUT),4341 Pga Pkwy,Frisco,75033,4341 PGA PKWY | 75033,Food Establishment II,Food establishment,Convenience,Omni PGA Frisco Resort & Spa,2,2,0,2025-09-09,2026-05-26,0,0,0.0,0,0,0,0,0,https://inspections.myhealthdepartment.com/frisco/permit/?permitID=81364420-B3F4-4BA4-B3C4-302EE277822C
C3FBFF65-5774-4F2F-9699-CD5958E44DAC,OMNI HOTEL POOL BAR - ADULT POOL,4341 Pga Pkwy,Frisco,75033,4341 PGA PKWY | 75033,Food Establishment II,Food establishment,Convenience,Omni PGA Frisco Resort & Spa,2,2,0,2025-09-09,2026-05-26,2,2,1.0,1,1,0,0,0,https://inspections.myhealthdepartment.com/frisco/permit/?permitID=C3FBFF65-5774-4F2F-9699-CD5958E44DAC
840BC953-D56C-4E63-B392-F3E8A800BEA3,OMNI HOTEL POOL BAR - FAMILY POOL,4341 Pga Pkwy,Frisco,75033,4341 PGA PKWY | 75033,Food Establishment II,Food establishment,Convenience,Omni PGA Frisco Resort & Spa,2,2,0,2025-09-09,2026-05-26,0,0,0.0,0,0,0,0,0,https://inspections.myhealthdepartment.com/frisco/permit/?permitID=840BC953-D56C-4E63-B392-F3E8A800BEA3
0B74EE16-9DE0-4EBF-B71D-D3C626C7BD35,OMNI POOL BAR & GRILL,11 COWBOYS WAY,Frisco,75034,11 COWBOYS WAY | 75034,Food Establishment II,Food establishment,American,SILVER STAR HOTEL CO,3,3,0,2025-08-25,2026-07-13,6,6,2.0,3,2,2,0,0,https://inspections.myhealthdepartment.com/frisco/permit/?permitID=0B74EE16-9DE0-4EBF-B71D-D3C626C7BD35
49AA7442-3339-4BEF-A266-BD20070426CE,OMNI SPA JUICE BAR,4341 Pga Pkwy,Frisco,75033,4341 PGA PKWY | 75033,Food Establishment II,Food establishment,Juice Bar,Omni PGA Frisco Resort & Spa,2,2,0,2025-09-09,2026-05-26,0,0,0.0,0,0,0,0,0,https://inspections.myhealthdepartment.com/frisco/permit/?permitID=49AA7442-3339-4BEF-A266-BD20070426CE
CB7AA534-2F3D-46D6-BB4F-272BED00590A,ONYX NAIL BAR,9179 DALLAS PKWY 100,Frisco,75033,9179 DALLAS PKWY 100 | 75033,Food Establishment II,Food establishment,Convenience,BT NAILS LLC,3,3,0,2025-07-02,2026-08-03,1,1,0.67,3,2,0,0,0,https://inspections.myhealthdepartment.com/frisco/permit/?permitID=CB7AA534-2F3D-46D6-BB4F-272BED00590A
55AB953B-0B27-436E-AFFF-A88E320F39FA,"ORIGINS SPI, LLC DBA RESTORED PATH DETOX",11777 LEBANON RD,Frisco,75035,11777 LEBANON RD | 75035,Food Establishment II,Food establishment,Institutional,"ORIGINS SPI, LLC",2,2,0,2025-08-07,2026-02-12,0,0,0.0,1,0,0,0,0,https://inspections.myhealthdepartment.com/frisco/permit/?permitID=55AB953B-0B27-436E-AFFF-A88E320F39FA
F8C77C76-B22D-4811-A448-B0388338EB93,ORION DONUT & KOLACHE,6801 WARREN PKWY 105,Frisco,75034,6801 WARREN PKWY 105 | 75034,Food Establishment II,Food establishment,Bakery,YOUNG SIL KIM,3,3,0,2025-07-17,2026-09-04,0,0,0.0,1,0,0,0,0,https://inspections.myhealthdepartment.com/frisco/permit/?permitID=F8C77C76-B22D-4811-A448-B0388338EB93
F0619714-2C4A-499D-9195-095743007529,OSAKA SUSHI & HIBACHI BAR ,15962 ELDORADO PKWY 400,Frisco,75035,15962 ELDORADO PKWY 400 | 75035,Food Establishment III,Food establishment,Japanese,Dandan Zhang,1,1,0,2026-06-15,2026-06-15,10,10,10.0,10,7,2,0,0,https://inspections.myhealthdepartment.com/frisco/permit/?permitID=F0619714-2C4A-499D-9195-095743007529
6CE01BA0-3B77-4044-8AA6-3AEABD57FA8A,OSAKA SUSHI HIBACHI BAR AT FRISCO,15962 ELDORADO PKWY 400,Frisco,75035,15962 ELDORADO PKWY 400 | 75035,Food Establishment III,Food establishment,Asian,jie weng,3,3,0,2025-09-16,2026-09-08,25,25,13.0,31,28,7,2,0,https://inspections.myhealthdepartment.com/frisco/permit/?permitID=6CE01BA0-3B77-4044-8AA6-3AEABD57FA8A
F6829899-B490-4F70-842F-061FEF27E7D7,OUMI SUSHI,2500 ELDORADO PKWY,Frisco,,2500 ELDORADO PKWY | ,Food Establishment III,Food establishment,Asian,LWIN FAMILY CO. LTD.,3,3,0,2025-08-05,2026-08-13,0,0,0.0,1,0,0,0,0,https://inspections.myhealthdepartment.com/frisco/permit/?permitID=F6829899-B490-4F70-842F-061FEF27E7D7
C1D0E57D-41E0-48D6-A503-2925330AA3AA,OUTBACK STEAKHOUSE,9382 STATE HWY 121,Frisco,75035,9382 STATE HWY 121 | 75035,Food Establishment II,Food establishment,Steak House,"OUTBACK STEAKHOUSE OF FLORIDA,",3,3,0,2025-09-02,2026-07-21,1,1,0.67,3,2,0,1,0,https://inspections.myhealthdepartment.com/frisco/permit/?permitID=C1D0E57D-41E0-48D6-A503-2925330AA3AA
14351BCA-97DC-4608-9A6F-4528F3152D37,OVERTURE FRISCO,4140 LEGENDARY DR,Frisco,75034,4140 LEGENDARY DR | 75034,Food Establishment II,Food establishment,American,CARLYLE GROUP,3,3,0,2025-07-23,2026-06-19,0,2,0.67,5,2,0,0,0,https://inspections.myhealthdepartment.com/frisco/permit/?permitID=14351BCA-97DC-4608-9A6F-4528F3152D37
3276C69A-E01D-4EBE-89B7-EA5280314E20,Olympia Refreshments,3560 DALLAS PKWY,Frisco,75034,3560 DALLAS PKWY | 75034,Food Establishment I,Food establishment,Convenience,Olympia Refreshments,1,1,0,2026-04-16,2026-04-16,0,0,0.0,1,0,0,0,0,https://inspections.myhealthdepartment.com/frisco/permit/?permitID=3276C69A-E01D-4EBE-89B7-EA5280314E20
DD45DE10-727D-4AE9-BB20-62D6A1EF050B,PACIUGO,2601 PRESTON RD 6523,Frisco,75034,2601 PRESTON RD 6523 | 75034,Food Establishment II,Food establishment,Ice Cream,NADIA RANA,2,2,0,2026-01-15,2026-09-24,0,0,0.0,7,0,0,0,0,https://inspections.myhealthdepartment.com/frisco/permit/?permitID=DD45DE10-727D-4AE9-BB20-62D6A1EF050B
1F838003-678A-494F-A2D7-3E0D85BC1C03,PACIUGO FRISCO SOUTH,8008 STATE HIGHWAY 121,Frisco,75034,8008 STATE HIGHWAY 121 | 75034,Food Establishment II,Food establishment,Ice Cream,THAKKER LLC,2,2,0,2025-09-16,2026-03-17,2,2,2.0,2,2,0,0,0,https://inspections.myhealthdepartment.com/frisco/permit/?permitID=1F838003-678A-494F-A2D7-3E0D85BC1C03
09203CB8-6EA9-41CE-B95D-1ADA274D529C,PALIO'S PIZZA CAFE,3492 LEGACY DR 100,Frisco,75034,3492 LEGACY DR 100 | 75034,Food Establishment II,Food establishment,Pizza,Ali Tamimi,3,3,0,2025-11-19,2026-09-09,14,14,7.67,17,14,5,0,0,https://inspections.myhealthdepartment.com/frisco/permit/?permitID=09203CB8-6EA9-41CE-B95D-1ADA274D529C
0527BF43-0978-4E3C-BCC2-CBE3588FFC51,PALIO'S PIZZA CAFE,8755 PRESTON RD 300,Frisco,75034,8755 PRESTON RD 300 | 75034,Food Establishment II,Food establishment,Pizza,"PPC  GROUP ONE, LLC",1,1,0,2026-01-14,2026-01-14,0,0,0.0,0,0,0,0,0,https://inspections.myhealthdepartment.com/frisco/permit/?permitID=0527BF43-0978-4E3C-BCC2-CBE3588FFC51
412159B5-EFEC-4C59-87BF-38B397F4A1EC,PANDA EXPRESS,3511 PRESTON RD,Frisco,75034,3511 PRESTON RD | 75034,Food Establishment II,Food establishment,Asian,PANDA EXPRESS INC,4,4,0,2025-06-24,2026-09-01,0,0,0.0,0,0,0,0,0,https://inspections.myhealthdepartment.com/frisco/permit/?permitID=412159B5-EFEC-4C59-87BF-38B397F4A1EC
BBB999A3-89D7-4D85-B2FD-3041A38C12D5,PANDA EXPRESS,2601 PRESTON RD 5508,Frisco,75034,2601 PRESTON RD 5508 | 75034,Food Establishment II,Food establishment,Asian,"PANDA EXPRESS, INC.",3,3,0,2025-09-03,2026-05-07,1,1,1.0,3,3,0,2,0,https://inspections.myhealthdepartment.com/frisco/permit/?permitID=BBB999A3-89D7-4D85-B2FD-3041A38C12D5
8D6CA637-1418-48F4-9301-28FC0C05221B,PANDA EXPRESS #1533,12244 FM 423 100,Frisco,75033,12244 FM 423 100 | 75033,Food Establishment II,Food establishment,Asian,PANDA EXPRESS INC.,3,3,0,2025-08-07,2026-05-07,0,0,0.0,0,0,0,0,0,https://inspections.myhealthdepartment.com/frisco/permit/?permitID=8D6CA637-1418-48F4-9301-28FC0C05221B
417485CF-AC7B-4812-B8AA-3A25E35E504B,PANDA EXPRESS #3668,599 UNIVERSITY DR,Frisco,75033,599 UNIVERSITY DR | 75033,Food Establishment II,Food establishment,Chinese,PANDA EXPRESS INC,3,3,0,2025-10-31,2026-05-22,0,0,0.0,1,0,0,0,0,https://inspections.myhealthdepartment.com/frisco/permit/?permitID=417485CF-AC7B-4812-B8AA-3A25E35E504B
FB5C6F5C-2ECB-479F-BF45-822F98F6694B,PANERA BREAD,5062 MAIN ST,Frisco,75033,5062 MAIN ST | 75033,Food Establishment II,Food establishment,Deli,"PANERA, LLC",3,3,0,2025-08-04,2026-04-09,0,3,2.0,3,2,2,1,0,https://inspections.myhealthdepartment.com/frisco/permit/?permitID=FB5C6F5C-2ECB-479F-BF45-822F98F6694B
01C79F5B-A0F8-4044-ADDB-D259E6268227,PANERA BREAD #6122,3975 PRESTON RD,Frisco,75034,3975 PRESTON RD | 75034,Food Establishment II,Food establishment,Deli,"PANERA, LLC",3,3,0,2025-10-14,2026-08-25,3,3,2.0,5,3,2,0,0,https://inspections.myhealthdepartment.com/frisco/permit/?permitID=01C79F5B-A0F8-4044-ADDB-D259E6268227
7F35079F-3C39-4FE8-9784-FA1A4B5B1480,PANTHER CREEK HIGH SCHOOL,1875 PGA PKWY,Frisco,75033,1875 PGA PKWY | 75033,School and City,School or city facility,Institutional,FRISCO ISD,2,2,0,2025-10-06,2026-05-07,0,0,0.0,0,0,0,0,0,https://inspections.myhealthdepartment.com/frisco/permit/?permitID=7F35079F-3C39-4FE8-9784-FA1A4B5B1480
54181825-F867-44BD-84A5-5BFD5C8D6088,PANTHER CREEK HIGH SCHOOL AUDITORIUM CONCESSION STAND,1875 PGA PKWY,Frisco,75033,1875 PGA PKWY | 75033,School and City,School or city facility,Institutional,FRISCO ISD,2,2,0,2025-10-06,2026-05-07,0,0,0.0,0,0,0,0,0,https://inspections.myhealthdepartment.com/frisco/permit/?permitID=54181825-F867-44BD-84A5-5BFD5C8D6088
AC36BE97-A062-4991-9116-100C68DC2A9D,PANTHER CREEK HIGH SCHOOL BASEBALL CONCESSION STAND,1875 PGA PKWY,Frisco,75033,1875 PGA PKWY | 75033,School and City,School or city facility,Institutional,FRISCO ISD,2,2,0,2025-10-06,2026-05-07,0,0,0.0,0,0,0,0,0,https://inspections.myhealthdepartment.com/frisco/permit/?permitID=AC36BE97-A062-4991-9116-100C68DC2A9D
097D4C2E-9730-461F-BD63-867E8992E796,PANTHER CREEK HIGH SCHOOL BASKETBALL CONCESSION STAND,1875 PGA PKWY,Frisco,75033,1875 PGA PKWY | 75033,School and City,School or city facility,Institutional,FRISCO ISD,2,2,0,2025-10-06,2026-05-07,0,0,0.0,0,0,0,0,0,https://inspections.myhealthdepartment.com/frisco/permit/?permitID=097D4C2E-9730-461F-BD63-867E8992E796
295659BB-4BB1-4C20-BA57-5268A198EB05,PANTHER CREEK HIGH SCHOOL FIELD HOUSE CONCESSION,1875 PGA PKWY,Frisco,75033,1875 PGA PKWY | 75033,School and City,School or city facility,Institutional,FRISCO ISD,2,2,0,2025-10-06,2026-05-07,0,0,0.0,0,0,0,0,0,https://inspections.myhealthdepartment.com/frisco/permit/?permitID=295659BB-4BB1-4C20-BA57-5268A198EB05
4F4DF4C9-3C2A-4B2A-8F72-69DCE5FD286D,PANTHER CREEK PREP SCHOOL ADDITION,11000 PANTHER CREEK PKWY,Frisco,,11000 PANTHER CREEK PKWY | ,DAYC,Child care,Institutional,NT SCHOOL HOLDING TWO LP,2,2,0,2025-07-09,2026-03-10,0,0,0.0,0,0,0,0,0,https://inspections.myhealthdepartment.com/frisco/permit/?permitID=4F4DF4C9-3C2A-4B2A-8F72-69DCE5FD286D
DCBAC29B-D3E6-4749-BCC7-52CCFFE66175,PAPA JOHN'S,7410 PRESTON RD 127,Frisco,75034,7410 PRESTON RD 127 | 75034,Food Establishment II,Food establishment,Pizza,"STAR PAPA, LP",3,3,0,2025-07-14,2026-09-09,4,5,3.0,7,6,0,1,0,https://inspections.myhealthdepartment.com/frisco/permit/?permitID=DCBAC29B-D3E6-4749-BCC7-52CCFFE66175
6EA9B684-6D5C-4593-B1DC-3CAB8F932C8D,PAPA MURPHY'S TAKE 'N' BAKE PIZZA,12398 FM 423 Suite 1500,Frisco,75033,12398 FM 423 1500 | 75033,Food Establishment II,Food establishment,Pizza,"Papamurph4u, Inc.",3,3,0,2025-08-07,2026-04-23,1,3,1.33,3,2,1,0,0,https://inspections.myhealthdepartment.com/frisco/permit/?permitID=6EA9B684-6D5C-4593-B1DC-3CAB8F932C8D
6709B570-1E51-4E76-B9C8-80DCD6AE04DC,PAPPAROTI,9188 PRESTMONT PL 100,Frisco,75035,9188 PRESTMONT PL 100 | 75035,Food Establishment II,Food establishment,Bakery,SHOAIB MOHAMMED / SAMA MOHAMMED,2,2,0,2025-10-28,2026-03-12,9,9,8.0,13,10,1,2,0,https://inspections.myhealthdepartment.com/frisco/permit/?permitID=6709B570-1E51-4E76-B9C8-80DCD6AE04DC
D3D20649-357D-4714-BBEA-D186A4E830EF,PARKVIEW FRISCO,7450 STONEBROOK PKWY,Frisco,75034,7450 STONEBROOK PKWY | 75034,Food Establishment III,Food establishment,New American,WATERMARK PARKVIEW LLC,3,3,0,2025-11-04,2026-05-18,1,6,4.0,9,6,2,0,0,https://inspections.myhealthdepartment.com/frisco/permit/?permitID=D3D20649-357D-4714-BBEA-D186A4E830EF
33D52474-5EAA-4721-BC5E-9E7BEFB38DA1,PARKVIEW IN FRISCO,7420 ROLLING BROOK DR,Frisco,75034,7420 ROLLING BROOK DR | 75034,Food Establishment III,Food establishment,Institutional,WATERMARK PARKVIEW AL LLC,3,3,0,2025-07-02,2026-05-21,6,12,9.0,12,11,7,5,0,https://inspections.myhealthdepartment.com/frisco/permit/?permitID=33D52474-5EAA-4721-BC5E-9E7BEFB38DA1
61636928-A14A-4681-8D02-BF4736649C5E,PATEL BROTHERS,2787 PRESTON RD 1150,Frisco,75034,2787 PRESTON RD 1150 | 75034,Grocery Store I,Grocery,Indian,"FRISCO GROCERY, LLC",2,2,0,2025-11-14,2026-04-24,9,9,5.0,6,5,2,0,0,https://inspections.myhealthdepartment.com/frisco/permit/?permitID=61636928-A14A-4681-8D02-BF4736649C5E
DE4D4DB0-BAA5-4051-9E74-A8BA15FEE34F,PEARSON MIDDLE SCHOOL CAFETERIA,2323 STONEBROOK PKWY,Frisco,75036,2323 STONEBROOK PKWY | 75036,School and City,School or city facility,Institutional,FRISCO ISD,2,2,0,2025-11-07,2026-05-18,0,0,0.0,0,0,0,0,0,https://inspections.myhealthdepartment.com/frisco/permit/?permitID=DE4D4DB0-BAA5-4051-9E74-A8BA15FEE34F
0B9C3DDB-7AC3-4304-A6D6-0729E356B128,PEI WEI ASIAN DINER,5110 MAIN ST,Frisco,,5110 MAIN ST | ,Food Establishment II,Food establishment,Asian,"Pei Wei Asian Diner, LLC",4,4,0,2025-08-13,2026-09-09,13,13,5.25,17,13,2,2,0,https://inspections.myhealthdepartment.com/frisco/permit/?permitID=0B9C3DDB-7AC3-4304-A6D6-0729E356B128
D26BED32-8A82-4130-8F4F-35128D8B7509,PEI WEI ASIAN KITCHEN,1795 UNIVERSITY DR Suite 200,Frisco,75033,1795 UNIVERSITY DR 200 | 75033,Food Establishment II,Food establishment,Asian,"Pei Wei Asian Diner, LLC",3,3,0,2025-10-01,2026-06-09,12,12,5.33,10,9,3,1,0,https://inspections.myhealthdepartment.com/frisco/permit/?permitID=D26BED32-8A82-4130-8F4F-35128D8B7509
E18FF88A-BAC5-48BF-8024-261620147F8E,PEPPER LUNCH ,9180 Warren Pkwy 150,Frisco,75035,9180 WARREN PKWY 150 | 75035,Food Establishment II,Food establishment,Japanese,PL FRISCO LLC,1,1,0,2026-05-27,2026-05-27,3,3,3.0,4,2,1,0,0,https://inspections.myhealthdepartment.com/frisco/permit/?permitID=E18FF88A-BAC5-48BF-8024-261620147F8E
6E2F4988-B2A0-4BF3-B3D4-CF7DE1C16F8D,PERRY'S STEAKHOUSE & GRILLE,2440 PARKWOOD BLVD,Frisco,75034,2440 PARKWOOD BLVD | 75034,Food Establishment II,Food establishment,Steak House,"PERRY'S RESTAURANTS, LTD",3,3,0,2025-09-03,2026-09-11,16,16,8.33,21,15,5,0,0,https://inspections.myhealthdepartment.com/frisco/permit/?permitID=6E2F4988-B2A0-4BF3-B3D4-CF7DE1C16F8D
2F3C87C7-9052-4E28-B765-5B068B5F1AA5,PERSIA FRISCO,7447 HILLCREST RD 104,Frisco,75035,7447 HILLCREST RD 104 | 75035,Grocery Store I,Grocery,Grocery,SHERWIN-BRIAN LLC,1,1,0,2025-12-18,2025-12-18,5,5,5.0,2,2,1,0,0,https://inspections.myhealthdepartment.com/frisco/permit/?permitID=2F3C87C7-9052-4E28-B765-5B068B5F1AA5
B6C7DB7D-526A-413B-A502-951C7297E5DC,PGA MIDCOURSE CONCESSION (FIELDS OVERLOOK),4341 Pga Pkwy,Frisco,75033,4341 PGA PKWY | 75033,Food Establishment II,Food establishment,Convenience,Omni PGA Frisco Resort & Spa,2,2,0,2025-10-15,2026-05-28,0,0,0.0,0,0,0,0,0,https://inspections.myhealthdepartment.com/frisco/permit/?permitID=B6C7DB7D-526A-413B-A502-951C7297E5DC
4227419E-8CB2-42AB-985E-B328268A5308,PGA Store,3255 PGA PKWY 401,Frisco,75033,3255 PGA PKWY 401 | 75033,Food Establishment II,Food establishment,Convenience,Omni PGA Frisco Resort & Spa,2,2,0,2025-10-15,2026-05-28,0,0,0.0,0,0,0,0,0,https://inspections.myhealthdepartment.com/frisco/permit/?permitID=4227419E-8CB2-42AB-985E-B328268A5308
7387CEE1-6A0F-47E0-87FF-65AC7AFE088F,PHILLIPS ELEMENTARY SCHOOL,2285 LITTLE RIVER DR,Frisco,75033,2285 LITTLE RIVER DR | 75033,School and City,School or city facility,Institutional,FRISCO ISD,2,2,0,2025-10-06,2026-05-05,0,0,0.0,0,0,0,0,0,https://inspections.myhealthdepartment.com/frisco/permit/?permitID=7387CEE1-6A0F-47E0-87FF-65AC7AFE088F
F22A9D06-3520-4D48-9C63-D2BACEACBB48,PHO QUE HUONG,5110 ELDORADO PKWY 200,Frisco,75033,5110 ELDORADO PKWY 200 | 75033,Food Establishment II,Food establishment,Vietnamese,MELISSA TRANG,4,4,0,2025-07-22,2026-09-24,20,21,13.75,39,36,8,4,0,https://inspections.myhealthdepartment.com/frisco/permit/?permitID=F22A9D06-3520-4D48-9C63-D2BACEACBB48
4F5ADB6F-D4F7-4400-8E3E-DBD76ECAB227,PIADA ITALIAN STREET FOOD,3301 PRESTON RD BLDGF STE1,Frisco,75034,3301 PRESTON RD BLDGF STE1 | 75034,Food Establishment II,Food establishment,Italian,PIADA FRISCO LLC,2,2,0,2025-11-06,2026-04-23,0,0,0.0,0,0,0,0,0,https://inspections.myhealthdepartment.com/frisco/permit/?permitID=4F5ADB6F-D4F7-4400-8E3E-DBD76ECAB227
24743CF0-DCD5-430B-8C07-754AE5112052,PIE FIVE PIZZA,5110 MAIN ST 500,Frisco,,5110 MAIN ST 500 | ,Food Establishment II,Food establishment,Pizza,EGYBRO LLC,2,2,0,2025-11-05,2026-03-17,7,7,3.5,7,4,1,0,0,https://inspections.myhealthdepartment.com/frisco/permit/?permitID=24743CF0-DCD5-430B-8C07-754AE5112052
473D9830-BF3B-47E8-98A6-2E85D6209183,PIE TAP,4880 ELDORADO PKWY 100,Frisco,75033,4880 ELDORADO PKWY 100 | 75033,Food Establishment II,Food establishment,Pizza,Pie Tap Design District LLC,3,3,0,2025-09-09,2026-08-24,4,6,4.0,5,5,3,0,0,https://inspections.myhealthdepartment.com/frisco/permit/?permitID=473D9830-BF3B-47E8-98A6-2E85D6209183
0726CBB5-B2BB-4D00-9C39-D2341D371E56,PINK ELEMENTARY,3650 OVERHILL DR,Frisco,75033,3650 OVERHILL DR | 75033,School and City,School or city facility,Institutional,FRISCO ISD,2,2,0,2025-11-05,2026-05-20,0,0,0.0,0,0,0,0,0,https://inspections.myhealthdepartment.com/frisco/permit/?permitID=0726CBB5-B2BB-4D00-9C39-D2341D371E56
85C5EDB9-AD49-41E9-B857-AE97550AF7A4,PINNACLE MONTESSORI ,10247 Warren Pkwy,Frisco,75035,10247 WARREN PKWY | 75035,DAYC,Child care,Institutional,ENLIGHTENED BEGINNINGS LLC,2,2,0,2025-11-25,2026-05-13,0,0,0.0,0,0,0,0,0,https://inspections.myhealthdepartment.com/frisco/permit/?permitID=85C5EDB9-AD49-41E9-B857-AE97550AF7A4
AB861BBD-54D6-4DBE-8E37-2BD64371EB43,PINNACLE MONTESSORI ACADEMY,6555 DALLAS PKWY,Frisco,75034,6555 DALLAS PKWY | 75034,DAYC,Child care,Institutional,PINNACLE MONTESSORI ACADEMY,5,5,0,2025-08-11,2026-09-14,0,3,0.6,2,2,0,0,0,https://inspections.myhealthdepartment.com/frisco/permit/?permitID=AB861BBD-54D6-4DBE-8E37-2BD64371EB43
A8CCB7B7-F18D-4FC6-8DF5-1175E3AFC8F2,PINNACLE MONTESSORI OF MAIN AT COIT,11955 COIT RD,Frisco,75035,11955 COIT RD | 75035,DAYC,Child care,Institutional,Asila Moghadam,3,3,0,2025-09-04,2026-05-18,0,0,0.0,0,0,0,0,0,https://inspections.myhealthdepartment.com/frisco/permit/?permitID=A8CCB7B7-F18D-4FC6-8DF5-1175E3AFC8F2
59F52828-A895-4286-8E9A-9F243A17C66D,PIONEER MIDDLE SCHOOL,1649 HIGH SHOALS DR,Frisco,75036,1649 HIGH SHOALS DR | 75036,School and City,School or city facility,Institutional,FRISCO ISD,2,2,0,2025-11-05,2026-05-18,0,0,0.0,0,0,0,0,0,https://inspections.myhealthdepartment.com/frisco/permit/?permitID=59F52828-A895-4286-8E9A-9F243A17C66D
A204C8FD-43EE-4F4B-9872-CBE38AAA6752,PIONEER MIDDLE SCHOOL CONCESSION STAND,1649 HIGH SHOALS DR,Frisco,75036,1649 HIGH SHOALS DR | 75036,School and City,School or city facility,Institutional,FISD,2,2,0,2025-11-05,2026-05-18,0,0,0.0,0,0,0,0,0,https://inspections.myhealthdepartment.com/frisco/permit/?permitID=A204C8FD-43EE-4F4B-9872-CBE38AAA6752
114367A9-507E-4F02-97A7-9BC26664765D,PITA MEDITERRANEAN GRILL ,8333 Preston Rd,Frisco,75034,8333 PRESTON RD | 75034,Food Establishment II,Food establishment,Mediterranean,ODEH INTERNATIONAL INC,2,2,0,2026-02-23,2026-09-21,7,7,4.5,15,9,0,0,0,https://inspections.myhealthdepartment.com/frisco/permit/?permitID=114367A9-507E-4F02-97A7-9BC26664765D
DFF96046-38DE-4710-8D74-17DF529D9211,PIZZA AND TACO TWIST,6950 LEBANON RD 104,Frisco,75034,6950 LEBANON RD 104 | 75034,Food Establishment II,Food establishment,Fusion,Sandhya Ravi Kumar,4,4,0,2025-09-03,2026-06-15,7,7,4.25,16,10,0,0,0,https://inspections.myhealthdepartment.com/frisco/permit/?permitID=DFF96046-38DE-4710-8D74-17DF529D9211
6FBB04F4-9735-4E33-98BC-66D108734EFA,PIZZA HUT,11445 DALLAS PKWY STE 285,Frisco,75034,11445 DALLAS PKWY 285 | 75034,Food Establishment II,Food establishment,Pizza,M. BAIRD,4,4,0,2025-07-01,2026-08-10,0,0,0.0,1,0,0,0,0,https://inspections.myhealthdepartment.com/frisco/permit/?permitID=6FBB04F4-9735-4E33-98BC-66D108734EFA
9654C8C7-A074-48AE-86B4-DF823F892C5B,PIZZA HUT,7447 HILLCREST RD 108,Frisco,75035,7447 HILLCREST RD 108 | 75035,Food Establishment II,Food establishment,Pizza,MICHAEL BAIRD,2,2,0,2025-10-22,2026-04-24,1,1,1.0,3,2,0,0,0,https://inspections.myhealthdepartment.com/frisco/permit/?permitID=9654C8C7-A074-48AE-86B4-DF823F892C5B
3AA4EC8B-3F3F-45D2-95CB-B14A43F9AD6D,PIZZA HUT,2772 STONEBROOK PKWY 300,Frisco,,2772 STONEBROOK PKWY 300 | ,Food Establishment II,Food establishment,Pizza,MICHAEL BAIRD,2,2,0,2025-10-22,2026-06-15,0,0,0.0,1,0,0,0,0,https://inspections.myhealthdepartment.com/frisco/permit/?permitID=3AA4EC8B-3F3F-45D2-95CB-B14A43F9AD6D
DB8E7FFA-AEA7-4E1D-A500-8783B6B15EE6,PIZZA HUT,12244 FM 423 300,Frisco,75033,12244 FM 423 300 | 75033,Food Establishment II,Food establishment,Pizza,TUMBLEWEED PIZZA PARTNERS,2,2,0,2025-10-27,2026-05-07,2,2,1.0,1,1,0,0,0,https://inspections.myhealthdepartment.com/frisco/permit/?permitID=DB8E7FFA-AEA7-4E1D-A500-8783B6B15EE6
051D3B55-555C-45F6-B602-902EA4CBF85F,PIZZERIA ALBA,2552 STONEBROOK PKWY 750A,Frisco,75034,2552 STONEBROOK PKWY 750A | 75034,Food Establishment II,Food establishment,Pizza,VALDETA KABA,1,1,0,2026-01-16,2026-01-16,4,4,4.0,4,2,0,0,0,https://inspections.myhealthdepartment.com/frisco/permit/?permitID=051D3B55-555C-45F6-B602-902EA4CBF85F
68D6697B-FB3C-46EF-A50B-FE554E2DA60E,PIZZERIA TESTA,8660 CHURCH ST,Frisco,75034,8660 CHURCH ST | 75034,Food Establishment II,Food establishment,Pizza,BARRY SCHAEFER,3,3,0,2025-07-08,2026-06-11,2,2,1.33,2,2,0,2,0,https://inspections.myhealthdepartment.com/frisco/permit/?permitID=68D6697B-FB3C-46EF-A50B-FE554E2DA60E
F258FED6-1ABC-4BFD-B89D-245FC2BA460D,PJ's Coffee of New Orleans,7967 CUSTER RD 100,Frisco,75035,7967 CUSTER RD 100 | 75035,Food Establishment II,Food establishment,Coffee House & Cafe,Lauren Elliott,1,1,0,2025-10-03,2025-10-03,0,0,0.0,0,0,0,0,0,https://inspections.myhealthdepartment.com/frisco/permit/?permitID=F258FED6-1ABC-4BFD-B89D-245FC2BA460D
F7E54DDD-A63B-489E-9223-BEA7CEA1C1EF,PLATIA GREEK KOUZINA,2995 PRESTON RD 1590,Frisco,75034,2995 PRESTON RD 1590 | 75034,Food Establishment II,Food establishment,Greek,PLATIA LLC,3,3,0,2025-09-22,2026-07-23,0,3,1.0,5,1,1,0,0,https://inspections.myhealthdepartment.com/frisco/permit/?permitID=F7E54DDD-A63B-489E-9223-BEA7CEA1C1EF
34F408A8-6E95-43ED-868F-B1E9343904DF,PLN Frisco LLC,8555 FM 423 102,Frisco,75036,8555 FM 423 102 | 75036,Food Establishment II,Food establishment,Specialty,PLN FRISCO LLC,2,2,0,2025-08-21,2026-02-17,0,3,1.5,1,1,1,0,0,https://inspections.myhealthdepartment.com/frisco/permit/?permitID=34F408A8-6E95-43ED-868F-B1E9343904DF
8C2955F8-BB7A-42A5-8D90-34944C5EE621,POKEWORKS,3401 PRESTON RD 10,Frisco,75034,3401 PRESTON RD 10 | 75034,Food Establishment II,Food establishment,Seafood,JBS Poke LLC,2,2,0,2025-12-09,2026-06-01,6,6,3.0,3,3,1,0,0,https://inspections.myhealthdepartment.com/frisco/permit/?permitID=8C2955F8-BB7A-42A5-8D90-34944C5EE621
61E60F04-8818-4330-97B2-F5967F89B27F,POPARELLA'S,8873 COLEMAN BLVD,Frisco,75034,8873 COLEMAN BLVD | 75034,Food Establishment II,Food establishment,Convenience,GINA JOHNSON,3,3,0,2025-08-11,2026-09-16,4,4,1.33,5,2,1,0,0,https://inspections.myhealthdepartment.com/frisco/permit/?permitID=61E60F04-8818-4330-97B2-F5967F89B27F
4CE921E4-D3DF-4E6E-8A49-1294A4DF17D4,POPEYES,2601 PRESTON RD #2054,Frisco,75034,2601 PRESTON RD 2054 | 75034,Food Establishment II,Food establishment,Fast Food,POP of Stonebriar Inc,3,3,0,2025-08-21,2026-09-09,14,14,4.67,9,5,4,0,0,https://inspections.myhealthdepartment.com/frisco/permit/?permitID=4CE921E4-D3DF-4E6E-8A49-1294A4DF17D4
37CC4087-6548-4869-AF68-4FB3791D9F79,POPEYES LOUISIANA KITCHEN,5420 FM 423,Frisco,75036,5420 FM 423 | 75036,Food Establishment II,Food establishment,Fast Food,Mohammed Lakhany,2,2,0,2025-07-10,2026-04-16,6,6,3.0,5,3,1,0,0,https://inspections.myhealthdepartment.com/frisco/permit/?permitID=37CC4087-6548-4869-AF68-4FB3791D9F79
A932FAFD-A78D-4662-A9CD-F6BC88F1E1AB,POPEYES LOUISIANA KITCHEN,9185 PRESTON RD,Frisco,75033,9185 PRESTON RD | 75033,Food Establishment II,Food establishment,Fast Food,"POP RESTAURANT, LLC.",2,2,0,2026-01-13,2026-09-10,5,5,2.5,9,5,0,0,0,https://inspections.myhealthdepartment.com/frisco/permit/?permitID=A932FAFD-A78D-4662-A9CD-F6BC88F1E1AB
5FDEA681-746D-48D3-BF45-9CA1B7C47A43,PORTILLO'S,16499 Fm 423,Frisco,75033,16499 FM 423 | 75033,Food Establishment II,Food establishment,American,"PORTILLO'S HOT DOGS, LLC",1,1,0,2026-07-06,2026-07-06,3,3,3.0,3,1,1,0,0,https://inspections.myhealthdepartment.com/frisco/permit/?permitID=5FDEA681-746D-48D3-BF45-9CA1B7C47A43
D830FD13-8D99-43EC-B910-1658374CB257,PRAIRIE ESTATES,1350 MAIN ST,Frisco,75033,1350 MAIN ST | 75033,Food Establishment III,Food establishment,Institutional,CANTEX,1,1,0,2026-05-07,2026-05-07,0,0,0.0,0,0,0,0,0,https://inspections.myhealthdepartment.com/frisco/permit/?permitID=D830FD13-8D99-43EC-B910-1658374CB257
4828C400-0A08-4471-9B0D-0EB2C5D44662,PREMIER DESI DISTRICT,12990 ELDORADO PKWY 100,Frisco,75035,12990 ELDORADO PKWY 100 | 75035,Grocery Store II,Grocery,Grocery,PREMIER ELDORADO INC,5,4,1,2025-06-30,2026-09-17,6,36,24.75,87,78,18,10,2,https://inspections.myhealthdepartment.com/frisco/permit/?permitID=4828C400-0A08-4471-9B0D-0EB2C5D44662
5098FE1A-14AF-44CD-A121-4B3B65469CB4,PREMIUM MATCHA CAFE MAIKO,9244 PRESTMONT PL 207,Frisco,75035,9244 PRESTMONT PL 207 | 75035,Food Establishment II,Food establishment,Coffee House & Cafe,Thuan Lam,2,2,0,2025-08-26,2026-03-26,3,8,5.5,12,9,2,2,0,https://inspections.myhealthdepartment.com/frisco/permit/?permitID=5098FE1A-14AF-44CD-A121-4B3B65469CB4
999B4B83-E1CE-478B-84E1-F83E91158726,PRESTON KIDDIE KOLLEGE,4438 LEGENDARY DR,Frisco,75034,4438 LEGENDARY DR | 75034,DAYC,Child care,Institutional,MARIA SEIFI,4,4,0,2025-08-18,2026-07-07,0,0,0.0,1,0,0,0,0,https://inspections.myhealthdepartment.com/frisco/permit/?permitID=999B4B83-E1CE-478B-84E1-F83E91158726
56B77E8F-F6EF-460E-A734-44A7B2D67801,PRESTON TRAIL MINISTRIES,8055 INDEPENDENCE PKWY,Frisco,75035,8055 INDEPENDENCE PKWY | 75035,Food Establishment II,Food establishment,American,"PRESTON TRAIL MINISTRIES, INC.",2,2,0,2025-12-08,2026-09-08,3,3,1.5,4,1,1,0,0,https://inspections.myhealthdepartment.com/frisco/permit/?permitID=56B77E8F-F6EF-460E-A734-44A7B2D67801
66C96910-6B84-4853-86AF-5A957F8C04FE,PRIMROSE OF EAST FRISCO,14477 LEBANON RD,Frisco,75035,14477 LEBANON RD | 75035,DAYC,Child care,Institutional,MICHAEL KONRAD,3,3,0,2025-10-02,2026-07-02,0,0,0.0,1,0,0,0,0,https://inspections.myhealthdepartment.com/frisco/permit/?permitID=66C96910-6B84-4853-86AF-5A957F8C04FE
40C36B4C-8560-443D-A544-8ED8EE8F736E,PRIMROSE SCHOOL OF FRISCO AT MAIN AND TEEL,9166 TEEL PKWY,Frisco,75034,9166 TEEL PKWY | 75034,DAYC,Child care,Institutional,GEBHARD EDUCATION GROUP/ DEDEE,6,6,0,2025-07-21,2026-09-14,0,0,0.0,0,0,0,0,0,https://inspections.myhealthdepartment.com/frisco/permit/?permitID=40C36B4C-8560-443D-A544-8ED8EE8F736E
1BEBD308-2C5B-44D9-9E2F-C91859B91397,PRIMROSE SCHOOL OF FRISCO WEST,333 W LEBANON RD,Frisco,75034,333 W LEBANON RD | 75034,DAYC,Child care,Institutional,PRIMROSE SCHOOL OF FRISCO WEST,3,3,0,2025-10-20,2026-05-28,0,0,0.0,0,0,0,0,0,https://inspections.myhealthdepartment.com/frisco/permit/?permitID=1BEBD308-2C5B-44D9-9E2F-C91859B91397
A00D3909-FD1D-4E57-8681-9FBF3783E921,PRIMROSE SCHOOL OF GRIFFIN PARC,4625 ELDORADO PKWY,Frisco,75033,4625 ELDORADO PKWY | 75033,DAYC,Child care,Institutional,GEBHARDT EDUCATION GROUP,4,4,0,2025-07-03,2026-06-24,0,0,0.0,0,0,0,0,0,https://inspections.myhealthdepartment.com/frisco/permit/?permitID=A00D3909-FD1D-4E57-8681-9FBF3783E921
F732B61F-35DE-41FA-A03E-CF55D10E1138,PRIMROSE SCHOOL OF LAKEHILL,5349 LAKEHILL BLVD,Frisco,75034,5349 LAKEHILL BLVD | 75034,DAYC,Child care,Institutional,MIKE EDWARDS,5,5,0,2025-06-30,2026-09-04,0,1,0.2,1,1,0,0,0,https://inspections.myhealthdepartment.com/frisco/permit/?permitID=F732B61F-35DE-41FA-A03E-CF55D10E1138
EAACB2E1-68BE-4F8A-B187-270E834EFAF1,PRIMROSE SCHOOL OF PRESTMONT,4115 OHIO DR,Frisco,75035,4115 OHIO DR | 75035,DAYC,Child care,Institutional,GEBHARDT EDUCATION GROUP,4,4,0,2025-10-06,2026-09-03,0,1,0.25,2,1,0,0,0,https://inspections.myhealthdepartment.com/frisco/permit/?permitID=EAACB2E1-68BE-4F8A-B187-270E834EFAF1
82FC5971-FFC8-4CAB-958E-06DBB8D7A826,PROFESSIONAL BLACK BELT ACADEMY OF FRISCO,11020 Panther Creek Pkwy 100,Frisco,75035,11020 PANTHER CREEK PKWY 100 | 75035,HLTD,Health care / long-term care,Institutional,M and M Lotus LLC,3,3,0,2025-07-08,2026-07-16,1,1,0.33,2,1,0,0,0,https://inspections.myhealthdepartment.com/frisco/permit/?permitID=82FC5971-FFC8-4CAB-958E-06DBB8D7A826
BDBF290E-AF79-43A3-B65E-651C8D4848F7,PROSPER ROCKHILL ARENA VISITOR CONCESSION,16061 COIT RD,Frisco,75035,16061 COIT RD | 75035,School and City,School or city facility,Institutional,ROCK HILL HIGH SCHOOL ARENA HOME,1,1,0,2026-04-22,2026-04-22,0,0,0.0,0,0,0,0,0,https://inspections.myhealthdepartment.com/frisco/permit/?permitID=BDBF290E-AF79-43A3-B65E-651C8D4848F7
8743874B-A536-4886-BF47-7589DAF512DA,PURE GREEN FRISCO ,12455 Eldorado Pkwy 220,Frisco,75035,12455 ELDORADO PKWY 220 | 75035,Food Establishment II,Food establishment,Juice Bar,"Canelo Ventures, LLC",2,2,0,2026-02-17,2026-09-11,3,3,1.5,6,3,0,0,0,https://inspections.myhealthdepartment.com/frisco/permit/?permitID=8743874B-A536-4886-BF47-7589DAF512DA
2C1142BB-653F-42A8-A545-67A2E51E64D6,PUREFOY ELEMENTARY,11880 TEEL PKWY,Frisco,,11880 TEEL PKWY | ,School and City,School or city facility,Institutional,FRISCO ISD,2,2,0,2025-09-25,2026-03-31,0,0,0.0,0,0,0,0,0,https://inspections.myhealthdepartment.com/frisco/permit/?permitID=2C1142BB-653F-42A8-A545-67A2E51E64D6
139901ED-58D4-4B12-AEB8-BE9F9492469B,PUREPOKE,6750 GAYLORD PKWY 160,Frisco,,6750 GAYLORD PKWY 160 | ,Food Establishment III,Food establishment,Seafood,JOHN U SOOKYI KIM,2,2,0,2025-12-18,2026-05-13,4,5,4.5,5,4,2,0,0,https://inspections.myhealthdepartment.com/frisco/permit/?permitID=139901ED-58D4-4B12-AEB8-BE9F9492469B
B86EA538-8BDF-44B1-A6D0-79CF5F957E77,Panj Tara,8898 COLEMAN BLVD,Frisco,75034,8898 COLEMAN BLVD | 75034,Food Establishment II,Food establishment,Indian,PANJ TARA LLC,2,2,0,2025-09-25,2026-02-06,5,12,8.5,12,9,3,0,0,https://inspections.myhealthdepartment.com/frisco/permit/?permitID=B86EA538-8BDF-44B1-A6D0-79CF5F957E77
39CC03DA-EE5E-422A-A445-D405B0B705A4,Paris Baguette,3420 MAIN ST 100,Frisco,75033,3420 MAIN ST 100 | 75033,Food Establishment II,Food establishment,French,James Jung,3,3,0,2025-07-21,2026-09-23,3,3,2.33,7,5,0,2,0,https://inspections.myhealthdepartment.com/frisco/permit/?permitID=39CC03DA-EE5E-422A-A445-D405B0B705A4
58BCD4D9-27E1-415B-A652-9B61A6C301B6,Pei Wei Asian Kitchen,16120 ELDORADO PKWY Suite 200,Frisco,75035,16120 ELDORADO PKWY 200 | 75035,Food Establishment II,Food establishment,Asian,"Pei Wei Asian Diner, LLC",2,2,0,2026-01-05,2026-06-15,0,0,0.0,3,0,0,0,0,https://inspections.myhealthdepartment.com/frisco/permit/?permitID=58BCD4D9-27E1-415B-A652-9B61A6C301B6
84124DFB-32AD-45E5-B768-CBF32A224D22,Petes Dueling Piano,6765 WINNING DR 810,Frisco,75034,6765 WINNING DR 810 | 75034,Food Establishment II,Food establishment,Specialty,DAVID NGUYEN,1,1,0,2025-10-16,2025-10-16,5,5,5.0,2,2,1,0,0,https://inspections.myhealthdepartment.com/frisco/permit/?permitID=84124DFB-32AD-45E5-B768-CBF32A224D22
63BFC503-3432-473A-A154-C967ABD3BB31,Phanis Handi Biryani,11990 COIT RD #140,Frisco,75035,11990 COIT RD 140 | 75035,Food Establishment II,Food establishment,Indian,Phaniveer Koti,2,2,0,2025-08-06,2025-12-22,18,18,13.0,15,14,5,0,0,https://inspections.myhealthdepartment.com/frisco/permit/?permitID=63BFC503-3432-473A-A154-C967ABD3BB31
64B20E3A-09A8-4AD2-8512-ADABBA4DE7AA,Pietro's Italian Bakery,6363 DALLAS PKWY 211,Frisco,75034,6363 DALLAS PKWY 211 | 75034,Food Establishment II,Food establishment,Italian,Valentina Delia,3,3,0,2025-08-14,2026-04-16,6,6,5.33,11,10,3,1,0,https://inspections.myhealthdepartment.com/frisco/permit/?permitID=64B20E3A-09A8-4AD2-8512-ADABBA4DE7AA
79764C4B-6EDF-4633-B448-E4956F3B89E0,Pinkberry,2601 PRESTON RD 1200,Frisco,75034,2601 PRESTON RD 1200 | 75034,Food Establishment II,Food establishment,Ice Cream,Mickey Sajeduzzaman,2,2,0,2025-10-21,2026-06-08,6,6,3.5,7,4,1,2,0,https://inspections.myhealthdepartment.com/frisco/permit/?permitID=79764C4B-6EDF-4633-B448-E4956F3B89E0
7900171A-1846-4BAD-8061-DFDBD4509566,Pinnacle Montessori of Main,10955 CUSTER RD,Frisco,75035,10955 CUSTER RD | 75035,DAYC,Child care,Institutional,MONTESSORI FRISCO LLC MIRRA,3,3,0,2025-10-21,2026-05-18,0,0,0.0,1,0,0,0,0,https://inspections.myhealthdepartment.com/frisco/permit/?permitID=7900171A-1846-4BAD-8061-DFDBD4509566
20275D29-ACEB-4E31-B66A-BDC2D1541876,Prism Bar N Grill ,6377 CUSTER RD,Frisco,75035,6377 CUSTER RD | 75035,Food Establishment II,Food establishment,Fusion,Sreekanth Reddy,1,1,0,2025-09-05,2025-09-05,13,13,13.0,8,5,3,0,0,https://inspections.myhealthdepartment.com/frisco/permit/?permitID=20275D29-ACEB-4E31-B66A-BDC2D1541876
AB08DAE4-9AA0-4E17-BDBF-C67771400E2B,Purple Kiwi,3401 PRESTON RD 5,Frisco,75034,3401 PRESTON RD 5 | 75034,Food Establishment II,Food establishment,Ice Cream,Zach Greenberg,2,2,0,2025-10-06,2026-05-06,0,0,0.0,1,0,0,0,0,https://inspections.myhealthdepartment.com/frisco/permit/?permitID=AB08DAE4-9AA0-4E17-BDBF-C67771400E2B
1C7F8ABB-D9C2-4ED6-B756-85ED2938F4BF,QUICK CHECK,6733 MAIN ST,Frisco,75034,6733 MAIN ST | 75034,Food Establishment II,Food establishment,Convenience,QUICK CHECK,3,3,0,2025-08-04,2026-09-21,0,0,0.0,2,0,0,0,0,https://inspections.myhealthdepartment.com/frisco/permit/?permitID=1C7F8ABB-D9C2-4ED6-B756-85ED2938F4BF
EABB2411-F9DB-4F4E-87D0-C09B317D6A15,QUIKTRIP #915,5530 ELDORADO PKWY,Frisco,75033,5530 ELDORADO PKWY | 75033,Food Establishment II,Food establishment,Convenience,"QT SOUTH, LLC",2,2,0,2025-10-24,2026-04-24,0,0,0.0,0,0,0,0,0,https://inspections.myhealthdepartment.com/frisco/permit/?permitID=EABB2411-F9DB-4F4E-87D0-C09B317D6A15
395F1CE1-F449-4F2C-A3F4-9FF9ED05E303,QUIKTRIP #937,4645 MAIN ST,Frisco,75034,4645 MAIN ST | 75034,Food Establishment II,Food establishment,Convenience,"QT SOUTH, LLC",2,2,0,2025-10-21,2026-04-20,2,2,1.0,2,2,0,0,0,https://inspections.myhealthdepartment.com/frisco/permit/?permitID=395F1CE1-F449-4F2C-A3F4-9FF9ED05E303
8862E31C-C389-4342-8AFE-69C9D6C5138C,R.S. LIM & SON - PHILLIPS PARK (FOOTBALL / LACROSSE (CONC),LEBANON RD,Frisco,75034,LEBANON RD | 75034,CONC,Concession stand,American,"R.S. LIM & SON, INC",1,1,0,2025-07-31,2025-07-31,0,0,0.0,0,0,0,0,0,https://inspections.myhealthdepartment.com/frisco/permit/?permitID=8862E31C-C389-4342-8AFE-69C9D6C5138C
E1009375-E8DC-42E2-B540-B72F0B82E7D1,"R.S. LIM & SON, INC - B.F. PHILIPS (BASEBALL CONC)",LEBANON RD,Frisco,75034,LEBANON RD | 75034,CONC,Concession stand,American,"R.S. LIM & SON, INC.",1,1,0,2025-07-31,2025-07-31,0,0,0.0,0,0,0,0,0,https://inspections.myhealthdepartment.com/frisco/permit/?permitID=E1009375-E8DC-42E2-B540-B72F0B82E7D1
E9789650-3CA8-4C82-89CF-696F4D7EB911,R.S. LIM & SONS INC - BACCHUS FIELD (BASEBALL CON),13995 MAIN ST,Frisco,75035,13995 MAIN ST | 75035,CONC,Concession stand,American,"R.S. LIM & SON, INC.",2,2,0,2025-07-29,2026-01-14,0,0,0.0,0,0,0,0,0,https://inspections.myhealthdepartment.com/frisco/permit/?permitID=E9789650-3CA8-4C82-89CF-696F4D7EB911
0BCF1828-9881-4FF9-ACB2-32BB62A83025,R.S. LIM & SONS INC - BACCHUS FIELD (FOOTBALL CON),13995 MAIN ST,Frisco,75035,13995 MAIN ST | 75035,CONC,Concession stand,American,"R.S. LIM & SON, INC",2,2,0,2025-07-29,2026-01-14,0,0,0.0,0,0,0,0,0,https://inspections.myhealthdepartment.com/frisco/permit/?permitID=0BCF1828-9881-4FF9-ACB2-32BB62A83025
956B2B75-0FAF-423A-B318-EE63EA2DE8FF,R.S. LIM & SONS INC - BACCHUS FIELD (SOCCER CON),13995 MAIN ST,Frisco,75035,13995 MAIN ST | 75035,CONC,Concession stand,American,"R.S. LIM & SON, INC.",2,2,0,2025-07-29,2026-01-14,0,0,0.0,0,0,0,0,0,https://inspections.myhealthdepartment.com/frisco/permit/?permitID=956B2B75-0FAF-423A-B318-EE63EA2DE8FF
E86971DF-69C9-4CBB-9891-9E1FD7E1589F,R.S. LIM & SONS INC - SHAWNEE TRAIL,6501 HILLCREST RD,Frisco,75035,6501 HILLCREST RD | 75035,CONC,Concession stand,American,"R.S. LIM & SON, INC",2,2,0,2025-07-29,2026-01-14,0,0,0.0,0,0,0,0,0,https://inspections.myhealthdepartment.com/frisco/permit/?permitID=E86971DF-69C9-4CBB-9891-9E1FD7E1589F
2CB74822-D96E-4E1F-9970-19EC69E3579B,R.S. LIM & SONS INC - WARREN FOOTBALL CONC,10295 ROGERS RD,Frisco,75033,10295 ROGERS RD | 75033,CONC,Concession stand,American,"R.S. LIM & SON, INC.",1,1,0,2025-07-31,2025-07-31,0,0,0.0,0,0,0,0,0,https://inspections.myhealthdepartment.com/frisco/permit/?permitID=2CB74822-D96E-4E1F-9970-19EC69E3579B
071BF51D-FF7E-4FEF-9B5A-70A48B216F8D,R.S. LIM & SONS INC - WARREN SPORTS COMPLEX (SOCCER CONC),7599 ELDORADO PKWY,Frisco,75033,7599 ELDORADO PKWY | 75033,CONC,Concession stand,American,"R.S. LIM & SON, INC",1,1,0,2025-07-31,2025-07-31,0,0,0.0,0,0,0,0,0,https://inspections.myhealthdepartment.com/frisco/permit/?permitID=071BF51D-FF7E-4FEF-9B5A-70A48B216F8D
676C897A-721D-4352-9E6B-9B2CFEC88B98,RACETRAC #0133,4740 MAIN ST,Frisco,,4740 MAIN ST | ,Food Establishment II,Food establishment,Convenience,"RACETRAC, INC",2,2,0,2025-09-22,2026-03-09,0,0,0.0,0,0,0,0,0,https://inspections.myhealthdepartment.com/frisco/permit/?permitID=676C897A-721D-4352-9E6B-9B2CFEC88B98
CF1B0188-F525-4905-A018-189081F24F12,RACETRAC #0153,7215 CUSTER RD,Frisco,75035,7215 CUSTER RD | 75035,Food Establishment II,Food establishment,Convenience,"RACETRAC, INC",2,2,0,2025-09-24,2026-03-19,2,2,2.0,2,2,0,0,0,https://inspections.myhealthdepartment.com/frisco/permit/?permitID=CF1B0188-F525-4905-A018-189081F24F12
60BECDB5-BBFA-4820-9874-06FC812700C8,RACETRAC #0327,3425 LEGACY DR,Frisco,,3425 LEGACY DR | ,Food Establishment II,Food establishment,Convenience,"RACE TRAC PETROLEUM, INC",2,2,0,2025-10-07,2026-04-17,3,3,1.5,3,2,0,0,0,https://inspections.myhealthdepartment.com/frisco/permit/?permitID=60BECDB5-BBFA-4820-9874-06FC812700C8
7CD3BFE7-48B2-4489-B5F3-64ECF08A19CF,RACETRAC #0576,5145 INDEPENDENCE PKWY,Frisco,75035,5145 INDEPENDENCE PKWY | 75035,Food Establishment II,Food establishment,Convenience,RACETRAC PETROLEUM INC,2,2,0,2025-08-22,2026-03-06,0,0,0.0,0,0,0,0,0,https://inspections.myhealthdepartment.com/frisco/permit/?permitID=7CD3BFE7-48B2-4489-B5F3-64ECF08A19CF
F2165553-D98B-4608-B0EF-494A0F06D77C,RACETRAC #0612,2676 ELDORADO PKWY,Frisco,,2676 ELDORADO PKWY | ,Food Establishment II,Food establishment,Convenience,RACETRAC INC,3,3,0,2025-07-18,2026-09-18,2,5,4.0,8,7,1,0,0,https://inspections.myhealthdepartment.com/frisco/permit/?permitID=F2165553-D98B-4608-B0EF-494A0F06D77C
6BE68625-CDF1-4B70-9039-3D3F3FCF049F,RACETRAC #2382,7940 LEBANON RD,Frisco,,7940 LEBANON RD | ,Food Establishment II,Food establishment,Convenience,"RACETRAC, INC.",2,2,0,2025-09-23,2026-03-19,5,5,2.5,4,3,0,0,0,https://inspections.myhealthdepartment.com/frisco/permit/?permitID=6BE68625-CDF1-4B70-9039-3D3F3FCF049F
950381A6-3B95-4672-BB0A-1BECB76E2B12,RACETRAC #2511,5353 PANTHER CREEK PKWY,Frisco,,5353 PANTHER CREEK PKWY | ,Food Establishment II,Food establishment,Convenience,"RACETRAC PETROLEUM, INC",2,2,0,2025-09-10,2026-03-23,2,2,1.0,1,1,0,0,0,https://inspections.myhealthdepartment.com/frisco/permit/?permitID=950381A6-3B95-4672-BB0A-1BECB76E2B12
A81F51E1-7B86-4327-9668-9C3156B9BD0E,RACHEL'S KITCHEN,3620 THE STAR BLVD 1200,Frisco,75034,3620 THE STAR BLVD 1200 | 75034,Food Establishment II,Food establishment,American,DDA FAMILY LLC,3,3,0,2025-07-15,2026-05-12,0,0,0.0,2,0,0,0,0,https://inspections.myhealthdepartment.com/frisco/permit/?permitID=A81F51E1-7B86-4327-9668-9C3156B9BD0E
B732B677-049E-41AE-A56A-EE3D900B4E8F,RAINBOW CORNER PRESCHOOL ,3521 Main St,Frisco,75034,3521 MAIN ST | 75034,HLTD,Health care / long-term care,American,Billy Echols Richter,1,1,0,2026-08-24,2026-08-24,0,0,0.0,0,0,0,0,0,https://inspections.myhealthdepartment.com/frisco/permit/?permitID=B732B677-049E-41AE-A56A-EE3D900B4E8F
E975864F-E80D-4FC4-964B-51BFC7A5C907,RAISING CANE'S CHICKEN FINGERS,3890 PRESTON RD,Frisco,75034,3890 PRESTON RD | 75034,Food Establishment II,Food establishment,Fast Food,"RAISING CANE'S RESTAURANTS, LLC",2,2,0,2025-08-18,2026-03-09,0,1,0.5,1,1,0,0,0,https://inspections.myhealthdepartment.com/frisco/permit/?permitID=E975864F-E80D-4FC4-964B-51BFC7A5C907
55C2946E-F945-443C-A5CC-B72C7D2AF02E,RAISING CANE'S CHICKEN FINGERS,6311 CUSTER RD,Frisco,75035,6311 CUSTER RD | 75035,Food Establishment II,Food establishment,Fast Food,"RAISING CANE'S RESTAURANTS, LLC",2,2,0,2025-09-12,2026-03-19,0,0,0.0,1,0,0,0,0,https://inspections.myhealthdepartment.com/frisco/permit/?permitID=55C2946E-F945-443C-A5CC-B72C7D2AF02E
C9010B04-A125-452D-B88A-C85ECDBF82E8,RAISING CANE'S CHICKEN FINGERS,5688 FM 423,Frisco,75036,5688 FM 423 | 75036,Food Establishment II,Food establishment,Fast Food,"Raising Cane's Restaurants, LLC",2,2,0,2025-10-21,2026-05-12,0,0,0.0,2,0,0,0,0,https://inspections.myhealthdepartment.com/frisco/permit/?permitID=C9010B04-A125-452D-B88A-C85ECDBF82E8
8B8E9351-36A5-4F96-896C-6C0FF75B9DE5,RAISING CANE'S CHICKEN FINGERS #82,5220 ELDORADO PKWY,Frisco,75033,5220 ELDORADO PKWY | 75033,Food Establishment II,Food establishment,Fast Food,"RAISING CANE'S RESTAURANTS, LLC",2,2,0,2025-10-24,2026-04-24,0,0,0.0,0,0,0,0,0,https://inspections.myhealthdepartment.com/frisco/permit/?permitID=8B8E9351-36A5-4F96-896C-6C0FF75B9DE5
019BC7CF-73A1-4DA5-8F0D-0ACA66254A1B,RAJULA'S KITCHEN,14339 ELDORADO PKWY Suite 120,Frisco,75035,14339 ELDORADO PKWY 120 | 75035,Food Establishment II,Food establishment,Indian,3RD INDIA PLAZA LLC,3,3,0,2025-09-26,2026-08-12,4,7,5.33,9,7,3,2,0,https://inspections.myhealthdepartment.com/frisco/permit/?permitID=019BC7CF-73A1-4DA5-8F0D-0ACA66254A1B
FC3D2603-F703-4803-9AA8-C397838F09A5,RAMEN AKIRA,6801 WARREN PKWY 125,Frisco,75034,6801 WARREN PKWY 125 | 75034,Food Establishment II,Food establishment,Asian,"RAMEN AKIRA FRISCO, LLC",3,3,0,2025-09-23,2026-09-03,14,14,8.0,19,12,5,0,0,https://inspections.myhealthdepartment.com/frisco/permit/?permitID=FC3D2603-F703-4803-9AA8-C397838F09A5
7CBE9652-9530-4C5C-ABF3-BDB7B522A828,RAMEN HAKATA,8300 GAYLORD PKWY 16,Frisco,75034,8300 GAYLORD PKWY 16 | 75034,Food Establishment II,Food establishment,Asian,MICHELLE HUR,3,3,0,2025-08-07,2026-08-31,11,13,11.67,25,21,6,3,0,https://inspections.myhealthdepartment.com/frisco/permit/?permitID=7CBE9652-9530-4C5C-ABF3-BDB7B522A828
17256D66-7475-47FC-9F34-0EE4CEFE4A63,RANDY'S STEAK HOUSE,7026 MAIN ST,Frisco,75034,7026 MAIN ST | 75034,Food Establishment II,Food establishment,Steak House,RANDY'S STEAKHOUSE,2,2,0,2025-11-18,2026-04-29,12,12,6.5,12,9,2,2,0,https://inspections.myhealthdepartment.com/frisco/permit/?permitID=17256D66-7475-47FC-9F34-0EE4CEFE4A63
C21227C5-1B6F-4061-8FF8-B5576112D1DE,RAY'S GRAZING AND PROVISIONS,5355 Dallas Pkwy 623,Frisco,75034,5355 DALLAS PKWY 623 | 75034,Food Establishment II,Food establishment,,Rayanh Bray,1,1,0,2026-09-10,2026-09-10,2,2,2.0,4,1,0,0,0,https://inspections.myhealthdepartment.com/frisco/permit/?permitID=C21227C5-1B6F-4061-8FF8-B5576112D1DE
D11E68F4-6205-47E8-A448-01A570E02CAE,REAL CAFE,9292 WARREN PKWY 109,Frisco,75035,9292 WARREN PKWY 109 | 75035,Food Establishment II,Food establishment,Asian,Karen JangChen,2,2,0,2025-12-11,2026-06-25,3,15,9.0,11,11,3,0,0,https://inspections.myhealthdepartment.com/frisco/permit/?permitID=D11E68F4-6205-47E8-A448-01A570E02CAE
CBD6BF17-552D-4ACE-A346-5C0E797B014A,RED HOT CHILLI PEPPER,8549 GAYLORD PKWY #109,Frisco,75034,8549 GAYLORD PKWY 109 | 75034,Food Establishment III,Food establishment,Indian,PEPPERFRY LLC,3,3,0,2025-10-13,2026-05-19,13,21,16.67,41,41,5,7,0,https://inspections.myhealthdepartment.com/frisco/permit/?permitID=CBD6BF17-552D-4ACE-A346-5C0E797B014A
2F6A200C-8C3A-486A-BA55-EA4C8C72BEED,RED LOBSTER #6245,3056 PRESTON RD,Frisco,75035,3056 PRESTON RD | 75035,Food Establishment II,Food establishment,Seafood,RED LOBSTER HOSPITALITY LLC,4,4,0,2025-06-30,2026-06-29,2,4,1.75,9,6,0,0,0,https://inspections.myhealthdepartment.com/frisco/permit/?permitID=2F6A200C-8C3A-486A-BA55-EA4C8C72BEED
11EC5390-8378-4EF6-825A-5EEA3187EA1A,RED MANGO PIZZA JUKE BOX,16066 STATE HIGHWAY 121,Frisco,75035,16066 STATE HIGHWAY 121 | 75035,Food Establishment II,Food establishment,Pizza,Saumil Shah,1,1,0,2025-06-30,2025-06-30,4,4,4.0,5,2,0,0,0,https://inspections.myhealthdepartment.com/frisco/permit/?permitID=11EC5390-8378-4EF6-825A-5EEA3187EA1A
CE87F811-501A-4925-9D8A-EF95783B79E6,RED'S ON MAIN,3288 MAIN ST 111,Frisco,75033,3288 MAIN ST 111 | 75033,Food Establishment II,Food establishment,American,RED'S ON MAIN LLC,1,1,0,2026-03-23,2026-03-23,4,4,4.0,3,2,1,0,0,https://inspections.myhealthdepartment.com/frisco/permit/?permitID=CE87F811-501A-4925-9D8A-EF95783B79E6
5D8B6976-1A13-4B8D-9300-9EA6F9279B8F,REEDY HIGH SCHOOL CAFETERIA,3003 STONEBROOK PKWY,Frisco,,3003 STONEBROOK PKWY | ,School and City,School or city facility,Institutional,FRISCO ISD,2,2,0,2025-11-20,2026-05-13,0,0,0.0,0,0,0,0,0,https://inspections.myhealthdepartment.com/frisco/permit/?permitID=5D8B6976-1A13-4B8D-9300-9EA6F9279B8F
E5B76728-9FD4-45B1-B272-E8C19F5BEDAF,REGENCY CLUB AND POOL BAR,2615 PRESTON RD,Frisco,75034,2615 PRESTON RD | 75034,Food Establishment II,Food establishment,American,"MOON HOTEL REGENCY, LLC",2,2,0,2025-07-10,2026-09-17,0,0,0.0,5,0,0,0,1,https://inspections.myhealthdepartment.com/frisco/permit/?permitID=E5B76728-9FD4-45B1-B272-E8C19F5BEDAF
A1D9FC72-C4CC-4C91-8602-0D3A7AA0ABDD,REJOICE LUTHERAN CHURCH,12000 INDEPENDENCE PKWY,Frisco,,12000 INDEPENDENCE PKWY | ,Food Establishment I,Food establishment,Institutional,REJOICE LUTHERAN CHURCH,1,1,0,2026-04-17,2026-04-17,0,0,0.0,0,0,0,0,0,https://inspections.myhealthdepartment.com/frisco/permit/?permitID=A1D9FC72-C4CC-4C91-8602-0D3A7AA0ABDD
B4F9770C-DC1F-45A9-B630-531A1C2F96BE,RENEW COFFEE AND BAKERY,8880 COLEMAN BLVD,Frisco,75034,8880 COLEMAN BLVD | 75034,Food Establishment II,Food establishment,Coffee House & Cafe,"Caffe and panetteria, LLC",2,2,0,2025-11-20,2026-06-05,0,0,0.0,0,0,0,0,0,https://inspections.myhealthdepartment.com/frisco/permit/?permitID=B4F9770C-DC1F-45A9-B630-531A1C2F96BE
FEB600A2-972B-4846-864B-90E98EE10B31,REVEL PATIO GRILL,9305 PRESTON RD,Frisco,75033,9305 PRESTON RD | 75033,Food Establishment II,Food establishment,American,KEITH KRUSE,2,2,0,2025-12-10,2026-07-22,24,24,15.0,22,20,7,1,0,https://inspections.myhealthdepartment.com/frisco/permit/?permitID=FEB600A2-972B-4846-864B-90E98EE10B31
103B95C3-7F89-4BCF-8EC4-B8835451F369,RICE POT,10150 LEGACY DR 200B,Frisco,75033,10150 LEGACY DR 200B | 75033,Food Establishment II,Food establishment,Asian,POYIN WANG,3,3,0,2025-10-22,2026-09-01,0,2,1.33,3,2,0,0,0,https://inspections.myhealthdepartment.com/frisco/permit/?permitID=103B95C3-7F89-4BCF-8EC4-B8835451F369
2DA00C62-410E-4EEA-A25D-13627D739432,RICHWOODS ACADEMY,4633 COIT RD 310,Frisco,75035,4633 COIT RD 310 | 75035,DAYC,Child care,Institutional,REVATHI H. NAIDU,3,3,0,2025-11-20,2026-06-18,0,0,0.0,1,0,0,0,0,https://inspections.myhealthdepartment.com/frisco/permit/?permitID=2DA00C62-410E-4EEA-A25D-13627D739432
E300B864-2E01-4A49-A736-94160816A0CD,ROACH MIDDLE SCHOOL,12499 INDEPENDENCE PKWY,Frisco,,12499 INDEPENDENCE PKWY | ,School and City,School or city facility,Institutional,FRISCO ISD,2,2,0,2025-10-22,2026-05-07,0,0,0.0,0,0,0,0,0,https://inspections.myhealthdepartment.com/frisco/permit/?permitID=E300B864-2E01-4A49-A736-94160816A0CD
4917CD80-B96C-4DB9-B5C6-9C7C2FA0874B,ROACH MIDDLE SCHOOL CONCESSION STAND,12499 INDEPENDENCE PKWY,Frisco,,12499 INDEPENDENCE PKWY | ,School and City,School or city facility,Institutional,FISD,2,2,0,2025-10-22,2026-05-07,0,0,0.0,0,0,0,0,0,https://inspections.myhealthdepartment.com/frisco/permit/?permitID=4917CD80-B96C-4DB9-B5C6-9C7C2FA0874B
C168A769-3EAD-40A6-A1D4-A7509935446C,ROBO SHAWARMA ,7875 Custer Rd 103,Frisco,75035,7875 CUSTER RD 103 | 75035,Food Establishment II,Food establishment,Middle Eastern,Khaled Alahmadi,1,1,0,2026-06-02,2026-06-02,0,0,0.0,2,0,0,0,0,https://inspections.myhealthdepartment.com/frisco/permit/?permitID=C168A769-3EAD-40A6-A1D4-A7509935446C
05E6A5B6-A7BA-4EE3-B726-7D96081B64D4,ROCK HILL HIGH SCHOOL ARENA HOME- CONCESSIONS,16061 COIT RD,Frisco,75035,16061 COIT RD | 75035,School and City,School or city facility,Institutional,RANKA MIHALJCIC,1,1,0,2026-04-22,2026-04-22,0,0,0.0,0,0,0,0,0,https://inspections.myhealthdepartment.com/frisco/permit/?permitID=05E6A5B6-A7BA-4EE3-B726-7D96081B64D4
65B0AF18-847C-4C47-9F55-19446B24988F,ROCK HILL HIGH SCHOOL CONCESSIONS- TURF FIELD,16061 COIT RD,Frisco,75035,16061 COIT RD | 75035,School and City,School or city facility,Institutional,RANKA MIHALJCIC,1,1,0,2026-04-22,2026-04-22,0,0,0.0,0,0,0,0,0,https://inspections.myhealthdepartment.com/frisco/permit/?permitID=65B0AF18-847C-4C47-9F55-19446B24988F
0C9900D8-D41E-4947-8B92-36982EEE581C,ROCK HILL HIGH SCHOOL- BASEBALL/ SOFTBALL,16061 COIT RD,Frisco,75035,16061 COIT RD | 75035,School and City,School or city facility,Institutional,RANKA MIHALJCIC,1,1,0,2026-04-22,2026-04-22,0,0,0.0,0,0,0,0,0,https://inspections.myhealthdepartment.com/frisco/permit/?permitID=0C9900D8-D41E-4947-8B92-36982EEE581C
5B074FB5-B8E9-437D-BD51-03516C1D7BAE,ROCK HILL HIGH SCHOOL- COFFEE SHOP,16061 COIT RD,Frisco,75035,16061 COIT RD | 75035,School and City,School or city facility,Institutional,RANKA MIHALJCIC,2,2,0,2025-10-07,2026-04-22,0,0,0.0,0,0,0,0,0,https://inspections.myhealthdepartment.com/frisco/permit/?permitID=5B074FB5-B8E9-437D-BD51-03516C1D7BAE
36977BC3-4214-40F9-BBDF-A169D7C35F7A,ROCK HILL HIGH SCHOOL- GOURMET GREENS,16061 COIT RD,Frisco,75035,16061 COIT RD | 75035,School and City,School or city facility,Institutional,RANKA MIHALJCIC,2,2,0,2025-10-07,2026-04-22,0,0,0.0,0,0,0,0,0,https://inspections.myhealthdepartment.com/frisco/permit/?permitID=36977BC3-4214-40F9-BBDF-A169D7C35F7A
050CFAAF-74E3-4C3F-B193-53B74953CE11,ROCK HILL HIGH SCHOOL- KITCHEN,16061 COIT RD,Frisco,75035,16061 COIT RD | 75035,School and City,School or city facility,Institutional,RANKA MIHALJCIC,2,2,0,2025-10-07,2026-04-22,0,0,0.0,0,0,0,0,0,https://inspections.myhealthdepartment.com/frisco/permit/?permitID=050CFAAF-74E3-4C3F-B193-53B74953CE11
4D2F30D8-16A7-482A-BEF7-E9041CFC84A8,ROCKFISH SEAFOOD & GRILL,9179 DALLAS PKWY,Frisco,75033,9179 DALLAS PKWY | 75033,Food Establishment III,Food establishment,Seafood,ROCKFISH SEAFOOD GRILL INC,1,1,0,2025-08-25,2025-08-25,0,0,0.0,0,0,0,0,0,https://inspections.myhealthdepartment.com/frisco/permit/?permitID=4D2F30D8-16A7-482A-BEF7-E9041CFC84A8
5173661E-E534-45DC-927C-6943219EA200,ROCKHILL HIGH SCHOOL CULINARY (HILLTOP CAFE),16061 COIT RD,Frisco,75035,16061 COIT RD | 75035,School and City,School or city facility,Institutional,PROSPER ISD,1,1,0,2026-04-22,2026-04-22,0,0,0.0,0,0,0,0,0,https://inspections.myhealthdepartment.com/frisco/permit/?permitID=5173661E-E534-45DC-927C-6943219EA200
7B0B1F1B-5657-43D0-9C54-0CE55EE0B8B0,RODEO GOAT,3111 PRESTON RD,Frisco,75034,3111 PRESTON RD | 75034,Food Establishment II,Food establishment,American,Shannon Wynne,3,3,0,2025-09-15,2026-08-27,4,4,3.0,10,6,0,0,0,https://inspections.myhealthdepartment.com/frisco/permit/?permitID=7B0B1F1B-5657-43D0-9C54-0CE55EE0B8B0
D4238800-36E4-4216-B866-70B199C69E4D,ROGERS ELEMENTARY SCHOOL,10500 ROGERS RD,Frisco,75033,10500 ROGERS RD | 75033,School and City,School or city facility,Institutional,FRISCO ISD,2,2,0,2025-08-29,2026-04-29,0,0,0.0,0,0,0,0,0,https://inspections.myhealthdepartment.com/frisco/permit/?permitID=D4238800-36E4-4216-B866-70B199C69E4D
513926FC-487D-4EE3-A72A-B1F3BEE13352,ROLL AND POKE,3311 PRESTON RD 5,Frisco,75034,3311 PRESTON RD 5 | 75034,Food Establishment III,Food establishment,Seafood,EDDIE KIM,2,2,0,2025-09-02,2026-05-11,5,5,3.0,7,3,1,0,0,https://inspections.myhealthdepartment.com/frisco/permit/?permitID=513926FC-487D-4EE3-A72A-B1F3BEE13352
5966F9C2-F966-4374-AEE7-3D0EFAFBF556,ROLLERTOWN BEERWORKS,6450 Main St,Frisco,75033,6450 MAIN ST | 75033,Food Establishment II,Food establishment,American,Jonathan Rogers,2,2,0,2026-01-09,2026-08-25,7,8,7.5,13,8,3,1,0,https://inspections.myhealthdepartment.com/frisco/permit/?permitID=5966F9C2-F966-4374-AEE7-3D0EFAFBF556
73C92D78-7156-426B-9B93-E46066C2DF06,ROSA'S CAFE & TORTILLA FACTORY,8299 FM 423,Frisco,,8299 FM 423 | ,Food Establishment II,Food establishment,Mexican,BOBBY COX COMPANIES INC,3,3,0,2025-06-25,2026-06-17,3,6,4.33,8,5,3,0,0,https://inspections.myhealthdepartment.com/frisco/permit/?permitID=73C92D78-7156-426B-9B93-E46066C2DF06
340403C4-FF9E-400A-B69B-4BEECFD7A44D,ROSA'S CAFE & TORTILLA FACTORY,12275 CUSTER RD,Frisco,75035,12275 CUSTER RD | 75035,Food Establishment II,Food establishment,Mexican,BOBBY COX CO,4,4,0,2025-07-24,2026-08-14,12,12,6.0,20,14,5,1,0,https://inspections.myhealthdepartment.com/frisco/permit/?permitID=340403C4-FF9E-400A-B69B-4BEECFD7A44D
CC839717-EEB9-4356-98BE-618C58F9AB33,ROTI GRILL,3675 GAYLORD PKWY,Frisco,75034,3675 GAYLORD PKWY | 75034,Food Establishment II,Food establishment,Indian,FRESH INDIAN FOOD,2,2,0,2025-10-28,2026-03-10,12,12,8.5,14,9,3,0,0,https://inspections.myhealthdepartment.com/frisco/permit/?permitID=CC839717-EEB9-4356-98BE-618C58F9AB33
47C1B915-6125-4AE4-A548-C54B26CAFFD5,ROYCE' CHOCOLATE,9292 WARREN PKWY SUITE 210,Frisco,75035,9292 WARREN PKWY 210 | 75035,Food Establishment I,Food establishment,Convenience,"ROYCE' Chocolate Houston, LLC",1,1,0,2026-01-15,2026-01-15,0,0,0.0,2,0,0,0,0,https://inspections.myhealthdepartment.com/frisco/permit/?permitID=47C1B915-6125-4AE4-A548-C54B26CAFFD5
65813042-BF84-4498-B2EC-AE854FD1BC9E,RUDY'S COUNTRY STORE & BAR-B-Q,9828 DALLAS PARKWAY,Frisco,75034,9828 DALLAS PARKWAY | 75034,Food Establishment II,Food establishment,Barbecue,RUDY'S TEXAS BAR-B-Q LLC,3,3,0,2025-07-09,2026-06-24,4,5,3.0,10,6,0,0,0,https://inspections.myhealthdepartment.com/frisco/permit/?permitID=65813042-BF84-4498-B2EC-AE854FD1BC9E
84F31BA1-A8B0-47C9-9A4E-AECE94D02EAD,RUDY'S KITCHEN,7227 MAIN ST,Frisco,75034,7227 MAIN ST | 75034,Food Establishment II,Food establishment,Mexican,CLAUDIA MARTINEZ,2,2,0,2025-12-09,2026-06-17,0,2,1.0,5,2,0,0,0,https://inspections.myhealthdepartment.com/frisco/permit/?permitID=84F31BA1-A8B0-47C9-9A4E-AECE94D02EAD
48FA629C-F80C-4AC9-B672-2FD2CE5019D3,RUSSO'S NEW YORK PIZZERIA,3420 MAIN ST 200,Frisco,75033,3420 MAIN ST 200 | 75033,Food Establishment II,Food establishment,Pizza,Justin Arden,3,3,0,2025-07-24,2026-06-18,5,5,3.33,8,5,1,0,0,https://inspections.myhealthdepartment.com/frisco/permit/?permitID=48FA629C-F80C-4AC9-B672-2FD2CE5019D3
673E3CD2-B9DD-45FF-882D-25EC3F2CDDC9,RYAN SANDERS SPORTS SERVICES (PIZZA),2601 AVENUE OF THE STARS,Frisco,75034,2601 AVENUE OF THE STARS | 75034,Food Establishment II,Food establishment,Pizza,Ryan Sanders Sports Services LLC,2,2,0,2025-09-10,2026-04-15,0,0,0.0,0,0,0,0,0,https://inspections.myhealthdepartment.com/frisco/permit/?permitID=673E3CD2-B9DD-45FF-882D-25EC3F2CDDC9
F56A0EE3-34FE-4817-B098-1C1C0CAE3984,RYAN SANDERS SPORTS SERVICES (VIP BAR),2601 AVENUE OF THE STARS,Frisco,75034,2601 AVENUE OF THE STARS | 75034,Food Establishment II,Food establishment,American,Ryan Sanders Sports Services LLC,2,2,0,2025-12-12,2026-04-15,0,1,0.5,1,1,0,0,0,https://inspections.myhealthdepartment.com/frisco/permit/?permitID=F56A0EE3-34FE-4817-B098-1C1C0CAE3984
DAF4EB7C-BFCC-486D-ABDA-9BCAB1C0754A,Ranch Water (Pool Bar),1549 LEGACY DR,Frisco,75034,1549 LEGACY DR | 75034,Food Establishment II,Food establishment,Convenience,LSREF6 SW HOTEL LLC,2,2,0,2025-07-18,2026-02-18,0,5,2.5,2,2,1,0,0,https://inspections.myhealthdepartment.com/frisco/permit/?permitID=DAF4EB7C-BFCC-486D-ABDA-9BCAB1C0754A
31055E6C-044D-4088-AAC4-E22D0F473544,Rayalaseema Ruchulu,14339 ELDORADO PKWY 160,Frisco,75035,14339 ELDORADO PKWY 160 | 75035,Food Establishment III,Food establishment,Indian,Subba Reddy Kondu,3,3,0,2025-11-18,2026-08-10,4,15,9.0,22,18,2,1,0,https://inspections.myhealthdepartment.com/frisco/permit/?permitID=31055E6C-044D-4088-AAC4-E22D0F473544
D32079D2-12C7-4A7D-8344-705EEC0CB3A7,Residence Inn by Marriott Frisco Station,4343 FRISCO GREEN AVE,Frisco,75034,4343 FRISCO GREEN AVE | 75034,Food Establishment II,Food establishment,Continental,Summit Hotel TRS 167 LLC,3,3,0,2025-08-05,2026-04-27,0,4,2.0,4,4,1,0,0,https://inspections.myhealthdepartment.com/frisco/permit/?permitID=D32079D2-12C7-4A7D-8344-705EEC0CB3A7
38C36380-6A9C-4B43-A6F4-52B9DE9DE26A,Retro Street,307 MAIN ST 105,Frisco,75036,307 MAIN ST 105 | 75036,Food Establishment II,Food establishment,Fusion,HMSC Foods LLC,2,2,0,2025-11-18,2026-05-20,6,6,3.0,7,6,1,0,0,https://inspections.myhealthdepartment.com/frisco/permit/?permitID=38C36380-6A9C-4B43-A6F4-52B9DE9DE26A
E787426E-8F2A-493A-8B3F-72C2499EC64B,Rotate Bar & Kitchen,5454 MAIN ST 123,Frisco,75033,5454 MAIN ST 123 | 75033,Food Establishment II,Food establishment,Fusion,M2RS LLC,3,3,0,2025-09-25,2026-08-28,14,14,8.67,21,17,4,1,0,https://inspections.myhealthdepartment.com/frisco/permit/?permitID=E787426E-8F2A-493A-8B3F-72C2499EC64B
14371EA6-FC66-40E6-97D3-DD33F14C4053,Ryan Sanders Sports Services (Ice Cream),2601 AVENUE OF THE STARS,Frisco,75034,2601 AVENUE OF THE STARS | 75034,Food Establishment II,Food establishment,American,Ryan Sanders Sports Services LLC,2,2,0,2025-09-10,2026-04-15,0,0,0.0,0,0,0,0,0,https://inspections.myhealthdepartment.com/frisco/permit/?permitID=14371EA6-FC66-40E6-97D3-DD33F14C4053
010EDB24-56BE-4619-AFC0-2E051E545A95,SADDLEBROOK OXFORD MEMORY CARE,9966 LEGACY DR,Frisco,75033,9966 LEGACY DR | 75033,Food Establishment III,Food establishment,Institutional,Oxford DFW Capitol LLC,6,6,0,2025-07-07,2026-07-21,5,5,2.0,9,7,0,0,1,https://inspections.myhealthdepartment.com/frisco/permit/?permitID=010EDB24-56BE-4619-AFC0-2E051E545A95
92840DFE-CEB0-465F-8F06-AA6DCAF70781,SAI GAYATRI CURRY POINT,6449 COIT RD 112,Frisco,75035,6449 COIT RD 112 | 75035,Food Establishment II,Food establishment,Indian,SAIGAYATRI CURRY POINT / ANJI DATLA,2,2,0,2025-12-16,2026-07-30,9,14,11.5,16,15,2,1,0,https://inspections.myhealthdepartment.com/frisco/permit/?permitID=92840DFE-CEB0-465F-8F06-AA6DCAF70781
81A3982E-5A8D-4748-AA2D-61879069848C,SAIBAIDEE LAO & THAI STREET FOOD,6750 GAYLORD PKWY 140,Frisco,75034,6750 GAYLORD PKWY 140 | 75034,Food Establishment II,Food establishment,Thai,Soutthiphong Singharath,2,2,0,2025-12-26,2026-07-16,5,13,9.0,11,10,3,2,0,https://inspections.myhealthdepartment.com/frisco/permit/?permitID=81A3982E-5A8D-4748-AA2D-61879069848C
21DCFDAC-00D7-4DA3-B5DE-EC138C5F8A2E,SAINT FRANCIS CATHOLIC CHURCH,8000 ELDORADO PKWY,Frisco,75033,8000 ELDORADO PKWY | 75033,Food Establishment II,Food establishment,Institutional,SAINT FRANCIS OF ASSISI,2,2,0,2025-09-10,2026-05-11,0,0,0.0,0,0,0,0,0,https://inspections.myhealthdepartment.com/frisco/permit/?permitID=21DCFDAC-00D7-4DA3-B5DE-EC138C5F8A2E
7A5C3605-0FA7-49D1-9969-1691A63F8819,SAKE TORO SUSHI,8801 COLEMAN BLVD,Frisco,75034,8801 COLEMAN BLVD | 75034,Food Establishment III,Food establishment,Japanese,HEUNGCHAN AHN,3,3,0,2025-09-05,2026-07-27,8,8,5.67,14,10,2,0,0,https://inspections.myhealthdepartment.com/frisco/permit/?permitID=7A5C3605-0FA7-49D1-9969-1691A63F8819
784D4906-0BE9-4C5E-81EB-BEB799C8D771,SAKURA GRILL & SUSHI BAR,1221 LEGACY DR,Frisco,75034,1221 LEGACY DR | 75034,Food Establishment III,Food establishment,Japanese,Junhyun Cho,5,5,0,2025-07-08,2026-09-15,14,14,2.8,11,8,2,0,0,https://inspections.myhealthdepartment.com/frisco/permit/?permitID=784D4906-0BE9-4C5E-81EB-BEB799C8D771
0A2C0FA6-5A65-4D63-A821-C8B2FE7866E9,SALATA,3411 PRESTON RD #14,Frisco,75034,3411 PRESTON RD 14 | 75034,Food Establishment II,Food establishment,Salads,DIEGO GARCIA,3,3,0,2025-10-29,2026-09-09,0,0,0.0,2,0,0,0,0,https://inspections.myhealthdepartment.com/frisco/permit/?permitID=0A2C0FA6-5A65-4D63-A821-C8B2FE7866E9
78B8EB7B-70E5-45D2-8D8B-8304EBA7D9C0,SALSA TEX-MEX,3245 MAIN ST,,75034,3245 MAIN ST | 75034,Food Establishment II,Food establishment,Tex-Mex,FELIX ALFARO,4,4,0,2025-07-15,2026-08-28,24,24,12.75,38,34,9,2,1,https://inspections.myhealthdepartment.com/frisco/permit/?permitID=78B8EB7B-70E5-45D2-8D8B-8304EBA7D9C0
816E83E1-1E23-4CEC-B86F-6E97CD65BF4F,SALUBRIOUS JUICE & MORE,10990 ROLATER RD,Frisco,75035,10990 ROLATER RD | 75035,Food Establishment II,Food establishment,Juice Bar,AJAY SHARMA,3,3,0,2025-08-08,2026-09-02,4,4,2.33,6,5,0,0,0,https://inspections.myhealthdepartment.com/frisco/permit/?permitID=816E83E1-1E23-4CEC-B86F-6E97CD65BF4F
54C100A1-DD53-449D-825C-50C8870722EE,SALUTE ITALIAN RESTUARANT,5480 FM 423 100,Frisco,75036,5480 FM 423 100 | 75036,Food Establishment II,Food establishment,Italian,STEVE LEE,2,2,0,2025-09-30,2026-05-07,6,6,3.0,3,3,1,0,0,https://inspections.myhealthdepartment.com/frisco/permit/?permitID=54C100A1-DD53-449D-825C-50C8870722EE
CFCD58C5-6F1E-4BE9-AFDD-BE72C6C11340,SAN IDLI ,15900 State Highway 121 300,Frisco,75035,15900 STATE HIGHWAY 121 300 | 75035,Food Establishment II,Food establishment,Indian,SAN IDLI LLC,1,1,0,2026-04-28,2026-04-28,18,18,18.0,16,12,1,0,0,https://inspections.myhealthdepartment.com/frisco/permit/?permitID=CFCD58C5-6F1E-4BE9-AFDD-BE72C6C11340
DC8D7CB9-5913-4C5D-AEB8-FD616EA8A971,SARKU JAPAN,2601 PRESTON RD 2044,Frisco,75034,2601 PRESTON RD 2044 | 75034,Food Establishment II,Food establishment,Japanese,Tony Chiu,3,3,0,2025-08-18,2026-02-03,0,0,0.0,0,0,0,0,0,https://inspections.myhealthdepartment.com/frisco/permit/?permitID=DC8D7CB9-5913-4C5D-AEB8-FD616EA8A971
1DE87817-65A1-41B6-A52B-127EA36DC8DD,SATOSHI JAPANESE KITCHEN ,8425 Fm 423 160,Frisco,75036,8425 FM 423 160 | 75036,Food Establishment II,Food establishment,Japanese,BRADLEY FURLER,2,2,0,2025-08-27,2026-01-05,6,7,6.5,6,6,3,0,0,https://inspections.myhealthdepartment.com/frisco/permit/?permitID=1DE87817-65A1-41B6-A52B-127EA36DC8DD
975DEF39-3C39-47DA-9BCB-CCEEDE2D2B69,SBARRO THE ITALIAN EATERY,2601 PRESTON RD 2052,Frisco,75034,2601 PRESTON RD 2052 | 75034,Food Establishment II,Food establishment,Italian,"SBARRO, LLC",2,2,0,2025-08-28,2026-03-30,0,0,0.0,1,0,0,0,0,https://inspections.myhealthdepartment.com/frisco/permit/?permitID=975DEF39-3C39-47DA-9BCB-CCEEDE2D2B69
196A5B17-2807-48CC-87F4-606C5A6F95BB,SCHLOTZSKY'S,3887 PRESTON RD,Frisco,75034,3887 PRESTON RD | 75034,Food Establishment II,Food establishment,Deli,"ALBERT RESTAURANT GROUP, LLC",4,4,0,2025-06-25,2026-09-14,12,12,5.5,18,17,3,0,0,https://inspections.myhealthdepartment.com/frisco/permit/?permitID=196A5B17-2807-48CC-87F4-606C5A6F95BB
6FD6AC7A-25EB-4251-AFC8-25933259ED70,SCHOOLHOUSE 226,6275 HILLCREST RD,Frisco,75035,6275 HILLCREST RD | 75035,DAYC,Child care,Institutional,KATY LANSFORD,4,4,0,2025-07-17,2026-06-02,0,0,0.0,2,0,0,0,0,https://inspections.myhealthdepartment.com/frisco/permit/?permitID=6FD6AC7A-25EB-4251-AFC8-25933259ED70
A8E9BFE5-DD71-489A-A7C3-645D4325D527,SCOOTERS COFFEE,9489 Preston Rd,Frisco,75034,9489 PRESTON RD | 75034,Food Establishment II,Food establishment,Coffee House & Cafe,Rustin Perez,3,3,0,2025-08-07,2026-04-17,3,3,1.67,3,3,1,0,0,https://inspections.myhealthdepartment.com/frisco/permit/?permitID=A8E9BFE5-DD71-489A-A7C3-645D4325D527
137F5753-2C09-44AC-A747-BDCC3C470536,SCOTTY P'S,5110 ELDORADO PKWY,Frisco,75033,5110 ELDORADO PKWY | 75033,Food Establishment II,Food establishment,American,"SCOTTY P'S HAMBURGERS FRISCO, INC.",3,3,0,2025-08-13,2026-06-15,0,2,0.67,6,1,0,0,0,https://inspections.myhealthdepartment.com/frisco/permit/?permitID=137F5753-2C09-44AC-A747-BDCC3C470536
9564E988-7D0B-4A11-9ECF-1560ADA0D5F6,SEE U MORNING ,9244 Prestmont Pl 208,Frisco,75035,9244 PRESTMONT PL 208 | 75035,Food Establishment II,Food establishment,Chinese,,1,1,0,2026-04-07,2026-04-07,10,10,10.0,7,6,1,0,0,https://inspections.myhealthdepartment.com/frisco/permit/?permitID=9564E988-7D0B-4A11-9ECF-1560ADA0D5F6
670B52E8-8461-4BF9-91C2-3B895FC4C123,SEES CANDIES,2601 PRESTON RD 1032,Frisco,75034,2601 PRESTON RD 1032 | 75034,Food Establishment I,Food establishment,Specialty,SEE'S CANDIES INC,2,2,0,2025-07-15,2026-08-07,0,0,0.0,0,0,0,0,0,https://inspections.myhealthdepartment.com/frisco/permit/?permitID=670B52E8-8461-4BF9-91C2-3B895FC4C123
19D50625-6DB8-465B-A523-AE0D57BEA173,SEM ELEMENTARY,12721 HONEY GROVE DR,Frisco,75035,12721 HONEY GROVE DR | 75035,School and City,School or city facility,Institutional,FRISCO ISD,2,2,0,2025-08-29,2026-04-07,0,0,0.0,0,0,0,0,0,https://inspections.myhealthdepartment.com/frisco/permit/?permitID=19D50625-6DB8-465B-A523-AE0D57BEA173
54CF540D-4FE8-4EE0-AE25-CC5A9EF31B20,SHAH'S HALAL FOOD,8845 Gary Burns Dr 105,Frisco,75034,8845 GARY BURNS DR 105 | 75034,Food Establishment II,Food establishment,Mediterranean,OPTIN CORP LLC,1,1,0,2026-04-17,2026-04-17,3,3,3.0,3,1,1,0,0,https://inspections.myhealthdepartment.com/frisco/permit/?permitID=54CF540D-4FE8-4EE0-AE25-CC5A9EF31B20
775A8058-9666-4579-86A8-9BF2E68E044E,SHARETEA,9351 WARREN PKWY 123,Frisco,75035,9351 WARREN PKWY 123 | 75035,Food Establishment II,Food establishment,Cafe,RUSSELL TONG,2,2,0,2025-11-10,2026-06-10,5,5,2.5,5,4,0,0,0,https://inspections.myhealthdepartment.com/frisco/permit/?permitID=775A8058-9666-4579-86A8-9BF2E68E044E
05DB6CFD-BAB0-4B4F-AE78-D013D19AA33E,SHAWNEE TRAIL ELEMENTARY,10701 PRESTON VINEYARD DR,Frisco,75035,10701 PRESTON VINEYARD DR | 75035,School and City,School or city facility,Institutional,FRISCO ISD,2,2,0,2025-11-13,2026-05-18,0,0,0.0,0,0,0,0,0,https://inspections.myhealthdepartment.com/frisco/permit/?permitID=05DB6CFD-BAB0-4B4F-AE78-D013D19AA33E
56A24236-529B-4644-8007-167AF401FA71,SHEESH,7151 PRESTON RD 151A,Frisco,75034,7151 PRESTON RD 151A | 75034,Food Establishment II,Food establishment,Mediterranean,Sheesh Frisco LLC,1,1,0,2026-04-10,2026-04-10,6,6,6.0,4,2,2,0,0,https://inspections.myhealthdepartment.com/frisco/permit/?permitID=56A24236-529B-4644-8007-167AF401FA71
F503E566-A910-43F4-841D-C5188F424790,SHIPLEY DO-NUTS,8155 CUSTER RD 100,Frisco,75035,8155 CUSTER RD 100 | 75035,Food Establishment II,Food establishment,Bakery,Channa Sum,2,2,0,2025-12-26,2026-07-15,1,2,1.5,3,2,0,0,0,https://inspections.myhealthdepartment.com/frisco/permit/?permitID=F503E566-A910-43F4-841D-C5188F424790
3A806AA9-0C12-4E28-A968-301759F0D4DB,SHOJI SUSHI HIBACHI,2575 MAIN ST 340,Frisco,75034,2575 MAIN ST 340 | 75034,Food Establishment III,Food establishment,Japanese,KEVIN JANG,3,3,0,2025-07-24,2026-04-22,7,21,13.67,28,26,6,2,0,https://inspections.myhealthdepartment.com/frisco/permit/?permitID=3A806AA9-0C12-4E28-A968-301759F0D4DB
36F24798-98F8-4869-A03E-2EE014EF40DD,SIMPLY THAI BISTRO,4150 LEGACY DR 410,Frisco,75034,4150 LEGACY DR 410 | 75034,Food Establishment II,Food establishment,Thai,THANABODI CORP,3,3,0,2025-07-25,2026-06-19,4,5,4.67,14,10,1,0,0,https://inspections.myhealthdepartment.com/frisco/permit/?permitID=36F24798-98F8-4869-A03E-2EE014EF40DD
E0BCAB23-6ED4-4DFC-B3D6-DDD3A0AD513B,SIMPLY THAI BISTRO,6842 MAIN ST 101,Frisco,75033,6842 MAIN ST 101 | 75033,Food Establishment II,Food establishment,Thai,WK THAI CORPORATION,2,2,0,2025-10-28,2026-04-13,13,13,8.0,8,7,4,1,0,https://inspections.myhealthdepartment.com/frisco/permit/?permitID=E0BCAB23-6ED4-4DFC-B3D6-DDD3A0AD513B
489EB6CA-F16E-4589-9B3A-367D57103846,SINGAS FAMOUS PIZZA,13089 MAIN ST 400,Frisco,75035,13089 MAIN ST 400 | 75035,Food Establishment II,Food establishment,Pizza,Sri Lakshmi Foods LLC,1,1,0,2025-12-09,2025-12-09,2,2,2.0,3,2,0,0,0,https://inspections.myhealthdepartment.com/frisco/permit/?permitID=489EB6CA-F16E-4589-9B3A-367D57103846
43316307-2FAE-4E6E-9E45-FF35EE281A1E,SIP ,2601 PRESTON RD 5508,Frisco,75034,2601 PRESTON RD 5508 | 75034,Food Establishment II,Food establishment,Juice Bar,SYED OBAID,1,1,0,2026-06-08,2026-06-08,8,8,8.0,8,5,1,0,0,https://inspections.myhealthdepartment.com/frisco/permit/?permitID=43316307-2FAE-4E6E-9E45-FF35EE281A1E
E8ED0CD2-F793-4F07-A41C-D437DA3B1397,SIP NUTRITION AND ENERGY,7151 PRESTON RD 441D,Frisco,75034,7151 PRESTON RD 441D | 75034,Food Establishment I,Food establishment,Convenience,HOLLOWAY UNLIMITED LLC,1,1,0,2025-09-10,2025-09-10,0,0,0.0,1,0,0,0,0,https://inspections.myhealthdepartment.com/frisco/permit/?permitID=E8ED0CD2-F793-4F07-A41C-D437DA3B1397
4C13C51A-0045-4F91-B99D-324FC6E954B7,SKILLET FLAME,14550 STATE HIGHWAY 121 110,Frisco,75035,14550 STATE HIGHWAY 121 110 | 75035,Food Establishment II,Food establishment,American,ALA ALSALEM,2,2,0,2025-09-11,2026-04-28,2,5,3.5,7,5,0,0,0,https://inspections.myhealthdepartment.com/frisco/permit/?permitID=4C13C51A-0045-4F91-B99D-324FC6E954B7
6387BFAD-46E8-4B22-867E-7BC6338E50DE,SMALLCAKES FRISCO,5999 CUSTER RD 115,Frisco,75035,5999 CUSTER RD 115 | 75035,Food Establishment II,Food establishment,Bakery,Northstar Ventures Group LLC,2,2,0,2025-12-05,2026-08-26,1,1,0.5,6,1,0,0,0,https://inspections.myhealthdepartment.com/frisco/permit/?permitID=6387BFAD-46E8-4B22-867E-7BC6338E50DE
6ED243F6-FF83-460D-984B-68079A2E9C14,SMART SNACKS VENDING LLC,2990 LEGACY DR,Frisco,75034,2990 LEGACY DR | 75034,Food Establishment I,Food establishment,Convenience,Smart Snacks Vending LLC,1,1,0,2026-06-04,2026-06-04,0,0,0.0,0,0,0,0,0,https://inspections.myhealthdepartment.com/frisco/permit/?permitID=6ED243F6-FF83-460D-984B-68079A2E9C14
E1F914BF-E392-4E80-A132-75A916AABF44,SMITH ELEMENTARY SCHOOL,9800 SEAN DR,Frisco,,9800 SEAN DR | ,School and City,School or city facility,Institutional,FRISCO ISD,2,2,0,2025-11-13,2026-05-19,0,0,0.0,1,0,0,0,0,https://inspections.myhealthdepartment.com/frisco/permit/?permitID=E1F914BF-E392-4E80-A132-75A916AABF44
E189ED80-6C0A-4FA3-AD71-2A93CA4D847F,SMOOTHIE KING,4984 MAIN ST 100,Frisco,75033,4984 MAIN ST 100 | 75033,Food Establishment II,Food establishment,Juice Bar,HIBA-SK LLC,2,2,0,2025-08-06,2026-02-24,3,4,3.5,6,6,0,0,0,https://inspections.myhealthdepartment.com/frisco/permit/?permitID=E189ED80-6C0A-4FA3-AD71-2A93CA4D847F
BF439905-670C-4BC6-AA22-461DFC9B6CA7,SMOOTHIE KING,2809 PRESTON RD 1220,Frisco,75034,2809 PRESTON RD 1220 | 75034,Food Establishment II,Food establishment,Juice Bar,BRITT SWEAT,2,2,0,2025-10-16,2026-04-22,2,2,2.0,3,2,0,0,1,https://inspections.myhealthdepartment.com/frisco/permit/?permitID=BF439905-670C-4BC6-AA22-461DFC9B6CA7
B8A5362E-DF42-417F-8E61-313CB59778F6,SMOOTHIE ZONE,4971 PRESTON RD,Frisco,75034,4971 PRESTON RD | 75034,Food Establishment II,Food establishment,Juice Bar,WADE STEWART,3,3,0,2025-09-09,2026-06-05,0,0,0.0,1,0,0,0,0,https://inspections.myhealthdepartment.com/frisco/permit/?permitID=B8A5362E-DF42-417F-8E61-313CB59778F6
104C9FDC-3851-4889-BE52-21C250A68EBD,SNAP E JACK,8750 MAIN ST 200,Frisco,75033,8750 MAIN ST 200 | 75033,Food Establishment II,Food establishment,Convenience,Anil Kakkerala,3,3,0,2025-07-02,2026-08-04,1,1,1.0,4,3,0,0,0,https://inspections.myhealthdepartment.com/frisco/permit/?permitID=104C9FDC-3851-4889-BE52-21C250A68EBD
77D7375D-87CC-4DB2-8F8D-78D765DEB1F4,SNAPPY SALADS,5252 MAIN ST 100,Frisco,,5252 MAIN ST 100 | ,Food Establishment II,Food establishment,Salads,"SALAD COLLECTIVE, LLC",3,3,0,2025-09-19,2026-05-04,5,5,1.67,4,2,1,0,0,https://inspections.myhealthdepartment.com/frisco/permit/?permitID=77D7375D-87CC-4DB2-8F8D-78D765DEB1F4
C2B970CB-2FF1-4D32-84F4-0265800E0160,SNOOZE A.M.EATERY,9169 DALLAS PKWY 120,Frisco,75033,9169 DALLAS PKWY 120 | 75033,Food Establishment II,Food establishment,Cafe,Snoozetown LLC,3,3,0,2025-11-26,2026-08-17,10,10,5.33,13,9,2,2,0,https://inspections.myhealthdepartment.com/frisco/permit/?permitID=C2B970CB-2FF1-4D32-84F4-0265800E0160
DAE6997B-ED4D-4D45-B930-6EF370910F30,SNOWFOX K561,12221 CUSTER RD,Frisco,75035,12221 CUSTER RD | 75035,Food Establishment II,Food establishment,Japanese,JFE FRANCHISING INC,2,2,0,2025-12-05,2026-07-01,0,0,0.0,1,0,0,0,0,https://inspections.myhealthdepartment.com/frisco/permit/?permitID=DAE6997B-ED4D-4D45-B930-6EF370910F30
8784FC97-0444-4559-BE62-63A8EA31560D,SOMISOMI SUL & BEANS,9292 WARREN PKWY 260,Frisco,75035,9292 WARREN PKWY 260 | 75035,Food Establishment II,Food establishment,Ice Cream,S&S Hans LLC,3,3,0,2025-06-24,2026-07-15,7,7,2.33,5,4,1,0,0,https://inspections.myhealthdepartment.com/frisco/permit/?permitID=8784FC97-0444-4559-BE62-63A8EA31560D
CF2B3911-7618-4020-84D0-66C6A8022CC9,SONIC,11665 FRISCO ST,Frisco,75033,11665 FRISCO ST | 75033,Food Establishment II,Food establishment,Fast Food,SRI OPERATING CO,3,3,0,2025-08-11,2026-09-08,14,14,6.67,16,13,3,0,0,https://inspections.myhealthdepartment.com/frisco/permit/?permitID=CF2B3911-7618-4020-84D0-66C6A8022CC9
1D6C31FA-C615-4949-A315-D23DE08195A3,SONIC,7630 PRESTON RD,Frisco,75035,7630 PRESTON RD | 75035,Food Establishment II,Food establishment,Fast Food,SRI OPERATING COMPANY,2,2,0,2025-10-29,2026-04-29,0,0,0.0,0,0,0,0,0,https://inspections.myhealthdepartment.com/frisco/permit/?permitID=1D6C31FA-C615-4949-A315-D23DE08195A3
3A76BFD1-EDFD-4441-8ADC-81DBC5BE27CA,SONIC,2601 PRESTON RD 2048,Frisco,75034,2601 PRESTON RD 2048 | 75034,Food Establishment II,Food establishment,Fast Food,MCKEE INVESTMENT,2,2,0,2025-12-03,2026-07-16,1,3,2.0,4,2,1,0,0,https://inspections.myhealthdepartment.com/frisco/permit/?permitID=3A76BFD1-EDFD-4441-8ADC-81DBC5BE27CA
4280FEB3-F522-42E0-BED1-21253C6EF5A4,SONIC ,7630 PRESTON RD,Frisco,75035,7630 PRESTON RD | 75035,Food Establishment II,Food establishment,,SOAR Restaurants I LLC,1,1,0,2026-06-05,2026-06-05,4,4,4.0,3,3,0,0,1,https://inspections.myhealthdepartment.com/frisco/permit/?permitID=4280FEB3-F522-42E0-BED1-21253C6EF5A4
A085F410-88FB-4C35-AE09-B759EF030D48,SONIC DRIVE-IN #4843,315 MAIN ST,Frisco,75036,315 MAIN ST | 75036,Food Establishment II,Food establishment,Fast Food,SOAR Restaurants IV LLC,3,3,0,2025-09-18,2026-07-17,3,3,1.0,2,2,0,0,0,https://inspections.myhealthdepartment.com/frisco/permit/?permitID=A085F410-88FB-4C35-AE09-B759EF030D48
A379F20D-9F26-4566-93CC-FF9C89587133,SONIC DRIVE-IN #5483,5353 LEBANON RD,Frisco,75034,5353 LEBANON RD | 75034,Food Establishment II,Food establishment,Fast Food,SOAR Restaurants IV LLC,3,3,0,2025-09-17,2026-06-18,3,3,1.0,4,2,0,0,0,https://inspections.myhealthdepartment.com/frisco/permit/?permitID=A379F20D-9F26-4566-93CC-FF9C89587133
12A553A7-82A8-47A0-BCCA-75A4475F4AD5,SONIC DRIVE-IN #5501,9265 WARREN PKWY,Frisco,75035,9265 WARREN PKWY | 75035,Food Establishment II,Food establishment,Fast Food,SOAR Restaurants IV LLC,4,4,0,2025-06-23,2026-07-08,10,11,8.0,21,20,6,1,1,https://inspections.myhealthdepartment.com/frisco/permit/?permitID=12A553A7-82A8-47A0-BCCA-75A4475F4AD5
8098DC9A-6BD2-4416-BC9A-5DDA339467F4,SOULFUL STREET BITES,5757 Main St 100,Frisco,75034,5757 MAIN ST 100 | 75034,Food Establishment II,Food establishment,Barbecue,Soulful Street Bites Retail Di,2,2,0,2025-09-12,2026-02-19,10,10,5.0,11,9,0,0,0,https://inspections.myhealthdepartment.com/frisco/permit/?permitID=8098DC9A-6BD2-4416-BC9A-5DDA339467F4
1758FF8B-DEFD-4A64-ADCA-60394B41ED0A,SPARKS ELEMENTARY CAFE,8200 OTIS DR,Frisco,75036,8200 OTIS DR | 75036,School and City,School or city facility,Institutional,FRISCO ISD,2,2,0,2025-11-10,2026-05-12,0,0,0.0,0,0,0,0,0,https://inspections.myhealthdepartment.com/frisco/permit/?permitID=1758FF8B-DEFD-4A64-ADCA-60394B41ED0A
78A31BD4-9AAD-4811-BC34-81A664E8EA2D,SPEARS ELEMENTARY CAFE,8500 WADE BLVD,Frisco,75034,8500 WADE BLVD | 75034,School and City,School or city facility,Institutional,FRISCO ISD,2,2,0,2025-09-25,2026-03-31,0,0,0.0,0,0,0,0,0,https://inspections.myhealthdepartment.com/frisco/permit/?permitID=78A31BD4-9AAD-4811-BC34-81A664E8EA2D
3165845D-E718-4058-8981-E427398867F8,SPICE RACK ,9964 Coit Rd,Frisco,75035,9964 COIT RD | 75035,Food Establishment III,Food establishment,Indian,Frisco Lexington elite holdings LLC,2,2,0,2026-02-17,2026-08-19,10,10,5.0,8,5,2,0,0,https://inspections.myhealthdepartment.com/frisco/permit/?permitID=3165845D-E718-4058-8981-E427398867F8
16F54821-C82A-4D88-AB65-53F3A4BFC6F4,SPICE WOK FRISCO INC,7151 PRESTON RD 201B,Frisco,75034,7151 PRESTON RD 201B | 75034,Food Establishment II,Food establishment,Asian,KASHIF ZAI,2,2,0,2026-01-07,2026-06-29,17,21,19.0,25,22,5,8,0,https://inspections.myhealthdepartment.com/frisco/permit/?permitID=16F54821-C82A-4D88-AB65-53F3A4BFC6F4
1E492C2F-B503-432E-9B83-26635A992DDB,SPICERACK GROCERY MEAT STORE,10010 Coit Rd 500,Frisco,75035,10010 COIT RD 500 | 75035,Grocery Store I,Grocery,Grocery,Frisco Lexington elite holdings LLC,2,2,0,2025-12-10,2026-05-11,0,2,1.0,4,1,0,0,0,https://inspections.myhealthdepartment.com/frisco/permit/?permitID=1E492C2F-B503-432E-9B83-26635A992DDB
7C4FC684-EFC1-4D8D-8A06-2C1F5A4C8CF5,SPITZ FRISCO,6851 WARREN PKWY 201,Frisco,75034,6851 WARREN PKWY 201 | 75034,Food Establishment II,Food establishment,Mediterranean,SHIYA FAMILY GROUP INC LLC,2,2,0,2025-10-02,2026-02-09,0,3,1.5,2,2,0,0,0,https://inspections.myhealthdepartment.com/frisco/permit/?permitID=7C4FC684-EFC1-4D8D-8A06-2C1F5A4C8CF5
2811322E-BEE3-4CC7-9B03-265A02CEB24F,SPONGE BOB SNACK SHACK,5 Universal Pkwy LAND 5,Frisco,75033,5 UNIVERSAL PKWY LAND 5 | 75033,Food Establishment II,Food establishment,,NBC Universal LLC,1,1,0,2026-07-15,2026-07-15,0,0,0.0,1,0,0,0,0,https://inspections.myhealthdepartment.com/frisco/permit/?permitID=2811322E-BEE3-4CC7-9B03-265A02CEB24F
109B387C-73AF-473D-8728-7DBA7FAA619E,SPOON + FORK THAI KITCHEN,7967 CUSTER RD STE 400,Frisco,75035,7967 CUSTER RD 400 | 75035,Food Establishment III,Food establishment,Thai,MIRAWELL LLC,3,3,0,2025-07-22,2026-09-09,20,20,9.67,21,17,5,0,0,https://inspections.myhealthdepartment.com/frisco/permit/?permitID=109B387C-73AF-473D-8728-7DBA7FAA619E
B0EE716F-6CA2-4420-8585-49A61B85B77C,SPRADLEY ELEMENTARY SCHOOL- KITCHEN,11411 LEONA ST,Frisco,75035,11411 LEONA ST | 75035,School and City,School or city facility,Institutional,RANKA MIHALJCIC,2,2,0,2025-08-22,2026-03-09,0,0,0.0,0,0,0,0,0,https://inspections.myhealthdepartment.com/frisco/permit/?permitID=B0EE716F-6CA2-4420-8585-49A61B85B77C
B281EE16-ABE5-419D-BC61-0BDFBCB9005F,SPRING CREEK BARBEQUE,3623 PRESTON RD/WARREN PKWY,Frisco,,3623 PRESTON RD/WARREN PKWY | ,Food Establishment II,Food establishment,Barbecue,SPRING CREEK BARBEQUE #2 LTD,2,2,0,2025-12-08,2026-07-09,6,6,3.0,5,4,0,0,0,https://inspections.myhealthdepartment.com/frisco/permit/?permitID=B281EE16-ABE5-419D-BC61-0BDFBCB9005F
FF271A57-E5DD-4422-B2C9-3EB9022EA54B,SPRINKLE SHINE GLITTER GLOW,5 Universal Pkwy,Frisco,75033,5 UNIVERSAL PKWY | 75033,Food Establishment II,Food establishment,,NBC Universal LLC,1,1,0,2026-07-15,2026-07-15,0,0,0.0,0,0,0,0,0,https://inspections.myhealthdepartment.com/frisco/permit/?permitID=FF271A57-E5DD-4422-B2C9-3EB9022EA54B
F6C401CE-387D-495F-87FA-BE32A58A87DB,SPROUTS,5190 PRESTON RD,Frisco,75034,5190 PRESTON RD | 75034,Grocery Store III,Grocery,Grocery,SPROUTS FARMERS MARKET,3,3,0,2025-11-03,2026-06-22,0,3,1.0,3,1,1,0,0,https://inspections.myhealthdepartment.com/frisco/permit/?permitID=F6C401CE-387D-495F-87FA-BE32A58A87DB
9A68883D-5685-4E83-BB9E-8CAA1B8B2230,SPROUTS FARMERS MARKET,2500 ELDORADO PKWY,Frisco,,2500 ELDORADO PKWY | ,Grocery Store III,Grocery,Grocery,SFM LLC,3,3,0,2025-10-28,2026-06-10,2,2,0.67,1,1,0,0,0,https://inspections.myhealthdepartment.com/frisco/permit/?permitID=9A68883D-5685-4E83-BB9E-8CAA1B8B2230
D731178E-4BC2-40BD-A7E8-C1A4D5027541,SRI AYODHYA BHAVAN,14339 ELDORADO PKWY STE 135,Frisco,75068,14339 ELDORADO PKWY 135 | 75068,Food Establishment II,Food establishment,,Bhanu Prakash Manduva,1,1,0,2026-06-04,2026-06-04,13,13,13.0,8,7,2,0,0,https://inspections.myhealthdepartment.com/frisco/permit/?permitID=D731178E-4BC2-40BD-A7E8-C1A4D5027541
404F5459-E36E-4D12-8FAA-D5763A8B27B0,SRI KRISHNA VILAS,13215 MAIN ST 300,Frisco,75035,13215 MAIN ST 300 | 75035,Food Establishment III,Food establishment,Indian,Satish Musunuri,4,4,0,2025-08-25,2026-09-18,27,27,17.25,44,39,11,2,1,https://inspections.myhealthdepartment.com/frisco/permit/?permitID=404F5459-E36E-4D12-8FAA-D5763A8B27B0
F2E21394-A3F2-4F00-9D09-1D244BD16D31,ST PHILIPS EPISCOPAL CHURCH AND PRESCHOOL,6400 STONEBROOK PKWY,Frisco,75034,6400 STONEBROOK PKWY | 75034,HLTD,Health care / long-term care,Institutional,ST PHILIPS EPISCOPAL CHURCH,2,2,0,2025-08-07,2026-02-26,0,0,0.0,0,0,0,0,0,https://inspections.myhealthdepartment.com/frisco/permit/?permitID=F2E21394-A3F2-4F00-9D09-1D244BD16D31
F1933953-B9F5-48C6-A9D7-4FFA90AD217F,STAFFORD MIDDLE SCHOOL,2288 LITTLE RIVER DR,Frisco,75034-0569,2288 LITTLE RIVER DR | 75034,School and City,School or city facility,Institutional,FRISCO ISD,2,2,0,2025-08-29,2026-04-17,0,0,0.0,0,0,0,0,0,https://inspections.myhealthdepartment.com/frisco/permit/?permitID=F1933953-B9F5-48C6-A9D7-4FFA90AD217F
2274A39C-DD54-4C7C-A528-77D88E5AC01C,STAFFORD MIDDLE SCHOOL CONCESSION STAND,2288 LITTLE RIVER DR,Frisco,75034-0569,2288 LITTLE RIVER DR | 75034,School and City,School or city facility,Institutional,FISD,2,2,0,2025-08-29,2026-04-17,0,0,0.0,0,0,0,0,0,https://inspections.myhealthdepartment.com/frisco/permit/?permitID=2274A39C-DD54-4C7C-A528-77D88E5AC01C
ECD54FB4-56AB-47D6-A22B-63AFCBAF3725,STALEY MIDDLE SCHOOL,6927 STADIUM LN,Frisco,75033,6927 STADIUM LN | 75033,School and City,School or city facility,Institutional,FRISCO ISD,3,3,0,2025-08-27,2026-05-05,0,0,0.0,0,0,0,0,0,https://inspections.myhealthdepartment.com/frisco/permit/?permitID=ECD54FB4-56AB-47D6-A22B-63AFCBAF3725
500F6AB2-5782-4F13-A2BF-3F9CB5C4E69E,STALEY MIDDLE SCHOOL INDOOR CONCESSION STAND,9700 FIRST ST,Frisco,75033,9700 FIRST ST | 75033,School and City,School or city facility,Institutional,FISD,2,2,0,2025-10-31,2026-05-05,0,2,1.0,1,1,0,0,0,https://inspections.myhealthdepartment.com/frisco/permit/?permitID=500F6AB2-5782-4F13-A2BF-3F9CB5C4E69E
F7EFB86E-EE5A-4A6C-9195-4E3FE40E6661,STARBUCKS @ MACY'S STONEBRIAR,2609 PRESTON RD,Frisco,75034,2609 PRESTON RD | 75034,Food Establishment II,Food establishment,Coffee House & Cafe,"MACY'S RETAIL HOLDINGS, INC",3,3,0,2025-07-15,2026-09-10,0,0,0.0,5,0,0,0,0,https://inspections.myhealthdepartment.com/frisco/permit/?permitID=F7EFB86E-EE5A-4A6C-9195-4E3FE40E6661
A85A6F13-9676-4247-83DC-D4DD138FC3AE,STARBUCKS COFFEE,5955 CUSTER RD,Frisco,75035,5955 CUSTER RD | 75035,Food Establishment II,Food establishment,Coffee House & Cafe,STARBUCKS CORPORATION,3,3,0,2025-06-30,2026-08-26,5,5,2.33,6,4,1,0,0,https://inspections.myhealthdepartment.com/frisco/permit/?permitID=A85A6F13-9676-4247-83DC-D4DD138FC3AE
E7EADE79-A54F-4E21-ACDE-0CC08CDD3DA6,STARBUCKS COFFEE,8949 COIT RD 100,Frisco,75035,8949 COIT RD 100 | 75035,Food Establishment II,Food establishment,Coffee House & Cafe,STARBUCKS CORPORATION,3,3,0,2025-07-22,2026-07-21,1,1,0.33,2,1,0,0,0,https://inspections.myhealthdepartment.com/frisco/permit/?permitID=E7EADE79-A54F-4E21-ACDE-0CC08CDD3DA6
BD157288-7AD4-4CDC-8895-3D8260BFFDEF,STARBUCKS COFFEE,11625 CUSTER RD,Frisco,75035,11625 CUSTER RD | 75035,Food Establishment II,Food establishment,Coffee House & Cafe,STARBUCKS CORPORATION,3,3,0,2025-07-24,2026-07-20,4,4,1.67,5,4,0,0,0,https://inspections.myhealthdepartment.com/frisco/permit/?permitID=BD157288-7AD4-4CDC-8895-3D8260BFFDEF
2C7578BD-D257-443A-A226-2F0518EAAC81,STARBUCKS COFFEE,7135 PRESTON RD 100,Frisco,75034,7135 PRESTON RD 100 | 75034,Food Establishment II,Food establishment,Coffee House & Cafe,"STARBUCKS COFFEE CO., #6583",2,2,0,2025-09-05,2026-03-13,2,2,1.0,2,1,0,0,0,https://inspections.myhealthdepartment.com/frisco/permit/?permitID=2C7578BD-D257-443A-A226-2F0518EAAC81
9C0D7397-0E6B-4B55-999E-F19E72F1F99C,STARBUCKS COFFEE,5722 ELDORADO PKWY 100,Frisco,75033,5722 ELDORADO PKWY 100 | 75033,Food Establishment II,Food establishment,Coffee House & Cafe,STARBUCKS CORPORATION,2,2,0,2025-09-22,2026-03-19,0,0,0.0,0,0,0,0,0,https://inspections.myhealthdepartment.com/frisco/permit/?permitID=9C0D7397-0E6B-4B55-999E-F19E72F1F99C
352841A5-61FF-4C2C-88ED-0B046E6EFB18,STARBUCKS COFFEE #58387,1425 UNIVERSITY DR,Frisco,75033,1425 UNIVERSITY DR | 75033,Food Establishment II,Food establishment,Coffee House & Cafe,STARBUCKS CORPORATION,2,2,0,2025-09-22,2026-03-20,0,0,0.0,0,0,0,0,0,https://inspections.myhealthdepartment.com/frisco/permit/?permitID=352841A5-61FF-4C2C-88ED-0B046E6EFB18
F4E656ED-3BE1-40CF-9974-67E92826A1E1,STARBUCKS COFFEE #6355,2601 PRESTON RD 5508,Frisco,75034,2601 PRESTON RD 5508 | 75034,Food Establishment II,Food establishment,Coffee House & Cafe,STARBUCKS CORPORATION,3,3,0,2025-08-21,2026-09-09,4,4,2.33,7,4,1,1,0,https://inspections.myhealthdepartment.com/frisco/permit/?permitID=F4E656ED-3BE1-40CF-9974-67E92826A1E1
80DF6B8B-3B2D-48DC-9834-AD75564AB285,STARBUCKS COFFEE #6366,3511 PRESTON RD 1,Frisco,75034,3511 PRESTON RD 1 | 75034,Food Establishment II,Food establishment,Coffee House & Cafe,STARBUCKS CORPORATION,3,3,0,2025-07-23,2026-08-27,5,5,3.0,10,9,1,2,0,https://inspections.myhealthdepartment.com/frisco/permit/?permitID=80DF6B8B-3B2D-48DC-9834-AD75564AB285
74016844-8607-4819-B97F-574BAF3D77B7,STARBUCKS COFFEE #64727,13355 DALLAS PKWY 300,Frisco,75033,13355 DALLAS PKWY 300 | 75033,Food Establishment II,Food establishment,Coffee House & Cafe,STARBUCKS CORPORATION,3,3,0,2025-07-22,2026-09-10,0,0,0.0,1,0,0,0,0,https://inspections.myhealthdepartment.com/frisco/permit/?permitID=74016844-8607-4819-B97F-574BAF3D77B7
1E18AAE5-E041-4C33-AA03-99DA7701A790,STARBUCKS COFFEE #65492,5533 OLD LEBANON RD,Frisco,75034,5533 OLD LEBANON RD | 75034,Food Establishment II,Food establishment,Coffee House & Cafe,STARBUCKS CORPORATION,3,3,0,2025-07-21,2026-08-17,6,6,2.0,6,4,1,0,0,https://inspections.myhealthdepartment.com/frisco/permit/?permitID=1E18AAE5-E041-4C33-AA03-99DA7701A790
9E7E3987-743D-47D5-9DCF-7CACEDF904DB,STARBUCKS COFFEE #6796,4150 LEGACY DR 400,Frisco,75034,4150 LEGACY DR 400 | 75034,Food Establishment II,Food establishment,Coffee House & Cafe,STARBUCKS CORPORATION,2,2,0,2025-10-21,2026-04-28,0,0,0.0,0,0,0,0,0,https://inspections.myhealthdepartment.com/frisco/permit/?permitID=9E7E3987-743D-47D5-9DCF-7CACEDF904DB
806C5D53-5BCB-4E93-81D2-097DFFAAC163,STARBUCKS COFFEE #8816,3193 MAIN ST,Frisco,75034,3193 MAIN ST | 75034,Food Establishment II,Food establishment,Coffee House & Cafe,STARBUCKS CORPORATION,2,2,0,2025-10-14,2026-05-07,0,0,0.0,1,0,0,0,0,https://inspections.myhealthdepartment.com/frisco/permit/?permitID=806C5D53-5BCB-4E93-81D2-097DFFAAC163
17C974DA-8ACF-4AB7-8F9D-265E690E861C,STARWOOD ACADEMY OF FRISCO,3443 LEBANON RD,Frisco,75034,3443 LEBANON RD | 75034,Food Establishment III,Food establishment,Institutional,"STARWOOD ACADEMY OF FRISCO, LLC",4,4,0,2025-07-28,2026-08-28,0,0,0.0,0,0,0,0,0,https://inspections.myhealthdepartment.com/frisco/permit/?permitID=17C974DA-8ACF-4AB7-8F9D-265E690E861C
CC00DECA-A37F-427F-B80E-C27D39E1693B,STEAK N SHAKE,3440 PRESTON RD,Frisco,75034,3440 PRESTON RD | 75034,REST,Food establishment,Fast Food,Emmanuel Taiwo,1,1,0,2025-07-17,2025-07-17,0,0,0.0,0,0,0,0,0,https://inspections.myhealthdepartment.com/frisco/permit/?permitID=CC00DECA-A37F-427F-B80E-C27D39E1693B
47758F79-4B7F-4489-9A51-822E1E46A449,STEAK N SHAKE,3440 PRESTON RD,Frisco,75034,3440 PRESTON RD | 75034,Food Establishment II,Food establishment,Hamburgers,"DICKSON FRISCO TX, LLC",3,3,0,2025-09-04,2026-05-06,0,0,0.0,0,0,0,0,0,https://inspections.myhealthdepartment.com/frisco/permit/?permitID=47758F79-4B7F-4489-9A51-822E1E46A449
4F5D002B-F546-451D-BE10-E5254A44803E,STONEBRIAR COUNTRY CLUB - KITCHEN,5050 COUNTRY CLUB DR,Frisco,75034,5050 COUNTRY CLUB DR | 75034,Food Establishment II,Food establishment,Continental,STONEBRIAR COUNTRY CLUB JOINT,2,2,0,2025-10-01,2026-03-13,5,5,3.5,9,5,0,0,0,https://inspections.myhealthdepartment.com/frisco/permit/?permitID=4F5D002B-F546-451D-BE10-E5254A44803E
5442A568-BBB2-4B88-AFBD-2AE82466C6F5,STONEBRIAR COUNTRY CLUB-THE TURN,5050 COUNTRY CLUB DR,Frisco,75034,5050 COUNTRY CLUB DR | 75034,Food Establishment II,Food establishment,American,STONEBRIAR COUNTRY CLUB JOINT,2,2,0,2025-10-01,2026-06-01,0,0,0.0,1,0,0,0,0,https://inspections.myhealthdepartment.com/frisco/permit/?permitID=5442A568-BBB2-4B88-AFBD-2AE82466C6F5
54EFF9C6-1561-4AC4-AFFB-2E9DC4CBBB2D,STONEBRIAR POOL SNACK BAR,5050 COUNTRY CLUB DR,Frisco,75034,5050 COUNTRY CLUB DR | 75034,Food Establishment II,Food establishment,American,STONEBRIAR COUNTRY CLUB JOINT,2,2,0,2025-08-05,2026-07-09,3,3,3.0,7,4,1,0,0,https://inspections.myhealthdepartment.com/frisco/permit/?permitID=54EFF9C6-1561-4AC4-AFFB-2E9DC4CBBB2D
0E8A17F7-6C2F-49F7-BB35-E0EF1303A74C,STONEBRIAR PRESCHOOL PALS,4801 LEGENDARY DR,Frisco,75034,4801 LEGENDARY DR | 75034,HLTD,Health care / long-term care,Institutional,STONEBRIAR COMMUNITY CHURCH,1,1,0,2025-12-02,2025-12-02,0,0,0.0,0,0,0,0,0,https://inspections.myhealthdepartment.com/frisco/permit/?permitID=0E8A17F7-6C2F-49F7-BB35-E0EF1303A74C
43FCE576-8FC6-431C-B656-ABF949F88336,STONEBROOK SHELL CONVENIENCE STORE,6495 DALLAS PKWY,Frisco,75034,6495 DALLAS PKWY | 75034,Food Establishment II,Food establishment,Convenience,AYMAN NASSER,2,2,0,2025-08-28,2026-03-09,1,7,4.0,6,6,1,0,0,https://inspections.myhealthdepartment.com/frisco/permit/?permitID=43FCE576-8FC6-431C-B656-ABF949F88336
8770E350-D5CD-4697-9681-BDFB16899C4D,STONEMERE REHAB CENTER,11855 LEBANON RD,Frisco,75035,11855 LEBANON RD | 75035,Food Establishment II,Food establishment,American,PARAMOUNT HEALTHCARE,3,3,0,2025-10-21,2026-08-31,3,3,2.0,4,3,1,0,0,https://inspections.myhealthdepartment.com/frisco/permit/?permitID=8770E350-D5CD-4697-9681-BDFB16899C4D
5D57867B-1017-4F88-8755-A82DB46347BE,STOP-N-GO GYROS,8075 FM 423 120,Frisco,75036,8075 FM 423 120 | 75036,Food Establishment II,Food establishment,Mediterranean,Haneen Mahmood,2,2,0,2025-09-16,2026-03-11,0,4,2.0,5,2,1,0,0,https://inspections.myhealthdepartment.com/frisco/permit/?permitID=5D57867B-1017-4F88-8755-A82DB46347BE
CA95A752-4AFD-4401-B707-E5AD877530BD,STRIKZ,8789 LEBANON RD,Frisco,75034,8789 LEBANON RD | 75034,Food Establishment II,Food establishment,Fast Food,FARREN INVESTMENTS GROUP,3,3,0,2025-08-06,2026-09-08,13,13,4.33,14,12,2,0,0,https://inspections.myhealthdepartment.com/frisco/permit/?permitID=CA95A752-4AFD-4401-B707-E5AD877530BD
ADA88B22-6FB4-4B86-8D41-2D37DA834F49,STUDIO 08,9889 WADE BLVD,Frisco,75034,9889 WADE BLVD | 75034,Food Establishment II,Food establishment,American,FISD-CAREER & TECH ED,2,2,0,2025-12-04,2026-09-17,0,0,0.0,3,0,0,0,0,https://inspections.myhealthdepartment.com/frisco/permit/?permitID=ADA88B22-6FB4-4B86-8D41-2D37DA834F49
ACD0DB5B-D13B-4303-B55F-9FC9AE3E4A2E,SUBWAY,12220 FM 423,Frisco,75033,12220 FM 423 | 75033,Food Establishment II,Food establishment,Deli,"SHRIYA HOLDINGS, LLC",3,3,0,2025-06-24,2026-07-10,0,0,0.0,1,0,0,0,0,https://inspections.myhealthdepartment.com/frisco/permit/?permitID=ACD0DB5B-D13B-4303-B55F-9FC9AE3E4A2E
1FC619AC-2797-4C08-B7B9-2FD72DEA8C75,SUBWAY,11477 CUSTER RD,Frisco,75035,11477 CUSTER RD | 75035,Food Establishment II,Food establishment,Deli,"BENCHMARK SUBS III, LP",3,3,0,2025-07-08,2026-08-11,0,0,0.0,2,0,0,0,0,https://inspections.myhealthdepartment.com/frisco/permit/?permitID=1FC619AC-2797-4C08-B7B9-2FD72DEA8C75
4AE3235D-3389-4864-96DB-F98DFF2273E1,SUBWAY,2875 MAIN ST,Frisco,75036,2875 MAIN ST | 75036,Food Establishment II,Food establishment,Deli,METTEN HOLDINGS INC,3,3,0,2025-07-21,2026-08-04,0,0,0.0,2,0,0,0,0,https://inspections.myhealthdepartment.com/frisco/permit/?permitID=4AE3235D-3389-4864-96DB-F98DFF2273E1
2A99E87C-74A6-4CF4-ACCC-29E26BE376C7,SUBWAY,5570 FM 423 350,Frisco,,5570 FM 423 350 | ,Food Establishment II,Food establishment,Deli,"PRIVANI INVESTMENT, LLC",2,2,0,2025-08-08,2026-02-26,10,10,5.5,6,5,2,0,0,https://inspections.myhealthdepartment.com/frisco/permit/?permitID=2A99E87C-74A6-4CF4-ACCC-29E26BE376C7
FC749D53-2E3C-4F88-922B-18E16CA2F615,SUBWAY,4710 PRESTON RD 316,Frisco,75034,4710 PRESTON RD 316 | 75034,Food Establishment II,Food establishment,Deli,METTEN HOLDINGS INC,2,2,0,2025-08-13,2026-03-12,4,4,2.0,4,2,1,0,0,https://inspections.myhealthdepartment.com/frisco/permit/?permitID=FC749D53-2E3C-4F88-922B-18E16CA2F615
20F9D75F-430E-48BE-A8FC-19B897D28E56,SUBWAY,5729 LEBANON RD 130,Frisco,75034,5729 LEBANON RD 130 | 75034,Food Establishment II,Food establishment,Deli,"METTEN HOLDINGS, INC.",2,2,0,2025-09-05,2026-04-06,5,5,2.5,4,2,1,0,0,https://inspections.myhealthdepartment.com/frisco/permit/?permitID=20F9D75F-430E-48BE-A8FC-19B897D28E56
97530CD7-0FDC-491D-83DD-C6F6133CC78D,SUBWAY,8992 PRESTON RD 109,Frisco,75034,8992 PRESTON RD 109 | 75034,Food Establishment II,Food establishment,Deli,METTEN HOLDINGS INC,2,2,0,2025-09-24,2026-04-02,0,0,0.0,0,0,0,0,0,https://inspections.myhealthdepartment.com/frisco/permit/?permitID=97530CD7-0FDC-491D-83DD-C6F6133CC78D
7964441F-486E-470E-A63C-5D70612BA41C,SUBWAY,6111 CUSTER RD 110,Frisco,75034,6111 CUSTER RD 110 | 75034,Food Establishment II,Food establishment,Deli,METTEN HOLDINGS INC,2,2,0,2025-10-21,2026-04-14,0,0,0.0,1,0,0,0,0,https://inspections.myhealthdepartment.com/frisco/permit/?permitID=7964441F-486E-470E-A63C-5D70612BA41C
7EDB9AA9-5973-4C37-9F9D-3BD57173E37E,SUGARBOY DONUTS,10710 ELDORADO PKWY 110,Frisco,75035,10710 ELDORADO PKWY 110 | 75035,Food Establishment II,Food establishment,Bakery,JEANETTE LEE,3,3,0,2025-07-09,2026-08-19,4,5,3.0,9,7,0,0,0,https://inspections.myhealthdepartment.com/frisco/permit/?permitID=7EDB9AA9-5973-4C37-9F9D-3BD57173E37E
C27CB157-D1D5-4E50-B6CB-4E2CB03F374B,SUMMER MOON COFFEE,6943 MAIN ST,Frisco,75034,6943 MAIN ST | 75034,Food Establishment II,Food establishment,Coffee House & Cafe,OAK FIRE COFFEE LLC,2,2,0,2025-08-13,2026-02-12,0,1,0.5,1,1,0,0,0,https://inspections.myhealthdepartment.com/frisco/permit/?permitID=C27CB157-D1D5-4E50-B6CB-4E2CB03F374B
BA7C45F1-74C3-4710-84C8-EE6CBD8418F1,SUNRISE ASSISTED LIVING OF FRISCO,2680 LEGACY DR.,Frisco,75034,2680 LEGACY DR | 75034,Food Establishment III,Food establishment,Institutional,SUNRISE ASSISTED LIVING,3,3,0,2025-11-19,2026-07-23,1,2,1.0,4,3,0,0,0,https://inspections.myhealthdepartment.com/frisco/permit/?permitID=BA7C45F1-74C3-4710-84C8-EE6CBD8418F1
2782050E-E226-4C60-8FBA-14AEBCD40BA9,SUSHI BOX,2215 UNIVERSITY DR 300,Frisco,75033,2215 UNIVERSITY DR 300 | 75033,Food Establishment III,Food establishment,Japanese,Yeonwoo Chung,2,2,0,2025-12-02,2026-08-19,13,13,6.5,10,7,3,0,0,https://inspections.myhealthdepartment.com/frisco/permit/?permitID=2782050E-E226-4C60-8FBA-14AEBCD40BA9
056ACB51-22FE-477D-8188-9A74F456F110,SUSHI DAMU,3685 PRESTON RD 101,Frisco,75034,3685 PRESTON RD 101 | 75034,Food Establishment III,Food establishment,Japanese,DAMU ENTERPRISES LLC,4,4,0,2025-08-22,2026-05-11,5,15,9.5,21,18,7,3,0,https://inspections.myhealthdepartment.com/frisco/permit/?permitID=056ACB51-22FE-477D-8188-9A74F456F110
C7CB04FB-1C6C-4511-89E0-305C333EEDE7,SUSHI NUNU,12275 UNIVERSITY DR #150,Frisco,75035,12275 UNIVERSITY DR 150 | 75035,Food Establishment III,Food establishment,Japanese,Hyogeun Song,3,3,0,2025-09-18,2026-09-17,21,21,14.0,26,23,6,0,0,https://inspections.myhealthdepartment.com/frisco/permit/?permitID=C7CB04FB-1C6C-4511-89E0-305C333EEDE7
AD0676A8-22F9-4937-AA0D-620F757787A4,SWADESHI PLAZA,14300 STATE HWY 121 #100,Frisco,75035,14300 STATE HWY 121 100 | 75035,Grocery Store III,Grocery,Indian,SWADESHI PLAZA FRISCO INC,4,4,0,2025-08-18,2026-05-19,10,16,10.75,30,28,8,2,0,https://inspections.myhealthdepartment.com/frisco/permit/?permitID=AD0676A8-22F9-4937-AA0D-620F757787A4
50508864-F856-442B-BDF6-A9F86B06CC9A,SWADESHI PLAZA OF PROSPER LLC- RESTAURANT,16815 COIT RD SUITE 730,Frisco,75035,16815 COIT RD 730 | 75035,Food Establishment II,Food establishment,Indian,RAMESH BAVIREDDY,2,2,0,2025-11-25,2026-03-17,6,6,4.5,4,4,2,0,0,https://inspections.myhealthdepartment.com/frisco/permit/?permitID=50508864-F856-442B-BDF6-A9F86B06CC9A
0F50A9BB-6067-439B-A68F-535B717B2EC1,"SWADESHI PLAZA OF PROSPER, LLC- GROCERY",16809 COIT RD,Frisco,75035,16809 COIT RD | 75035,Grocery Store II,Grocery,Indian,Ramesh Bavireddy,3,3,0,2025-08-19,2026-09-03,11,14,10.0,23,20,4,2,0,https://inspections.myhealthdepartment.com/frisco/permit/?permitID=0F50A9BB-6067-439B-A68F-535B717B2EC1
DFA794F2-CC7F-4FFE-92E8-806658E5F228,SWAMP SNACKS ,5 Universal Pkwy,Frisco,75033,5 UNIVERSAL PKWY | 75033,Food Establishment II,Food establishment,,NBC Universal LLC,1,1,0,2026-07-15,2026-07-15,0,0,0.0,1,0,0,0,0,https://inspections.myhealthdepartment.com/frisco/permit/?permitID=DFA794F2-CC7F-4FFE-92E8-806658E5F228
786CBAAB-6472-46AA-9323-A6D48A382A28,SWEET STACKS,252 W STONEBROOK PKWY #640,Frisco,75034,252 W STONEBROOK PKWY 640 | 75034,Food Establishment III,Food establishment,Asian,VON LINAVONG,3,3,0,2025-11-19,2026-09-24,8,15,10.33,29,24,3,3,0,https://inspections.myhealthdepartment.com/frisco/permit/?permitID=786CBAAB-6472-46AA-9323-A6D48A382A28
8456CD8D-5D9E-4AB3-B9FC-A48D78456108,SWEETWATER COFFEE AND TEA,13030 PRESTON RD 100,Frisco,75035,13030 PRESTON RD 100 | 75035,Food Establishment II,Food establishment,Coffee House & Cafe,DEBRA MITCHELL,2,2,0,2025-09-17,2026-04-06,15,15,7.5,8,8,2,0,0,https://inspections.myhealthdepartment.com/frisco/permit/?permitID=8456CD8D-5D9E-4AB3-B9FC-A48D78456108
184E4387-1A5D-42FC-9A4B-8C3E7D4D7AAE,Salad and Go,355 LEBANON RD,Frisco,75036,355 LEBANON RD | 75036,Food Establishment II,Food establishment,Salads,And Go Concepts LLC dba Salad and Go,1,1,0,2025-08-13,2025-08-13,0,0,0.0,0,0,0,0,0,https://inspections.myhealthdepartment.com/frisco/permit/?permitID=184E4387-1A5D-42FC-9A4B-8C3E7D4D7AAE
8A11996E-9A04-4A00-AE6A-F9FFC8FA522E,Salad and Go,7440 PRESTON RD,Frisco,75035,7440 PRESTON RD | 75035,Food Establishment II,Food establishment,Salads,AGC HOLDCO,2,2,0,2025-08-19,2025-12-17,0,0,0.0,3,0,0,0,0,https://inspections.myhealthdepartment.com/frisco/permit/?permitID=8A11996E-9A04-4A00-AE6A-F9FFC8FA522E
AA71DE8F-1988-438F-AEB4-BA8F1C9AFD3D,Salata Eldorado,4880 ELDORADO PKWY 600,Frisco,75033,4880 ELDORADO PKWY 600 | 75033,Food Establishment II,Food establishment,Salads,MICHAEL MINA,3,3,0,2025-07-09,2026-04-01,4,4,1.33,2,2,1,0,0,https://inspections.myhealthdepartment.com/frisco/permit/?permitID=AA71DE8F-1988-438F-AEB4-BA8F1C9AFD3D
38B47554-0B41-4AE7-8EBB-C2688D933CE6,Santhi's Kitchen,2552 STONEBROOK PKWY 102,Frisco,75034,2552 STONEBROOK PKWY 102 | 75034,Food Establishment II,Food establishment,Indian,Prasanthi Gaddipati,3,3,0,2025-06-25,2026-03-17,5,5,3.67,6,6,2,2,0,https://inspections.myhealthdepartment.com/frisco/permit/?permitID=38B47554-0B41-4AE7-8EBB-C2688D933CE6
A6E16715-39BC-44BF-9A8A-D0EB258480CD,Sarigama Maket Place CNM LLC,12955 MAIN ST Suite 1000,Frisco,75035,12955 MAIN ST 1000 | 75035,Grocery Store III,Grocery,Grocery,Sarigama Market Place CNM LLC,3,3,0,2025-08-11,2026-08-18,30,30,16.0,34,32,6,4,0,https://inspections.myhealthdepartment.com/frisco/permit/?permitID=A6E16715-39BC-44BF-9A8A-D0EB258480CD
E5DD074F-1B10-4F5C-9AD8-95764E0B9AA2,"Savanna Creative Academy, inc",6850 GAYLORD PKWY,Frisco,75034,6850 GAYLORD PKWY | 75034,DAYC,Child care,Institutional,Jessica Bravo,2,2,0,2026-01-08,2026-06-10,0,0,0.0,1,0,0,0,0,https://inspections.myhealthdepartment.com/frisco/permit/?permitID=E5DD074F-1B10-4F5C-9AD8-95764E0B9AA2
978913CA-67C2-4EC3-BD03-8FB93E8A7D6F,Selda Mediterranean Restaurant,9250 DALLAS PKWY 130,Frisco,75033,9250 DALLAS PKWY 130 | 75033,Food Establishment II,Food establishment,Mediterranean,"Mazeh, LLC dba Selda Mediterra",3,3,0,2025-07-09,2026-07-28,28,28,19.33,46,39,11,6,0,https://inspections.myhealthdepartment.com/frisco/permit/?permitID=978913CA-67C2-4EC3-BD03-8FB93E8A7D6F
D7D31944-5D7D-46A5-806F-89D0424D419E,Shawarma Press Frisco,6363 DALLAS PKWY 107,Frisco,75034,6363 DALLAS PKWY 107 | 75034,Food Establishment II,Food establishment,Mediterranean,Shawarma Press Frisco TX LLC,1,1,0,2025-12-29,2025-12-29,2,2,2.0,2,1,0,0,0,https://inspections.myhealthdepartment.com/frisco/permit/?permitID=D7D31944-5D7D-46A5-806F-89D0424D419E
29981C33-7FAA-463A-9C38-D2010A3825EA,Sheraton Stonebriar Hotel,5444 STATE HIGHWAY 121,Frisco,75034,5444 STATE HIGHWAY 121 | 75034,Food Establishment II,Food establishment,Continental,LSREF6 SS HOTEL TRS LLC,3,3,0,2025-10-22,2026-09-08,4,4,1.67,3,3,1,0,0,https://inspections.myhealthdepartment.com/frisco/permit/?permitID=29981C33-7FAA-463A-9C38-D2010A3825EA
8FEC9A3C-B50A-47B4-93BA-8FFCA6B3414B,Sidecar Social,6770 WINNING DR 900,Frisco,75034,6770 WINNING DR 900 | 75034,Food Establishment II,Food establishment,American,"BoomerJack's Frisco, LLC, J. B",3,3,0,2025-08-06,2026-04-29,8,12,9.0,14,14,6,0,0,https://inspections.myhealthdepartment.com/frisco/permit/?permitID=8FEC9A3C-B50A-47B4-93BA-8FFCA6B3414B
CD8D7F5E-9D7C-4633-BFDB-9C6976607B53,Simply South,8250 STATE HIGHWAY 121,Frisco,75034,8250 STATE HIGHWAY 121 | 75034,Food Establishment III,Food establishment,Indian,SS frisco LLC,4,4,0,2025-08-26,2026-09-21,30,30,9.25,30,28,7,1,0,https://inspections.myhealthdepartment.com/frisco/permit/?permitID=CD8D7F5E-9D7C-4633-BFDB-9C6976607B53
168A6F70-FD1B-4859-891D-799AC209998C,Sindbad Burger,3231 PRESTON RD 13,Frisco,75034,3231 PRESTON RD 13 | 75034,Food Establishment II,Food establishment,American,"Babylon, LLC",3,3,0,2025-09-23,2026-07-22,6,10,6.0,18,10,2,2,0,https://inspections.myhealthdepartment.com/frisco/permit/?permitID=168A6F70-FD1B-4859-891D-799AC209998C
05443151-2152-4246-BBD8-892BCCFAB53B,Sky Rocket Burger,6633 JOHN HICKMAN PKWY 100,Frisco,75034,6633 JOHN HICKMAN PKWY 100 | 75034,Food Establishment II,Food establishment,American,SRB FRISCO LLC,2,2,0,2025-11-03,2026-04-28,5,5,4.0,8,6,0,3,0,https://inspections.myhealthdepartment.com/frisco/permit/?permitID=05443151-2152-4246-BBD8-892BCCFAB53B
2D580A0D-A591-4D99-881B-C6011A1B9C4A,Sky Zone,3333 PRESTON RD 1500,Frisco,75034,3333 PRESTON RD 1500 | 75034,Food Establishment II,Food establishment,Convenience,"SKY ZONE CENTRAL FRISCO, LLC",2,2,0,2026-01-16,2026-09-03,8,8,6.5,11,9,1,0,0,https://inspections.myhealthdepartment.com/frisco/permit/?permitID=2D580A0D-A591-4D99-881B-C6011A1B9C4A
9732C463-D689-4D43-97D5-7B214B1667C6,Slice House DFW LLC,5995 PRESTON RD 102,Frisco,75034,5995 PRESTON RD 102 | 75034,Food Establishment II,Food establishment,Pizza,Slice House,2,2,0,2026-02-03,2026-07-22,1,1,0.5,6,1,0,0,0,https://inspections.myhealthdepartment.com/frisco/permit/?permitID=9732C463-D689-4D43-97D5-7B214B1667C6
62F8C9D0-01F5-405E-95B5-9C81F4836C3D,Slick City Action Park,7164 TECHNOLOGY DR 100,Frisco,75033,7164 TECHNOLOGY DR 100 | 75033,Food Establishment II,Food establishment,American,Slick City Frisco LLC,2,2,0,2025-09-03,2026-06-01,4,4,4.0,5,4,1,0,0,https://inspections.myhealthdepartment.com/frisco/permit/?permitID=62F8C9D0-01F5-405E-95B5-9C81F4836C3D
9211D6B7-F0C8-4029-924B-AB36A9A6A329,Smoothie King,8755 PRESTON RD 340,Frisco,75034,8755 PRESTON RD 340 | 75034,Food Establishment II,Food establishment,Juice Bar,HIBA-SK LLC,1,1,0,2025-12-03,2025-12-03,0,0,0.0,1,0,0,0,0,https://inspections.myhealthdepartment.com/frisco/permit/?permitID=9211D6B7-F0C8-4029-924B-AB36A9A6A329
7B83C0BA-1F2C-4B8A-8EB7-AD5CF5D9B796,Smoothie King,16120 ELDORADO PKWY 100,Frisco,75035,16120 ELDORADO PKWY 100 | 75035,Food Establishment II,Food establishment,Juice Bar,HIBA-SK LLC,2,2,0,2026-01-22,2026-09-22,1,1,0.5,4,1,0,0,0,https://inspections.myhealthdepartment.com/frisco/permit/?permitID=7B83C0BA-1F2C-4B8A-8EB7-AD5CF5D9B796
7A4F7C0A-99CE-4050-A323-7CEADDA4844B,SnowBird Frisco,6765 WINNING DR 800,Frisco,75034,6765 WINNING DR 800 | 75034,Food Establishment II,Food establishment,Fusion,Soban Ahmed,3,3,0,2025-08-12,2026-04-15,7,7,4.0,9,7,2,0,0,https://inspections.myhealthdepartment.com/frisco/permit/?permitID=7A4F7C0A-99CE-4050-A323-7CEADDA4844B
BFB5B9C4-DCB1-4214-A7FA-B00E329F2EB0,Soul Foods India,4681 OHIO DR 105,Frisco,75035,4681 OHIO DR 105 | 75035,Grocery Store I,Grocery,Indian,Niranjan Karhade,3,3,0,2025-08-20,2026-07-31,22,22,10.67,28,22,4,1,0,https://inspections.myhealthdepartment.com/frisco/permit/?permitID=BFB5B9C4-DCB1-4214-A7FA-B00E329F2EB0
1AA66034-0686-45E7-A6A8-EC380FE7BBF4,Southwest Farmers Market,7070 PRESTON RD,Frisco,75034,7070 PRESTON RD | 75034,Grocery Store II,Grocery,Grocery,Philip Oshotse,4,3,1,2025-08-06,2026-09-01,0,34,26.67,63,62,13,6,1,https://inspections.myhealthdepartment.com/frisco/permit/?permitID=1AA66034-0686-45E7-A6A8-EC380FE7BBF4
38F089E5-991D-4431-A84A-978F8D8658A7,Spanish Schoolhouse,6065 ESTHER WAY,Frisco,75034,6065 ESTHER WAY | 75034,HLTD,Health care / long-term care,Institutional,SPANISH SCHOOL HOUSE LLC,3,3,0,2025-08-18,2026-05-14,0,0,0.0,1,0,0,0,0,https://inspections.myhealthdepartment.com/frisco/permit/?permitID=38F089E5-991D-4431-A84A-978F8D8658A7
738C2529-583F-47D5-9500-C46B281704FB,Spicy Venue,11625 CUSTER RD 100,Frisco,75035,11625 CUSTER RD 100 | 75035,Food Establishment II,Food establishment,Indian,Aaharllctx,2,2,0,2025-12-05,2026-07-21,37,37,26.5,31,27,9,0,0,https://inspections.myhealthdepartment.com/frisco/permit/?permitID=738C2529-583F-47D5-9500-C46B281704FB
F796E905-13CD-4372-A7CD-69AEE1BB4B65,Spicy Vihaar,4235 PRESTON RD 100,Frisco,75034,4235 PRESTON RD 100 | 75034,Food Establishment II,Food establishment,Indian,SRISAI SS LLC,3,3,0,2025-09-16,2026-07-28,24,28,22.0,50,44,8,16,0,https://inspections.myhealthdepartment.com/frisco/permit/?permitID=F796E905-13CD-4372-A7CD-69AEE1BB4B65
163B5D35-F5E7-4C64-A68B-AC744E30C7BF,Sports Academy,6155 SPORTS VILLAGE RD 400,Frisco,75033,6155 SPORTS VILLAGE RD 400 | 75033,Food Establishment II,Food establishment,Juice Bar,Sports Academy LLC,2,2,0,2025-07-16,2026-05-05,5,5,2.5,4,4,0,0,0,https://inspections.myhealthdepartment.com/frisco/permit/?permitID=163B5D35-F5E7-4C64-A68B-AC744E30C7BF
176B2A30-379A-474C-8E79-B870A4481E84,Star Donuts,6363 DALLAS PKWY 203,Frisco,75034,6363 DALLAS PKWY 203 | 75034,Food Establishment II,Food establishment,Bakery,Mark Kim,2,2,0,2025-08-07,2026-02-26,0,0,0.0,0,0,0,0,0,https://inspections.myhealthdepartment.com/frisco/permit/?permitID=176B2A30-379A-474C-8E79-B870A4481E84
72F15AB3-4A89-4E1F-B12F-7E194F8C5E03,Starbucks #69575,11151 PRESTON RD,Frisco,75033,11151 PRESTON RD | 75033,Food Establishment II,Food establishment,Coffee House & Cafe,STARBUCKS CORPORATION,2,2,0,2025-09-03,2026-03-19,0,0,0.0,1,0,0,0,0,https://inspections.myhealthdepartment.com/frisco/permit/?permitID=72F15AB3-4A89-4E1F-B12F-7E194F8C5E03
DC86FBFF-A85D-421A-981E-8798CAED2355,Starbucks at Marriott AC/Residence Inn Frisco Station,4343 FRISCO GREEN AVE,Frisco,75034,4343 FRISCO GREEN AVE | 75034,Food Establishment II,Food establishment,Coffee House & Cafe,Summit Hotel TRS 168 LLC,2,2,0,2025-09-05,2026-03-03,1,1,1.0,4,2,0,1,0,https://inspections.myhealthdepartment.com/frisco/permit/?permitID=DC86FBFF-A85D-421A-981E-8798CAED2355
E6497B24-1D53-47CB-B39D-DD5811726F2A,Starwood Cafe,15910 ELDORADO PKWY 100,Frisco,75035,15910 ELDORADO PKWY 100 | 75035,Food Establishment II,Food establishment,Cafe,SJ 2308 LLC,3,3,0,2025-07-29,2026-07-01,7,7,5.67,11,9,3,0,0,https://inspections.myhealthdepartment.com/frisco/permit/?permitID=E6497B24-1D53-47CB-B39D-DD5811726F2A
BB56DD3C-D60A-4F33-8B26-D806D6B51A80,Starwood Cafe,16100 STATE HIGHWAY 121 100,Frisco,75035,16100 STATE HIGHWAY 121 100 | 75035,Food Establishment II,Food establishment,Coffee House & Cafe,SJ 121 LLC,2,2,0,2025-09-11,2026-04-28,4,4,3.5,7,5,1,0,0,https://inspections.myhealthdepartment.com/frisco/permit/?permitID=BB56DD3C-D60A-4F33-8B26-D806D6B51A80
B54BBF20-1036-4CC0-87DE-C485339E9603,Subway,6700 STONEBROOK PKWY 100,Frisco,75034,6700 STONEBROOK PKWY 100 | 75034,Food Establishment II,Food establishment,Deli,Pratikkumar Patel,3,3,0,2025-07-21,2026-03-02,1,1,0.67,2,2,0,0,0,https://inspections.myhealthdepartment.com/frisco/permit/?permitID=B54BBF20-1036-4CC0-87DE-C485339E9603
5DFB9B31-1758-4185-8A1F-6FC36876663B,Summer Moon Coffee,1377 LEGACY DR 100,Frisco,75034,1377 LEGACY DR 100 | 75034,Food Establishment II,Food establishment,Coffee House & Cafe,"OAK FIRE COFFEE, LLC",2,2,0,2025-10-13,2026-06-12,6,6,3.5,6,5,1,0,0,https://inspections.myhealthdepartment.com/frisco/permit/?permitID=5DFB9B31-1758-4185-8A1F-6FC36876663B
E295D33C-3747-46B5-80AD-D75D9A7FEAC9,Sushibachi,8811 TEEL PKWY 130,Frisco,75036,8811 TEEL PKWY 130 | 75036,Food Establishment III,Food establishment,Japanese,Mah Tial,4,4,0,2025-08-20,2026-05-11,4,10,5.75,11,10,6,2,1,https://inspections.myhealthdepartment.com/frisco/permit/?permitID=E295D33C-3747-46B5-80AD-D75D9A7FEAC9
3504B0EE-4295-4B72-8E6B-D80F77AE48E7,Sweet Blendz LLC,6495 DALLAS PKWY B,Frisco,75034,6495 DALLAS PKWY B | 75034,Food Establishment II,Food establishment,Juice Bar,Sanjeeva Seelam,1,1,0,2025-10-06,2025-10-06,5,5,5.0,3,3,1,0,0,https://inspections.myhealthdepartment.com/frisco/permit/?permitID=3504B0EE-4295-4B72-8E6B-D80F77AE48E7
9328878A-809C-4071-BE84-FE2B415268AD,Sweet Gilly's Specialty Bakeshop,3266 PARKWOOD BLVD 100,Frisco,75034,3266 PARKWOOD BLVD 100 | 75034,Food Establishment II,Food establishment,Bakery,Gillian Kirk,2,2,0,2025-09-10,2026-03-12,0,5,2.5,4,4,0,0,0,https://inspections.myhealthdepartment.com/frisco/permit/?permitID=9328878A-809C-4071-BE84-FE2B415268AD
346A59AD-E4CC-4E73-94AC-F13CC0B886DE,SweetFrog Premium Frozen Yogurt,5105 ELDORADO PKWY 110,Frisco,75033,5105 ELDORADO PKWY 110 | 75033,Food Establishment II,Food establishment,Ice Cream,Srikanth Sriram,3,3,0,2025-07-02,2026-08-10,3,5,2.67,9,5,0,0,0,https://inspections.myhealthdepartment.com/frisco/permit/?permitID=346A59AD-E4CC-4E73-94AC-F13CC0B886DE
EBDC65D2-B167-46B5-8572-5C4B1FD0CE49,T SWIRL CREPE,9292 WARREN PKWY 240,Frisco,,9292 WARREN PKWY 240 | ,Food Establishment II,Food establishment,Japanese,T SWIRL CREPE,3,3,0,2025-09-16,2026-03-24,13,13,7.33,16,14,1,4,0,https://inspections.myhealthdepartment.com/frisco/permit/?permitID=EBDC65D2-B167-46B5-8572-5C4B1FD0CE49
6652B160-3F7A-4E6F-BD91-1E9A4ADB8C3A,TACO BELL,6929 PRESTON RD,Frisco,75034,6929 PRESTON RD | 75034,Food Establishment II,Food establishment,Fast Food,BALL INDUSTRIES INC,3,3,0,2025-07-02,2026-08-26,0,5,1.67,2,2,1,0,0,https://inspections.myhealthdepartment.com/frisco/permit/?permitID=6652B160-3F7A-4E6F-BD91-1E9A4ADB8C3A
8B497DF3-6B89-4B75-B2B1-9DB1DF60BF44,TACO BELL,5656 ELDORADO PKWY,Frisco,75035,5656 ELDORADO PKWY | 75035,Food Establishment II,Food establishment,Fast Food,RW BALL INC,2,2,0,2025-07-07,2026-02-03,0,0,0.0,0,0,0,0,0,https://inspections.myhealthdepartment.com/frisco/permit/?permitID=8B497DF3-6B89-4B75-B2B1-9DB1DF60BF44
3024A023-8979-4C7A-BC75-3BE2BB3FBF22,TACO BELL #29390,5359 LEBANON RD,Frisco,75034,5359 LEBANON RD | 75034,Food Establishment II,Food establishment,Fast Food,"R.W. BALL, INC.",2,2,0,2025-09-03,2026-03-09,0,0,0.0,0,0,0,0,0,https://inspections.myhealthdepartment.com/frisco/permit/?permitID=3024A023-8979-4C7A-BC75-3BE2BB3FBF22
7B96AEC5-3424-4268-97B3-0182365752A2,TACO BELL #37721,2085 UNIVERSITY DR,Frisco,75033,2085 UNIVERSITY DR | 75033,Food Establishment II,Food establishment,Fast Food,"NORTH TEXAS Bells, LLC",3,3,0,2025-07-30,2026-08-12,1,2,1.33,9,9,0,6,0,https://inspections.myhealthdepartment.com/frisco/permit/?permitID=7B96AEC5-3424-4268-97B3-0182365752A2
64C63DE5-5A13-4CCD-922A-9B9C42B432BD,TACO BUENO,9191 ROLATER RD,Frisco,75034,9191 ROLATER RD | 75034,Food Establishment II,Food establishment,Fast Food,TACO SUPREMO MANAGEMENT LLC,2,2,0,2025-12-04,2026-07-17,4,4,2.5,4,3,1,0,0,https://inspections.myhealthdepartment.com/frisco/permit/?permitID=64C63DE5-5A13-4CCD-922A-9B9C42B432BD
4608A449-DE1A-4A4B-B8C0-B544B8449806,TACO OCHO,3492 LEGACY DR #700,Frisco,75034,3492 LEGACY DR 700 | 75034,Food Establishment II,Food establishment,Latin American,MANI BHUSHAN,3,3,0,2025-06-27,2026-06-25,5,5,1.67,3,2,1,0,0,https://inspections.myhealthdepartment.com/frisco/permit/?permitID=4608A449-DE1A-4A4B-B8C0-B544B8449806
E6CBBB79-D9D5-4C7F-BEBB-08B0E478685C,TADLOCK ELEMENTARY SCHOOL,12515 GODFREY DR,Frisco,,12515 GODFREY DR | ,School and City,School or city facility,Institutional,FRISCO ISD,2,2,0,2025-10-07,2026-05-05,0,0,0.0,0,0,0,0,0,https://inspections.myhealthdepartment.com/frisco/permit/?permitID=E6CBBB79-D9D5-4C7F-BEBB-08B0E478685C
2AEFFE43-1A94-4BD5-B764-F242C22EDFB6,TAILGATERS SNOOKERED,9550 DALLAS PKWY,Frisco,75033,9550 DALLAS PKWY | 75033,Food Establishment II,Food establishment,American,Ankit Shah,3,3,0,2025-10-10,2026-09-09,13,13,6.67,9,9,4,0,0,https://inspections.myhealthdepartment.com/frisco/permit/?permitID=2AEFFE43-1A94-4BD5-B764-F242C22EDFB6
F06B118C-FA4C-425C-A410-B5A69F7315E8,TAILGATERS SPORTS BAR & GRIL,16710 FM 423 1000,Frisco,75033,16710 FM 423 1000 | 75033,Food Establishment II,Food establishment,American,TAILGATERS SPORTS BAR & GRILL,3,3,0,2025-08-26,2026-04-08,17,17,13.33,23,22,9,2,0,https://inspections.myhealthdepartment.com/frisco/permit/?permitID=F06B118C-FA4C-425C-A410-B5A69F7315E8
6F991267-84E4-4175-8924-A666BB10D3F5,TALLEY ELEMENTARY,5900 COIT RD,Frisco,,5900 COIT RD | ,School and City,School or city facility,Institutional,FRISCO ISD,2,2,0,2025-10-31,2026-05-07,0,0,0.0,0,0,0,0,0,https://inspections.myhealthdepartment.com/frisco/permit/?permitID=6F991267-84E4-4175-8924-A666BB10D3F5
277761A0-8307-4904-BB2C-10D1FA1F78A9,TAPVILLE,2601 PRESTON RD 6522,Frisco,75034,2601 PRESTON RD 6522 | 75034,Food Establishment II,Food establishment,Convenience,Rajesh Konanki,2,2,0,2025-07-15,2026-01-20,1,1,1.0,2,2,0,0,0,https://inspections.myhealthdepartment.com/frisco/permit/?permitID=277761A0-8307-4904-BB2C-10D1FA1F78A9
CB850953-561F-4549-8B80-37701D148A5E,TARGET GROCERY,3201 PRESTON RD,Frisco,75034,3201 PRESTON RD | 75034,Grocery Store III,Grocery,Grocery,TARGET CORPORATION,3,3,0,2025-09-22,2026-07-22,0,2,0.67,3,1,0,0,0,https://inspections.myhealthdepartment.com/frisco/permit/?permitID=CB850953-561F-4549-8B80-37701D148A5E
B034D114-476C-4083-9FE4-E0D3468B8357,TARGET GROCERY T-2338,4885 ELDORADO PKWY,Frisco,75034,4885 ELDORADO PKWY | 75034,Grocery Store III,Grocery,Grocery,TARGET CORPORATION,3,3,0,2025-08-04,2026-05-19,0,0,0.0,2,0,0,0,0,https://inspections.myhealthdepartment.com/frisco/permit/?permitID=B034D114-476C-4083-9FE4-E0D3468B8357
5B0AEF9E-A8A4-428E-916B-594284F9C03E,TASTY GARDEN,3685 PRESTON RD 109,Frisco,75034,3685 PRESTON RD 109 | 75034,Food Establishment II,Food establishment,Chinese,MINGJUAN ZHAO,3,3,0,2025-10-16,2026-09-02,1,9,5.0,9,7,3,1,0,https://inspections.myhealthdepartment.com/frisco/permit/?permitID=5B0AEF9E-A8A4-428E-916B-594284F9C03E
C6D75F77-9DB2-4BE8-938D-007F47E8A259,TC SHAVED ICE,8750 MAIN ST,Frisco,75033,8750 MAIN ST | 75033,Food Establishment II,Food establishment,Ice Cream,JAIME CORTINAS,3,3,0,2025-06-23,2026-07-23,10,10,6.0,12,11,0,0,0,https://inspections.myhealthdepartment.com/frisco/permit/?permitID=C6D75F77-9DB2-4BE8-938D-007F47E8A259
AEB871BE-6331-4247-93B1-9006ECE7AC49,TEALATTEBAR FRISCO,8425 FM 423 190,Frisco,75036,8425 FM 423 190 | 75036,Food Establishment II,Food establishment,Coffee House & Cafe,Ganga Bhavani Akuthota,3,3,0,2025-10-23,2026-07-13,10,11,8.67,19,15,3,3,0,https://inspections.myhealthdepartment.com/frisco/permit/?permitID=AEB871BE-6331-4247-93B1-9006ECE7AC49
C9DECC38-FD34-4D4B-99FD-07491A200019,TECOV-RAWSTARZ,7075 ELM ST BLDG 2 #B,Frisco,75034,7075 ELM ST BLDG 2 B | 75034,Food Establishment II,Food establishment,American,TECOV-RAWSTARZ INC.,1,1,0,2025-11-18,2025-11-18,0,0,0.0,2,0,0,0,0,https://inspections.myhealthdepartment.com/frisco/permit/?permitID=C9DECC38-FD34-4D4B-99FD-07491A200019
E10DAC08-61BB-4CFC-98B9-71E36D4FED81,TED E'S KITCHEN,6155 SPORTS VILLAGE RD 300,Frisco,75033,6155 SPORTS VILLAGE RD 300 | 75033,Food Establishment II,Food establishment,American,SORRELLS ENTERPRISES LLC,1,1,0,2026-01-02,2026-01-02,0,0,0.0,0,0,0,0,0,https://inspections.myhealthdepartment.com/frisco/permit/?permitID=E10DAC08-61BB-4CFC-98B9-71E36D4FED81
21305F6D-D104-47BF-82F5-601BD973D961,TENDER SMOKEHOUSE,4226 PRESTON RD,Frisco,75034,4226 PRESTON RD | 75034,Food Establishment II,Food establishment,Barbecue,TENDER SMOKEHOUSE 2 INC,3,3,0,2025-09-18,2026-08-11,12,12,5.67,13,8,4,0,0,https://inspections.myhealthdepartment.com/frisco/permit/?permitID=21305F6D-D104-47BF-82F5-601BD973D961
38E23BE1-3B6A-4F24-B0A1-CFFA66EFDE72,TERRY'S CAFE,4275 LEGACY DR 300,Frisco,75034,4275 LEGACY DR 300 | 75034,Food Establishment II,Food establishment,Bakery,"TERRY'S DONUTS FRISCO, LLC",2,2,0,2025-09-05,2026-04-06,2,2,1.0,1,1,0,0,0,https://inspections.myhealthdepartment.com/frisco/permit/?permitID=38E23BE1-3B6A-4F24-B0A1-CFFA66EFDE72
4738C0DA-68BD-45EE-A957-6294C787AB3B,TESO LIFE,9150 WARREN PKWY,Frisco,75035,9150 WARREN PKWY | 75035,Food Establishment II,Food establishment,Convenience,Hui Chen,2,2,0,2025-12-11,2026-07-23,0,0,0.0,2,0,0,0,0,https://inspections.myhealthdepartment.com/frisco/permit/?permitID=4738C0DA-68BD-45EE-A957-6294C787AB3B
03BBF3BE-FB57-4EB9-B672-23867A2C6A12,TEXAS PHO HOUSE,9144 PRESTMONT PL 200,Frisco,75035,9144 PRESTMONT PL 200 | 75035,Food Establishment II,Food establishment,Vietnamese,PHO TEXAS LLC,3,3,0,2025-08-15,2026-04-07,15,23,15.33,35,33,8,4,0,https://inspections.myhealthdepartment.com/frisco/permit/?permitID=03BBF3BE-FB57-4EB9-B672-23867A2C6A12
ABDE2788-4698-4D11-93C3-BF3158C1212D,TEXAS SCOTTISH RITE HOSPITAL - POPCORN,5700 DALLAS PKWY,Frisco,75034,5700 DALLAS PKWY | 75034,Food Establishment I,Food establishment,Convenience,TEXAS SCOTTISH RITE HOSPITAL,2,2,0,2026-01-08,2026-02-12,0,0,0.0,0,0,0,0,0,https://inspections.myhealthdepartment.com/frisco/permit/?permitID=ABDE2788-4698-4D11-93C3-BF3158C1212D
FAE9789F-096C-4FA3-AB62-E0328618F562,TEXAS SCOTTISH RITE HOSPITAL MARKET PLACE,5700 DALLAS PKWY,Frisco,75034,5700 DALLAS PKWY | 75034,Food Establishment II,Food establishment,Convenience,TEXAS SCOTTISH RITE HOSPITAL,2,2,0,2025-12-10,2026-06-30,0,0,0.0,0,0,0,0,0,https://inspections.myhealthdepartment.com/frisco/permit/?permitID=FAE9789F-096C-4FA3-AB62-E0328618F562
CE8B142E-703C-4012-8371-979B8940BA67,THAI CHARM,5355 DALLAS PKWY Suite 600,Frisco,75034,5355 DALLAS PKWY 600 | 75034,Food Establishment II,Food establishment,Thai,Rueangluk Ly,2,2,0,2025-09-24,2026-02-23,10,10,8.0,11,8,3,1,0,https://inspections.myhealthdepartment.com/frisco/permit/?permitID=CE8B142E-703C-4012-8371-979B8940BA67
221DEB6E-BA9E-4633-81FA-AFF3D820E4DB,THAI NOODLE WAVE KITCHEN,9288 STATE HWY 121 400,Frisco,75035,9288 STATE HWY 121 400 | 75035,Food Establishment II,Food establishment,Asian,PETE KEOPASEUT,2,2,0,2025-10-21,2026-02-23,3,3,1.5,1,1,1,0,0,https://inspections.myhealthdepartment.com/frisco/permit/?permitID=221DEB6E-BA9E-4633-81FA-AFF3D820E4DB
26790B8A-20CC-4A93-9467-C13E9B8F5B23,THE APRON KITCHEN & BAR,4341 Pga Pkwy,Frisco,75033,4341 PGA PKWY | 75033,Food Establishment II,Food establishment,American,Omni PGA Frisco Resort & Spa,2,2,0,2025-09-09,2026-05-26,0,0,0.0,0,0,0,0,0,https://inspections.myhealthdepartment.com/frisco/permit/?permitID=26790B8A-20CC-4A93-9467-C13E9B8F5B23
0FD67BA7-6DCC-446D-AC56-C254344A6476,THE AUSSIE GRIND,3930 PRESTON RD,Frisco,75034,3930 PRESTON RD | 75034,Food Establishment II,Food establishment,Australian,LUIGI MONFORTE,3,3,0,2025-08-14,2026-07-22,7,8,7.0,11,8,5,1,1,https://inspections.myhealthdepartment.com/frisco/permit/?permitID=0FD67BA7-6DCC-446D-AC56-C254344A6476
8EBB7B60-D367-4ED2-87D1-B5D023530DC8,THE BEST HOT DOG,3360 PRESTON RD,Frisco,75034,3360 PRESTON RD | 75034,MOBILEVNDR,Mobile,Fast Food,HUGO A DE LA MORA,1,1,0,2026-03-12,2026-03-12,8,8,8.0,5,4,1,0,0,https://inspections.myhealthdepartment.com/frisco/permit/?permitID=8EBB7B60-D367-4ED2-87D1-B5D023530DC8
23625EFF-1C1B-475F-98F2-262BFF356D12,THE BLUE ELEPHANT LEARNING CENTER,11270 LEGACY DR,Frisco,75034,11270 LEGACY DR | 75034,DAYC,Child care,Institutional,"COLORING ELEPHANTS, INC.",5,5,0,2025-07-07,2026-06-23,0,0,0.0,0,0,0,0,0,https://inspections.myhealthdepartment.com/frisco/permit/?permitID=23625EFF-1C1B-475F-98F2-262BFF356D12
CF16C3D8-1DC5-4676-846C-A0CB6DBA2FE9,THE BRUNCH DISTRICT ,5199 Panther Creek Pkwy 100,Frisco,75033,5199 PANTHER CREEK PKWY 100 | 75033,Food Establishment II,Food establishment,Coffee House & Cafe,MYUNG KIM,1,1,0,2026-05-29,2026-05-29,0,0,0.0,1,0,0,0,0,https://inspections.myhealthdepartment.com/frisco/permit/?permitID=CF16C3D8-1DC5-4676-846C-A0CB6DBA2FE9
64DE28A7-D4C4-4287-A3E8-CA4F4498DCC9,THE CHEESECAKE FACTORY,2601 PRESTON RD 2219,Frisco,75034,2601 PRESTON RD 2219 | 75034,Food Establishment II,Food establishment,American,THE CHEESECAKE FACTORY,3,3,0,2025-08-01,2026-09-22,5,5,1.67,7,4,0,0,0,https://inspections.myhealthdepartment.com/frisco/permit/?permitID=64DE28A7-D4C4-4287-A3E8-CA4F4498DCC9
A6052CE1-09C8-4C41-9743-CA9BD36A32A3,THE CLUB AT FRISCO FARMS ,4701 PLANTATION LN,Frisco,,4701 PLANTATION LN | ,Food Establishment II,Food establishment,American,EVERGREEN ALLIANCE GOLF LTD LP,2,2,0,2026-01-09,2026-07-13,4,4,3.0,3,3,1,0,0,https://inspections.myhealthdepartment.com/frisco/permit/?permitID=A6052CE1-09C8-4C41-9743-CA9BD36A32A3
5DAECCBA-4C87-45E5-9D87-D31866CE156F,THE COMMON TABLE,6740 WINNING DR 1005,Frisco,,6740 WINNING DR 1005 | ,Food Establishment II,Food establishment,American,RODMAN SHIELDS,4,4,0,2025-07-24,2026-09-22,20,20,14.75,45,43,9,5,1,https://inspections.myhealthdepartment.com/frisco/permit/?permitID=5DAECCBA-4C87-45E5-9D87-D31866CE156F
3198B12D-6EFB-4372-AD4C-011BB7945736,THE COMMUNITY GRILL,2525 MAIN ST 400,Frisco,75036,2525 MAIN ST 400 | 75036,Food Establishment II,Food establishment,American,DONE AND DUSTED FUSION BAR &,1,1,0,2026-02-13,2026-02-13,3,3,3.0,2,2,0,0,0,https://inspections.myhealthdepartment.com/frisco/permit/?permitID=3198B12D-6EFB-4372-AD4C-011BB7945736
4C75B552-E951-41D5-99C6-588F1D343B62,THE COOKIE SOCIETY,9320 DALLAS PKWY 160,Frisco,75033,9320 DALLAS PKWY 160 | 75033,Food Establishment II,Food establishment,Bakery,THE COOKIE SOCIETY LLC,2,2,0,2025-07-18,2026-01-13,2,3,2.5,5,4,0,0,0,https://inspections.myhealthdepartment.com/frisco/permit/?permitID=4C75B552-E951-41D5-99C6-588F1D343B62
003D87E8-C248-42E7-B5F2-97ADC0A3E52C,THE COTTAGES AT CHAPEL CREEK,8111 WADE BLVD,Frisco,,8111 WADE BLVD | ,Food Establishment III,Food establishment,Institutional,TRENT QUINN,3,3,0,2025-09-02,2026-05-11,3,3,1.0,3,2,0,0,0,https://inspections.myhealthdepartment.com/frisco/permit/?permitID=003D87E8-C248-42E7-B5F2-97ADC0A3E52C
B5F9C4A3-993D-4DC3-8F4D-205A79C1743E,THE CREAMERY STONE & BOBA,10010 COIT RD 100,Frisco,75035,10010 COIT RD 100 | 75035,Food Establishment II,Food establishment,Ice Cream,SIDDU SOLUTIONS LLC,2,2,0,2026-01-02,2026-09-01,8,8,4.0,12,8,0,0,0,https://inspections.myhealthdepartment.com/frisco/permit/?permitID=B5F9C4A3-993D-4DC3-8F4D-205A79C1743E
8FB3B187-3B7C-4B7A-8967-351BAFD5DB84,THE DEPOT CAFE,6733 MAIN ST,Frisco,75034,6733 MAIN ST | 75034,Food Establishment II,Food establishment,American,THE DEPOT CAFE,3,3,0,2025-08-04,2026-06-12,0,0,0.0,0,0,0,0,0,https://inspections.myhealthdepartment.com/frisco/permit/?permitID=8FB3B187-3B7C-4B7A-8967-351BAFD5DB84
EDFA9BE4-C6F2-4BD7-B78B-CF3B4AECC318,THE DONUT TREE,16100 STATE HWY 121 120,Frisco,,16100 STATE HWY 121 120 | ,Food Establishment II,Food establishment,Bakery,"HSLAK, LLC",2,2,0,2025-09-18,2026-03-19,0,2,1.0,1,1,0,0,0,https://inspections.myhealthdepartment.com/frisco/permit/?permitID=EDFA9BE4-C6F2-4BD7-B78B-CF3B4AECC318
3E787A10-6031-46F0-B6C7-02174F96BD73,THE FLAVOR LOUNGE ,5855 PRESTON RD,Frisco,75034,5855 PRESTON RD | 75034,Food Establishment II,Food establishment,Indian,PAYEL DAS,1,1,0,2026-06-04,2026-06-04,20,20,20.0,12,11,4,0,0,https://inspections.myhealthdepartment.com/frisco/permit/?permitID=3E787A10-6031-46F0-B6C7-02174F96BD73
5B4EC435-F5B2-4D5A-A380-0357233B199E,THE FORD CENTER WAREHOUSE,1 COWBOYS WAY,Frisco,75034,1 COWBOYS WAY | 75034,Food Establishment II,Food establishment,American,"LEGENDS HOSPITLAITY, LLC",2,2,0,2025-08-26,2026-02-26,0,0,0.0,0,0,0,0,0,https://inspections.myhealthdepartment.com/frisco/permit/?permitID=5B4EC435-F5B2-4D5A-A380-0357233B199E
2248B334-5557-4782-97F2-91A2FC426DE0,THE FRISCO BAR,6750 GAYLORD PKWY 120,Frisco,,6750 GAYLORD PKWY 120 | ,Food Establishment II,Food establishment,American,FRISCO BAR LLC,4,4,0,2025-07-18,2026-09-02,7,7,3.5,9,6,3,0,0,https://inspections.myhealthdepartment.com/frisco/permit/?permitID=2248B334-5557-4782-97F2-91A2FC426DE0
3EF4B775-B475-4331-A4FD-D12C8DCD6011,THE GLEN/MONARCH- RESTAURANT & BAR,6655 WINNING DR 600,Frisco,75034,6655 WINNING DR 600 | 75034,Food Establishment II,Food establishment,American,Sheree Simms,3,3,0,2025-08-06,2026-07-14,5,6,5.33,11,7,3,0,0,https://inspections.myhealthdepartment.com/frisco/permit/?permitID=3EF4B775-B475-4331-A4FD-D12C8DCD6011
E19C76FD-54B3-4F8F-9B64-53EA524E7B81,THE GODDARD SCHOOL OF FRISCO LEGACY,3188 Legacy Dr,Frisco,75034,3188 LEGACY DR | 75034,DAYC,Child care,Institutional,Hanif Shamji,2,2,0,2025-12-05,2026-06-03,0,0,0.0,0,0,0,0,0,https://inspections.myhealthdepartment.com/frisco/permit/?permitID=E19C76FD-54B3-4F8F-9B64-53EA524E7B81
46C0FD24-D849-492E-AF19-438B708B9B89,THE GREEN GATOR,5566 MAIN ST 110,Frisco,75033,5566 MAIN ST 110 | 75033,Food Establishment II,Food establishment,Cajun,ASH MANSINGHANI,3,3,0,2025-08-21,2026-06-25,5,6,5.0,12,8,3,1,0,https://inspections.myhealthdepartment.com/frisco/permit/?permitID=46C0FD24-D849-492E-AF19-438B708B9B89
02CD873B-C7FC-4175-A560-EBFB2BD1FE6C,THE GROVE AT FRISCO COMMONS,8300 MCKINNEY RD,Frisco,75033,8300 MCKINNEY RD | 75033,School and City,School or city facility,American,THE GROVE AT FRISCO COMMONS,2,2,0,2025-09-15,2026-03-31,1,2,1.5,5,3,0,0,0,https://inspections.myhealthdepartment.com/frisco/permit/?permitID=02CD873B-C7FC-4175-A560-EBFB2BD1FE6C
D39F9A27-3F38-43C6-99D8-2AE8BACA249A,THE GYRO SHOP,8549 GAYLORD PKWY 111,Frisco,75034,8549 GAYLORD PKWY 111 | 75034,Food Establishment II,Food establishment,Mediterranean,THE GYRO SHOP 1 INC,3,3,0,2025-07-22,2026-06-10,3,12,7.0,18,14,1,0,0,https://inspections.myhealthdepartment.com/frisco/permit/?permitID=D39F9A27-3F38-43C6-99D8-2AE8BACA249A
432C1309-A950-4A24-8452-7BC4387C3931,THE HERITAGE TABLE,7110 MAIN ST,Frisco,75033,7110 MAIN ST | 75033,Food Establishment II,Food establishment,American,RICHARD VANA,3,3,0,2025-07-11,2026-09-15,3,3,1.0,1,1,1,0,0,https://inspections.myhealthdepartment.com/frisco/permit/?permitID=432C1309-A950-4A24-8452-7BC4387C3931
316411D9-6091-4655-89A3-0C2274E7DDC4,THE KINDOVEN,2484 Stonebrook Pkwy 265,Frisco,75036,2484 STONEBROOK PKWY 265 | 75036,Food Establishment II,Food establishment,,Seungmi Oh,1,1,0,2026-09-15,2026-09-15,5,5,5.0,4,2,1,0,0,https://inspections.myhealthdepartment.com/frisco/permit/?permitID=316411D9-6091-4655-89A3-0C2274E7DDC4
F19B4F94-6F3F-49CB-A4C2-07E7C201DDE1,THE LOCAL OPEN,16702 HOLLYHOCK RD Suite 200,Frisco,75033,16702 HOLLYHOCK RD 200 | 75033,Food Establishment II,Food establishment,American,The Local Open LLC,2,2,0,2025-10-17,2026-03-05,0,0,0.0,0,0,0,0,0,https://inspections.myhealthdepartment.com/frisco/permit/?permitID=F19B4F94-6F3F-49CB-A4C2-07E7C201DDE1
2E383991-2E68-48CF-8D02-121697E25FD8,THE MARKET AT GRIFFIS FRISCO ,4848 GRAND GATE WAY,Frisco,75034,4848 GRAND GATE WAY | 75034,Food Establishment I,Food establishment,Convenience,Lone Star Markets LLC,1,1,0,2026-04-09,2026-04-09,1,1,1.0,1,1,0,0,0,https://inspections.myhealthdepartment.com/frisco/permit/?permitID=2E383991-2E68-48CF-8D02-121697E25FD8
2B6A332E-151A-4E0D-AAA4-7A406679FE86,THE NEST,7777 WARREN PKWY 325,Frisco,75034,7777 WARREN PKWY 325 | 75034,Food Establishment II,Food establishment,Coffee House & Cafe,MINJANG JIN,2,2,0,2026-01-05,2026-09-23,12,12,9.5,12,8,4,0,0,https://inspections.myhealthdepartment.com/frisco/permit/?permitID=2B6A332E-151A-4E0D-AAA4-7A406679FE86
B63032F3-66F1-45C4-91F7-41021CE69401,THE NORTH STAR COFFEE BAR,3965 Dallas Pkwy,Frisco,75034,3965 DALLAS PKWY | 75034,HLTD,Health care / long-term care,Cafe,"UNIVERSITY FOOD SERVICES, INC",2,2,0,2025-12-11,2026-06-30,0,1,0.5,1,1,0,0,0,https://inspections.myhealthdepartment.com/frisco/permit/?permitID=B63032F3-66F1-45C4-91F7-41021CE69401
2F1ACD8E-2EE7-44BD-884F-367E021DE7AC,THE OWL BAR,6363 DALLAS PKWY 120,Frisco,75034,6363 DALLAS PKWY 120 | 75034,Food Establishment II,Food establishment,Specialty,"THE OWL 1, LLC",2,2,0,2025-12-18,2026-09-21,10,10,5.5,8,6,2,0,0,https://inspections.myhealthdepartment.com/frisco/permit/?permitID=2F1ACD8E-2EE7-44BD-884F-367E021DE7AC
4F03F9B8-1F1A-4CDE-9FC8-7A721C4AD08D,THE PEACH COBBLER FACTORY-FRISCO ,8874 COLEMAN BLVD,Frisco,75034,8874 COLEMAN BLVD | 75034,Food Establishment II,Food establishment,Bakery,JT Fall LLC,1,1,0,2026-03-30,2026-03-30,0,0,0.0,1,0,0,0,0,https://inspections.myhealthdepartment.com/frisco/permit/?permitID=4F03F9B8-1F1A-4CDE-9FC8-7A721C4AD08D
80F84430-2B12-469B-8451-AB5424DA5B26,THE PIT - FORD PERFORMANCE INDOOR TRAINING,7255 MEADOW HILL DR,Frisco,75033,7255 MEADOW HILL DR | 75033,Food Establishment II,Food establishment,Convenience,FORD PERFORMANCE INDOOR,2,2,0,2025-10-29,2026-04-23,9,9,4.5,7,4,2,0,0,https://inspections.myhealthdepartment.com/frisco/permit/?permitID=80F84430-2B12-469B-8451-AB5424DA5B26
11D69F84-46EF-47AC-98B3-FE7F1BE77704,THE POP PARLOUR,2552 STONEBROOK PKWY 600,Frisco,75034,2552 STONEBROOK PKWY 600 | 75034,Food Establishment II,Food establishment,Ice Cream,"KUCHICE INVESTMENTS, LLC",1,1,0,2025-07-21,2025-07-21,6,6,6.0,4,3,0,1,0,https://inspections.myhealthdepartment.com/frisco/permit/?permitID=11D69F84-46EF-47AC-98B3-FE7F1BE77704
73C1A6A6-8283-44D2-9C94-CAF60C2D4E66,THE PROMENADE BAR,1 COWBOYS WAY,Frisco,75034,1 COWBOYS WAY | 75034,Food Establishment II,Food establishment,American,LEGENDS HOSPITALITY LLC,2,2,0,2025-08-26,2026-02-26,0,0,0.0,1,0,0,0,0,https://inspections.myhealthdepartment.com/frisco/permit/?permitID=73C1A6A6-8283-44D2-9C94-CAF60C2D4E66
86EE3570-A9F2-4616-B687-BBA0F183A4DE,THE PULAV COMPANY,13089 MAIN ST 400,Frisco,75035,13089 MAIN ST 400 | 75035,Food Establishment III,Food establishment,Indian,TPC FRISCO LLC,1,1,0,2026-07-28,2026-07-28,22,22,22.0,17,14,3,0,0,https://inspections.myhealthdepartment.com/frisco/permit/?permitID=86EE3570-A9F2-4616-B687-BBA0F183A4DE
216FC739-7241-4809-A1A7-2F830573D64B,THE SANDWICH SPOT,8050 PRESTON RD 102,Frisco,75035,8050 PRESTON RD 102 | 75035,Food Establishment II,Food establishment,Deli,Jeff Upchurch,2,2,0,2025-08-13,2026-03-05,0,0,0.0,2,0,0,0,0,https://inspections.myhealthdepartment.com/frisco/permit/?permitID=216FC739-7241-4809-A1A7-2F830573D64B
DA73AB9F-8EDD-4B09-898B-5837200FF1C7,THE STAR MAIN KITCHEN,1 COWBOYS WAY,Frisco,75034,1 COWBOYS WAY | 75034,Food Establishment II,Food establishment,American,"LEGENDS HOSPITALITY, LLC",3,3,0,2025-08-26,2026-07-23,14,14,6.33,17,13,4,0,0,https://inspections.myhealthdepartment.com/frisco/permit/?permitID=DA73AB9F-8EDD-4B09-898B-5837200FF1C7
2E2097AF-8CEE-4959-BED4-553D46F5C385,THE STAR TRAINING TABLE,1 COWBOYS WAY,Frisco,75034,1 COWBOYS WAY | 75034,Food Establishment II,Food establishment,American,"LEGENDS HOSPITALITY, LLC",3,3,0,2025-08-26,2026-07-23,9,9,3.0,11,6,2,0,0,https://inspections.myhealthdepartment.com/frisco/permit/?permitID=2E2097AF-8CEE-4959-BED4-553D46F5C385
B8CCB3C6-E366-4561-A800-E31F53FD6C1D,THE SUNSHINE HOUSE,5925 HILLCREST RD,Frisco,75035,5925 HILLCREST RD | 75035,DAYC,Child care,Institutional,THE SUNSHINE HOUSE,4,4,0,2025-07-17,2026-06-02,0,0,0.0,0,0,0,0,0,https://inspections.myhealthdepartment.com/frisco/permit/?permitID=B8CCB3C6-E366-4561-A800-E31F53FD6C1D
94044789-C11C-4A97-B247-30D640CA8484,THE SWING BEVERAGE TRUCK,4341 Pga Pkwy,Frisco,75033,4341 PGA PKWY | 75033,FOOD TRUCK 12,Mobile,Convenience,Omni PGA Frisco Resort,1,1,0,2025-09-17,2025-09-17,0,0,0.0,0,0,0,0,0,https://inspections.myhealthdepartment.com/frisco/permit/?permitID=94044789-C11C-4A97-B247-30D640CA8484
9C9E4B6A-F174-40FC-8E0D-B9424A790912,THE TRAILS OF FRISCO GOLF CLUB,10411 TEEL PKWY,Frisco,75034,10411 TEEL PKWY | 75034,Food Establishment II,Food establishment,American,THE TRAILS OF FRISCO GOLF CLUB,2,2,0,2026-02-20,2026-08-26,9,9,6.0,9,7,2,0,0,https://inspections.myhealthdepartment.com/frisco/permit/?permitID=9C9E4B6A-F174-40FC-8E0D-B9424A790912
F16A54DB-A605-49C0-945C-30FED446C7FA,THREE EMPIRES BREWING COMPANY,6990 MAIN ST Suite 200,Frisco,75033,6990 MAIN ST 200 | 75033,Food Establishment II,Food establishment,American,Three Empires Brewing Company LLC,2,2,0,2025-08-14,2026-05-28,0,0,0.0,0,0,0,0,0,https://inspections.myhealthdepartment.com/frisco/permit/?permitID=F16A54DB-A605-49C0-945C-30FED446C7FA
0ACF8D3D-209D-429B-8C4B-660E6AB43142,TIENDA DE DULCES ,5 Universal Pkwy,Frisco,75033,5 UNIVERSAL PKWY | 75033,Food Establishment II,Food establishment,,NBC Universal LLC,1,1,0,2026-07-15,2026-07-15,0,0,0.0,0,0,0,0,0,https://inspections.myhealthdepartment.com/frisco/permit/?permitID=0ACF8D3D-209D-429B-8C4B-660E6AB43142
7A39E6F9-A095-4F01-91E4-9A1C6B7CD2FC,TOAST & TEE,4341 Pga Pkwy,Frisco,75033,4341 PGA PKWY | 75033,Food Establishment II,Food establishment,Coffee House & Cafe,Omni PGA Frisco Resort & Spa,2,2,0,2025-09-09,2026-05-26,0,0,0.0,1,0,0,0,0,https://inspections.myhealthdepartment.com/frisco/permit/?permitID=7A39E6F9-A095-4F01-91E4-9A1C6B7CD2FC
1AAF799D-450E-4A1E-852B-FC71A53A4469,TOFY Natural LLC (Natural Life Frisco & Frisco Kava Bar),7151 PRESTON RD 111A,Frisco,75034,7151 PRESTON RD 111A | 75034,Food Establishment II,Food establishment,Convenience,Arthur & Yemi Solomon,2,2,0,2025-12-02,2026-07-20,0,3,1.5,1,1,1,0,0,https://inspections.myhealthdepartment.com/frisco/permit/?permitID=1AAF799D-450E-4A1E-852B-FC71A53A4469
9D66B5B8-0FFC-4662-8AF4-5495E5B5DEE7,TOM HICKS ELEMENTARY - L.I.S.D,3651 COMPASS DR,Frisco,75034-7523,3651 COMPASS DR | 75034,School and City,School or city facility,Institutional,LEWISVILLE INDEPENDENT SCHOOL,2,2,0,2025-09-08,2026-04-01,0,0,0.0,0,0,0,0,0,https://inspections.myhealthdepartment.com/frisco/permit/?permitID=9D66B5B8-0FFC-4662-8AF4-5495E5B5DEE7
5C45A8E1-B962-444C-8D3D-56FF84539D50,TOM THUMB,11401 COIT RD Building C,Frisco,75035,11401 COIT RD BUILDING C | 75035,Grocery Store III,Grocery,Grocery,RANDALL'S FOOD & DRUGS LP,4,4,0,2025-07-31,2026-05-15,1,6,2.5,5,4,3,0,0,https://inspections.myhealthdepartment.com/frisco/permit/?permitID=5C45A8E1-B962-444C-8D3D-56FF84539D50
F8C7F9A1-B81F-4EC9-9349-E11ACF3EDEC0,TOM THUMB,5550 FM 423,Frisco,75036,5550 FM 423 | 75036,Grocery Store III,Grocery,Grocery,"ALBERTSONS COMPANIES, INC",4,4,0,2025-08-15,2026-08-19,7,7,1.75,12,6,0,0,0,https://inspections.myhealthdepartment.com/frisco/permit/?permitID=F8C7F9A1-B81F-4EC9-9349-E11ACF3EDEC0
A4AABB15-3866-486C-AF8A-01AE10E36B65,TOM THUMB,4848 PRESTON RD,Frisco,75034,4848 PRESTON RD | 75034,Grocery Store III,Grocery,Grocery,RANDALL'S FOOD & DRUG LP,3,3,0,2025-12-19,2026-08-28,5,5,1.67,10,8,0,0,0,https://inspections.myhealthdepartment.com/frisco/permit/?permitID=A4AABB15-3866-486C-AF8A-01AE10E36B65
A07183BD-1C41-4E1A-A1C1-A453520E3070,TOM THUMB FUEL CENTER,5550 FM 423,Frisco,75036,5550 FM 423 | 75036,Food Establishment II,Food establishment,Convenience,"ALBERTSON'S COMPANIES, INC.",2,2,0,2025-11-20,2026-08-19,0,3,1.5,2,1,1,0,0,https://inspections.myhealthdepartment.com/frisco/permit/?permitID=A07183BD-1C41-4E1A-A1C1-A453520E3070
546A23E0-F67E-4173-B7EC-0026AA34997D,TOO THAI STREET EATS ,9180 Warren Pkwy 100,Frisco,75035,9180 WARREN PKWY 100 | 75035,Food Establishment III,Food establishment,Thai,Suksabai Inc,1,1,0,2026-05-27,2026-05-27,14,14,14.0,8,6,3,0,0,https://inspections.myhealthdepartment.com/frisco/permit/?permitID=546A23E0-F67E-4173-B7EC-0026AA34997D
8C90996E-CE6A-47E9-BD6F-80AFA5147348,"TOP SLICE, LLC DBA CICI'S PIZZA #747",5580 PRESTON RD B104,Frisco,75034,5580 PRESTON RD B104 | 75034,Food Establishment II,Food establishment,Pizza,"TOP SLICE, LLC",2,2,0,2025-12-16,2026-06-05,5,5,2.5,7,3,0,0,0,https://inspections.myhealthdepartment.com/frisco/permit/?permitID=8C90996E-CE6A-47E9-BD6F-80AFA5147348
677E8BA7-C705-4951-B293-D35E884F5701,TORCHY'S,2947 PRESTON RD,Frisco,75034,2947 PRESTON RD | 75034,Food Establishment II,Food establishment,Mexican,SUCCESS FOODS MANAGEMENT,2,2,0,2025-12-08,2026-06-09,5,5,4.0,5,4,2,0,0,https://inspections.myhealthdepartment.com/frisco/permit/?permitID=677E8BA7-C705-4951-B293-D35E884F5701
C7F99E29-7707-4A7A-AF72-C994C123020B,TORCHY'S TACO,1555 UNIVERSITY DR 100,Frisco,75033,1555 UNIVERSITY DR 100 | 75033,Food Establishment II,Food establishment,Mexican,SUCCESS FOODS MANAGEMENT,3,3,0,2025-09-16,2026-07-10,5,5,1.67,4,2,1,0,0,https://inspections.myhealthdepartment.com/frisco/permit/?permitID=C7F99E29-7707-4A7A-AF72-C994C123020B
1FFB2A9F-04F3-4333-8DBE-008A75A2885D,TOYOTA STADIUM - COMMISSARY/DOCK BUILDING,9200 WORLD CUP WAY,Frisco,75033,9200 WORLD CUP WAY | 75033,Food Establishment II,Food establishment,American,"LEGENDS HOSPITALITY, LLC",1,1,0,2026-02-25,2026-02-25,0,0,0.0,0,0,0,0,0,https://inspections.myhealthdepartment.com/frisco/permit/?permitID=1FFB2A9F-04F3-4333-8DBE-008A75A2885D
EF31B907-BCF5-4420-B2DB-C02E1819E407,TOYOTA STADIUM - GRANDSTAND & BAR,9200 WORLD CUP WAY,Frisco,75033,9200 WORLD CUP WAY | 75033,Food Establishment II,Food establishment,American,"LEGENDS HOSPITALITY, LLC",1,1,0,2026-02-25,2026-02-25,2,2,2.0,1,1,0,0,0,https://inspections.myhealthdepartment.com/frisco/permit/?permitID=EF31B907-BCF5-4420-B2DB-C02E1819E407
DEA6461A-38E7-4A49-BC57-34A83CFB2CB8,TOYOTA STADIUM - HALL OF FAME BAR & KITCHEN,9200 WORLD CUP WAY,Frisco,75033,9200 WORLD CUP WAY | 75033,Food Establishment II,Food establishment,Convenience,"LEGENDS HOSPITALITY, LLC",1,1,0,2026-02-25,2026-02-25,3,3,3.0,2,1,1,0,0,https://inspections.myhealthdepartment.com/frisco/permit/?permitID=DEA6461A-38E7-4A49-BC57-34A83CFB2CB8
BB48D124-08DC-4C29-B029-BF185F40D353,TOYOTA STADIUM - STAND #1 & VENDING,9200 WORLD CUP WAY,Frisco,75033,9200 WORLD CUP WAY | 75033,Food Establishment II,Food establishment,American,"LEGENDS HOSPITALITY, LLC",1,1,0,2026-02-25,2026-02-25,0,0,0.0,1,0,0,0,0,https://inspections.myhealthdepartment.com/frisco/permit/?permitID=BB48D124-08DC-4C29-B029-BF185F40D353
861BD710-CB35-4E97-B83A-1E0DB7539735,TOYOTA STADIUM - STAND #10,9200 WORLD CUP WAY,Frisco,75033,9200 WORLD CUP WAY | 75033,Food Establishment II,Food establishment,American,"LEGENDS HOSPITALITY, LLC",1,1,0,2026-02-25,2026-02-25,0,0,0.0,0,0,0,0,0,https://inspections.myhealthdepartment.com/frisco/permit/?permitID=861BD710-CB35-4E97-B83A-1E0DB7539735
5FB92E50-E1EC-40C0-96D3-A56851A980C2,TOYOTA STADIUM - STAND #5,9200 WORLD CUP WAY,Frisco,75033,9200 WORLD CUP WAY | 75033,Food Establishment II,Food establishment,American,"LEGENDS HOSPITALITY, LLC",1,1,0,2026-02-25,2026-02-25,1,1,1.0,1,1,0,0,0,https://inspections.myhealthdepartment.com/frisco/permit/?permitID=5FB92E50-E1EC-40C0-96D3-A56851A980C2
47B3A43D-70B3-44C2-80F4-27AD61BDBB08,TOYOTA STADIUM - STAND #6,9200 WORLD CUP WAY,Frisco,75033,9200 WORLD CUP WAY | 75033,Food Establishment II,Food establishment,American,"LEGENDS HOSPITALITY, LLC",1,1,0,2026-02-25,2026-02-25,0,0,0.0,0,0,0,0,0,https://inspections.myhealthdepartment.com/frisco/permit/?permitID=47B3A43D-70B3-44C2-80F4-27AD61BDBB08
F76FD1B7-0538-4F7B-A0BE-DB148091ABD4,TOYOTA STADIUM - STAND #7,9200 WORLD CUP WAY,Frisco,75033,9200 WORLD CUP WAY | 75033,Food Establishment II,Food establishment,American,"LEGENDS HOSPITALITY, LLC",1,1,0,2026-02-25,2026-02-25,0,0,0.0,0,0,0,0,0,https://inspections.myhealthdepartment.com/frisco/permit/?permitID=F76FD1B7-0538-4F7B-A0BE-DB148091ABD4
1D6B2567-537D-4A2E-BEA2-14470DC3527C,TOYOTA STADIUM - STAND #8,9200 WORLD CUP WAY,Frisco,75033,9200 WORLD CUP WAY | 75033,Food Establishment II,Food establishment,American,"LEGENDS HOSPITALITY, LLC",1,1,0,2026-02-25,2026-02-25,0,0,0.0,1,0,0,0,0,https://inspections.myhealthdepartment.com/frisco/permit/?permitID=1D6B2567-537D-4A2E-BEA2-14470DC3527C
DF9EAC39-64A5-4A1A-8448-DFA2B190209E,TOYOTA STADIUM - STAND #9,9200 WORLD CUP WAY,Frisco,75033,9200 WORLD CUP WAY | 75033,Food Establishment II,Food establishment,American,"LEGENDS HOSPITALITY, LLC",1,1,0,2026-02-25,2026-02-25,0,0,0.0,0,0,0,0,0,https://inspections.myhealthdepartment.com/frisco/permit/?permitID=DF9EAC39-64A5-4A1A-8448-DFA2B190209E
127E0186-05FA-48ED-ADBA-0764EDF91847,TOYOTA STADIUM - WINNERS CIRCLE PAVILION,9200 WORLD CUP WAY,Frisco,75033,9200 WORLD CUP WAY | 75033,Food Establishment II,Food establishment,American,FC DALLAS,1,1,0,2026-02-25,2026-02-25,5,5,5.0,3,2,1,0,0,https://inspections.myhealthdepartment.com/frisco/permit/?permitID=127E0186-05FA-48ED-ADBA-0764EDF91847
118D4125-81FB-400F-AB18-10D63593B251,TOYOTA STADIUM KITCHEN,9200 WORLD CUP WAY,Frisco,75033,9200 WORLD CUP WAY | 75033,Food Establishment II,Food establishment,American,"LEGENDS HOSPITALITY, LLC",2,2,0,2026-02-25,2026-08-21,4,4,2.0,4,2,0,0,0,https://inspections.myhealthdepartment.com/frisco/permit/?permitID=118D4125-81FB-400F-AB18-10D63593B251
C66590CD-3A14-4B25-9D63-84AEA3947B01,TOYOTA STADIUM PORTABLES,9200 WORLD CUP WAY,Frisco,75033,9200 WORLD CUP WAY | 75033,Food Establishment II,Food establishment,American,"LEGENDS HOSPITALITY, LLC",1,1,0,2026-02-25,2026-02-25,0,0,0.0,0,0,0,0,0,https://inspections.myhealthdepartment.com/frisco/permit/?permitID=C66590CD-3A14-4B25-9D63-84AEA3947B01
9409830D-43AB-47D3-955B-C23DA35A35C3,TP Tea,9188 PRESTMONT PL 106,Frisco,75035,9188 PRESTMONT PL 106 | 75035,Food Establishment II,Food establishment,Thai,Donna Wang,3,3,0,2025-07-23,2026-08-10,15,15,6.67,12,11,3,0,0,https://inspections.myhealthdepartment.com/frisco/permit/?permitID=9409830D-43AB-47D3-955B-C23DA35A35C3
BF9C073E-9A2D-40A0-AC07-EC91C1D32B8D,TRENT MIDDLE SCHOOL CAFETERIA,13131 COLETO CREEK DR,Frisco,75033,13131 COLETO CREEK DR | 75033,School and City,School or city facility,Institutional,FRISCO ISD,2,2,0,2025-08-28,2026-04-07,0,0,0.0,0,0,0,0,0,https://inspections.myhealthdepartment.com/frisco/permit/?permitID=BF9C073E-9A2D-40A0-AC07-EC91C1D32B8D
544B2534-CB74-427C-B922-5E15AB859327,TRENT MIDDLE SCHOOL CONCESSION,13131 COLETO CREEK DR,Frisco,75033,13131 COLETO CREEK DR | 75033,School and City,School or city facility,Institutional,FISD,2,2,0,2025-08-28,2026-04-07,0,0,0.0,0,0,0,0,0,https://inspections.myhealthdepartment.com/frisco/permit/?permitID=544B2534-CB74-427C-B922-5E15AB859327
D61EBFC9-0EBF-42E2-88C0-C2FBD7CB32B9,TRICK RIDER,4341 Pga Pkwy,Frisco,75033,4341 PGA PKWY | 75033,Food Establishment II,Food establishment,American,Omni PGA Frisco Resort & Spa,2,2,0,2025-09-09,2026-05-26,0,0,0.0,0,0,0,0,0,https://inspections.myhealthdepartment.com/frisco/permit/?permitID=D61EBFC9-0EBF-42E2-88C0-C2FBD7CB32B9
A9E7D307-FF00-4A44-AA4D-AEA6B1949E67,TROLL EATZ ,5 Universal Pkwy,Frisco,75033,5 UNIVERSAL PKWY | 75033,Food Establishment II,Food establishment,,"NBC UNIVERSAL, LLC",1,1,0,2026-07-15,2026-07-15,0,0,0.0,2,0,0,0,0,https://inspections.myhealthdepartment.com/frisco/permit/?permitID=A9E7D307-FF00-4A44-AA4D-AEA6B1949E67
39C62865-C04A-42C5-97DD-0438A5331486,TROPICAL SMOOTHIE,5110 ELDORADO PKWY 150,Frisco,75033,5110 ELDORADO PKWY 150 | 75033,Food Establishment II,Food establishment,Cafe,David LIM,2,2,0,2025-09-11,2026-03-23,1,3,2.0,3,3,0,0,0,https://inspections.myhealthdepartment.com/frisco/permit/?permitID=39C62865-C04A-42C5-97DD-0438A5331486
7D19788F-C94E-49F2-ACF2-521A53ED88AF,TROPICAL SMOOTHIE CAFE,8161 FM 423 260,Frisco,,8161 FM 423 260 | ,Food Establishment II,Food establishment,Cafe,DYNE HOSPITALITY GROUP LLC,2,2,0,2025-10-14,2026-05-12,0,1,0.5,1,1,0,0,0,https://inspections.myhealthdepartment.com/frisco/permit/?permitID=7D19788F-C94E-49F2-ACF2-521A53ED88AF
3A0EADBE-4D87-4BE8-A88D-7137BC6798A5,TROPICAL SMOOTHIE CAFE ,3301 PRESTON RD 6,Frisco,75034,3301 PRESTON RD 6 | 75034,Food Establishment II,Food establishment,Cafe,Harikrushna Preston LLC,2,2,0,2026-03-16,2026-08-07,6,6,4.0,5,4,0,0,0,https://inspections.myhealthdepartment.com/frisco/permit/?permitID=3A0EADBE-4D87-4BE8-A88D-7137BC6798A5
A456BFB2-BFD1-4DCD-AC49-48BD59B96152,TRU BY HILTON,2310 PARKWOOD BLVD,Frisco,75034,2310 PARKWOOD BLVD | 75034,Food Establishment II,Food establishment,Continental,ICON LODGING,3,3,0,2025-08-21,2026-09-16,11,11,3.67,12,5,2,0,0,https://inspections.myhealthdepartment.com/frisco/permit/?permitID=A456BFB2-BFD1-4DCD-AC49-48BD59B96152
329547B4-10ED-459C-88F3-96440881AE81,TRU FIRE RESTAURANT,6959 LEBANON RD 114,Frisco,75034,6959 LEBANON RD 114 | 75034,Food Establishment II,Food establishment,American,"TRUFIRE STARWOOD, LLC",3,3,0,2025-10-20,2026-09-17,22,22,11.0,27,22,4,3,0,https://inspections.myhealthdepartment.com/frisco/permit/?permitID=329547B4-10ED-459C-88F3-96440881AE81
F382C2B9-6479-41E4-9BF3-84C38B3CCFCB,TRUE TEXAS BURGERS,5001 PANTHER CREEK PKWY 400,Frisco,75033,5001 PANTHER CREEK PKWY 400 | 75033,Food Establishment II,Food establishment,Deli,Rohit Bachal,2,2,0,2025-09-03,2026-06-08,9,9,4.5,7,5,1,0,0,https://inspections.myhealthdepartment.com/frisco/permit/?permitID=F382C2B9-6479-41E4-9BF3-84C38B3CCFCB
6B233A50-FC31-4720-91A1-09F67208EBFC,TSK FRISCO ,2525 MAIN ST 460,Frisco,75036,2525 MAIN ST 460 | 75036,Food Establishment II,Food establishment,Indian,SN2 LLC,1,1,0,2026-04-22,2026-04-22,8,8,8.0,5,5,1,0,0,https://inspections.myhealthdepartment.com/frisco/permit/?permitID=6B233A50-FC31-4720-91A1-09F67208EBFC
5985E6E3-E3A9-4703-AC6E-D8334FC3FAD7,TTO SEOUL KOREAN CUISINE,3231 PRESTON RD #8,Frisco,75034,3231 PRESTON RD 8 | 75034,Food Establishment II,Food establishment,Korean,Nak Sung,3,3,0,2025-08-27,2026-04-15,3,7,5.33,10,10,2,1,0,https://inspections.myhealthdepartment.com/frisco/permit/?permitID=5985E6E3-E3A9-4703-AC6E-D8334FC3FAD7
2BD9787A-7C58-4564-B604-4FC1061969A5,TULLA PATISSERIE & CAFE,12020 TEEL PKWY 102,Frisco,75033,12020 TEEL PKWY 102 | 75033,Food Establishment II,Food establishment,Bakery,Stephen J Koessl,2,2,0,2025-07-30,2026-02-20,6,6,4.0,5,4,1,0,0,https://inspections.myhealthdepartment.com/frisco/permit/?permitID=2BD9787A-7C58-4564-B604-4FC1061969A5
C31F79F6-D3A3-4CA4-98ED-10BB2997F3E5,TUPELO HONEY CAFE,6725 WINNING DR,Frisco,,6725 WINNING DR | ,Food Establishment II,Food establishment,Southern,TUPELO HONEY HOSPITALITY CORP,3,3,0,2025-08-12,2026-04-16,5,5,4.67,11,8,3,0,1,https://inspections.myhealthdepartment.com/frisco/permit/?permitID=C31F79F6-D3A3-4CA4-98ED-10BB2997F3E5
5A51D21B-F93A-4261-AFC4-EAFF0D07FB9F,TUPY'S,6975 LEBANON RD #300,Frisco,75034,6975 LEBANON RD 300 | 75034,Food Establishment II,Food establishment,Mexican,LISA DOMINGUEZ,4,4,0,2025-07-16,2026-09-18,23,23,15.5,48,45,9,7,1,https://inspections.myhealthdepartment.com/frisco/permit/?permitID=5A51D21B-F93A-4261-AFC4-EAFF0D07FB9F
39B993FB-0B26-484D-9206-0AE567D34060,TXB STORES ,15355 Preston Rd,Frisco,75033,15355 PRESTON RD | 75033,Food Establishment II,Food establishment,American,Kwik Chek Food Stores Inc.,1,1,0,2026-04-30,2026-04-30,0,0,0.0,0,0,0,0,0,https://inspections.myhealthdepartment.com/frisco/permit/?permitID=39B993FB-0B26-484D-9206-0AE567D34060
326AA3F8-7411-49D1-B713-BCC9DBAE192B,Taco Bell #40025,12015 UNIVERSITY DR,Frisco,75035,12015 UNIVERSITY DR | 75035,Food Establishment II,Food establishment,Fast Food,"North Texas Bells, LLC",2,2,0,2025-10-31,2026-04-27,1,1,0.5,2,1,0,0,0,https://inspections.myhealthdepartment.com/frisco/permit/?permitID=326AA3F8-7411-49D1-B713-BCC9DBAE192B
CBB03E1B-F3B5-4D81-B713-8C2F93117110,Taco Joint,4387 MAIN ST 300,Frisco,75034,4387 MAIN ST 300 | 75034,Food Establishment III,Food establishment,Mexican,MKBD 10 LLC,4,4,0,2025-11-05,2026-09-21,0,0,0.0,0,0,0,0,0,https://inspections.myhealthdepartment.com/frisco/permit/?permitID=CBB03E1B-F3B5-4D81-B713-8C2F93117110
72F36073-DDBC-415C-89B4-966589ADB8C4,Tacos Y Mas,2601 PRESTON RD 2056,Frisco,75034,2601 PRESTON RD 2056 | 75034,Food Establishment II,Food establishment,Tex-Mex,Mahbub Zaman,3,3,0,2025-09-30,2026-05-14,2,3,2.0,5,5,0,0,0,https://inspections.myhealthdepartment.com/frisco/permit/?permitID=72F36073-DDBC-415C-89B4-966589ADB8C4
7E0F2959-530E-4A95-AD73-37E4D1643BA7,Teenmaar Indian Cafe,9101 PRESTON RD,Frisco,75033,9101 PRESTON RD | 75033,Food Establishment III,Food establishment,Indian,Sridhar Kumar Sannidhi,1,1,0,2025-10-28,2025-10-28,0,0,0.0,0,0,0,0,0,https://inspections.myhealthdepartment.com/frisco/permit/?permitID=7E0F2959-530E-4A95-AD73-37E4D1643BA7
864B74F6-AB0C-4A55-B85D-D4C17CF3D9CC,Thai Spice Restaurant,13355 DALLAS PKWY 600,Frisco,75033,13355 DALLAS PKWY 600 | 75033,Food Establishment II,Food establishment,Thai,Arkom Emsumang,3,3,0,2025-10-16,2026-09-10,28,28,17.33,36,31,11,9,0,https://inspections.myhealthdepartment.com/frisco/permit/?permitID=864B74F6-AB0C-4A55-B85D-D4C17CF3D9CC
E30E1D30-1160-44C2-8B67-9A63E269D502,The Bunker,4341 Pga Pkwy,Frisco,75033,4341 PGA PKWY | 75033,Food Establishment II,Food establishment,Convenience,Omni PGA Frisco Resort & Spa,2,2,0,2025-10-15,2026-05-28,4,4,2.0,2,2,1,0,0,https://inspections.myhealthdepartment.com/frisco/permit/?permitID=E30E1D30-1160-44C2-8B67-9A63E269D502
1D73AF91-B79B-49E3-BF7C-DE4A12776B50,The Derbyshire,6142 FRISCO SQUARE BLVD,Frisco,75034,6142 FRISCO SQUARE BLVD | 75034,Food Establishment II,Food establishment,European,Matt Hunsicker,3,3,0,2025-07-29,2026-06-23,1,3,2.33,3,3,2,1,0,https://inspections.myhealthdepartment.com/frisco/permit/?permitID=1D73AF91-B79B-49E3-BF7C-DE4A12776B50
41C4EF5C-778E-4337-B305-67CA5C760D8D,The Flavor Lounge LLC,5855 PRESTON RD,Frisco,75034,5855 PRESTON RD | 75034,Food Establishment II,Food establishment,Indian,Rajeev Gupta,1,1,0,2025-11-14,2025-11-14,22,22,22.0,14,12,4,0,0,https://inspections.myhealthdepartment.com/frisco/permit/?permitID=41C4EF5C-778E-4337-B305-67CA5C760D8D
3819DACE-167B-4224-AD6C-5759F0C278B6,The Goddard School of Frisco West,3336 MAIN ST,Frisco,75033,3336 MAIN ST | 75033,DAYC,Child care,Institutional,Shaadaa LLC,5,5,0,2025-08-04,2026-08-28,3,3,0.6,2,1,1,0,0,https://inspections.myhealthdepartment.com/frisco/permit/?permitID=3819DACE-167B-4224-AD6C-5759F0C278B6
72F7C0B2-F2E5-4E4B-8F8A-B8030081DBD6,The Halal Guys,4880 ELDORADO PKWY 300,Frisco,75033,4880 ELDORADO PKWY 300 | 75033,Food Establishment II,Food establishment,Mediterranean,HG Frisco Eldorado LLC,3,3,0,2025-09-29,2026-09-16,0,3,1.67,3,2,1,0,0,https://inspections.myhealthdepartment.com/frisco/permit/?permitID=72F7C0B2-F2E5-4E4B-8F8A-B8030081DBD6
86112103-FF5C-49C5-B30A-8BFC09F748B5,The Learning Experience,9225 HICKORY ST,Frisco,75035,9225 HICKORY ST | 75035,DAYC,Child care,Institutional,Ajay K Malpani,5,5,0,2025-07-17,2026-09-08,4,4,0.8,7,4,0,0,0,https://inspections.myhealthdepartment.com/frisco/permit/?permitID=86112103-FF5C-49C5-B30A-8BFC09F748B5
822837A5-8CC9-45E5-8883-71F8DB88962A,The Market at Presidium Frisco Square,5750 COTTON GIN RD,Frisco,75034,5750 COTTON GIN RD | 75034,Food Establishment I,Food establishment,Convenience,Lone Star Markets LLC,1,1,0,2026-06-04,2026-06-04,1,1,1.0,1,1,0,0,0,https://inspections.myhealthdepartment.com/frisco/permit/?permitID=822837A5-8CC9-45E5-8883-71F8DB88962A
C388FE52-D16A-4025-9C1B-0476810501BD,The Market at Vale Frisco-2nd Fl Leasing Office,12050 RESEARCH RD,Frisco,75033,12050 RESEARCH RD | 75033,Food Establishment I,Food establishment,Convenience,Lone Star Markets,1,1,0,2025-11-07,2025-11-07,0,0,0.0,1,0,0,0,0,https://inspections.myhealthdepartment.com/frisco/permit/?permitID=C388FE52-D16A-4025-9C1B-0476810501BD
98A6B614-144D-47A4-BAEC-F023C899654F,The North Star Food Hall,3965 DALLAS PKWY 100,Frisco,75034,3965 DALLAS PKWY 100 | 75034,Food Establishment II,Food establishment,Cafe,"UNIVERSITY FOOD SERVICES, INC",2,2,0,2025-12-11,2026-06-17,3,6,4.5,7,4,3,0,0,https://inspections.myhealthdepartment.com/frisco/permit/?permitID=98A6B614-144D-47A4-BAEC-F023C899654F
08138170-F3B5-42AD-8657-9F34A66E6FE2,The Tower at Hall Park- Office Corporate Lounge Pantry,6605 WARREN PKWY,Frisco,75034,6605 WARREN PKWY | 75034,Food Establishment II,Food establishment,Cafe,Christine Cole,3,3,0,2025-06-24,2026-08-11,2,2,0.67,4,2,0,0,0,https://inspections.myhealthdepartment.com/frisco/permit/?permitID=08138170-F3B5-42AD-8657-9F34A66E6FE2
CA0238C0-C183-45AF-AAC3-BC0F2970CB48,The Westin Dallas Stonebriar Golf Resort & Spa,1549 LEGACY DR,Frisco,75034,1549 LEGACY DR | 75034,Food Establishment II,Food establishment,Continental,LSREF6 SW HOTEL LLC,3,3,0,2025-10-21,2026-09-17,5,5,1.67,4,4,0,0,0,https://inspections.myhealthdepartment.com/frisco/permit/?permitID=CA0238C0-C183-45AF-AAC3-BC0F2970CB48
F8F2D398-872B-4E98-A272-E454DE1BCA20,"Tokyo Gardens Catering, LLC",4800 MAIN ST,Frisco,75033,4800 MAIN ST | 75033,Food Establishment II,Food establishment,Japanese,"TOKYO GARDENS CATERING, LLC",2,2,0,2025-11-20,2026-04-22,0,0,0.0,0,0,0,0,0,https://inspections.myhealthdepartment.com/frisco/permit/?permitID=F8F2D398-872B-4E98-A272-E454DE1BCA20
9D6368F6-4713-4DE3-BB9C-DD92CE92A272,"Tokyo Gardens Catering, LLC @ Frisco 02",899 UNIVERSITY DR,Frisco,75033,899 UNIVERSITY DR | 75033,Food Establishment III,Food establishment,Japanese,Larry Payton,3,3,0,2025-10-08,2026-06-02,0,0,0.0,0,0,0,0,0,https://inspections.myhealthdepartment.com/frisco/permit/?permitID=9D6368F6-4713-4DE3-BB9C-DD92CE92A272
2CEF4CE4-069A-4EEF-B7CF-926768A014F6,Tom Thumb Fuel Center 0011 (5833),11575 COIT RD,Frisco,75035,11575 COIT RD | 75035,Food Establishment II,Food establishment,Convenience,RANDALL'S FOOD & DRUGS LP,2,2,0,2025-07-30,2026-02-24,2,8,5.0,10,9,0,1,0,https://inspections.myhealthdepartment.com/frisco/permit/?permitID=2CEF4CE4-069A-4EEF-B7CF-926768A014F6
6612F854-EF58-4CF1-AB54-C20C51F2BDED,Tropical Smoothie Cafe,3301 PRESTON RD 6,Frisco,75034,3301 PRESTON RD 6 | 75034,Food Establishment II,Food establishment,Specialty,Prasad Potluri,1,1,0,2025-10-15,2025-10-15,0,0,0.0,0,0,0,0,0,https://inspections.myhealthdepartment.com/frisco/permit/?permitID=6612F854-EF58-4CF1-AB54-C20C51F2BDED
9AB9C424-8311-4AF2-AC1D-6D9E809D68CD,Trung Nguyen E Coffee,9244 PRESTMONT PL 210,Frisco,75035,9244 PRESTMONT PL 210 | 75035,Food Establishment I,Food establishment,Cafe,Trung nguyenE-coffee,1,1,0,2026-08-26,2026-08-26,6,6,6.0,8,5,0,0,0,https://inspections.myhealthdepartment.com/frisco/permit/?permitID=9AB9C424-8311-4AF2-AC1D-6D9E809D68CD
F781E179-D7AA-4893-A165-E8AB8F061643,ULAVACHARU RESTAURANT ,7875 Custer Rd 101,Frisco,75035,7875 CUSTER RD 101 | 75035,Food Establishment II,Food establishment,Indian,Suhasini Kapugorla,2,2,0,2026-01-02,2026-05-01,14,14,13.5,18,16,5,0,0,https://inspections.myhealthdepartment.com/frisco/permit/?permitID=F781E179-D7AA-4893-A165-E8AB8F061643
4DEF5662-148A-4B7B-B85B-3BFE0ECA6D66,ULTIMATE SPORTS NUTRITION,3401 PRESTON RD,Frisco,75034,3401 PRESTON RD | 75034,Food Establishment I,Food establishment,Convenience,BRAD E BACA,1,1,0,2026-01-14,2026-01-14,0,0,0.0,0,0,0,0,0,https://inspections.myhealthdepartment.com/frisco/permit/?permitID=4DEF5662-148A-4B7B-B85B-3BFE0ECA6D66
0D6A251A-1B44-4B64-B550-5BDB86F73BDA,UMIYA SUSHI,3141 PRESTON RD,Frisco,75034,3141 PRESTON RD | 75034,Food Establishment III,Food establishment,Japanese,Wenzhi Liu,3,3,0,2025-11-06,2026-09-24,9,10,8.0,19,14,4,0,0,https://inspections.myhealthdepartment.com/frisco/permit/?permitID=0D6A251A-1B44-4B64-B550-5BDB86F73BDA
118F7F16-0B02-427A-B637-9E1A02113F19,UNCLE JULIO'S ,2401 PRESTON RD,Frisco,75034,2401 PRESTON RD | 75034,Food Establishment II,Food establishment,Mexican,"NEXT RESTAURANTS, LLC",1,1,0,2026-04-02,2026-04-02,4,4,4.0,4,2,0,0,0,https://inspections.myhealthdepartment.com/frisco/permit/?permitID=118F7F16-0B02-427A-B637-9E1A02113F19
9796B835-A10E-437A-9447-D6EFBBEC34F0,UNICORNDOG,8811 TEEL PKWY 160,Frisco,75036,8811 TEEL PKWY 160 | 75036,Food Establishment II,Food establishment,Korean,Starr Jun,3,3,0,2025-08-12,2026-06-10,4,4,1.67,7,3,1,1,0,https://inspections.myhealthdepartment.com/frisco/permit/?permitID=9796B835-A10E-437A-9447-D6EFBBEC34F0
50240546-CB71-4BE8-910A-39A5BD01F825,UNIVERSAL KIDS RESORT KIDS CAFE ,5 Universal Pkwy,Frisco,75033,5 UNIVERSAL PKWY | 75033,Food Establishment II,Food establishment,,NBC Universal LLC,1,1,0,2026-07-15,2026-07-15,0,0,0.0,1,0,0,0,0,https://inspections.myhealthdepartment.com/frisco/permit/?permitID=50240546-CB71-4BE8-910A-39A5BD01F825
11C6BAC1-8449-4766-B4BD-C6657F2AB275,UNIVERSAL STUDIOS ADMIN 2ND FLOOR ,5 Universal Pkwy,Frisco,75033,5 UNIVERSAL PKWY | 75033,Food Establishment I,Food establishment,,Canteen Vending,1,1,0,2026-06-05,2026-06-05,1,1,1.0,1,1,0,0,0,https://inspections.myhealthdepartment.com/frisco/permit/?permitID=11C6BAC1-8449-4766-B4BD-C6657F2AB275
D8FA4EC1-CC89-4D92-A633-CE59B6661B32,UNIVERSAL STUDIOS ADMIN. 1ST FLOOR,5 Universal Pkwy,Frisco,75033,5 UNIVERSAL PKWY | 75033,Food Establishment I,Food establishment,,Canteen Vending,1,1,0,2026-06-05,2026-06-05,1,1,1.0,1,1,0,0,0,https://inspections.myhealthdepartment.com/frisco/permit/?permitID=D8FA4EC1-CC89-4D92-A633-CE59B6661B32
2CA2918F-BD6E-4650-8FAF-2BFCB3118199,UNIVERSAL STUDIOS HOTEL BREAKROOM ,5 Universal Pkwy,Frisco,75033,5 UNIVERSAL PKWY | 75033,Food Establishment I,Food establishment,,Compass Group USA Inc.,1,1,0,2026-06-05,2026-06-05,4,4,4.0,2,2,1,0,0,https://inspections.myhealthdepartment.com/frisco/permit/?permitID=2CA2918F-BD6E-4650-8FAF-2BFCB3118199
168527AC-1D4E-42F0-B186-774F7E4A4DE8,UNIVERSAL STUDIOS JURASSIC BREAKROOM,5 Universal Pkwy,Frisco,75033,5 UNIVERSAL PKWY | 75033,Food Establishment I,Food establishment,,Canteen Vending,1,1,0,2026-06-05,2026-06-05,1,1,1.0,1,1,0,0,0,https://inspections.myhealthdepartment.com/frisco/permit/?permitID=168527AC-1D4E-42F0-B186-774F7E4A4DE8
D2EE091B-2158-47E6-8CC1-35307EA0A5D9,UNIVERSAL STUDIOS TROLL BREAKROOM ,5 Universal Pkwy,Frisco,75033,5 UNIVERSAL PKWY | 75033,Food Establishment I,Food establishment,,Compass Group USA Inc.,1,1,0,2026-06-08,2026-06-08,1,1,1.0,1,1,0,0,0,https://inspections.myhealthdepartment.com/frisco/permit/?permitID=D2EE091B-2158-47E6-8CC1-35307EA0A5D9
E1C146B4-5561-4D03-9019-878591B59E25,UNREFINED BAKERY,3411 PRESTON RD 8,Frisco,75034,3411 PRESTON RD 8 | 75034,Food Establishment II,Food establishment,Bakery,"RIE RIE FRISCO, INC.",3,3,0,2025-08-05,2026-09-04,5,5,3.33,9,6,2,0,0,https://inspections.myhealthdepartment.com/frisco/permit/?permitID=E1C146B4-5561-4D03-9019-878591B59E25
69800D4C-6FA2-412E-9229-645E7EB60F7F,URBAN VALUE CORNER STORE,8819 COLEMAN BLVD,Frisco,75034,8819 COLEMAN BLVD | 75034,Food Establishment II,Food establishment,Convenience,Stephen McKinley,2,2,0,2025-08-18,2026-02-13,0,0,0.0,0,0,0,0,0,https://inspections.myhealthdepartment.com/frisco/permit/?permitID=69800D4C-6FA2-412E-9229-645E7EB60F7F
123561D3-A00A-48C2-8AA9-B937ADAF6F79,URBAN VALUE CORNER STORE,9779 GAYLORD PKWY,Frisco,75035,9779 GAYLORD PKWY | 75035,Food Establishment II,Food establishment,Convenience,UVCS LLC,2,2,0,2025-09-12,2026-03-05,0,0,0.0,0,0,0,0,0,https://inspections.myhealthdepartment.com/frisco/permit/?permitID=123561D3-A00A-48C2-8AA9-B937ADAF6F79
1826927E-DF84-4CC5-9AC2-3227F3CC78E1,URBAN VALUE CORNER STORE ,9779 GAYLORD PKWY,Frisco,75035,9779 GAYLORD PKWY | 75035,Food Establishment I,Food establishment,,"DD Frisco/Pod B II, L",1,1,0,2026-06-09,2026-06-09,0,0,0.0,0,0,0,0,0,https://inspections.myhealthdepartment.com/frisco/permit/?permitID=1826927E-DF84-4CC5-9AC2-3227F3CC78E1
B326D105-BAEA-407E-BF54-FFD9143CE6FA,UTSAV INDIAN CUISINE ,12255 TEEL PKWY 460,Frisco,75033,12255 TEEL PKWY 460 | 75033,Food Establishment II,Food establishment,Indian,CMTEX LLC,4,3,1,2025-07-21,2026-04-01,22,37,29.0,80,79,17,4,2,https://inspections.myhealthdepartment.com/frisco/permit/?permitID=B326D105-BAEA-407E-BF54-FFD9143CE6FA
D2EFB683-E2D2-46C7-BA54-500DECFD0E49,VANDEVENTER MIDDLE SCHOOL,6075 INDEPENDENCE PKWY,Frisco,75035,6075 INDEPENDENCE PKWY | 75035,School and City,School or city facility,Institutional,FRISCO ISD,2,2,0,2025-11-07,2026-05-08,0,0,0.0,1,0,0,0,0,https://inspections.myhealthdepartment.com/frisco/permit/?permitID=D2EFB683-E2D2-46C7-BA54-500DECFD0E49
8D2DBED3-9C41-4F3A-B861-C9CF999F21F2,VANDEVENTER MIDDLE SCHOOL INDOOR CONCESSION STAND,6075 INDEPENDENCE PKWY,Frisco,75035,6075 INDEPENDENCE PKWY | 75035,School and City,School or city facility,Institutional,FISD,2,2,0,2025-11-07,2026-05-08,0,0,0.0,0,0,0,0,0,https://inspections.myhealthdepartment.com/frisco/permit/?permitID=8D2DBED3-9C41-4F3A-B861-C9CF999F21F2
8EB218F1-8B51-4C2E-B6FD-B684091D2BDA,VAUGHN ELEMENTARY CAFE,3535 GUINN GATE DR,Frisco,75034,3535 GUINN GATE DR | 75034,School and City,School or city facility,Institutional,FRISCO ISD,2,2,0,2025-09-03,2026-04-09,0,0,0.0,0,0,0,0,0,https://inspections.myhealthdepartment.com/frisco/permit/?permitID=8EB218F1-8B51-4C2E-B6FD-B684091D2BDA
5A1E45EF-8A1D-49BA-8723-49902297FC9B,VICTORIA GARDENS OF FRISCO,10700 ROLATER RD,Frisco,75035,10700 ROLATER RD | 75035,Food Establishment III,Food establishment,Institutional,Victoria Gardens of Frisco,3,3,0,2025-12-08,2026-08-12,3,7,3.33,7,5,2,0,0,https://inspections.myhealthdepartment.com/frisco/permit/?permitID=5A1E45EF-8A1D-49BA-8723-49902297FC9B
60927A4F-C17F-461A-A1C9-E8D38D872FF3,VISIONARY MONTESSORY ACADEMY,8600 TEEL PKWY,Frisco,75034,8600 TEEL PKWY | 75034,DAYC,Child care,Institutional,Adnan Shaikh,3,3,0,2025-09-09,2026-06-03,0,0,0.0,1,0,0,0,0,https://inspections.myhealthdepartment.com/frisco/permit/?permitID=60927A4F-C17F-461A-A1C9-E8D38D872FF3
EA635034-40A1-45DB-939C-50E5756DF580,VITALITY BOWLS,5729 LEBANON RD 110,Frisco,75034,5729 LEBANON RD 110 | 75034,Food Establishment II,Food establishment,Juice Bar,JOSHUA WILLINGHAM,2,2,0,2025-09-29,2026-01-22,8,8,8.0,14,11,2,0,1,https://inspections.myhealthdepartment.com/frisco/permit/?permitID=EA635034-40A1-45DB-939C-50E5756DF580
1AA35A6A-1DF9-4198-B3F7-339F1F0254BB,VITALITY BOWLS ELDORADO,5105 ELDORADO PKWY 160,Frisco,75033,5105 ELDORADO PKWY 160 | 75033,Food Establishment II,Food establishment,Juice Bar,P&Y Vitality brothers LLC,2,2,0,2025-07-03,2026-01-09,10,10,8.5,14,10,1,4,2,https://inspections.myhealthdepartment.com/frisco/permit/?permitID=1AA35A6A-1DF9-4198-B3F7-339F1F0254BB
553D7DE0-466B-4E79-90E3-F6D8807548EB,VIVI BUBBLE TEA,3520 PRESTON RD 108,Frisco,75034,3520 PRESTON RD 108 | 75034,Food Establishment II,Food establishment,Juice Bar,CHEUNG'S BUBBLE TEA LLC,2,2,0,2025-10-08,2026-04-20,6,6,4.5,6,4,2,0,0,https://inspections.myhealthdepartment.com/frisco/permit/?permitID=553D7DE0-466B-4E79-90E3-F6D8807548EB
6DFFC880-40EE-42A7-9BB3-D0944B53AE0A,Valerie's Taco Shop,5001 PANTHER CREEK PKWY 600,Frisco,75033,5001 PANTHER CREEK PKWY 600 | 75033,Food Establishment II,Food establishment,Mexican,760Foods LLC,3,3,0,2025-06-25,2026-03-20,9,9,5.67,10,8,3,0,1,https://inspections.myhealthdepartment.com/frisco/permit/?permitID=6DFFC880-40EE-42A7-9BB3-D0944B53AE0A
F9E1C686-CEC5-4C75-A8D6-894C3CA709C7,Vedhas Kalyana Virundhu,2330 PRESTON RD,Frisco,75034,2330 PRESTON RD | 75034,Food Establishment III,Food establishment,Indian,Rajalakshmi Vedachalam,1,1,0,2025-10-14,2025-10-14,12,12,12.0,9,6,1,0,1,https://inspections.myhealthdepartment.com/frisco/permit/?permitID=F9E1C686-CEC5-4C75-A8D6-894C3CA709C7
10A25986-476F-4C00-89DE-E1DFA5C8E574,Velvet Taco,16930 DOE CREEK RD,Frisco,75033,16930 DOE CREEK RD | 75033,Food Establishment II,Food establishment,Mexican,"VELVET TACO HOLDINGS, LLC",3,3,0,2025-10-15,2026-07-16,4,4,2.33,4,4,1,0,0,https://inspections.myhealthdepartment.com/frisco/permit/?permitID=10A25986-476F-4C00-89DE-E1DFA5C8E574
81BAC098-9AAE-4D78-9396-560AD5EF1101,WABI HOUSE,3675 GAYLORD PKWY #1100,Frisco,75034,3675 GAYLORD PKWY 1100 | 75034,Food Establishment II,Food establishment,Asian,"Ramen King Stars, LP",2,2,0,2025-11-19,2026-05-01,12,12,8.0,12,8,2,0,0,https://inspections.myhealthdepartment.com/frisco/permit/?permitID=81BAC098-9AAE-4D78-9396-560AD5EF1101
5E1B8388-0E13-43C7-AAB9-25E9C6B1401A,WAKELAND HIGH SCHOOL,10700 LEGACY DR,Frisco,75033,10700 LEGACY DR | 75033,School and City,School or city facility,Institutional,FRISCO ISD,2,2,0,2025-10-28,2026-04-21,0,0,0.0,1,0,0,0,0,https://inspections.myhealthdepartment.com/frisco/permit/?permitID=5E1B8388-0E13-43C7-AAB9-25E9C6B1401A
C7754478-BD7B-4581-9446-08EE909643D8,WAKELAND HIGH SCHOOL FOOTBALL CONCESSION,10700 LEGACY DR,Frisco,75033,10700 LEGACY DR | 75033,School and City,School or city facility,Institutional,FISD,1,1,0,2026-04-21,2026-04-21,0,0,0.0,0,0,0,0,0,https://inspections.myhealthdepartment.com/frisco/permit/?permitID=C7754478-BD7B-4581-9446-08EE909643D8
1E3D79D0-2C20-43DC-AA7B-20A2A2097D13,WAKELAND HIGH SCHOOL INDOOR CONCESSION (GYMNASIUM),LEGACY DR,Frisco,75033,LEGACY DR | 75033,School and City,School or city facility,Institutional,FISD,1,1,0,2026-04-21,2026-04-21,0,0,0.0,0,0,0,0,0,https://inspections.myhealthdepartment.com/frisco/permit/?permitID=1E3D79D0-2C20-43DC-AA7B-20A2A2097D13
B5DBB870-81C5-4C90-A2FF-88DA2CE45FF4,WAKELAND HIGH SCHOOL TENNIS CONCESSION,LEGACY DR,Frisco,75033,LEGACY DR | 75033,School and City,School or city facility,Institutional,FISD,1,1,0,2026-04-21,2026-04-21,0,0,0.0,0,0,0,0,0,https://inspections.myhealthdepartment.com/frisco/permit/?permitID=B5DBB870-81C5-4C90-A2FF-88DA2CE45FF4
7DA4A14D-1681-491A-91F4-3607E8E828BF,WAL-MART #3777,12220 FM 423,Frisco,75033,12220 FM 423 | 75033,Grocery Store III,Grocery,Grocery,"WAL-MART STORES TEXAS, LLC",2,2,0,2025-11-17,2026-05-01,1,5,3.0,6,3,1,0,0,https://inspections.myhealthdepartment.com/frisco/permit/?permitID=7DA4A14D-1681-491A-91F4-3607E8E828BF
A90A6553-FB42-4497-8648-C56F38F7702D,WALGREEN'S,5775 FM 423,Frisco,75036,5775 FM 423 | 75036,Food Establishment I,Food establishment,Convenience,WALGREEN CO.,2,2,0,2025-08-26,2026-09-15,0,0,0.0,1,0,0,0,0,https://inspections.myhealthdepartment.com/frisco/permit/?permitID=A90A6553-FB42-4497-8648-C56F38F7702D
ADE13033-8359-4872-9610-7C2E104953D3,WALGREEN'S #04786,5049 PRESTON RD,Frisco,75034,5049 PRESTON RD | 75034,Food Establishment I,Food establishment,Convenience,WALGREEN CO,1,1,0,2025-10-06,2025-10-06,0,0,0.0,0,0,0,0,0,https://inspections.myhealthdepartment.com/frisco/permit/?permitID=ADE13033-8359-4872-9610-7C2E104953D3
5C635134-31CD-4836-A27C-9864C29C4569,WALGREEN'S #07645,3030 MAIN ST,Frisco,75033,3030 MAIN ST | 75033,Food Establishment I,Food establishment,Convenience,WALGREEN CO,1,1,0,2026-01-21,2026-01-21,2,2,2.0,1,1,0,0,0,https://inspections.myhealthdepartment.com/frisco/permit/?permitID=5C635134-31CD-4836-A27C-9864C29C4569
89342AAF-00ED-4BD3-97BF-AEB754196412,WALGREEN'S #12292,7255 COIT RD,Frisco,75035,7255 COIT RD | 75035,Food Establishment I,Food establishment,Convenience,WALGREEN CO,1,1,0,2025-12-04,2025-12-04,0,0,0.0,0,0,0,0,0,https://inspections.myhealthdepartment.com/frisco/permit/?permitID=89342AAF-00ED-4BD3-97BF-AEB754196412
222CB459-8818-4BEF-A767-B74C6124F508,WALMART,16016 STATE HIGHWAY 121,Frisco,75035,16016 STATE HIGHWAY 121 | 75035,Grocery Store III,Grocery,Grocery,"WALMART STORES TEXAS, LLC",2,2,0,2026-01-30,2026-08-27,1,1,0.5,4,1,0,0,0,https://inspections.myhealthdepartment.com/frisco/permit/?permitID=222CB459-8818-4BEF-A767-B74C6124F508
BCD8EB97-7B3D-4012-A8E2-C0C0D6A5A7FD,WALMART # 2463 FUEL STATION,335 STONEBROOK PKWY,Frisco,75036,335 STONEBROOK PKWY | 75036,Food Establishment II,Food establishment,Convenience,"WALMART STORES TEXAS, LLC",2,2,0,2025-09-15,2026-05-13,3,3,1.5,2,1,1,0,0,https://inspections.myhealthdepartment.com/frisco/permit/?permitID=BCD8EB97-7B3D-4012-A8E2-C0C0D6A5A7FD
9B44537C-5676-4AE8-9901-B29B393BBB3D,WALMART #2463,355 STONEBROOK PKWY,Frisco,75036,355 STONEBROOK PKWY | 75036,Grocery Store II,Grocery,Grocery,"WAL-MART STORES TEXAS, LLC",3,3,0,2025-09-15,2026-07-20,14,14,7.33,21,18,2,2,0,https://inspections.myhealthdepartment.com/frisco/permit/?permitID=9B44537C-5676-4AE8-9901-B29B393BBB3D
74B665D4-A397-4306-A27D-37FBE22E590A,WALMART #263,16600 Fm 423,Frisco,75033,16600 FM 423 | 75033,Grocery Store III,Grocery,Grocery,"WAL-MART STORES TEXAS, LLC",3,3,0,2025-10-24,2026-09-10,3,3,1.0,2,2,0,0,0,https://inspections.myhealthdepartment.com/frisco/permit/?permitID=74B665D4-A397-4306-A27D-37FBE22E590A
9FFB51E6-B6D0-4CF2-8E13-8255CFC896B9,WALMART FUEL CENTER,16016 STATE HIGHWAY 121,Frisco,75035,16016 STATE HIGHWAY 121 | 75035,Food Establishment I,Food establishment,Convenience,WALMART STORE #202,1,1,0,2026-08-27,2026-08-27,0,0,0.0,1,0,0,0,0,https://inspections.myhealthdepartment.com/frisco/permit/?permitID=9FFB51E6-B6D0-4CF2-8E13-8255CFC896B9
DF55FD1A-7540-465F-BBC6-C8D9E7C81AF7,WALMART SUPERCENTER #5866,8555 PRESTON RD,Frisco,75034,8555 PRESTON RD | 75034,Grocery Store III,Grocery,Grocery,"WALMART STORES TEXAS, LLC",3,3,0,2025-07-16,2026-06-15,2,2,0.67,1,1,0,0,0,https://inspections.myhealthdepartment.com/frisco/permit/?permitID=DF55FD1A-7540-465F-BBC6-C8D9E7C81AF7
1DE5CDFC-4A44-4469-BEEB-52868ECE63FB,WATERMERE AT FRISCO,4220 COTTON GIN RD,Frisco,,4220 COTTON GIN RD | ,Food Establishment III,Food establishment,Institutional,INTEGRATED REAL ESTATE GROUP,3,3,0,2025-10-06,2026-05-18,0,2,0.67,6,1,0,0,0,https://inspections.myhealthdepartment.com/frisco/permit/?permitID=1DE5CDFC-4A44-4469-BEEB-52868ECE63FB
DA808F2C-D8F1-4F8F-8A70-8E63AB6F0802,WATHA RAMEN,8745 GARY BURNS DR,Frisco,75034,8745 GARY BURNS DR | 75034,Food Establishment II,Food establishment,Asian,WATHA RAMEN,3,3,0,2025-07-23,2026-06-15,8,8,8.0,18,13,4,1,0,https://inspections.myhealthdepartment.com/frisco/permit/?permitID=DA808F2C-D8F1-4F8F-8A70-8E63AB6F0802
948BADA2-969A-43B0-85C1-3F6F98296E0E,WAYBACK BURGERS ,8049 PRESTON RD 800,Frisco,75034,8049 PRESTON RD 800 | 75034,Food Establishment II,Food establishment,American,A&A Enterprise INT. LLC,2,2,0,2025-12-18,2026-06-12,8,9,8.5,10,9,3,1,0,https://inspections.myhealthdepartment.com/frisco/permit/?permitID=948BADA2-969A-43B0-85C1-3F6F98296E0E
D5E7C09E-F394-4A84-BA20-11CECD2B3C9E,WB'S KITCHEN,279 MAIN ST 130,Frisco,75036,279 MAIN ST 130 | 75036,Food Establishment II,Food establishment,American,WB'S TABLE LLC,2,2,0,2025-11-19,2026-07-16,10,10,5.0,8,6,2,0,0,https://inspections.myhealthdepartment.com/frisco/permit/?permitID=D5E7C09E-F394-4A84-BA20-11CECD2B3C9E
5F647B2E-F6FD-4EEC-9291-9B569B6A9EA2,WENDY'S,5622 FM 423,Frisco,,5622 FM 423 | ,Food Establishment II,Food establishment,Fast Food,WKS FROSTY CORPORATION,2,2,0,2025-12-09,2026-06-29,0,0,0.0,0,0,0,0,0,https://inspections.myhealthdepartment.com/frisco/permit/?permitID=5F647B2E-F6FD-4EEC-9291-9B569B6A9EA2
9460F385-BE17-4EAD-99EF-DC09563A2424,WENDY'S #10651,12150 FM 423,Frisco,75033,12150 FM 423 | 75033,Food Establishment II,Food establishment,Fast Food,WKS FROSTY CORPORATION,2,2,0,2025-10-01,2026-05-15,0,3,1.5,3,2,0,0,0,https://inspections.myhealthdepartment.com/frisco/permit/?permitID=9460F385-BE17-4EAD-99EF-DC09563A2424
96CA6810-7C1C-45C8-9486-68C497576135,WENDY'S #11223,5555 ELDORADO PKWY,Frisco,,5555 ELDORADO PKWY | ,Food Establishment II,Food establishment,Fast Food,WKS FROSTY CORPORATION,1,1,0,2025-10-08,2025-10-08,0,0,0.0,0,0,0,0,0,https://inspections.myhealthdepartment.com/frisco/permit/?permitID=96CA6810-7C1C-45C8-9486-68C497576135
3C6A7CBF-6252-4280-B05D-371C70FE5BB4,WENDY'S #7756,7201 PRESTON RD,Frisco,75035,7201 PRESTON RD | 75035,Food Establishment II,Food establishment,Fast Food,WKS FROSTY CORPORATION,2,2,0,2025-09-05,2026-03-17,2,2,1.0,5,1,0,0,0,https://inspections.myhealthdepartment.com/frisco/permit/?permitID=3C6A7CBF-6252-4280-B05D-371C70FE5BB4
F8151E99-C1C5-4C82-B114-A79E5C7273F7,WENDY'S #93320,3208 PRESTON RD,Frisco,75034,3208 PRESTON RD | 75034,Food Establishment II,Food establishment,Fast Food,WKS FROSTY CORPORATION,3,3,0,2025-07-07,2026-09-08,4,4,1.33,5,4,0,0,0,https://inspections.myhealthdepartment.com/frisco/permit/?permitID=F8151E99-C1C5-4C82-B114-A79E5C7273F7
49162094-4A19-4666-A660-ACB4B95B04E8,WESTER MIDDLE SCHOOL,12293 SHEPHERDS HILL LN,Frisco,75035,12293 SHEPHERDS HILL LN | 75035,School and City,School or city facility,Institutional,FRISCO ISD,2,2,0,2025-08-28,2026-04-16,0,0,0.0,0,0,0,0,0,https://inspections.myhealthdepartment.com/frisco/permit/?permitID=49162094-4A19-4666-A660-ACB4B95B04E8
7CB2A9F9-118D-400F-81E2-26E38B36F5A8,WESTER MIDDLE SCHOOL CONCESSION STAND,12293 SHEPHERDS HILL LN,Frisco,75035,12293 SHEPHERDS HILL LN | 75035,School and City,School or city facility,Institutional,FISD,2,2,0,2025-08-28,2026-04-16,0,1,0.5,1,1,0,0,0,https://inspections.myhealthdepartment.com/frisco/permit/?permitID=7CB2A9F9-118D-400F-81E2-26E38B36F5A8
DFD81242-6C2E-47A2-A5C1-1CBFA484B495,WHATABURGER,8000 FM 423,Frisco,75034,8000 FM 423 | 75034,Food Establishment II,Food establishment,Fast Food,WHATABURGER RESTURANTS LLC,2,2,0,2025-07-15,2026-02-09,3,3,1.5,2,1,1,0,0,https://inspections.myhealthdepartment.com/frisco/permit/?permitID=DFD81242-6C2E-47A2-A5C1-1CBFA484B495
B0E5DED6-09BF-420E-99CE-3949C6A4FBB9,WHATABURGER,705 UNIVERSITY DR,Frisco,75033,705 UNIVERSITY DR | 75033,Food Establishment II,Food establishment,Fast Food,Whataburger Restaurants LLC,3,3,0,2025-08-14,2026-05-22,0,0,0.0,0,0,0,0,0,https://inspections.myhealthdepartment.com/frisco/permit/?permitID=B0E5DED6-09BF-420E-99CE-3949C6A4FBB9
ABDA438F-C2CC-47C5-B46B-4AA0ED19CAC0,WHATABURGER,11650 DALLAS PKWY,Frisco,75033,11650 DALLAS PKWY | 75033,Food Establishment II,Food establishment,Fast Food,"WHATABURGER RESTAURANTS, LLC",2,2,0,2025-09-29,2026-04-09,4,4,2.0,3,3,0,0,0,https://inspections.myhealthdepartment.com/frisco/permit/?permitID=ABDA438F-C2CC-47C5-B46B-4AA0ED19CAC0
E85A7125-CD79-45B6-BAA7-6736757E627A,WHATABURGER #1498,12465 ELDORADO PKWY,Frisco,75035,12465 ELDORADO PKWY | 75035,Food Establishment II,Food establishment,Fast Food,WHATBURGER RESTAURANTS LLC,2,2,0,2025-12-10,2026-07-06,0,0,0.0,0,0,0,0,0,https://inspections.myhealthdepartment.com/frisco/permit/?permitID=E85A7125-CD79-45B6-BAA7-6736757E627A
8910E6B8-83E1-4141-9154-02A61EF9779D,WHATABURGER #977,5266 PRESTON RD,Frisco,75034,5266 PRESTON RD | 75034,Food Establishment II,Food establishment,Fast Food,"WHATABURGER RESTAURANTS, LLC",2,2,0,2025-12-29,2026-07-20,0,1,0.5,1,1,0,0,0,https://inspections.myhealthdepartment.com/frisco/permit/?permitID=8910E6B8-83E1-4141-9154-02A61EF9779D
57DD7B37-A064-427E-9F7B-BBAF13BF745D,WHICH WICH SUPERIOR SANDWICHES,2601 PRESTON RD 2028,Frisco,75034,2601 PRESTON RD 2028 | 75034,Food Establishment II,Food establishment,Sandwiches,MNS TEXAS LLC,4,4,0,2025-07-16,2026-08-18,5,5,1.75,5,5,0,1,0,https://inspections.myhealthdepartment.com/frisco/permit/?permitID=57DD7B37-A064-427E-9F7B-BBAF13BF745D
7E238DA6-63E9-46CB-9A0F-A9888964261B,WHICH WICH SUPERIOR SANDWICHES ,5105 ELDORADO PKWY 175,Frisco,75033,5105 ELDORADO PKWY 175 | 75033,Food Establishment II,Food establishment,Sandwiches,KOSK Foods LLC,2,2,0,2026-02-02,2026-07-02,0,0,0.0,1,0,0,0,0,https://inspections.myhealthdepartment.com/frisco/permit/?permitID=7E238DA6-63E9-46CB-9A0F-A9888964261B
C0EB9FDD-3434-4E93-A83A-C399AADECD20,WILD FORK FOODS,4770 ELDORADO PKWY 100,Frisco,75033,4770 ELDORADO PKWY 100 | 75033,Food Establishment I,Food establishment,Convenience,FOOD VENTURES NORTH AMERICA DBA,1,1,0,2026-01-09,2026-01-09,0,0,0.0,1,0,0,0,0,https://inspections.myhealthdepartment.com/frisco/permit/?permitID=C0EB9FDD-3434-4E93-A83A-C399AADECD20
99CC2BA9-CF67-473A-9DB3-08645CC4511B,WILD PITCH SPORTS BAR & GRILL,2390 PARKWOOD BLVD,Frisco,75034,2390 PARKWOOD BLVD | 75034,Food Establishment II,Food establishment,American,"R & D ENTERPRISES, LLC",2,2,0,2025-07-10,2026-02-10,0,5,2.5,5,2,1,0,0,https://inspections.myhealthdepartment.com/frisco/permit/?permitID=99CC2BA9-CF67-473A-9DB3-08645CC4511B
A37BCB3F-80E6-4EC0-BE5F-3BA0C5C8E3F8,WILKINSON CAFE,1892 PGA PKWY,Frisco,75033,1892 PGA PKWY | 75033,School and City,School or city facility,Institutional,FISD,2,2,0,2025-11-13,2026-05-18,0,0,0.0,1,0,0,0,0,https://inspections.myhealthdepartment.com/frisco/permit/?permitID=A37BCB3F-80E6-4EC0-BE5F-3BA0C5C8E3F8
28195692-19F4-4436-8FE7-4742C3C0F5E6,WINGS OVER FRISCO,13030 PRESTON RD 700,Frisco,75035,13030 PRESTON RD 700 | 75035,Food Establishment II,Food establishment,American,Thai Tran,3,3,0,2025-08-14,2026-05-08,11,11,8.0,13,13,3,0,0,https://inspections.myhealthdepartment.com/frisco/permit/?permitID=28195692-19F4-4436-8FE7-4742C3C0F5E6
B09BD1CD-A081-488E-8D48-B3D53C8B63AC,WINGSTOP,2330 PRESTON RD,Frisco,75034,2330 PRESTON RD | 75034,Food Establishment II,Food establishment,American,WINGSTOP RESTAURANTS INC.,2,2,0,2025-09-03,2026-03-03,4,4,4.0,6,6,0,2,0,https://inspections.myhealthdepartment.com/frisco/permit/?permitID=B09BD1CD-A081-488E-8D48-B3D53C8B63AC
741DEB81-2E27-4950-B3B7-69802AA2E1B6,WINGSTOP ,11025 Preston Rd,Frisco,75033,11025 PRESTON RD | 75033,Food Establishment II,Food establishment,American,ARS BRANDS,1,1,0,2026-05-05,2026-05-05,5,5,5.0,4,2,1,0,0,https://inspections.myhealthdepartment.com/frisco/permit/?permitID=741DEB81-2E27-4950-B3B7-69802AA2E1B6
9F52525C-9B97-4A1C-B88A-C31DC03E759B,WINGSTOP #969,8811 TEEL PKWY 140,Frisco,,8811 TEEL PKWY 140 | ,Food Establishment II,Food establishment,American,WINGSTOP RESTAURANTS INC.,2,2,0,2025-10-27,2026-04-23,1,1,0.5,4,1,0,0,0,https://inspections.myhealthdepartment.com/frisco/permit/?permitID=9F52525C-9B97-4A1C-B88A-C31DC03E759B
6FC1A481-EAD3-4BB5-B01B-DECF0CD44C8D,WINTERS PARK ACADEMY,4915 COIT RD,Frisco,75035,4915 COIT RD | 75035,DAYC,Child care,Institutional,BRANDI JOHNSON,2,2,0,2025-11-18,2026-04-06,0,0,0.0,0,0,0,0,0,https://inspections.myhealthdepartment.com/frisco/permit/?permitID=6FC1A481-EAD3-4BB5-B01B-DECF0CD44C8D
71F874EA-D771-4BB9-AA3A-40A9F673748F,WONDER CAFE (TEAM MEMBER GRILL),5 Universal Pkwy LAND 5,Frisco,75033,5 UNIVERSAL PKWY LAND 5 | 75033,Food Establishment II,Food establishment,,"NBC UNIVERSAL, LLC",1,1,0,2026-07-15,2026-07-15,0,0,0.0,0,0,0,0,0,https://inspections.myhealthdepartment.com/frisco/permit/?permitID=71F874EA-D771-4BB9-AA3A-40A9F673748F
4B30E1F6-C82C-4D1C-B05B-24E138C20D0E,WONDERKIDS EAT PLAY PARTY ,13259 Main St,Frisco,75035,13259 MAIN ST | 75035,Food Establishment III,Food establishment,Intl Misc.,Wonder World Holdings LLC,2,2,0,2026-02-18,2026-07-08,6,6,6.0,10,7,2,2,0,https://inspections.myhealthdepartment.com/frisco/permit/?permitID=4B30E1F6-C82C-4D1C-B05B-24E138C20D0E
9D81EF72-931F-43E9-8931-BBD71D943C18,WOOPS MACARONS & GIFTS ,2601 PRESTON RD 5508,Frisco,75034,2601 PRESTON RD 5508 | 75034,Food Establishment I,Food establishment,Bakery,COWBOY MACARONS CORPORATION,1,1,0,2026-01-13,2026-01-13,0,0,0.0,1,0,0,0,0,https://inspections.myhealthdepartment.com/frisco/permit/?permitID=9D81EF72-931F-43E9-8931-BBD71D943C18
AEA472D3-7485-47AF-9EA6-886F794DDF84,WULF BURGER,9250 Dallas Pkwy 134,Frisco,75033,9250 DALLAS PKWY 134 | 75033,Food Establishment II,Food establishment,American,"WB100, LLC",3,3,0,2025-08-27,2026-05-11,10,10,3.33,4,4,2,0,0,https://inspections.myhealthdepartment.com/frisco/permit/?permitID=AEA472D3-7485-47AF-9EA6-886F794DDF84
A8C79C1E-53E8-4537-A158-957B26936EC8,Wetzel's Pretzels,2601 PRESTON RD 5516,Frisco,75034,2601 PRESTON RD 5516 | 75034,Food Establishment II,Food establishment,Bakery,Sheila Nemer-Simon,2,2,0,2025-07-16,2026-02-03,3,3,2.5,6,4,0,0,0,https://inspections.myhealthdepartment.com/frisco/permit/?permitID=A8C79C1E-53E8-4537-A158-957B26936EC8
F0BE8641-32A5-47B4-AACE-AC01174DEA6A,White Rhino Coffee,8075 FM 423 100,Frisco,75036,8075 FM 423 100 | 75036,Food Establishment II,Food establishment,Coffee House & Cafe,White Rhino Coffee LLC,3,3,0,2025-06-26,2026-06-30,3,3,1.0,3,1,1,0,0,https://inspections.myhealthdepartment.com/frisco/permit/?permitID=F0BE8641-32A5-47B4-AACE-AC01174DEA6A
316F7EF9-50D5-464A-A76A-C66FE555041D,Wilkinson Middle School Concession,1892 PGA PKWY,Frisco,75033,1892 PGA PKWY | 75033,School and City,School or city facility,Institutional,FRISCO ISD,1,1,0,2025-11-13,2025-11-13,0,0,0.0,0,0,0,0,0,https://inspections.myhealthdepartment.com/frisco/permit/?permitID=316F7EF9-50D5-464A-A76A-C66FE555041D
4B302164-606B-4634-AF4A-B344B855266E,X-Golf Frisco,5977 PRESTON RD Suite 500,Frisco,75034,5977 PRESTON RD 500 | 75034,Food Establishment II,Food establishment,American,Paul Copioli,3,3,0,2025-08-25,2026-04-15,0,3,1.0,1,1,1,0,0,https://inspections.myhealthdepartment.com/frisco/permit/?permitID=4B302164-606B-4634-AF4A-B344B855266E
4553EECB-57B3-4E20-8DAC-D02D74C86AE7,XO RAIZ LLC ,7511 MAIN ST 190,Frisco,75034,7511 MAIN ST 190 | 75034,Food Establishment II,Food establishment,Mexican,Eduardo Chaparro,1,1,0,2026-02-11,2026-02-11,0,0,0.0,0,0,0,0,0,https://inspections.myhealthdepartment.com/frisco/permit/?permitID=4553EECB-57B3-4E20-8DAC-D02D74C86AE7
788873DD-4466-4AA5-96B1-F2A36B062DEE,YOUNG CHEFS ACADEMY OF FRISCO ,8855 PRESTON TRACE BLVD 100,Frisco,75033,8855 PRESTON TRACE BLVD 100 | 75033,Food Establishment II,Food establishment,Institutional,UMA MAHESWARI PARTHASARATHY,1,1,0,2026-06-01,2026-06-01,0,0,0.0,2,0,0,0,0,https://inspections.myhealthdepartment.com/frisco/permit/?permitID=788873DD-4466-4AA5-96B1-F2A36B062DEE
E96A36B8-F7ED-4AC4-82A2-6731EA151911,YUJO,16100 STATE HIGHWAY 121 200,Frisco,75035,16100 STATE HIGHWAY 121 200 | 75035,Food Establishment III,Food establishment,Japanese,Hoang Bui,2,2,0,2025-09-05,2026-01-16,11,12,11.5,15,13,4,2,0,https://inspections.myhealthdepartment.com/frisco/permit/?permitID=E96A36B8-F7ED-4AC4-82A2-6731EA151911
B06D352F-CE49-4DA6-8FF6-EAC6E0686CB3,YUM ASIAN BISTRO,5444 FM 423 200,Frisco,75036,5444 FM 423 200 | 75036,Food Establishment II,Food establishment,Chinese,feiwen weng,3,3,0,2025-07-22,2026-03-16,12,25,16.0,29,28,9,4,1,https://inspections.myhealthdepartment.com/frisco/permit/?permitID=B06D352F-CE49-4DA6-8FF6-EAC6E0686CB3
A7F11F02-130A-4F50-8493-37FC3AB4978B,YUMMI SUSHI (KROGER),4851 LEGACY DR SUSHI BAR,Frisco,75034,4851 LEGACY DR SUSHI BAR | 75034,Food Establishment III,Food establishment,Asian,"GBC FOOD SERVICES, LLC",5,5,0,2025-07-03,2026-08-24,3,3,0.6,4,2,1,0,0,https://inspections.myhealthdepartment.com/frisco/permit/?permitID=A7F11F02-130A-4F50-8493-37FC3AB4978B
A6A5E3ED-D668-4DF5-8D99-E83164463195,YUMMI SUSHI (KROGER),3205 MAIN ST,Frisco,75034-4403,3205 MAIN ST | 75034,Food Establishment III,Food establishment,Asian,"GBC FOOD SERVICES, LLC",2,2,0,2025-11-10,2026-03-10,0,0,0.0,0,0,0,0,0,https://inspections.myhealthdepartment.com/frisco/permit/?permitID=A6A5E3ED-D668-4DF5-8D99-E83164463195
9834F05D-D82D-4221-862D-E2B61D9E8534,YummyTecture Dessert LLC,8049 PRESTON RD 600,Frisco,75034,8049 PRESTON RD 600 | 75034,Food Establishment II,Food establishment,Bakery,Titilayo Adelayo,2,2,0,2025-08-22,2026-06-06,1,1,1.0,2,2,0,0,0,https://inspections.myhealthdepartment.com/frisco/permit/?permitID=9834F05D-D82D-4221-862D-E2B61D9E8534
3DE5E170-7A20-4390-AF9F-3314EE47AC84,ZALAT PIZZA,4275 LEGACY DR 400,Frisco,75034,4275 LEGACY DR 400 | 75034,Food Establishment II,Food establishment,Pizza,ZALAT PIZZA,3,3,0,2025-09-19,2026-07-31,9,9,4.33,9,8,1,0,0,https://inspections.myhealthdepartment.com/frisco/permit/?permitID=3DE5E170-7A20-4390-AF9F-3314EE47AC84
2400E53C-603C-4BB0-BB14-4F67FA421298,ZHAO STAR CHINA BISTRO,6363 DALLAS PKWY 118,Frisco,75034,6363 DALLAS PKWY 118 | 75034,Food Establishment II,Food establishment,Asian,yus kitchen LLC,2,2,0,2026-01-14,2026-06-22,3,8,5.5,10,6,3,0,0,https://inspections.myhealthdepartment.com/frisco/permit/?permitID=2400E53C-603C-4BB0-BB14-4F67FA421298
