link_number,name,category,cuisine_detail,chain,grocery_type,confidence,basis,coder_a,coder_b,resolution,note
,,Institutional,community kitchen (Community Garden Kitchen pre-opening),independent,,medium,comment names Community Garden Kitchen,Unknown | unknown,Institutional | independent,adjudicated,permit number blank; same nonprofit as HEALTH2022-00015/HEALTH2024-00647 (coded Institutional by both)
FOOD2018-03-00030,,Fast Food,fried chicken (Grandy's),national_regional,,low,no name; address and dates match Grandy's permit; comment mentions buffet,Fast Food | national_regional,Fast Food | national_regional,agreed,
FOOD2023-10-00001,,Coffee/Cafe/Bakery/Dessert,boba tea,national_regional,,low,"no name, no comments; suite matches Ding Tea boba shop",Coffee/Cafe/Bakery/Dessert | independent,Coffee/Cafe/Bakery/Dessert | national_regional,adjudicated,"chain: A independent, B national_regional; address is a Ding Tea (international boba chain)"
FOOD2024-04-00026,,Coffee/Cafe/Bakery/Dessert,ice cream (Marble Slab),national_regional,,medium,no name; suite matches Marble Slab; comment mentions ice cream cakes,Coffee/Cafe/Bakery/Dessert | national_regional,Coffee/Cafe/Bakery/Dessert | national_regional,agreed,
HEALTH2016-000882,BEST WESTERN,Hotel/Caterer/Commissary,hotel,national_regional,,high,hotel name,Hotel/Caterer/Commissary | national_regional,Hotel/Caterer/Commissary | national_regional,agreed,
HEALTH2016-001559,FAMILY DOLLAR #5430,Convenience/Gas,dollar/discount store,national_regional,,high,known chain,Convenience/Gas | national_regional,Convenience/Gas | national_regional,agreed,
HEALTH2016-004958,DELISH BUBBLE TEA,Coffee/Cafe/Bakery/Dessert,boba tea,independent,,high,name,Coffee/Cafe/Bakery/Dessert | independent,Coffee/Cafe/Bakery/Dessert | independent,agreed,
HEALTH2016-004976,LA REAL MICHOACANA #3,Coffee/Cafe/Bakery/Dessert,"paleteria (ice cream, elotes)",local_multi,,low,"name (Michoacana paleteria); comments mention corn, mango",Coffee/Cafe/Bakery/Dessert | local_multi,Coffee/Cafe/Bakery/Dessert | unknown,adjudicated,"chain: A local_multi, B unknown; store ""#3"" of a small paleteria group"
HEALTH2016-006020,MOUNTAIN MAN JERKY,Other non-restaurant,jerky (farmers market vendor),independent,,medium,name; farmers market address,Other non-restaurant | independent,Other non-restaurant | independent,agreed,
HEALTH2016-006300,LINDSEY ELEMENTARY SCHOOL,Institutional,school cafeteria/concession,local_multi,,high,school name,Institutional | local_multi,Institutional | local_multi,agreed,
HEALTH2016-006352,MELLOW MUSHROOM,Pizza/Italian,pizza,national_regional,,high,known chain,Pizza/Italian | national_regional,Pizza/Italian | national_regional,agreed,
HEALTH2016-006461,EMPORIUM PIES,Coffee/Cafe/Bakery/Dessert,pie bakery,local_multi,,high,name; known Dallas-area bakery,Coffee/Cafe/Bakery/Dessert | local_multi,Coffee/Cafe/Bakery/Dessert | local_multi,agreed,
HEALTH2016-006463,BAHAMA BUCKS,Coffee/Cafe/Bakery/Dessert,shaved ice,national_regional,,high,known chain,Coffee/Cafe/Bakery/Dessert | national_regional,Coffee/Cafe/Bakery/Dessert | national_regional,agreed,
HEALTH2016-006503,BAYOU JACKS,"American (sit-down, bars, venues)",Cajun/seafood,independent,,medium,name; comments mention catfish,"American (sit-down, bars, venues) | independent","American (sit-down, bars, venues) | independent",agreed,
HEALTH2016-006509,KING DONUT,Coffee/Cafe/Bakery/Dessert,donuts,independent,,high,name,Coffee/Cafe/Bakery/Dessert | independent,Coffee/Cafe/Bakery/Dessert | independent,agreed,
HEALTH2016-007103,THE VILLAGE AT STONEBRIDGE,Institutional,senior living / nursing,unknown,,high,senior living name,Institutional | independent,Institutional | unknown,adjudicated,"chain: A independent, B unknown; unrecognized senior-living/nursing name (often owned by multi-site operators under local names); same address later ANTHOLOGY OF STONEBRIDGE RANCH (2018-24) and VILLAGE ON THE PARK (2024-); different operators"
HEALTH2016-007126,PANDA EXPRESS #2396,Chinese,American Chinese,national_regional,,high,known chain,Chinese | national_regional,Chinese | national_regional,agreed,
HEALTH2016-007161,MESA'S MEXICAN GRILL,Mexican/Tex-Mex/Latin,Mexican,independent,,high,name,Mexican/Tex-Mex/Latin | independent,Mexican/Tex-Mex/Latin | independent,agreed,
HEALTH2016-007162,THE RED LANTERN,Chinese,Chinese,independent,,medium,name (Red Lantern),Chinese | independent,Chinese | independent,agreed,
HEALTH2016-007179,7-11 #37099A,Convenience/Gas,convenience store / gas station,national_regional,,high,name / known chain,Convenience/Gas | national_regional,Convenience/Gas | national_regional,agreed,
HEALTH2016-007888,THE OLIVE GARDEN ITALIAN RESTAURANT,Pizza/Italian,Italian,national_regional,,high,known chain,Pizza/Italian | national_regional,Pizza/Italian | national_regional,agreed,
HEALTH2016-007891,RYE,"American (sit-down, bars, venues)","New American, farm-to-table",independent,,medium,name; known downtown restaurant,"American (sit-down, bars, venues) | independent","American (sit-down, bars, venues) | independent",agreed,
HEALTH2016-007957,GOLDEN POT,Chinese,Chinese,independent,,medium,"comments mention egg rolls, shrimp, rice, sauce",Chinese | independent,Chinese | independent,agreed,
HEALTH2016-007960,TOKYO JOE'S,Japanese,Japanese rice bowls,national_regional,,medium,known chain,Japanese | national_regional,Japanese | national_regional,agreed,
HEALTH2016-007975,POPPIN POPARAZZIS KETTLE CORN,Venue/Concession,kettle corn,independent,,high,name; Trade Days vendor,Venue/Concession | independent,Venue/Concession | independent,agreed,
HEALTH2016-008555,J & M ASSOCIATES CONCESSION STAND,Venue/Concession,sports field concession,independent,,medium,name; soccer fields address,Venue/Concession | independent,Venue/Concession | independent,agreed,
HEALTH2016-008587,ANDERSON FARMS,Other non-restaurant,farm products vendor with samples (Trade Days),independent,,medium,name (farm); samples,Grocery/Market | independent | independent_specialty,Other non-restaurant | independent,adjudicated,"farm/produce vendors at markets coded Other non-restaurant, as agreed farmers-market product vendors"
HEALTH2016-008608,STARWOOD CAFE,"American (sit-down, bars, venues)",breakfast/lunch cafe,local_multi,,medium,name; known local cafe,"American (sit-down, bars, venues) | local_multi","American (sit-down, bars, venues) | local_multi",agreed,
HEALTH2016-008624,SU AMAZING FOODS,Venue/Concession,"event concession (chili, pulled pork)",independent,,low,Trade Days vendor; chili and pulled pork only,Venue/Concession | independent,"American (sit-down, bars, venues) | independent",adjudicated,generic fair fare; name gives no cuisine
HEALTH2016-008638,CHICKEN EXPRESS,Fast Food,fried chicken,national_regional,,high,known chain,Fast Food | national_regional,Fast Food | national_regional,agreed,
HEALTH2016-008702,POPSICLES,Coffee/Cafe/Bakery/Dessert,popsicles,independent,,medium,name; Trade Days vendor,Coffee/Cafe/Bakery/Dessert | independent,Coffee/Cafe/Bakery/Dessert | independent,agreed,
HEALTH2016-008710,GOOD BLENDZ,Coffee/Cafe/Bakery/Dessert,smoothies (gym smoothie bar),independent,,high,name; comments say inside LA Fitness,Coffee/Cafe/Bakery/Dessert | independent,Coffee/Cafe/Bakery/Dessert | independent,agreed,
HEALTH2016-008726,TACO CRUSH,Mexican/Tex-Mex/Latin,tacos,independent,,high,name,Mexican/Tex-Mex/Latin | independent,Mexican/Tex-Mex/Latin | independent,agreed,
HEALTH2016-008752,NOTHING BUNDT CAKES,Coffee/Cafe/Bakery/Dessert,bundt cakes,national_regional,,high,known chain,Coffee/Cafe/Bakery/Dessert | national_regional,Coffee/Cafe/Bakery/Dessert | national_regional,agreed,
HEALTH2016-008771,LIFE FELLOWSHIP,Institutional,church,independent,,medium,church name,Institutional | independent,Institutional | independent,agreed,
HEALTH2017-000005,REDBUD HOUSE,Institutional,residential care kitchen,unknown,,low,"Ecolab-serviced kitchen; milk, pasta salad; name suggests residence",Institutional | unknown,Institutional | unknown,agreed,
HEALTH2017-000008,JALAPENO'S MEXICAN GRILL,Mexican/Tex-Mex/Latin,Mexican,independent,,high,name,Mexican/Tex-Mex/Latin | independent,Mexican/Tex-Mex/Latin | independent,agreed,
HEALTH2017-000012,NORTH PARK HEALTH/REHAB,Institutional,senior living / nursing,unknown,,high,senior living name,Institutional | independent,Institutional | unknown,adjudicated,"chain: A independent, B unknown; unrecognized senior-living/nursing name (often owned by multi-site operators under local names)"
HEALTH2017-000013,SONIC DRIVE-IN #3834,Fast Food,burgers/drive-in,national_regional,,high,known chain,Fast Food | national_regional,Fast Food | national_regional,agreed,
HEALTH2017-000014,AMERICAN LEGION,"American (sit-down, bars, venues)",veterans club bar,independent,,medium,name (American Legion post),"American (sit-down, bars, venues) | independent","American (sit-down, bars, venues) | independent",agreed,
HEALTH2017-000020,CHINA SUN,Chinese,Chinese,independent,,high,name,Chinese | independent,Chinese | independent,agreed,
HEALTH2017-000022,HANDY MART,Convenience/Gas,convenience store / gas station,independent,,medium,name / known chain,Convenience/Gas | independent,Convenience/Gas | unknown,adjudicated,"chain: A independent, B unknown; unrecognized single-store convenience name"
HEALTH2017-000025,WALGREENS #4663,Convenience/Gas,pharmacy,national_regional,,high,known chain,Convenience/Gas | national_regional,Convenience/Gas | national_regional,agreed,
HEALTH2017-000042,BILL SMITH'S,"American (sit-down, bars, venues)","diner, Southern breakfast",independent,,high,"name; known local diner; comments mention bacon, gravy","American (sit-down, bars, venues) | independent","American (sit-down, bars, venues) | independent",agreed,
HEALTH2017-000043,SAN MIGUEL GRILL,Mexican/Tex-Mex/Latin,Mexican,independent,,medium,"name; comments mention beans, beef",Mexican/Tex-Mex/Latin | independent,Mexican/Tex-Mex/Latin | independent,agreed,
HEALTH2017-000044,JIM'S PIZZA,Pizza/Italian,pizza,local_multi,,low,known chain,Pizza/Italian | national_regional,Pizza/Italian | unknown,adjudicated,"chain: A national_regional, B unknown; two McKinney addresses in the data; not Mr. Jim's"
HEALTH2017-000048,NORTH BROOK PLACE,Institutional,senior living / nursing,unknown,,high,senior living name,Institutional | independent,Institutional | unknown,adjudicated,"chain: A independent, B unknown; unrecognized senior-living/nursing name (often owned by multi-site operators under local names)"
HEALTH2017-000050,BAKER'S DRIVE-IN,"American (sit-down, bars, venues)",burger drive-in,independent,,high,name (drive-in),"American (sit-down, bars, venues) | independent","American (sit-down, bars, venues) | independent",agreed,
HEALTH2017-000054,SUPER 1 STOP,Convenience/Gas,convenience store / gas station,independent,,medium,name / known chain,Convenience/Gas | independent,Convenience/Gas | unknown,adjudicated,"chain: A independent, B unknown; unrecognized single-store convenience name"
HEALTH2017-000061,RUEBEN JOHNSON ELEMENTARY CAFETERIA,Institutional,school cafeteria/concession (McKinney ISD),local_multi,,high,MISD school,Institutional | local_multi,Institutional | local_multi,agreed,
HEALTH2017-000074,SONIC DRIVE-IN,Fast Food,burgers/drive-in,national_regional,,high,known chain,Fast Food | national_regional,Fast Food | national_regional,agreed,
HEALTH2017-000081,MEALS ON WHEELS COLLIN COUNTY,Institutional,nonprofit social services,independent,,high,name,Institutional | independent,Institutional | independent,agreed,
HEALTH2017-000085,IHOP,"American (sit-down, bars, venues)",breakfast diner,national_regional,,high,known chain,"American (sit-down, bars, venues) | national_regional","American (sit-down, bars, venues) | national_regional",agreed,
HEALTH2017-000099,MOVIES 14 CINEMARK,Venue/Concession,movie theater,national_regional,,high,known chain,Venue/Concession | national_regional,Venue/Concession | national_regional,agreed,
HEALTH2017-000122,BURKS ELEMENTARY CAFETERIA,Institutional,school cafeteria/concession (McKinney ISD),local_multi,,high,MISD school,Institutional | local_multi,Institutional | local_multi,agreed,
HEALTH2017-000131,STONEBRIDGE COUNTRY CLUB,"American (sit-down, bars, venues)",country club,independent,,high,name,"American (sit-down, bars, venues) | independent","American (sit-down, bars, venues) | independent",agreed,
HEALTH2017-000132,STONEBRIDGE CC POOL SNACK BAR,Venue/Concession,country club pool snack bar,independent,,high,name,Venue/Concession | independent,Venue/Concession | independent,agreed,
HEALTH2017-000145,MEDICAL CITY MCKINNEY,Institutional,hospital,national_regional,,high,hospital name,Institutional | national_regional,Institutional | national_regional,agreed,
HEALTH2017-000170,VFW LONE STAR POST 2150,"American (sit-down, bars, venues)",veterans club bar,independent,,medium,name (VFW post),"American (sit-down, bars, venues) | independent","American (sit-down, bars, venues) | independent",agreed,
HEALTH2017-000184,SLAUGHTER ELEMENTARY CAFETERIA,Institutional,school cafeteria/concession (McKinney ISD),local_multi,,high,MISD school,Institutional | local_multi,Institutional | local_multi,agreed,
HEALTH2017-000192,SICILY'S PASTA & PIZZA,Pizza/Italian,pizza and pasta,independent,,high,name,Pizza/Italian | independent,Pizza/Italian | independent,agreed,
HEALTH2017-000198,STARBUCKS COFFEE #6258,Coffee/Cafe/Bakery/Dessert,coffee,national_regional,,high,known chain,Coffee/Cafe/Bakery/Dessert | national_regional,Coffee/Cafe/Bakery/Dessert | national_regional,agreed,
HEALTH2017-000205,MIKE'S HEALTH COLLECTION,Other non-restaurant,health products store,independent,,low,name; only refrigerator noted,Other non-restaurant | independent,Other non-restaurant | independent,agreed,
HEALTH2017-000210,RICE LOVERS,Asian (unspecified),"rice bowls/stir-fry (Asian, cuisine not specified)",independent,,low,"name; notes rice, brown rice, marinated chicken, sprouts",Chinese | independent,Asian (unspecified) | independent,adjudicated,Chinese also plausible; no single cuisine evident
HEALTH2017-000211,RAYTHEON MCKINNEY CAFETERIA,Institutional,corporate cafeteria/break room,national_regional,,medium,employer name,Institutional | unknown,Institutional | national_regional,adjudicated,"chain: A unknown, B national_regional; Raytheon (agreed convention for its satellite cafeteria)"
HEALTH2017-000212,MEDICAL CENTER OF MCKINNEY WYSONG,Institutional,hospital,national_regional,,high,hospital name,Institutional | national_regional,Institutional | national_regional,agreed,
HEALTH2017-000214,TACO BUENO #3136,Fast Food,Taco Bueno,national_regional,,high,known chain,Fast Food | national_regional,Fast Food | national_regional,agreed,
HEALTH2017-000223,JIM'S DRIVE-IN,Mexican/Tex-Mex/Latin,drive-in (rice and beans hot-held),independent,,low,notes hot-held rice and beans,"American (sit-down, bars, venues) | independent",Mexican/Tex-Mex/Latin | independent,adjudicated,name suggests burger drive-in; food notes point to Mexican
HEALTH2017-000226,HOLY FAMILY SCHOOL,Institutional,school/daycare,independent,,high,school/daycare name,Institutional | independent,Institutional | unknown,adjudicated,"chain: A independent, B unknown; unrecognized single-site school/daycare name"
HEALTH2017-000228,HERITAGE LEARNING CENTER,Institutional,school/daycare,independent,,high,school/daycare name,Institutional | independent,Institutional | unknown,adjudicated,"chain: A independent, B unknown; unrecognized single-site school/daycare name"
HEALTH2017-000233,SUNRISE LEARNING CENTER,Institutional,school/daycare,independent,,high,school/daycare name,Institutional | independent,Institutional | unknown,adjudicated,"chain: A independent, B unknown; unrecognized single-site school/daycare name"
HEALTH2017-000283,JASON'S DELI,Deli/Sandwich/Salad,"deli sandwiches, salads",national_regional,,high,known chain,Deli/Sandwich/Salad | national_regional,Deli/Sandwich/Salad | national_regional,agreed,
HEALTH2017-000285,TACO CABANA,Fast Food,Tex-Mex fast food,national_regional,,high,known chain,Fast Food | national_regional,Fast Food | national_regional,agreed,
HEALTH2017-000286,PRIDE BURGER,"American (sit-down, bars, venues)",burgers,independent,,medium,name,"American (sit-down, bars, venues) | independent","American (sit-down, bars, venues) | independent",agreed,
HEALTH2017-000288,TOWN LAKE CONCESSION STAND,Venue/Concession,concession,independent,,medium,name,Venue/Concession | independent,Venue/Concession | independent,agreed,
HEALTH2017-000291,WAFFLE HOUSE #1085,"American (sit-down, bars, venues)",breakfast diner,national_regional,,high,known chain,"American (sit-down, bars, venues) | national_regional","American (sit-down, bars, venues) | national_regional",agreed,
HEALTH2017-000299,VILLAGIO OF MCKINNEY,Institutional,senior living / nursing,local_multi,,low,senior living name,Institutional | local_multi,Institutional | national_regional,adjudicated,"chain: A local_multi, B national_regional; Texas senior-living brand"
HEALTH2017-000306,CHILI'S BAR & GRILL,"American (sit-down, bars, venues)",American casual dining,national_regional,,high,known chain,"American (sit-down, bars, venues) | national_regional","American (sit-down, bars, venues) | national_regional",agreed,
HEALTH2017-000314,DONUT TOWN,Coffee/Cafe/Bakery/Dessert,donuts/bagels,independent,,high,name,Coffee/Cafe/Bakery/Dessert | independent,Coffee/Cafe/Bakery/Dessert | independent,agreed,
HEALTH2017-000315,THE RANCH COUNTRY CLUB POOL SNACK BAR,Venue/Concession,country club pool snack bar,independent,,high,name,Venue/Concession | independent,Venue/Concession | independent,agreed,
HEALTH2017-000328,TC'S COUNTRY CORN,Venue/Concession,roasted corn / event food,independent,,medium,name; Trade Days vendor,Venue/Concession | independent,Venue/Concession | independent,agreed,
HEALTH2017-000332,KROGER #567-GROCERY,Grocery/Market,Kroger - grocery,national_regional,mainstream_supermarket,high,known chain,Grocery/Market | national_regional | mainstream_supermarket,Grocery/Market | national_regional | mainstream_supermarket,agreed,
HEALTH2017-000340,VICKY'S CONCESSIONS,Venue/Concession,concession,independent,,medium,name,Venue/Concession | independent,Venue/Concession | independent,agreed,
HEALTH2017-000344,HONEY ROASTED POPCORN,Venue/Concession,honey roasted nuts/popcorn,independent,,medium,name; Trade Days vendor,Venue/Concession | independent,Venue/Concession | independent,agreed,
HEALTH2017-000349,MCKINNEY WEST,Venue/Concession,Trade Days grounds concession stand,independent,,medium,name (West/East) at Trade Days grounds; 30+ inspections,Unknown | unknown,Venue/Concession | independent,adjudicated,
HEALTH2017-000350,MCKINNEY EAST,Venue/Concession,Trade Days grounds concession stand,independent,,medium,name (West/East) at Trade Days grounds; 30+ inspections,Unknown | unknown,Venue/Concession | independent,adjudicated,
HEALTH2017-000371,C.T. EDDINS ELEMENTARY CAFETERIA,Institutional,school cafeteria/concession (McKinney ISD),local_multi,,high,MISD school,Institutional | local_multi,Institutional | local_multi,agreed,
HEALTH2017-000372,GREER ANNEX CAFETERIA,Institutional,school cafeteria/concession (McKinney ISD),local_multi,,high,MISD school,Institutional | local_multi,Institutional | local_multi,agreed,
HEALTH2017-000373,WEBB ELEMENTARY CAFETERIA,Institutional,school cafeteria/concession (McKinney ISD),local_multi,,high,MISD school,Institutional | local_multi,Institutional | local_multi,agreed,
HEALTH2017-000374,VALLEY CREEK ELEMENTARY CAFETERIA,Institutional,school cafeteria/concession (McKinney ISD),local_multi,,high,MISD school,Institutional | local_multi,Institutional | local_multi,agreed,
HEALTH2017-000375,GLEN OAKS ELEMENTARY CAFETERIA,Institutional,school cafeteria/concession (McKinney ISD),local_multi,,high,MISD school,Institutional | local_multi,Institutional | local_multi,agreed,
HEALTH2017-000376,FINCH ELEMENTARY CAFETERIA,Institutional,school cafeteria/concession (McKinney ISD),local_multi,,high,MISD school,Institutional | local_multi,Institutional | local_multi,agreed,
HEALTH2017-000377,CALDWELL ELEMENTARY CAFETERIA,Institutional,school cafeteria/concession (McKinney ISD),local_multi,,high,MISD school,Institutional | local_multi,Institutional | local_multi,agreed,
HEALTH2017-000378,MCKINNEY HS CAFETERIA,Institutional,school cafeteria/concession (McKinney ISD),local_multi,,high,MISD school,Institutional | local_multi,Institutional | local_multi,agreed,
HEALTH2017-000379,RUTH DOWELL MS CAFETERIA,Institutional,school cafeteria/concession (McKinney ISD),local_multi,,high,MISD school,Institutional | local_multi,Institutional | local_multi,agreed,
HEALTH2017-000382,THE SURREY HOUSE,Unknown,,unknown,,low,no food items noted,Unknown | unknown,Deli/Sandwich/Salad | independent,adjudicated,"only evidence is an ""if using deli slicer"" remark in 2018; not enough for Deli"
HEALTH2017-000385,COLLIN COUNTY JAIL,Institutional,county jail/courthouse,independent,,high,name,Institutional | independent,Institutional | independent,agreed,
HEALTH2017-000386,COLLIN COUNTY JAIL EMPLOYEE GRILL,Institutional,county jail/courthouse,independent,,high,name,Institutional | independent,Institutional | independent,agreed,
HEALTH2017-000394,COOKIES GROCERY,Grocery/Market,Hispanic grocery with kitchen,independent,independent_specialty,medium,"name; comments mention pico, pork",Grocery/Market | independent | independent_specialty,Grocery/Market | independent | independent_specialty,agreed,
HEALTH2017-000397,FAUBION MS CAFETERIA,Institutional,school cafeteria/concession (McKinney ISD),local_multi,,high,MISD school,Institutional | local_multi,Institutional | local_multi,agreed,
HEALTH2017-000409,BEST DONUTS,Coffee/Cafe/Bakery/Dessert,donuts/bagels,independent,,high,name,Coffee/Cafe/Bakery/Dessert | independent,Coffee/Cafe/Bakery/Dessert | independent,agreed,
HEALTH2017-000410,CHICK-FIL-A,Fast Food,fried chicken,national_regional,,high,known chain,Fast Food | national_regional,Fast Food | national_regional,agreed,
HEALTH2017-000430,LA SALVADORENA RESTAURANT,Mexican/Tex-Mex/Latin,Salvadoran,independent,,high,name,Mexican/Tex-Mex/Latin | independent,Mexican/Tex-Mex/Latin | independent,agreed,
HEALTH2017-000478,MCKINNEY NORTH HS CAFETERIA,Institutional,school cafeteria/concession (McKinney ISD),local_multi,,high,MISD school,Institutional | local_multi,Institutional | local_multi,agreed,
HEALTH2017-000479,WALKER ELEMENTARY CAFETERIA,Institutional,school cafeteria/concession (McKinney ISD),local_multi,,high,MISD school,Institutional | local_multi,Institutional | local_multi,agreed,
HEALTH2017-000480,WOLFORD ELEMENTARY CAFETERIA,Institutional,school cafeteria/concession (McKinney ISD),local_multi,,high,MISD school,Institutional | local_multi,Institutional | local_multi,agreed,
HEALTH2017-000495,COUNTRY LANE SR COMMUNITY,Institutional,senior living / nursing,independent,,high,senior living name,Institutional | independent,Institutional | independent,agreed,
HEALTH2017-000506,ALBERTSON'S GROCERY #4234,Grocery/Market,Albertsons - grocery,national_regional,mainstream_supermarket,high,known chain,Grocery/Market | national_regional | mainstream_supermarket,Grocery/Market | national_regional | mainstream_supermarket,agreed,
HEALTH2017-000533,MCKINNEY HIGH SCHOOL GIRLS SOFTBALL CONCESSION,Institutional,school cafeteria/concession (McKinney ISD),local_multi,,high,MISD school,Institutional | local_multi,Institutional | local_multi,agreed,
HEALTH2017-000540,KROGER FOOD STORE #488,Grocery/Market,Kroger - grocery,national_regional,mainstream_supermarket,high,known chain,Grocery/Market | national_regional | mainstream_supermarket,Grocery/Market | national_regional | mainstream_supermarket,agreed,
HEALTH2017-000554,RACETRAC #219,Convenience/Gas,convenience store / gas station,national_regional,,high,name / known chain,Convenience/Gas | national_regional,Convenience/Gas | national_regional,agreed,
HEALTH2017-000555,SONNY DONUTS,Coffee/Cafe/Bakery/Dessert,donuts/bagels,independent,,high,name,Coffee/Cafe/Bakery/Dessert | independent,Coffee/Cafe/Bakery/Dessert | independent,agreed,
HEALTH2017-000599,STARBUCK'S COFFEE #6416,Coffee/Cafe/Bakery/Dessert,coffee,national_regional,,high,known chain,Coffee/Cafe/Bakery/Dessert | national_regional,Coffee/Cafe/Bakery/Dessert | national_regional,agreed,
HEALTH2017-000614,SALTGRASS STEAKHOUSE,"American (sit-down, bars, venues)",steakhouse,national_regional,,high,known chain,"American (sit-down, bars, venues) | national_regional","American (sit-down, bars, venues) | national_regional",agreed,
HEALTH2017-000625,MALVERN ELEMENTARY CAFETERIA,Institutional,school cafeteria/concession (McKinney ISD),local_multi,,high,MISD school,Institutional | local_multi,Institutional | local_multi,agreed,
HEALTH2017-000626,McNEIL ELEMENTARY,Institutional,school cafeteria/concession,local_multi,,high,school name,Institutional | local_multi,Institutional | local_multi,agreed,
HEALTH2017-000627,SCOTT JOHNSON MS CAFETERIA,Institutional,school cafeteria/concession,local_multi,,high,school name,Institutional | local_multi,Institutional | local_multi,agreed,
HEALTH2017-000634,JOHNSON MIDDLE SCHOOL CONCESSION,Institutional,school cafeteria/concession (McKinney ISD),local_multi,,high,MISD school,Institutional | local_multi,Institutional | local_multi,agreed,
HEALTH2017-000635,MCKINNEY HIGH SCHOOL GYM CONCESSION,Institutional,school cafeteria/concession (McKinney ISD),local_multi,,high,MISD school,Institutional | local_multi,Institutional | local_multi,agreed,
HEALTH2017-000636,FAUBION MIDDLE SCHOOL GYM CONCESSION,Institutional,school cafeteria/concession (McKinney ISD),local_multi,,high,MISD school,Institutional | local_multi,Institutional | local_multi,agreed,
HEALTH2017-000637,DOWELL MIDDLE SCHOOL CONCESSION,Institutional,school cafeteria/concession (McKinney ISD),local_multi,,high,MISD school,Institutional | local_multi,Institutional | local_multi,agreed,
HEALTH2017-000638,MCKINNEY NORTH HS GYM CONCESSION,Institutional,school cafeteria/concession (McKinney ISD),local_multi,,high,MISD school,Institutional | local_multi,Institutional | local_multi,agreed,
HEALTH2017-000640,MCKINNEY HS AUXILLARY FIELD CONCESSION,Institutional,school cafeteria/concession (McKinney ISD),local_multi,,high,MISD school,Institutional | local_multi,Institutional | local_multi,agreed,
HEALTH2017-000665,EL FENIX,Mexican/Tex-Mex/Latin,Tex-Mex,national_regional,,high,known chain,Mexican/Tex-Mex/Latin | national_regional,Mexican/Tex-Mex/Latin | national_regional,agreed,
HEALTH2017-000668,ARBY'S #5387,Fast Food,roast beef sandwiches,national_regional,,high,known chain,Fast Food | national_regional,Fast Food | national_regional,agreed,
HEALTH2017-000683,WESTRIDGE GOLF COURSE,"American (sit-down, bars, venues)",golf course grill,independent,,medium,name (golf course),"American (sit-down, bars, venues) | independent","American (sit-down, bars, venues) | independent",agreed,
HEALTH2017-000688,BURGER KING #6460,Fast Food,burgers,national_regional,,high,known chain,Fast Food | national_regional,Fast Food | national_regional,agreed,
HEALTH2017-000709,KWIK SHOP,Convenience/Gas,convenience store / gas station,independent,,medium,name / known chain,Convenience/Gas | independent,Convenience/Gas | unknown,adjudicated,"chain: A independent, B unknown; unrecognized single-store convenience name"
HEALTH2017-000766,BRAUM'S ICE CREAM #77,Fast Food,burgers / ice cream / dairy store,national_regional,,high,known chain,Fast Food | national_regional,Fast Food | national_regional,agreed,
HEALTH2017-000770,EL POLLO ALEGRE,Mexican/Tex-Mex/Latin,Mexican grilled chicken,independent,,medium,name,Mexican/Tex-Mex/Latin | independent,Mexican/Tex-Mex/Latin | independent,agreed,
HEALTH2017-000784,BROOKDALE STONEBRIDGE RANCH,Institutional,senior living / nursing,national_regional,,high,senior living name,Institutional | national_regional,Institutional | national_regional,agreed,
HEALTH2017-000787,BENNETT ELEMENTARY CAFETERIA,Institutional,school cafeteria/concession,local_multi,,high,school name,Institutional | local_multi,Institutional | local_multi,agreed,
HEALTH2017-000792,"DONUTS ""R"" MORE",Coffee/Cafe/Bakery/Dessert,donuts/bagels,independent,,high,name,Coffee/Cafe/Bakery/Dessert | independent,Coffee/Cafe/Bakery/Dessert | independent,agreed,
HEALTH2017-000794,WALGREEN'S #07195,Convenience/Gas,pharmacy,national_regional,,high,known chain,Convenience/Gas | national_regional,Convenience/Gas | national_regional,agreed,
HEALTH2017-000804,VEGA ELEMENTARY CAFETERIA,Institutional,school cafeteria/concession (McKinney ISD),local_multi,,high,MISD school,Institutional | local_multi,Institutional | local_multi,agreed,
HEALTH2017-000829,CHOPSTICKS ASIAN CAFE,Asian (unspecified),pan-Asian,independent,,medium,name,Asian (unspecified) | independent,Asian (unspecified) | independent,agreed,
HEALTH2017-000835,WENDY'S,Fast Food,burgers,national_regional,,high,known chain,Fast Food | national_regional,Fast Food | national_regional,agreed,
HEALTH2017-000836,PRIMO FOODS,Mexican/Tex-Mex/Latin,Mexican (barbacoa),independent,,medium,"comments mention barbacoa, pork",Mexican/Tex-Mex/Latin | independent,Mexican/Tex-Mex/Latin | independent,agreed,
HEALTH2017-000841,MCKINNEY NORTH HS AUX BASEBALL CONCESSION,Institutional,school cafeteria/concession (McKinney ISD),local_multi,,high,MISD school,Institutional | local_multi,Institutional | local_multi,agreed,
HEALTH2017-000847,TOM THUMB,Grocery/Market,Tom Thumb,national_regional,mainstream_supermarket,high,known chain,Grocery/Market | national_regional | mainstream_supermarket,Grocery/Market | national_regional | mainstream_supermarket,agreed,
HEALTH2017-000848,MCKINNEY EXXON MART,Convenience/Gas,convenience store / gas station,independent,,high,name / known chain,Convenience/Gas | independent,Convenience/Gas | national_regional,adjudicated,"chain: A independent, B national_regional; fuel-branded station; store name is local (dealer-operated)"
HEALTH2017-000870,COLLIN COUNTY MINIMUM SECURITY FACILITY,Institutional,county jail/courthouse,independent,,high,name,Institutional | independent,Institutional | independent,agreed,
HEALTH2017-000891,ROCKFISH SEAFOOD GRILL,"American (sit-down, bars, venues)",seafood,local_multi,,high,name; known Texas chain,"American (sit-down, bars, venues) | local_multi","American (sit-down, bars, venues) | national_regional",adjudicated,"chain: A local_multi, B national_regional; DFW seafood chain"
HEALTH2017-000895,HANK'S TEXAS GRILL,"American (sit-down, bars, venues)",Texas grill,independent,,medium,name,"American (sit-down, bars, venues) | independent","American (sit-down, bars, venues) | independent",agreed,
HEALTH2017-000898,BASKIN ROBBINS,Coffee/Cafe/Bakery/Dessert,ice cream,national_regional,,high,known chain,Coffee/Cafe/Bakery/Dessert | national_regional,Coffee/Cafe/Bakery/Dessert | national_regional,agreed,
HEALTH2017-000964,PARKS CONCESSION,Venue/Concession,event concession,independent,,medium,name; Trade Days site,Venue/Concession | independent,Venue/Concession | independent,agreed,
HEALTH2017-000998,JUAREZ,Mexican/Tex-Mex/Latin,Mexican,independent,,medium,"name (Juarez); comments mention rice, limes",Mexican/Tex-Mex/Latin | independent,Mexican/Tex-Mex/Latin | independent,agreed,
HEALTH2017-001010,COOKIES IN BLOOM,Coffee/Cafe/Bakery/Dessert,cookies,independent,,high,name; comments mention cookie dough,Coffee/Cafe/Bakery/Dessert | independent,Coffee/Cafe/Bakery/Dessert | independent,agreed,
HEALTH2017-001023,CVS PHARMACY #5799,Convenience/Gas,pharmacy,national_regional,,high,known chain,Convenience/Gas | national_regional,Convenience/Gas | national_regional,agreed,
HEALTH2017-001052,SUPER 8 MOTEL,Hotel/Caterer/Commissary,hotel,national_regional,,high,hotel name,Hotel/Caterer/Commissary | national_regional,Hotel/Caterer/Commissary | national_regional,agreed,
HEALTH2017-001060,CIRCLE K STORE,Convenience/Gas,convenience store / gas station,national_regional,,high,name / known chain,Convenience/Gas | national_regional,Convenience/Gas | national_regional,agreed,
HEALTH2017-001067,LUCKY'S,Other non-restaurant,"store, no food prep noted",independent,,low,only reach-in refrigerator noted; same name as vending-only permit,Other non-restaurant | independent,Other non-restaurant | independent,agreed,
HEALTH2017-001087,PRIMROSE OF ELDORADO,Institutional,school/daycare,national_regional,,high,school/daycare name,Institutional | national_regional,Institutional | national_regional,agreed,
HEALTH2017-001098,MARKET STREET GROCERY,Grocery/Market,Market Street - grocery,national_regional,mainstream_supermarket,high,known chain,Grocery/Market | national_regional | mainstream_supermarket,Grocery/Market | national_regional | mainstream_supermarket,agreed,
HEALTH2017-001099,MARKET STREET #561 - DELI,Grocery/Market,Market Street - deli,national_regional,mainstream_supermarket,high,known chain,Grocery/Market | national_regional | mainstream_supermarket,Grocery/Market | national_regional | mainstream_supermarket,agreed,
HEALTH2017-001101,MARKET STREE #561 - BAKERY,Grocery/Market,Market Street bakery,national_regional,mainstream_supermarket,high,known chain,Grocery/Market | national_regional | mainstream_supermarket,Grocery/Market | national_regional | mainstream_supermarket,agreed,
HEALTH2017-001102,MARKET STREET #561 - SEAFOOD,Grocery/Market,Market Street - seafood,national_regional,mainstream_supermarket,high,known chain,Grocery/Market | national_regional | mainstream_supermarket,Grocery/Market | national_regional | mainstream_supermarket,agreed,
HEALTH2017-001110,BROTHERS PIZZA,Pizza/Italian,pizza,independent,,high,name,Pizza/Italian | independent,Pizza/Italian | independent,agreed,
HEALTH2017-001117,WAL-MART #5211 MEAT,Grocery/Market,Walmart - meat,national_regional,mainstream_supermarket,high,known chain,Grocery/Market | national_regional | mainstream_supermarket,Grocery/Market | national_regional | mainstream_supermarket,agreed,
HEALTH2017-001118,WAL-MART #5211 BAKERY,Grocery/Market,Walmart - bakery,national_regional,mainstream_supermarket,high,known chain,Grocery/Market | national_regional | mainstream_supermarket,Grocery/Market | national_regional | mainstream_supermarket,agreed,
HEALTH2017-001119,WAL-MART #5211 GROCERY,Grocery/Market,Walmart - grocery,national_regional,mainstream_supermarket,high,known chain,Grocery/Market | national_regional | mainstream_supermarket,Grocery/Market | national_regional | mainstream_supermarket,agreed,
HEALTH2017-001120,WAL-MART #5211 DELI,Grocery/Market,Walmart - deli,national_regional,mainstream_supermarket,high,known chain,Grocery/Market | national_regional | mainstream_supermarket,Grocery/Market | national_regional | mainstream_supermarket,agreed,
HEALTH2017-001134,LONE STAR WINE CELLARS,"American (sit-down, bars, venues)",wine bar/tasting room with light food,independent,,medium,"notes salami, cheese, oranges, dish machine",Other non-restaurant | independent,"American (sit-down, bars, venues) | independent",adjudicated,wineries serving food coded American like Barons Creek and Landon Winery
HEALTH2017-001137,TOP OF THE WORLD PRESCHOOL **CHANGED WORK CLASS**,Institutional,school/daycare,independent,,high,school/daycare name,Institutional | independent,Institutional | unknown,adjudicated,"chain: A independent, B unknown; unrecognized single-site school/daycare name"
HEALTH2017-001170,EVANS MS CAFETERIA,Institutional,school cafeteria/concession (McKinney ISD),local_multi,,high,MISD school,Institutional | local_multi,Institutional | local_multi,agreed,
HEALTH2017-001172,FIRST BAPTIST CHURCH,Institutional,church,independent,,medium,church name,Institutional | independent,Institutional | independent,agreed,
HEALTH2017-001179,TEXAS ROADHOUSE,"American (sit-down, bars, venues)",steakhouse,national_regional,,high,known chain,"American (sit-down, bars, venues) | national_regional","American (sit-down, bars, venues) | national_regional",agreed,
HEALTH2017-001180,MINSHEW ELEMENTARY CAFETERIA,Institutional,school cafeteria/concession,local_multi,,high,school name,Institutional | local_multi,Institutional | local_multi,agreed,
HEALTH2017-001181,EVANS MIDDLE SCHOOL CONCESSION,Institutional,school cafeteria/concession (McKinney ISD),local_multi,,high,MISD school,Institutional | local_multi,Institutional | local_multi,agreed,
HEALTH2017-001185,DONUT PALACE,Coffee/Cafe/Bakery/Dessert,donuts/bagels,unknown,,low,name,Coffee/Cafe/Bakery/Dessert | national_regional,Coffee/Cafe/Bakery/Dessert | independent,adjudicated,"chain: A national_regional, B independent; shared Donut Palace name, owner-named shop; franchise status unclear"
HEALTH2017-001192,CVS PHARMACY #8321,Convenience/Gas,pharmacy,national_regional,,high,known chain,Convenience/Gas | national_regional,Convenience/Gas | national_regional,agreed,
HEALTH2017-001193,CVS #6821,Convenience/Gas,pharmacy,national_regional,,high,known chain,Convenience/Gas | national_regional,Convenience/Gas | national_regional,agreed,
HEALTH2017-001196,TPC CRAIG RANCH CLUBHOUSE,"American (sit-down, bars, venues)",country club,national_regional,,high,name,"American (sit-down, bars, venues) | national_regional","American (sit-down, bars, venues) | independent",adjudicated,"chain: A national_regional, B independent; TPC network club"
HEALTH2017-001197,TPC CRAIG RANCH-GRILL,"American (sit-down, bars, venues)",country club,national_regional,,high,name,"American (sit-down, bars, venues) | national_regional","American (sit-down, bars, venues) | independent",adjudicated,"chain: A national_regional, B independent; TPC network club"
HEALTH2017-001203,STARBUCKS COFFEE #8997,Coffee/Cafe/Bakery/Dessert,coffee,national_regional,,high,known chain,Coffee/Cafe/Bakery/Dessert | national_regional,Coffee/Cafe/Bakery/Dessert | national_regional,agreed,
HEALTH2017-001207,CHIPTOLE MEXICAN GRILL,Mexican/Tex-Mex/Latin,Mexican fast casual,national_regional,,high,known chain,Mexican/Tex-Mex/Latin | national_regional,Mexican/Tex-Mex/Latin | national_regional,agreed,
HEALTH2017-001241,SONIC DRIVE IN,Fast Food,burgers/drive-in,national_regional,,high,known chain,Fast Food | national_regional,Fast Food | national_regional,agreed,
HEALTH2017-001244,CIRCLE K #2741198,Convenience/Gas,convenience store / gas station,national_regional,,high,name / known chain,Convenience/Gas | national_regional,Convenience/Gas | national_regional,agreed,
HEALTH2017-001245,SUBWAY-CIRCLE K #2741198,Deli/Sandwich/Salad,sub sandwiches,national_regional,,high,known chain,Deli/Sandwich/Salad | national_regional,Deli/Sandwich/Salad | national_regional,agreed,
HEALTH2017-001253,SCOTTY P'S HAMBURGERS,"American (sit-down, bars, venues)",burgers,local_multi,,medium,name; known DFW burger chain,"American (sit-down, bars, venues) | local_multi","American (sit-down, bars, venues) | local_multi",agreed,
HEALTH2017-001261,STEAK N SHAKE INCE #580,Fast Food,burgers,national_regional,,high,known chain,Fast Food | national_regional,Fast Food | national_regional,agreed,
HEALTH2017-001265,AL ALFORD BASEBALL FIELD CONCESSION,Institutional,school cafeteria/concession (McKinney ISD),local_multi,,high,MISD school,Institutional | local_multi,Institutional | independent,adjudicated,"chain: A local_multi, B independent; McKinney ISD facility (agreed convention: district schools local_multi)"
HEALTH2017-001275,MCDONALD'S,Fast Food,burgers,national_regional,,high,known chain,Fast Food | national_regional,Fast Food | national_regional,agreed,
HEALTH2017-001286,TAQUERIO HIDALGO,Mexican/Tex-Mex/Latin,taqueria,independent,,high,name,Mexican/Tex-Mex/Latin | independent,Mexican/Tex-Mex/Latin | independent,agreed,
HEALTH2017-001290,SAMARITAN INN,Institutional,nonprofit social services,independent,,high,name,Institutional | independent,Institutional | independent,agreed,
HEALTH2017-001295,PANDA'S SUPER BUFFET,Chinese,Chinese buffet,independent,,medium,name; buffet serving islands,Chinese | independent,Asian (unspecified) | independent,adjudicated,Chinese-American buffet; name is not pan-Asian
HEALTH2017-001300,McALISTER'S DELI,Deli/Sandwich/Salad,"deli sandwiches, salads",national_regional,,high,known chain,Deli/Sandwich/Salad | national_regional,Deli/Sandwich/Salad | national_regional,agreed,
HEALTH2017-001302,BOYS AND GIRLS CLUB,Institutional,school/daycare,national_regional,,high,school/daycare name,Institutional | national_regional,Institutional | independent,adjudicated,"chain: A national_regional, B independent; national youth organization brand"
HEALTH2017-001309,SHOGUN HIBACHI & SUSHI,Japanese,hibachi and sushi,independent,,high,name,Japanese | independent,Japanese | independent,agreed,
HEALTH2017-001310,WHATABURGER #664,Fast Food,burgers,national_regional,,high,known chain,Fast Food | national_regional,Fast Food | national_regional,agreed,
HEALTH2017-001325,BALLFIELDS @ CRAIGRANCH 5 PLEX,Venue/Concession,ballfield concession,independent,,medium,name,Venue/Concession | independent,Venue/Concession | independent,agreed,
HEALTH2017-001333,WAL-MART #206 GROCERY,Grocery/Market,Walmart - grocery,national_regional,mainstream_supermarket,high,known chain,Grocery/Market | national_regional | mainstream_supermarket,Grocery/Market | national_regional | mainstream_supermarket,agreed,
HEALTH2017-001335,WAL-MART #206 BAKERY,Grocery/Market,Walmart - bakery,national_regional,mainstream_supermarket,high,known chain,Grocery/Market | national_regional | mainstream_supermarket,Grocery/Market | national_regional | mainstream_supermarket,agreed,
HEALTH2017-001336,WAL-MART #206 DELI,Grocery/Market,Walmart - deli,national_regional,mainstream_supermarket,high,known chain,Grocery/Market | national_regional | mainstream_supermarket,Grocery/Market | national_regional | mainstream_supermarket,agreed,
HEALTH2017-001337,WAL-MART #206 PRODUCE,Grocery/Market,Walmart - produce,national_regional,mainstream_supermarket,high,known chain,Grocery/Market | national_regional | mainstream_supermarket,Grocery/Market | national_regional | mainstream_supermarket,agreed,
HEALTH2017-001339,PANERA BREAD,Deli/Sandwich/Salad,"bakery-cafe (sandwiches, soups, salads)",national_regional,,high,known chain,Deli/Sandwich/Salad | national_regional,Deli/Sandwich/Salad | national_regional,agreed,
HEALTH2017-001352,Regency Inn- Restaurant,Hotel/Caterer/Commissary,hotel,independent,,low,hotel name,Hotel/Caterer/Commissary | independent,Hotel/Caterer/Commissary | unknown,adjudicated,"chain: A independent, B unknown; name not recognized as a chain"
HEALTH2017-001381,WILMETH ELEMENTARY CAFETERIA,Institutional,school cafeteria/concession,local_multi,,high,school name,Institutional | local_multi,Institutional | local_multi,agreed,
HEALTH2017-001397,MR. GATTI'S PIZZA,Pizza/Italian,pizza,national_regional,,high,known chain,Pizza/Italian | national_regional,Pizza/Italian | national_regional,agreed,
HEALTH2017-001399,LANDON WINERY,"American (sit-down, bars, venues)",winery tasting room with small plates,local_multi,,medium,"name; related permit notes salami, hummus, pizza","American (sit-down, bars, venues) | local_multi","American (sit-down, bars, venues) | independent",adjudicated,"chain: A local_multi, B independent; winery with a few North Texas tasting rooms"
HEALTH2017-001402,MOUZON FIELDS CONCESSION STAND,Venue/Concession,park sports concession,independent,,medium,name,Venue/Concession | independent,Venue/Concession | independent,agreed,
HEALTH2017-001426,SHOP N GO #6,Convenience/Gas,convenience store / gas station,unknown,,medium,name / known chain,Convenience/Gas | independent,Convenience/Gas | unknown,adjudicated,"chain: A independent, B unknown; ""#6"" implies a multi-store operator of unknown size"
HEALTH2017-001433,MCKINNEY HEALTHCARE & REHAB,Institutional,senior living / nursing,unknown,,high,senior living name,Institutional | independent,Institutional | unknown,adjudicated,"chain: A independent, B unknown; unrecognized senior-living/nursing name (often owned by multi-site operators under local names)"
HEALTH2017-001434,CRISTINA'S FINE MEXICAN RESTAURANT,Mexican/Tex-Mex/Latin,Mexican,local_multi,,high,name,Mexican/Tex-Mex/Latin | independent,Mexican/Tex-Mex/Latin | national_regional,adjudicated,"chain: A independent, B national_regional; DFW-only Mexican chain (agreed convention: DFW-only chains are local_multi)"
HEALTH2017-001447,DOMINO'S PIZZA #6386,Pizza/Italian,pizza,national_regional,,high,known chain,Pizza/Italian | national_regional,Pizza/Italian | national_regional,agreed,
HEALTH2017-001452,TENLEY'S CAFE,Coffee/Cafe/Bakery/Dessert,gym cafe,independent,,low,name; address is Life Time fitness club,Coffee/Cafe/Bakery/Dessert | independent,Coffee/Cafe/Bakery/Dessert | independent,agreed,
HEALTH2017-001464,AFC SUSHI @ MARKET STREET,Grocery/Market,sushi counter inside Market Street #561,national_regional,mainstream_supermarket,medium,address is Market Street #561; name says inside/at store,Grocery/Market | national_regional | mainstream_supermarket,Japanese | national_regional,adjudicated,"B coded Japanese; in-store counters follow the agreed convention for supermarket food service (Target cafe, H-E-B BBQ counter, Costco food court); chain = host store"
HEALTH2017-001472,PANDA EXPRESS,Chinese,American Chinese,national_regional,,high,known chain,Chinese | national_regional,Chinese | national_regional,agreed,
HEALTH2017-001498,LA PALOMA,Mexican/Tex-Mex/Latin,Mexican,independent,,low,name (La Paloma),Mexican/Tex-Mex/Latin | independent,Mexican/Tex-Mex/Latin | independent,agreed,
HEALTH2017-001501,BAYBROOKE VILLAGE CARE CENTER,Institutional,senior living / nursing,unknown,,high,senior living name,Institutional | independent,Institutional | unknown,adjudicated,"chain: A independent, B unknown; unrecognized senior-living/nursing name (often owned by multi-site operators under local names)"
HEALTH2017-001512,OGLE ELEMENTARY,Institutional,school cafeteria/concession,local_multi,,high,school name,Institutional | local_multi,Institutional | local_multi,agreed,
HEALTH2017-001513,COMFORT SUITES,Hotel/Caterer/Commissary,hotel,national_regional,,high,hotel name,Hotel/Caterer/Commissary | national_regional,Hotel/Caterer/Commissary | national_regional,agreed,
HEALTH2017-001519,STARBUCKS COFFEE #10088,Coffee/Cafe/Bakery/Dessert,coffee,national_regional,,high,known chain,Coffee/Cafe/Bakery/Dessert | national_regional,Coffee/Cafe/Bakery/Dessert | national_regional,agreed,
HEALTH2017-001520,GENGHIS GRILL,Asian (unspecified),Mongolian stir-fry,national_regional,,high,known chain,Asian (unspecified) | national_regional,Asian (unspecified) | national_regional,agreed,
HEALTH2017-001522,RACETRAC #130,Convenience/Gas,convenience store / gas station,national_regional,,high,name / known chain,Convenience/Gas | national_regional,Convenience/Gas | national_regional,agreed,
HEALTH2017-001534,CHILI'S GRILL & BAR,"American (sit-down, bars, venues)",American casual dining,national_regional,,high,known chain,"American (sit-down, bars, venues) | national_regional","American (sit-down, bars, venues) | national_regional",agreed,
HEALTH2017-001545,MCKINNEY BOYD HS CAFETERIA,Institutional,school cafeteria/concession,local_multi,,high,school name,Institutional | local_multi,Institutional | local_multi,agreed,
HEALTH2017-001546,BOYD HS JAVA CITY,Institutional,school coffee kiosk (McKinney ISD),local_multi,,high,school address,Institutional | local_multi,Institutional | local_multi,agreed,
HEALTH2017-001547,RON POE STADIUM CONCESSION,Institutional,school cafeteria/concession (McKinney ISD),local_multi,,high,MISD school,Institutional | local_multi,Institutional | independent,adjudicated,"chain: A local_multi, B independent; McKinney ISD facility (agreed convention: district schools local_multi)"
HEALTH2017-001555,PEI WEI ASIAN DINER,Asian (unspecified),pan-Asian fast casual (Pei Wei),national_regional,,high,known chain; name says Asian,Chinese | national_regional,Asian (unspecified) | national_regional,adjudicated,"menu spans Chinese, Thai, Japanese, Korean dishes"
HEALTH2017-001557,TARGET STORE #2142,Grocery/Market,Target,national_regional,mainstream_supermarket,high,known chain,Grocery/Market | national_regional | mainstream_supermarket,Grocery/Market | national_regional | mainstream_supermarket,agreed,
HEALTH2017-001600,SONIC #5533,Fast Food,burgers/drive-in,national_regional,,high,known chain,Fast Food | national_regional,Fast Food | national_regional,agreed,
HEALTH2017-001604,DOLLAR GENERAL STORE #10421,Convenience/Gas,dollar/discount store,national_regional,,high,known chain,Convenience/Gas | national_regional,Convenience/Gas | national_regional,agreed,
HEALTH2017-001606,CHICK-FIL-A,Fast Food,fried chicken,national_regional,,high,known chain,Fast Food | national_regional,Fast Food | national_regional,agreed,
HEALTH2017-001620,SAM'S CLUB #4906-GROCERY,Grocery/Market,Sam's Club - grocery,national_regional,mainstream_supermarket,high,known chain,Grocery/Market | national_regional | mainstream_supermarket,Grocery/Market | national_regional | mainstream_supermarket,agreed,
HEALTH2017-001621,SAM'S CLUB #4906-BAKERY,Grocery/Market,Sam's Club - bakery,national_regional,mainstream_supermarket,high,known chain,Grocery/Market | national_regional | mainstream_supermarket,Grocery/Market | national_regional | mainstream_supermarket,agreed,
HEALTH2017-001622,SAM'S CLUB #4906-DELI,Grocery/Market,Sam's Club - deli,national_regional,mainstream_supermarket,high,known chain,Grocery/Market | national_regional | mainstream_supermarket,Grocery/Market | national_regional | mainstream_supermarket,agreed,
HEALTH2017-001623,SAM'S CLUB #4906-MEAT,Grocery/Market,Sam's Club - meat,national_regional,mainstream_supermarket,high,known chain,Grocery/Market | national_regional | mainstream_supermarket,Grocery/Market | national_regional | mainstream_supermarket,agreed,
HEALTH2017-001625,SAM'S CLUB #4906-SEAFOOD,Grocery/Market,Sam's Club - seafood,national_regional,mainstream_supermarket,high,known chain,Grocery/Market | national_regional | mainstream_supermarket,Grocery/Market | national_regional | mainstream_supermarket,agreed,
HEALTH2017-001626,SAM'S CLUB #4906 PRODUCE,Grocery/Market,Sam's Club - produce,national_regional,mainstream_supermarket,high,known chain,Grocery/Market | national_regional | mainstream_supermarket,Grocery/Market | national_regional | mainstream_supermarket,agreed,
HEALTH2017-001627,WAL-MART #5311 GROCERY,Grocery/Market,Walmart - grocery,national_regional,mainstream_supermarket,high,known chain,Grocery/Market | national_regional | mainstream_supermarket,Grocery/Market | national_regional | mainstream_supermarket,agreed,
HEALTH2017-001628,WAL-MART #5311 PRODUCE,Grocery/Market,Walmart - produce,national_regional,mainstream_supermarket,high,known chain,Grocery/Market | national_regional | mainstream_supermarket,Grocery/Market | national_regional | mainstream_supermarket,agreed,
HEALTH2017-001629,WAL-MART #5311 BAKERY,Grocery/Market,Walmart - bakery,national_regional,mainstream_supermarket,high,known chain,Grocery/Market | national_regional | mainstream_supermarket,Grocery/Market | national_regional | mainstream_supermarket,agreed,
HEALTH2017-001630,WAL-MART #5311 DELI,Grocery/Market,Walmart - deli,national_regional,mainstream_supermarket,high,known chain,Grocery/Market | national_regional | mainstream_supermarket,Grocery/Market | national_regional | mainstream_supermarket,agreed,
HEALTH2017-001632,WAL-MART #5311 MEAT,Grocery/Market,Walmart - meat,national_regional,mainstream_supermarket,high,known chain,Grocery/Market | national_regional | mainstream_supermarket,Grocery/Market | national_regional | mainstream_supermarket,agreed,
HEALTH2017-001633,THE GREAT OUTDOORS SUB SHOP,Deli/Sandwich/Salad,sub sandwiches,local_multi,,low,"name; comments mention roast beef, potato salad",Deli/Sandwich/Salad | local_multi,Deli/Sandwich/Salad | national_regional,adjudicated,"chain: A local_multi, B national_regional; small Texas sub shop chain"
HEALTH2017-001637,ROSATI'S PIZZA,Pizza/Italian,pizza,national_regional,,high,known chain,Pizza/Italian | national_regional,Pizza/Italian | national_regional,agreed,
HEALTH2017-001667,JENNY CRAIG WEIGHT LOSS CENTER,Other non-restaurant,"weight-loss center, prepackaged meals",national_regional,,medium,known chain,Other non-restaurant | national_regional,Other non-restaurant | national_regional,agreed,
HEALTH2017-001669,DICKEYS BARBECUE PIT,"American (sit-down, bars, venues)",BBQ,national_regional,,high,known chain,"American (sit-down, bars, venues) | national_regional","American (sit-down, bars, venues) | national_regional",agreed,
HEALTH2017-001681,MCKINNEY CATERING CO.,Hotel/Caterer/Commissary,caterer,independent,,medium,name,Hotel/Caterer/Commissary | independent,Hotel/Caterer/Commissary | independent,agreed,
HEALTH2017-001683,PETRA-FRESH MEXICAN BISTRO,Mexican/Tex-Mex/Latin,Mexican,independent,,low,name; comments mention guacamole,Mexican/Tex-Mex/Latin | local_multi,Mexican/Tex-Mex/Latin | independent,adjudicated,"chain: A local_multi, B independent; two addresses do not overlap in time (a move, not a second store)"
HEALTH2017-001696,RICK'S CHOPHOUSE,"American (sit-down, bars, venues)",steakhouse,independent,,high,name,"American (sit-down, bars, venues) | independent","American (sit-down, bars, venues) | independent",agreed,
HEALTH2017-001697,BOYD HIGH SCHOOL INSIDE CONCESSION,Institutional,school cafeteria/concession,local_multi,,high,school name,Institutional | local_multi,Institutional | local_multi,agreed,
HEALTH2017-001698,BOYD HIGH SCHOOL BASEBALL CONCESSION,Institutional,school cafeteria/concession,local_multi,,high,school name,Institutional | local_multi,Institutional | local_multi,agreed,
HEALTH2017-001699,BOYD HIGH SCHOOL TENNIS CONCESSION,Institutional,school cafeteria/concession,local_multi,,high,school name,Institutional | local_multi,Institutional | local_multi,agreed,
HEALTH2017-001709,WINGSTOP,Fast Food,wings,national_regional,,high,known chain,Fast Food | national_regional,Fast Food | national_regional,agreed,
HEALTH2017-001718,CHICKEN EXPRESS,Fast Food,fried chicken,national_regional,,high,known chain,Fast Food | national_regional,Fast Food | national_regional,agreed,
HEALTH2017-001741,QUIKTRIP #916,Convenience/Gas,convenience store / gas station,national_regional,,high,name / known chain,Convenience/Gas | national_regional,Convenience/Gas | national_regional,agreed,
HEALTH2017-001749,MOONEYHAM ELEMENTARY,Institutional,school cafeteria/concession,local_multi,,high,school name,Institutional | local_multi,Institutional | local_multi,agreed,
HEALTH2017-001750,HAPPY DONUTS,Coffee/Cafe/Bakery/Dessert,donuts/bagels,independent,,high,name,Coffee/Cafe/Bakery/Dessert | independent,Coffee/Cafe/Bakery/Dessert | independent,agreed,
HEALTH2017-001756,KOBE STEAK & SUSHI,Japanese,hibachi steakhouse and sushi,independent,,high,name,Japanese | independent,Japanese | independent,agreed,
HEALTH2017-001769,SUBWAY #6654,Deli/Sandwich/Salad,sub sandwiches,national_regional,,high,known chain,Deli/Sandwich/Salad | national_regional,Deli/Sandwich/Salad | national_regional,agreed,
HEALTH2017-001770,SUBWAY #13925,Deli/Sandwich/Salad,sub sandwiches,national_regional,,high,known chain,Deli/Sandwich/Salad | national_regional,Deli/Sandwich/Salad | national_regional,agreed,
HEALTH2017-001771,SUBWAY,Deli/Sandwich/Salad,sub sandwiches,national_regional,,high,known chain,Deli/Sandwich/Salad | national_regional,Deli/Sandwich/Salad | national_regional,agreed,
HEALTH2017-001787,NAOMI PRESS ELEMENTARY CAFETERIA,Institutional,school cafeteria/concession,local_multi,,high,school name,Institutional | local_multi,Institutional | local_multi,agreed,
HEALTH2017-001788,McGOWEN ELEMENTARY CAFETERIA,Institutional,school cafeteria/concession,local_multi,,high,school name,Institutional | local_multi,Institutional | local_multi,agreed,
HEALTH2017-001791,BAKER ELEMENTARY,Institutional,school cafeteria/concession,local_multi,,high,school name,Institutional | local_multi,Institutional | local_multi,agreed,
HEALTH2017-001792,7-ELEVEN #3311813B,Convenience/Gas,convenience store / gas station,national_regional,,high,name / known chain,Convenience/Gas | national_regional,Convenience/Gas | national_regional,agreed,
HEALTH2017-001805,SPOON'S CAFE,"American (sit-down, bars, venues)",Southern cafe,independent,,medium,"name; comments mention pimento, potato salad, sausage","American (sit-down, bars, venues) | independent","American (sit-down, bars, venues) | independent",agreed,
HEALTH2017-001808,WHICH WICH,Deli/Sandwich/Salad,sub sandwiches,national_regional,,high,known chain,Deli/Sandwich/Salad | national_regional,Deli/Sandwich/Salad | national_regional,agreed,
HEALTH2017-001811,TARGET RESTAURANT T-2335,Grocery/Market,Target cafe,national_regional,mainstream_supermarket,high,known chain; in-store cafe,Grocery/Market | national_regional | mainstream_supermarket,Grocery/Market | national_regional | mainstream_supermarket,agreed,
HEALTH2017-001818,TARGET STORE T-2335 GROCERY,Grocery/Market,Target - grocery,national_regional,mainstream_supermarket,high,known chain,Grocery/Market | national_regional | mainstream_supermarket,Grocery/Market | national_regional | mainstream_supermarket,agreed,
HEALTH2017-001864,CVS #334,Convenience/Gas,pharmacy,national_regional,,high,known chain,Convenience/Gas | national_regional,Convenience/Gas | national_regional,agreed,
HEALTH2017-001879,THAI PAN,Thai,Thai,independent,,high,name,Thai | independent,Thai | independent,agreed,
HEALTH2017-001882,OKADA JAPANESE STEAKHOUSE & SUSHI,Japanese,hibachi steakhouse and sushi,independent,,high,name,Japanese | independent,Japanese | independent,agreed,
HEALTH2017-001883,QUIKTRIP #913,Convenience/Gas,convenience store / gas station,national_regional,,high,name / known chain,Convenience/Gas | national_regional,Convenience/Gas | national_regional,agreed,
HEALTH2017-001884,QUIKTRIP #914,Convenience/Gas,convenience store / gas station,national_regional,,high,name / known chain,Convenience/Gas | national_regional,Convenience/Gas | national_regional,agreed,
HEALTH2017-001893,TORNADO TATER,Venue/Concession,spiral potatoes / event food,independent,,medium,name; Trade Days trailer,Venue/Concession | independent,Venue/Concession | independent,agreed,
HEALTH2017-001919,7-11 #33688,Convenience/Gas,convenience store / gas station,national_regional,,high,name / known chain,Convenience/Gas | national_regional,Convenience/Gas | national_regional,agreed,
HEALTH2017-001936,CHIPOTLE MEXICAN GRILL,Mexican/Tex-Mex/Latin,Mexican fast casual,national_regional,,high,known chain,Mexican/Tex-Mex/Latin | national_regional,Mexican/Tex-Mex/Latin | national_regional,agreed,
HEALTH2017-001938,SUBWAY #43169,Deli/Sandwich/Salad,sub sandwiches,national_regional,,high,known chain,Deli/Sandwich/Salad | national_regional,Deli/Sandwich/Salad | national_regional,agreed,
HEALTH2017-001948,WHATABURGER #963,Fast Food,burgers,national_regional,,high,known chain,Fast Food | national_regional,Fast Food | national_regional,agreed,
HEALTH2017-001995,SHELL ** see notes for reneal payment**,Convenience/Gas,convenience store / gas station,independent,,high,name / known chain,Convenience/Gas | independent,Convenience/Gas | national_regional,adjudicated,"chain: A independent, B national_regional; fuel-branded station; store name is local (dealer-operated)"
HEALTH2017-002007,RACETRAC #155,Convenience/Gas,convenience store / gas station,national_regional,,high,name / known chain,Convenience/Gas | national_regional,Convenience/Gas | national_regional,agreed,
HEALTH2017-002009,WHICH WICH SUPERIOR SANDWICHES,Deli/Sandwich/Salad,sub sandwiches,national_regional,,high,known chain,Deli/Sandwich/Salad | national_regional,Deli/Sandwich/Salad | national_regional,agreed,
HEALTH2017-002010,SNB FOODS,Venue/Concession,Trade Days vendor (food not identified),independent,,low,permit at Trade Days grounds,Unknown | unknown,Venue/Concession | independent,adjudicated,"event vendors with unidentified food coded Venue/Concession, as agreed for Itsy Bites"
HEALTH2017-002011,LONCHERIA HERNANDEZ,Mexican/Tex-Mex/Latin,loncheria,independent,,high,name,Mexican/Tex-Mex/Latin | independent,Mexican/Tex-Mex/Latin | independent,agreed,
HEALTH2017-002023,COTTON PATCH,"American (sit-down, bars, venues)",Southern / chicken-fried steak,national_regional,,high,known chain,"American (sit-down, bars, venues) | national_regional","American (sit-down, bars, venues) | national_regional",agreed,
HEALTH2017-002024,BUFFALO WILD WINGS,"American (sit-down, bars, venues)",sports bar / wings,national_regional,,high,known chain,"American (sit-down, bars, venues) | national_regional","American (sit-down, bars, venues) | national_regional",agreed,
HEALTH2017-002043,JIMMY JOHNS GOURMET SANDWICHES,Deli/Sandwich/Salad,sub sandwiches,national_regional,,high,known chain,Deli/Sandwich/Salad | national_regional,Deli/Sandwich/Salad | national_regional,agreed,
HEALTH2017-002047,LAKE COUNTRY COFFEE ROAST,Coffee/Cafe/Bakery/Dessert,coffee,independent,,medium,name; Trade Days vendor,Coffee/Cafe/Bakery/Dessert | independent,Coffee/Cafe/Bakery/Dessert | independent,agreed,
HEALTH2017-002051,SCOGGINS MIDDLE SCHOOL,Institutional,school cafeteria/concession,local_multi,,high,school name,Institutional | local_multi,Institutional | local_multi,agreed,
HEALTH2017-002052,ELLIOTT ELEMENTARY,Institutional,school cafeteria/concession,local_multi,,high,school name,Institutional | local_multi,Institutional | local_multi,agreed,
HEALTH2017-002064,TACO BUENO #3100,Fast Food,Taco Bueno,national_regional,,high,known chain,Fast Food | national_regional,Fast Food | national_regional,agreed,
HEALTH2017-002067,COCKRILL MS CAFETERIA,Institutional,school cafeteria/concession,local_multi,,high,school name,Institutional | local_multi,Institutional | local_multi,agreed,
HEALTH2017-002072,DEE'S DIP HEAVEN,Other non-restaurant,dips (market vendor),independent,,low,name,Other non-restaurant | independent,Other non-restaurant | independent,agreed,
HEALTH2017-002073,CVS #5380,Convenience/Gas,pharmacy,national_regional,,high,known chain,Convenience/Gas | national_regional,Convenience/Gas | national_regional,agreed,
HEALTH2017-002076,COCKRILL MIDDLE SCHOOL CONCESSION,Institutional,school cafeteria/concession,local_multi,,high,school name,Institutional | local_multi,Institutional | local_multi,agreed,
HEALTH2017-002118,SUBWAY #15420,Deli/Sandwich/Salad,sub sandwiches,national_regional,,high,known chain,Deli/Sandwich/Salad | national_regional,Deli/Sandwich/Salad | national_regional,agreed,
HEALTH2017-002127,SUNG SUSHI,Grocery/Market,sushi counter inside Kroger #567,national_regional,mainstream_supermarket,medium,address is Kroger #567,Grocery/Market | unknown | mainstream_supermarket,Japanese | unknown,adjudicated,"B coded Japanese; in-store counters follow the agreed convention for supermarket food service (Target cafe, H-E-B BBQ counter, Costco food court); chain = host store"
HEALTH2017-002131,APPLEBEE'S,"American (sit-down, bars, venues)",American casual dining,national_regional,,high,known chain,"American (sit-down, bars, venues) | national_regional","American (sit-down, bars, venues) | national_regional",agreed,
HEALTH2017-002137,LONG JOHN SILVERS #31810,Fast Food,fried fish,national_regional,,high,known chain,Fast Food | national_regional,Fast Food | national_regional,agreed,
HEALTH2017-002146,RACETRAC #157,Convenience/Gas,convenience store / gas station,national_regional,,high,name / known chain,Convenience/Gas | national_regional,Convenience/Gas | national_regional,agreed,
HEALTH2017-002242,LOCO COWPOKE,Other non-restaurant,"retail shop, salsa only",independent,,low,only salsa noted; food handler (not manager) on file,Other non-restaurant | independent,Other non-restaurant | independent,agreed,
HEALTH2017-002281,KROGER #567-COFFEE SHOP,Grocery/Market,Starbucks/coffee counter inside Kroger #567,national_regional,mainstream_supermarket,medium,address is Kroger #567; name says inside/at store,Grocery/Market | national_regional | mainstream_supermarket,Coffee/Cafe/Bakery/Dessert | national_regional,adjudicated,"B coded Coffee/Cafe/Bakery/Dessert; in-store counters follow the agreed convention for supermarket food service (Target cafe, H-E-B BBQ counter, Costco food court); chain = host store"
HEALTH2017-002282,CASTLE MONTESSORI OF MCKINNEY,Institutional,school/daycare,independent,,high,school/daycare name,Institutional | independent,Institutional | unknown,adjudicated,"chain: A independent, B unknown; unrecognized single-site school/daycare name"
HEALTH2017-002591,RICE POT EXPRESS,Chinese,Chinese takeout,independent,,medium,"comments mention egg rolls, shrimp, sauce",Chinese | independent,Chinese | independent,agreed,
HEALTH2017-002770,TACO BELL #2913,Fast Food,Taco Bell,national_regional,,high,known chain,Fast Food | national_regional,Fast Food | national_regional,agreed,
HEALTH2017-002828,BALLFIELDS @ CRAIG RANCH SOUTH,Venue/Concession,concession,independent,,medium,name,Venue/Concession | independent,Venue/Concession | independent,agreed,
HEALTH2017-002852,WINGSTOP,Fast Food,wings,national_regional,,high,known chain,Fast Food | national_regional,Fast Food | national_regional,agreed,
HEALTH2017-002892,FUDDRUCKERS,Fast Food,burgers (counter-service chain),national_regional,,high,known chain,"American (sit-down, bars, venues) | national_regional",Fast Food | national_regional,adjudicated,"counter-service burger chains coded Fast Food, as agreed for Five Guys, Mooyah, Freddy's, Shake Shack"
HEALTH2017-002919,HARVEST,"American (sit-down, bars, venues)","New American, seasonal",independent,,high,name; known downtown restaurant,"American (sit-down, bars, venues) | independent","American (sit-down, bars, venues) | independent",agreed,
HEALTH2017-002934,THE CELT IRISH PUB,"American (sit-down, bars, venues)",Irish pub,independent,,high,name,"American (sit-down, bars, venues) | independent","American (sit-down, bars, venues) | independent",agreed,
HEALTH2017-002983,MCKINNEY CHRISTIAN ACADEMY,Institutional,school/daycare,independent,,high,school/daycare name,Institutional | independent,Institutional | unknown,adjudicated,"chain: A independent, B unknown; unrecognized single-site school/daycare name"
HEALTH2017-003054,HERMAN LAWSON EARLY CHILHOOD,Institutional,school cafeteria/concession,local_multi,,high,school name,Institutional | local_multi,Institutional | local_multi,agreed,
HEALTH2017-003080,SPANISH SCHOOLHOUSE MCKINNEY,Institutional,school/daycare,national_regional,,high,school/daycare name,Institutional | local_multi,Institutional | national_regional,adjudicated,"chain: A local_multi, B national_regional; child-care brand in Houston and DFW"
HEALTH2017-003409,PLANET SMOOTHIE MCKINNEY,Coffee/Cafe/Bakery/Dessert,smoothies/juice,national_regional,,high,known chain,Coffee/Cafe/Bakery/Dessert | national_regional,Coffee/Cafe/Bakery/Dessert | national_regional,agreed,
HEALTH2017-003430,TASTE OF INDIA,Indian,Indian,independent,,high,name,Indian | independent,Indian | independent,agreed,
HEALTH2017-003431,7-11 #34222,Convenience/Gas,convenience store / gas station,national_regional,,high,name / known chain,Convenience/Gas | national_regional,Convenience/Gas | national_regional,agreed,
HEALTH2017-003539,THAI NOODLE WAVE,Thai,Thai,independent,,high,name,Thai | independent,Thai | independent,agreed,
HEALTH2017-003555,METHODIST MCKINNEY HOSPITAL,Institutional,hospital,national_regional,,high,hospital name,Institutional | national_regional,Institutional | local_multi,adjudicated,"chain: A national_regional, B local_multi; health system hospital (agreed convention for Baylor, Medical City)"
HEALTH2017-003559,STONEBRIDGE ACADEMY,Institutional,school/daycare,independent,,high,school/daycare name,Institutional | independent,Institutional | unknown,adjudicated,"chain: A independent, B unknown; unrecognized single-site school/daycare name"
HEALTH2017-003582,MCDONALD'S,Fast Food,burgers,national_regional,,high,known chain,Fast Food | national_regional,Fast Food | national_regional,agreed,
HEALTH2017-003583,MCDONALD'S #6504,Fast Food,burgers,national_regional,,high,known chain,Fast Food | national_regional,Fast Food | national_regional,agreed,
HEALTH2017-003616,MCDONALD'S OF WALMART,Fast Food,burgers,national_regional,,high,known chain,Fast Food | national_regional,Fast Food | national_regional,agreed,
HEALTH2017-003617,MCDONALD OF WAL-MART,Fast Food,burgers,national_regional,,high,known chain,Fast Food | national_regional,Fast Food | national_regional,agreed,
HEALTH2017-003702,SQUARE BURGER,"American (sit-down, bars, venues)",burgers,independent,,medium,name,"American (sit-down, bars, venues) | independent","American (sit-down, bars, venues) | independent",agreed,
HEALTH2017-003717,DOLLAR TREE #3294,Convenience/Gas,dollar/discount store,national_regional,,high,known chain,Convenience/Gas | national_regional,Convenience/Gas | national_regional,agreed,
HEALTH2017-003722,SWEET CAROLINE'S GELATO,Coffee/Cafe/Bakery/Dessert,gelato,independent,,high,name,Coffee/Cafe/Bakery/Dessert | independent,Coffee/Cafe/Bakery/Dessert | independent,agreed,
HEALTH2017-003759,ITALIAN GARDEN,Pizza/Italian,Italian,independent,,high,"name; comments mention tortellini, meatballs",Pizza/Italian | independent,Pizza/Italian | independent,agreed,
HEALTH2017-003760,SILK ROAD THAI CUISINE,Thai,Thai,independent,,high,name,Thai | independent,Thai | independent,agreed,
HEALTH2017-003846,OAK HOLLOW GOLF COURSE,"American (sit-down, bars, venues)",golf course grill,independent,,medium,name (golf course),"American (sit-down, bars, venues) | independent","American (sit-down, bars, venues) | independent",agreed,
HEALTH2017-003865,CADILLAC PIZZA,Pizza/Italian,pizza,independent,,high,name,Pizza/Italian | independent,Pizza/Italian | independent,agreed,
HEALTH2017-003874,SONNTAG ELEMENTARY,Institutional,school cafeteria/concession,local_multi,,high,school name,Institutional | local_multi,Institutional | local_multi,agreed,
HEALTH2017-003925,ON THE BORDER,Mexican/Tex-Mex/Latin,Tex-Mex,national_regional,,high,known chain,Mexican/Tex-Mex/Latin | national_regional,Mexican/Tex-Mex/Latin | national_regional,agreed,
HEALTH2017-003949,FUSION TEA ROOM,Coffee/Cafe/Bakery/Dessert,tea,independent,,medium,name; Trade Days vendor,Coffee/Cafe/Bakery/Dessert | independent,Coffee/Cafe/Bakery/Dessert | independent,agreed,
HEALTH2017-003970,PATINA GREEN HOME AND MARKET,Deli/Sandwich/Salad,cafe and home-goods market,independent,,medium,name; known downtown cafe/market,Deli/Sandwich/Salad | independent,Deli/Sandwich/Salad | independent,agreed,
HEALTH2017-004000,DONUT BLISS,Coffee/Cafe/Bakery/Dessert,donuts/bagels,local_multi,,high,name,Coffee/Cafe/Bakery/Dessert | local_multi,Coffee/Cafe/Bakery/Dessert | independent,adjudicated,"chain: A local_multi, B independent; two McKinney locations in the data (Eldorado Pkwy and Virginia Pkwy)"
HEALTH2017-004056,BENNY'S BAGELS,Coffee/Cafe/Bakery/Dessert,donuts/bagels,independent,,high,name,Coffee/Cafe/Bakery/Dessert | independent,Coffee/Cafe/Bakery/Dessert | independent,agreed,
HEALTH2017-004073,McCLURE ELEMENTARY CAFETERIA,Institutional,school cafeteria/concession,local_multi,,high,school name,Institutional | local_multi,Institutional | local_multi,agreed,
HEALTH2017-004120,SUBWAY #43170,Deli/Sandwich/Salad,sub sandwiches,national_regional,,high,known chain,Deli/Sandwich/Salad | national_regional,Deli/Sandwich/Salad | national_regional,agreed,
HEALTH2017-004189,STONEFIELD ASSISTED LIVING,Institutional,senior living / nursing,unknown,,high,senior living name,Institutional | independent,Institutional | unknown,adjudicated,"chain: A independent, B unknown; unrecognized senior-living/nursing name (often owned by multi-site operators under local names)"
HEALTH2017-004200,ALON,Convenience/Gas,gas station/convenience store (Alon fuel brand),independent,,medium,name is a fuel brand; walk-in and food handler only,Unknown | unknown,Convenience/Gas | national_regional,adjudicated,"fuel-branded stations coded independent (dealer-operated), same as Exxon and Shell stations"
HEALTH2017-004224,BERMUDA'S GRILL & BAR,"American (sit-down, bars, venues)",bar & grill,independent,,high,name,"American (sit-down, bars, venues) | independent","American (sit-down, bars, venues) | independent",agreed,
HEALTH2017-004279,MCDONALD'S #5011,Fast Food,burgers,national_regional,,high,known chain,Fast Food | national_regional,Fast Food | national_regional,agreed,
HEALTH2017-004303,FUZZY'S TACO SHOP,Mexican/Tex-Mex/Latin,tacos (Tex-Mex),national_regional,,high,known chain,Mexican/Tex-Mex/Latin | national_regional,Mexican/Tex-Mex/Latin | national_regional,agreed,
HEALTH2017-004328,CHERRY BERRY YOGURT BAR,Coffee/Cafe/Bakery/Dessert,frozen yogurt,national_regional,,high,known chain,Coffee/Cafe/Bakery/Dessert | national_regional,Coffee/Cafe/Bakery/Dessert | national_regional,agreed,
HEALTH2017-004332,HAMM'S CUSTOM MEATS,Grocery/Market,meat market,independent,independent_specialty,high,name,Grocery/Market | independent | independent_specialty,Grocery/Market | independent | independent_specialty,agreed,
HEALTH2017-004370,DICKEYS BARBECUE PIT,"American (sit-down, bars, venues)",BBQ,national_regional,,high,known chain,"American (sit-down, bars, venues) | national_regional","American (sit-down, bars, venues) | national_regional",agreed,
HEALTH2017-004371,KFC #J625030,Fast Food,fried chicken,national_regional,,high,known chain,Fast Food | national_regional,Fast Food | national_regional,agreed,
HEALTH2017-004373,PIZZA HUT,Pizza/Italian,pizza,national_regional,,high,known chain,Pizza/Italian | national_regional,Pizza/Italian | national_regional,agreed,
HEALTH2017-004375,PIZZA HUT,Pizza/Italian,pizza,national_regional,,high,known chain,Pizza/Italian | national_regional,Pizza/Italian | national_regional,agreed,
HEALTH2017-004377,MOOYAH BURGERS & FRIES,Fast Food,burgers,national_regional,,high,known chain,Fast Food | national_regional,Fast Food | national_regional,agreed,
HEALTH2017-004378,KFC / TACO BELL #J625047,Fast Food,fried chicken / Taco Bell combo,national_regional,,high,known chain,Fast Food | national_regional,Fast Food | national_regional,agreed,
HEALTH2017-004401,TACO BELL #23487,Fast Food,Taco Bell,national_regional,,high,known chain,Fast Food | national_regional,Fast Food | national_regional,agreed,
HEALTH2017-004402,LOCAL YOCAL FARM TO MARKET,Grocery/Market,butcher / farm-to-market,independent,independent_specialty,medium,name,Grocery/Market | independent | independent_specialty,Grocery/Market | independent | independent_specialty,agreed,
HEALTH2017-004412,RACETRAC #340,Convenience/Gas,convenience store / gas station,national_regional,,high,name / known chain,Convenience/Gas | national_regional,Convenience/Gas | national_regional,agreed,
HEALTH2017-004443,JACK IN THE BOX,Fast Food,burgers,national_regional,,high,known chain,Fast Food | national_regional,Fast Food | national_regional,agreed,
HEALTH2017-004502,THE IVY OF MCKINNEY - SENIOR CENTER,Institutional,senior living / nursing,unknown,,high,senior living name,Institutional | unknown,Institutional | unknown,agreed,
HEALTH2017-004510,DONUT STATION,Coffee/Cafe/Bakery/Dessert,donuts/bagels,independent,,high,name,Coffee/Cafe/Bakery/Dessert | independent,Coffee/Cafe/Bakery/Dessert | independent,agreed,
HEALTH2017-004541,CVS PHARMACY #5952,Convenience/Gas,pharmacy,national_regional,,high,known chain,Convenience/Gas | national_regional,Convenience/Gas | national_regional,agreed,
HEALTH2017-004604,DURKIN'S PIZZA,Pizza/Italian,pizza,local_multi,,low,known chain,Pizza/Italian | national_regional,Pizza/Italian | independent,adjudicated,"chain: A national_regional, B independent; two McKinney locations in the data"
HEALTH2017-004634,THE IVY OF MCKINNEY- MEMORY CARE,Institutional,senior living / nursing,unknown,,high,senior living name,Institutional | unknown,Institutional | unknown,agreed,
HEALTH2017-004669,LA MICHOACANA MEAT MARHET - DELI,Grocery/Market,Hispanic meat market/grocery,national_regional,independent_specialty,high,known Texas chain,Grocery/Market | national_regional | independent_specialty,Grocery/Market | national_regional | independent_specialty,agreed,
HEALTH2017-004670,LA MICHOACANA MEAT MARKET - BAKERY,Grocery/Market,Hispanic meat market/grocery,national_regional,independent_specialty,high,known Texas chain,Grocery/Market | national_regional | independent_specialty,Grocery/Market | national_regional | independent_specialty,agreed,
HEALTH2017-004671,LA MICHOACANA MEAT MARKET - GROCERY,Grocery/Market,Hispanic meat market/grocery,national_regional,independent_specialty,high,known Texas chain,Grocery/Market | national_regional | independent_specialty,Grocery/Market | national_regional | independent_specialty,agreed,
HEALTH2017-004751,ERNESTO'S FINE MEXICAN FOOD,Mexican/Tex-Mex/Latin,Mexican,independent,,high,name,Mexican/Tex-Mex/Latin | independent,Mexican/Tex-Mex/Latin | independent,agreed,
HEALTH2017-004820,SONIC DRIVE IN,Fast Food,burgers/drive-in,national_regional,,high,known chain,Fast Food | national_regional,Fast Food | national_regional,agreed,
HEALTH2017-004880,KING BUFFET,Chinese,Chinese buffet,independent,,medium,buffet with wok line,Chinese | independent,Asian (unspecified) | independent,adjudicated,Chinese-American buffet; name is not pan-Asian
HEALTH2017-004921,RAZZOO'S CAJUN CAFE,"American (sit-down, bars, venues)",Cajun,national_regional,,high,known chain,"American (sit-down, bars, venues) | national_regional","American (sit-down, bars, venues) | national_regional",agreed,
HEALTH2017-004936,THE CHATEAU,Institutional,residential facility kitchen (likely senior living),unknown,,low,"institutional menu (meatloaf, fried rice, baked potatoes); 2020 note says establishment on lock down",Unknown | unknown,Institutional | independent,adjudicated,
HEALTH2017-004953,T.C. SHAVED ICE,Coffee/Cafe/Bakery/Dessert,shaved ice,independent,,high,name,Coffee/Cafe/Bakery/Dessert | independent,Coffee/Cafe/Bakery/Dessert | independent,agreed,
HEALTH2017-004970,WHATABURGER #1018,Fast Food,burgers,national_regional,,high,known chain,Fast Food | national_regional,Fast Food | national_regional,agreed,
HEALTH2017-005052,WONDERLAND MONTESSORI ACADEMY,Institutional,school/daycare,independent,,high,school/daycare name,Institutional | independent,Institutional | unknown,adjudicated,"chain: A independent, B unknown; unrecognized single-site school/daycare name"
HEALTH2017-005077,PIZZA HUT,Pizza/Italian,pizza,national_regional,,high,known chain,Pizza/Italian | national_regional,Pizza/Italian | national_regional,agreed,
HEALTH2017-005101,GOODIES TEXAS,Unknown,,unknown,,low,name only; notes list refrigerator temperatures only,Coffee/Cafe/Bakery/Dessert | independent,Other non-restaurant | independent,adjudicated,A: sweets shop; B: Texas gift store; neither supported by notes
HEALTH2017-005148,LOUISIANA STREET GRILL,"American (sit-down, bars, venues)",grill,independent,,medium,name,"American (sit-down, bars, venues) | independent","American (sit-down, bars, venues) | independent",agreed,
HEALTH2017-005151,TACO BELL #27875,Fast Food,Taco Bell,national_regional,,high,known chain,Fast Food | national_regional,Fast Food | national_regional,agreed,
HEALTH2017-005163,HARLOW'S,Venue/Concession,Trade Days vendor (food not identified),independent,,low,permit at Trade Days grounds,Unknown | unknown,Venue/Concession | independent,adjudicated,"event vendors with unidentified food coded Venue/Concession, as agreed for Itsy Bites"
HEALTH2017-005173,VALUE MART,Convenience/Gas,convenience store / gas station,independent,,medium,name / known chain,Convenience/Gas | independent,Convenience/Gas | unknown,adjudicated,"chain: A independent, B unknown; unrecognized single-store convenience name"
HEALTH2017-005184,SCOOTER'S COFFEEHOUSE,Coffee/Cafe/Bakery/Dessert,coffee,national_regional,,high,known chain,Coffee/Cafe/Bakery/Dessert | national_regional,Coffee/Cafe/Bakery/Dessert | national_regional,agreed,
HEALTH2017-005196,GRILLED ONION BURGERS,"American (sit-down, bars, venues)",burgers,independent,,medium,name; Trade Days trailer,"American (sit-down, bars, venues) | independent","American (sit-down, bars, venues) | independent",agreed,
HEALTH2017-005217,CULVERS,Fast Food,burgers / frozen custard,national_regional,,high,known chain,Fast Food | national_regional,Fast Food | national_regional,agreed,
HEALTH2017-005266,THE TILTED KETTLE,Venue/Concession,kettle corn,independent,,medium,name; Trade Days vendor,Venue/Concession | independent,Venue/Concession | independent,agreed,
HEALTH2017-005287,MOOYAH BURGERS,Fast Food,burgers,national_regional,,high,known chain,Fast Food | national_regional,Fast Food | national_regional,agreed,
HEALTH2017-005292,LIFETIME TENNIS,Venue/Concession,tennis club snack bar,unknown,,low,name; no open foods on site,Venue/Concession | national_regional,Venue/Concession | independent,adjudicated,"chain: A national_regional, B independent; possible Life Time club; not established"
HEALTH2017-005386,GABE NESBIT BASEBALL COMPLEX,Venue/Concession,baseball complex concession,independent,,medium,name,Venue/Concession | independent,Venue/Concession | independent,agreed,
HEALTH2017-005407,PIZZA HUT,Pizza/Italian,pizza,national_regional,,high,known chain,Pizza/Italian | national_regional,Pizza/Italian | national_regional,agreed,
HEALTH2017-005415,COMSTOCK ELEMENTARY,Institutional,school cafeteria/concession,local_multi,,high,school name,Institutional | local_multi,Institutional | local_multi,agreed,
HEALTH2017-005487,7-Eleven #34108A,Convenience/Gas,convenience store / gas station,national_regional,,high,name / known chain,Convenience/Gas | national_regional,Convenience/Gas | national_regional,agreed,
HEALTH2017-005544,SNUG ON THE SQUARE,"American (sit-down, bars, venues)",pub/cafe,independent,,low,"name; comments mention ham, turkey, eggs","American (sit-down, bars, venues) | independent","American (sit-down, bars, venues) | independent",agreed,
HEALTH2017-005554,BAYLOR- TOWN SQUARE CAFE,Institutional,hospital cafe,national_regional,,high,Baylor hospital address,Institutional | national_regional,Institutional | national_regional,agreed,
HEALTH2017-005555,BAYLOR HOSPITAL- CHESTNUT VILLAGE (NEW PERMIT IS 2019-00321),Institutional,hospital,national_regional,,high,hospital name,Institutional | national_regional,Institutional | national_regional,agreed,
HEALTH2017-005619,IMGAINE INTERNATIONAL ACADEMY,Institutional,school/daycare,independent,,high,school/daycare name,Institutional | independent,Institutional | unknown,adjudicated,"chain: A independent, B unknown; unrecognized single-site school/daycare name"
HEALTH2017-005644,RIVERA'S SALVA TEX-MEX,Mexican/Tex-Mex/Latin,Salvadoran / Tex-Mex,independent,,high,name,Mexican/Tex-Mex/Latin | independent,Mexican/Tex-Mex/Latin | independent,agreed,
HEALTH2017-005709,DOLLAR GENERAL #3634,Convenience/Gas,dollar/discount store,national_regional,,high,known chain,Convenience/Gas | national_regional,Convenience/Gas | national_regional,agreed,
HEALTH2017-005803,AFC SUSHI @ KROGER #488,Grocery/Market,sushi counter inside Kroger #488,national_regional,mainstream_supermarket,medium,address is Kroger #488; name says inside/at store,Grocery/Market | national_regional | mainstream_supermarket,Japanese | national_regional,adjudicated,"B coded Japanese; in-store counters follow the agreed convention for supermarket food service (Target cafe, H-E-B BBQ counter, Costco food court); chain = host store"
HEALTH2017-005807,COLLIN COUNTY COURTHOUSE CAFE,Institutional,county jail/courthouse,independent,,high,name,Institutional | independent,Institutional | independent,agreed,
HEALTH2017-005876,PARK MANOR OF MCKINNEY,Institutional,senior living / nursing,national_regional,,high,senior living name,Institutional | national_regional,Institutional | national_regional,agreed,
HEALTH2017-005900,PALIO'S PIZZA CAFE,Pizza/Italian,pizza,national_regional,,high,known DFW chain,Pizza/Italian | national_regional,Pizza/Italian | national_regional,agreed,
HEALTH2017-005901,JC'S BURGER HOUSE,"American (sit-down, bars, venues)",burgers,local_multi,,medium,name,"American (sit-down, bars, venues) | local_multi","American (sit-down, bars, venues) | local_multi",agreed,
HEALTH2017-005909,TACOS LOS CHANOS,Mexican/Tex-Mex/Latin,tacos,independent,,high,name,Mexican/Tex-Mex/Latin | independent,Mexican/Tex-Mex/Latin | independent,agreed,
HEALTH2017-005983,TEXAS TOFFEE,Coffee/Cafe/Bakery/Dessert,toffee/candy (farmers market),independent,,medium,name,Coffee/Cafe/Bakery/Dessert | independent,Coffee/Cafe/Bakery/Dessert | independent,agreed,
HEALTH2017-005989,THE TAMALE CO.,Mexican/Tex-Mex/Latin,tamales (farmers market),independent,,high,name; comments mention tamales,Mexican/Tex-Mex/Latin | independent,Mexican/Tex-Mex/Latin | independent,agreed,
HEALTH2017-005992,RAISING CANE'S,Fast Food,chicken fingers,national_regional,,high,known chain,Fast Food | national_regional,Fast Food | national_regional,agreed,
HEALTH2017-006009,CITA'S SALSA,Other non-restaurant,packaged salsa (farmers market),independent,,medium,name,Other non-restaurant | independent,Other non-restaurant | independent,agreed,
HEALTH2017-006045,MCDONALD'S #3022,Fast Food,burgers,national_regional,,high,known chain,Fast Food | national_regional,Fast Food | national_regional,agreed,
HEALTH2017-006065,DANDY DONUTS,Coffee/Cafe/Bakery/Dessert,donuts/bagels,independent,,high,name,Coffee/Cafe/Bakery/Dessert | independent,Coffee/Cafe/Bakery/Dessert | independent,agreed,
HEALTH2017-006067,QUIKTRIP #963,Convenience/Gas,convenience store / gas station,national_regional,,high,name / known chain,Convenience/Gas | national_regional,Convenience/Gas | national_regional,agreed,
HEALTH2017-006085,EL POLLO REGIO,Fast Food,grilled chicken,national_regional,,high,known chain,Fast Food | national_regional,Fast Food | national_regional,agreed,
HEALTH2017-006120,NEW MIDWAY,Convenience/Gas,"convenience store (sandwiches, sodas, milk)",independent,,medium,"notes hot-held and cold sandwiches, soda nozzles, milk; food handler only",Unknown | unknown,Convenience/Gas | independent,adjudicated,
HEALTH2017-006157,PIZZA HUT,Pizza/Italian,pizza,national_regional,,high,known chain,Pizza/Italian | national_regional,Pizza/Italian | national_regional,agreed,
HEALTH2017-006189,FRESH ONE DONUTS,Coffee/Cafe/Bakery/Dessert,donuts/bagels,independent,,high,name,Coffee/Cafe/Bakery/Dessert | independent,Coffee/Cafe/Bakery/Dessert | independent,agreed,
HEALTH2017-006193,MARBLE SLAB CREAMERY,Coffee/Cafe/Bakery/Dessert,ice cream,national_regional,,high,known chain,Coffee/Cafe/Bakery/Dessert | national_regional,Coffee/Cafe/Bakery/Dessert | national_regional,agreed,
HEALTH2017-006208,ORANGE LEAF FROZEN YOGURT,Coffee/Cafe/Bakery/Dessert,frozen yogurt,national_regional,,high,known chain,Coffee/Cafe/Bakery/Dessert | national_regional,Coffee/Cafe/Bakery/Dessert | national_regional,agreed,
HEALTH2017-006215,GOODY ASIAN CUISINE,Asian (unspecified),pan-Asian,independent,,medium,name,Asian (unspecified) | independent,Asian (unspecified) | independent,agreed,
HEALTH2017-006230,BLUE GOOSE,Mexican/Tex-Mex/Latin,Tex-Mex,local_multi,,high,name; known DFW Tex-Mex chain,Mexican/Tex-Mex/Latin | local_multi,Mexican/Tex-Mex/Latin | local_multi,agreed,
HEALTH2017-006246,PHO QUE HUONG,Vietnamese,Vietnamese,independent,,high,name,Vietnamese | independent,Vietnamese | independent,agreed,
HEALTH2017-006268,HOONAM DONUTS,Coffee/Cafe/Bakery/Dessert,donuts/bagels,independent,,high,name,Coffee/Cafe/Bakery/Dessert | independent,Coffee/Cafe/Bakery/Dessert | independent,agreed,
HEALTH2017-006275,MCKINNEY'S SWEET SPOT,Coffee/Cafe/Bakery/Dessert,dessert shop,independent,,medium,name,Coffee/Cafe/Bakery/Dessert | independent,Coffee/Cafe/Bakery/Dessert | independent,agreed,
HEALTH2017-006302,CIRCLE K #2741759,Convenience/Gas,convenience store / gas station,national_regional,,high,name / known chain,Convenience/Gas | national_regional,Convenience/Gas | national_regional,agreed,
HEALTH2017-006323,CICI'S PIZZA,Pizza/Italian,pizza,national_regional,,high,known chain,Pizza/Italian | national_regional,Pizza/Italian | national_regional,agreed,
HEALTH2017-006336,SPROUTS FARMERS MARKET-GROCERY,Grocery/Market,Sprouts - grocery,national_regional,mainstream_supermarket,high,known chain,Grocery/Market | national_regional | mainstream_supermarket,Grocery/Market | national_regional | mainstream_supermarket,agreed,
HEALTH2017-006337,SPROUTS FARMERS MARKET-MEAT,Grocery/Market,Sprouts - meat,national_regional,mainstream_supermarket,high,known chain,Grocery/Market | national_regional | mainstream_supermarket,Grocery/Market | national_regional | mainstream_supermarket,agreed,
HEALTH2017-006340,SPROUTS FARMERS MARKET-BAKERY,Grocery/Market,Sprouts - bakery,national_regional,mainstream_supermarket,high,known chain,Grocery/Market | national_regional | mainstream_supermarket,Grocery/Market | national_regional | mainstream_supermarket,agreed,
HEALTH2017-006341,SPROUTS FARMERS MARKET-PRODUCE,Grocery/Market,Sprouts - produce,national_regional,mainstream_supermarket,high,known chain,Grocery/Market | national_regional | mainstream_supermarket,Grocery/Market | national_regional | mainstream_supermarket,agreed,
HEALTH2017-006402,LITTLE CAESARS,Pizza/Italian,pizza,national_regional,,high,known chain,Pizza/Italian | national_regional,Pizza/Italian | national_regional,agreed,
HEALTH2017-006405,THE PREP SCHOOL OF MCKINNEY,Institutional,school/daycare,independent,,high,school/daycare name,Institutional | independent,Institutional | unknown,adjudicated,"chain: A independent, B unknown; unrecognized single-site school/daycare name"
HEALTH2017-006504,1 STOP,Convenience/Gas,convenience store / gas station,independent,,medium,name / known chain,Convenience/Gas | independent,Convenience/Gas | unknown,adjudicated,"chain: A independent, B unknown; unrecognized single-store convenience name"
HEALTH2017-006567,WINCO FOODS - GROCERY,Grocery/Market,WinCo - grocery,national_regional,mainstream_supermarket,high,known chain,Grocery/Market | national_regional | mainstream_supermarket,Grocery/Market | national_regional | mainstream_supermarket,agreed,
HEALTH2017-006568,WINCO FOODS - BAKERY,Grocery/Market,WinCo - bakery,national_regional,mainstream_supermarket,high,known chain,Grocery/Market | national_regional | mainstream_supermarket,Grocery/Market | national_regional | mainstream_supermarket,agreed,
HEALTH2017-006569,WINCO FOODS - MEAT,Grocery/Market,WinCo - meat,national_regional,mainstream_supermarket,high,known chain,Grocery/Market | national_regional | mainstream_supermarket,Grocery/Market | national_regional | mainstream_supermarket,agreed,
HEALTH2017-006570,WINCO FOODS - PRODUCE,Grocery/Market,WinCo - produce,national_regional,mainstream_supermarket,high,known chain,Grocery/Market | national_regional | mainstream_supermarket,Grocery/Market | national_regional | mainstream_supermarket,agreed,
HEALTH2017-006571,WINCO FOODS - DELI,Grocery/Market,WinCo - deli,national_regional,mainstream_supermarket,high,known chain,Grocery/Market | national_regional | mainstream_supermarket,Grocery/Market | national_regional | mainstream_supermarket,agreed,
HEALTH2017-006609,GRAND BROOK,Institutional,senior living / nursing,local_multi,,low,senior living name,Institutional | local_multi,Institutional | national_regional,adjudicated,"chain: A local_multi, B national_regional; DFW memory-care brand"
HEALTH2017-006634,WENDY'S #10650,Fast Food,burgers,national_regional,,high,known chain,Fast Food | national_regional,Fast Food | national_regional,agreed,
HEALTH2017-006635,WENDY'S #8263,Fast Food,burgers,national_regional,,high,known chain,Fast Food | national_regional,Fast Food | national_regional,agreed,
HEALTH2017-006639,PINK POODLE II,Venue/Concession,event concession (hot dogs),independent,,low,Trade Days vendor; comments mention hot dogs,Venue/Concession | independent,Venue/Concession | independent,agreed,
HEALTH2017-006661,PIONEER RIDGE,Institutional,senior living / nursing,unknown,,high,senior living name,Institutional | independent,Institutional | unknown,adjudicated,"chain: A independent, B unknown; unrecognized senior-living/nursing name (often owned by multi-site operators under local names)"
HEALTH2017-006702,HARRY'S AT THE HARBOR,"American (sit-down, bars, venues)",American grill,independent,,low,"comments mention meatballs, pasta, beef, chicken, fish","American (sit-down, bars, venues) | independent","American (sit-down, bars, venues) | independent",agreed,
HEALTH2017-006735,BIG LOTS #1462,Convenience/Gas,dollar/discount store,national_regional,,medium,known chain,Convenience/Gas | national_regional,Convenience/Gas | national_regional,agreed,
HEALTH2017-006824,HANS 7-ELEVEN,Convenience/Gas,convenience store / gas station,national_regional,,high,name / known chain,Convenience/Gas | national_regional,Convenience/Gas | national_regional,agreed,
HEALTH2017-006832,OUMI SUSHI @ SPROUTS 132,Grocery/Market,sushi counter inside Sprouts,national_regional,mainstream_supermarket,medium,address is Sprouts; name says inside/at store,Grocery/Market | unknown | mainstream_supermarket,Japanese | national_regional,adjudicated,"B coded Japanese; in-store counters follow the agreed convention for supermarket food service (Target cafe, H-E-B BBQ counter, Costco food court); chain = host store"
HEALTH2017-006879,NOM NOMS MEXICAN GRILL-N-CHILL,Mexican/Tex-Mex/Latin,Mexican,independent,,high,name,Mexican/Tex-Mex/Latin | independent,Mexican/Tex-Mex/Latin | independent,agreed,
HEALTH2017-006884,MARCOS PIZZA,Pizza/Italian,pizza,national_regional,,high,known chain,Pizza/Italian | national_regional,Pizza/Italian | national_regional,agreed,
HEALTH2017-006896,THE DONUT KITCHEN,Coffee/Cafe/Bakery/Dessert,donuts/bagels,independent,,high,name,Coffee/Cafe/Bakery/Dessert | independent,Coffee/Cafe/Bakery/Dessert | independent,agreed,
HEALTH2017-006961,THE LEARNING EXPERIENCE,Institutional,school/daycare,national_regional,,high,school/daycare name,Institutional | national_regional,Institutional | national_regional,agreed,
HEALTH2017-006974,WE-R-NUTZ,Venue/Concession,roasted nuts,independent,,medium,name; Trade Days vendor,Venue/Concession | independent,Venue/Concession | independent,agreed,
HEALTH2017-006975,SCOTT ELEMENTARY,Institutional,school cafeteria/concession,local_multi,,high,school name,Institutional | local_multi,Institutional | local_multi,agreed,
HEALTH2017-007032,TRADER JOES,Grocery/Market,Trader Joe's,national_regional,mainstream_supermarket,high,known chain,Grocery/Market | national_regional | mainstream_supermarket,Grocery/Market | national_regional | mainstream_supermarket,agreed,
HEALTH2017-007089,STREET MUNCHIES,Venue/Concession,street snacks (sausage),independent,,medium,name; Trade Days vendor,Venue/Concession | independent,Venue/Concession | independent,agreed,
HEALTH2017-007152,PSA MCKINNEY,Venue/Concession,sports facility concession,independent,,low,"comments mention pizza in hot hold, cheese",Venue/Concession | unknown,Venue/Concession | independent,adjudicated,"chain: A unknown, B independent; name not recognized as a chain"
HEALTH2017-007214,BAHAMA BUCKS,Coffee/Cafe/Bakery/Dessert,shaved ice,national_regional,,high,known chain,Coffee/Cafe/Bakery/Dessert | national_regional,Coffee/Cafe/Bakery/Dessert | national_regional,agreed,
HEALTH2017-007224,BERMUDA'S GRILL & BAR,"American (sit-down, bars, venues)",bar & grill,independent,,high,name,"American (sit-down, bars, venues) | independent","American (sit-down, bars, venues) | independent",agreed,
HEALTH2017-007228,DEL SUR GRILL,Mexican/Tex-Mex/Latin,Mexican grill in gas station,independent,,medium,"comments mention steak, beans; same site later Del Sur Tacos",Mexican/Tex-Mex/Latin | independent,Mexican/Tex-Mex/Latin | independent,agreed,
HEALTH2017-007259,LONE STAR FOOD STORE #57,Convenience/Gas,convenience store / gas station,local_multi,,high,name / known chain,Convenience/Gas | local_multi,Convenience/Gas | local_multi,agreed,
HEALTH2017-007260,LONE STAR FOOD STORE #37,Convenience/Gas,convenience store / gas station,local_multi,,high,name / known chain,Convenience/Gas | local_multi,Convenience/Gas | local_multi,agreed,
HEALTH2017-007263,COFFEE DEL REY,Coffee/Cafe/Bakery/Dessert,coffee (farmers market),independent,,medium,name,Coffee/Cafe/Bakery/Dessert | independent,Coffee/Cafe/Bakery/Dessert | independent,agreed,
HEALTH2017-007277,ECLAIR BISTRO,Other cuisine,French bistro,independent,,low,name (eclair bistro),Other cuisine | independent,Other cuisine | independent,agreed,
HEALTH2017-007280,NINE TEEN DEGREES SPORTS BAR & GRILL,"American (sit-down, bars, venues)",sports bar,independent,,high,name,"American (sit-down, bars, venues) | independent","American (sit-down, bars, venues) | independent",agreed,
HEALTH2017-007293,WALGREENS #16031,Convenience/Gas,pharmacy,national_regional,,high,known chain,Convenience/Gas | national_regional,Convenience/Gas | national_regional,agreed,
HEALTH2017-007294,SHERATON MCKINNEY,Hotel/Caterer/Commissary,hotel,national_regional,,high,hotel name,Hotel/Caterer/Commissary | national_regional,Hotel/Caterer/Commissary | national_regional,agreed,
HEALTH2017-007295,JACK IN THE BOX #4794,Fast Food,burgers,national_regional,,high,known chain,Fast Food | national_regional,Fast Food | national_regional,agreed,
HEALTH2017-007333,TACO BELL #30590,Fast Food,Taco Bell,national_regional,,high,known chain,Fast Food | national_regional,Fast Food | national_regional,agreed,
HEALTH2017-007369,THE SWEET STUMP,Coffee/Cafe/Bakery/Dessert,sweets (farmers market),independent,,low,name,Coffee/Cafe/Bakery/Dessert | independent,Coffee/Cafe/Bakery/Dessert | independent,agreed,
HEALTH2017-007392,ZIN ZEN WINE BISTRO,"American (sit-down, bars, venues)",wine bar bistro,independent,,medium,name; comments mention cheese,"American (sit-down, bars, venues) | independent","American (sit-down, bars, venues) | independent",agreed,
HEALTH2017-007408,DOLLAR TREE #05875,Convenience/Gas,dollar/discount store,national_regional,,high,known chain,Convenience/Gas | national_regional,Convenience/Gas | national_regional,agreed,
HEALTH2017-007460,KITCHENWARES ON THE SQUARE,Other non-restaurant,kitchenware store with demo kitchen,independent,,medium,name; kitchen not in operation,Other non-restaurant | independent,Other non-restaurant | independent,agreed,
HEALTH2017-007541,GOURMET TASTE OF TEXAS,Other non-restaurant,soup and dip mix vendor sampling (Trade Days),independent,,medium,notes dip mix and soups in crock pots,Venue/Concession | independent,Other non-restaurant | independent,adjudicated,"like agreed dip-mix vendors (Amazing Dip Co., Dee's Dip Heaven)"
HEALTH2017-007560,TUPPS BREWERY,"American (sit-down, bars, venues)",brewery,local_multi,,high,name; known local brewery,"American (sit-down, bars, venues) | local_multi","American (sit-down, bars, venues) | local_multi",agreed,
HEALTH2017-007569,HAMPTON INN & SUITES RESTAURANT,Hotel/Caterer/Commissary,hotel,national_regional,,high,hotel name,Hotel/Caterer/Commissary | national_regional,Hotel/Caterer/Commissary | national_regional,agreed,
HEALTH2017-007611,LA QUINTA INN & SUITES,Hotel/Caterer/Commissary,hotel,national_regional,,high,hotel name,Hotel/Caterer/Commissary | national_regional,Hotel/Caterer/Commissary | national_regional,agreed,
HEALTH2017-007618,KIDS R KIDS,Institutional,school/daycare,national_regional,,high,school/daycare name,Institutional | national_regional,Institutional | national_regional,agreed,
HEALTH2017-007622,SUGARBACON,"American (sit-down, bars, venues)",American brunch/dinner,independent,,high,name; known downtown restaurant,"American (sit-down, bars, venues) | independent","American (sit-down, bars, venues) | independent",agreed,
HEALTH2017-007645,DAYS-INN,Hotel/Caterer/Commissary,hotel,national_regional,,high,hotel name,Hotel/Caterer/Commissary | national_regional,Hotel/Caterer/Commissary | national_regional,agreed,
HEALTH2017-007665,SCHLOTZSKY'S,Deli/Sandwich/Salad,"deli sandwiches, salads",national_regional,,high,known chain,Deli/Sandwich/Salad | national_regional,Deli/Sandwich/Salad | national_regional,agreed,
HEALTH2017-007707,CHILDCARE NETWORK #265,Institutional,school/daycare,national_regional,,high,school/daycare name,Institutional | national_regional,Institutional | national_regional,agreed,
HEALTH2017-007712,MCKINNEY MONTESSORI,Institutional,school/daycare,independent,,high,school/daycare name,Institutional | independent,Institutional | unknown,adjudicated,"chain: A independent, B unknown; unrecognized single-site school/daycare name"
HEALTH2017-007719,PIAZZA ON THE GREEN,"American (sit-down, bars, venues)",event venue,independent,,low,name; TPC Dr venue address,"American (sit-down, bars, venues) | independent","American (sit-down, bars, venues) | independent",agreed,
HEALTH2017-007749,HEARTLAND MONTESSORI ACADEMY,Institutional,school/daycare,independent,,high,school/daycare name,Institutional | independent,Institutional | unknown,adjudicated,"chain: A independent, B unknown; unrecognized single-site school/daycare name"
HEALTH2017-007757,SUSHI GO,Japanese,sushi,independent,,medium,name,Japanese | independent,Japanese | independent,agreed,
HEALTH2017-007766,ITSY BITES,Venue/Concession,event food vendor,independent,,low,name suggests snacks; Trade Days vendor,Venue/Concession | independent,Venue/Concession | independent,agreed,
HEALTH2017-007771,PURE PLATES,Unknown,,independent,,low,name only; walk-in and chicken only,Unknown | independent,Hotel/Caterer/Commissary | independent,adjudicated,B read name as meal-prep kitchen; not supported by notes
HEALTH2017-007775,MONTESSORI SCHOOL OF EXCELLENCE,Institutional,school/daycare,independent,,high,school/daycare name,Institutional | independent,Institutional | unknown,adjudicated,"chain: A independent, B unknown; unrecognized single-site school/daycare name"
HEALTH2017-007800,SNUG ON THE SQUARE**** ON HOLD ***SEE NOTES***,"American (sit-down, bars, venues)",pub/cafe,independent,,low,name (Snug on the Square),"American (sit-down, bars, venues) | independent","American (sit-down, bars, venues) | independent",agreed,
HEALTH2017-007805,HUGS CAFE,Deli/Sandwich/Salad,"cafe: sandwiches, salads",independent,,medium,"name; comments mention potato salad, cream cheese",Deli/Sandwich/Salad | independent,Deli/Sandwich/Salad | independent,agreed,
HEALTH2017-007815,THE PUB MCKINNEY,"American (sit-down, bars, venues)",pub,independent,,high,"name; comments mention pork butt, eggs","American (sit-down, bars, venues) | independent","American (sit-down, bars, venues) | independent",agreed,
HEALTH2017-007818,MOUNTAINMAN JERKY COMPANY,Other non-restaurant,jerky (market vendor),independent,,medium,name,Other non-restaurant | independent,Other non-restaurant | independent,agreed,
HEALTH2017-007830,THE GODDARD SCHOOL,Institutional,school/daycare,national_regional,,high,school/daycare name,Institutional | national_regional,Institutional | national_regional,agreed,
HEALTH2017-007852,ADVENTURE KIDS PLAYCARE,Institutional,school/daycare,local_multi,,low,school/daycare name,Institutional | local_multi,Institutional | national_regional,adjudicated,"chain: A local_multi, B national_regional; DFW child-care brand"
HEALTH2017-007861,TAI SUSHI HOUSE,Japanese,sushi,independent,,high,name,Japanese | independent,Japanese | independent,agreed,
HEALTH2017-007868,QUALITY-INN,Hotel/Caterer/Commissary,hotel,national_regional,,high,hotel name,Hotel/Caterer/Commissary | national_regional,Hotel/Caterer/Commissary | national_regional,agreed,
HEALTH2017-007988,WAL-MART #6966 BAKERY,Grocery/Market,Walmart - bakery,national_regional,mainstream_supermarket,high,known chain,Grocery/Market | national_regional | mainstream_supermarket,Grocery/Market | national_regional | mainstream_supermarket,agreed,
HEALTH2017-007989,WAL-MART #6966 GROCERY,Grocery/Market,Walmart - grocery,national_regional,mainstream_supermarket,high,known chain,Grocery/Market | national_regional | mainstream_supermarket,Grocery/Market | national_regional | mainstream_supermarket,agreed,
HEALTH2017-007990,WAL-MART #6966 FUEL STATION,Convenience/Gas,Walmart fuel station,national_regional,,high,"known chain, fuel station",Convenience/Gas | national_regional,Convenience/Gas | national_regional,agreed,
HEALTH2017-007991,WALMART #6966 DELI & MEAT,Grocery/Market,Walmart - deli,national_regional,mainstream_supermarket,high,known chain,Grocery/Market | national_regional | mainstream_supermarket,Grocery/Market | national_regional | mainstream_supermarket,agreed,
HEALTH2017-007992,WAL-MART #6966 PRODUCE & FRUIT,Grocery/Market,Walmart - produce,national_regional,mainstream_supermarket,high,known chain,Grocery/Market | national_regional | mainstream_supermarket,Grocery/Market | national_regional | mainstream_supermarket,agreed,
HEALTH2017-007994,MCKINNEY PIZZA TAVERN,Pizza/Italian,pizza tavern,independent,,high,name,Pizza/Italian | independent,Pizza/Italian | independent,agreed,
HEALTH2017-007996,CIRCLE K #2741583,Convenience/Gas,convenience store / gas station,national_regional,,high,name / known chain,Convenience/Gas | national_regional,Convenience/Gas | national_regional,agreed,
HEALTH2017-007997,M&M EXPRESS,Venue/Concession,Trade Days vendor (food not identified),independent,,low,permit at Trade Days grounds,Unknown | unknown,Venue/Concession | independent,adjudicated,"event vendors with unidentified food coded Venue/Concession, as agreed for Itsy Bites"
HEALTH2017-008015,MR. TAKO,Mexican/Tex-Mex/Latin,Mexican,independent,,medium,"comments mention beans, rice",Mexican/Tex-Mex/Latin | independent,Mexican/Tex-Mex/Latin | independent,agreed,
HEALTH2017-008057,GENIUS CHILD OF MCKINNEY,Institutional,school/daycare,independent,,high,school/daycare name,Institutional | independent,Institutional | unknown,adjudicated,"chain: A independent, B unknown; unrecognized single-site school/daycare name"
HEALTH2017-008065,TEXAS TEA OUTLET,Coffee/Cafe/Bakery/Dessert,tea,independent,,low,name; Trade Days vendor,Coffee/Cafe/Bakery/Dessert | independent,Coffee/Cafe/Bakery/Dessert | independent,agreed,
HEALTH2017-008066,DELANEY'S IRISH PUB,"American (sit-down, bars, venues)",Irish pub,independent,,high,name,"American (sit-down, bars, venues) | independent","American (sit-down, bars, venues) | independent",agreed,
HEALTH2017-008067,CVS PHARMACY #10675,Convenience/Gas,pharmacy,national_regional,,high,known chain,Convenience/Gas | national_regional,Convenience/Gas | national_regional,agreed,
HEALTH2017-008073,MCKINNEY SOCCER ASSOCIATION CONCESSION STAND,Venue/Concession,youth soccer concession,independent,,high,name,Venue/Concession | independent,Venue/Concession | independent,agreed,
HEALTH2017-008076,BRAUM'S ICE CREAM #86,Fast Food,burgers / ice cream / dairy store,national_regional,,high,known chain,Fast Food | national_regional,Fast Food | national_regional,agreed,
HEALTH2017-008082,SWEET ART BAKERY,Coffee/Cafe/Bakery/Dessert,bakery,independent,,high,name,Coffee/Cafe/Bakery/Dessert | independent,Coffee/Cafe/Bakery/Dessert | independent,agreed,
HEALTH2017-008083,SUBWAY,Deli/Sandwich/Salad,sub sandwiches,national_regional,,high,known chain,Deli/Sandwich/Salad | national_regional,Deli/Sandwich/Salad | national_regional,agreed,
HEALTH2017-008106,DADDY'S TACOS,Mexican/Tex-Mex/Latin,tacos,independent,,high,name,Mexican/Tex-Mex/Latin | independent,Mexican/Tex-Mex/Latin | independent,agreed,
HEALTH2017-008116,GREGORY'S BISTRO,Unknown,bistro (cuisine not evident),independent,,low,name says bistro; no food items noted,Unknown | independent,"American (sit-down, bars, venues) | independent",adjudicated,
HEALTH2017-008121,GABE NESBIT SOFTBALL,Venue/Concession,softball complex concession,independent,,medium,name,Venue/Concession | independent,Venue/Concession | independent,agreed,
HEALTH2017-008123,MANNA DONUTS,Coffee/Cafe/Bakery/Dessert,donuts/bagels,independent,,high,name,Coffee/Cafe/Bakery/Dessert | independent,Coffee/Cafe/Bakery/Dessert | independent,agreed,
HEALTH2017-008131,TOWNEPLACE SUITES,Hotel/Caterer/Commissary,hotel,national_regional,,high,hotel name,Hotel/Caterer/Commissary | national_regional,Hotel/Caterer/Commissary | national_regional,agreed,
HEALTH2017-008158,GAME DAY FOODS,Other non-restaurant,farmers market vendor (product not identified),independent,,low,farmers market vendor,Unknown | unknown,Other non-restaurant | independent,adjudicated,"market product vendors coded Other non-restaurant, as in agreed farmers-market rows"
HEALTH2017-008178,GILBERT PRUETT LOCAL FAMILY FARMS,Other non-restaurant,farmers market produce vendor,independent,,medium,farmers market vendor,Grocery/Market | independent | independent_specialty,Other non-restaurant | independent,adjudicated,"market product vendors coded Other non-restaurant, as in agreed farmers-market rows"
HEALTH2017-008183,EMA MARKETING AND SALES,Other non-restaurant,farmers market vendor (product not identified),independent,,low,farmers market vendor,Unknown | unknown,Other non-restaurant | independent,adjudicated,"market product vendors coded Other non-restaurant, as in agreed farmers-market rows"
HEALTH2017-008191,DONUT HOUSE,Coffee/Cafe/Bakery/Dessert,donuts/bagels,independent,,high,name,Coffee/Cafe/Bakery/Dessert | independent,Coffee/Cafe/Bakery/Dessert | independent,agreed,
HEALTH2017-008198,KIDDIE ACADEMY OF STONEBRIDGE,Institutional,school/daycare,national_regional,,high,school/daycare name,Institutional | national_regional,Institutional | national_regional,agreed,
HEALTH2017-008202,CHINA POT *** CHANGE OF OWNERSHIP 4/30/20,Chinese,Chinese,independent,,high,name,Chinese | independent,Chinese | independent,agreed,
HEALTH2017-008203,CHILDREN'S LEARNING ADVENTURE,Institutional,school/daycare,national_regional,,high,school/daycare name,Institutional | national_regional,Institutional | national_regional,agreed,
HEALTH2017-008225,DOS CHARROS,Mexican/Tex-Mex/Latin,Mexican,independent,,medium,name,Mexican/Tex-Mex/Latin | independent,Mexican/Tex-Mex/Latin | independent,agreed,
HEALTH2017-008265,DOMINO'S PIZZA #6806,Pizza/Italian,pizza,national_regional,,high,known chain,Pizza/Italian | national_regional,Pizza/Italian | national_regional,agreed,
HEALTH2017-008281,BUTCHER BOARD,"American (sit-down, bars, venues)",BBQ,independent,,medium,"comments mention brisket, ribs","American (sit-down, bars, venues) | independent","American (sit-down, bars, venues) | independent",agreed,
HEALTH2017-008305,GRANDY'S,Fast Food,fried chicken,national_regional,,high,known chain,Fast Food | national_regional,Fast Food | national_regional,agreed,
HEALTH2017-008330,GOLDEN GRACE DAHS,Institutional,nonprofit social services,independent,,high,name,Institutional | independent,Institutional | independent,agreed,
HEALTH2017-008341,CIRCLE K #2741585,Convenience/Gas,convenience store / gas station,national_regional,,high,name / known chain,Convenience/Gas | national_regional,Convenience/Gas | national_regional,agreed,
HEALTH2017-008348,ALDI PRODUCE,Grocery/Market,Aldi - produce,national_regional,mainstream_supermarket,high,known chain,Grocery/Market | national_regional | mainstream_supermarket,Grocery/Market | national_regional | mainstream_supermarket,agreed,
HEALTH2017-008349,ALDI GROCERY,Grocery/Market,Aldi - grocery,national_regional,mainstream_supermarket,high,known chain,Grocery/Market | national_regional | mainstream_supermarket,Grocery/Market | national_regional | mainstream_supermarket,agreed,
HEALTH2017-008378,FIREHOUSE SUBS,Deli/Sandwich/Salad,sub sandwiches,national_regional,,high,known chain,Deli/Sandwich/Salad | national_regional,Deli/Sandwich/Salad | national_regional,agreed,
HEALTH2017-008415,CAVALLI PIZZA,Pizza/Italian,pizza,local_multi,,high,name,Pizza/Italian | independent,Pizza/Italian | local_multi,adjudicated,"chain: A independent, B local_multi; DFW pizza chain"
HEALTH2017-008424,MIGHTY QUICK,Convenience/Gas,convenience store / gas station,independent,,medium,name / known chain,Convenience/Gas | independent,Convenience/Gas | unknown,adjudicated,"chain: A independent, B unknown; unrecognized single-store convenience name"
HEALTH2017-008465,EDIBLE ARRANGEMENTS,Coffee/Cafe/Bakery/Dessert,fruit arrangements / dipped fruit,national_regional,,high,known chain,Coffee/Cafe/Bakery/Dessert | national_regional,Coffee/Cafe/Bakery/Dessert | national_regional,agreed,
HEALTH2017-008474,HUGHES ELEMENTARY,Institutional,school cafeteria/concession,local_multi,,high,school name,Institutional | local_multi,Institutional | local_multi,agreed,
HEALTH2017-008483,CHIMMY TEA,Coffee/Cafe/Bakery/Dessert,tea (farmers market),independent,,medium,name,Coffee/Cafe/Bakery/Dessert | independent,Coffee/Cafe/Bakery/Dessert | independent,agreed,
HEALTH2017-008484,CARIBBEAN ISLE,Venue/Concession,"event concession (chili, hot dogs, taco meat)",independent,,medium,"notes chili, hot dogs, taco meat, strawberries",Other cuisine | independent,Venue/Concession | independent,adjudicated,name suggests Caribbean but food is generic fair fare
HEALTH2017-008515,WHATABURGER #1105,Fast Food,burgers,national_regional,,high,known chain,Fast Food | national_regional,Fast Food | national_regional,agreed,
HEALTH2017-008528,SALI'S ITALIAN,Pizza/Italian,Italian,independent,,high,name,Pizza/Italian | independent,Pizza/Italian | independent,agreed,
HEALTH2017-008538,JUNGLE BURGER,"American (sit-down, bars, venues)",burgers,independent,,medium,name,"American (sit-down, bars, venues) | independent","American (sit-down, bars, venues) | independent",agreed,
HEALTH2017-008545,CHURCH'S CHICKEN #10983,Fast Food,fried chicken,national_regional,,high,known chain,Fast Food | national_regional,Fast Food | national_regional,agreed,
HEALTH2017-008549,MIMI'S GOURMET TEAS & CAPPUCCINO,Coffee/Cafe/Bakery/Dessert,tea and cappuccino,independent,,medium,name; Trade Days vendor,Coffee/Cafe/Bakery/Dessert | independent,Coffee/Cafe/Bakery/Dessert | independent,agreed,
HEALTH2017-008551,7-11 #37296,Convenience/Gas,convenience store / gas station,national_regional,,high,name / known chain,Convenience/Gas | national_regional,Convenience/Gas | national_regional,agreed,
HEALTH2017-008564,NEW CORTIGO,Other non-restaurant,farmers market vendor (product not identified),independent,,low,farmers market vendor,Unknown | unknown,Other non-restaurant | independent,adjudicated,"market product vendors coded Other non-restaurant, as in agreed farmers-market rows"
HEALTH2017-008566,XPLOR,Institutional,school/daycare,national_regional,,high,school/daycare name,Institutional | national_regional,Institutional | national_regional,agreed,
HEALTH2017-008573,MOVIEHOUSE & EATERY,Venue/Concession,dine-in movie theater,national_regional,,medium,known Texas chain,Venue/Concession | national_regional,Venue/Concession | local_multi,adjudicated,"chain: A national_regional, B local_multi; Texas dine-in theater chain in several metros"
HEALTH2017-008578,STARWOOD CAFE,"American (sit-down, bars, venues)",breakfast/lunch cafe,local_multi,,medium,name; known local cafe,"American (sit-down, bars, venues) | local_multi","American (sit-down, bars, venues) | local_multi",agreed,
HEALTH2017-008602,BIEN SALSA,Mexican/Tex-Mex/Latin,Tex-Mex,independent,,medium,name,Mexican/Tex-Mex/Latin | independent,Mexican/Tex-Mex/Latin | independent,agreed,
HEALTH2017-008626,OXFORD GRAND OF MCKINNEY,Institutional,senior living / nursing,national_regional,,high,senior living name,Institutional | local_multi,Institutional | national_regional,adjudicated,"chain: A local_multi, B national_regional; multi-state senior living operator"
HEALTH2017-008627,DEMPSEY'S PLACE,"American (sit-down, bars, venues)",bar,independent,,medium,"comments mention bar, turkey","American (sit-down, bars, venues) | independent","American (sit-down, bars, venues) | independent",agreed,bar & grill 2017-20; same address later DEMPSEY'S / DEMPSEY'S MARKETPLACE coded Convenience/Gas (business changed)
HEALTH2017-008635,MCKINNEY COPPER KITCHEN,Hotel/Caterer/Commissary,shared commercial kitchen,independent,,low,name; same site later used by a caterer,Hotel/Caterer/Commissary | unknown,Hotel/Caterer/Commissary | independent,adjudicated,"chain: A unknown, B independent; single shared commercial kitchen"
HEALTH2017-008681,MICHAEL JOHNSON PERFORMANCE CENTER,Venue/Concession,sports training center snack bar,independent,,low,name; comments mention shake mix,Venue/Concession | unknown,Venue/Concession | independent,adjudicated,"chain: A unknown, B independent; name not recognized as a chain"
HEALTH2017-008684,WINGSTOP #964,Fast Food,wings,national_regional,,high,known chain,Fast Food | national_regional,Fast Food | national_regional,agreed,
HEALTH2017-008705,PACIFIC TRADEWINDS,Unknown,,unknown,,low,name only; notes list milk only,Unknown | unknown,Coffee/Cafe/Bakery/Dessert | independent,adjudicated,B inferred coffee from milk; not enough
HEALTH2017-008808,TACO BELL #31798,Fast Food,Taco Bell,national_regional,,high,known chain,Fast Food | national_regional,Fast Food | national_regional,agreed,
HEALTH2017-008839,DODGE CITY OF MCKINNEY,Other non-restaurant,car dealership lounge,independent,,medium,name (car dealership),Other non-restaurant | independent,Other non-restaurant | independent,agreed,
HEALTH2017-008840,MCKINNEY BUICK GMC,Other non-restaurant,car dealership lounge,independent,,medium,name (car dealership),Other non-restaurant | independent,Other non-restaurant | independent,agreed,
HEALTH2017-008841,CHICK-FIL-A,Fast Food,fried chicken,national_regional,,high,known chain,Fast Food | national_regional,Fast Food | national_regional,agreed,
HEALTH2017-008842,A-BAKERY,Coffee/Cafe/Bakery/Dessert,bakery,independent,,high,name,Coffee/Cafe/Bakery/Dessert | independent,Coffee/Cafe/Bakery/Dessert | independent,agreed,
HEALTH2017-008864,NISSAN OF MCKINNEY,Other non-restaurant,car dealership lounge,independent,,medium,name (car dealership),Other non-restaurant | independent,Other non-restaurant | independent,agreed,
HEALTH2017-008876,FILTERED,Coffee/Cafe/Bakery/Dessert,coffee,independent,,low,name (Filtered),Coffee/Cafe/Bakery/Dessert | independent,Coffee/Cafe/Bakery/Dessert | independent,agreed,
HEALTH2017-008889,DONUT WORLD,Coffee/Cafe/Bakery/Dessert,donuts/bagels,independent,,high,name,Coffee/Cafe/Bakery/Dessert | independent,Coffee/Cafe/Bakery/Dessert | independent,agreed,
HEALTH2017-008897,RAINBOWS OLD WEST SODA,Venue/Concession,old-fashioned soda stand,independent,,medium,name; Trade Days vendor,Venue/Concession | independent,Venue/Concession | independent,agreed,
HEALTH2017-008900,HENDERSON KITCHEN AND TAP,"American (sit-down, bars, venues)",American kitchen and tap,independent,,medium,"name; comments mention steak, chili, marinara","American (sit-down, bars, venues) | independent","American (sit-down, bars, venues) | independent",agreed,
HEALTH2017-008905,WHATABURGER #1115,Fast Food,burgers,national_regional,,high,known chain,Fast Food | national_regional,Fast Food | national_regional,agreed,
HEALTH2017-008916,GUIDEPOST MONTESSORI ELDORADO,Institutional,school/daycare,national_regional,,high,school/daycare name,Institutional | national_regional,Institutional | national_regional,agreed,
HEALTH2017-008917,CHESTNUT SQUARE ACADEMY,Institutional,school/daycare,independent,,high,school/daycare name,Institutional | independent,Institutional | unknown,adjudicated,"chain: A independent, B unknown; unrecognized single-site school/daycare name"
HEALTH2017-008920,MR. JIM'S PIZZA #157,Pizza/Italian,pizza,national_regional,,high,known chain,Pizza/Italian | national_regional,Pizza/Italian | national_regional,agreed,
HEALTH2017-008926,GOLDEN CHICK,Fast Food,fried chicken,national_regional,,high,known chain,Fast Food | national_regional,Fast Food | national_regional,agreed,
HEALTH2017-008940,HARBORCHASE OF MCKINNEY,Institutional,senior living / nursing,national_regional,,high,senior living name,Institutional | national_regional,Institutional | national_regional,agreed,
HEALTH2017-008949,BROTHER'S PRODUCT,Other non-restaurant,packaged goods vendor with samples (farmers market),independent,,medium,notes packaged items and sampling,Unknown | unknown,Other non-restaurant | independent,adjudicated,
HEALTH2017-008961,GRADY LITTLEJOHN BASEBALL & SOFTBALL,Venue/Concession,baseball/softball complex concession,independent,,medium,name,Venue/Concession | independent,Venue/Concession | independent,agreed,
HEALTH2017-008963,PAPA MURPHY'S PIZZA,Pizza/Italian,take-and-bake pizza,national_regional,,high,known chain,Pizza/Italian | national_regional,Pizza/Italian | national_regional,agreed,
HEALTH2017-008969,DENNY'S #8726,"American (sit-down, bars, venues)",breakfast diner,national_regional,,high,known chain,"American (sit-down, bars, venues) | national_regional","American (sit-down, bars, venues) | national_regional",agreed,
HEALTH2017-008982,TRAILS OF IVY CHILD DEVELOPMENT,Institutional,school/daycare,independent,,high,school/daycare name,Institutional | independent,Institutional | unknown,adjudicated,"chain: A independent, B unknown; unrecognized single-site school/daycare name"
HEALTH2017-008987,HOLIDAY INN EXPRESS,Hotel/Caterer/Commissary,hotel,national_regional,,high,hotel name,Hotel/Caterer/Commissary | national_regional,Hotel/Caterer/Commissary | national_regional,agreed,
HEALTH2017-008989,MCKINNEY EXPRESS,Convenience/Gas,convenience store,independent,,medium,"comments mention milk, fruit cups for sale",Convenience/Gas | independent,Convenience/Gas | independent,agreed,
HEALTH2017-009007,THE AMAZING DIP COMPANY,Other non-restaurant,dip mixes (market vendor),independent,,medium,name,Other non-restaurant | independent,Other non-restaurant | independent,agreed,
HEALTH2017-009025,COLLIN COLLEGE CENTRAL PERKS,Institutional,college cafe,local_multi,,high,name,Institutional | local_multi,Institutional | local_multi,agreed,
HEALTH2017-009027,COLLIN COLLEGE CENTRAL PARK CATERING,Institutional,college cafe,local_multi,,high,name,Institutional | local_multi,Institutional | local_multi,agreed,
HEALTH2017-009129,TOM THUMB-STARBUCKS,Grocery/Market,Starbucks/coffee counter inside Tom Thumb #296,national_regional,mainstream_supermarket,medium,address is Tom Thumb #296; name says inside/at store,Grocery/Market | national_regional | mainstream_supermarket,Coffee/Cafe/Bakery/Dessert | national_regional,adjudicated,"B coded Coffee/Cafe/Bakery/Dessert; in-store counters follow the agreed convention for supermarket food service (Target cafe, H-E-B BBQ counter, Costco food court); chain = host store"
HEALTH2017-009153,TOM THUMB #3853 -GROCERY,Grocery/Market,Tom Thumb - grocery,national_regional,mainstream_supermarket,high,known chain,Grocery/Market | national_regional | mainstream_supermarket,Grocery/Market | national_regional | mainstream_supermarket,agreed,
HEALTH2017-009154,TOM THUMB #3853- BAKERY,Grocery/Market,Tom Thumb - bakery,national_regional,mainstream_supermarket,high,known chain,Grocery/Market | national_regional | mainstream_supermarket,Grocery/Market | national_regional | mainstream_supermarket,agreed,
HEALTH2017-009155,TOM THUMB #3853 - PRODUCE,Grocery/Market,Tom Thumb - produce,national_regional,mainstream_supermarket,high,known chain,Grocery/Market | national_regional | mainstream_supermarket,Grocery/Market | national_regional | mainstream_supermarket,agreed,
HEALTH2017-009156,TOM THUMB #3583 - MEAT,Grocery/Market,Tom Thumb - meat,national_regional,mainstream_supermarket,high,known chain,Grocery/Market | national_regional | mainstream_supermarket,Grocery/Market | national_regional | mainstream_supermarket,agreed,
HEALTH2017-009157,TOM THUMB # 3853- DELI,Grocery/Market,Tom Thumb - deli,national_regional,mainstream_supermarket,high,known chain,Grocery/Market | national_regional | mainstream_supermarket,Grocery/Market | national_regional | mainstream_supermarket,agreed,
HEALTH2017-009190,FUJI FOOD,Grocery/Market,sushi counter inside Sam's Club #4906,national_regional,mainstream_supermarket,medium,address is Sam's Club #4906,Grocery/Market | unknown | mainstream_supermarket,Japanese | national_regional,adjudicated,"B coded Japanese; in-store counters follow the agreed convention for supermarket food service (Target cafe, H-E-B BBQ counter, Costco food court); chain = host store"
HEALTH2017-009194,AYDE FOOD,Unknown,mobile food vendor,unknown,,low,name gives no food type,Unknown | unknown,Unknown | unknown,agreed,
HEALTH2017-009214,PHO BISTRO,Vietnamese,Vietnamese,independent,,high,name,Vietnamese | independent,Vietnamese | independent,agreed,
HEALTH2017-009226,SUPER SHACK,"American (sit-down, bars, venues)",Cajun seafood,independent,,medium,"comments mention shrimp, gumbo","American (sit-down, bars, venues) | independent","American (sit-down, bars, venues) | independent",agreed,
HEALTH2017-009236,LITTLE CAESARS PIZZA,Pizza/Italian,pizza,national_regional,,high,known chain,Pizza/Italian | national_regional,Pizza/Italian | national_regional,agreed,
HEALTH2017-009237,LITTLE CAESARS,Pizza/Italian,pizza,national_regional,,high,known chain,Pizza/Italian | national_regional,Pizza/Italian | national_regional,agreed,
HEALTH2017-009238,END ZONE,"American (sit-down, bars, venues)",sports bar,independent,,low,name (End Zone),"American (sit-down, bars, venues) | independent","American (sit-down, bars, venues) | independent",agreed,
HEALTH2017-009245,TAQUERIA EL GORDO,Mexican/Tex-Mex/Latin,taqueria,independent,,high,name,Mexican/Tex-Mex/Latin | independent,Mexican/Tex-Mex/Latin | independent,agreed,
HEALTH2017-009254,MISHA'S KITCHEN,Unknown,mobile food vendor,unknown,,low,name gives no food type,Unknown | unknown,Unknown | unknown,agreed,
HEALTH2017-009261,D'CARBO,Unknown,mobile food vendor,unknown,,low,name gives no food type,Unknown | unknown,Unknown | unknown,agreed,
HEALTH2017-009262,ARETE GOURMET SLIDERS,"American (sit-down, bars, venues)",sliders food truck,independent,,medium,name,"American (sit-down, bars, venues) | independent","American (sit-down, bars, venues) | independent",agreed,
HEALTH2017-009264,RUIZ CATERING #1,Mexican/Tex-Mex/Latin,"mobile lunch truck (steak, rice, pork)",independent,,low,"mobile unit; notes steak, rice, pork",Hotel/Caterer/Commissary | local_multi,Mexican/Tex-Mex/Latin | independent,adjudicated,"a truck, not a base kitchen, so not Hotel/Caterer/Commissary; #1 and #2 are two trucks of one operator"
HEALTH2017-009273,UNITED CATERERS,Hotel/Caterer/Commissary,mobile catering truck,independent,,low,name,Hotel/Caterer/Commissary | unknown,Hotel/Caterer/Commissary | independent,adjudicated,"chain: A unknown, B independent; name not recognized as a chain"
HEALTH2017-009274,RUIZ CATERING #2 / MARLEN MORENO,Mexican/Tex-Mex/Latin,"mobile lunch truck (steak, rice, pork)",independent,,low,"mobile unit; notes steak, rice, pork",Hotel/Caterer/Commissary | local_multi,Mexican/Tex-Mex/Latin | independent,adjudicated,"a truck, not a base kitchen, so not Hotel/Caterer/Commissary; #1 and #2 are two trucks of one operator"
HEALTH2017-009277,GOLDEN CHICK,Fast Food,fried chicken,national_regional,,high,known chain,Fast Food | national_regional,Fast Food | national_regional,agreed,
HEALTH2017-009340,LIFEPATH CRISIS CENTER,Institutional,nonprofit social services,independent,,high,name,Institutional | independent,Institutional | independent,agreed,
HEALTH2017-009342,THE CAMPHOUSE CHILL,Venue/Concession,Trade Days vendor (food not identified),independent,,low,permit at Trade Days grounds,Unknown | unknown,Venue/Concession | independent,adjudicated,"event vendors with unidentified food coded Venue/Concession, as agreed for Itsy Bites"
HEALTH2017-009350,MCKINNEY NORTH HS JAVA CITY,Institutional,school cafeteria/concession (McKinney ISD),local_multi,,high,MISD school,Institutional | local_multi,Institutional | local_multi,agreed,
HEALTH2017-009397,DISCOVERY LEARNING CENTER,Institutional,school/daycare,independent,,high,school/daycare name,Institutional | independent,Institutional | unknown,adjudicated,"chain: A independent, B unknown; unrecognized single-site school/daycare name"
HEALTH2017-009456,BURGER KING,Fast Food,burgers,national_regional,,high,known chain,Fast Food | national_regional,Fast Food | national_regional,agreed,
HEALTH2017-009477,WINGSTOP ** ON HOLD ** SEE NOTES,Fast Food,wings,national_regional,,high,known chain,Fast Food | national_regional,Fast Food | national_regional,agreed,
HEALTH2017-009483,JOYOUS MONTESSORI,Institutional,school/daycare,independent,,high,school/daycare name,Institutional | independent,Institutional | unknown,adjudicated,"chain: A independent, B unknown; unrecognized single-site school/daycare name"
HEALTH2017-009501,ONE AND ONLY BURGERS AND FRIES,"American (sit-down, bars, venues)",burgers,independent,,medium,name,"American (sit-down, bars, venues) | independent","American (sit-down, bars, venues) | independent",agreed,
HEALTH2017-009511,CIRCLE K,Convenience/Gas,convenience store / gas station,national_regional,,high,name / known chain,Convenience/Gas | national_regional,Convenience/Gas | national_regional,agreed,
HEALTH2017-009523,THE PINK POODLE,Venue/Concession,event concession,independent,,low,Trade Days vendor,Venue/Concession | independent,Venue/Concession | independent,agreed,
HEALTH2017-009536,MINGLING MOUTH FOOD TRAIL,Venue/Concession,Trade Days vendor (food not identified),independent,,low,permit at Trade Days grounds,Unknown | unknown,Venue/Concession | independent,adjudicated,"event vendors with unidentified food coded Venue/Concession, as agreed for Itsy Bites"
HEALTH2017-009537,KOJI SUSHI,Japanese,sushi,independent,,high,name,Japanese | independent,Japanese | independent,agreed,
HEALTH2017-009540,HOLIDAY INN HOTEL & SUITES,Hotel/Caterer/Commissary,hotel,national_regional,,high,hotel name,Hotel/Caterer/Commissary | national_regional,Hotel/Caterer/Commissary | national_regional,agreed,
HEALTH2017-009550,SMOOTHIE KING,Coffee/Cafe/Bakery/Dessert,smoothies/juice,national_regional,,high,known chain,Coffee/Cafe/Bakery/Dessert | national_regional,Coffee/Cafe/Bakery/Dessert | national_regional,agreed,
HEALTH2017-009561,TEXAS PICKED AND PICKLED,Other non-restaurant,pickles (market vendor),independent,,medium,name,Other non-restaurant | independent,Other non-restaurant | independent,agreed,
HEALTH2017-009563,EL RANCHO SUPERMARKET - GROCERY,Grocery/Market,Hispanic supermarket,national_regional,independent_specialty,high,known Texas chain,Grocery/Market | national_regional | independent_specialty,Grocery/Market | national_regional | independent_specialty,agreed,
HEALTH2017-009564,EL RANCHO SUPERMARKET - RESTAURANT,Grocery/Market,Hispanic supermarket,national_regional,independent_specialty,high,known Texas chain,Grocery/Market | national_regional | independent_specialty,Grocery/Market | national_regional | independent_specialty,agreed,
HEALTH2017-009565,EL RANCHO - BAKERY,Grocery/Market,Hispanic supermarket,national_regional,independent_specialty,high,known Texas chain,Grocery/Market | national_regional | independent_specialty,Grocery/Market | national_regional | independent_specialty,agreed,
HEALTH2017-009566,EL RANCHO SUPERMARKET - PRODUCE,Grocery/Market,Hispanic supermarket,national_regional,independent_specialty,high,known Texas chain,Grocery/Market | national_regional | independent_specialty,Grocery/Market | national_regional | independent_specialty,agreed,
HEALTH2017-009567,EL RANCHO SUPERMARKET - DELI & MEAT,Grocery/Market,Hispanic supermarket,national_regional,independent_specialty,high,known Texas chain,Grocery/Market | national_regional | independent_specialty,Grocery/Market | national_regional | independent_specialty,agreed,
HEALTH2017-009570,HAT CREEK BURGER,Fast Food,burgers,national_regional,,high,known Texas chain,Fast Food | national_regional,Fast Food | national_regional,agreed,
HEALTH2017-09583,PAPA JOHN'S PIZZA #1304,Pizza/Italian,pizza,national_regional,,high,known chain,Pizza/Italian | national_regional,Pizza/Italian | national_regional,agreed,
HEALTH2017-09584,RICE & NOODLE,Asian (unspecified),rice and noodle dishes,independent,,low,name only,Asian (unspecified) | independent,Asian (unspecified) | independent,agreed,
HEALTH2017-09585,7-11 #38091A,Convenience/Gas,convenience store / gas station,national_regional,,high,name / known chain,Convenience/Gas | national_regional,Convenience/Gas | national_regional,agreed,
HEALTH2017-09592,MOM AND POPCORN COMPANY,Coffee/Cafe/Bakery/Dessert,gourmet popcorn shop,independent,,medium,name,Coffee/Cafe/Bakery/Dessert | independent,Coffee/Cafe/Bakery/Dessert | independent,agreed,
HEALTH2017-09605,HOME FOR THE HOLIDAYS / WILD BILL'S SODA,Venue/Concession,soda stand (holiday event),national_regional,,medium,name,Venue/Concession | independent,Venue/Concession | national_regional,adjudicated,"chain: A independent, B national_regional; Wild Bill's soda is a national event-vendor brand"
HEALTH2017-09606,ZEN SUSHI,Japanese,sushi,independent,,high,name,Japanese | independent,Japanese | independent,agreed,
HEALTH2017-09609,YUMMI SUSHI,Grocery/Market,sushi counter inside Tom Thumb #296,national_regional,mainstream_supermarket,medium,address is Tom Thumb #296,Grocery/Market | national_regional | mainstream_supermarket,Japanese | unknown,adjudicated,"B coded Japanese; in-store counters follow the agreed convention for supermarket food service (Target cafe, H-E-B BBQ counter, Costco food court); chain = host store"
HEALTH2017-09610,YUMMI SUSHI,Grocery/Market,sushi counter inside Tom Thumb #3853,national_regional,mainstream_supermarket,medium,address is Tom Thumb #3853,Grocery/Market | national_regional | mainstream_supermarket,Japanese | unknown,adjudicated,"B coded Japanese; in-store counters follow the agreed convention for supermarket food service (Target cafe, H-E-B BBQ counter, Costco food court); chain = host store"
HEALTH2017-09611,STARBUCKS #561,Grocery/Market,Starbucks/coffee counter inside Market Street #561,national_regional,mainstream_supermarket,medium,address is Market Street #561,Grocery/Market | national_regional | mainstream_supermarket,Coffee/Cafe/Bakery/Dessert | national_regional,adjudicated,"B coded Coffee/Cafe/Bakery/Dessert; in-store counters follow the agreed convention for supermarket food service (Target cafe, H-E-B BBQ counter, Costco food court); chain = host store"
HEALTH2017-09613,MELLOW MUSHROOM,Pizza/Italian,pizza,national_regional,,high,known chain,Pizza/Italian | national_regional,Pizza/Italian | national_regional,agreed,
HEALTH2017-09614,POPEYE'S,Fast Food,fried chicken,national_regional,,high,known chain,Fast Food | national_regional,Fast Food | national_regional,agreed,
HEALTH2017-09620,WHICH WICH SUPERIOR SANDWICHES,Deli/Sandwich/Salad,sub sandwiches,national_regional,,high,known chain,Deli/Sandwich/Salad | national_regional,Deli/Sandwich/Salad | national_regional,agreed,
HEALTH2017-09622,STARWOOD CAFE,"American (sit-down, bars, venues)",breakfast/lunch cafe,local_multi,,medium,name; known local cafe,"American (sit-down, bars, venues) | local_multi","American (sit-down, bars, venues) | local_multi",agreed,
HEALTH2017-09623,HEALTHY COOKING,Unknown,unclear (milk/butter only),independent,,low,name gives no food type,Unknown | independent,Unknown | independent,agreed,
HEALTH2017-09627,7-11,Convenience/Gas,convenience store / gas station,national_regional,,high,name / known chain,Convenience/Gas | national_regional,Convenience/Gas | national_regional,agreed,
HEALTH2017-09629,"HOME FOR THE HOLIDAYS Nov, 24,25,26",Venue/Concession,holiday event concession,independent,,medium,"comments mention hot dogs, soda",Venue/Concession | independent,Venue/Concession | independent,agreed,
HEALTH2017-09630,CIRCLE K #2706318,Convenience/Gas,convenience store / gas station,national_regional,,high,name / known chain,Convenience/Gas | national_regional,Convenience/Gas | national_regional,agreed,
HEALTH2017-09632,QUIKTRIP #919,Convenience/Gas,convenience store / gas station,national_regional,,high,name / known chain,Convenience/Gas | national_regional,Convenience/Gas | national_regional,agreed,
HEALTH2017-09634,NACHO LIBRE NACHOS,Venue/Concession,nachos concession,independent,,medium,name; Trade Days vendor,Venue/Concession | independent,Venue/Concession | independent,agreed,
HEALTH2017-09637,MCKINNEY EXXON,Convenience/Gas,convenience store / gas station,independent,,high,name / known chain,Convenience/Gas | independent,Convenience/Gas | national_regional,adjudicated,"chain: A independent, B national_regional; fuel-branded station; store name is local (dealer-operated)"
HEALTH2017-09638,HOME FOR THE HOLIDAYS / COWTOWN KETTLE CORN 11/24-11/26,Venue/Concession,kettle corn (holiday event),independent,,high,name,Venue/Concession | independent,Venue/Concession | independent,agreed,
HEALTH2017-09641,ARBY'S RESTURANT,Fast Food,roast beef sandwiches,national_regional,,high,known chain,Fast Food | national_regional,Fast Food | national_regional,agreed,
HEALTH2017-09642,HOME FOR THE HOLIDAYS / EGGSTAND,Venue/Concession,holiday event food stand,independent,,low,event permit at 111 N Tennessee (MPAC),Unknown | independent,Venue/Concession | independent,adjudicated,"event booths there coded Venue/Concession, as agreed"
HEALTH2017-09643,HOME FOR THE HOLIDAYS / MOUNTAINMAN JERKY,Other non-restaurant,jerky (event vendor),independent,,medium,name,Other non-restaurant | independent,Other non-restaurant | independent,agreed,
HEALTH2017-09645,Das Gud Spice Co.,Other non-restaurant,spices (event vendor),independent,,medium,name,Other non-restaurant | independent,Other non-restaurant | independent,agreed,
HEALTH2017-09647,Bahama Buck's,Coffee/Cafe/Bakery/Dessert,shaved ice,national_regional,,high,known chain,Coffee/Cafe/Bakery/Dessert | national_regional,Coffee/Cafe/Bakery/Dessert | national_regional,agreed,
HEALTH2017-09648,RODRIGOUS GROCERY,Grocery/Market,Hispanic grocery,independent,independent_specialty,medium,name,Grocery/Market | independent | independent_specialty,Grocery/Market | independent | independent_specialty,agreed,
HEALTH2017-09649,DONUT BLISS,Coffee/Cafe/Bakery/Dessert,donuts/bagels,local_multi,,high,name,Coffee/Cafe/Bakery/Dessert | local_multi,Coffee/Cafe/Bakery/Dessert | independent,adjudicated,"chain: A local_multi, B independent; two McKinney locations in the data (Eldorado Pkwy and Virginia Pkwy)"
HEALTH2017-09652,BEST WESTERN PLUS MCKINNEY INN & SUITE,Hotel/Caterer/Commissary,hotel,national_regional,,high,hotel name,Hotel/Caterer/Commissary | national_regional,Hotel/Caterer/Commissary | national_regional,agreed,
HEALTH2017-09655,EGGSQUISITE CAFE,"American (sit-down, bars, venues)",breakfast/brunch,independent,,low,name; comments mention grits,"American (sit-down, bars, venues) | local_multi","American (sit-down, bars, venues) | independent",adjudicated,"chain: A local_multi, B independent; name not recognized as a chain"
HEALTH2017-09657,MCKINNEY EXPRESS,Convenience/Gas,convenience store,independent,,medium,"comments mention milk, eggs, corn dogs, chimichangas; same site as convenience permit",Convenience/Gas | independent,Convenience/Gas | independent,agreed,
HEALTH2017-09662,Hamm's Custom Meats,Grocery/Market,meat market,independent,independent_specialty,high,name,Grocery/Market | independent | independent_specialty,Grocery/Market | independent | independent_specialty,agreed,
HEALTH2017-09664,TEXANA GRILL,"American (sit-down, bars, venues)",Texas grill,independent,,medium,"name; comments mention bacon, beans, chicken","American (sit-down, bars, venues) | independent","American (sit-down, bars, venues) | independent",agreed,
HEALTH2017-09665,ANTHOLOGY OF STONEBRIDGE RANCH,Institutional,senior living / nursing,national_regional,,high,senior living name,Institutional | national_regional,Institutional | national_regional,agreed,
HEALTH2017-09668,LAYERED,Unknown,cafe (cuisine unclear),independent,,low,name gives no food type,Unknown | independent,Unknown | independent,agreed,
HEALTH2017-09669,AVALON MEMORY CARE,Institutional,senior living / nursing,local_multi,,low,senior living name,Institutional | local_multi,Institutional | national_regional,adjudicated,"chain: A local_multi, B national_regional; DFW memory-care brand"
HEALTH2017-09672,ELOTES DONA CARMEN,Mexican/Tex-Mex/Latin,elotes (Mexican street snacks),independent,,high,name,Mexican/Tex-Mex/Latin | independent,Mexican/Tex-Mex/Latin | independent,agreed,
HEALTH2018-000033,DAIRY QUEEN,Fast Food,burgers / ice cream,national_regional,,high,known chain,Fast Food | national_regional,Fast Food | national_regional,agreed,
HEALTH2018-000124,THE RANCH COUNTRY CLUB,"American (sit-down, bars, venues)",country club,independent,,high,name,"American (sit-down, bars, venues) | independent","American (sit-down, bars, venues) | independent",agreed,
HEALTH2018-000232,KIDS R KIDS,Institutional,school/daycare,national_regional,,high,school/daycare name,Institutional | national_regional,Institutional | national_regional,agreed,
HEALTH2018-000660,THE PANTRY RESTAURANT,"American (sit-down, bars, venues)",American comfort food,independent,,medium,"name; comments mention soup, noodles","American (sit-down, bars, venues) | independent","American (sit-down, bars, venues) | independent",agreed,
HEALTH2018-000664,IMPERIAL GARDEN GRILL,Chinese,Chinese,independent,,low,name (Imperial Garden),Chinese | independent,Chinese | independent,agreed,
HEALTH2018-000832,HUTCHINS BBQ & GRILL,"American (sit-down, bars, venues)",BBQ,local_multi,,high,"name; comments mention sausage, mac n cheese, beans","American (sit-down, bars, venues) | local_multi","American (sit-down, bars, venues) | local_multi",agreed,
HEALTH2018-000843,HOOTERS,"American (sit-down, bars, venues)",sports bar,national_regional,,high,known chain,"American (sit-down, bars, venues) | national_regional","American (sit-down, bars, venues) | national_regional",agreed,
HEALTH2018-001266,ELDORADO COUNTRY CLUB,"American (sit-down, bars, venues)",country club,independent,,high,name,"American (sit-down, bars, venues) | independent","American (sit-down, bars, venues) | independent",agreed,
HEALTH2018-001267,ELDORADO COUNTRY CLUB-SNACK BAR,Venue/Concession,country club pool snack bar,independent,,medium,name,Venue/Concession | independent,Venue/Concession | independent,agreed,
HEALTH2018-001388,A & D BUFFALOS,"American (sit-down, bars, venues)",wings,independent,,medium,name (Buffalos); comments mention chicken,"American (sit-down, bars, venues) | independent","American (sit-down, bars, venues) | independent",agreed,
HEALTH2018-001563,WALGREENS #09908,Convenience/Gas,pharmacy,national_regional,,high,known chain,Convenience/Gas | national_regional,Convenience/Gas | national_regional,agreed,
HEALTH2018-002070,SCOGGINS MIDDLE SCHOOL CONCESSION STAND,Institutional,school cafeteria/concession,local_multi,,high,school name,Institutional | local_multi,Institutional | local_multi,agreed,
HEALTH2018-002089,WALGREEN'S #11908,Convenience/Gas,pharmacy,national_regional,,high,known chain,Convenience/Gas | national_regional,Convenience/Gas | national_regional,agreed,
HEALTH2018-002095,J.P. DONUT,Coffee/Cafe/Bakery/Dessert,donuts/bagels,independent,,high,name,Coffee/Cafe/Bakery/Dessert | independent,Coffee/Cafe/Bakery/Dessert | independent,agreed,
HEALTH2018-002106,DURKIN'S PIZZA,Pizza/Italian,pizza,local_multi,,low,known chain,Pizza/Italian | national_regional,Pizza/Italian | independent,adjudicated,"chain: A national_regional, B independent; two McKinney locations in the data"
HEALTH2018-002109,SPRING CREEK BBQ,"American (sit-down, bars, venues)",BBQ,national_regional,,low,name; comments mention brisket,"American (sit-down, bars, venues) | local_multi","American (sit-down, bars, venues) | national_regional",adjudicated,"chain: A local_multi, B national_regional; Texas BBQ chain in several metros"
HEALTH2018-002120,PAPA MURPHY'S,Pizza/Italian,take-and-bake pizza,national_regional,,high,known chain,Pizza/Italian | national_regional,Pizza/Italian | national_regional,agreed,
HEALTH2018-004272,EINSTEIN BROS BAGELS,Coffee/Cafe/Bakery/Dessert,bagels,national_regional,,high,known chain,Coffee/Cafe/Bakery/Dessert | national_regional,Coffee/Cafe/Bakery/Dessert | national_regional,agreed,
HEALTH2018-004291,FIGARO ON THE RUN,Pizza/Italian,Italian (meatballs) food trailer,independent,,medium,name; comments mention meatballs,Pizza/Italian | independent,Pizza/Italian | independent,agreed,
HEALTH2018-005003,ICHIBAN ASIAN,Asian (unspecified),pan-Asian with sushi,independent,,medium,"name; comments mention sushi cooler, soup",Asian (unspecified) | independent,Asian (unspecified) | independent,agreed,
HEALTH2018-005715,MCKINNEY WINE MERCHANT,Other non-restaurant,wine/liquor,independent,,medium,name,Other non-restaurant | independent,Other non-restaurant | independent,agreed,
HEALTH2018-006290,SUPER 1 FOODS #641,Grocery/Market,Super 1 Foods (Brookshire),national_regional,mainstream_supermarket,medium,known chain,Grocery/Market | national_regional | mainstream_supermarket,Grocery/Market | national_regional | mainstream_supermarket,agreed,
HEALTH2018-006587,LATINOS CONCESSION & SNOWIE,Mexican/Tex-Mex/Latin,Latin food concession / snow cones,independent,,medium,"name; comments mention chicken, pork, rice",Mexican/Tex-Mex/Latin | independent,Mexican/Tex-Mex/Latin | independent,agreed,
HEALTH2018-007234,BELTERRA HEALTH & REHABILITATION,Institutional,senior living / nursing,unknown,,high,senior living name,Institutional | independent,Institutional | national_regional,adjudicated,"chain: A independent, B national_regional; unrecognized senior-living/nursing name (often owned by multi-site operators under local names)"
HEALTH2018-008396,CHRIST FELLOWSHIP CHURCH - CAFE,Institutional,church,independent,,medium,church name,Institutional | independent,Institutional | independent,agreed,
HEALTH2018-008802,KEETON RANCH FED BEEF,Other non-restaurant,ranch beef vendor with samples (farmers market),independent,,medium,farmers market vendor,Grocery/Market | independent | independent_specialty,Other non-restaurant | independent,adjudicated,"market product vendors coded Other non-restaurant, as in agreed farmers-market rows"
HEALTH2018-008875,DUNKIN DONUTS,Coffee/Cafe/Bakery/Dessert,donuts/coffee,national_regional,,high,known chain,Coffee/Cafe/Bakery/Dessert | national_regional,Coffee/Cafe/Bakery/Dessert | national_regional,agreed,
HEALTH2018-009024,DUNKIN DONUTS,Coffee/Cafe/Bakery/Dessert,donuts/coffee,national_regional,,high,known chain,Coffee/Cafe/Bakery/Dessert | national_regional,Coffee/Cafe/Bakery/Dessert | national_regional,agreed,
HEALTH2018-09680,AROMA KITCHEN,Unknown,mobile food vendor,unknown,,low,name gives no food type,Unknown | unknown,Unknown | unknown,agreed,
HEALTH2018-09681,AUDI OF MCKINNEY,Other non-restaurant,car dealership lounge,independent,,medium,name (car dealership),Other non-restaurant | independent,Other non-restaurant | independent,agreed,
HEALTH2018-09682,Harvest Seasonal Kitchen Providing Champagne and Chocolate Covered Strawberries at MPAC Bridal Open House,Venue/Concession,bridal show booth (sampling),independent,,medium,one-day bridal show permit at MPAC,"American (sit-down, bars, venues) | independent",Venue/Concession | independent,adjudicated,event booths coded Venue/Concession regardless of the exhibitor
HEALTH2018-09683,Sterling Events and Catering Providing Deviled Eggs for Bridal Open House at MPAC,Venue/Concession,bridal show booth (sampling),independent,,medium,one-day bridal show permit at MPAC,Hotel/Caterer/Commissary | unknown,Venue/Concession | independent,adjudicated,event booths coded Venue/Concession regardless of the exhibitor
HEALTH2018-09684,BRIDAL SHOW - RICKS CHOPHOUSE Providing a Meat and Cheese Display at MPAC Bridal Open House,Venue/Concession,bridal show booth (sampling),independent,,medium,one-day bridal show permit at MPAC,"American (sit-down, bars, venues) | independent",Venue/Concession | independent,adjudicated,event booths coded Venue/Concession regardless of the exhibitor
HEALTH2018-09685,B AND L FOOD 4U,Venue/Concession,Trade Days vendor (food not identified),independent,,low,permit at Trade Days grounds,Unknown | unknown,Venue/Concession | independent,adjudicated,"event vendors with unidentified food coded Venue/Concession, as agreed for Itsy Bites"
HEALTH2018-09686,DANDY DONUTS,Coffee/Cafe/Bakery/Dessert,donuts/bagels,independent,,high,name,Coffee/Cafe/Bakery/Dessert | independent,Coffee/Cafe/Bakery/Dessert | independent,agreed,
HEALTH2018-09690,Bridal Show 1/20/18,Venue/Concession,bridal show event permit,independent,,low,name (event),Venue/Concession | unknown,Venue/Concession | independent,adjudicated,"chain: A unknown, B independent; one-off event permit"
HEALTH2018-09692,McKinney Bridal Show,Venue/Concession,bridal show event permit,independent,,low,name (event),Venue/Concession | unknown,Venue/Concession | independent,adjudicated,"chain: A unknown, B independent; one-off event permit"
HEALTH2018-09693,PARKS COFFEE,Other non-restaurant,office coffee/vending service,local_multi,,medium,notes: cooler with TCS food needs locking mechanism,Coffee/Cafe/Bakery/Dessert | local_multi,Other non-restaurant | local_multi,adjudicated,Parks Coffee is an office coffee and vending company
HEALTH2018-09694,Bridal Show,Venue/Concession,bridal show event permit,independent,,low,name (event),Venue/Concession | unknown,Venue/Concession | independent,adjudicated,"chain: A unknown, B independent; one-off event permit"
HEALTH2018-09695,Bridal Shower,Venue/Concession,bridal show event permit,independent,,low,name (event),Venue/Concession | unknown,Venue/Concession | independent,adjudicated,"chain: A unknown, B independent; one-off event permit"
HEALTH2018-09697,SUSHI 567,Grocery/Market,sushi counter inside Kroger #567,national_regional,mainstream_supermarket,medium,address is Kroger #567,Grocery/Market | national_regional | mainstream_supermarket,Japanese | unknown,adjudicated,"B coded Japanese; in-store counters follow the agreed convention for supermarket food service (Target cafe, H-E-B BBQ counter, Costco food court); chain = host store"
HEALTH2018-09698,BRIDAL SHOW,Venue/Concession,bridal show event permit,independent,,low,name (event),Venue/Concession | unknown,Venue/Concession | independent,adjudicated,"chain: A unknown, B independent; one-off event permit"
HEALTH2018-09700,FUZZY'S TACO SHOP,Mexican/Tex-Mex/Latin,tacos (Tex-Mex),national_regional,,high,known chain,Mexican/Tex-Mex/Latin | national_regional,Mexican/Tex-Mex/Latin | national_regional,agreed,
HEALTH2018-09702,EPJ DONUTS,Coffee/Cafe/Bakery/Dessert,donuts/bagels,independent,,high,name,Coffee/Cafe/Bakery/Dessert | independent,Coffee/Cafe/Bakery/Dessert | independent,agreed,
HEALTH2018-09704,CIRCLE K #2741879,Convenience/Gas,convenience store / gas station,national_regional,,high,name / known chain,Convenience/Gas | national_regional,Convenience/Gas | national_regional,agreed,
HEALTH2018-09711,LUCKY'S LAKE FOREST,Other non-restaurant,vending machine only,independent,,medium,"comments: vending-machine permit only, no food prep",Other non-restaurant | independent,Other non-restaurant | independent,agreed,
HEALTH2018-09721,OGI'S FOOD AND SERVIES,Other cuisine,Eastern European bakery/deli,independent,,medium,same suite later named Ogi's European Bakery and Deli,Other cuisine | independent,Other cuisine | independent,agreed,
HEALTH2018-09727,BELTERRA HEALTH AND REHAB,Institutional,senior living / nursing,unknown,,high,senior living name,Institutional | independent,Institutional | national_regional,adjudicated,"chain: A independent, B national_regional; unrecognized senior-living/nursing name (often owned by multi-site operators under local names)"
HEALTH2018-09728,DOMINO'S PIZZA,Pizza/Italian,pizza,national_regional,,high,known chain,Pizza/Italian | national_regional,Pizza/Italian | national_regional,agreed,
HEALTH2018-09729,11/17,"American (sit-down, bars, venues)",bar & grill (comfort food),independent,,medium,"notes burgers, meatloaf, gravy, corn dogs, beer walk-in",Unknown | unknown,"American (sit-down, bars, venues) | independent",adjudicated,
HEALTH2018-09731,JAVITA WEIGHT LOSS COFFEE,Other non-restaurant,packaged weight-loss coffee vendor (Trade Days),independent,,medium,name (packaged coffee brand); Trade Days booth,Other non-restaurant | independent,Coffee/Cafe/Bakery/Dessert | independent,adjudicated,"distributor booth, so independent"
HEALTH2018-09745,THE IVY OF MCKINNEY - MEMORY CARE,Institutional,senior living / nursing,unknown,,high,senior living name,Institutional | unknown,Institutional | unknown,agreed,
HEALTH2018-09746,THE IVY OF MCKINNEY- SENIOR CENTER BLD 1,Institutional,senior living / nursing,unknown,,high,senior living name,Institutional | unknown,Institutional | unknown,agreed,
HEALTH2018-09748,YUMMI SUSHI KROGER,Grocery/Market,sushi counter inside Kroger #488,national_regional,mainstream_supermarket,medium,address is Kroger #488; name says inside/at store,Grocery/Market | national_regional | mainstream_supermarket,Japanese | unknown,adjudicated,"B coded Japanese; in-store counters follow the agreed convention for supermarket food service (Target cafe, H-E-B BBQ counter, Costco food court); chain = host store"
HEALTH2018-09763,EJ WILLS GASTROPUB,"American (sit-down, bars, venues)",gastropub,independent,,high,name,"American (sit-down, bars, venues) | independent","American (sit-down, bars, venues) | independent",agreed,
HEALTH2018-09770,MCKINNEY COFFEE CO.,Coffee/Cafe/Bakery/Dessert,coffee,independent,,high,name,Coffee/Cafe/Bakery/Dessert | independent,Coffee/Cafe/Bakery/Dessert | independent,agreed,
HEALTH2018-09773,WHICH WICH,Deli/Sandwich/Salad,sub sandwiches,national_regional,,high,known chain,Deli/Sandwich/Salad | national_regional,Deli/Sandwich/Salad | national_regional,agreed,
HEALTH2018-09777,DONUT HOUSE,Coffee/Cafe/Bakery/Dessert,donuts/bagels,independent,,high,name,Coffee/Cafe/Bakery/Dessert | independent,Coffee/Cafe/Bakery/Dessert | independent,agreed,
HEALTH2018-09787,ESSENTIALZ - GROCERY,Grocery/Market,small grocery,independent,independent_specialty,low,name,Grocery/Market | independent | independent_specialty,Grocery/Market | independent | independent_specialty,agreed,
HEALTH2018-09788,ESSENTIALZ - RESTAURANT,Grocery/Market,restaurant counter in small grocery,independent,independent_specialty,low,name; shares permit info with grocery,Grocery/Market | independent | independent_specialty,Grocery/Market | independent | independent_specialty,agreed,
HEALTH2018-09790,"Subway 7500 Stacy Rd #100, McKinney, TX 75072",Deli/Sandwich/Salad,sub sandwiches,national_regional,,high,known chain,Deli/Sandwich/Salad | national_regional,Deli/Sandwich/Salad | national_regional,agreed,
HEALTH2018-09793,CULVERS,Fast Food,burgers / frozen custard,national_regional,,high,known chain,Fast Food | national_regional,Fast Food | national_regional,agreed,
HEALTH2018-09818,LEGENDS SENIOR LIVING,Institutional,senior living / nursing,national_regional,,high,senior living name,Institutional | national_regional,Institutional | national_regional,agreed,
HEALTH2018-09819,DILLAS QUESADILLAS,Mexican/Tex-Mex/Latin,quesadillas,local_multi,,high,"name; comments mention queso, pico",Mexican/Tex-Mex/Latin | local_multi,Mexican/Tex-Mex/Latin | local_multi,agreed,
HEALTH2018-09821,LILY OF THE VALLEY TEAS & HERBS,Other non-restaurant,packaged teas and herbs (farmers market),independent,,medium,name,Other non-restaurant | independent,Other non-restaurant | independent,agreed,
HEALTH2018-09829,GOLDENROOT GINGERBEER,Other non-restaurant,ginger beer (farmers market),independent,,medium,name,Other non-restaurant | independent,Other non-restaurant | independent,agreed,
HEALTH2018-09831,DANDY DONUTS,Coffee/Cafe/Bakery/Dessert,donuts/bagels,independent,,high,name,Coffee/Cafe/Bakery/Dessert | independent,Coffee/Cafe/Bakery/Dessert | independent,agreed,
HEALTH2018-09851,SOUTHERN COMFORT FOODS,"American (sit-down, bars, venues)",Southern comfort food (event vendor),independent,,low,name; Trade Days vendor,"American (sit-down, bars, venues) | independent","American (sit-down, bars, venues) | independent",agreed,
HEALTH2018-09852,BENNY'S CAFE,"American (sit-down, bars, venues)",breakfast/lunch cafe,independent,,medium,"name; comments mention sausage, fruit","American (sit-down, bars, venues) | independent","American (sit-down, bars, venues) | independent",agreed,
HEALTH2018-09854,FULL QUIVER FARMS,Other non-restaurant,farm vendor (farmers market),independent,,medium,farmers market vendor,Grocery/Market | independent | independent_specialty,Other non-restaurant | independent,adjudicated,"market product vendors coded Other non-restaurant, as in agreed farmers-market rows"
HEALTH2018-09857,THE YARD,"American (sit-down, bars, venues)",bar and patio kitchen,independent,,medium,"name; comments mention pico, corn, onions","American (sit-down, bars, venues) | independent","American (sit-down, bars, venues) | independent",agreed,
HEALTH2018-09858,THE YARD BAR,"American (sit-down, bars, venues)",bar,independent,,medium,name (bar),"American (sit-down, bars, venues) | independent","American (sit-down, bars, venues) | independent",agreed,
HEALTH2018-09859,FOXIIS RESTAURANT AND GRILL,"American (sit-down, bars, venues)",restaurant & grill (Southern and Tex-Mex items),independent,,low,"notes beans, taco meat, pico, brisket, mac and cheese, mashed potatoes, bar",Unknown | independent,Mexican/Tex-Mex/Latin | independent,adjudicated,"mixed menu; A Unknown, B Mexican"
HEALTH2018-09866,BRIGHT LIGHT PRESCHOOL,Institutional,school/daycare,independent,,high,school/daycare name,Institutional | independent,Institutional | unknown,adjudicated,"chain: A independent, B unknown; unrecognized single-site school/daycare name"
HEALTH2018-09893,MARBLE SLAB CREAMERY,Coffee/Cafe/Bakery/Dessert,ice cream,national_regional,,high,known chain,Coffee/Cafe/Bakery/Dessert | national_regional,Coffee/Cafe/Bakery/Dessert | national_regional,agreed,
HEALTH2018-09899,WATTAGE COFFEE CO.,Coffee/Cafe/Bakery/Dessert,coffee,independent,,high,name,Coffee/Cafe/Bakery/Dessert | independent,Coffee/Cafe/Bakery/Dessert | independent,agreed,
HEALTH2018-09903,BRUSTER'S REAL ICE CREAM,Coffee/Cafe/Bakery/Dessert,ice cream,national_regional,,high,known chain,Coffee/Cafe/Bakery/Dessert | national_regional,Coffee/Cafe/Bakery/Dessert | national_regional,agreed,
HEALTH2018-09914,WHICH WICH,Deli/Sandwich/Salad,sub sandwiches,national_regional,,high,known chain,Deli/Sandwich/Salad | national_regional,Deli/Sandwich/Salad | national_regional,agreed,
HEALTH2018-09933,FIRO FIRE KISSED PIZZA,Pizza/Italian,pizza,national_regional,,high,name,Pizza/Italian | local_multi,Pizza/Italian | national_regional,adjudicated,"chain: A local_multi, B national_regional; multi-state fast-casual pizza chain"
HEALTH2018-09949,PIZZA HUT #034934,Pizza/Italian,pizza,national_regional,,high,known chain,Pizza/Italian | national_regional,Pizza/Italian | national_regional,agreed,
HEALTH2018-09951,PIZZA HUT #034935,Pizza/Italian,pizza,national_regional,,high,known chain,Pizza/Italian | national_regional,Pizza/Italian | national_regional,agreed,
HEALTH2018-09954,CHILDREN'S LIGHTHOUSE,Institutional,school/daycare,national_regional,,high,school/daycare name,Institutional | national_regional,Institutional | national_regional,agreed,
HEALTH2018-09965,TAI SUSHI HOUSE,Japanese,sushi,independent,,high,name,Japanese | independent,Japanese | independent,agreed,
HEALTH2018-09966,DOMINO'S PIZZA,Pizza/Italian,pizza,national_regional,,high,known chain,Pizza/Italian | national_regional,Pizza/Italian | national_regional,agreed,
HEALTH2018-09969,GRAND BROOK MEMORY CARE,Institutional,senior living / nursing,local_multi,,low,senior living name,Institutional | local_multi,Institutional | national_regional,adjudicated,"chain: A local_multi, B national_regional; DFW memory-care brand"
HEALTH2018-09971,SOL'S TEX MEX,Mexican/Tex-Mex/Latin,Tex-Mex,independent,,high,name,Mexican/Tex-Mex/Latin | independent,Mexican/Tex-Mex/Latin | independent,agreed,
HEALTH2018-09974,COSTCO #1284 GROCERY,Grocery/Market,Costco - grocery,national_regional,mainstream_supermarket,high,known chain,Grocery/Market | national_regional | mainstream_supermarket,Grocery/Market | national_regional | mainstream_supermarket,agreed,
HEALTH2018-09975,COSTCO #1284 FOOD COURT,Grocery/Market,Costco - food court,national_regional,mainstream_supermarket,high,known chain,Grocery/Market | national_regional | mainstream_supermarket,Grocery/Market | national_regional | mainstream_supermarket,agreed,
HEALTH2018-09976,COSTCO #1284 MEAT/DELI,Grocery/Market,Costco - deli,national_regional,mainstream_supermarket,high,known chain,Grocery/Market | national_regional | mainstream_supermarket,Grocery/Market | national_regional | mainstream_supermarket,agreed,
HEALTH2018-09977,COSTCO BAKERY,Grocery/Market,Costco - bakery,national_regional,mainstream_supermarket,high,known chain,Grocery/Market | national_regional | mainstream_supermarket,Grocery/Market | national_regional | mainstream_supermarket,agreed,
HEALTH2018-09980,SD Donuts,Coffee/Cafe/Bakery/Dessert,donuts/bagels,independent,,high,name,Coffee/Cafe/Bakery/Dessert | independent,Coffee/Cafe/Bakery/Dessert | independent,agreed,
HEALTH2018-09985,UMAI SUSHI,Japanese,sushi,independent,,high,"name; comments mention miso, tuna",Japanese | independent,Japanese | independent,agreed,
HEALTH2018-09992,Salsa Booth,Mexican/Tex-Mex/Latin,salsa and Mexican snacks (event vendor),independent,,medium,"name; comments mention pork, corn",Mexican/Tex-Mex/Latin | independent,Mexican/Tex-Mex/Latin | independent,agreed,
HEALTH2018-09995,SHIPLEY DONUT DONUT,Coffee/Cafe/Bakery/Dessert,donuts,national_regional,,high,known chain,Coffee/Cafe/Bakery/Dessert | national_regional,Coffee/Cafe/Bakery/Dessert | national_regional,agreed,
HEALTH2018-10002,HONEY ROASTED POPCORN,Venue/Concession,honey roasted nuts/popcorn,independent,,medium,name; Trade Days vendor,Venue/Concession | independent,Venue/Concession | independent,agreed,
HEALTH2018-10005,MR BOBA TEA CAFE,Coffee/Cafe/Bakery/Dessert,boba tea,independent,,high,name,Coffee/Cafe/Bakery/Dessert | independent,Coffee/Cafe/Bakery/Dessert | independent,agreed,
HEALTH2018-10010,THE ACADEMY AT CRAIG RANCH,Institutional,school/daycare,independent,,high,school/daycare name,Institutional | independent,Institutional | unknown,adjudicated,"chain: A independent, B unknown; unrecognized single-site school/daycare name"
HEALTH2018-10011,HONI'S COFFEE HOUSE,Coffee/Cafe/Bakery/Dessert,coffee,independent,,medium,name,Coffee/Cafe/Bakery/Dessert | independent,Coffee/Cafe/Bakery/Dessert | independent,agreed,
HEALTH2018-10042,RYE New Ownership,"American (sit-down, bars, venues)","New American, farm-to-table",independent,,medium,name; known downtown restaurant,"American (sit-down, bars, venues) | independent","American (sit-down, bars, venues) | independent",agreed,
HEALTH2018-10052,NEIGHBORHOOD NOSH,Deli/Sandwich/Salad,sandwiches,independent,,medium,name; comments mention sandwich,Deli/Sandwich/Salad | independent,Deli/Sandwich/Salad | independent,agreed,
HEALTH2018-10057,RODRIGUEZ GROCERY,Grocery/Market,independent grocery,independent,independent_specialty,medium,name,Grocery/Market | independent | independent_specialty,Grocery/Market | independent | independent_specialty,agreed,
HEALTH2018-10058,STONEBRANCH MICROFARM,Other non-restaurant,microgreens vendor (farmers market),independent,,medium,farmers market vendor,Grocery/Market | independent | independent_specialty,Other non-restaurant | independent,adjudicated,"market product vendors coded Other non-restaurant, as in agreed farmers-market rows"
HEALTH2018-10060,PANERA BREAD,Deli/Sandwich/Salad,sandwiches/salads,national_regional,,high,known chain,Deli/Sandwich/Salad | national_regional,Deli/Sandwich/Salad | national_regional,agreed,
HEALTH2018-10069,DRIP N ROLL,Coffee/Cafe/Bakery/Dessert,rolled ice cream / coffee,independent,,medium,"comments mention milk, half and half, cheesecake bites",Coffee/Cafe/Bakery/Dessert | independent,Coffee/Cafe/Bakery/Dessert | independent,agreed,
HEALTH2018-10073,MOD PIZZA,Pizza/Italian,pizza,national_regional,,high,known chain,Pizza/Italian | national_regional,Pizza/Italian | national_regional,agreed,
HEALTH2018-10079,SMOOTHIE KING,Coffee/Cafe/Bakery/Dessert,smoothies/juice,national_regional,,high,known chain,Coffee/Cafe/Bakery/Dessert | national_regional,Coffee/Cafe/Bakery/Dessert | national_regional,agreed,
HEALTH2018-10080,NEW YORK PIZZA AND PINTS II,Pizza/Italian,pizza,local_multi,,low,name,Pizza/Italian | local_multi,Pizza/Italian | independent,adjudicated,"chain: A local_multi, B independent; ""II"" in name implies a second store"
HEALTH2018-10082,MCDONLD'S,Fast Food,burgers,national_regional,,high,known chain,Fast Food | national_regional,Fast Food | national_regional,agreed,
HEALTH2018-10098,LOCAL YOCAL BBQ AND GRILL,"American (sit-down, bars, venues)",BBQ,independent,,medium,name,"American (sit-down, bars, venues) | independent","American (sit-down, bars, venues) | independent",agreed,
HEALTH2018-10101,DOLLAR TREE,Convenience/Gas,dollar/discount store,national_regional,,high,known chain,Convenience/Gas | national_regional,Convenience/Gas | national_regional,agreed,
HEALTH2018-10103,BAKER ELEMENTARY SCHOOL,Institutional,school cafeteria/concession,local_multi,,high,school name,Institutional | local_multi,Institutional | local_multi,agreed,
HEALTH2018-10104,HUGHES ELEMENTARY SCHOOL,Institutional,school cafeteria/concession,local_multi,,high,school name,Institutional | local_multi,Institutional | local_multi,agreed,
HEALTH2018-10131,ECONO LODGE INN AND SUITES,Hotel/Caterer/Commissary,hotel,national_regional,,high,hotel name,Hotel/Caterer/Commissary | national_regional,Hotel/Caterer/Commissary | national_regional,agreed,
HEALTH2018-10132,THE GRIND BURGER BAR,"American (sit-down, bars, venues)",burgers,independent,,medium,name,"American (sit-down, bars, venues) | independent","American (sit-down, bars, venues) | independent",agreed,
HEALTH2018-10134,MOONEYHAM ELEMENTARY,Institutional,school cafeteria/concession,local_multi,,high,school name,Institutional | local_multi,Institutional | local_multi,agreed,
HEALTH2018-10135,SCOTT ELEMENTARY,Institutional,school cafeteria/concession,local_multi,,high,school name,Institutional | local_multi,Institutional | local_multi,agreed,
HEALTH2018-10136,OGLE ELEMENTARY,Institutional,school cafeteria/concession,local_multi,,high,school name,Institutional | local_multi,Institutional | local_multi,agreed,
HEALTH2018-10137,SONNTAGE ELEMENTARY,Institutional,school cafeteria/concession,local_multi,,high,school name,Institutional | local_multi,Institutional | local_multi,agreed,
HEALTH2018-10138,COMSTOCK ELEMENTARY,Institutional,school cafeteria/concession,local_multi,,high,school name,Institutional | local_multi,Institutional | local_multi,agreed,
HEALTH2018-10139,ELLIOTT ELEMENTARY,Institutional,school cafeteria/concession,local_multi,,high,school name,Institutional | local_multi,Institutional | local_multi,agreed,
HEALTH2018-10140,SCOGGINS MIDDLE SCHOOL,Institutional,school cafeteria/concession,local_multi,,high,school name,Institutional | local_multi,Institutional | local_multi,agreed,
HEALTH2018-10142,PATEL BROTHERS,Grocery/Market,Indian grocery,national_regional,independent_specialty,high,known chain,Grocery/Market | national_regional | independent_specialty,Grocery/Market | national_regional | independent_specialty,agreed,
HEALTH2018-10143,PATEL BROTHERS supermarket,Grocery/Market,Indian grocery,national_regional,independent_specialty,high,known chain,Grocery/Market | national_regional | independent_specialty,Grocery/Market | national_regional | independent_specialty,agreed,
HEALTH2018-10144,JAMBA JUICE,Coffee/Cafe/Bakery/Dessert,smoothies/juice,national_regional,,high,known chain,Coffee/Cafe/Bakery/Dessert | national_regional,Coffee/Cafe/Bakery/Dessert | national_regional,agreed,
HEALTH2018-10146,PREMIER GRILLING,Other non-restaurant,grill retailer (samples),independent,,low,name; comment mentions samples,Other non-restaurant | independent,Other non-restaurant | independent,agreed,
HEALTH2018-10147,WINKLE CONCESSIONS,Venue/Concession,event concession,independent,,medium,name; Trade Days vendor,Venue/Concession | independent,Venue/Concession | independent,agreed,
HEALTH2018-10151,MCKINNEY ISD STADIUM COMMUNITY EVENT CENTER,Institutional,school cafeteria/concession,local_multi,,high,school name,Institutional | local_multi,Institutional | local_multi,agreed,
HEALTH2018-10152,MCKINNEY ISD STADIUM VISITOR CONCESSION,Institutional,school cafeteria/concession,local_multi,,high,school name,Institutional | local_multi,Institutional | local_multi,agreed,
HEALTH2018-10153,MCKINNEY ISD STADIUM HOME CONCESSION,Institutional,school cafeteria/concession,local_multi,,high,school name,Institutional | local_multi,Institutional | local_multi,agreed,
HEALTH2018-10160,Palio's Pizza Cafe,Pizza/Italian,pizza,national_regional,,high,known chain,Pizza/Italian | national_regional,Pizza/Italian | national_regional,agreed,
HEALTH2018-10162,GENGHIS GRILL,Asian (unspecified),Mongolian stir-fry,national_regional,,high,known chain,Asian (unspecified) | national_regional,Asian (unspecified) | national_regional,agreed,
HEALTH2018-10172,PEPE'S TACOS Y MAS,Mexican/Tex-Mex/Latin,tacos,independent,,high,name,Mexican/Tex-Mex/Latin | independent,Mexican/Tex-Mex/Latin | independent,agreed,
HEALTH2018-10173,LITTLE GEMS MONTESSORI,Institutional,school/daycare,independent,,high,school/daycare name,Institutional | independent,Institutional | unknown,adjudicated,"chain: A independent, B unknown; unrecognized single-site school/daycare name"
HEALTH2018-10184,SPANISH SCHOOLHOUSE MCKINNEY,Institutional,school/daycare,national_regional,,high,school/daycare name,Institutional | local_multi,Institutional | national_regional,adjudicated,"chain: A local_multi, B national_regional; child-care brand in Houston and DFW"
HEALTH2018-10195,DOMINO'S PIZZA #6806,Pizza/Italian,pizza,national_regional,,high,known chain,Pizza/Italian | national_regional,Pizza/Italian | national_regional,agreed,
HEALTH2018-10196,CHILDCARE NETWORK #265,Institutional,school/daycare,national_regional,,high,school/daycare name,Institutional | national_regional,Institutional | national_regional,agreed,
HEALTH2018-10205,Z's Good Vibes Juice Bar,Coffee/Cafe/Bakery/Dessert,juice bar,independent,,high,name,Coffee/Cafe/Bakery/Dessert | independent,Coffee/Cafe/Bakery/Dessert | independent,agreed,
HEALTH2018-10215,LINDSEY ELEMENTARY,Institutional,school cafeteria/concession,local_multi,,high,school name,Institutional | local_multi,Institutional | local_multi,agreed,
HEALTH2018-10270,MCKINNEY COPPER KITCHEN,Hotel/Caterer/Commissary,shared commercial kitchen,independent,,low,name; same site used by caterer,Hotel/Caterer/Commissary | unknown,Hotel/Caterer/Commissary | independent,adjudicated,"chain: A unknown, B independent; single shared commercial kitchen"
HEALTH2018-10271,KING KORN,Venue/Concession,roasted corn,independent,,medium,name; comments mention corn,Venue/Concession | independent,Venue/Concession | independent,agreed,
HEALTH2018-10274,SWEET THANG CONCESSIONS,Venue/Concession,lemonade concession,independent,,medium,name; comments mention lemons,Venue/Concession | independent,Venue/Concession | independent,agreed,
HEALTH2018-10285,KROGER #567 STARBUCKS,Grocery/Market,Starbucks/coffee counter inside Kroger #567,national_regional,mainstream_supermarket,medium,address is Kroger #567; name says inside/at store,Grocery/Market | national_regional | mainstream_supermarket,Coffee/Cafe/Bakery/Dessert | national_regional,adjudicated,"B coded Coffee/Cafe/Bakery/Dessert; in-store counters follow the agreed convention for supermarket food service (Target cafe, H-E-B BBQ counter, Costco food court); chain = host store"
HEALTH2018-10286,KWIK STOP,Convenience/Gas,convenience store / gas station,independent,,medium,name / known chain,Convenience/Gas | independent,Convenience/Gas | unknown,adjudicated,"chain: A independent, B unknown; unrecognized single-store convenience name"
HEALTH2018-10292,HYDEOUT CAFE,"American (sit-down, bars, venues)",cafe,independent,,low,"name; comments mention eggs, turkey","American (sit-down, bars, venues) | independent","American (sit-down, bars, venues) | independent",agreed,
HEALTH2018-10310,ELOTES LOCOS,Mexican/Tex-Mex/Latin,elotes (Mexican street snacks),independent,,high,name,Mexican/Tex-Mex/Latin | independent,Mexican/Tex-Mex/Latin | independent,agreed,
HEALTH2018-10325,MCKINNEY WINE MERCHANT,Other non-restaurant,wine/liquor,independent,,medium,name,Other non-restaurant | independent,Other non-restaurant | independent,agreed,
HEALTH2018-10327,MARCO'S PIZZA,Pizza/Italian,pizza,national_regional,,high,known chain,Pizza/Italian | national_regional,Pizza/Italian | national_regional,agreed,
HEALTH2018-10341,TACO BELL #35433,Fast Food,Taco Bell,national_regional,,high,known chain,Fast Food | national_regional,Fast Food | national_regional,agreed,
HEALTH2018-10342,TACO BELL #35445,Fast Food,Taco Bell,national_regional,,high,known chain,Fast Food | national_regional,Fast Food | national_regional,agreed,
HEALTH2018-10345,MOM AND POPCORN,Coffee/Cafe/Bakery/Dessert,gourmet popcorn shop,independent,,medium,name,Coffee/Cafe/Bakery/Dessert | independent,Coffee/Cafe/Bakery/Dessert | independent,agreed,
HEALTH2018-10348,THE GODDARD SCHOOL,Institutional,school/daycare,national_regional,,high,school/daycare name,Institutional | national_regional,Institutional | national_regional,agreed,
HEALTH2018-10350,GRAPEVINE OLIVE OIL,Other non-restaurant,olive oil retail,local_multi,,low,name,Other non-restaurant | local_multi,Other non-restaurant | national_regional,adjudicated,"chain: A local_multi, B national_regional; small Texas olive-oil retailer"
HEALTH2018-10353,QUALITY- INN-MCKINNEY,Hotel/Caterer/Commissary,hotel,national_regional,,high,hotel name,Hotel/Caterer/Commissary | national_regional,Hotel/Caterer/Commissary | national_regional,agreed,
HEALTH2018-10376,DONUT PALACE Name : Shin's Donut palace moving into existing space,Coffee/Cafe/Bakery/Dessert,donuts/bagels,unknown,,low,name,Coffee/Cafe/Bakery/Dessert | national_regional,Coffee/Cafe/Bakery/Dessert | independent,adjudicated,"chain: A national_regional, B independent; shared Donut Palace name, owner-named shop; franchise status unclear"
HEALTH2018-10377,BENNETT CONCESSIONS,Venue/Concession,event concession,independent,,medium,name,Venue/Concession | independent,Venue/Concession | independent,agreed,
HEALTH2018-10379,SW SUSHIHOUSE,Grocery/Market,sushi counter inside Kroger #565,national_regional,mainstream_supermarket,medium,address is Kroger #565,Grocery/Market | unknown | mainstream_supermarket,Japanese | unknown,adjudicated,"B coded Japanese; in-store counters follow the agreed convention for supermarket food service (Target cafe, H-E-B BBQ counter, Costco food court); chain = host store"
HEALTH2018-10382,MCDONALDS,Fast Food,burgers,national_regional,,high,known chain,Fast Food | national_regional,Fast Food | national_regional,agreed,
HEALTH2018-10385,UNCORK'D WINE BAR & GRILL,"American (sit-down, bars, venues)",wine bar & grill,independent,,medium,name,"American (sit-down, bars, venues) | independent","American (sit-down, bars, venues) | independent",agreed,
HEALTH2018-10386,ADVENTURE KIDS PLAYCARE,Institutional,school/daycare,local_multi,,low,school/daycare name,Institutional | local_multi,Institutional | national_regional,adjudicated,"chain: A local_multi, B national_regional; DFW child-care brand"
HEALTH2018-10388,NU-LIFE NUTRITION,Coffee/Cafe/Bakery/Dessert,nutrition shakes,independent,,medium,name,Coffee/Cafe/Bakery/Dessert | independent,Coffee/Cafe/Bakery/Dessert | independent,agreed,
HEALTH2018-10389,Spice and Tea Merchants of Mckinney,Other non-restaurant,packaged spices and teas,national_regional,,medium,name,Other non-restaurant | local_multi,Other non-restaurant | national_regional,adjudicated,"chain: A local_multi, B national_regional; multi-state franchise"
HEALTH2018-10393,SONIC DRIVE IN,Fast Food,burgers/drive-in,national_regional,,high,known chain,Fast Food | national_regional,Fast Food | national_regional,agreed,
HEALTH2018-10398,7-ELEVEN #38108,Convenience/Gas,convenience store / gas station,national_regional,,high,name / known chain,Convenience/Gas | national_regional,Convenience/Gas | national_regional,agreed,
HEALTH2018-10399,MEALS ON WHEELS,Institutional,nonprofit social services,independent,,high,name,Institutional | independent,Institutional | independent,agreed,
HEALTH2018-10400,FIVE GUYS,Fast Food,burgers,national_regional,,high,known chain,Fast Food | national_regional,Fast Food | national_regional,agreed,
HEALTH2018-10402,THE PREP SCHOOL,Institutional,school/daycare,independent,,high,school/daycare name,Institutional | independent,Institutional | unknown,adjudicated,"chain: A independent, B unknown; unrecognized single-site school/daycare name"
HEALTH2018-10403,URBAN AIR ADVENTURE PARK,Venue/Concession,trampoline park,national_regional,,high,known chain,Venue/Concession | national_regional,Venue/Concession | national_regional,agreed,
HEALTH2018-10406,DONUT KITCHEN,Coffee/Cafe/Bakery/Dessert,donuts/bagels,independent,,high,name,Coffee/Cafe/Bakery/Dessert | independent,Coffee/Cafe/Bakery/Dessert | independent,agreed,
HEALTH2018-10409,SAMARITAN INN,Institutional,nonprofit social services,independent,,high,name,Institutional | independent,Institutional | independent,agreed,
HEALTH2018-10410,MS. PENNY'S KITCHEN,Venue/Concession,market food vendor (food not identified),independent,,low,inspected on McKinney farmers market dates,Unknown | independent,Hotel/Caterer/Commissary | independent,adjudicated,"same vendor as Trade Days permit HEALTH2019-00051, coded the same way"
HEALTH2018-10411,EXOTIC BLENDZ BUBBLE TEA CO.,Coffee/Cafe/Bakery/Dessert,boba tea,independent,,high,name,Coffee/Cafe/Bakery/Dessert | independent,Coffee/Cafe/Bakery/Dessert | independent,agreed,
HEALTH2018-10412,WONDERLAND MONTESSORI ACADEDMY,Institutional,school/daycare,independent,,high,school/daycare name,Institutional | independent,Institutional | unknown,adjudicated,"chain: A independent, B unknown; unrecognized single-site school/daycare name"
HEALTH2018-10414,DUINO COFFEE,Coffee/Cafe/Bakery/Dessert,coffee,independent,,high,name,Coffee/Cafe/Bakery/Dessert | independent,Coffee/Cafe/Bakery/Dessert | independent,agreed,
HEALTH2018-10416,Arbys #8608,Fast Food,roast beef sandwiches,national_regional,,high,known chain,Fast Food | national_regional,Fast Food | national_regional,agreed,
HEALTH2018-10417,SANTORINI GRILL,Mediterranean/Middle Eastern,Greek,independent,,medium,name (Santorini),Mediterranean/Middle Eastern | independent,Mediterranean/Middle Eastern | independent,agreed,
HEALTH2018-10420,KROGER #565 / GROCERY,Grocery/Market,Kroger - grocery,national_regional,mainstream_supermarket,high,known chain,Grocery/Market | national_regional | mainstream_supermarket,Grocery/Market | national_regional | mainstream_supermarket,agreed,
HEALTH2018-10426,TPC @ CRAIG RANCH GRILL,"American (sit-down, bars, venues)",country club,national_regional,,high,name,"American (sit-down, bars, venues) | national_regional","American (sit-down, bars, venues) | independent",adjudicated,"chain: A national_regional, B independent; TPC network club"
HEALTH2018-10427,TPC @ CRAIG RANCH,"American (sit-down, bars, venues)",country club,national_regional,,high,name,"American (sit-down, bars, venues) | national_regional","American (sit-down, bars, venues) | independent",adjudicated,"chain: A national_regional, B independent; TPC network club"
HEALTH2019-00002,STARBUCKS,Grocery/Market,Starbucks/coffee counter inside Kroger #565,national_regional,mainstream_supermarket,medium,address is Kroger #565,Grocery/Market | national_regional | mainstream_supermarket,Coffee/Cafe/Bakery/Dessert | national_regional,adjudicated,"B coded Coffee/Cafe/Bakery/Dessert; in-store counters follow the agreed convention for supermarket food service (Target cafe, H-E-B BBQ counter, Costco food court); chain = host store"
HEALTH2019-00003,KROGER #565/ MEAT&SEAFOOD,Grocery/Market,Kroger - meat,national_regional,mainstream_supermarket,high,known chain,Grocery/Market | national_regional | mainstream_supermarket,Grocery/Market | national_regional | mainstream_supermarket,agreed,
HEALTH2019-00004,KROGER #565 / BAKERY,Grocery/Market,Kroger - bakery,national_regional,mainstream_supermarket,high,known chain,Grocery/Market | national_regional | mainstream_supermarket,Grocery/Market | national_regional | mainstream_supermarket,agreed,
HEALTH2019-00005,KROGER #565 / PRODUCE,Grocery/Market,Kroger - produce,national_regional,mainstream_supermarket,high,known chain,Grocery/Market | national_regional | mainstream_supermarket,Grocery/Market | national_regional | mainstream_supermarket,agreed,
HEALTH2019-00006,KROGER / DELI,Grocery/Market,Kroger - deli,national_regional,mainstream_supermarket,high,known chain,Grocery/Market | national_regional | mainstream_supermarket,Grocery/Market | national_regional | mainstream_supermarket,agreed,
HEALTH2019-00007,Benny's Cafe,"American (sit-down, bars, venues)",breakfast/lunch cafe,independent,,medium,"comments mention sausage, fruit, butter; same cafe as other Benny's Cafe permits","American (sit-down, bars, venues) | independent","American (sit-down, bars, venues) | independent",agreed,
HEALTH2019-00013,JOSE'S HAMM'S,Grocery/Market,meat market,independent,independent_specialty,high,name,Grocery/Market | independent | independent_specialty,Grocery/Market | independent | independent_specialty,agreed,
HEALTH2019-00016,FIREHOUSE SUBS,Deli/Sandwich/Salad,sub sandwiches,national_regional,,high,known chain,Deli/Sandwich/Salad | national_regional,Deli/Sandwich/Salad | national_regional,agreed,
HEALTH2019-00021,PRIMROSE SCHOOL OF ELDORADO,Institutional,school/daycare,national_regional,,high,school/daycare name,Institutional | national_regional,Institutional | national_regional,agreed,
HEALTH2019-00031,Tropical Smoothie Café,Coffee/Cafe/Bakery/Dessert,smoothies/juice,national_regional,,high,known chain,Coffee/Cafe/Bakery/Dessert | national_regional,Coffee/Cafe/Bakery/Dessert | national_regional,agreed,
HEALTH2019-00032,Remains To Be Seen,Venue/Concession,Trade Days vendor (only pickles noted),independent,,low,Trade Days vendor; food barely identified,Unknown | unknown,Venue/Concession | independent,adjudicated,
HEALTH2019-00034,COSTCO / BREAK ROOM,Other non-restaurant,employee micro market,national_regional,,medium,name says micro market/break room,Other non-restaurant | national_regional,Other non-restaurant | national_regional,agreed,
HEALTH2019-00036,ENCORE WIRE / BREAK ROOM,Other non-restaurant,micro market (employer break room),unknown,,high,comments say micro market,Other non-restaurant | unknown,Other non-restaurant | independent,adjudicated,"chain: A unknown, B independent; micro market/break room named for the employer; operator not named (agreed rule: operator named -> its chain status, else unknown)"
HEALTH2019-00041,SONIC DRIVE IN #3834,Fast Food,burgers/drive-in,national_regional,,high,known chain,Fast Food | national_regional,Fast Food | national_regional,agreed,
HEALTH2019-00044,Honeylu's Coffee,Coffee/Cafe/Bakery/Dessert,gym cafe,independent,,medium,name; address is Life Time fitness club,Coffee/Cafe/Bakery/Dessert | independent,Coffee/Cafe/Bakery/Dessert | independent,agreed,
HEALTH2019-00046,Salata Quick Casual Salad Bar,Deli/Sandwich/Salad,salads,national_regional,,high,known chain,Deli/Sandwich/Salad | national_regional,Deli/Sandwich/Salad | national_regional,agreed,
HEALTH2019-00048,BBQ Kitchen Trailer,"American (sit-down, bars, venues)",BBQ trailer,independent,,medium,name; comments mention baked beans,"American (sit-down, bars, venues) | independent","American (sit-down, bars, venues) | independent",agreed,
HEALTH2019-00049,PETRA MEXICAN BISTRO,Mexican/Tex-Mex/Latin,Mexican,independent,,low,name,Mexican/Tex-Mex/Latin | local_multi,Mexican/Tex-Mex/Latin | independent,adjudicated,"chain: A local_multi, B independent; two addresses do not overlap in time (a move, not a second store)"
HEALTH2019-00051,MS. PENNY'S KITCHEN,Venue/Concession,Trade Days vendor (food not identified),independent,,low,permit at Trade Days grounds,Unknown | independent,Venue/Concession | independent,adjudicated,"event vendors with unidentified food coded Venue/Concession, as agreed for Itsy Bites"
HEALTH2019-00052,THE AMAZING DIP COMPANY,Other non-restaurant,dip mixes (market vendor),independent,,medium,name,Other non-restaurant | independent,Other non-restaurant | independent,agreed,
HEALTH2019-00053,7-Eleven Convenience Store #33697B,Convenience/Gas,convenience store / gas station,national_regional,,high,name / known chain,Convenience/Gas | national_regional,Convenience/Gas | national_regional,agreed,
HEALTH2019-00054,HARRY'S ON THE HARBOR,"American (sit-down, bars, venues)",American grill,independent,,low,"comments mention beef, chicken, eggs","American (sit-down, bars, venues) | independent","American (sit-down, bars, venues) | independent",agreed,
HEALTH2019-00055,GENIUS CHILD OF MCKINNEY,Institutional,school/daycare,independent,,high,school/daycare name,Institutional | independent,Institutional | unknown,adjudicated,"chain: A independent, B unknown; unrecognized single-site school/daycare name"
HEALTH2019-00059,Boardwalk Bites,Venue/Concession,event concession (corn dogs),independent,,medium,comments mention corn dogs; Trade Days vendor,Venue/Concession | independent,Venue/Concession | independent,agreed,
HEALTH2019-00061,SOL'S MEXICAN GRILL,Mexican/Tex-Mex/Latin,Mexican,independent,,high,name,Mexican/Tex-Mex/Latin | independent,Mexican/Tex-Mex/Latin | independent,agreed,
HEALTH2019-00062,SWEET ART BAKERY,Coffee/Cafe/Bakery/Dessert,bakery,independent,,high,name,Coffee/Cafe/Bakery/Dessert | independent,Coffee/Cafe/Bakery/Dessert | independent,agreed,
HEALTH2019-00067,DONUT BOX,Coffee/Cafe/Bakery/Dessert,donuts/bagels,local_multi,,high,name,Coffee/Cafe/Bakery/Dessert | local_multi,Coffee/Cafe/Bakery/Dessert | local_multi,agreed,
HEALTH2019-00071,PARK MANOR,Institutional,senior living / nursing,national_regional,,high,senior living name,Institutional | national_regional,Institutional | national_regional,agreed,
HEALTH2019-00074,SHIPLEY DO-NUTS,Coffee/Cafe/Bakery/Dessert,donuts,national_regional,,high,known chain,Coffee/Cafe/Bakery/Dessert | national_regional,Coffee/Cafe/Bakery/Dessert | national_regional,agreed,
HEALTH2019-00077,LITTLE GREEK RESTAURANT STE 808,Mediterranean/Middle Eastern,Greek,national_regional,,high,known chain,Mediterranean/Middle Eastern | national_regional,Mediterranean/Middle Eastern | national_regional,agreed,
HEALTH2019-00083,DONUT BLISS,Coffee/Cafe/Bakery/Dessert,donuts/bagels,local_multi,,high,name,Coffee/Cafe/Bakery/Dessert | local_multi,Coffee/Cafe/Bakery/Dessert | independent,adjudicated,"chain: A local_multi, B independent; two McKinney locations in the data (Eldorado Pkwy and Virginia Pkwy)"
HEALTH2019-00085,CHICKEN SALAD CHICK,Deli/Sandwich/Salad,chicken salad,national_regional,,high,known chain,Deli/Sandwich/Salad | national_regional,Deli/Sandwich/Salad | national_regional,agreed,
HEALTH2019-00091,Pancheros Mexican Grill,Mexican/Tex-Mex/Latin,Mexican fast casual,national_regional,,high,known chain,Mexican/Tex-Mex/Latin | national_regional,Mexican/Tex-Mex/Latin | national_regional,agreed,
HEALTH2019-00097,CASTLE MONTESSORI OF MCKINNEY,Institutional,school/daycare,independent,,high,school/daycare name,Institutional | independent,Institutional | unknown,adjudicated,"chain: A independent, B unknown; unrecognized single-site school/daycare name"
HEALTH2019-00106,BOYD HIGH SCHOOL BASEBALL CONCESSION,Institutional,school cafeteria/concession,local_multi,,high,school name,Institutional | local_multi,Institutional | local_multi,agreed,
HEALTH2019-00107,BOYD HIGH SCHOOL INSIDE CONCESSION,Institutional,school cafeteria/concession,local_multi,,high,school name,Institutional | local_multi,Institutional | local_multi,agreed,
HEALTH2019-00108,BOYD HIGH SCHOOL TENNIS CONCESSION,Institutional,school cafeteria/concession,local_multi,,high,school name,Institutional | local_multi,Institutional | local_multi,agreed,
HEALTH2019-00109,SAM SERIO MISD NATATORIUM,Institutional,school cafeteria/concession (McKinney ISD),local_multi,,high,MISD school,Institutional | local_multi,Institutional | local_multi,agreed,
HEALTH2019-00110,CINEMARK #1154 MCKINNEY,Venue/Concession,movie theater,national_regional,,high,known chain,Venue/Concession | national_regional,Venue/Concession | national_regional,agreed,
HEALTH2019-00117,PRIMROSE SCHOOL OF STONEBROOK,Institutional,school/daycare,national_regional,,high,school/daycare name,Institutional | national_regional,Institutional | national_regional,agreed,
HEALTH2019-00119,GUIDEPOST MONTESSORI ELDORADO,Institutional,school/daycare,national_regional,,high,school/daycare name,Institutional | national_regional,Institutional | national_regional,agreed,
HEALTH2019-00120,Home2 Suites,Hotel/Caterer/Commissary,hotel,national_regional,,high,hotel name,Hotel/Caterer/Commissary | national_regional,Hotel/Caterer/Commissary | national_regional,agreed,
HEALTH2019-00129,MOD PIZZA,Pizza/Italian,pizza,national_regional,,high,known chain,Pizza/Italian | national_regional,Pizza/Italian | national_regional,agreed,
HEALTH2019-00132,JERSEY MIKES SUBS,Deli/Sandwich/Salad,sub sandwiches,national_regional,,high,known chain,Deli/Sandwich/Salad | national_regional,Deli/Sandwich/Salad | national_regional,agreed,
HEALTH2019-00135,HOLY FAMILY SCHOOL,Institutional,school/daycare,independent,,high,school/daycare name,Institutional | independent,Institutional | unknown,adjudicated,"chain: A independent, B unknown; unrecognized single-site school/daycare name"
HEALTH2019-00136,KIDDIE ACADEMY OF STONEBRIDGE,Institutional,school/daycare,national_regional,,high,school/daycare name,Institutional | national_regional,Institutional | national_regional,agreed,
HEALTH2019-00141,FRESH MEX,Mexican/Tex-Mex/Latin,Mexican (farmers market),independent,,low,name,Mexican/Tex-Mex/Latin | independent,Mexican/Tex-Mex/Latin | independent,agreed,
HEALTH2019-00143,DUNKIN' DONUTS,Coffee/Cafe/Bakery/Dessert,donuts/coffee,national_regional,,high,known chain,Coffee/Cafe/Bakery/Dessert | national_regional,Coffee/Cafe/Bakery/Dessert | national_regional,agreed,
HEALTH2019-00144,COOLEY BAY WINERY,Other non-restaurant,winery (farmers market),independent,,medium,name,Other non-restaurant | independent,Other non-restaurant | independent,agreed,
HEALTH2019-00145,MCDONALD'S,Fast Food,burgers,national_regional,,high,known chain,Fast Food | national_regional,Fast Food | national_regional,agreed,
HEALTH2019-00151,51 RAINBOW ICE CREAMS & SHAKES,Coffee/Cafe/Bakery/Dessert,ice cream and shakes,independent,,high,name,Coffee/Cafe/Bakery/Dessert | independent,Coffee/Cafe/Bakery/Dessert | independent,agreed,
HEALTH2019-00153,CHILDREN'S LEARNING ADENTURE,Institutional,school/daycare,national_regional,,high,school/daycare name,Institutional | national_regional,Institutional | national_regional,agreed,
HEALTH2019-00154,MIGHTY QUICK,Convenience/Gas,convenience store / gas station,independent,,medium,name / known chain,Convenience/Gas | independent,Convenience/Gas | unknown,adjudicated,"chain: A independent, B unknown; unrecognized single-store convenience name"
HEALTH2019-00190,MARCO'S PIZZA,Pizza/Italian,pizza,national_regional,,high,known chain,Pizza/Italian | national_regional,Pizza/Italian | national_regional,agreed,
HEALTH2019-00191,CREME DE LA CREME,Institutional,school/daycare,national_regional,,high,school/daycare name,Institutional | national_regional,Institutional | national_regional,agreed,
HEALTH2019-00199,Anamia's Tex-Mex,Mexican/Tex-Mex/Latin,Tex-Mex,local_multi,,high,name; known DFW chain,Mexican/Tex-Mex/Latin | local_multi,Mexican/Tex-Mex/Latin | local_multi,agreed,
HEALTH2019-00201,PARRISH SNOWBALL,Coffee/Cafe/Bakery/Dessert,snow cones,independent,,high,name,Coffee/Cafe/Bakery/Dessert | independent,Coffee/Cafe/Bakery/Dessert | independent,agreed,
HEALTH2019-00207,BURGER IM,Fast Food,burgers,national_regional,,medium,known chain,Fast Food | national_regional,Fast Food | national_regional,agreed,
HEALTH2019-00210,DIVERSE,Venue/Concession,Trade Days vendor (food not identified),independent,,low,permit at Trade Days grounds,Unknown | unknown,Venue/Concession | independent,adjudicated,"event vendors with unidentified food coded Venue/Concession, as agreed for Itsy Bites"
HEALTH2019-00222,HONEST RESTAURANT,Indian,Indian vegetarian street food,national_regional,,high,known chain; comments mention pakora,Indian | national_regional,Indian | national_regional,agreed,
HEALTH2019-00226,Revital U,Other non-restaurant,packaged wellness coffee vendor (Trade Days),independent,,low,name (packaged coffee brand); Trade Days booth,Other non-restaurant | national_regional,Coffee/Cafe/Bakery/Dessert | independent,adjudicated,"distributor booth, so independent; same treatment as Javita"
HEALTH2019-00228,KIDS R KIDS **WRONG WORK CLASS**,Institutional,school/daycare,national_regional,,high,school/daycare name,Institutional | national_regional,Institutional | national_regional,agreed,
HEALTH2019-00230,Jr Lunch Truck,Venue/Concession,Trade Days vendor (food not identified),independent,,low,permit at Trade Days grounds,Unknown | independent,Venue/Concession | independent,adjudicated,"event vendors with unidentified food coded Venue/Concession, as agreed for Itsy Bites"
HEALTH2019-00231,NORTH BROOK PLACE,Institutional,senior living / nursing,unknown,,high,senior living name,Institutional | independent,Institutional | unknown,adjudicated,"chain: A independent, B unknown; unrecognized senior-living/nursing name (often owned by multi-site operators under local names)"
HEALTH2019-00232,FURR ELEMENTARY SCHOOL,Institutional,school cafeteria/concession,local_multi,,high,school name,Institutional | local_multi,Institutional | local_multi,agreed,
HEALTH2019-00236,MCDONALD'S #3022,Fast Food,burgers,national_regional,,high,known chain,Fast Food | national_regional,Fast Food | national_regional,agreed,
HEALTH2019-00242,LA MICHOACAN - MEAT,Grocery/Market,Hispanic meat market/grocery,national_regional,independent_specialty,high,known Texas chain,Grocery/Market | national_regional | independent_specialty,Grocery/Market | national_regional | independent_specialty,agreed,
HEALTH2019-00245,The Gelato Cone,Coffee/Cafe/Bakery/Dessert,gelato,independent,,high,name,Coffee/Cafe/Bakery/Dessert | independent,Coffee/Cafe/Bakery/Dessert | independent,agreed,
HEALTH2019-00250,HAMPTON,Hotel/Caterer/Commissary,hotel,national_regional,,high,hotel name,Hotel/Caterer/Commissary | national_regional,Hotel/Caterer/Commissary | national_regional,agreed,
HEALTH2019-00252,Jamba Juice,Coffee/Cafe/Bakery/Dessert,smoothies/juice,national_regional,,high,known chain,Coffee/Cafe/Bakery/Dessert | national_regional,Coffee/Cafe/Bakery/Dessert | national_regional,agreed,
HEALTH2019-00257,Encore Wire Plant 6A,Other non-restaurant,micro market (employer break room),unknown,,high,comments say micro market,Other non-restaurant | unknown,Other non-restaurant | independent,adjudicated,"chain: A unknown, B independent; micro market/break room named for the employer; operator not named (agreed rule: operator named -> its chain status, else unknown)"
HEALTH2019-00258,Encore Wire Plant 6B,Other non-restaurant,micro market (employer break room),unknown,,high,comments say micro market,Other non-restaurant | unknown,Other non-restaurant | independent,adjudicated,"chain: A unknown, B independent; micro market/break room named for the employer; operator not named (agreed rule: operator named -> its chain status, else unknown)"
HEALTH2019-00259,Encore Wire Plant 3,Other non-restaurant,micro market (employer break room),unknown,,high,comments say micro market,Other non-restaurant | unknown,Other non-restaurant | independent,adjudicated,"chain: A unknown, B independent; micro market/break room named for the employer; operator not named (agreed rule: operator named -> its chain status, else unknown)"
HEALTH2019-00260,Encore Wire Plant 4,Other non-restaurant,micro market (employer break room),unknown,,high,comments say micro market,Other non-restaurant | unknown,Other non-restaurant | independent,adjudicated,"chain: A unknown, B independent; micro market/break room named for the employer; operator not named (agreed rule: operator named -> its chain status, else unknown)"
HEALTH2019-00261,AWESOME KIDS ACADEMY,Institutional,school/daycare,independent,,high,school/daycare name,Institutional | independent,Institutional | unknown,adjudicated,"chain: A independent, B unknown; unrecognized single-site school/daycare name"
HEALTH2019-00265,Sheraton McKinney,Hotel/Caterer/Commissary,hotel,national_regional,,high,hotel name,Hotel/Caterer/Commissary | national_regional,Hotel/Caterer/Commissary | national_regional,agreed,
HEALTH2019-00266,"Gyro, Fried items, meat and dry grocery to go itmes.",Grocery/Market,halal/international market with gyro counter,independent,independent_specialty,medium,"name lists gyro, fried items, meat and dry grocery; same suite as international market",Grocery/Market | independent | independent_specialty,Grocery/Market | independent | independent_specialty,agreed,
HEALTH2019-00303,ASIAN BUFFET,Asian (unspecified),Asian buffet,independent,,medium,name; comments mention buffet,Asian (unspecified) | independent,Asian (unspecified) | independent,agreed,
HEALTH2019-00316,Wing Bucket,"American (sit-down, bars, venues)",wings,local_multi,,medium,name,"American (sit-down, bars, venues) | local_multi","American (sit-down, bars, venues) | independent",adjudicated,"chain: A local_multi, B independent; DFW wing chain"
HEALTH2019-00321,Chesnut Village Coffee & Gift Shop 24 Hour Micromarket,Other non-restaurant,micro market / vending,unknown,,high,name says micro market/vending,Other non-restaurant | unknown,Other non-restaurant | unknown,agreed,
HEALTH2019-00322,Arcade 92,"American (sit-down, bars, venues)",arcade bar,independent,,medium,name,"American (sit-down, bars, venues) | independent","American (sit-down, bars, venues) | independent",agreed,
HEALTH2019-00364,SUNRISE LEARNING CENTER,Institutional,school/daycare,independent,,high,school/daycare name,Institutional | independent,Institutional | unknown,adjudicated,"chain: A independent, B unknown; unrecognized single-site school/daycare name"
HEALTH2019-003684,BLUE OLIVE GRILL,Mediterranean/Middle Eastern,Mediterranean grill,independent,,medium,name (Blue Olive),Mediterranean/Middle Eastern | independent,Mediterranean/Middle Eastern | independent,agreed,
HEALTH2019-00370,BRIGHT LIGHT PRESCHOOL,Institutional,school/daycare,independent,,high,school/daycare name,Institutional | independent,Institutional | unknown,adjudicated,"chain: A independent, B unknown; unrecognized single-site school/daycare name"
HEALTH2019-00371,THE COOKIE CRAVE,Coffee/Cafe/Bakery/Dessert,cookies (farmers market),independent,,high,name,Coffee/Cafe/Bakery/Dessert | independent,Coffee/Cafe/Bakery/Dessert | independent,agreed,
HEALTH2019-00372,The Goddard School,Institutional,school/daycare,national_regional,,high,school/daycare name,Institutional | national_regional,Institutional | national_regional,agreed,
HEALTH2019-00376,LOKOS STREET FOOD and desserts,Mexican/Tex-Mex/Latin,Mexican street food and desserts,independent,,medium,"name; comments mention corn, beef, pork, mangos",Mexican/Tex-Mex/Latin | independent,Mexican/Tex-Mex/Latin | independent,agreed,
HEALTH2019-00377,GOLDEN GRACE DAY ACTIVITY & HEALTH SERVICES CENTER,Institutional,nonprofit social services,independent,,high,name,Institutional | independent,Institutional | independent,agreed,
HEALTH2019-00379,SUSHI KOSHI,Japanese,sushi,independent,,high,name,Japanese | independent,Japanese | independent,agreed,
HEALTH2019-00380,"natural fruit drink blended in ice with different flavors, mango, coconut, and strawberry.",Coffee/Cafe/Bakery/Dessert,fruit ice drinks,independent,,medium,name describes blended fruit drinks,Coffee/Cafe/Bakery/Dessert | independent,Coffee/Cafe/Bakery/Dessert | independent,agreed,
HEALTH2019-00382,Imagine International Academy of North Texas,Institutional,school/daycare,independent,,high,school/daycare name,Institutional | independent,Institutional | unknown,adjudicated,"chain: A independent, B unknown; unrecognized single-site school/daycare name"
HEALTH2019-00384,PAPA G'S NEST BOX,Other non-restaurant,egg vendor (farmers market),independent,,medium,farmers market vendor,Grocery/Market | independent | independent_specialty,Other non-restaurant | independent,adjudicated,"market product vendors coded Other non-restaurant, as in agreed farmers-market rows"
HEALTH2019-00391,THE LEARNING EXPERIENCE,Institutional,school/daycare,national_regional,,high,school/daycare name,Institutional | national_regional,Institutional | national_regional,agreed,
HEALTH2019-00409,Jersey Mike's Sub Shop,Deli/Sandwich/Salad,sub sandwiches,national_regional,,high,known chain,Deli/Sandwich/Salad | national_regional,Deli/Sandwich/Salad | national_regional,agreed,
HEALTH2019-00412,IVY VINE PRESCHOOL * SEE NOTES*,Institutional,school/daycare,independent,,high,school/daycare name,Institutional | independent,Institutional | unknown,adjudicated,"chain: A independent, B unknown; unrecognized single-site school/daycare name"
HEALTH2019-00414,,"American (sit-down, bars, venues)","breakfast (First Watch, pre-opening)",national_regional,,low,no name; same suite as First Watch #292,"American (sit-down, bars, venues) | national_regional","American (sit-down, bars, venues) | unknown",adjudicated,"chain: A national_regional, B unknown; unnamed permit at First Watch suite"
HEALTH2019-00423,Social Living Real Estate Boutique,Other non-restaurant,real estate office coffee bar,independent,,medium,name,Other non-restaurant | independent,Other non-restaurant | independent,agreed,
HEALTH2019-00431,Guitars and Growlers,"American (sit-down, bars, venues)",craft beer bar,local_multi,,low,name,"American (sit-down, bars, venues) | local_multi","American (sit-down, bars, venues) | independent",adjudicated,"chain: A local_multi, B independent; small DFW bar group"
HEALTH2019-00437,HEARTLAND MONTESSORI ACADEMY,Institutional,school/daycare,independent,,high,school/daycare name,Institutional | independent,Institutional | unknown,adjudicated,"chain: A independent, B unknown; unrecognized single-site school/daycare name"
HEALTH2019-00440,Papi Churros,Coffee/Cafe/Bakery/Dessert,churros,independent,,medium,name; Trade Days vendor,Coffee/Cafe/Bakery/Dessert | independent,Coffee/Cafe/Bakery/Dessert | independent,agreed,
HEALTH2019-00442,FIRST WATCH #292,"American (sit-down, bars, venues)",breakfast/brunch,national_regional,,high,known chain,"American (sit-down, bars, venues) | national_regional","American (sit-down, bars, venues) | national_regional",agreed,
HEALTH2019-00452,Goodies Texas,Unknown,,unknown,,low,name only; notes list refrigerator temperatures only,Coffee/Cafe/Bakery/Dessert | independent,Other non-restaurant | independent,adjudicated,A: sweets shop; B: Texas gift store; neither supported by notes
HEALTH2019-00456,TROPICAL SMOOTHIE CAFE,Coffee/Cafe/Bakery/Dessert,smoothies/juice,national_regional,,high,known chain,Coffee/Cafe/Bakery/Dessert | national_regional,Coffee/Cafe/Bakery/Dessert | national_regional,agreed,
HEALTH2019-00458,Sweetwaters Coffee & Tea,Coffee/Cafe/Bakery/Dessert,coffee and tea,national_regional,,medium,name,Coffee/Cafe/Bakery/Dessert | national_regional,Coffee/Cafe/Bakery/Dessert | national_regional,agreed,
HEALTH2019-00470,HERITAGE LEARNING CENTER,Institutional,school/daycare,independent,,high,school/daycare name,Institutional | independent,Institutional | unknown,adjudicated,"chain: A independent, B unknown; unrecognized single-site school/daycare name"
HEALTH2019-00475,Freddy's Frozen Custer,Fast Food,steakburgers / frozen custard,national_regional,,high,known chain,Fast Food | national_regional,Fast Food | national_regional,agreed,
HEALTH2019-00479,Springhill Suites,Hotel/Caterer/Commissary,hotel,national_regional,,high,hotel name,Hotel/Caterer/Commissary | national_regional,Hotel/Caterer/Commissary | national_regional,agreed,
HEALTH2019-00499,FIRST WATCH #291,"American (sit-down, bars, venues)",breakfast/brunch,national_regional,,high,known chain,"American (sit-down, bars, venues) | national_regional","American (sit-down, bars, venues) | national_regional",agreed,
HEALTH2019-00506,SMITHART'S CRAFT FOOD & CHEERS,"American (sit-down, bars, venues)",gastropub,independent,,low,name,"American (sit-down, bars, venues) | local_multi","American (sit-down, bars, venues) | independent",adjudicated,"chain: A local_multi, B independent; name not recognized as a chain"
HEALTH2019-00512,DONUT BLISS #400,Coffee/Cafe/Bakery/Dessert,donuts/bagels,local_multi,,high,name,Coffee/Cafe/Bakery/Dessert | local_multi,Coffee/Cafe/Bakery/Dessert | independent,adjudicated,"chain: A local_multi, B independent; two McKinney locations in the data (Eldorado Pkwy and Virginia Pkwy)"
HEALTH2019-00514,Aristide|McKinney,"American (sit-down, bars, venues)",event venue,local_multi,,medium,known event venue,"American (sit-down, bars, venues) | local_multi","American (sit-down, bars, venues) | independent",adjudicated,"chain: A local_multi, B independent; event venue brand with a few DFW locations"
HEALTH2019-00517,PRIME MONTESSORI,Institutional,school/daycare,independent,,high,school/daycare name,Institutional | independent,Institutional | unknown,adjudicated,"chain: A independent, B unknown; unrecognized single-site school/daycare name"
HEALTH2019-00521,The Ivy of McKinney Memory Care,Institutional,senior living / nursing,unknown,,high,senior living name,Institutional | unknown,Institutional | unknown,agreed,
HEALTH2019-00530,Mike's Backyard BBQ Shack,"American (sit-down, bars, venues)",BBQ,independent,,medium,name; Trade Days vendor,"American (sit-down, bars, venues) | independent","American (sit-down, bars, venues) | independent",agreed,
HEALTH2019-00533,Applebee Montessori Academy,Institutional,school/daycare,independent,,high,school/daycare name,Institutional | independent,Institutional | unknown,adjudicated,"chain: A independent, B unknown; unrecognized single-site school/daycare name"
HEALTH2019-00535,THE DONUT KITCHEN,Coffee/Cafe/Bakery/Dessert,donuts/bagels,independent,,high,name,Coffee/Cafe/Bakery/Dessert | independent,Coffee/Cafe/Bakery/Dessert | independent,agreed,
HEALTH2019-00536,THE IVY OF MCKINNEY SENIOR CENTER,Institutional,senior living / nursing,unknown,,high,senior living name,Institutional | unknown,Institutional | unknown,agreed,
HEALTH2019-00544,El Mejor Mexican Kitchen + Cantina,Mexican/Tex-Mex/Latin,Mexican,independent,,high,name,Mexican/Tex-Mex/Latin | independent,Mexican/Tex-Mex/Latin | independent,agreed,
HEALTH2019-00565,GOLDEN CHICK,Fast Food,fried chicken,national_regional,,high,known chain,Fast Food | national_regional,Fast Food | national_regional,agreed,
HEALTH2019-00570,CHARRED GRILLS & OUTDOORS,Other non-restaurant,grill retailer (samples),independent,,low,name,Other non-restaurant | independent,Other non-restaurant | independent,agreed,
HEALTH2019-00574,ZEN SUSHI & GRILL,Japanese,sushi,independent,,high,name,Japanese | independent,Japanese | independent,agreed,
HEALTH2019-00578,LADYBIRD ACADEMY,Institutional,school/daycare,national_regional,,high,school/daycare name,Institutional | national_regional,Institutional | national_regional,agreed,
HEALTH2019-00584,7-Eleven Convenience Store,Convenience/Gas,convenience store / gas station,national_regional,,high,name / known chain,Convenience/Gas | national_regional,Convenience/Gas | national_regional,agreed,
HEALTH2019-00598,NEIGHBORHOOD NOSH,Deli/Sandwich/Salad,cafe/sandwiches,independent,,low,"name; comments mention turkey, taco",Deli/Sandwich/Salad | independent,Deli/Sandwich/Salad | independent,agreed,
HEALTH2019-00599,KIDS 'R' KIDS,Institutional,school/daycare,national_regional,,high,school/daycare name,Institutional | national_regional,Institutional | national_regional,agreed,
HEALTH2019-00617,THE COOKIE CRAVE,Coffee/Cafe/Bakery/Dessert,cookies,independent,,high,name,Coffee/Cafe/Bakery/Dessert | independent,Coffee/Cafe/Bakery/Dessert | independent,agreed,
HEALTH2019-00625,SUSHI KIOSK,Grocery/Market,sushi counter inside Kroger #567,national_regional,mainstream_supermarket,medium,address is Kroger #567,Grocery/Market | national_regional | mainstream_supermarket,Japanese | unknown,adjudicated,"B coded Japanese; in-store counters follow the agreed convention for supermarket food service (Target cafe, H-E-B BBQ counter, Costco food court); chain = host store"
HEALTH2019-00638,HOLIDAY INN EXPRESS,Hotel/Caterer/Commissary,hotel,national_regional,,high,hotel name,Hotel/Caterer/Commissary | national_regional,Hotel/Caterer/Commissary | national_regional,agreed,
HEALTH2019-00640,POPEYE'S,Fast Food,fried chicken,national_regional,,high,known chain,Fast Food | national_regional,Fast Food | national_regional,agreed,
HEALTH2019-00648,ICHIBAN,Asian (unspecified),pan-Asian,independent,,low,"name (Ichiban); comments mention fried chicken, corn",Asian (unspecified) | independent,Asian (unspecified) | independent,agreed,
HEALTH2019-00650,RACETRAC,Convenience/Gas,convenience store / gas station,national_regional,,high,name / known chain,Convenience/Gas | national_regional,Convenience/Gas | national_regional,agreed,
HEALTH2019-00652,TEST FOR EMAIL NOTIFICATIONS,Unknown,test record,unknown,,low,"test record, not an establishment",Unknown | unknown,Unknown | unknown,agreed,
HEALTH2019-00660,Encore Wire Plant 1,Other non-restaurant,micro market (employer break room),unknown,,high,comments say micro market,Other non-restaurant | unknown,Other non-restaurant | independent,adjudicated,"chain: A unknown, B independent; micro market/break room named for the employer; operator not named (agreed rule: operator named -> its chain status, else unknown)"
HEALTH2019-00661,Encore Wire Plant 2,Other non-restaurant,micro market (employer break room),unknown,,high,comments say micro market,Other non-restaurant | unknown,Other non-restaurant | independent,adjudicated,"chain: A unknown, B independent; micro market/break room named for the employer; operator not named (agreed rule: operator named -> its chain status, else unknown)"
HEALTH2019-00662,Encore Wire Rodmill,Other non-restaurant,micro market (employer break room),unknown,,high,comments say micro market,Other non-restaurant | unknown,Other non-restaurant | independent,adjudicated,"chain: A unknown, B independent; micro market/break room named for the employer; operator not named (agreed rule: operator named -> its chain status, else unknown)"
HEALTH2019-00664,SHIN'S DONUT PALACE,Coffee/Cafe/Bakery/Dessert,donuts/bagels,unknown,,low,name,Coffee/Cafe/Bakery/Dessert | national_regional,Coffee/Cafe/Bakery/Dessert | independent,adjudicated,"chain: A national_regional, B independent; shared Donut Palace name, owner-named shop; franchise status unclear"
HEALTH2019-00672,Hissho Sushi @ Target 2142,Grocery/Market,sushi counter inside Target #2142,national_regional,mainstream_supermarket,medium,address is Target #2142; name says inside/at store,Grocery/Market | national_regional | mainstream_supermarket,Japanese | national_regional,adjudicated,"B coded Japanese; in-store counters follow the agreed convention for supermarket food service (Target cafe, H-E-B BBQ counter, Costco food court); chain = host store"
HEALTH2019-00673,Oak Brook School McKinney,Institutional,school/daycare,independent,,high,school/daycare name,Institutional | independent,Institutional | unknown,adjudicated,"chain: A independent, B unknown; unrecognized single-site school/daycare name"
HEALTH2019-00679,CESARS MEXICAN GRILL,Mexican/Tex-Mex/Latin,Mexican,independent,,high,name,Mexican/Tex-Mex/Latin | independent,Mexican/Tex-Mex/Latin | independent,agreed,
HEALTH2020-00009,Truckers Lounge,Other non-restaurant,micro market (break room),unknown,,high,comments say micro market,Other non-restaurant | unknown,Other non-restaurant | independent,adjudicated,"chain: A unknown, B independent; micro market/break room named for the employer; operator not named (agreed rule: operator named -> its chain status, else unknown)"
HEALTH2020-00010,AVALANCHE DESSERTS,Coffee/Cafe/Bakery/Dessert,desserts,independent,,high,name,Coffee/Cafe/Bakery/Dessert | independent,Coffee/Cafe/Bakery/Dessert | independent,agreed,
HEALTH2020-00011,KELLY'S SMOOTHIES,Coffee/Cafe/Bakery/Dessert,smoothies (gym smoothie bar),independent,,high,name; same gym address as another smoothie bar,Coffee/Cafe/Bakery/Dessert | independent,Coffee/Cafe/Bakery/Dessert | independent,agreed,
HEALTH2020-00017,HIDDEN SPRINGS,Institutional,senior living / nursing,unknown,,high,senior living name,Institutional | independent,Institutional | unknown,adjudicated,"chain: A independent, B unknown; unrecognized senior-living/nursing name (often owned by multi-site operators under local names)"
HEALTH2020-00019,Kick It Up,Venue/Concession,Trade Days vendor (food not identified),independent,,low,permit at Trade Days grounds,Unknown | unknown,Venue/Concession | independent,adjudicated,"event vendors with unidentified food coded Venue/Concession, as agreed for Itsy Bites"
HEALTH2020-00027,FIVE GUYS,Fast Food,burgers,national_regional,,high,known chain,Fast Food | national_regional,Fast Food | national_regional,agreed,
HEALTH2020-00031,FISH BOWL FISH,Other cuisine,poke bowls,independent,,low,name (Fish Bowl),Other cuisine | independent,Other cuisine | independent,agreed,
HEALTH2020-00033,WILLIAM'S CHICKEN,Fast Food,fried chicken,national_regional,,high,known chain,Fast Food | national_regional,Fast Food | national_regional,agreed,
HEALTH2020-00046,Salsa Stand,Other non-restaurant,salsa vendor (Trade Days),independent,,low,name,Mexican/Tex-Mex/Latin | independent,Other non-restaurant | independent,adjudicated,"packaged salsa vendors coded Other non-restaurant, as agreed for Cita's Salsa"
HEALTH2020-00048,Starbucks #58513,Coffee/Cafe/Bakery/Dessert,coffee,national_regional,,high,known chain,Coffee/Cafe/Bakery/Dessert | national_regional,Coffee/Cafe/Bakery/Dessert | national_regional,agreed,
HEALTH2020-00050,STARBUCKS,Coffee/Cafe/Bakery/Dessert,coffee,national_regional,,high,known chain,Coffee/Cafe/Bakery/Dessert | national_regional,Coffee/Cafe/Bakery/Dessert | national_regional,agreed,
HEALTH2020-00065,Vitality Bowls,Coffee/Cafe/Bakery/Dessert,acai bowls,national_regional,,high,known chain,Coffee/Cafe/Bakery/Dessert | national_regional,Coffee/Cafe/Bakery/Dessert | national_regional,agreed,
HEALTH2020-00073,Starwood Cafe,"American (sit-down, bars, venues)",breakfast/lunch cafe,local_multi,,medium,name; known local cafe; comments mention gravy,"American (sit-down, bars, venues) | local_multi","American (sit-down, bars, venues) | local_multi",agreed,
HEALTH2020-00075,Excalibur Market Place,Venue/Concession,Trade Days vendor (food not identified),independent,,low,permit at Trade Days grounds,Unknown | unknown,Venue/Concession | independent,adjudicated,"event vendors with unidentified food coded Venue/Concession, as agreed for Itsy Bites"
HEALTH2020-00083,SWEETS AND EATS,Venue/Concession,sweets and snacks concession (Trade Days),independent,,low,name; Trade Days vendor,Coffee/Cafe/Bakery/Dessert | independent,Venue/Concession | independent,adjudicated,
HEALTH2020-00084,DOLLAR TREEE #8264,Convenience/Gas,dollar/discount store,national_regional,,high,known chain,Convenience/Gas | national_regional,Convenience/Gas | national_regional,agreed,
HEALTH2020-00085,Peachwave,Coffee/Cafe/Bakery/Dessert,frozen yogurt,national_regional,,high,known chain,Coffee/Cafe/Bakery/Dessert | national_regional,Coffee/Cafe/Bakery/Dessert | national_regional,agreed,
HEALTH2020-00086,GABE NESBITT BASEBALL,Venue/Concession,concession,independent,,medium,name,Venue/Concession | independent,Venue/Concession | independent,agreed,
HEALTH2020-00088,GRADY LITTLEJOHN COMPLEX BASEBALL / SOFTBALL,Venue/Concession,concession,independent,,medium,name,Venue/Concession | independent,Venue/Concession | independent,agreed,
HEALTH2020-00089,Gabe Nesbitt Softball Complex,Venue/Concession,concession,independent,,medium,name,Venue/Concession | independent,Venue/Concession | independent,agreed,
HEALTH2020-00091,TEXAS FOREST FARM,Other non-restaurant,farm products vendor (farmers market),independent,,medium,farmers market vendor,Grocery/Market | independent | independent_specialty,Other non-restaurant | independent,adjudicated,"market product vendors coded Other non-restaurant, as in agreed farmers-market rows"
HEALTH2020-00092,Round Table PIzza,Pizza/Italian,pizza,national_regional,,high,known chain,Pizza/Italian | national_regional,Pizza/Italian | national_regional,agreed,
HEALTH2020-00093,McDONALD'S,Fast Food,burgers,national_regional,,high,known chain,Fast Food | national_regional,Fast Food | national_regional,agreed,
HEALTH2020-00097,SCALLYWAGS,Coffee/Cafe/Bakery/Dessert,shaved ice trailer,independent,,low,same address as shaved-ice permit; trailer,Coffee/Cafe/Bakery/Dessert | independent,Coffee/Cafe/Bakery/Dessert | independent,agreed,
HEALTH2020-00099,BODEGA @ CRAIG RANCH,Convenience/Gas,neighborhood bodega / grab-and-go,independent,,medium,name; comments mention grab n go cooler,Convenience/Gas | independent,Convenience/Gas | independent,agreed,
HEALTH2020-00102,Urban Value Corner Store,Convenience/Gas,convenience store / gas station,independent,,medium,name / known chain,Convenience/Gas | independent,Convenience/Gas | unknown,adjudicated,"chain: A independent, B unknown; unrecognized single-store convenience name"
HEALTH2020-00107,QUIKTRIP #963,Convenience/Gas,convenience store / gas station,national_regional,,high,name / known chain,Convenience/Gas | national_regional,Convenience/Gas | national_regional,agreed,
HEALTH2020-00109,CHINA POT,Chinese,Chinese,independent,,high,"name; comments mention shrimp, chicken",Chinese | independent,Chinese | independent,agreed,
HEALTH2020-00110,KIDS 'R' KIDS WEST MCKINNEY,Institutional,school/daycare,national_regional,,high,school/daycare name,Institutional | national_regional,Institutional | national_regional,agreed,
HEALTH2020-00111,The Tilted Kettle,Venue/Concession,kettle corn,independent,,medium,name; Trade Days vendor,Venue/Concession | independent,Venue/Concession | independent,agreed,
HEALTH2020-00113,Original ChopShop,Deli/Sandwich/Salad,"healthy bowls, salads, sandwiches",national_regional,,medium,known chain,Deli/Sandwich/Salad | national_regional,Deli/Sandwich/Salad | national_regional,agreed,
HEALTH2020-00117,Behavioral Health Pavilion Servey,Institutional,hospital,national_regional,,high,hospital name,Institutional | national_regional,Institutional | national_regional,agreed,
HEALTH2020-00118,Cinnaholic,Coffee/Cafe/Bakery/Dessert,cinnamon rolls,national_regional,,high,known chain,Coffee/Cafe/Bakery/Dessert | national_regional,Coffee/Cafe/Bakery/Dessert | national_regional,agreed,
HEALTH2020-00119,4R RANCH VINEYARDS & WINERY,Other non-restaurant,winery tasting room (no food noted),local_multi,,low,name; no food items noted,Other non-restaurant | independent,Other non-restaurant | local_multi,adjudicated,"chain: A independent, B local_multi; winery with a few Texas tasting rooms"
HEALTH2020-00122,Baker's Drive In,"American (sit-down, bars, venues)",burger drive-in,independent,,high,name (drive-in),"American (sit-down, bars, venues) | independent","American (sit-down, bars, venues) | independent",agreed,
HEALTH2020-00124,TOP OF THE WORLD PRESCHOOL,Institutional,school/daycare,independent,,high,school/daycare name,Institutional | independent,Institutional | unknown,adjudicated,"chain: A independent, B unknown; unrecognized single-site school/daycare name"
HEALTH2020-00125,LOST RUBY RANCH,Other non-restaurant,ranch products vendor (farmers market),independent,,medium,farmers market vendor,Grocery/Market | independent | independent_specialty,Other non-restaurant | independent,adjudicated,"market product vendors coded Other non-restaurant, as in agreed farmers-market rows"
HEALTH2020-00126,SUGARBACON,"American (sit-down, bars, venues)",American brunch/dinner,independent,,high,name; known downtown restaurant,"American (sit-down, bars, venues) | independent","American (sit-down, bars, venues) | independent",agreed,
HEALTH2020-00127,A TASTE OF MEXICO,Mexican/Tex-Mex/Latin,Mexican (event vendor),independent,,medium,name,Mexican/Tex-Mex/Latin | independent,Mexican/Tex-Mex/Latin | independent,agreed,
HEALTH2020-00128,TERESA'S HOUSE CRAIG RANCH BLDG 3,Institutional,residential care home,independent,,medium,name; multiple house buildings with residential kitchens,Institutional | local_multi,Institutional | independent,adjudicated,"chain: A local_multi, B independent; one local operator with several buildings"
HEALTH2020-00132,IVY KIDS,Institutional,school/daycare,national_regional,,high,school/daycare name,Institutional | national_regional,Institutional | national_regional,agreed,
HEALTH2020-00136,DISCOVERY LEARNING CENTER,Institutional,school/daycare,independent,,high,school/daycare name,Institutional | independent,Institutional | unknown,adjudicated,"chain: A independent, B unknown; unrecognized single-site school/daycare name"
HEALTH2020-00137,STONEBRIDGE ACADEMY,Institutional,school/daycare,independent,,high,school/daycare name,Institutional | independent,Institutional | unknown,adjudicated,"chain: A independent, B unknown; unrecognized single-site school/daycare name"
HEALTH2020-00138,LA MADELEINE,Coffee/Cafe/Bakery/Dessert,French bakery-cafe,national_regional,,medium,"known chain; notes pastry, quiche, soup",Coffee/Cafe/Bakery/Dessert | national_regional,Other cuisine | national_regional,adjudicated,bakery-cafe coded with bakeries (like House of Bread); Other cuisine (French) was the alternative
HEALTH2020-00140,JEREMIAH'S ITALIAN ICE,Coffee/Cafe/Bakery/Dessert,Italian ice,national_regional,,high,known chain,Coffee/Cafe/Bakery/Dessert | national_regional,Coffee/Cafe/Bakery/Dessert | national_regional,agreed,
HEALTH2020-00144,,Other non-restaurant,wine shop (tasting only),independent,,medium,comment says wine sampling/tasting only,Other non-restaurant | independent,Other non-restaurant | independent,agreed,
HEALTH2020-00145,SONIC DRIVE-IN,Fast Food,burgers/drive-in,national_regional,,high,known chain,Fast Food | national_regional,Fast Food | national_regional,agreed,
HEALTH2020-00147,AMORE LOUNGE,"American (sit-down, bars, venues)",lounge/bar,independent,,low,name (lounge),"American (sit-down, bars, venues) | independent","American (sit-down, bars, venues) | independent",agreed,
HEALTH2020-00151,Cocktail Creamery,Coffee/Cafe/Bakery/Dessert,dessert,independent,,medium,name,Coffee/Cafe/Bakery/Dessert | independent,Coffee/Cafe/Bakery/Dessert | independent,agreed,
HEALTH2020-00156,PIZZA HUT,Pizza/Italian,pizza,national_regional,,high,known chain,Pizza/Italian | national_regional,Pizza/Italian | national_regional,agreed,
HEALTH2020-00158,WINGSTOP,Fast Food,wings,national_regional,,high,known chain,Fast Food | national_regional,Fast Food | national_regional,agreed,
HEALTH2020-00159,WINGSTOP,Fast Food,wings,national_regional,,high,known chain,Fast Food | national_regional,Fast Food | national_regional,agreed,
HEALTH2020-00161,THE GRIND BURGER BAR Y TAQUERIA,"American (sit-down, bars, venues)",burgers and tacos,independent,,medium,name (burger bar y taqueria),"American (sit-down, bars, venues) | independent","American (sit-down, bars, venues) | independent",agreed,
HEALTH2020-00166,54TH STREET,"American (sit-down, bars, venues)",American casual dining,national_regional,,high,known chain,"American (sit-down, bars, venues) | national_regional","American (sit-down, bars, venues) | national_regional",agreed,
HEALTH2020-00170,TERESA'S HOUSE CRAIG RANCH BLDG 2,Institutional,residential care home,independent,,medium,name; multiple house buildings with residential kitchens,Institutional | local_multi,Institutional | independent,adjudicated,"chain: A local_multi, B independent; one local operator with several buildings"
HEALTH2020-00173,CT PROVISIONS,"American (sit-down, bars, venues)",New American,independent,,low,"comments mention risotto, seafood","American (sit-down, bars, venues) | independent","American (sit-down, bars, venues) | independent",agreed,
HEALTH2020-00185,Guidepost Montessori at Craig Ranch,Institutional,school/daycare,national_regional,,high,school/daycare name,Institutional | national_regional,Institutional | national_regional,agreed,
HEALTH2020-00186,ELIS AFRICAN MARKET,Grocery/Market,African grocery,independent,independent_specialty,high,name,Grocery/Market | independent | independent_specialty,Grocery/Market | independent | independent_specialty,agreed,
HEALTH2020-00194,SOTIRIA,Mediterranean/Middle Eastern,Greek,independent,,medium,name; comments mention olives,Mediterranean/Middle Eastern | independent,Mediterranean/Middle Eastern | independent,agreed,
HEALTH2020-00196,HANDEL'S ICE CREAM,Coffee/Cafe/Bakery/Dessert,ice cream,national_regional,,high,known chain,Coffee/Cafe/Bakery/Dessert | national_regional,Coffee/Cafe/Bakery/Dessert | national_regional,agreed,
HEALTH2020-00199,KYU's Food,Other non-restaurant,farmers market vendor (product not identified),independent,,low,farmers market vendor,Unknown | unknown,Other non-restaurant | independent,adjudicated,"market product vendors coded Other non-restaurant, as in agreed farmers-market rows"
HEALTH2020-00200,7-11,Convenience/Gas,convenience store / gas station,national_regional,,high,name / known chain,Convenience/Gas | national_regional,Convenience/Gas | national_regional,agreed,
HEALTH2020-00201,SUPER 1 STOP,Convenience/Gas,convenience store / gas station,independent,,medium,name / known chain,Convenience/Gas | independent,Convenience/Gas | unknown,adjudicated,"chain: A independent, B unknown; unrecognized single-store convenience name"
HEALTH2020-00205,GOLDEN GRAIN,Coffee/Cafe/Bakery/Dessert,bakery,independent,,low,name (Golden Grain); comments mention mixer,Coffee/Cafe/Bakery/Dessert | independent,Coffee/Cafe/Bakery/Dessert | independent,agreed,
HEALTH2020-00206,TERESA'S HOUSE,Institutional,residential care home,independent,,medium,name; multiple house buildings with residential kitchens,Institutional | local_multi,Institutional | independent,adjudicated,"chain: A local_multi, B independent; one local operator with several buildings"
HEALTH2020-00210,PARKER CREEK FOODS,Venue/Concession,Trade Days vendor (food not identified),independent,,low,permit at Trade Days grounds,Unknown | unknown,Venue/Concession | independent,adjudicated,"event vendors with unidentified food coded Venue/Concession, as agreed for Itsy Bites"
HEALTH2020-00213,DONUT BOX,Coffee/Cafe/Bakery/Dessert,donuts/bagels,local_multi,,high,name,Coffee/Cafe/Bakery/Dessert | local_multi,Coffee/Cafe/Bakery/Dessert | local_multi,agreed,
HEALTH2020-00215,PIZZA SUPPLY,Pizza/Italian,pizza,independent,,high,name,Pizza/Italian | independent,Pizza/Italian | independent,agreed,
HEALTH2020-00218,Spoon + Fork Kitchen,Asian (unspecified),Asian (soy sauce in notes; cuisine not specified),independent,,low,"notes soy sauce buckets, shrimp, beef, chicken, bar",Unknown | independent,Thai | independent,adjudicated,B inferred Thai; name gives no cuisine
HEALTH2020-00219,JAVA JOURNEY HEALTH2020-00184. This is for Trade Days specific permitting as required.,Coffee/Cafe/Bakery/Dessert,coffee,independent,,medium,name,Coffee/Cafe/Bakery/Dessert | independent,Coffee/Cafe/Bakery/Dessert | independent,agreed,
HEALTH2020-00222,The Guava Tree Cuban Cafe and Cantina,Mexican/Tex-Mex/Latin,Cuban,independent,,high,name; comments mention black bean soup,Mexican/Tex-Mex/Latin | independent,Mexican/Tex-Mex/Latin | independent,agreed,
HEALTH2020-00224,MARY'S MOUNTAIN COOKIES,Coffee/Cafe/Bakery/Dessert,cookies,national_regional,,high,known chain,Coffee/Cafe/Bakery/Dessert | national_regional,Coffee/Cafe/Bakery/Dessert | national_regional,agreed,
HEALTH2020-00226,GLORIA'S,Mexican/Tex-Mex/Latin,Latin (Salvadoran/Tex-Mex),national_regional,,high,known Texas chain,Mexican/Tex-Mex/Latin | national_regional,Mexican/Tex-Mex/Latin | national_regional,agreed,
HEALTH2020-00227,Cremcrittos,Coffee/Cafe/Bakery/Dessert,desserts/snacks,independent,,low,"comments mention cream cheese, butter, eggs; later permit mentions fruit filling, coconut",Coffee/Cafe/Bakery/Dessert | independent,Coffee/Cafe/Bakery/Dessert | independent,agreed,
HEALTH2020-00228,"German Roasted Nuts Ginger Murphy Owner/Operator [phone] We roast pecans and almonds in cinnamon, sugar, and vanilla on-site, in a copper kettle.",Venue/Concession,roasted nuts,independent,,medium,name; Trade Days vendor,Venue/Concession | independent,Venue/Concession | independent,agreed,
HEALTH2020-00232,Food Trailer / Nacho Libre,Venue/Concession,nachos/baked potato trailer,independent,,medium,name; comments mention baked potato,Venue/Concession | independent,Venue/Concession | independent,agreed,
HEALTH2020-00234,DING TEA,Coffee/Cafe/Bakery/Dessert,boba tea,national_regional,,high,known chain,Coffee/Cafe/Bakery/Dessert | national_regional,Coffee/Cafe/Bakery/Dessert | national_regional,agreed,
HEALTH2020-00239,PJ'S COFFEE OF NEW ORLEANS,Coffee/Cafe/Bakery/Dessert,coffee,national_regional,,high,known chain,Coffee/Cafe/Bakery/Dessert | national_regional,Coffee/Cafe/Bakery/Dessert | national_regional,agreed,
HEALTH2020-00240,WHITE HOUSE KITCHEN,Other non-restaurant,packaged juice producer sampling (farmers market),independent,,medium,"notes packaged juice, samples, food manufacturing permit",Unknown | independent,Other non-restaurant | independent,adjudicated,
HEALTH2020-00243,CHIPOTLE,Mexican/Tex-Mex/Latin,Mexican fast casual,national_regional,,high,known chain,Mexican/Tex-Mex/Latin | national_regional,Mexican/Tex-Mex/Latin | national_regional,agreed,
HEALTH2020-00247,PIE TRAILER TO SELL AT THE MFM,Coffee/Cafe/Bakery/Dessert,pies (farmers market trailer),independent,,high,name,Coffee/Cafe/Bakery/Dessert | independent,Coffee/Cafe/Bakery/Dessert | independent,agreed,
HEALTH2020-00250,DREAMY DESSERT,Coffee/Cafe/Bakery/Dessert,desserts,independent,,high,name,Coffee/Cafe/Bakery/Dessert | independent,Coffee/Cafe/Bakery/Dessert | independent,agreed,
HEALTH2020-00254,Shaved Ice,Coffee/Cafe/Bakery/Dessert,shaved ice,independent,,high,name,Coffee/Cafe/Bakery/Dessert | independent,Coffee/Cafe/Bakery/Dessert | independent,agreed,
HEALTH2020-00255,SHELBY'S PIZZA,Pizza/Italian,pizza,independent,,high,name,Pizza/Italian | independent,Pizza/Italian | independent,agreed,
HEALTH2020-00258,THE COMEDY ARENA,Venue/Concession,comedy club concessions,independent,,medium,name,Venue/Concession | independent,Venue/Concession | independent,agreed,
HEALTH2020-00259,C2K2 SUGAR RUSH,Coffee/Cafe/Bakery/Dessert,sweets/desserts,independent,,low,name (Sugar Rush),Coffee/Cafe/Bakery/Dessert | independent,Coffee/Cafe/Bakery/Dessert | independent,agreed,
HEALTH2021-00005,A1 Liquor & Tacos To Go,Mexican/Tex-Mex/Latin,taco counter in liquor store,independent,,medium,name; comments mention pico,Mexican/Tex-Mex/Latin | independent,Mexican/Tex-Mex/Latin | independent,agreed,
HEALTH2021-00006,DEMPSEY'S,Convenience/Gas,"downtown market (hot dogs, burritos, coffee, prepackaged items)",independent,,low,"notes hot dogs, burritos, coffee; later prepackaged items","American (sit-down, bars, venues) | independent",Convenience/Gas | independent,adjudicated,A read name as a bar; notes show a small market
HEALTH2021-00007,B&B CAFE BREAKFAST AND LUNCH,"American (sit-down, bars, venues)",breakfast/lunch cafe,independent,,high,name,"American (sit-down, bars, venues) | independent","American (sit-down, bars, venues) | independent",agreed,
HEALTH2021-00011,Melodic Bake Shop,Coffee/Cafe/Bakery/Dessert,bakery,independent,,high,name,Coffee/Cafe/Bakery/Dessert | independent,Coffee/Cafe/Bakery/Dessert | independent,agreed,
HEALTH2021-00015,SEINYAA FOOD PRODUCTS,Other cuisine,West African foods,independent,,low,"same business as later permit with corn meal, meat pie",Other cuisine | independent,Other cuisine | independent,agreed,
HEALTH2021-00018,SUSHI BOX,Japanese,sushi,independent,,medium,"name; comments mention tuna, shrimp",Japanese | independent,Japanese | independent,agreed,
HEALTH2021-00020,JUNGLE BURGER,"American (sit-down, bars, venues)",burgers,independent,,medium,name,"American (sit-down, bars, venues) | independent","American (sit-down, bars, venues) | independent",agreed,
HEALTH2021-00022,HELLO BOBA,Coffee/Cafe/Bakery/Dessert,boba tea,independent,,low,name,Coffee/Cafe/Bakery/Dessert | local_multi,Coffee/Cafe/Bakery/Dessert | independent,adjudicated,"chain: A local_multi, B independent; name not recognized as a chain"
HEALTH2021-00023,YUMMI SUSHI,Grocery/Market,sushi counter inside Kroger #565,national_regional,mainstream_supermarket,medium,address is Kroger #565,Grocery/Market | national_regional | mainstream_supermarket,Japanese | unknown,adjudicated,"B coded Japanese; in-store counters follow the agreed convention for supermarket food service (Target cafe, H-E-B BBQ counter, Costco food court); chain = host store"
HEALTH2021-00028,GUIDEPOST MONTESSORI AT CRAIG RANCH,Institutional,school/daycare,national_regional,,high,school/daycare name,Institutional | national_regional,Institutional | national_regional,agreed,
HEALTH2021-00032,URBAN GRILL AND WINE BAR,"American (sit-down, bars, venues)",grill and wine bar,independent,,medium,name,"American (sit-down, bars, venues) | independent","American (sit-down, bars, venues) | independent",agreed,
HEALTH2021-00038,TEALATTE BAR,Coffee/Cafe/Bakery/Dessert,boba/tea,independent,,low,name,Coffee/Cafe/Bakery/Dessert | independent,Coffee/Cafe/Bakery/Dessert | unknown,adjudicated,"chain: A independent, B unknown; name not recognized as a chain"
HEALTH2021-00039,UNCLES FAMILY KITCHEN,Other non-restaurant,farmers market vendor with samples (product not identified),independent,,low,farmers market vendor,Unknown | independent,Other non-restaurant | independent,adjudicated,"market product vendors coded Other non-restaurant, as in agreed farmers-market rows"
HEALTH2021-00051,Jersey Mike's Sub Shop,Deli/Sandwich/Salad,sub sandwiches,national_regional,,high,known chain,Deli/Sandwich/Salad | national_regional,Deli/Sandwich/Salad | national_regional,agreed,
HEALTH2021-00052,Eurest McKinney 9740,Institutional,corporate cafeteria (Raytheon),national_regional,,high,known contract caterer at Raytheon site,Institutional | national_regional,Institutional | national_regional,agreed,
HEALTH2021-00053,SAI N KRIPA,Indian,Indian,independent,,medium,"comments mention curry, cauliflower, chickpeas",Indian | independent,Indian | independent,agreed,
HEALTH2021-00057,The Learning Experience,Institutional,school/daycare,national_regional,,high,school/daycare name,Institutional | national_regional,Institutional | national_regional,agreed,
HEALTH2021-00060,Jim's pizza,Pizza/Italian,pizza,local_multi,,low,known chain,Pizza/Italian | national_regional,Pizza/Italian | unknown,adjudicated,"chain: A national_regional, B unknown; two McKinney addresses in the data; not Mr. Jim's"
HEALTH2021-00065,Two Crazy Guys Sports Bar,"American (sit-down, bars, venues)",sports bar,independent,,low,name,"American (sit-down, bars, venues) | local_multi","American (sit-down, bars, venues) | independent",adjudicated,"chain: A local_multi, B independent; name not recognized as a chain"
HEALTH2021-00071,CRUNCHY GIRL GRANOLA,Other non-restaurant,packaged granola (farmers market),independent,,medium,name,Other non-restaurant | independent,Other non-restaurant | independent,agreed,
HEALTH2021-00097,COLLIN COLLEGE,Institutional,college cafe,local_multi,,high,name,Institutional | local_multi,Institutional | local_multi,agreed,
HEALTH2021-00098,DUTCH BROS COFFEE SHOP,Coffee/Cafe/Bakery/Dessert,coffee,national_regional,,high,known chain,Coffee/Cafe/Bakery/Dessert | national_regional,Coffee/Cafe/Bakery/Dessert | national_regional,agreed,
HEALTH2021-00102,BEE KING'S RAW HONEY,Other non-restaurant,raw honey (market vendor),independent,,medium,name,Other non-restaurant | independent,Other non-restaurant | independent,agreed,
HEALTH2021-00113,JOY THAI,Thai,Thai,independent,,high,name,Thai | independent,Thai | independent,agreed,
HEALTH2021-00145,ROLL-ON IN SUSHI AND BUZZED BULL CREAMY,Japanese,sushi rolls plus ice cream shop,independent,,medium,name,Japanese | independent,Japanese | independent,agreed,
HEALTH2021-00147,TASTE OF CHICAGO,"American (sit-down, bars, venues)",Chicago-style hot dogs/Italian beef,independent,,medium,name,"American (sit-down, bars, venues) | independent","American (sit-down, bars, venues) | independent",agreed,
HEALTH2021-00148,CLASSIC INTERNATIONAL MARKET,Grocery/Market,halal/international market,independent,independent_specialty,medium,name,Grocery/Market | independent | independent_specialty,Grocery/Market | independent | independent_specialty,agreed,
HEALTH2021-00149,Permission to give out samples,Other non-restaurant,sampling booth (Trade Days),independent,,low,name (sample permit),Unknown | unknown,Other non-restaurant | independent,adjudicated,
HEALTH2021-00150,CADENCE CYCLERY,Coffee/Cafe/Bakery/Dessert,coffee bar in bike shop,independent,,medium,name; comments mention milk,Coffee/Cafe/Bakery/Dessert | independent,Coffee/Cafe/Bakery/Dessert | independent,agreed,
HEALTH2021-00151,MIRA'S PIZZA,Pizza/Italian,pizza,independent,,high,name,Pizza/Italian | independent,Pizza/Italian | independent,agreed,
HEALTH2021-00155,SHINING STARS MONTESSORI,Institutional,school/daycare,independent,,high,school/daycare name,Institutional | independent,Institutional | unknown,adjudicated,"chain: A independent, B unknown; unrecognized single-site school/daycare name"
HEALTH2021-00161,HAMMS MEAT MARKET,Grocery/Market,meat market,independent,independent_specialty,high,name,Grocery/Market | independent | independent_specialty,Grocery/Market | independent | independent_specialty,agreed,
HEALTH2021-00164,BAHAMA BUCK'S,Coffee/Cafe/Bakery/Dessert,shaved ice,national_regional,,high,known chain,Coffee/Cafe/Bakery/Dessert | national_regional,Coffee/Cafe/Bakery/Dessert | national_regional,agreed,
HEALTH2021-00174,MAGIC CUP,Coffee/Cafe/Bakery/Dessert,boba tea,independent,,low,"comments mention boba, jelly, milk",Coffee/Cafe/Bakery/Dessert | independent,Coffee/Cafe/Bakery/Dessert | unknown,adjudicated,"chain: A independent, B unknown; name not recognized as a chain"
HEALTH2021-00175,Kuma Ramen,Japanese,ramen,independent,,high,name,Japanese | independent,Japanese | independent,agreed,
HEALTH2021-00179,YOHE SUSHI & SEAFOOD,Japanese,sushi and seafood,independent,,low,"name; comments mention oysters, sausage",Japanese | independent,Japanese | independent,agreed,
HEALTH2021-00180,Sushi Go,Japanese,sushi,independent,,medium,"name; comments mention tuna, krab",Japanese | independent,Japanese | independent,agreed,
HEALTH2021-00181,PARRY'S PIZZERIA & BAR,Pizza/Italian,pizza,local_multi,,high,name,Pizza/Italian | local_multi,Pizza/Italian | local_multi,agreed,
HEALTH2021-00185,EMERSON HIGH SCHOOL,Institutional,school cafeteria/concession,local_multi,,high,school name,Institutional | local_multi,Institutional | local_multi,agreed,
HEALTH2021-00190,dry package merchandise for sale booth worker to provide samples from crock pots to patrons,Other non-restaurant,packaged merchandise booth,unknown,,medium,name describes dry packaged merchandise,Other non-restaurant | unknown,Other non-restaurant | independent,adjudicated,"chain: A unknown, B independent; micro market/break room named for the employer; operator not named (agreed rule: operator named -> its chain status, else unknown)"
HEALTH2021-00200,PAPA MURPHY'S,Pizza/Italian,take-and-bake pizza,national_regional,,high,known chain,Pizza/Italian | national_regional,Pizza/Italian | national_regional,agreed,
HEALTH2021-00207,Circle K,Convenience/Gas,convenience store / gas station,national_regional,,high,name / known chain,Convenience/Gas | national_regional,Convenience/Gas | national_regional,agreed,
HEALTH2021-00208,N & P FARM & DAIRY,Other non-restaurant,raw milk/dairy vendor (farmers market),independent,,high,name; comment says raw cow and goat milk sold,Grocery/Market | independent | independent_specialty,Other non-restaurant | independent,adjudicated,
HEALTH2021-00215,Mister Softee DFW,Coffee/Cafe/Bakery/Dessert,ice cream truck,national_regional,,high,known brand,Coffee/Cafe/Bakery/Dessert | national_regional,Coffee/Cafe/Bakery/Dessert | national_regional,agreed,
HEALTH2021-00218,REEVES ELEMENTARY- PROSPER ISD,Institutional,school cafeteria/concession,local_multi,,high,school name,Institutional | local_multi,Institutional | local_multi,agreed,
HEALTH2021-00220,TACO OCHO,Mexican/Tex-Mex/Latin,tacos (Tex-Mex),local_multi,,high,known chain,Mexican/Tex-Mex/Latin | national_regional,Mexican/Tex-Mex/Latin | local_multi,adjudicated,"chain: A national_regional, B local_multi; DFW-only taco chain"
HEALTH2021-00221,ENCORE NW BREAKROOM,Other non-restaurant,micro market (employer break room),unknown,,high,comments say micro market,Other non-restaurant | unknown,Other non-restaurant | independent,adjudicated,"chain: A unknown, B independent; micro market/break room named for the employer; operator not named (agreed rule: operator named -> its chain status, else unknown)"
HEALTH2021-00222,ENCORE SOUTH BREAKROOM,Other non-restaurant,micro market (employer break room),unknown,,high,comments say micro market,Other non-restaurant | unknown,Other non-restaurant | independent,adjudicated,"chain: A unknown, B independent; micro market/break room named for the employer; operator not named (agreed rule: operator named -> its chain status, else unknown)"
HEALTH2021-00223,MEDICAL CENTER,Other non-restaurant,hospital micro market (Canteen),national_regional,,medium,"notes pay station, Canteen, salad vending machine",Institutional | national_regional,Other non-restaurant | national_regional,adjudicated,"micro market at the hospital address, not the hospital kitchen"
HEALTH2021-00224,SIMPSON STRONG TIE,Other non-restaurant,micro market (employer break room),unknown,,medium,break room; comments mention packaged sandwiches,Other non-restaurant | unknown,Other non-restaurant | independent,adjudicated,"chain: A unknown, B independent; micro market/break room named for the employer; operator not named (agreed rule: operator named -> its chain status, else unknown)"
HEALTH2021-00225,THE STIX ICEHOUSE,"American (sit-down, bars, venues)",icehouse bar & grill,independent,,high,name,"American (sit-down, bars, venues) | independent","American (sit-down, bars, venues) | independent",agreed,
HEALTH2021-00226,HOME KABOB,Mediterranean/Middle Eastern,kabob,independent,,low,name; same suite later a gyro shop,Mediterranean/Middle Eastern | independent,Mediterranean/Middle Eastern | independent,agreed,
HEALTH2021-00229,SONIC DRIVE-IN,Fast Food,burgers/drive-in,national_regional,,high,known chain,Fast Food | national_regional,Fast Food | national_regional,agreed,
HEALTH2021-00230,EMERSON HIGH SCHOOL OUTDOOR SPORTS CONCESSION,Institutional,school cafeteria/concession,local_multi,,high,school name,Institutional | local_multi,Institutional | local_multi,agreed,
HEALTH2021-00231,EMERSON HIGH SCHOOL TENNIS CONCESSION,Institutional,school cafeteria/concession,local_multi,,high,school name,Institutional | local_multi,Institutional | local_multi,agreed,
HEALTH2021-00233,EMERSON HIGH SCHOOL GYM CONCESSION,Institutional,school cafeteria/concession,local_multi,,high,school name,Institutional | local_multi,Institutional | local_multi,agreed,
HEALTH2021-00235,HABITAT PLANTS + COFFEE,Coffee/Cafe/Bakery/Dessert,coffee in plant shop,independent,,medium,name,Coffee/Cafe/Bakery/Dessert | independent,Coffee/Cafe/Bakery/Dessert | independent,agreed,
HEALTH2021-00246,P.F. Chang's To-Go,Chinese,Chinese,national_regional,,high,known chain,Chinese | national_regional,Chinese | national_regional,agreed,
HEALTH2021-00254,CRUMBL COOKIES,Coffee/Cafe/Bakery/Dessert,cookies,national_regional,,high,known chain,Coffee/Cafe/Bakery/Dessert | national_regional,Coffee/Cafe/Bakery/Dessert | national_regional,agreed,
HEALTH2021-00256,Planet Smoothie,Coffee/Cafe/Bakery/Dessert,smoothies/juice,national_regional,,high,known chain,Coffee/Cafe/Bakery/Dessert | national_regional,Coffee/Cafe/Bakery/Dessert | national_regional,agreed,
HEALTH2021-00259,TYME IS NOW NURTITION AND ENERGY,Coffee/Cafe/Bakery/Dessert,nutrition shakes,independent,,medium,name,Coffee/Cafe/Bakery/Dessert | independent,Coffee/Cafe/Bakery/Dessert | independent,agreed,
HEALTH2021-00264,Hissho Sushi sushi bar inside Target 2335,Grocery/Market,sushi counter inside Target T-2335,national_regional,mainstream_supermarket,medium,address is Target T-2335; name says inside/at store,Grocery/Market | national_regional | mainstream_supermarket,Japanese | national_regional,adjudicated,"B coded Japanese; in-store counters follow the agreed convention for supermarket food service (Target cafe, H-E-B BBQ counter, Costco food court); chain = host store"
HEALTH2021-00266,Long John Silver,Fast Food,fried fish,national_regional,,high,known chain,Fast Food | national_regional,Fast Food | national_regional,agreed,
HEALTH2021-00268,FARM 2 COOK MEAT MARKET,Grocery/Market,meat market,independent,independent_specialty,high,name,Grocery/Market | independent | independent_specialty,Grocery/Market | independent | independent_specialty,agreed,
HEALTH2021-00269,Domino's Pizza #8791,Pizza/Italian,pizza,national_regional,,high,known chain,Pizza/Italian | national_regional,Pizza/Italian | national_regional,agreed,
HEALTH2021-00294,KINDERCARE,Institutional,school/daycare,national_regional,,high,school/daycare name,Institutional | national_regional,Institutional | national_regional,agreed,
HEALTH2021-00316,Braum's Ice Cream,Fast Food,burgers / ice cream / dairy store,national_regional,,high,known chain,Fast Food | national_regional,Fast Food | national_regional,agreed,
HEALTH2021-00320,SALOMAY,Unknown,unclear,independent,,low,name gives no food type,Unknown | independent,Unknown | independent,agreed,
HEALTH2021-00334,Chick-Fil-A #4620,Fast Food,fried chicken,national_regional,,high,known chain,Fast Food | national_regional,Fast Food | national_regional,agreed,
HEALTH2021-00338,Willow Wood Elementary,Institutional,school cafeteria/concession,local_multi,,high,school name,Institutional | local_multi,Institutional | local_multi,agreed,
HEALTH2021-00344,CHICAGO'S PIZZA TWIST,Pizza/Italian,Indian-style pizza,national_regional,,medium,known chain,Pizza/Italian | national_regional,Pizza/Italian | national_regional,agreed,
HEALTH2021-00346,AMAZON BREAKROOM,Other non-restaurant,micro market (employer break room),unknown,,high,permit class is micro market,Other non-restaurant | unknown,Other non-restaurant | national_regional,adjudicated,"chain: A unknown, B national_regional; micro market/break room named for the employer; operator not named (agreed rule: operator named -> its chain status, else unknown)"
HEALTH2021-00349,Godfather's Pizza,Pizza/Italian,pizza,national_regional,,high,known chain,Pizza/Italian | national_regional,Pizza/Italian | national_regional,agreed,
HEALTH2021-00351,Imagine International Academy of North Texas,Institutional,school/daycare,independent,,high,school/daycare name,Institutional | independent,Institutional | unknown,adjudicated,"chain: A independent, B unknown; unrecognized single-site school/daycare name"
HEALTH2021-00354,7-Eleven #41378,Convenience/Gas,convenience store / gas station,national_regional,,high,name / known chain,Convenience/Gas | national_regional,Convenience/Gas | national_regional,agreed,
HEALTH2021-00355,GOLDEN CHICK,Fast Food,fried chicken,national_regional,,high,known chain,Fast Food | national_regional,Fast Food | national_regional,agreed,
HEALTH2021-00365,YABA JAVA CAFE,Coffee/Cafe/Bakery/Dessert,cafe,independent,,medium,"name; comments mention bacon, chicken",Coffee/Cafe/Bakery/Dessert | independent,Coffee/Cafe/Bakery/Dessert | independent,agreed,
HEALTH2021-00372,Wendy's #10650,Fast Food,burgers,national_regional,,high,known chain,Fast Food | national_regional,Fast Food | national_regional,agreed,
HEALTH2021-00373,Wendy's #8263,Fast Food,burgers,national_regional,,high,known chain,Fast Food | national_regional,Fast Food | national_regional,agreed,
HEALTH2021-00376,Barro's Pizza,Pizza/Italian,pizza,national_regional,,high,known chain,Pizza/Italian | national_regional,Pizza/Italian | national_regional,agreed,
HEALTH2021-00379,MIRUKU CREAMERY & CAFE,Coffee/Cafe/Bakery/Dessert,ice cream and cafe,independent,,high,name,Coffee/Cafe/Bakery/Dessert | independent,Coffee/Cafe/Bakery/Dessert | independent,agreed,
HEALTH2021-00380,Costco Demo Food,Grocery/Market,Costco - food demo station,national_regional,mainstream_supermarket,high,known chain,Grocery/Market | national_regional | mainstream_supermarket,Grocery/Market | national_regional | mainstream_supermarket,agreed,
HEALTH2021-00390,WENDY'S,Fast Food,burgers,national_regional,,high,known chain,Fast Food | national_regional,Fast Food | national_regional,agreed,
HEALTH2021-00391,REHMAT TRADDING LLC,Convenience/Gas,small store (packaged foods only),independent,,low,milk only; told to ask before adding open foods,Grocery/Market | independent | independent_specialty,Convenience/Gas | independent,adjudicated,
HEALTH2021-00395,PJ's Coffee,Coffee/Cafe/Bakery/Dessert,coffee,national_regional,,high,known chain,Coffee/Cafe/Bakery/Dessert | national_regional,Coffee/Cafe/Bakery/Dessert | national_regional,agreed,
HEALTH2021-00398,BRESNAN BREAD AND PASTRY,Coffee/Cafe/Bakery/Dessert,bakery,independent,,medium,name,Coffee/Cafe/Bakery/Dessert | independent,Coffee/Cafe/Bakery/Dessert | independent,agreed,
HEALTH2021-00401,DESI DISTRICT ** FACILITY OWES RISKS FEES 11/18/24**,Grocery/Market,Indian grocery with food counter,national_regional,independent_specialty,medium,known chain; comments refer to grocery report,Grocery/Market | national_regional | independent_specialty,Grocery/Market | local_multi | independent_specialty,adjudicated,"chain: A national_regional, B local_multi; Desi District has stores in several states"
HEALTH2021-00402,DESI DISTRICT,Grocery/Market,Indian grocery with food counter,national_regional,independent_specialty,medium,known chain; comments refer to grocery report,Grocery/Market | national_regional | independent_specialty,Grocery/Market | local_multi | independent_specialty,adjudicated,"chain: A national_regional, B local_multi; Desi District has stores in several states"
HEALTH2021-00403,Desi District,Grocery/Market,Indian grocery with food counter,national_regional,independent_specialty,medium,known chain; comments refer to grocery report,Grocery/Market | national_regional | independent_specialty,Grocery/Market | local_multi | independent_specialty,adjudicated,"chain: A national_regional, B local_multi; Desi District has stores in several states"
HEALTH2021-00410,CARNIVAL ICE EATZ N TREATZ,Coffee/Cafe/Bakery/Dessert,shaved ice and treats,independent,,low,name,Coffee/Cafe/Bakery/Dessert | independent,Coffee/Cafe/Bakery/Dessert | independent,agreed,
HEALTH2021-00411,BLESSLIZ CATERING & AFRICAN MARKET,Grocery/Market,African grocery,independent,independent_specialty,high,name,Grocery/Market | independent | independent_specialty,Grocery/Market | independent | independent_specialty,agreed,
HEALTH2021-00412,Zaza Thai,Thai,Thai,independent,,high,name,Thai | independent,Thai | independent,agreed,
HEALTH2021-00414,Sweet Art Bakery,Coffee/Cafe/Bakery/Dessert,bakery,independent,,medium,name,Coffee/Cafe/Bakery/Dessert | independent,Coffee/Cafe/Bakery/Dessert | independent,agreed,
HEALTH2021-00418,Two Senoritas,Mexican/Tex-Mex/Latin,Mexican,independent,,medium,name,Mexican/Tex-Mex/Latin | independent,Mexican/Tex-Mex/Latin | independent,agreed,
HEALTH2021-00419,FAIRFIELD INN AND SUITES BY MARRIOTT,Hotel/Caterer/Commissary,hotel,national_regional,,high,hotel name,Hotel/Caterer/Commissary | national_regional,Hotel/Caterer/Commissary | national_regional,agreed,
HEALTH2021-00421,KWIK SHOP,Convenience/Gas,convenience store / gas station,independent,,medium,name / known chain,Convenience/Gas | independent,Convenience/Gas | unknown,adjudicated,"chain: A independent, B unknown; unrecognized single-store convenience name"
HEALTH2021-00423,HOUSE OF BREAD,Coffee/Cafe/Bakery/Dessert,bakery-cafe,national_regional,,medium,known chain; comments mention soup,Coffee/Cafe/Bakery/Dessert | national_regional,Coffee/Cafe/Bakery/Dessert | national_regional,agreed,
HEALTH2021-00424,SR GROCERY,Convenience/Gas,"corner store (milk, juice, bagged ice)",independent,,low,"notes milk, juice, bagged ice only",Grocery/Market | independent | independent_specialty,Convenience/Gas | independent,adjudicated,named Grocery but no market departments or specialty goods in notes
HEALTH2021-00425,RAMEO'S PIZZA,Pizza/Italian,pizza,independent,,high,name,Pizza/Italian | independent,Pizza/Italian | independent,agreed,
HEALTH2022-00007,HANDYMART FOOD & GROCERY,Convenience/Gas,convenience store / gas station,independent,,medium,name / known chain,Convenience/Gas | independent,Convenience/Gas | unknown,adjudicated,"chain: A independent, B unknown; unrecognized single-store convenience name"
HEALTH2022-00011,CHOP SHOP WINE BAR,"American (sit-down, bars, venues)",wine bar,independent,,medium,name,"American (sit-down, bars, venues) | independent","American (sit-down, bars, venues) | independent",agreed,
HEALTH2022-00015,COMMUNITY GARDEN KITCHEN OF COLLIN COUNTY,Institutional,nonprofit social services,independent,,high,name,Institutional | independent,Institutional | independent,agreed,
HEALTH2022-00019,Tacos Benditos,Mexican/Tex-Mex/Latin,tacos (event vendor),independent,,high,name,Mexican/Tex-Mex/Latin | independent,Mexican/Tex-Mex/Latin | independent,agreed,
HEALTH2022-00022,Sheesh Kitchen,Mediterranean/Middle Eastern,Middle Eastern (likely shish kebab),independent,,low,name (sheesh),Unknown | independent,Mediterranean/Middle Eastern | independent,adjudicated,no dish names in notes
HEALTH2022-00025,InReach - Watson & Chalin,Other non-restaurant,vending/micro market,unknown,,low,operator name suggests workplace vending,Other non-restaurant | unknown,Other non-restaurant | independent,adjudicated,"chain: A unknown, B independent; micro market/break room named for the employer; operator not named (agreed rule: operator named -> its chain status, else unknown)"
HEALTH2022-00027,GROW ACADEMY,Institutional,school/daycare,independent,,high,school/daycare name,Institutional | independent,Institutional | unknown,adjudicated,"chain: A independent, B unknown; unrecognized single-site school/daycare name"
HEALTH2022-00028,ELWOOD BFD,"American (sit-down, bars, venues)",bar and kitchen,independent,,low,name; entertainment venue address; comments mention lime juice,"American (sit-down, bars, venues) | independent","American (sit-down, bars, venues) | independent",agreed,
HEALTH2022-00030,Palio's Pizza cafe,Pizza/Italian,pizza,national_regional,,high,known chain,Pizza/Italian | national_regional,Pizza/Italian | national_regional,agreed,
HEALTH2022-00038,Baskets As Gifts,Other non-restaurant,gift baskets,independent,,medium,name,Other non-restaurant | independent,Other non-restaurant | independent,agreed,
HEALTH2022-00040,Donut Box,Coffee/Cafe/Bakery/Dessert,donuts/bagels,local_multi,,high,name,Coffee/Cafe/Bakery/Dessert | local_multi,Coffee/Cafe/Bakery/Dessert | local_multi,agreed,
HEALTH2022-00044,Sugar ice cream & Waffles,Coffee/Cafe/Bakery/Dessert,ice cream and waffles,independent,,high,name,Coffee/Cafe/Bakery/Dessert | independent,Coffee/Cafe/Bakery/Dessert | independent,agreed,
HEALTH2022-00049,BARONS CREEK VINEYARDS,"American (sit-down, bars, venues)",winery tasting room with small plates,local_multi,,medium,"comments mention cheese, peppers, spread","American (sit-down, bars, venues) | local_multi","American (sit-down, bars, venues) | national_regional",adjudicated,"chain: A local_multi, B national_regional; Hill Country winery with a few tasting rooms"
HEALTH2022-00054,Doughnut Shop,Coffee/Cafe/Bakery/Dessert,donuts/bagels,independent,,high,name,Coffee/Cafe/Bakery/Dessert | independent,Coffee/Cafe/Bakery/Dessert | independent,agreed,
HEALTH2022-00056,Five Guys Burgers & Fries,Fast Food,burgers,national_regional,,high,known chain,Fast Food | national_regional,Fast Food | national_regional,agreed,
HEALTH2022-00059,K LOVELY LLC,Other non-restaurant,packaged goods vendor,independent,,low,comment mentions packaged self-service items,Other non-restaurant | independent,Other non-restaurant | independent,agreed,
HEALTH2022-00067,Jakes GameDay,"American (sit-down, bars, venues)",sports bar,independent,,medium,name (GameDay),"American (sit-down, bars, venues) | independent","American (sit-down, bars, venues) | independent",agreed,
HEALTH2022-00069,Sweet Taste of Paradise Winery,Other non-restaurant,winery (event vendor),independent,,medium,name,Other non-restaurant | independent,Other non-restaurant | independent,agreed,
HEALTH2022-00084,HUB 121 CRAIG RANCH CONCESSION STAND,Venue/Concession,concession,independent,,medium,name,Venue/Concession | independent,Venue/Concession | independent,agreed,
HEALTH2022-00094,REZ BURGER,"American (sit-down, bars, venues)",burgers,independent,,medium,name,"American (sit-down, bars, venues) | independent","American (sit-down, bars, venues) | independent",agreed,
HEALTH2022-00099,OGI'S EUROPEAN BAKERY AND DELI,Other cuisine,Eastern European bakery/deli,independent,,medium,name (European bakery and deli),Other cuisine | independent,Other cuisine | independent,agreed,
HEALTH2022-00101,ARAMARK MICROMARKET,Other non-restaurant,micro market / vending,national_regional,,high,name says micro market/vending,Other non-restaurant | national_regional,Other non-restaurant | national_regional,agreed,
HEALTH2022-00104,THE ALLEY NOODLE BAR,Asian (unspecified),noodle bar,independent,,medium,"name; comments mention broth, tofu",Asian (unspecified) | independent,Asian (unspecified) | independent,agreed,
HEALTH2022-00105,BBQ food truck,"American (sit-down, bars, venues)",BBQ,independent,,medium,name; comments mention brisket,"American (sit-down, bars, venues) | independent","American (sit-down, bars, venues) | independent",agreed,
HEALTH2022-00108,Starbucks #66480,Coffee/Cafe/Bakery/Dessert,coffee,national_regional,,high,known chain,Coffee/Cafe/Bakery/Dessert | national_regional,Coffee/Cafe/Bakery/Dessert | national_regional,agreed,
HEALTH2022-00111,PIZZA HUT,Pizza/Italian,pizza,national_regional,,high,known chain,Pizza/Italian | national_regional,Pizza/Italian | national_regional,agreed,
HEALTH2022-00112,PIZZA HUT,Pizza/Italian,pizza,national_regional,,high,known chain,Pizza/Italian | national_regional,Pizza/Italian | national_regional,agreed,
HEALTH2022-00113,TOWNEPLACE SUITES MCKINNEY,Hotel/Caterer/Commissary,hotel,national_regional,,high,hotel name,Hotel/Caterer/Commissary | national_regional,Hotel/Caterer/Commissary | national_regional,agreed,
HEALTH2022-00120,COLLIN COLLEGE MCKINNEY CAFE AND STARBUCKS,Institutional,college cafe,local_multi,,medium,name,Institutional | local_multi,Institutional | independent,adjudicated,"chain: A local_multi, B independent; Collin College (agreed convention: local_multi)"
HEALTH2022-00121,Arby's Restaurant,Fast Food,roast beef sandwiches,national_regional,,high,known chain,Fast Food | national_regional,Fast Food | national_regional,agreed,
HEALTH2022-00123,TACO BUENO #3239,Fast Food,Taco Bueno,national_regional,,high,known chain,Fast Food | national_regional,Fast Food | national_regional,agreed,
HEALTH2022-00167,BELTERRA HEALTH AND REHAB,Institutional,senior living / nursing,unknown,,high,senior living name,Institutional | independent,Institutional | national_regional,adjudicated,"chain: A independent, B national_regional; unrecognized senior-living/nursing name (often owned by multi-site operators under local names)"
HEALTH2022-00172,Scooter's Coffee,Coffee/Cafe/Bakery/Dessert,coffee,national_regional,,high,known chain,Coffee/Cafe/Bakery/Dessert | national_regional,Coffee/Cafe/Bakery/Dessert | national_regional,agreed,
HEALTH2022-00185,"AMERICAN GOTHIC PIZZA, LLC",Pizza/Italian,pizza (mobile unit),independent,,high,name,Pizza/Italian | independent,Pizza/Italian | independent,agreed,
HEALTH2022-00195,HOKKAIDO RAMEN MCKINNEY SUSHI,Japanese,ramen and sushi,independent,,high,name,Japanese | independent,Japanese | independent,agreed,
HEALTH2022-00200,PEACHWAVE OF MCKINNEY,Coffee/Cafe/Bakery/Dessert,frozen yogurt,national_regional,,high,known chain,Coffee/Cafe/Bakery/Dessert | national_regional,Coffee/Cafe/Bakery/Dessert | national_regional,agreed,
HEALTH2022-00202,TROPICAL SMOOTHIE,Coffee/Cafe/Bakery/Dessert,smoothies/juice,national_regional,,high,known chain,Coffee/Cafe/Bakery/Dessert | national_regional,Coffee/Cafe/Bakery/Dessert | national_regional,agreed,
HEALTH2022-00206,FORREST TRADING CO,Venue/Concession,Trade Days vendor (food not identified),independent,,low,permit at Trade Days grounds,Unknown | unknown,Venue/Concession | independent,adjudicated,"event vendors with unidentified food coded Venue/Concession, as agreed for Itsy Bites"
HEALTH2022-00208,OSUMA SUYA,Other cuisine,Nigerian suya,independent,,high,name,Other cuisine | independent,Other cuisine | independent,agreed,
HEALTH2022-00212,51 RAINBOW INDIAN CUISINE,Indian,Indian,independent,,high,name,Indian | independent,Indian | independent,agreed,
HEALTH2022-00213,SONIC,Fast Food,burgers/drive-in,national_regional,,high,known chain,Fast Food | national_regional,Fast Food | national_regional,agreed,
HEALTH2022-00214,SONIC DRIVE-IN,Fast Food,burgers/drive-in,national_regional,,high,known chain,Fast Food | national_regional,Fast Food | national_regional,agreed,
HEALTH2022-00215,SONIC,Fast Food,burgers/drive-in,national_regional,,high,known chain,Fast Food | national_regional,Fast Food | national_regional,agreed,
HEALTH2022-00217,POPSHELF,Convenience/Gas,dollar/discount store,national_regional,,high,known chain,Convenience/Gas | national_regional,Convenience/Gas | national_regional,agreed,
HEALTH2022-00218,MARSHALL BROTHERS ICE,Coffee/Cafe/Bakery/Dessert,shaved ice / ice,independent,,low,name,Coffee/Cafe/Bakery/Dessert | independent,Coffee/Cafe/Bakery/Dessert | independent,agreed,
HEALTH2022-00230,SMOOTHIE KING,Coffee/Cafe/Bakery/Dessert,smoothies/juice,national_regional,,high,known chain,Coffee/Cafe/Bakery/Dessert | national_regional,Coffee/Cafe/Bakery/Dessert | national_regional,agreed,
HEALTH2022-00234,LIONHEART CHILDREN'S ACADEMY,Institutional,school/daycare,local_multi,,low,school/daycare name,Institutional | local_multi,Institutional | unknown,adjudicated,"chain: A local_multi, B unknown; DFW child-care brand"
HEALTH2022-00246,THE POUR GIRL,Coffee/Cafe/Bakery/Dessert,beverages (farmers market),independent,,low,name,Coffee/Cafe/Bakery/Dessert | independent,Coffee/Cafe/Bakery/Dessert | independent,agreed,
HEALTH2022-00249,STARBUCKS #67352,Coffee/Cafe/Bakery/Dessert,coffee,national_regional,,high,known chain,Coffee/Cafe/Bakery/Dessert | national_regional,Coffee/Cafe/Bakery/Dessert | national_regional,agreed,
HEALTH2022-00250,FONTINA RISTORANTE,Pizza/Italian,Italian,independent,,high,name,Pizza/Italian | independent,Pizza/Italian | independent,agreed,
HEALTH2022-00269,LA TIENDITA,Grocery/Market,independent grocery,independent,independent_specialty,medium,name,Grocery/Market | independent | independent_specialty,Grocery/Market | independent | independent_specialty,agreed,
HEALTH2022-00271,BENNY'S BAGEL,Coffee/Cafe/Bakery/Dessert,donuts/bagels,independent,,high,name,Coffee/Cafe/Bakery/Dessert | independent,Coffee/Cafe/Bakery/Dessert | independent,agreed,
HEALTH2022-00273,RUN DA,Chinese,Chinese,independent,,low,name; comments mention rice,Chinese | independent,Chinese | independent,agreed,
HEALTH2022-00274,COMPANY KITCHEN,Other non-restaurant,micro market,national_regional,,medium,known micro-market brand,Other non-restaurant | national_regional,Other non-restaurant | national_regional,agreed,
HEALTH2022-00275,RAYTHEON A WING 2ND FLOOR,Other non-restaurant,micro market/vending (employer),unknown,,low,floor-level stations at employer site; no food prep noted,Other non-restaurant | unknown,Other non-restaurant | independent,adjudicated,"chain: A unknown, B independent; micro market/break room named for the employer; operator not named (agreed rule: operator named -> its chain status, else unknown)"
HEALTH2022-00276,RAYTHEON MCKINNEY A WING 1ST FLOOR,Other non-restaurant,micro market/vending (employer),unknown,,low,floor-level stations at employer site; no food prep noted,Other non-restaurant | unknown,Other non-restaurant | independent,adjudicated,"chain: A unknown, B independent; micro market/break room named for the employer; operator not named (agreed rule: operator named -> its chain status, else unknown)"
HEALTH2022-00277,RAYTHEON MCKINNEY D WING 1ST FLOOR,Other non-restaurant,micro market/vending (employer),unknown,,low,floor-level stations at employer site; no food prep noted,Other non-restaurant | unknown,Other non-restaurant | independent,adjudicated,"chain: A unknown, B independent; micro market/break room named for the employer; operator not named (agreed rule: operator named -> its chain status, else unknown)"
HEALTH2022-00278,RAYTHEON MCKINNEY D WING 2ND FLOOR,Other non-restaurant,micro market/vending (employer),unknown,,low,floor-level stations at employer site; no food prep noted,Other non-restaurant | unknown,Other non-restaurant | independent,adjudicated,"chain: A unknown, B independent; micro market/break room named for the employer; operator not named (agreed rule: operator named -> its chain status, else unknown)"
HEALTH2022-00279,RAYTHEON MCKINNEY WAREHOUSE,Other non-restaurant,micro market/vending (employer),unknown,,low,warehouse station at employer site; no food prep noted,Other non-restaurant | unknown,Other non-restaurant | independent,adjudicated,"chain: A unknown, B independent; micro market/break room named for the employer; operator not named (agreed rule: operator named -> its chain status, else unknown)"
HEALTH2022-00280,URBAN AIR MCKINNEY,Venue/Concession,trampoline park,national_regional,,high,known chain,Venue/Concession | national_regional,Venue/Concession | national_regional,agreed,
HEALTH2022-00288,BUNNY DOG,Other non-restaurant,farmers market vendor (product not identified),independent,,low,farmers market vendor,Unknown | independent,Other non-restaurant | independent,adjudicated,"market product vendors coded Other non-restaurant, as in agreed farmers-market rows"
HEALTH2022-00291,VILLAGE GREEN,Institutional,memory care home,unknown,,medium,name (Village Green memory care),Unknown | unknown,Institutional | independent,adjudicated,
HEALTH2022-00294,LITTLE GREEK MCKINNEY,Mediterranean/Middle Eastern,Greek,national_regional,,high,known chain,Mediterranean/Middle Eastern | national_regional,Mediterranean/Middle Eastern | national_regional,agreed,
HEALTH2022-00297,AHA DONUTS,Coffee/Cafe/Bakery/Dessert,donuts/bagels,independent,,high,name,Coffee/Cafe/Bakery/Dessert | independent,Coffee/Cafe/Bakery/Dessert | independent,agreed,
HEALTH2022-00300,CICCIO TRATTORIA,Pizza/Italian,Italian,independent,,high,name,Pizza/Italian | independent,Pizza/Italian | independent,agreed,
HEALTH2022-00303,BIG TACO,Mexican/Tex-Mex/Latin,tacos,independent,,medium,"name; comments mention fish, rice",Mexican/Tex-Mex/Latin | independent,Mexican/Tex-Mex/Latin | independent,agreed,
HEALTH2022-00304,YO YO BEST THAI,Thai,Thai,independent,,high,name,Thai | independent,Thai | independent,agreed,
HEALTH2022-00305,EVERBROOK ACADEMY,Institutional,school/daycare,national_regional,,high,school/daycare name,Institutional | national_regional,Institutional | national_regional,agreed,
HEALTH2022-00306,EGGSQUISITE CAFE,"American (sit-down, bars, venues)",breakfast/brunch,independent,,low,name,"American (sit-down, bars, venues) | local_multi","American (sit-down, bars, venues) | independent",adjudicated,"chain: A local_multi, B independent; name not recognized as a chain"
HEALTH2022-00310,Independent Financial 1st Floor,Other non-restaurant,employer coffee station / micro market,unknown,,low,office floor; only water and half-and-half noted,Other non-restaurant | unknown,Other non-restaurant | independent,adjudicated,"chain: A unknown, B independent; micro market/break room named for the employer; operator not named (agreed rule: operator named -> its chain status, else unknown)"
HEALTH2022-00313,LA QUINTA INN & SUITES,Hotel/Caterer/Commissary,hotel,national_regional,,high,hotel name,Hotel/Caterer/Commissary | national_regional,Hotel/Caterer/Commissary | national_regional,agreed,
HEALTH2022-00316,BOBA CITY,Coffee/Cafe/Bakery/Dessert,boba tea,independent,,high,name,Coffee/Cafe/Bakery/Dessert | independent,Coffee/Cafe/Bakery/Dessert | independent,agreed,
HEALTH2022-00318,PARK MANOR OF MCKINNEY,Institutional,senior living / nursing,national_regional,,high,senior living name,Institutional | national_regional,Institutional | national_regional,agreed,
HEALTH2022-00322,STACY MONTESSORI,Institutional,school/daycare,independent,,high,school/daycare name,Institutional | independent,Institutional | unknown,adjudicated,"chain: A independent, B unknown; unrecognized single-site school/daycare name"
HEALTH2022-00323,POPS THE TOP DOG,Venue/Concession,hot dogs (event vendor),independent,,medium,name; Trade Days vendor,Venue/Concession | independent,Venue/Concession | independent,agreed,
HEALTH2022-00325,TABU SHABU,Japanese,shabu-shabu hot pot,local_multi,,low,name,Japanese | independent,Japanese | local_multi,adjudicated,"chain: A independent, B local_multi; small DFW hot pot group"
HEALTH2022-00326,NULIFE NUTRITION,Coffee/Cafe/Bakery/Dessert,nutrition shakes,independent,,medium,name,Coffee/Cafe/Bakery/Dessert | independent,Coffee/Cafe/Bakery/Dessert | independent,agreed,
HEALTH2022-00335,Fresh Cut Fruit inside of Kroger Produce department,Grocery/Market,cut-fruit counter inside Kroger #567,national_regional,mainstream_supermarket,medium,address is Kroger #567; name says inside/at store,Grocery/Market | national_regional | mainstream_supermarket,Coffee/Cafe/Bakery/Dessert | national_regional,adjudicated,"B coded Coffee/Cafe/Bakery/Dessert; in-store counters follow the agreed convention for supermarket food service (Target cafe, H-E-B BBQ counter, Costco food court); chain = host store"
HEALTH2022-00337,TEXAKONA COFFEE,Coffee/Cafe/Bakery/Dessert,coffee,independent,,high,name,Coffee/Cafe/Bakery/Dessert | independent,Coffee/Cafe/Bakery/Dessert | independent,agreed,
HEALTH2022-00339,CICI'S PIZZA,Pizza/Italian,pizza,national_regional,,high,known chain,Pizza/Italian | national_regional,Pizza/Italian | national_regional,agreed,
HEALTH2022-00342,JOE'S INTERNATIONAL MARKET,Grocery/Market,international/halal market,independent,independent_specialty,medium,name,Grocery/Market | independent | independent_specialty,Grocery/Market | independent | independent_specialty,agreed,
HEALTH2022-00343,PANE NOSTRO,Pizza/Italian,Italian cafe/bakery,independent,,low,name (Pane Nostro),Pizza/Italian | independent,Pizza/Italian | independent,agreed,
HEALTH2022-00357,MAAR LLC,Mexican/Tex-Mex/Latin,"Mexican (beans, rice)",independent,,low,"comments mention beans, rice",Mexican/Tex-Mex/Latin | independent,Mexican/Tex-Mex/Latin | independent,agreed,
HEALTH2022-00369,SWIG,Coffee/Cafe/Bakery/Dessert,soda/drink shop,national_regional,,high,known chain,Coffee/Cafe/Bakery/Dessert | national_regional,Coffee/Cafe/Bakery/Dessert | national_regional,agreed,
HEALTH2022-00370,JOE'S INTERNATIONAL MARKET,Grocery/Market,international/halal market,independent,independent_specialty,medium,name,Grocery/Market | independent | independent_specialty,Grocery/Market | independent | independent_specialty,agreed,
HEALTH2022-00371,JOE'S INTERNATIONAL MARKET,Grocery/Market,international/halal market (meat),independent,independent_specialty,medium,name; comments mention lamb,Grocery/Market | independent | independent_specialty,Grocery/Market | independent | independent_specialty,agreed,
HEALTH2022-00376,Durkin's Pizza,Pizza/Italian,pizza,local_multi,,low,known chain,Pizza/Italian | national_regional,Pizza/Italian | independent,adjudicated,"chain: A national_regional, B independent; two McKinney locations in the data"
HEALTH2022-00399,JAMBA JUICE,Coffee/Cafe/Bakery/Dessert,smoothies/juice,national_regional,,high,known chain,Coffee/Cafe/Bakery/Dessert | national_regional,Coffee/Cafe/Bakery/Dessert | national_regional,agreed,
HEALTH2022-00406,Snowfruit 565,Grocery/Market,cut-fruit counter inside Kroger #565,national_regional,mainstream_supermarket,medium,address is Kroger #565,Grocery/Market | national_regional | mainstream_supermarket,Coffee/Cafe/Bakery/Dessert | national_regional,adjudicated,"B coded Coffee/Cafe/Bakery/Dessert; in-store counters follow the agreed convention for supermarket food service (Target cafe, H-E-B BBQ counter, Costco food court); chain = host store"
HEALTH2022-00407,Snowfruit 567,Grocery/Market,cut-fruit counter inside Kroger #567,national_regional,mainstream_supermarket,medium,address is Kroger #567,Grocery/Market | national_regional | mainstream_supermarket,Coffee/Cafe/Bakery/Dessert | national_regional,adjudicated,"B coded Coffee/Cafe/Bakery/Dessert; in-store counters follow the agreed convention for supermarket food service (Target cafe, H-E-B BBQ counter, Costco food court); chain = host store"
HEALTH2022-00415,CACTUS AFICAN MARKET,Grocery/Market,African grocery,independent,independent_specialty,high,name,Grocery/Market | independent | independent_specialty,Grocery/Market | independent | independent_specialty,agreed,
HEALTH2022-00423,Jamba Juice,Coffee/Cafe/Bakery/Dessert,smoothies/juice,national_regional,,high,known chain,Coffee/Cafe/Bakery/Dessert | national_regional,Coffee/Cafe/Bakery/Dessert | national_regional,agreed,
HEALTH2022-00434,EVERBOWL,Coffee/Cafe/Bakery/Dessert,acai bowls,national_regional,,high,known chain,Coffee/Cafe/Bakery/Dessert | national_regional,Coffee/Cafe/Bakery/Dessert | national_regional,agreed,
HEALTH2022-00436,Best Western Plus McKinney Inn & Suites,Hotel/Caterer/Commissary,hotel,national_regional,,high,hotel name,Hotel/Caterer/Commissary | national_regional,Hotel/Caterer/Commissary | national_regional,agreed,
HEALTH2022-00438,golden chick restaurant,Fast Food,fried chicken,national_regional,,high,known chain,Fast Food | national_regional,Fast Food | national_regional,agreed,
HEALTH2022-00454,FORK & FIRE,"American (sit-down, bars, venues)",American grill,independent,,low,"name; comments mention salmon, onions, bar","American (sit-down, bars, venues) | independent","American (sit-down, bars, venues) | independent",agreed,
HEALTH2022-00457,NAF NAF GRILL,Mediterranean/Middle Eastern,Mediterranean fast casual,national_regional,,high,known chain,Mediterranean/Middle Eastern | national_regional,Mediterranean/Middle Eastern | national_regional,agreed,
HEALTH2022-00468,Life Time - Life Cafe Full service restaurant,Coffee/Cafe/Bakery/Dessert,gym cafe,national_regional,,medium,name (Life Time LifeCafe),Coffee/Cafe/Bakery/Dessert | national_regional,Coffee/Cafe/Bakery/Dessert | national_regional,agreed,
HEALTH2022-00477,Assisted Living Community,Institutional,senior living / nursing,unknown,,high,senior living name,Institutional | unknown,Institutional | unknown,agreed,
HEALTH2022-00478,Assisted Living- Memory care,Institutional,senior living / nursing,unknown,,high,senior living name,Institutional | independent,Institutional | unknown,adjudicated,"chain: A independent, B unknown; unrecognized senior-living/nursing name (often owned by multi-site operators under local names)"
HEALTH2022-00480,POPEYE'S LOUISIANA KITCHEN,Fast Food,fried chicken,national_regional,,high,known chain,Fast Food | national_regional,Fast Food | national_regional,agreed,
HEALTH2022-00482,ZIO PIZZA,Pizza/Italian,pizza,independent,,high,name,Pizza/Italian | independent,Pizza/Italian | independent,agreed,
HEALTH2022-00485,Wulf Burger,"American (sit-down, bars, venues)",burgers,independent,,medium,name,"American (sit-down, bars, venues) | independent","American (sit-down, bars, venues) | independent",agreed,
HEALTH2022-00487,A & D BUFFALO,"American (sit-down, bars, venues)",wings,independent,,medium,name (Buffalo),"American (sit-down, bars, venues) | independent","American (sit-down, bars, venues) | independent",agreed,
HEALTH2022-00489,Kuma Ramen,Japanese,ramen,independent,,high,name,Japanese | independent,Japanese | independent,agreed,
HEALTH2022-00490,Valerie's Taco Shop,Mexican/Tex-Mex/Latin,tacos,local_multi,,high,name,Mexican/Tex-Mex/Latin | local_multi,Mexican/Tex-Mex/Latin | local_multi,agreed,
HEALTH2022-00494,Umai Sushi,Japanese,sushi,independent,,high,name,Japanese | independent,Japanese | independent,agreed,
HEALTH2022-00497,Salad and Go,Deli/Sandwich/Salad,salads,national_regional,,high,known chain,Deli/Sandwich/Salad | national_regional,Deli/Sandwich/Salad | national_regional,agreed,
HEALTH2022-00498,Shoagies,Deli/Sandwich/Salad,hoagies,independent,,low,name,Deli/Sandwich/Salad | independent,Deli/Sandwich/Salad | independent,agreed,
HEALTH2023-00008,VALARIE'S TACO SHOP,Mexican/Tex-Mex/Latin,tacos,local_multi,,high,name,Mexican/Tex-Mex/Latin | local_multi,Mexican/Tex-Mex/Latin | local_multi,agreed,
HEALTH2023-00009,Capriotti's Sandwich Shop,Deli/Sandwich/Salad,sub sandwiches,national_regional,,high,known chain,Deli/Sandwich/Salad | national_regional,Deli/Sandwich/Salad | national_regional,agreed,
HEALTH2023-00010,Groovy Chicken & Waffles,"American (sit-down, bars, venues)",chicken and waffles (event vendor),independent,,medium,name,"American (sit-down, bars, venues) | independent","American (sit-down, bars, venues) | independent",agreed,
HEALTH2023-00012,HONEY DIP FINGERZ,"American (sit-down, bars, venues)",chicken fingers,independent,,low,name; comments mention rice,"American (sit-down, bars, venues) | independent","American (sit-down, bars, venues) | independent",agreed,
HEALTH2023-00017,Donut Hope,Coffee/Cafe/Bakery/Dessert,donuts/bagels,independent,,high,name,Coffee/Cafe/Bakery/Dessert | independent,Coffee/Cafe/Bakery/Dessert | independent,agreed,
HEALTH2023-00021,Snowfruit 488,Grocery/Market,cut-fruit counter inside Kroger #488,national_regional,mainstream_supermarket,medium,address is Kroger #488,Grocery/Market | national_regional | mainstream_supermarket,Coffee/Cafe/Bakery/Dessert | national_regional,adjudicated,"B coded Coffee/Cafe/Bakery/Dessert; in-store counters follow the agreed convention for supermarket food service (Target cafe, H-E-B BBQ counter, Costco food court); chain = host store"
HEALTH2023-00023,TERRI'S GELATO,Coffee/Cafe/Bakery/Dessert,gelato,independent,,high,name,Coffee/Cafe/Bakery/Dessert | independent,Coffee/Cafe/Bakery/Dessert | independent,agreed,
HEALTH2023-00026,Burger King #6460 McKinney,Fast Food,burgers,national_regional,,high,known chain,Fast Food | national_regional,Fast Food | national_regional,agreed,
HEALTH2023-00027,DragonBall Tea,Coffee/Cafe/Bakery/Dessert,boba tea,independent,,medium,name,Coffee/Cafe/Bakery/Dessert | independent,Coffee/Cafe/Bakery/Dessert | independent,agreed,
HEALTH2023-00032,Dutch Bros Coffee,Coffee/Cafe/Bakery/Dessert,coffee,national_regional,,high,known chain,Coffee/Cafe/Bakery/Dessert | national_regional,Coffee/Cafe/Bakery/Dessert | national_regional,agreed,
HEALTH2023-00034,JEREMIAH'S ICE,Coffee/Cafe/Bakery/Dessert,Italian ice,national_regional,,high,known chain,Coffee/Cafe/Bakery/Dessert | national_regional,Coffee/Cafe/Bakery/Dessert | national_regional,agreed,
HEALTH2023-00035,"MOOYAH BURGERS, FRIES & SHAKES",Fast Food,burgers,national_regional,,high,known chain,Fast Food | national_regional,Fast Food | national_regional,agreed,
HEALTH2023-00041,Wendy's,Fast Food,burgers,national_regional,,high,known chain,Fast Food | national_regional,Fast Food | national_regional,agreed,
HEALTH2023-00042,Two Feathers Two,Venue/Concession,Trade Days vendor (food not identified),independent,,low,permit at Trade Days grounds,Unknown | unknown,Venue/Concession | independent,adjudicated,"event vendors with unidentified food coded Venue/Concession, as agreed for Itsy Bites"
HEALTH2023-00045,Huckleberry Services,Venue/Concession,Trade Days vendor (food not identified),independent,,low,permit at Trade Days grounds,Unknown | unknown,Venue/Concession | independent,adjudicated,"event vendors with unidentified food coded Venue/Concession, as agreed for Itsy Bites"
HEALTH2023-00047,O'Desi Arona,Indian,Indian,independent,,high,name (desi),Indian | independent,Indian | independent,agreed,
HEALTH2023-00051,Lucido’s Pasta and Italian Specialties,Other non-restaurant,packaged Italian pasta and sauces (farmers market),independent,,medium,name; comment says frozen/refrigerated product only,Other non-restaurant | independent,Other non-restaurant | independent,agreed,
HEALTH2023-00057,Funky Munky,Coffee/Cafe/Bakery/Dessert,shaved ice,independent,,low,same address as snowball stand,Coffee/Cafe/Bakery/Dessert | independent,Coffee/Cafe/Bakery/Dessert | independent,agreed,
HEALTH2023-00058,Jason's Deli,Deli/Sandwich/Salad,"deli sandwiches, salads",national_regional,,high,known chain,Deli/Sandwich/Salad | national_regional,Deli/Sandwich/Salad | national_regional,agreed,
HEALTH2023-00060,DUTCH BROS,Coffee/Cafe/Bakery/Dessert,coffee,national_regional,,high,known chain,Coffee/Cafe/Bakery/Dessert | national_regional,Coffee/Cafe/Bakery/Dessert | national_regional,agreed,
HEALTH2023-00071,Smokin' Jack's,Other non-restaurant,packaged smoked salmon (farmers market),independent,,low,later permit says prepackaged salmon only,Other non-restaurant | independent,Other non-restaurant | independent,agreed,
HEALTH2023-00076,The Clubhouse indoor Golf,"American (sit-down, bars, venues)",indoor golf simulator bar & grill,independent,,medium,"name; notes cheese, bacon, ham","American (sit-down, bars, venues) | local_multi",Venue/Concession | independent,adjudicated,"activity bars coded American, as agreed for Arcade 92 and Another Round disc golf taproom"
HEALTH2023-00077,Honi’s coffee house,Coffee/Cafe/Bakery/Dessert,coffee (event vendor),independent,,medium,name,Coffee/Cafe/Bakery/Dessert | independent,Coffee/Cafe/Bakery/Dessert | independent,agreed,
HEALTH2023-00078,Bombay Street Cafe,Indian,Indian street food,independent,,high,"name; comments mention goat, chickpeas",Indian | independent,Indian | independent,agreed,
HEALTH2023-00079,HARRY'S ON THE HARBOR,"American (sit-down, bars, venues)",American grill,independent,,low,same restaurant as earlier Harry's permit,"American (sit-down, bars, venues) | independent","American (sit-down, bars, venues) | independent",agreed,
HEALTH2023-00083,Honey B Cafe,Coffee/Cafe/Bakery/Dessert,cafe,independent,,medium,"name; comments mention milk, half and half",Coffee/Cafe/Bakery/Dessert | independent,Coffee/Cafe/Bakery/Dessert | independent,agreed,
HEALTH2023-00085,TxSmokey Bbq,"American (sit-down, bars, venues)",BBQ,independent,,medium,name,"American (sit-down, bars, venues) | independent","American (sit-down, bars, venues) | independent",agreed,
HEALTH2023-00086,Pho Que Huong Noodle & Grill,Vietnamese,Vietnamese,independent,,high,name,Vietnamese | independent,Vietnamese | independent,agreed,
HEALTH2023-00089,Heian Sushi,Japanese,sushi,independent,,high,name,Japanese | independent,Japanese | independent,agreed,
HEALTH2023-00090,Napolis on the Go,Pizza/Italian,Italian to-go,independent,,medium,name (Napolis),Pizza/Italian | independent,Pizza/Italian | independent,agreed,
HEALTH2023-00091,Donut Bliss,Coffee/Cafe/Bakery/Dessert,donuts/bagels,local_multi,,high,name,Coffee/Cafe/Bakery/Dessert | local_multi,Coffee/Cafe/Bakery/Dessert | independent,adjudicated,"chain: A local_multi, B independent; two McKinney locations in the data (Eldorado Pkwy and Virginia Pkwy)"
HEALTH2023-00099,HTeaO - McKinney,Coffee/Cafe/Bakery/Dessert,iced tea,national_regional,,high,known chain,Coffee/Cafe/Bakery/Dessert | national_regional,Coffee/Cafe/Bakery/Dessert | national_regional,agreed,
HEALTH2023-00100,Black Rabbitt Social,"American (sit-down, bars, venues)",bar/social venue,independent,,medium,name,"American (sit-down, bars, venues) | independent","American (sit-down, bars, venues) | independent",agreed,
HEALTH2023-00117,Marcos pizza Restaurant,Pizza/Italian,pizza,national_regional,,high,known chain,Pizza/Italian | national_regional,Pizza/Italian | national_regional,agreed,
HEALTH2023-00138,Juice and Smoothie Bar,Coffee/Cafe/Bakery/Dessert,smoothies (gym smoothie bar),independent,,high,name,Coffee/Cafe/Bakery/Dessert | independent,Coffee/Cafe/Bakery/Dessert | independent,agreed,
HEALTH2023-00155,McKinney Soccer Association / Al Rushhaupt #2,Venue/Concession,youth soccer concession,independent,,high,name,Venue/Concession | independent,Venue/Concession | independent,agreed,
HEALTH2023-00157,Kyoto Hibachi Sushi & Bar,Japanese,hibachi and sushi,independent,,high,name,Japanese | independent,Japanese | independent,agreed,
HEALTH2023-00176,Bob's Steak and Chop House,"American (sit-down, bars, venues)",steakhouse,national_regional,,high,known chain,"American (sit-down, bars, venues) | national_regional","American (sit-down, bars, venues) | national_regional",agreed,
HEALTH2023-00179,Sassy Sparkle,Venue/Concession,Trade Days vendor (food not identified),independent,,low,permit at Trade Days grounds,Unknown | unknown,Venue/Concession | independent,adjudicated,"event vendors with unidentified food coded Venue/Concession, as agreed for Itsy Bites"
HEALTH2023-00186,Parlor Doughnuts,Coffee/Cafe/Bakery/Dessert,donuts,national_regional,,high,known chain,Coffee/Cafe/Bakery/Dessert | national_regional,Coffee/Cafe/Bakery/Dessert | national_regional,agreed,
HEALTH2023-00188,Tahn Thai,Hotel/Caterer/Commissary,Thai restaurant central prep kitchen,independent,,low,"same suite as the later TAHN THAI central preparation facility permit; same walk-in/two make-table kitchen, no front-of-house noted",Thai | independent,Thai | independent,corrected,"both coders coded Thai; the successor permit HEALTH2024-00515 at the same suite is named CENTRAL PREPARATION FACILITY and its inspections show the same kitchen, so the same business gets the same code"
HEALTH2023-00190,Wortham Intermediate School,Institutional,school cafeteria/concession,local_multi,,high,school name,Institutional | local_multi,Institutional | local_multi,agreed,
HEALTH2023-00191,HEB Grocery,Grocery/Market,H-E-B - grocery,national_regional,mainstream_supermarket,high,known chain,Grocery/Market | national_regional | mainstream_supermarket,Grocery/Market | national_regional | mainstream_supermarket,agreed,
HEALTH2023-00194,Shaved Ice Sales,Coffee/Cafe/Bakery/Dessert,shaved ice,independent,,high,name,Coffee/Cafe/Bakery/Dessert | independent,Coffee/Cafe/Bakery/Dessert | independent,agreed,
HEALTH2023-00204,Reggae Jerk Hut,Other cuisine,Jamaican,independent,,high,name,Other cuisine | independent,Other cuisine | independent,agreed,
HEALTH2023-00213,Mi Cocina,Mexican/Tex-Mex/Latin,Tex-Mex,national_regional,,high,known chain,Mexican/Tex-Mex/Latin | national_regional,Mexican/Tex-Mex/Latin | national_regional,agreed,
HEALTH2023-00221,Shack Shake,Fast Food,burgers,national_regional,,high,known chain,Fast Food | national_regional,Fast Food | national_regional,agreed,
HEALTH2023-00230,Tokyo Garden Catering,Grocery/Market,sushi counter inside H-E-B,national_regional,mainstream_supermarket,medium,address is H-E-B,Grocery/Market | national_regional | mainstream_supermarket,Japanese | unknown,adjudicated,"B coded Japanese; in-store counters follow the agreed convention for supermarket food service (Target cafe, H-E-B BBQ counter, Costco food court); chain = host store"
HEALTH2023-00233,BAKER'S DRIVE IN,"American (sit-down, bars, venues)",burger drive-in,independent,,high,name (drive-in),"American (sit-down, bars, venues) | independent","American (sit-down, bars, venues) | independent",agreed,
HEALTH2023-00234,HEB -TTBBQ Restaurant,Grocery/Market,H-E-B - in-store restaurant,national_regional,mainstream_supermarket,high,known chain,Grocery/Market | national_regional | mainstream_supermarket,Grocery/Market | national_regional | mainstream_supermarket,agreed,
HEALTH2023-00235,HEB -Cooking Connection,Grocery/Market,H-E-B - cooking demo kitchen,national_regional,mainstream_supermarket,high,known chain,Grocery/Market | national_regional | mainstream_supermarket,Grocery/Market | national_regional | mainstream_supermarket,agreed,
HEALTH2023-00238,HEB- Deli,Grocery/Market,H-E-B - deli,national_regional,mainstream_supermarket,high,known chain,Grocery/Market | national_regional | mainstream_supermarket,Grocery/Market | national_regional | mainstream_supermarket,agreed,
HEALTH2023-00239,HEB -Bakery,Grocery/Market,H-E-B - bakery,national_regional,mainstream_supermarket,high,known chain,Grocery/Market | national_regional | mainstream_supermarket,Grocery/Market | national_regional | mainstream_supermarket,agreed,
HEALTH2023-00240,HEB -Meat Market,Grocery/Market,H-E-B - meat,national_regional,mainstream_supermarket,high,known chain,Grocery/Market | national_regional | mainstream_supermarket,Grocery/Market | national_regional | mainstream_supermarket,agreed,
HEALTH2023-00241,HEB -Seafood,Grocery/Market,H-E-B - seafood,national_regional,mainstream_supermarket,high,known chain,Grocery/Market | national_regional | mainstream_supermarket,Grocery/Market | national_regional | mainstream_supermarket,agreed,
HEALTH2023-00242,HEB - Produce,Grocery/Market,H-E-B - produce,national_regional,mainstream_supermarket,high,known chain,Grocery/Market | national_regional | mainstream_supermarket,Grocery/Market | national_regional | mainstream_supermarket,agreed,
HEALTH2023-00252,HEB - Cheese Shop,Grocery/Market,H-E-B - cheese shop,national_regional,mainstream_supermarket,high,known chain,Grocery/Market | national_regional | mainstream_supermarket,Grocery/Market | national_regional | mainstream_supermarket,agreed,
HEALTH2023-00264,MAGIC CUP,Coffee/Cafe/Bakery/Dessert,boba/tea,independent,,low,name; same name as boba shop at this address,Coffee/Cafe/Bakery/Dessert | independent,Coffee/Cafe/Bakery/Dessert | unknown,adjudicated,"chain: A independent, B unknown; name not recognized as a chain"
HEALTH2023-00268,Eggmania,Indian,Indian egg dishes,local_multi,,medium,"known DFW brand; notes paste, butter, chicken, lemon juice","American (sit-down, bars, venues) | independent",Indian | local_multi,adjudicated,
HEALTH2023-00271,The Cotton Mill Coffee Shop,Coffee/Cafe/Bakery/Dessert,coffee,independent,,high,name,Coffee/Cafe/Bakery/Dessert | independent,Coffee/Cafe/Bakery/Dessert | independent,agreed,
HEALTH2023-00272,McKinney Healthcare and Rehabilitation,Institutional,senior living / nursing,unknown,,high,senior living name,Institutional | independent,Institutional | unknown,adjudicated,"chain: A independent, B unknown; unrecognized senior-living/nursing name (often owned by multi-site operators under local names)"
HEALTH2023-00278,Sultan,Mediterranean/Middle Eastern,Turkish/Middle Eastern,independent,,medium,name (Sultan); comments mention rice pudding,Mediterranean/Middle Eastern | independent,Mediterranean/Middle Eastern | independent,agreed,
HEALTH2023-00280,Early Childhood School Early Childhood School,Institutional,school cafeteria/concession,local_multi,,high,school name,Institutional | local_multi,Institutional | local_multi,agreed,
HEALTH2023-00282,Boba Bros.,Coffee/Cafe/Bakery/Dessert,boba tea,independent,,high,name,Coffee/Cafe/Bakery/Dessert | independent,Coffee/Cafe/Bakery/Dessert | independent,agreed,
HEALTH2023-00290,SELECT FOOD MART,Convenience/Gas,convenience store / gas station,independent,,medium,name / known chain,Convenience/Gas | independent,Convenience/Gas | unknown,adjudicated,"chain: A independent, B unknown; unrecognized single-store convenience name"
HEALTH2023-00296,LoYo Burger,"American (sit-down, bars, venues)",burgers,independent,,medium,name,"American (sit-down, bars, venues) | independent","American (sit-down, bars, venues) | independent",agreed,
HEALTH2023-00301,Cocktail Creamery,Coffee/Cafe/Bakery/Dessert,alcohol-infused ice cream,independent,,medium,name,Coffee/Cafe/Bakery/Dessert | independent,Coffee/Cafe/Bakery/Dessert | independent,agreed,
HEALTH2023-00302,Donut R More,Coffee/Cafe/Bakery/Dessert,donuts/bagels,independent,,high,name,Coffee/Cafe/Bakery/Dessert | independent,Coffee/Cafe/Bakery/Dessert | independent,agreed,
HEALTH2023-00303,Creme De la Creme,Institutional,school/daycare,national_regional,,high,school/daycare name,Institutional | national_regional,Institutional | national_regional,agreed,
HEALTH2023-00304,PHO LANE RESTAURANT,Vietnamese,Vietnamese,independent,,high,name,Vietnamese | independent,Vietnamese | independent,agreed,
HEALTH2023-00307,"Events at East McKinney, LLC","American (sit-down, bars, venues)",event venue,independent,,medium,name (events),"American (sit-down, bars, venues) | independent","American (sit-down, bars, venues) | independent",agreed,
HEALTH2023-00312,Wing Chow,Chinese,wings and Chinese-American takeout,independent,,medium,"comments mention egg rolls, wings, fried rice items",Chinese | independent,Chinese | independent,agreed,
HEALTH2023-00313,TeaN'ergy,Coffee/Cafe/Bakery/Dessert,tea/energy drinks,independent,,medium,name,Coffee/Cafe/Bakery/Dessert | independent,Coffee/Cafe/Bakery/Dessert | independent,agreed,
HEALTH2023-00323,High Pointe,Unknown,unclear (reach-in only),unknown,,low,name gives no food type,Unknown | unknown,Unknown | unknown,agreed,
HEALTH2023-00327,The Horse's Axe,"American (sit-down, bars, venues)",axe-throwing bar with snacks,independent,,medium,"name; notes salami, cheese only","American (sit-down, bars, venues) | independent",Venue/Concession | independent,adjudicated,"activity bars coded American, as agreed for Arcade 92 and Another Round disc golf taproom"
HEALTH2023-00332,400 Gradi,Pizza/Italian,Neapolitan pizza,national_regional,,high,known chain,Pizza/Italian | national_regional,Pizza/Italian | national_regional,agreed,
HEALTH2023-00333,Akshaya Pathra Kitchen,Indian,Indian,independent,,medium,name (Sanskrit); comments mention vegetables,Indian | independent,Indian | independent,agreed,
HEALTH2023-00337,The Common Table,"American (sit-down, bars, venues)",gastropub,local_multi,,medium,name,"American (sit-down, bars, venues) | local_multi","American (sit-down, bars, venues) | local_multi",agreed,
HEALTH2023-00342,Zero Gradi,Coffee/Cafe/Bakery/Dessert,gelato,national_regional,,medium,name; sister brand of pizza chain,Coffee/Cafe/Bakery/Dessert | national_regional,Coffee/Cafe/Bakery/Dessert | national_regional,agreed,
HEALTH2023-00346,MABEL'S AFRICAN CUISINE & BAR,Other cuisine,African,independent,,high,name,Other cuisine | independent,Other cuisine | independent,agreed,
HEALTH2023-00361,Farmer's Fridge Vending Machine,Other non-restaurant,micro market / vending,national_regional,,high,name says micro market/vending,Other non-restaurant | national_regional,Other non-restaurant | national_regional,agreed,
HEALTH2023-00362,Farmer's Fridge Vending Machine,Other non-restaurant,micro market / vending,national_regional,,high,name says micro market/vending,Other non-restaurant | national_regional,Other non-restaurant | national_regional,agreed,
HEALTH2023-00366,Collective Coffee,Coffee/Cafe/Bakery/Dessert,coffee,independent,,high,name,Coffee/Cafe/Bakery/Dessert | independent,Coffee/Cafe/Bakery/Dessert | independent,agreed,
HEALTH2023-00372,Hamms,Grocery/Market,meat market,independent,independent_specialty,high,name,Grocery/Market | independent | independent_specialty,Grocery/Market | independent | independent_specialty,agreed,
HEALTH2023-00390,Touchmark at Emerald Lake - Senior Living Retirement Community,Institutional,senior living / nursing,national_regional,,high,senior living name,Institutional | national_regional,Institutional | national_regional,agreed,
HEALTH2023-00407,Rice Garden,Asian (unspecified),Chinese and sushi,independent,,low,"name; comments mention noodles, chicken; later permit mentions egg rolls, sushi rice",Asian (unspecified) | independent,Asian (unspecified) | independent,agreed,
HEALTH2023-00408,Summer Moon Coffee,Coffee/Cafe/Bakery/Dessert,coffee,national_regional,,high,known chain,Coffee/Cafe/Bakery/Dessert | national_regional,Coffee/Cafe/Bakery/Dessert | national_regional,agreed,
HEALTH2023-00412,Ding Tea McKinney,Coffee/Cafe/Bakery/Dessert,boba tea,national_regional,,high,known chain,Coffee/Cafe/Bakery/Dessert | national_regional,Coffee/Cafe/Bakery/Dessert | national_regional,agreed,
HEALTH2023-00421,Black Rock Coffee,Coffee/Cafe/Bakery/Dessert,coffee,national_regional,,high,known chain,Coffee/Cafe/Bakery/Dessert | national_regional,Coffee/Cafe/Bakery/Dessert | national_regional,agreed,
HEALTH2023-00444,LOCAL YOCAL,"American (sit-down, bars, venues)",event venue / bar,independent,,medium,same site listed as event center,"American (sit-down, bars, venues) | independent","American (sit-down, bars, venues) | independent",agreed,
HEALTH2023-00450,HARVEST,"American (sit-down, bars, venues)","New American, seasonal",independent,,high,name; known downtown restaurant,"American (sit-down, bars, venues) | independent","American (sit-down, bars, venues) | independent",agreed,
HEALTH2023-00464,The Goddard School of McKinney,Institutional,school/daycare,national_regional,,high,school/daycare name,Institutional | national_regional,Institutional | national_regional,agreed,
HEALTH2023-00466,CINNAHOLIC,Coffee/Cafe/Bakery/Dessert,cinnamon rolls,national_regional,,high,known chain,Coffee/Cafe/Bakery/Dessert | national_regional,Coffee/Cafe/Bakery/Dessert | national_regional,agreed,
HEALTH2023-00468,LONE STAR FOOD STORE #4488,Convenience/Gas,convenience store / gas station,local_multi,,high,name / known chain,Convenience/Gas | local_multi,Convenience/Gas | local_multi,agreed,
HEALTH2023-00469,LONE STAR FOOD STORE #4489,Convenience/Gas,convenience store / gas station,local_multi,,high,name / known chain,Convenience/Gas | local_multi,Convenience/Gas | local_multi,agreed,
HEALTH2023-00472,RYE,"American (sit-down, bars, venues)","New American, farm-to-table",independent,,medium,name; known downtown restaurant,"American (sit-down, bars, venues) | independent","American (sit-down, bars, venues) | independent",agreed,
HEALTH2023-00479,DOLLAR GENERAL #25810,Convenience/Gas,dollar/discount store,national_regional,,high,known chain,Convenience/Gas | national_regional,Convenience/Gas | national_regional,agreed,
HEALTH2023-00484,TEX MEX RESTAURANT,Mexican/Tex-Mex/Latin,Tex-Mex,independent,,high,name,Mexican/Tex-Mex/Latin | independent,Mexican/Tex-Mex/Latin | independent,agreed,
HEALTH2023-00486,HASHTAG INDIA,Indian,Indian,independent,,high,name,Indian | independent,Indian | independent,agreed,
HEALTH2023-00494,Vending Machine,Other non-restaurant,micro market / vending,unknown,,high,name says micro market/vending,Other non-restaurant | unknown,Other non-restaurant | unknown,agreed,
HEALTH2023-00500,DUNKIN' DONUTS,Coffee/Cafe/Bakery/Dessert,donuts/coffee,national_regional,,high,known chain,Coffee/Cafe/Bakery/Dessert | national_regional,Coffee/Cafe/Bakery/Dessert | national_regional,agreed,
HEALTH2023-00501,Touchmark at Emerald Lake - Terrace Lodge (Memory Care),Institutional,senior living / nursing,national_regional,,high,senior living name,Institutional | national_regional,Institutional | national_regional,agreed,
HEALTH2023-00502,SALAD AND GO,Deli/Sandwich/Salad,salads,national_regional,,high,known chain,Deli/Sandwich/Salad | national_regional,Deli/Sandwich/Salad | national_regional,agreed,
HEALTH2023-00504,3 Natives Acai & Juicery,Coffee/Cafe/Bakery/Dessert,acai and juice,national_regional,,high,known chain,Coffee/Cafe/Bakery/Dessert | national_regional,Coffee/Cafe/Bakery/Dessert | national_regional,agreed,
HEALTH2023-00507,TANTRA,Indian,Indian,independent,,low,name (Sanskrit),Indian | independent,Indian | independent,agreed,
HEALTH2023-00510,LOWES #2878 Name of Establishment is - Canteen @ Lowes #2878,Other non-restaurant,micro market / vending,national_regional,,high,name says micro market/vending,Other non-restaurant | national_regional,Other non-restaurant | national_regional,agreed,
HEALTH2023-00511,LOWES #2825 Name of Establishment is - Canteen @ Lowes 2825,Other non-restaurant,micro market / vending,national_regional,,high,name says micro market/vending,Other non-restaurant | national_regional,Other non-restaurant | national_regional,agreed,
HEALTH2023-00514,Collin County Minimum Kitchen Micro Market,Other non-restaurant,micro market / vending,unknown,,medium,name says micro market/vending,Other non-restaurant | unknown,Other non-restaurant | independent,adjudicated,"chain: A unknown, B independent; micro market/break room named for the employer; operator not named (agreed rule: operator named -> its chain status, else unknown)"
HEALTH2023-00518,SALATA,Deli/Sandwich/Salad,salads,national_regional,,high,known chain,Deli/Sandwich/Salad | national_regional,Deli/Sandwich/Salad | national_regional,agreed,
HEALTH2023-00519,MARCO'S PIZZA,Pizza/Italian,pizza,national_regional,,high,known chain,Pizza/Italian | national_regional,Pizza/Italian | national_regional,agreed,
HEALTH2023-00520,PRIMROSE OF STONEBROOKE,Institutional,school/daycare,national_regional,,high,school/daycare name,Institutional | national_regional,Institutional | national_regional,agreed,
HEALTH2023-00521,PAPA JOHN'S,Pizza/Italian,pizza,national_regional,,high,known chain,Pizza/Italian | national_regional,Pizza/Italian | national_regional,agreed,
HEALTH2023-00524,FRY PIES,Coffee/Cafe/Bakery/Dessert,fried pies (event vendor),independent,,medium,name,Coffee/Cafe/Bakery/Dessert | independent,Coffee/Cafe/Bakery/Dessert | independent,agreed,
HEALTH2024-00026,NORTH PARK NURSING & REHAB,Institutional,senior living / nursing,unknown,,high,senior living name,Institutional | independent,Institutional | unknown,adjudicated,"chain: A independent, B unknown; unrecognized senior-living/nursing name (often owned by multi-site operators under local names)"
HEALTH2024-00027,ANTHOLOGY OF STONEBRIDGE RANCH,Institutional,senior living / nursing,national_regional,,high,senior living name,Institutional | national_regional,Institutional | national_regional,agreed,
HEALTH2024-00028,DEMPSEY'S MARKETPLACE,Convenience/Gas,"downtown market (hot dogs, burritos, coffee, prepackaged items)",independent,,low,"notes hot dogs, burritos, coffee; later prepackaged items","American (sit-down, bars, venues) | independent",Convenience/Gas | independent,adjudicated,A read name as a bar; notes show a small market
HEALTH2024-00029,51 CLUB BREAKFAST HOUSE,"American (sit-down, bars, venues)",breakfast,independent,,medium,name,"American (sit-down, bars, venues) | independent","American (sit-down, bars, venues) | independent",agreed,
HEALTH2024-00032,DESI DAAWAT,Indian,Indian,independent,,high,name,Indian | independent,Indian | independent,agreed,
HEALTH2024-00033,LUCIDO'S PASTA AND ITALIAN SPECIALTIES,Other non-restaurant,packaged Italian pasta and sauces (farmers market),independent,,medium,comment says frozen/refrigerated product only,Other non-restaurant | independent,Other non-restaurant | independent,agreed,
HEALTH2024-00035,GOLDEN CHICK,Fast Food,fried chicken,national_regional,,high,known chain,Fast Food | national_regional,Fast Food | national_regional,agreed,
HEALTH2024-00042,TUPPS (TAPROOM & KITCHEN),"American (sit-down, bars, venues)",brewery taproom & kitchen,local_multi,,high,name,"American (sit-down, bars, venues) | local_multi","American (sit-down, bars, venues) | local_multi",agreed,
HEALTH2024-00043,TROPICAL SMOOTHIE CAFE,Coffee/Cafe/Bakery/Dessert,smoothies/juice,national_regional,,high,known chain,Coffee/Cafe/Bakery/Dessert | national_regional,Coffee/Cafe/Bakery/Dessert | national_regional,agreed,
HEALTH2024-00044,SUSHI KIOSK,Grocery/Market,sushi counter inside Kroger #567,national_regional,mainstream_supermarket,medium,address is Kroger #567,Grocery/Market | national_regional | mainstream_supermarket,Japanese | unknown,adjudicated,"B coded Japanese; in-store counters follow the agreed convention for supermarket food service (Target cafe, H-E-B BBQ counter, Costco food court); chain = host store"
HEALTH2024-00047,BRAUM'S ICE CREAM #86,Fast Food,burgers / ice cream / dairy store,national_regional,,high,known chain,Fast Food | national_regional,Fast Food | national_regional,agreed,
HEALTH2024-00048,ROCKFISH SEAFOOD GRILL,"American (sit-down, bars, venues)",seafood,local_multi,,high,name; known Texas chain,"American (sit-down, bars, venues) | local_multi","American (sit-down, bars, venues) | national_regional",adjudicated,"chain: A local_multi, B national_regional; DFW seafood chain"
HEALTH2024-00049,SHOP N GO #6,Convenience/Gas,convenience store / gas station,unknown,,medium,name / known chain,Convenience/Gas | independent,Convenience/Gas | unknown,adjudicated,"chain: A independent, B unknown; ""#6"" implies a multi-store operator of unknown size"
HEALTH2024-00050,JACK IN THE BOX,Fast Food,burgers,national_regional,,high,known chain,Fast Food | national_regional,Fast Food | national_regional,agreed,
HEALTH2024-00051,WINCO FOOD - PRODUCE,Grocery/Market,WinCo - produce,national_regional,mainstream_supermarket,high,known chain,Grocery/Market | national_regional | mainstream_supermarket,Grocery/Market | national_regional | mainstream_supermarket,agreed,
HEALTH2024-00052,WINCO FOODS - GROCERY,Grocery/Market,WinCo - grocery,national_regional,mainstream_supermarket,high,known chain,Grocery/Market | national_regional | mainstream_supermarket,Grocery/Market | national_regional | mainstream_supermarket,agreed,
HEALTH2024-00053,WINCO FOODS - DELI,Grocery/Market,WinCo - deli,national_regional,mainstream_supermarket,high,known chain,Grocery/Market | national_regional | mainstream_supermarket,Grocery/Market | national_regional | mainstream_supermarket,agreed,
HEALTH2024-00054,WINCO FOODS - MEAT,Grocery/Market,WinCo - meat,national_regional,mainstream_supermarket,high,known chain,Grocery/Market | national_regional | mainstream_supermarket,Grocery/Market | national_regional | mainstream_supermarket,agreed,
HEALTH2024-00055,WINCO FOODS - BAKERY,Grocery/Market,WinCo - bakery,national_regional,mainstream_supermarket,high,known chain,Grocery/Market | national_regional | mainstream_supermarket,Grocery/Market | national_regional | mainstream_supermarket,agreed,
HEALTH2024-00056,ELWOOD BFD,"American (sit-down, bars, venues)",bar and kitchen,independent,,low,name; entertainment venue address; comments mention queso,"American (sit-down, bars, venues) | independent","American (sit-down, bars, venues) | independent",agreed,
HEALTH2024-00057,NEKTER JUICE BAR,Coffee/Cafe/Bakery/Dessert,smoothies/juice,national_regional,,high,known chain,Coffee/Cafe/Bakery/Dessert | national_regional,Coffee/Cafe/Bakery/Dessert | national_regional,agreed,
HEALTH2024-00058,"MOOYAH BURGERS, FRIES & SHAKES",Fast Food,burgers,national_regional,,high,known chain,Fast Food | national_regional,Fast Food | national_regional,agreed,
HEALTH2024-00059,CHICAGO'S PIZZA TWIST,Pizza/Italian,Indian-style pizza,national_regional,,medium,known chain,Pizza/Italian | national_regional,Pizza/Italian | national_regional,agreed,
HEALTH2024-00061,LA REAL MICHOACANA 3,Coffee/Cafe/Bakery/Dessert,"paleteria (ice cream, elotes)",local_multi,,low,name (Michoacana paleteria); comments mention corn,Coffee/Cafe/Bakery/Dessert | local_multi,Coffee/Cafe/Bakery/Dessert | unknown,adjudicated,"chain: A local_multi, B unknown; store ""#3"" of a small paleteria group"
HEALTH2024-00063,INDIA METRO HYPERMARKET - KITCHEN,Grocery/Market,Indian grocery,local_multi,independent_specialty,medium,name,Grocery/Market | local_multi | independent_specialty,Grocery/Market | local_multi | independent_specialty,agreed,
HEALTH2024-00064,ZAZA THAI,Thai,Thai,independent,,high,name,Thai | independent,Thai | independent,agreed,
HEALTH2024-00065,WAFFLE HOUSE,"American (sit-down, bars, venues)",breakfast diner,national_regional,,high,known chain,"American (sit-down, bars, venues) | national_regional","American (sit-down, bars, venues) | national_regional",agreed,
HEALTH2024-00066,SWIG,Coffee/Cafe/Bakery/Dessert,soda/drinks,national_regional,,high,known chain,Coffee/Cafe/Bakery/Dessert | national_regional,Coffee/Cafe/Bakery/Dessert | national_regional,agreed,
HEALTH2024-00067,1 STOP,Convenience/Gas,convenience store / gas station,independent,,medium,name / known chain,Convenience/Gas | independent,Convenience/Gas | unknown,adjudicated,"chain: A independent, B unknown; unrecognized single-store convenience name"
HEALTH2024-00069,JACK IN THE BOX #4797,Fast Food,burgers,national_regional,,high,known chain,Fast Food | national_regional,Fast Food | national_regional,agreed,
HEALTH2024-00070,DELANEY'S IRISH PUB & SCRATCH KITCHEN,"American (sit-down, bars, venues)",Irish pub,independent,,high,name,"American (sit-down, bars, venues) | independent","American (sit-down, bars, venues) | independent",agreed,
HEALTH2024-00071,BENNY'S CAFE,"American (sit-down, bars, venues)",breakfast/lunch cafe,independent,,medium,"comments mention batter, chocolate chips, gravy","American (sit-down, bars, venues) | independent","American (sit-down, bars, venues) | independent",agreed,
HEALTH2024-00076,RED HOT INDO-CHINESE & INDIAN KITCHEN,Indian,Indo-Chinese,independent,,high,name,Indian | independent,Indian | independent,agreed,
HEALTH2024-00077,SHELBY'S PIZZA,Pizza/Italian,pizza,independent,,high,name,Pizza/Italian | independent,Pizza/Italian | independent,agreed,
HEALTH2024-00078,DONUT STATION,Coffee/Cafe/Bakery/Dessert,donuts/bagels,independent,,high,name,Coffee/Cafe/Bakery/Dessert | independent,Coffee/Cafe/Bakery/Dessert | independent,agreed,
HEALTH2024-00079,TASTE OF INDIA,Indian,Indian,independent,,high,name,Indian | independent,Indian | independent,agreed,
HEALTH2024-00080,SWIG,Coffee/Cafe/Bakery/Dessert,soda/drinks,national_regional,,high,known chain,Coffee/Cafe/Bakery/Dessert | national_regional,Coffee/Cafe/Bakery/Dessert | national_regional,agreed,
HEALTH2024-00081,MR TAKO,Mexican/Tex-Mex/Latin,Mexican,independent,,medium,"comments mention beans, rice",Mexican/Tex-Mex/Latin | independent,Mexican/Tex-Mex/Latin | independent,agreed,
HEALTH2024-00082,ZEN HIBACHI,Japanese,hibachi,independent,,high,name,Japanese | independent,Japanese | independent,agreed,
HEALTH2024-00084,A & D BUFFALO,"American (sit-down, bars, venues)",wings,independent,,medium,name (Buffalo),"American (sit-down, bars, venues) | independent","American (sit-down, bars, venues) | independent",agreed,
HEALTH2024-00085,MO'BETTAHS HAWAIIAN STYLE FOOD,Other cuisine,Hawaiian,national_regional,,high,known chain,Other cuisine | national_regional,Other cuisine | national_regional,agreed,
HEALTH2024-00086,PICKLEMAN'S GOURMET CAFE,Deli/Sandwich/Salad,sandwiches,national_regional,,high,known chain,Deli/Sandwich/Salad | national_regional,Deli/Sandwich/Salad | national_regional,agreed,
HEALTH2024-00087,KFC #J625030 / TACO BELL,Fast Food,fried chicken / Taco Bell combo,national_regional,,high,known chain,Fast Food | national_regional,Fast Food | national_regional,agreed,
HEALTH2024-00091,WHITE RHINO COFFEE,Coffee/Cafe/Bakery/Dessert,coffee,national_regional,,high,known chain,Coffee/Cafe/Bakery/Dessert | national_regional,Coffee/Cafe/Bakery/Dessert | national_regional,agreed,
HEALTH2024-00093,DEL SUR TACOS,Mexican/Tex-Mex/Latin,tacos,independent,,high,name,Mexican/Tex-Mex/Latin | independent,Mexican/Tex-Mex/Latin | independent,agreed,
HEALTH2024-00096,MELODIC BAKE SHOP,Coffee/Cafe/Bakery/Dessert,bakery,independent,,medium,name,Coffee/Cafe/Bakery/Dessert | independent,Coffee/Cafe/Bakery/Dessert | independent,agreed,
HEALTH2024-00097,C2K2 SUGAR RUSH,Coffee/Cafe/Bakery/Dessert,kolaches/sweets,independent,,medium,name; comments mention kolaches,Coffee/Cafe/Bakery/Dessert | independent,Coffee/Cafe/Bakery/Dessert | independent,agreed,
HEALTH2024-00098,MAYA ICE CREAM ROLLS,Coffee/Cafe/Bakery/Dessert,rolled ice cream,independent,,high,name,Coffee/Cafe/Bakery/Dessert | independent,Coffee/Cafe/Bakery/Dessert | independent,agreed,
HEALTH2024-00099,RACETRAC #157,Convenience/Gas,convenience store / gas station,national_regional,,high,name / known chain,Convenience/Gas | national_regional,Convenience/Gas | national_regional,agreed,
HEALTH2024-00100,AMERICAN LEGION POST 96,"American (sit-down, bars, venues)",veterans club bar,independent,,medium,name (American Legion post),"American (sit-down, bars, venues) | independent","American (sit-down, bars, venues) | independent",agreed,
HEALTH2024-00102,THE SAMARITAN INN,Institutional,nonprofit social services,independent,,high,name,Institutional | independent,Institutional | independent,agreed,
HEALTH2024-00103,CRISTINA'S FINE MEXICAN RESTAURANT,Mexican/Tex-Mex/Latin,Mexican,local_multi,,high,name,Mexican/Tex-Mex/Latin | independent,Mexican/Tex-Mex/Latin | national_regional,adjudicated,"chain: A independent, B national_regional; DFW-only Mexican chain (agreed convention: DFW-only chains are local_multi)"
HEALTH2024-00104,VALERIES TACO SHOP,Mexican/Tex-Mex/Latin,tacos,local_multi,,high,name,Mexican/Tex-Mex/Latin | local_multi,Mexican/Tex-Mex/Latin | local_multi,agreed,
HEALTH2024-00105,DICKEY'S BARBEQUE,"American (sit-down, bars, venues)",BBQ,national_regional,,high,known chain,"American (sit-down, bars, venues) | national_regional","American (sit-down, bars, venues) | national_regional",agreed,
HEALTH2024-00106,STARBUCKS COFFEE #6258,Coffee/Cafe/Bakery/Dessert,coffee,national_regional,,high,known chain,Coffee/Cafe/Bakery/Dessert | national_regional,Coffee/Cafe/Bakery/Dessert | national_regional,agreed,
HEALTH2024-00107,STARBUCKS COFFEE #58513,Coffee/Cafe/Bakery/Dessert,coffee,national_regional,,high,known chain,Coffee/Cafe/Bakery/Dessert | national_regional,Coffee/Cafe/Bakery/Dessert | national_regional,agreed,
HEALTH2024-00108,SUBWAY-CIRCLE K #2741198,Deli/Sandwich/Salad,sub sandwiches,national_regional,,high,known chain,Deli/Sandwich/Salad | national_regional,Deli/Sandwich/Salad | national_regional,agreed,
HEALTH2024-00112,SUBWAY SANDWICHES,Deli/Sandwich/Salad,sub sandwiches,national_regional,,high,known chain,Deli/Sandwich/Salad | national_regional,Deli/Sandwich/Salad | national_regional,agreed,
HEALTH2024-00113,HELLO BOBA,Coffee/Cafe/Bakery/Dessert,boba tea,independent,,low,name,Coffee/Cafe/Bakery/Dessert | local_multi,Coffee/Cafe/Bakery/Dessert | independent,adjudicated,"chain: A local_multi, B independent; name not recognized as a chain"
HEALTH2024-00116,THE ACADEMY AT CRAIG RANCH,Institutional,school/daycare,independent,,high,school/daycare name,Institutional | independent,Institutional | unknown,adjudicated,"chain: A independent, B unknown; unrecognized single-site school/daycare name"
HEALTH2024-00119,SANTORINI GREEK GRILL,Mediterranean/Middle Eastern,Greek,independent,,high,name,Mediterranean/Middle Eastern | independent,Mediterranean/Middle Eastern | independent,agreed,
HEALTH2024-00120,A ROMA ITALIAN KITCHEN,Pizza/Italian,Italian,independent,,high,name; comments mention meatballs,Pizza/Italian | independent,Pizza/Italian | independent,agreed,
HEALTH2024-00123,SHOAGIES,Deli/Sandwich/Salad,hoagies,independent,,low,name,Deli/Sandwich/Salad | independent,Deli/Sandwich/Salad | independent,agreed,
HEALTH2024-00124,STARBUCKS,Grocery/Market,Starbucks/coffee counter inside Kroger #565,national_regional,mainstream_supermarket,medium,address is Kroger #565,Grocery/Market | national_regional | mainstream_supermarket,Coffee/Cafe/Bakery/Dessert | national_regional,adjudicated,"B coded Coffee/Cafe/Bakery/Dessert; in-store counters follow the agreed convention for supermarket food service (Target cafe, H-E-B BBQ counter, Costco food court); chain = host store"
HEALTH2024-00125,KORGER #565 - MEAT / SEAFOOD,Grocery/Market,Kroger - meat,national_regional,mainstream_supermarket,high,known chain,Grocery/Market | national_regional | mainstream_supermarket,Grocery/Market | national_regional | mainstream_supermarket,agreed,
HEALTH2024-00126,KROGER #565 PRODUCE,Grocery/Market,Kroger - produce,national_regional,mainstream_supermarket,high,known chain,Grocery/Market | national_regional | mainstream_supermarket,Grocery/Market | national_regional | mainstream_supermarket,agreed,
HEALTH2024-00127,KROGER #565 BAKERY,Grocery/Market,Kroger - bakery,national_regional,mainstream_supermarket,high,known chain,Grocery/Market | national_regional | mainstream_supermarket,Grocery/Market | national_regional | mainstream_supermarket,agreed,
HEALTH2024-00128,KROGER #565 GROCERY,Grocery/Market,Kroger - grocery,national_regional,mainstream_supermarket,high,known chain,Grocery/Market | national_regional | mainstream_supermarket,Grocery/Market | national_regional | mainstream_supermarket,agreed,
HEALTH2024-00129,KROGER #565 DELI,Grocery/Market,Kroger - deli,national_regional,mainstream_supermarket,high,known chain,Grocery/Market | national_regional | mainstream_supermarket,Grocery/Market | national_regional | mainstream_supermarket,agreed,
HEALTH2024-00133,GROW ACADEMY,Institutional,school/daycare,independent,,high,school/daycare name,Institutional | independent,Institutional | unknown,adjudicated,"chain: A independent, B unknown; unrecognized single-site school/daycare name"
HEALTH2024-00134,WHATABURGER #1115,Fast Food,burgers,national_regional,,high,known chain,Fast Food | national_regional,Fast Food | national_regional,agreed,
HEALTH2024-00136,DONUT WORLD,Coffee/Cafe/Bakery/Dessert,donuts/bagels,independent,,high,name,Coffee/Cafe/Bakery/Dessert | independent,Coffee/Cafe/Bakery/Dessert | independent,agreed,
HEALTH2024-00137,ANOINTED SENIOR LIVING,Institutional,senior living / nursing,unknown,,high,senior living name,Institutional | independent,Institutional | unknown,adjudicated,"chain: A independent, B unknown; unrecognized senior-living/nursing name (often owned by multi-site operators under local names)"
HEALTH2024-00138,URBAN GRILL AND WINE BAR MCKINNEY,"American (sit-down, bars, venues)",grill and wine bar,independent,,medium,name,"American (sit-down, bars, venues) | independent","American (sit-down, bars, venues) | independent",agreed,
HEALTH2024-00139,HUB 121 CRAIG RANCH,"American (sit-down, bars, venues)",outdoor bar/event venue,independent,,medium,known venue,"American (sit-down, bars, venues) | independent","American (sit-down, bars, venues) | independent",agreed,
HEALTH2024-00140,AVALON MEMORY CARE,Institutional,senior living / nursing,local_multi,,low,senior living name,Institutional | local_multi,Institutional | national_regional,adjudicated,"chain: A local_multi, B national_regional; DFW memory-care brand"
HEALTH2024-00141,VALARIE'S TACO SHOP,Mexican/Tex-Mex/Latin,tacos,local_multi,,high,name,Mexican/Tex-Mex/Latin | local_multi,Mexican/Tex-Mex/Latin | local_multi,agreed,
HEALTH2024-00143,LEARNING TREE MONTESSORI,Institutional,school/daycare,independent,,high,school/daycare name,Institutional | independent,Institutional | unknown,adjudicated,"chain: A independent, B unknown; unrecognized single-site school/daycare name"
HEALTH2024-00145,SCOTTY P'S HAMBURGERS,"American (sit-down, bars, venues)",burgers,local_multi,,medium,name; known DFW burger chain,"American (sit-down, bars, venues) | local_multi","American (sit-down, bars, venues) | local_multi",agreed,
HEALTH2024-00146,SONIC DRIVE IN #3834,Fast Food,burgers/drive-in,national_regional,,high,known chain,Fast Food | national_regional,Fast Food | national_regional,agreed,
HEALTH2024-00149,EINSTEIN BROS BAGELS,Coffee/Cafe/Bakery/Dessert,bagels,national_regional,,high,known chain,Coffee/Cafe/Bakery/Dessert | national_regional,Coffee/Cafe/Bakery/Dessert | national_regional,agreed,
HEALTH2024-00150,JUNGLE BURGER,"American (sit-down, bars, venues)",burgers,independent,,medium,name,"American (sit-down, bars, venues) | independent","American (sit-down, bars, venues) | independent",agreed,
HEALTH2024-00152,INREACH - WATSON & CHALIN,Other non-restaurant,vending/micro market,unknown,,low,operator name suggests workplace vending,Other non-restaurant | unknown,Other non-restaurant | independent,adjudicated,"chain: A unknown, B independent; micro market/break room named for the employer; operator not named (agreed rule: operator named -> its chain status, else unknown)"
HEALTH2024-00157,BURGER KING # 6460,Fast Food,burgers,national_regional,,high,known chain,Fast Food | national_regional,Fast Food | national_regional,agreed,
HEALTH2024-00160,PRIDE BURGER,"American (sit-down, bars, venues)",burgers,independent,,medium,name,"American (sit-down, bars, venues) | independent","American (sit-down, bars, venues) | independent",agreed,
HEALTH2024-00161,FIVE GUYS BURGERS AND FRIES,Fast Food,burgers,national_regional,,high,known chain,Fast Food | national_regional,Fast Food | national_regional,agreed,
HEALTH2024-00162,SHEESH KITCHEN,Mediterranean/Middle Eastern,Middle Eastern (likely shish kebab),independent,,low,name (sheesh),Unknown | independent,Mediterranean/Middle Eastern | independent,adjudicated,no dish names in notes
HEALTH2024-00163,CHICKEN SALAD CHICK,Deli/Sandwich/Salad,chicken salad,national_regional,,high,known chain,Deli/Sandwich/Salad | national_regional,Deli/Sandwich/Salad | national_regional,agreed,
HEALTH2024-00164,DADDY'S TACOS,Mexican/Tex-Mex/Latin,tacos,independent,,high,name,Mexican/Tex-Mex/Latin | independent,Mexican/Tex-Mex/Latin | independent,agreed,
HEALTH2024-00166,THE AMAZING DIP COMPANY,Other non-restaurant,dip mixes (cottage food vendor),independent,,medium,name; comment says cottage food vendor,Other non-restaurant | independent,Other non-restaurant | independent,agreed,
HEALTH2024-00168,Lockwood Distilling Company Restaurant & Distillery Food and Drinks Retail,"American (sit-down, bars, venues)",distillery restaurant,local_multi,,high,name,"American (sit-down, bars, venues) | local_multi","American (sit-down, bars, venues) | local_multi",agreed,
HEALTH2024-00170,THE BRASS TAP,"American (sit-down, bars, venues)",craft beer bar,national_regional,,high,known chain,"American (sit-down, bars, venues) | national_regional","American (sit-down, bars, venues) | national_regional",agreed,
HEALTH2024-00171,LEAN KITCHEN,Hotel/Caterer/Commissary,healthy meal-prep kitchen,local_multi,,medium,name; related vending permits; comments mention quinoa,Hotel/Caterer/Commissary | local_multi,Hotel/Caterer/Commissary | local_multi,agreed,
HEALTH2024-00173,DAVES HOT CHICKEN,Fast Food,hot chicken,national_regional,,high,known chain,Fast Food | national_regional,Fast Food | national_regional,agreed,
HEALTH2024-00174,Dunkin’ donut,Coffee/Cafe/Bakery/Dessert,donuts/coffee,national_regional,,high,known chain,Coffee/Cafe/Bakery/Dessert | national_regional,Coffee/Cafe/Bakery/Dessert | national_regional,agreed,
HEALTH2024-00175,B&B CAFE,"American (sit-down, bars, venues)",breakfast/lunch cafe,independent,,medium,"name; comments mention ham, cheese","American (sit-down, bars, venues) | independent","American (sit-down, bars, venues) | independent",agreed,
HEALTH2024-00179,Happy Flower Montessori McKinney,Institutional,school/daycare,independent,,high,school/daycare name,Institutional | independent,Institutional | unknown,adjudicated,"chain: A independent, B unknown; unrecognized single-site school/daycare name"
HEALTH2024-00180,Bagel Cafe,Coffee/Cafe/Bakery/Dessert,donuts/bagels,independent,,high,name,Coffee/Cafe/Bakery/Dessert | independent,Coffee/Cafe/Bakery/Dessert | independent,agreed,
HEALTH2024-00184,MR JIM'S PIZZA,Pizza/Italian,pizza,national_regional,,high,known chain,Pizza/Italian | national_regional,Pizza/Italian | national_regional,agreed,
HEALTH2024-00185,CHESTNUT SQUARE ACADEMY,Institutional,school/daycare,independent,,high,school/daycare name,Institutional | independent,Institutional | unknown,adjudicated,"chain: A independent, B unknown; unrecognized single-site school/daycare name"
HEALTH2024-00187,DONUT HOUSE,Coffee/Cafe/Bakery/Dessert,donuts/bagels,independent,,high,name,Coffee/Cafe/Bakery/Dessert | independent,Coffee/Cafe/Bakery/Dessert | independent,agreed,
HEALTH2024-00188,SHIPLEY DONUT,Coffee/Cafe/Bakery/Dessert,donuts,national_regional,,high,known chain,Coffee/Cafe/Bakery/Dessert | national_regional,Coffee/Cafe/Bakery/Dessert | national_regional,agreed,
HEALTH2024-00189,SUBWAY,Deli/Sandwich/Salad,sub sandwiches,national_regional,,high,known chain,Deli/Sandwich/Salad | national_regional,Deli/Sandwich/Salad | national_regional,agreed,
HEALTH2024-00190,F&F JAPANESE GRILL,Japanese,Japanese grill,independent,,medium,"name; comments mention tofu, noodles, rice",Japanese | independent,Japanese | independent,agreed,
HEALTH2024-00191,TACO CABANA #240,Fast Food,Tex-Mex fast food,national_regional,,high,known chain,Fast Food | national_regional,Fast Food | national_regional,agreed,
HEALTH2024-00192,TACO BELL #30590,Fast Food,Taco Bell,national_regional,,high,known chain,Fast Food | national_regional,Fast Food | national_regional,agreed,
HEALTH2024-00193,YUMMI SUSHI @ KROGER #565,Grocery/Market,sushi counter inside Kroger #565,national_regional,mainstream_supermarket,medium,address is Kroger #565; name says inside/at store,Grocery/Market | national_regional | mainstream_supermarket,Japanese | unknown,adjudicated,"B coded Japanese; in-store counters follow the agreed convention for supermarket food service (Target cafe, H-E-B BBQ counter, Costco food court); chain = host store"
HEALTH2024-00197,GUIDEPOST MONTESSORI AT ELDORADO,Institutional,school/daycare,national_regional,,high,school/daycare name,Institutional | national_regional,Institutional | national_regional,agreed,
HEALTH2024-00198,THE RANCH COUNTRY CLUB POOL SNACK BAR,Venue/Concession,country club pool snack bar,independent,,high,name,Venue/Concession | independent,Venue/Concession | independent,agreed,
HEALTH2024-00199,THE RANCH COUNTRY CLUB,"American (sit-down, bars, venues)",country club,independent,,high,name,"American (sit-down, bars, venues) | independent","American (sit-down, bars, venues) | independent",agreed,
HEALTH2024-00200,SUGAR ICE CREAM AND WAFFLE,Coffee/Cafe/Bakery/Dessert,ice cream and waffles,independent,,high,name,Coffee/Cafe/Bakery/Dessert | independent,Coffee/Cafe/Bakery/Dessert | independent,agreed,
HEALTH2024-00206,DOLLAR GENERAL STORE #10421,Convenience/Gas,dollar/discount store,national_regional,,high,known chain,Convenience/Gas | national_regional,Convenience/Gas | national_regional,agreed,
HEALTH2024-00208,ABBOTT' FROZEN CUSTARD,Coffee/Cafe/Bakery/Dessert,frozen custard,national_regional,,high,known chain,Coffee/Cafe/Bakery/Dessert | national_regional,Coffee/Cafe/Bakery/Dessert | national_regional,agreed,
HEALTH2024-00209,PIONEER RIDGE,Institutional,senior living / nursing,unknown,,high,senior living name,Institutional | independent,Institutional | unknown,adjudicated,"chain: A independent, B unknown; unrecognized senior-living/nursing name (often owned by multi-site operators under local names)"
HEALTH2024-00210,JAKES GAMEDAY,"American (sit-down, bars, venues)",sports bar,independent,,medium,name (GameDay),"American (sit-down, bars, venues) | independent","American (sit-down, bars, venues) | independent",agreed,
HEALTH2024-00211,GRAND BROOK MEMORY CARE,Institutional,senior living / nursing,local_multi,,low,senior living name,Institutional | local_multi,Institutional | national_regional,adjudicated,"chain: A local_multi, B national_regional; DFW memory-care brand"
HEALTH2024-00212,STONEBRIDGE COUNTRY CLUB,"American (sit-down, bars, venues)",country club,independent,,high,name,"American (sit-down, bars, venues) | independent","American (sit-down, bars, venues) | independent",agreed,
HEALTH2024-00213,STONEBRIDGE COUNTRY CLUB SNACK BAR POOL,Venue/Concession,country club pool snack bar,independent,,high,name,Venue/Concession | independent,Venue/Concession | independent,agreed,
HEALTH2024-00214,7-ELEVEN #33688A,Convenience/Gas,convenience store / gas station,national_regional,,high,name / known chain,Convenience/Gas | national_regional,Convenience/Gas | national_regional,agreed,
HEALTH2024-00215,7-ELEVEN #33118B,Convenience/Gas,convenience store / gas station,national_regional,,high,name / known chain,Convenience/Gas | national_regional,Convenience/Gas | national_regional,agreed,
HEALTH2024-00216,KFC #J625230,Fast Food,fried chicken,national_regional,,high,known chain,Fast Food | national_regional,Fast Food | national_regional,agreed,
HEALTH2024-00217,NINE TEEN DEGREES SPORTS BAR & GRILL,"American (sit-down, bars, venues)",sports bar,independent,,high,name,"American (sit-down, bars, venues) | independent","American (sit-down, bars, venues) | independent",agreed,
HEALTH2024-00218,Rice and Noodle,Asian (unspecified),rice and noodle dishes,independent,,low,name only,Asian (unspecified) | independent,Asian (unspecified) | independent,agreed,
HEALTH2024-00221,Chick-fil-A,Fast Food,fried chicken,national_regional,,high,known chain,Fast Food | national_regional,Fast Food | national_regional,agreed,
HEALTH2024-00227,PIADA ITALIAN STREET FOOD,Pizza/Italian,Italian,national_regional,,high,known chain,Pizza/Italian | national_regional,Pizza/Italian | national_regional,agreed,
HEALTH2024-00230,WHICH WICH,Deli/Sandwich/Salad,sub sandwiches,national_regional,,high,known chain,Deli/Sandwich/Salad | national_regional,Deli/Sandwich/Salad | national_regional,agreed,
HEALTH2024-00232,Sugar Land Bakery,Coffee/Cafe/Bakery/Dessert,bakery (kolaches),independent,,high,name; comments mention sausage,Coffee/Cafe/Bakery/Dessert | independent,Coffee/Cafe/Bakery/Dessert | independent,agreed,
HEALTH2024-00233,R&B Tea,Coffee/Cafe/Bakery/Dessert,boba tea,national_regional,,high,name; comments mention boba,Coffee/Cafe/Bakery/Dessert | independent,Coffee/Cafe/Bakery/Dessert | national_regional,adjudicated,"chain: A independent, B national_regional; national boba chain"
HEALTH2024-00237,THE MCKINNEY FIRST BAPTIST CHURCH,Institutional,church,independent,,medium,church name,Institutional | independent,Institutional | independent,agreed,
HEALTH2024-00238,MARKET STREET #561 - BAKERY,Grocery/Market,Market Street - bakery,national_regional,mainstream_supermarket,high,known chain,Grocery/Market | national_regional | mainstream_supermarket,Grocery/Market | national_regional | mainstream_supermarket,agreed,
HEALTH2024-00239,MARKET STREET #561 - GROCERY,Grocery/Market,Market Street - grocery,national_regional,mainstream_supermarket,high,known chain,Grocery/Market | national_regional | mainstream_supermarket,Grocery/Market | national_regional | mainstream_supermarket,agreed,
HEALTH2024-00240,MARKET STREET #561 - DELI,Grocery/Market,Market Street - deli,national_regional,mainstream_supermarket,high,known chain,Grocery/Market | national_regional | mainstream_supermarket,Grocery/Market | national_regional | mainstream_supermarket,agreed,
HEALTH2024-00241,MARKET STREET #561 - SEAFOOD,Grocery/Market,Market Street - seafood,national_regional,mainstream_supermarket,high,known chain,Grocery/Market | national_regional | mainstream_supermarket,Grocery/Market | national_regional | mainstream_supermarket,agreed,
HEALTH2024-00242,BASKIN ROBBINS,Coffee/Cafe/Bakery/Dessert,ice cream,national_regional,,high,known chain,Coffee/Cafe/Bakery/Dessert | national_regional,Coffee/Cafe/Bakery/Dessert | national_regional,agreed,
HEALTH2024-00243,T.C. SHAVED ICE,Coffee/Cafe/Bakery/Dessert,shaved ice,independent,,high,name,Coffee/Cafe/Bakery/Dessert | independent,Coffee/Cafe/Bakery/Dessert | independent,agreed,
HEALTH2024-00262,GLOBE LIFE,Other non-restaurant,micro market (employer),unknown,,medium,comment refers to two markets on site,Other non-restaurant | unknown,Other non-restaurant | independent,adjudicated,"chain: A unknown, B independent; micro market/break room named for the employer; operator not named (agreed rule: operator named -> its chain status, else unknown)"
HEALTH2024-00263,ITALIAN GARDEN,Pizza/Italian,Italian,independent,,high,name,Pizza/Italian | independent,Pizza/Italian | independent,agreed,
HEALTH2024-00271,CIRCLE K #2741198,Convenience/Gas,convenience store / gas station,national_regional,,high,name / known chain,Convenience/Gas | national_regional,Convenience/Gas | national_regional,agreed,
HEALTH2024-00274,Ave C Self-Service Market,Other non-restaurant,micro market / vending,unknown,,high,name says micro market/vending,Other non-restaurant | national_regional,Other non-restaurant | unknown,adjudicated,"chain: A national_regional, B unknown; micro market brand not recognized"
HEALTH2024-00275,Ave C Self-Service Market,Other non-restaurant,micro market / vending,unknown,,high,name says micro market/vending,Other non-restaurant | national_regional,Other non-restaurant | unknown,adjudicated,"chain: A national_regional, B unknown; micro market brand not recognized"
HEALTH2024-00276,Ave C Self-Service Market,Other non-restaurant,micro market / vending,unknown,,high,name says micro market/vending,Other non-restaurant | national_regional,Other non-restaurant | unknown,adjudicated,"chain: A national_regional, B unknown; micro market brand not recognized"
HEALTH2024-00277,Ave C Self-Service Market,Other non-restaurant,micro market / vending,unknown,,high,name says micro market/vending,Other non-restaurant | national_regional,Other non-restaurant | unknown,adjudicated,"chain: A national_regional, B unknown; micro market brand not recognized"
HEALTH2024-00280,11/17,"American (sit-down, bars, venues)",bar & grill (comfort food),independent,,medium,"notes burgers, meatloaf, gravy, corn dogs, beer walk-in",Unknown | unknown,"American (sit-down, bars, venues) | independent",adjudicated,
HEALTH2024-00285,MCKINNEY PIZZA TARVERN,Pizza/Italian,pizza tavern,independent,,high,name,Pizza/Italian | independent,Pizza/Italian | independent,agreed,
HEALTH2024-00290,COLLIN SPRINGS,Institutional,residential care kitchen (hot box and cart meal service),unknown,,low,"notes hot box, meals on carts, tilapia, ham",Unknown | unknown,Institutional | unknown,adjudicated,
HEALTH2024-00292,BAD ASS COFFEE,Coffee/Cafe/Bakery/Dessert,coffee,national_regional,,high,known chain,Coffee/Cafe/Bakery/Dessert | national_regional,Coffee/Cafe/Bakery/Dessert | national_regional,agreed,
HEALTH2024-00294,BOBA CITY,Coffee/Cafe/Bakery/Dessert,boba tea,independent,,high,name,Coffee/Cafe/Bakery/Dessert | independent,Coffee/Cafe/Bakery/Dessert | independent,agreed,
HEALTH2024-00295,CVS PHARMACY #5952,Convenience/Gas,pharmacy,national_regional,,high,known chain,Convenience/Gas | national_regional,Convenience/Gas | national_regional,agreed,
HEALTH2024-00296,DONUT TOWN,Coffee/Cafe/Bakery/Dessert,donuts/bagels,independent,,high,name,Coffee/Cafe/Bakery/Dessert | independent,Coffee/Cafe/Bakery/Dessert | independent,agreed,
HEALTH2024-00297,STONEBRIDGE DINER,"American (sit-down, bars, venues)",diner,independent,,medium,name,"American (sit-down, bars, venues) | independent","American (sit-down, bars, venues) | independent",agreed,
HEALTH2024-00298,ARISTIDE|MCKINNEY,"American (sit-down, bars, venues)",event venue,local_multi,,medium,known event venue,"American (sit-down, bars, venues) | local_multi","American (sit-down, bars, venues) | independent",adjudicated,"chain: A local_multi, B independent; event venue brand with a few DFW locations"
HEALTH2024-00300,TACOS LOS CHANOS,Mexican/Tex-Mex/Latin,tacos,independent,,high,name,Mexican/Tex-Mex/Latin | independent,Mexican/Tex-Mex/Latin | independent,agreed,
HEALTH2024-00301,SQUARE BURGER,"American (sit-down, bars, venues)",burgers,independent,,medium,name,"American (sit-down, bars, venues) | independent","American (sit-down, bars, venues) | independent",agreed,
HEALTH2024-00302,PETRA MEXICAN BISTRO,Mexican/Tex-Mex/Latin,Mexican,independent,,low,name,Mexican/Tex-Mex/Latin | local_multi,Mexican/Tex-Mex/Latin | independent,adjudicated,"chain: A local_multi, B independent; two addresses do not overlap in time (a move, not a second store)"
HEALTH2024-00303,Donut Box,Coffee/Cafe/Bakery/Dessert,donuts/bagels,local_multi,,high,name,Coffee/Cafe/Bakery/Dessert | local_multi,Coffee/Cafe/Bakery/Dessert | local_multi,agreed,
HEALTH2024-00307,TORCHY'S TACOS,Mexican/Tex-Mex/Latin,tacos (Tex-Mex),national_regional,,high,known chain,Mexican/Tex-Mex/Latin | national_regional,Mexican/Tex-Mex/Latin | national_regional,agreed,
HEALTH2024-00308,HIDDEN SPRINGS,Institutional,senior living / nursing,unknown,,high,senior living name,Institutional | independent,Institutional | unknown,adjudicated,"chain: A independent, B unknown; unrecognized senior-living/nursing name (often owned by multi-site operators under local names)"
HEALTH2024-00309,SWEET CAROLINE'S GELATO,Coffee/Cafe/Bakery/Dessert,gelato,independent,,high,name,Coffee/Cafe/Bakery/Dessert | independent,Coffee/Cafe/Bakery/Dessert | independent,agreed,
HEALTH2024-00321,LATINOS CONCESSIONS,Mexican/Tex-Mex/Latin,Latin food concession,independent,,medium,name; comments mention beans,Mexican/Tex-Mex/Latin | independent,Mexican/Tex-Mex/Latin | independent,agreed,
HEALTH2024-00326,ECONO LODGE INN AND SUITES,Hotel/Caterer/Commissary,hotel,national_regional,,high,hotel name,Hotel/Caterer/Commissary | national_regional,Hotel/Caterer/Commissary | national_regional,agreed,
HEALTH2024-00327,SONNY DONUTS,Coffee/Cafe/Bakery/Dessert,donuts/bagels,independent,,high,name,Coffee/Cafe/Bakery/Dessert | independent,Coffee/Cafe/Bakery/Dessert | independent,agreed,
HEALTH2024-00329,VILLAGE ON THE PARK STONEBRIDGE RANCH,Institutional,senior living / nursing,local_multi,,low,senior living name,Institutional | local_multi,Institutional | national_regional,adjudicated,"chain: A local_multi, B national_regional; senior-living brand with two McKinney communities in the data (took over HarborChase and Anthology sites in 2024)"
HEALTH2024-00333,THE GYRO SHOP,Mediterranean/Middle Eastern,gyros,independent,,high,name,Mediterranean/Middle Eastern | independent,Mediterranean/Middle Eastern | independent,agreed,
HEALTH2024-00350,CAVA,Mediterranean/Middle Eastern,Mediterranean fast casual,national_regional,,high,known chain,Mediterranean/Middle Eastern | national_regional,Mediterranean/Middle Eastern | national_regional,agreed,
HEALTH2024-00372,SCOOTER'S COFFEEHOUSE,Coffee/Cafe/Bakery/Dessert,coffee,national_regional,,high,known chain,Coffee/Cafe/Bakery/Dessert | national_regional,Coffee/Cafe/Bakery/Dessert | national_regional,agreed,
HEALTH2024-00378,Farmer's Fridge,Other non-restaurant,micro market / vending,national_regional,,high,name says micro market/vending,Other non-restaurant | national_regional,Other non-restaurant | national_regional,agreed,
HEALTH2024-00382,SUSHI BOX,Japanese,sushi,independent,,medium,name,Japanese | independent,Japanese | independent,agreed,
HEALTH2024-00384,JASON'S DELI,Deli/Sandwich/Salad,"deli sandwiches, salads",national_regional,,high,known chain,Deli/Sandwich/Salad | national_regional,Deli/Sandwich/Salad | national_regional,agreed,
HEALTH2024-00386,HONEST RESTAURANT,Indian,Indian vegetarian street food,national_regional,,high,"known chain; comments mention tofu, cauliflower",Indian | national_regional,Indian | national_regional,agreed,
HEALTH2024-00388,JERSEY MIKE'S,Deli/Sandwich/Salad,sub sandwiches,national_regional,,high,known chain,Deli/Sandwich/Salad | national_regional,Deli/Sandwich/Salad | national_regional,agreed,
HEALTH2024-00389,Stonebridge Academy,Institutional,school/daycare,independent,,high,school/daycare name,Institutional | independent,Institutional | unknown,adjudicated,"chain: A independent, B unknown; unrecognized single-site school/daycare name"
HEALTH2024-00390,Pagoda Asian Grill,Asian (unspecified),pan-Asian grill,independent,,medium,name,Asian (unspecified) | independent,Asian (unspecified) | independent,agreed,
HEALTH2024-00391,OAK HOLLOW GOLF COURSE,"American (sit-down, bars, venues)",golf course grill,independent,,medium,name (golf course),"American (sit-down, bars, venues) | independent","American (sit-down, bars, venues) | independent",agreed,
HEALTH2024-00397,THE SURREY HOUSE,Unknown,,unknown,,low,no food items noted,Unknown | unknown,Deli/Sandwich/Salad | independent,adjudicated,"only evidence is an ""if using deli slicer"" remark in 2018; not enough for Deli"
HEALTH2024-00405,JEREMIAH'S ICE,Coffee/Cafe/Bakery/Dessert,Italian ice,national_regional,,high,known chain,Coffee/Cafe/Bakery/Dessert | national_regional,Coffee/Cafe/Bakery/Dessert | national_regional,agreed,
HEALTH2024-00414,YUMMI SUSHI @ KROGER 488,Grocery/Market,sushi counter inside Kroger #488,national_regional,mainstream_supermarket,medium,address is Kroger #488; name says inside/at store,Grocery/Market | national_regional | mainstream_supermarket,Japanese | unknown,adjudicated,"B coded Japanese; in-store counters follow the agreed convention for supermarket food service (Target cafe, H-E-B BBQ counter, Costco food court); chain = host store"
HEALTH2024-00422,VENEZIA SAPORI,Pizza/Italian,Italian,independent,,medium,"name (Venezia); comments mention pasta, fish",Pizza/Italian | independent,Pizza/Italian | independent,agreed,
HEALTH2024-00423,TAILGATERS SPORTS BAR & GRILL,"American (sit-down, bars, venues)",sports bar,independent,,high,name,"American (sit-down, bars, venues) | independent","American (sit-down, bars, venues) | independent",agreed,
HEALTH2024-00424,WAL-MART #5211 GROCERY,Grocery/Market,Walmart - grocery,national_regional,mainstream_supermarket,high,known chain,Grocery/Market | national_regional | mainstream_supermarket,Grocery/Market | national_regional | mainstream_supermarket,agreed,
HEALTH2024-00425,WAL-MART #5211 BAKERY,Grocery/Market,Walmart - bakery,national_regional,mainstream_supermarket,high,known chain,Grocery/Market | national_regional | mainstream_supermarket,Grocery/Market | national_regional | mainstream_supermarket,agreed,
HEALTH2024-00426,WAL-MART #5211 MEAT,Grocery/Market,Walmart - meat,national_regional,mainstream_supermarket,high,known chain,Grocery/Market | national_regional | mainstream_supermarket,Grocery/Market | national_regional | mainstream_supermarket,agreed,
HEALTH2024-00427,WAL-MART #5211 DELI,Grocery/Market,Walmart - deli,national_regional,mainstream_supermarket,high,known chain,Grocery/Market | national_regional | mainstream_supermarket,Grocery/Market | national_regional | mainstream_supermarket,agreed,
HEALTH2024-00428,CHIPOTLE MEXICAN GRILL #1132,Mexican/Tex-Mex/Latin,Mexican fast casual,national_regional,,high,known chain,Mexican/Tex-Mex/Latin | national_regional,Mexican/Tex-Mex/Latin | national_regional,agreed,
HEALTH2024-00429,TOM THUMB #296 - STARBUCKS,Grocery/Market,Starbucks/coffee counter inside Tom Thumb #296,national_regional,mainstream_supermarket,medium,address is Tom Thumb #296; name says inside/at store,Grocery/Market | national_regional | mainstream_supermarket,Coffee/Cafe/Bakery/Dessert | national_regional,adjudicated,"B coded Coffee/Cafe/Bakery/Dessert; in-store counters follow the agreed convention for supermarket food service (Target cafe, H-E-B BBQ counter, Costco food court); chain = host store"
HEALTH2024-00430,GABE NESBIT SOFTBALL,Venue/Concession,softball complex concession,independent,,medium,name,Venue/Concession | independent,Venue/Concession | independent,agreed,
HEALTH2024-00431,GABE NESBITT BASEBALL,Venue/Concession,baseball complex concession,independent,,medium,name,Venue/Concession | independent,Venue/Concession | independent,agreed,
HEALTH2024-00432,MOUZON FIELDS CONCESSION STAND,Venue/Concession,park sports concession,independent,,medium,name,Venue/Concession | independent,Venue/Concession | independent,agreed,
HEALTH2024-00433,El Rincon Mexican,Mexican/Tex-Mex/Latin,Mexican,independent,,high,name,Mexican/Tex-Mex/Latin | independent,Mexican/Tex-Mex/Latin | independent,agreed,
HEALTH2024-00435,CHINA POT,Chinese,Chinese,independent,,high,name,Chinese | independent,Chinese | independent,agreed,
HEALTH2024-00436,KIDDIE ACADEMY OF STONEBRIDGE,Institutional,school/daycare,national_regional,,high,school/daycare name,Institutional | national_regional,Institutional | national_regional,agreed,
HEALTH2024-00437,WHATABURGER #963,Fast Food,burgers,national_regional,,high,known chain,Fast Food | national_regional,Fast Food | national_regional,agreed,
HEALTH2024-00438,Dutch Bros Coffee,Coffee/Cafe/Bakery/Dessert,coffee,national_regional,,high,known chain,Coffee/Cafe/Bakery/Dessert | national_regional,Coffee/Cafe/Bakery/Dessert | national_regional,agreed,
HEALTH2024-00439,DUTCH BROS,Coffee/Cafe/Bakery/Dessert,coffee,national_regional,,high,known chain,Coffee/Cafe/Bakery/Dessert | national_regional,Coffee/Cafe/Bakery/Dessert | national_regional,agreed,
HEALTH2024-00440,TAQUERIO HIDALGO,Mexican/Tex-Mex/Latin,taqueria,independent,,high,name,Mexican/Tex-Mex/Latin | independent,Mexican/Tex-Mex/Latin | independent,agreed,
HEALTH2024-00441,ARAMARK MICROMARKET,Other non-restaurant,micro market / vending,national_regional,,high,name says micro market/vending,Other non-restaurant | national_regional,Other non-restaurant | national_regional,agreed,
HEALTH2024-00442,WILLIAMS CHICKEN,Fast Food,fried chicken,national_regional,,high,known chain,Fast Food | national_regional,Fast Food | national_regional,agreed,
HEALTH2024-00444,BAKER'S DRIVE - IN,"American (sit-down, bars, venues)",burger drive-in,independent,,high,name (drive-in),"American (sit-down, bars, venues) | independent","American (sit-down, bars, venues) | independent",agreed,
HEALTH2024-00448,MOD PIZZA,Pizza/Italian,pizza,national_regional,,high,known chain,Pizza/Italian | national_regional,Pizza/Italian | national_regional,agreed,
HEALTH2024-00449,ROUND TABLE PIZZA,Pizza/Italian,pizza,national_regional,,high,known chain,Pizza/Italian | national_regional,Pizza/Italian | national_regional,agreed,
HEALTH2024-00450,MIGHTY QUICK,Convenience/Gas,convenience store / gas station,independent,,medium,name / known chain,Convenience/Gas | independent,Convenience/Gas | unknown,adjudicated,"chain: A independent, B unknown; unrecognized single-store convenience name"
HEALTH2024-00452,DHAMAKA,Indian,Indian,independent,,medium,name (Dhamaka),Indian | independent,Indian | independent,agreed,
HEALTH2024-00453,Honey B Cafe,Coffee/Cafe/Bakery/Dessert,boba cafe,independent,,medium,name; comments mention boba,Coffee/Cafe/Bakery/Dessert | independent,Coffee/Cafe/Bakery/Dessert | independent,agreed,
HEALTH2024-00455,LITTLE GREEK MCKINNEY,Mediterranean/Middle Eastern,Greek,national_regional,,high,known chain,Mediterranean/Middle Eastern | national_regional,Mediterranean/Middle Eastern | national_regional,agreed,
HEALTH2024-00456,MEALS ON WHEELS,Institutional,nonprofit social services,independent,,high,name,Institutional | independent,Institutional | independent,agreed,
HEALTH2024-00459,WENDY'S,Fast Food,burgers,national_regional,,high,known chain,Fast Food | national_regional,Fast Food | national_regional,agreed,
HEALTH2024-00460,THE ALLEY NOODLE BAR,Asian (unspecified),noodle bar,independent,,medium,name,Asian (unspecified) | independent,Asian (unspecified) | independent,agreed,
HEALTH2024-00461,ZIN ZEN WINE BISTRO,"American (sit-down, bars, venues)",wine bar bistro,independent,,medium,"name; comments mention mozzarella, cheese","American (sit-down, bars, venues) | independent","American (sit-down, bars, venues) | independent",agreed,
HEALTH2024-00462,HTEAO,Coffee/Cafe/Bakery/Dessert,iced tea,national_regional,,high,known chain,Coffee/Cafe/Bakery/Dessert | national_regional,Coffee/Cafe/Bakery/Dessert | national_regional,agreed,
HEALTH2024-00463,JERSEY MIKES SUBS,Deli/Sandwich/Salad,sub sandwiches,national_regional,,high,known chain,Deli/Sandwich/Salad | national_regional,Deli/Sandwich/Salad | national_regional,agreed,
HEALTH2024-00464,TOWNEPLACE SUITES MCKINNEY,Hotel/Caterer/Commissary,hotel,national_regional,,high,hotel name,Hotel/Caterer/Commissary | national_regional,Hotel/Caterer/Commissary | national_regional,agreed,
HEALTH2024-00467,Dream Your Cakes,Coffee/Cafe/Bakery/Dessert,cakes,independent,,high,name,Coffee/Cafe/Bakery/Dessert | independent,Coffee/Cafe/Bakery/Dessert | independent,agreed,
HEALTH2024-00468,LEGEND OF MCKINNEY,Institutional,senior living / nursing,national_regional,,high,senior living name,Institutional | national_regional,Institutional | national_regional,agreed,
HEALTH2024-00469,PACIFIC TRADEWINDS,Unknown,,unknown,,low,name only; notes list milk only,Unknown | unknown,Coffee/Cafe/Bakery/Dessert | independent,adjudicated,B inferred coffee from milk; not enough
HEALTH2024-00471,Sushi Bar Sprouts Farmers Market,Grocery/Market,sushi counter inside Sprouts,national_regional,mainstream_supermarket,medium,address is Sprouts,Grocery/Market | unknown | mainstream_supermarket,Japanese | national_regional,adjudicated,"B coded Japanese; in-store counters follow the agreed convention for supermarket food service (Target cafe, H-E-B BBQ counter, Costco food court); chain = host store"
HEALTH2024-00477,RACETRAC #219,Convenience/Gas,convenience store / gas station,national_regional,,high,name / known chain,Convenience/Gas | national_regional,Convenience/Gas | national_regional,agreed,
HEALTH2024-00478,DUNKIN' DONUTS,Coffee/Cafe/Bakery/Dessert,donuts/coffee,national_regional,,high,known chain,Coffee/Cafe/Bakery/Dessert | national_regional,Coffee/Cafe/Bakery/Dessert | national_regional,agreed,
HEALTH2024-00508,Heian Sushi,Japanese,sushi,independent,,high,name,Japanese | independent,Japanese | independent,agreed,
HEALTH2024-00509,Golden Grace DAHS,Institutional,nonprofit social services,independent,,high,name,Institutional | independent,Institutional | independent,agreed,
HEALTH2024-00510,EL POLLO REGIO,Fast Food,grilled chicken,national_regional,,high,known chain,Fast Food | national_regional,Fast Food | national_regional,agreed,
HEALTH2024-00514,JIM'S PIZZA,Pizza/Italian,pizza,local_multi,,low,known chain,Pizza/Italian | national_regional,Pizza/Italian | unknown,adjudicated,"chain: A national_regional, B unknown; two McKinney addresses in the data; not Mr. Jim's"
HEALTH2024-00515,TAHN THAI - **CENTRAL PREPARATION FACILITY**,Hotel/Caterer/Commissary,Thai restaurant central prep kitchen,independent,,high,name says central preparation facility,Hotel/Caterer/Commissary | independent,Thai | independent,adjudicated,predecessor permit HEALTH2023-00188 at the same suite coded the same way (corrected)
HEALTH2024-00518,Donut Bliss,Coffee/Cafe/Bakery/Dessert,donuts/bagels,local_multi,,high,name,Coffee/Cafe/Bakery/Dessert | local_multi,Coffee/Cafe/Bakery/Dessert | independent,adjudicated,"chain: A local_multi, B independent; two McKinney locations in the data (Eldorado Pkwy and Virginia Pkwy)"
HEALTH2024-00521,NEW MIDWAY,Convenience/Gas,"convenience store (sandwiches, sodas, milk)",independent,,medium,"notes hot-held and cold sandwiches, soda nozzles, milk; food handler only",Unknown | unknown,Convenience/Gas | independent,adjudicated,
HEALTH2024-00522,MCDONALD'S #36266,Fast Food,burgers,national_regional,,high,known chain,Fast Food | national_regional,Fast Food | national_regional,agreed,
HEALTH2024-00523,LOCAL YOCAL FARM TO MARKET,Grocery/Market,butcher / farm-to-market,independent,independent_specialty,medium,"name; comments mention bacon, ground beef",Grocery/Market | independent | independent_specialty,Grocery/Market | independent | independent_specialty,agreed,
HEALTH2024-00524,7-ELEVEN #32811,Convenience/Gas,convenience store / gas station,national_regional,,high,name / known chain,Convenience/Gas | national_regional,Convenience/Gas | national_regional,agreed,
HEALTH2024-00525,HOLIDAY INN,Hotel/Caterer/Commissary,hotel,national_regional,,high,hotel name,Hotel/Caterer/Commissary | national_regional,Hotel/Caterer/Commissary | national_regional,agreed,
HEALTH2024-00526,RAISING CANE'S,Fast Food,chicken fingers,national_regional,,high,known chain,Fast Food | national_regional,Fast Food | national_regional,agreed,
HEALTH2024-00531,RICK'S CHOPHOUSE,"American (sit-down, bars, venues)",steakhouse,independent,,high,name,"American (sit-down, bars, venues) | independent","American (sit-down, bars, venues) | independent",agreed,
HEALTH2024-00534,GOLDEN CHICK,Fast Food,fried chicken,national_regional,,high,known chain,Fast Food | national_regional,Fast Food | national_regional,agreed,
HEALTH2024-00536,PIADA ITALIAN STREET FOOD,Pizza/Italian,Italian,national_regional,,high,known chain,Pizza/Italian | national_regional,Pizza/Italian | national_regional,agreed,
HEALTH2024-00541,Papa Murphy's Take 'N' Bake Pizza,Pizza/Italian,take-and-bake pizza,national_regional,,high,known chain,Pizza/Italian | national_regional,Pizza/Italian | national_regional,agreed,
HEALTH2024-00542,PIZZA HUT,Pizza/Italian,pizza,national_regional,,high,known chain,Pizza/Italian | national_regional,Pizza/Italian | national_regional,agreed,
HEALTH2024-00543,BAYBROOKE VILLAGE,Institutional,senior living / nursing,unknown,,high,senior living name,Institutional | independent,Institutional | unknown,adjudicated,"chain: A independent, B unknown; unrecognized senior-living/nursing name (often owned by multi-site operators under local names)"
HEALTH2024-00544,JOY THAI,Thai,Thai,independent,,high,name,Thai | independent,Thai | independent,agreed,
HEALTH2024-00545,COTTON PATCH,"American (sit-down, bars, venues)",Southern / chicken-fried steak,national_regional,,high,known chain,"American (sit-down, bars, venues) | national_regional","American (sit-down, bars, venues) | national_regional",agreed,
HEALTH2024-00547,TOM THUMB #3853 - GROCERY,Grocery/Market,Tom Thumb - grocery,national_regional,mainstream_supermarket,high,known chain,Grocery/Market | national_regional | mainstream_supermarket,Grocery/Market | national_regional | mainstream_supermarket,agreed,
HEALTH2024-00548,TOM THUMB #3853 - BAKERY,Grocery/Market,Tom Thumb - bakery,national_regional,mainstream_supermarket,high,known chain,Grocery/Market | national_regional | mainstream_supermarket,Grocery/Market | national_regional | mainstream_supermarket,agreed,
HEALTH2024-00550,TOM THUMB #3853 - PRODUCE,Grocery/Market,Tom Thumb - produce,national_regional,mainstream_supermarket,high,known chain,Grocery/Market | national_regional | mainstream_supermarket,Grocery/Market | national_regional | mainstream_supermarket,agreed,
HEALTH2024-00551,TOM THUMB #3853 - MEAT,Grocery/Market,Tom Thumb - meat,national_regional,mainstream_supermarket,high,known chain,Grocery/Market | national_regional | mainstream_supermarket,Grocery/Market | national_regional | mainstream_supermarket,agreed,
HEALTH2024-00554,AREPAS,Mexican/Tex-Mex/Latin,Venezuelan/Colombian arepas,independent,,medium,name,Mexican/Tex-Mex/Latin | independent,Mexican/Tex-Mex/Latin | independent,agreed,
HEALTH2024-00556,McALISTER'S DELI,Deli/Sandwich/Salad,"deli sandwiches, salads",national_regional,,high,known chain,Deli/Sandwich/Salad | national_regional,Deli/Sandwich/Salad | national_regional,agreed,
HEALTH2024-00557,FONTINA RISTORANTE,Pizza/Italian,Italian,independent,,high,name,Pizza/Italian | independent,Pizza/Italian | independent,agreed,
HEALTH2024-00558,LONE STAR WINE CELLARS,"American (sit-down, bars, venues)",wine bar/tasting room with light food,independent,,medium,"notes salami, cheese, oranges, dish machine",Other non-restaurant | independent,"American (sit-down, bars, venues) | independent",adjudicated,wineries serving food coded American like Barons Creek and Landon Winery
HEALTH2024-00559,51 RAINBOW INDIAN CUISINE,Indian,Indian,independent,,high,name,Indian | independent,Indian | independent,agreed,
HEALTH2024-00560,SUPER SHACK,"American (sit-down, bars, venues)",Cajun seafood,independent,,medium,"comments mention shrimp, gumbo","American (sit-down, bars, venues) | independent","American (sit-down, bars, venues) | independent",agreed,
HEALTH2024-00561,Original ChopShop,Deli/Sandwich/Salad,"healthy bowls, salads, sandwiches",national_regional,,medium,known chain,Deli/Sandwich/Salad | national_regional,Deli/Sandwich/Salad | national_regional,agreed,
HEALTH2024-00564,NAPOLIS ON THE GO,Pizza/Italian,Italian to-go,independent,,medium,"name; comments mention sauce, cheese",Pizza/Italian | independent,Pizza/Italian | independent,agreed,
HEALTH2024-00565,Cooking Waffles with condiments,Coffee/Cafe/Bakery/Dessert,waffles (event vendor),independent,,medium,name,Coffee/Cafe/Bakery/Dessert | independent,Coffee/Cafe/Bakery/Dessert | independent,agreed,
HEALTH2024-00567,ESCAPE 360 CAFE,Unknown,"cafe (curry, shrimp, soup, cake)",unknown,,low,mixed items; name ambiguous,Venue/Concession | local_multi,"American (sit-down, bars, venues) | independent",adjudicated,"A read as escape-room venue cafe, B as American cafe; neither is supported"
HEALTH2024-00571,ENCORE WIRE / BREAK ROOM,Other non-restaurant,micro market (employer break room),unknown,,high,related permits say micro market,Other non-restaurant | unknown,Other non-restaurant | independent,adjudicated,"chain: A unknown, B independent; micro market/break room named for the employer; operator not named (agreed rule: operator named -> its chain status, else unknown)"
HEALTH2024-00572,Encore Wire Plant 6A,Other non-restaurant,micro market (employer break room),unknown,,high,comments say micro market,Other non-restaurant | unknown,Other non-restaurant | independent,adjudicated,"chain: A unknown, B independent; micro market/break room named for the employer; operator not named (agreed rule: operator named -> its chain status, else unknown)"
HEALTH2024-00574,Encore Wire Plant 3,Other non-restaurant,micro market (employer break room),unknown,,high,comments say micro market,Other non-restaurant | unknown,Other non-restaurant | independent,adjudicated,"chain: A unknown, B independent; micro market/break room named for the employer; operator not named (agreed rule: operator named -> its chain status, else unknown)"
HEALTH2024-00575,Encore Wire Plant 4,Other non-restaurant,micro market (employer break room),unknown,,high,related permits say micro market,Other non-restaurant | unknown,Other non-restaurant | independent,adjudicated,"chain: A unknown, B independent; micro market/break room named for the employer; operator not named (agreed rule: operator named -> its chain status, else unknown)"
HEALTH2024-00576,RAYTHEON A WING 2ND FLOOR,Other non-restaurant,micro market/vending (employer),unknown,,low,floor-level stations at employer site; no food prep noted,Other non-restaurant | unknown,Other non-restaurant | independent,adjudicated,"chain: A unknown, B independent; micro market/break room named for the employer; operator not named (agreed rule: operator named -> its chain status, else unknown)"
HEALTH2024-00577,RAYTHEON MCKINNEY A WING 1ST FLOOR,Other non-restaurant,micro market/vending (employer),unknown,,low,floor-level stations at employer site; no food prep noted,Other non-restaurant | unknown,Other non-restaurant | independent,adjudicated,"chain: A unknown, B independent; micro market/break room named for the employer; operator not named (agreed rule: operator named -> its chain status, else unknown)"
HEALTH2024-00579,RAYTHEON MCKINNEY D WING 1ST FLOOR,Other non-restaurant,micro market/vending (employer),unknown,,low,floor-level stations at employer site; no food prep noted,Other non-restaurant | unknown,Other non-restaurant | independent,adjudicated,"chain: A unknown, B independent; micro market/break room named for the employer; operator not named (agreed rule: operator named -> its chain status, else unknown)"
HEALTH2024-00580,RAYTHEON MCKINNEY D WING 2ND FLOOR,Other non-restaurant,micro market/vending (employer),unknown,,low,floor-level stations at employer site; no food prep noted,Other non-restaurant | unknown,Other non-restaurant | independent,adjudicated,"chain: A unknown, B independent; micro market/break room named for the employer; operator not named (agreed rule: operator named -> its chain status, else unknown)"
HEALTH2024-00583,Eurest McKinney 9740,Institutional,corporate satellite cafeteria (Raytheon),national_regional,,high,comments say satellite cafeteria,Institutional | national_regional,Institutional | national_regional,agreed,
HEALTH2024-00584,RAYTHEON MCKINNEY CAFETERIA,Institutional,corporate cafeteria,national_regional,,high,name,Institutional | unknown,Institutional | national_regional,adjudicated,"chain: A unknown, B national_regional; Raytheon (agreed convention for its satellite cafeteria)"
HEALTH2024-00585,LA MICHOACAN - MEAT,Grocery/Market,Hispanic meat market/grocery,national_regional,independent_specialty,high,known Texas chain,Grocery/Market | national_regional | independent_specialty,Grocery/Market | national_regional | independent_specialty,agreed,
HEALTH2024-00586,LA MICHOACANA MEAT MARKET - DELI,Grocery/Market,Hispanic meat market/grocery,national_regional,independent_specialty,high,known Texas chain,Grocery/Market | national_regional | independent_specialty,Grocery/Market | national_regional | independent_specialty,agreed,
HEALTH2024-00587,LA MICHOACANA MEAT MARKET - BAKERY,Grocery/Market,Hispanic meat market/grocery,national_regional,independent_specialty,high,known Texas chain,Grocery/Market | national_regional | independent_specialty,Grocery/Market | national_regional | independent_specialty,agreed,
HEALTH2024-00588,LA MICHOACANA MEAT MARKET - GROCERY,Grocery/Market,Hispanic meat market/grocery,national_regional,independent_specialty,high,known Texas chain,Grocery/Market | national_regional | independent_specialty,Grocery/Market | national_regional | independent_specialty,agreed,
HEALTH2024-00589,CAJUN FISH GRILL,"American (sit-down, bars, venues)",Cajun seafood,independent,,low,name; comments mention gumbo,"American (sit-down, bars, venues) | independent","American (sit-down, bars, venues) | unknown",adjudicated,"chain: A independent, B unknown; name not recognized as a chain"
HEALTH2024-00591,ON THE BORDER,Mexican/Tex-Mex/Latin,Tex-Mex,national_regional,,high,known chain,Mexican/Tex-Mex/Latin | national_regional,Mexican/Tex-Mex/Latin | national_regional,agreed,
HEALTH2024-00592,Mi Cocina,Mexican/Tex-Mex/Latin,Tex-Mex,national_regional,,high,known chain,Mexican/Tex-Mex/Latin | national_regional,Mexican/Tex-Mex/Latin | national_regional,agreed,
HEALTH2024-00593,PARRY'S PIZZERIA & BAR,Pizza/Italian,pizza,local_multi,,high,name,Pizza/Italian | local_multi,Pizza/Italian | local_multi,agreed,
HEALTH2024-00594,QUIKTRIP #919,Convenience/Gas,convenience store / gas station,national_regional,,high,name / known chain,Convenience/Gas | national_regional,Convenience/Gas | national_regional,agreed,
HEALTH2024-00595,QUIKTRIP #963,Convenience/Gas,convenience store / gas station,national_regional,,high,name / known chain,Convenience/Gas | national_regional,Convenience/Gas | national_regional,agreed,
HEALTH2024-00596,QUIKTRIP #916,Convenience/Gas,convenience store / gas station,national_regional,,high,name / known chain,Convenience/Gas | national_regional,Convenience/Gas | national_regional,agreed,
HEALTH2024-00597,PANDA EXPRESS #1159,Chinese,American Chinese,national_regional,,high,known chain,Chinese | national_regional,Chinese | national_regional,agreed,
HEALTH2024-00598,HAPPY DONUTS,Coffee/Cafe/Bakery/Dessert,donuts/bagels,independent,,high,name,Coffee/Cafe/Bakery/Dessert | independent,Coffee/Cafe/Bakery/Dessert | independent,agreed,
HEALTH2024-00599,Reggae Jerk Hut,Other cuisine,Jamaican,independent,,high,name,Other cuisine | independent,Other cuisine | independent,agreed,
HEALTH2024-00600,AFC SUSHI @ MARKET STREET,Grocery/Market,sushi counter inside Market Street #561,national_regional,mainstream_supermarket,medium,address is Market Street #561; name says inside/at store,Grocery/Market | national_regional | mainstream_supermarket,Japanese | national_regional,adjudicated,"B coded Japanese; in-store counters follow the agreed convention for supermarket food service (Target cafe, H-E-B BBQ counter, Costco food court); chain = host store"
HEALTH2024-00601,DREAMY DESSERT,Coffee/Cafe/Bakery/Dessert,desserts,independent,,high,name,Coffee/Cafe/Bakery/Dessert | independent,Coffee/Cafe/Bakery/Dessert | independent,agreed,
HEALTH2024-00602,FUJISAN SUSHI,Grocery/Market,sushi counter inside Sam's Club #4906,national_regional,mainstream_supermarket,medium,address is Sam's Club #4906,Grocery/Market | unknown | mainstream_supermarket,Japanese | national_regional,adjudicated,"B coded Japanese; in-store counters follow the agreed convention for supermarket food service (Target cafe, H-E-B BBQ counter, Costco food court); chain = host store"
HEALTH2024-00603,RACETRAC #155,Convenience/Gas,convenience store / gas station,national_regional,,high,name / known chain,Convenience/Gas | national_regional,Convenience/Gas | national_regional,agreed,
HEALTH2024-00604,WHATABURGER #664,Fast Food,burgers,national_regional,,high,known chain,Fast Food | national_regional,Fast Food | national_regional,agreed,
HEALTH2024-00605,DISCOVERY LEARNING CENTER,Institutional,school/daycare,independent,,high,school/daycare name,Institutional | independent,Institutional | unknown,adjudicated,"chain: A independent, B unknown; unrecognized single-site school/daycare name"
HEALTH2024-00606,Bob's Steak and Chop House,"American (sit-down, bars, venues)",steakhouse,national_regional,,high,known chain,"American (sit-down, bars, venues) | national_regional","American (sit-down, bars, venues) | national_regional",agreed,
HEALTH2024-00607,MAPLE STREET BISCUIT COMPANY,"American (sit-down, bars, venues)",Southern breakfast (biscuits),national_regional,,high,known chain,"American (sit-down, bars, venues) | national_regional","American (sit-down, bars, venues) | national_regional",agreed,
HEALTH2024-00609,MAGIC CUP,Coffee/Cafe/Bakery/Dessert,boba tea,independent,,low,comments mention boba,Coffee/Cafe/Bakery/Dessert | independent,Coffee/Cafe/Bakery/Dessert | unknown,adjudicated,"chain: A independent, B unknown; name not recognized as a chain"
HEALTH2024-00610,PALIO'S PIZZA CAFE MCKINNEY,Pizza/Italian,pizza,national_regional,,high,known chain,Pizza/Italian | national_regional,Pizza/Italian | national_regional,agreed,
HEALTH2024-00611,MANA ADDA INDIAN KITCHEN,Indian,Indian,independent,,high,name,Indian | independent,Indian | independent,agreed,
HEALTH2024-00613,DUNKIN DONUTS,Coffee/Cafe/Bakery/Dessert,donuts/coffee,national_regional,,high,known chain,Coffee/Cafe/Bakery/Dessert | national_regional,Coffee/Cafe/Bakery/Dessert | national_regional,agreed,
HEALTH2024-00615,O'Desi aroma,Indian,Indian,independent,,high,name (desi),Indian | independent,Indian | independent,agreed,
HEALTH2024-00616,IHOP,"American (sit-down, bars, venues)",breakfast diner,national_regional,,high,known chain,"American (sit-down, bars, venues) | national_regional","American (sit-down, bars, venues) | national_regional",agreed,
HEALTH2024-00617,GOLISODA,Indian,Indian street food,independent,,medium,name (Goli Soda),Indian | independent,Indian | independent,agreed,
HEALTH2024-00618,Creme De la Creme,Institutional,school/daycare,national_regional,,high,school/daycare name,Institutional | national_regional,Institutional | national_regional,agreed,
HEALTH2024-00619,CINEMARK #1154 MCKINNEY,Venue/Concession,movie theater,national_regional,,high,known chain,Venue/Concession | national_regional,Venue/Concession | national_regional,agreed,
HEALTH2024-00620,CHILDREN'S LIGHTHOUSE,Institutional,school/daycare,national_regional,,high,school/daycare name,Institutional | national_regional,Institutional | national_regional,agreed,
HEALTH2024-00621,MARCOS PIZZA #5056,Pizza/Italian,pizza,national_regional,,high,known chain,Pizza/Italian | national_regional,Pizza/Italian | national_regional,agreed,
HEALTH2024-00623,ARBY'S #8934,Fast Food,roast beef sandwiches,national_regional,,high,known chain,Fast Food | national_regional,Fast Food | national_regional,agreed,
HEALTH2024-00625,Broken Yolk Cafe,"American (sit-down, bars, venues)",breakfast/brunch,national_regional,,high,known chain,"American (sit-down, bars, venues) | national_regional","American (sit-down, bars, venues) | national_regional",agreed,
HEALTH2024-00627,CARIAD AT NORTH BROOK,Institutional,senior living / nursing,unknown,,high,senior living name,Institutional | independent,Institutional | unknown,adjudicated,"chain: A independent, B unknown; unrecognized senior-living/nursing name (often owned by multi-site operators under local names)"
HEALTH2024-00628,DUNKIN DONUTS,Coffee/Cafe/Bakery/Dessert,donuts/coffee,national_regional,,high,known chain,Coffee/Cafe/Bakery/Dessert | national_regional,Coffee/Cafe/Bakery/Dessert | national_regional,agreed,
HEALTH2024-00631,CADENCE CYCLERY,Coffee/Cafe/Bakery/Dessert,coffee bar in bike shop,independent,,medium,name,Coffee/Cafe/Bakery/Dessert | independent,Coffee/Cafe/Bakery/Dessert | independent,agreed,
HEALTH2024-00632,Jimmy John’s,Deli/Sandwich/Salad,sub sandwiches,national_regional,,high,known chain,Deli/Sandwich/Salad | national_regional,Deli/Sandwich/Salad | national_regional,agreed,
HEALTH2024-00633,McDONALD'S,Fast Food,burgers,national_regional,,high,known chain,Fast Food | national_regional,Fast Food | national_regional,agreed,
HEALTH2024-00635,Two Crazy Guys Sports Bar,"American (sit-down, bars, venues)",sports bar,independent,,low,name,"American (sit-down, bars, venues) | local_multi","American (sit-down, bars, venues) | independent",adjudicated,"chain: A local_multi, B independent; name not recognized as a chain"
HEALTH2024-00638,KROGER #567 STARBUCKS,Grocery/Market,Starbucks/coffee counter inside Kroger #567,national_regional,mainstream_supermarket,medium,address is Kroger #567; name says inside/at store,Grocery/Market | national_regional | mainstream_supermarket,Coffee/Cafe/Bakery/Dessert | national_regional,adjudicated,"B coded Coffee/Cafe/Bakery/Dessert; in-store counters follow the agreed convention for supermarket food service (Target cafe, H-E-B BBQ counter, Costco food court); chain = host store"
HEALTH2024-00639,KROGER #567-GROCERY,Grocery/Market,Kroger - grocery,national_regional,mainstream_supermarket,high,known chain,Grocery/Market | national_regional | mainstream_supermarket,Grocery/Market | national_regional | mainstream_supermarket,agreed,
HEALTH2024-00640,The Clubhouse Indoor Golf,"American (sit-down, bars, venues)",indoor golf simulator bar & grill,independent,,medium,"name; notes cheese, bacon, ham","American (sit-down, bars, venues) | local_multi",Venue/Concession | independent,adjudicated,"activity bars coded American, as agreed for Arcade 92 and Another Round disc golf taproom"
HEALTH2024-00641,TROPICAL SMOOTHIE,Coffee/Cafe/Bakery/Dessert,smoothies/juice,national_regional,,high,known chain,Coffee/Cafe/Bakery/Dessert | national_regional,Coffee/Cafe/Bakery/Dessert | national_regional,agreed,
HEALTH2024-00642,Kyoto Hibachi Sushi & Bar,Japanese,hibachi and sushi,independent,,high,name,Japanese | independent,Japanese | independent,agreed,
HEALTH2024-00643,THE CELT IRISH PUB,"American (sit-down, bars, venues)",Irish pub,independent,,high,name,"American (sit-down, bars, venues) | independent","American (sit-down, bars, venues) | independent",agreed,
HEALTH2024-00644,OGI'S EUROPEAN BAKERY AND DELI,Other cuisine,Eastern European bakery/deli,independent,,medium,name (European bakery and deli),Other cuisine | independent,Other cuisine | independent,agreed,
HEALTH2024-00645,COMFORT SUITES,Hotel/Caterer/Commissary,hotel,national_regional,,high,hotel name,Hotel/Caterer/Commissary | national_regional,Hotel/Caterer/Commissary | national_regional,agreed,
HEALTH2024-00646,ASIAN BUFFET ASIAN BUFFET ASIAN BUFFET ASIAN BUFFET ASIAN BUFFET,Asian (unspecified),Asian buffet,independent,,medium,name; comments mention buffet,Asian (unspecified) | independent,Asian (unspecified) | independent,agreed,
HEALTH2024-00647,COMMUNITY GARDEN KITCHEN OF COLLIN COUNTY,Institutional,nonprofit social services,independent,,high,name,Institutional | independent,Institutional | independent,agreed,
HEALTH2024-00650,DUTCH BROS,Coffee/Cafe/Bakery/Dessert,coffee,national_regional,,high,known chain,Coffee/Cafe/Bakery/Dessert | national_regional,Coffee/Cafe/Bakery/Dessert | national_regional,agreed,
HEALTH2024-00651,ERNESTO'S FINE MEXICAN FOOD,Mexican/Tex-Mex/Latin,Mexican,independent,,high,name,Mexican/Tex-Mex/Latin | independent,Mexican/Tex-Mex/Latin | independent,agreed,
HEALTH2024-00652,OSUMA SUYA,Other cuisine,Nigerian suya,independent,,high,name,Other cuisine | independent,Other cuisine | independent,agreed,
HEALTH2024-00653,TOP OF THE WORLD PRESCHOOL,Institutional,school/daycare,independent,,high,school/daycare name,Institutional | independent,Institutional | unknown,adjudicated,"chain: A independent, B unknown; unrecognized single-site school/daycare name"
HEALTH2024-00654,JET'S PIZZA,Pizza/Italian,pizza,national_regional,,high,known chain,Pizza/Italian | national_regional,Pizza/Italian | national_regional,agreed,
HEALTH2024-00655,WINGSTOP,Fast Food,wings,national_regional,,high,known chain,Fast Food | national_regional,Fast Food | national_regional,agreed,
HEALTH2024-00656,RICE POT EXPRESS,Chinese,Chinese takeout,independent,,high,"comments mention wonton soup, egg drop soup",Chinese | independent,Chinese | independent,agreed,
HEALTH2024-00659,CASTLE MONTESSORI OF MCKINNEY,Institutional,school/daycare,independent,,high,school/daycare name,Institutional | independent,Institutional | unknown,adjudicated,"chain: A independent, B unknown; unrecognized single-site school/daycare name"
HEALTH2024-00660,TAI SUSHI HOUSE,Japanese,sushi,independent,,high,name,Japanese | independent,Japanese | independent,agreed,
HEALTH2024-00661,CIRCLE K,Convenience/Gas,convenience store / gas station,national_regional,,high,name / known chain,Convenience/Gas | national_regional,Convenience/Gas | national_regional,agreed,
HEALTH2024-00662,Circle K,Convenience/Gas,convenience store / gas station,national_regional,,high,name / known chain,Convenience/Gas | national_regional,Convenience/Gas | national_regional,agreed,
HEALTH2024-00664,home made rootbeer and Tea Stand .,Coffee/Cafe/Bakery/Dessert,root beer and tea stand,independent,,low,name; residential address,Coffee/Cafe/Bakery/Dessert | independent,Coffee/Cafe/Bakery/Dessert | independent,agreed,
HEALTH2024-00665,BOYS AND GIRLS CLUB,Institutional,school/daycare,national_regional,,high,school/daycare name,Institutional | national_regional,Institutional | independent,adjudicated,"chain: A national_regional, B independent; national youth organization brand"
HEALTH2024-00666,SONIC DRIVE-IN,Fast Food,burgers/drive-in,national_regional,,high,known chain,Fast Food | national_regional,Fast Food | national_regional,agreed,
HEALTH2024-00667,SONIC DRIVE-IN,Fast Food,burgers/drive-in,national_regional,,high,known chain,Fast Food | national_regional,Fast Food | national_regional,agreed,
HEALTH2024-00668,SONIC DRIV-IN,Fast Food,burgers/drive-in,national_regional,,high,known chain,Fast Food | national_regional,Fast Food | national_regional,agreed,
HEALTH2024-00669,SUNRISE LEARNING CENTER,Institutional,school/daycare,independent,,high,school/daycare name,Institutional | independent,Institutional | unknown,adjudicated,"chain: A independent, B unknown; unrecognized single-site school/daycare name"
HEALTH2024-00670,JIMMY JOHNS GOURMET SANDWICHES,Deli/Sandwich/Salad,sub sandwiches,national_regional,,high,known chain,Deli/Sandwich/Salad | national_regional,Deli/Sandwich/Salad | national_regional,agreed,
HEALTH2024-00672,Scooter's Coffee,Coffee/Cafe/Bakery/Dessert,coffee,national_regional,,high,known chain,Coffee/Cafe/Bakery/Dessert | national_regional,Coffee/Cafe/Bakery/Dessert | national_regional,agreed,
HEALTH2024-00673,Paris Natural Farms,Other non-restaurant,farm products vendor (farmers market),independent,,medium,farmers market vendor,Grocery/Market | independent | independent_specialty,Other non-restaurant | independent,adjudicated,"market product vendors coded Other non-restaurant, as in agreed farmers-market rows"
HEALTH2024-00676,SHAKE SUM LLC,Coffee/Cafe/Bakery/Dessert,shakes/tea (gym),independent,,medium,name; gym address; comments mention tea,Coffee/Cafe/Bakery/Dessert | independent,Coffee/Cafe/Bakery/Dessert | independent,agreed,
HEALTH2024-00679,SHINING STARS MONTESSORI,Institutional,school/daycare,independent,,high,school/daycare name,Institutional | independent,Institutional | unknown,adjudicated,"chain: A independent, B unknown; unrecognized single-site school/daycare name"
HEALTH2024-00680,SUBWAY #6654,Deli/Sandwich/Salad,sub sandwiches,national_regional,,high,known chain,Deli/Sandwich/Salad | national_regional,Deli/Sandwich/Salad | national_regional,agreed,
HEALTH2024-00681,SONIC DRIVE-IN,Fast Food,burgers/drive-in,national_regional,,high,known chain,Fast Food | national_regional,Fast Food | national_regional,agreed,
HEALTH2024-00682,KIDS 'R' KIDS WEST MCKINNEY,Institutional,school/daycare,national_regional,,high,school/daycare name,Institutional | national_regional,Institutional | national_regional,agreed,
HEALTH2024-00683,CLASSIC INTERNATIONAL MARKET,Grocery/Market,halal/international market,independent,independent_specialty,medium,name,Grocery/Market | independent | independent_specialty,Grocery/Market | independent | independent_specialty,agreed,
HEALTH2024-00684,BEEHIVE HOME OF MCKINNEY,Institutional,senior living / nursing,national_regional,,high,senior living name,Institutional | national_regional,Institutional | national_regional,agreed,
HEALTH2024-00685,The Learning Experience,Institutional,school/daycare,national_regional,,high,school/daycare name,Institutional | national_regional,Institutional | national_regional,agreed,
HEALTH2024-00692,LA SALVADORENA RESTAURANT,Mexican/Tex-Mex/Latin,Salvadoran,independent,,high,name,Mexican/Tex-Mex/Latin | independent,Mexican/Tex-Mex/Latin | independent,agreed,
HEALTH2024-00693,BAHAMA BUCK'S - CHANGE OF OWNERSHIP,Coffee/Cafe/Bakery/Dessert,shaved ice,national_regional,,high,known chain,Coffee/Cafe/Bakery/Dessert | national_regional,Coffee/Cafe/Bakery/Dessert | national_regional,agreed,
HEALTH2024-00694,SCHLOTZSKY'S,Deli/Sandwich/Salad,"deli sandwiches, salads",national_regional,,high,known chain,Deli/Sandwich/Salad | national_regional,Deli/Sandwich/Salad | national_regional,agreed,
HEALTH2024-00695,KWIK SHOP,Convenience/Gas,convenience store / gas station,independent,,medium,name / known chain,Convenience/Gas | independent,Convenience/Gas | unknown,adjudicated,"chain: A independent, B unknown; unrecognized single-store convenience name"
HEALTH2024-00696,EGGSQUISITE CAFE,"American (sit-down, bars, venues)",breakfast/brunch,independent,,low,name,"American (sit-down, bars, venues) | local_multi","American (sit-down, bars, venues) | independent",adjudicated,"chain: A local_multi, B independent; name not recognized as a chain"
HEALTH2024-00697,7-Eleven #34108A,Convenience/Gas,convenience store / gas station,national_regional,,high,name / known chain,Convenience/Gas | national_regional,Convenience/Gas | national_regional,agreed,
HEALTH2024-00698,BRIGHT LIGHT PRESCHOOL,Institutional,school/daycare,independent,,high,school/daycare name,Institutional | independent,Institutional | unknown,adjudicated,"chain: A independent, B unknown; unrecognized single-site school/daycare name"
HEALTH2024-00701,TUTTO ITALIAN KITCHEN,Pizza/Italian,Italian,independent,,high,name,Pizza/Italian | independent,Pizza/Italian | independent,agreed,
HEALTH2024-00705,GUIDEPOST MONTESSORI AT CRAIG RANCH,Institutional,school/daycare,national_regional,,high,school/daycare name,Institutional | national_regional,Institutional | national_regional,agreed,
HEALTH2024-00707,SONIC #2441,Fast Food,burgers/drive-in,national_regional,,high,known chain,Fast Food | national_regional,Fast Food | national_regional,agreed,
HEALTH2024-00708,Starbucks #66480,Coffee/Cafe/Bakery/Dessert,coffee,national_regional,,high,known chain,Coffee/Cafe/Bakery/Dessert | national_regional,Coffee/Cafe/Bakery/Dessert | national_regional,agreed,
HEALTH2024-00709,TACO BUENO #3239,Fast Food,Taco Bueno,national_regional,,high,known chain,Fast Food | national_regional,Fast Food | national_regional,agreed,
HEALTH2024-00718,SWRL Cinnamon Roll Factory,Coffee/Cafe/Bakery/Dessert,cinnamon rolls,independent,,low,name,Coffee/Cafe/Bakery/Dessert | independent,Coffee/Cafe/Bakery/Dessert | unknown,adjudicated,"chain: A independent, B unknown; name not recognized as a chain"
HEALTH2024-00719,THE YARD,"American (sit-down, bars, venues)",bar and patio kitchen,independent,,medium,"name; comments mention pico, shrimp","American (sit-down, bars, venues) | independent","American (sit-down, bars, venues) | independent",agreed,
HEALTH2024-00720,THE YARD - BAR,"American (sit-down, bars, venues)",bar,independent,,medium,name (bar),"American (sit-down, bars, venues) | independent","American (sit-down, bars, venues) | independent",agreed,
HEALTH2024-00721,CAPRIOTTIS SANDWICH,Deli/Sandwich/Salad,sub sandwiches,national_regional,,high,known chain,Deli/Sandwich/Salad | national_regional,Deli/Sandwich/Salad | national_regional,agreed,
HEALTH2024-00722,Goody Goody Liquor #30,Other non-restaurant,liquor store,national_regional,,high,known Texas chain,Other non-restaurant | national_regional,Other non-restaurant | national_regional,agreed,
HEALTH2024-00723,TAQUERIA EL GORDO,Mexican/Tex-Mex/Latin,taqueria,independent,,high,name,Mexican/Tex-Mex/Latin | independent,Mexican/Tex-Mex/Latin | independent,agreed,
HEALTH2024-00724,LIFEPATH CRISIS CENTER,Institutional,nonprofit social services,independent,,high,name,Institutional | independent,Institutional | independent,agreed,
HEALTH2024-00725,COLLIN COLLEGE MCKINNEY CAFE AND STARBUCKS,Institutional,college cafe,local_multi,,medium,name,Institutional | local_multi,Institutional | independent,adjudicated,"chain: A local_multi, B independent; Collin College (agreed convention: local_multi)"
HEALTH2024-00726,JAMBA JUICE,Coffee/Cafe/Bakery/Dessert,smoothies/juice,national_regional,,high,known chain,Coffee/Cafe/Bakery/Dessert | national_regional,Coffee/Cafe/Bakery/Dessert | national_regional,agreed,
HEALTH2024-00727,Donut R More,Coffee/Cafe/Bakery/Dessert,donuts/bagels,independent,,high,name,Coffee/Cafe/Bakery/Dessert | independent,Coffee/Cafe/Bakery/Dessert | independent,agreed,
HEALTH2024-00728,LA TIENDITA,Grocery/Market,Hispanic grocery,independent,independent_specialty,medium,name,Grocery/Market | independent | independent_specialty,Grocery/Market | independent | independent_specialty,agreed,
HEALTH2024-00729,CADILLAC PIZZA,Pizza/Italian,pizza,independent,,high,name,Pizza/Italian | independent,Pizza/Italian | independent,agreed,
HEALTH2024-00731,TIPSY CRAWFISH,"American (sit-down, bars, venues)",Cajun crawfish,independent,,low,"name; comments mention crawfish, gumbo","American (sit-down, bars, venues) | independent","American (sit-down, bars, venues) | unknown",adjudicated,"chain: A independent, B unknown; name not recognized as a chain"
HEALTH2024-00732,BARONS CREEK VINEYARDS,"American (sit-down, bars, venues)",winery tasting room with small plates,local_multi,,medium,comments mention cheese,"American (sit-down, bars, venues) | local_multi","American (sit-down, bars, venues) | national_regional",adjudicated,"chain: A local_multi, B national_regional; Hill Country winery with a few tasting rooms"
HEALTH2024-00733,HOKKAIDO RAMEN MCKINNEY SUSHI,Japanese,ramen and sushi,independent,,high,name,Japanese | independent,Japanese | independent,agreed,
HEALTH2024-00734,DICKEYS BARBECUE PIT,"American (sit-down, bars, venues)",BBQ,national_regional,,high,known chain,"American (sit-down, bars, venues) | national_regional","American (sit-down, bars, venues) | national_regional",agreed,
HEALTH2024-00735,HOLY FAMILY SCHOOL,Institutional,school/daycare,independent,,high,school/daycare name,Institutional | independent,Institutional | unknown,adjudicated,"chain: A independent, B unknown; unrecognized single-site school/daycare name"
HEALTH2024-00737,OUMI SUSHI @ SPROUTS 132,Grocery/Market,sushi counter inside Sprouts,national_regional,mainstream_supermarket,medium,address is Sprouts; name says inside/at store,Grocery/Market | unknown | mainstream_supermarket,Japanese | national_regional,adjudicated,"B coded Japanese; in-store counters follow the agreed convention for supermarket food service (Target cafe, H-E-B BBQ counter, Costco food court); chain = host store"
HEALTH2024-00738,PANERA BREAD #924,Deli/Sandwich/Salad,sandwiches/salads,national_regional,,high,known chain,Deli/Sandwich/Salad | national_regional,Deli/Sandwich/Salad | national_regional,agreed,
HEALTH2024-00739,WINGSTOP,Fast Food,wings,national_regional,,high,known chain,Fast Food | national_regional,Fast Food | national_regional,agreed,
HEALTH2024-00741,WINGSTOP,Fast Food,wings,national_regional,,high,known chain,Fast Food | national_regional,Fast Food | national_regional,agreed,
HEALTH2024-00742,FOXIIS RESTAURANT AND GRILL,"American (sit-down, bars, venues)",restaurant & grill (Southern and Tex-Mex items),independent,,low,"notes beans, taco meat, pico, brisket, mac and cheese, mashed potatoes, bar",Unknown | independent,Mexican/Tex-Mex/Latin | independent,adjudicated,"mixed menu; A Unknown, B Mexican"
HEALTH2024-00743,SALTGRASS STEAKHOUSE,"American (sit-down, bars, venues)",steakhouse,national_regional,,high,known chain,"American (sit-down, bars, venues) | national_regional","American (sit-down, bars, venues) | national_regional",agreed,
HEALTH2024-00744,CIRCLE K #2741759,Convenience/Gas,convenience store / gas station,national_regional,,high,name / known chain,Convenience/Gas | national_regional,Convenience/Gas | national_regional,agreed,
HEALTH2024-00745,SULTAN,Mediterranean/Middle Eastern,Turkish/Middle Eastern,independent,,medium,"name; comments mention yogurt drink, baklava",Mediterranean/Middle Eastern | independent,Mediterranean/Middle Eastern | independent,agreed,
HEALTH2024-00746,SHERATON MCKINNEY,Hotel/Caterer/Commissary,hotel,national_regional,,high,hotel name,Hotel/Caterer/Commissary | national_regional,Hotel/Caterer/Commissary | national_regional,agreed,
HEALTH2024-00747,CHICKEN EXPRESS,Fast Food,fried chicken,national_regional,,high,known chain,Fast Food | national_regional,Fast Food | national_regional,agreed,
HEALTH2024-00748,BAYLOR- TOWN SQUARE CAFE,Institutional,hospital cafe,national_regional,,high,Baylor hospital address,Institutional | national_regional,Institutional | national_regional,agreed,
HEALTH2024-00749,Chesnut Village Coffee & Gift Shop 24 Hour Micromarket,Other non-restaurant,micro market / vending,unknown,,high,name says micro market/vending,Other non-restaurant | unknown,Other non-restaurant | unknown,agreed,
HEALTH2024-00750,54TH STREET,"American (sit-down, bars, venues)",American casual dining,national_regional,,high,known chain,"American (sit-down, bars, venues) | national_regional","American (sit-down, bars, venues) | national_regional",agreed,
HEALTH2024-00751,COSTCO BAKERY,Grocery/Market,Costco - bakery,national_regional,mainstream_supermarket,high,known chain,Grocery/Market | national_regional | mainstream_supermarket,Grocery/Market | national_regional | mainstream_supermarket,agreed,
HEALTH2024-00752,COSTCO GROCERY,Grocery/Market,Costco - grocery,national_regional,mainstream_supermarket,high,known chain,Grocery/Market | national_regional | mainstream_supermarket,Grocery/Market | national_regional | mainstream_supermarket,agreed,
HEALTH2024-00753,COSTCO MEAT/DELI,Grocery/Market,Costco - deli,national_regional,mainstream_supermarket,high,known chain,Grocery/Market | national_regional | mainstream_supermarket,Grocery/Market | national_regional | mainstream_supermarket,agreed,
HEALTH2024-00754,COSTCO FOOD COURT,Grocery/Market,Costco - food court,national_regional,mainstream_supermarket,high,known chain,Grocery/Market | national_regional | mainstream_supermarket,Grocery/Market | national_regional | mainstream_supermarket,agreed,
HEALTH2024-00755,WALMART #206 BAKERY,Grocery/Market,Walmart - bakery,national_regional,mainstream_supermarket,high,known chain,Grocery/Market | national_regional | mainstream_supermarket,Grocery/Market | national_regional | mainstream_supermarket,agreed,
HEALTH2024-00756,WALMART #206 PRODUCE,Grocery/Market,Walmart - produce,national_regional,mainstream_supermarket,high,known chain,Grocery/Market | national_regional | mainstream_supermarket,Grocery/Market | national_regional | mainstream_supermarket,agreed,
HEALTH2024-00757,WAL-MART #206 - DELI,Grocery/Market,Walmart - deli,national_regional,mainstream_supermarket,high,known chain,Grocery/Market | national_regional | mainstream_supermarket,Grocery/Market | national_regional | mainstream_supermarket,agreed,
HEALTH2024-00758,WAL-MART #206 GROCERY,Grocery/Market,Walmart - grocery,national_regional,mainstream_supermarket,high,known chain,Grocery/Market | national_regional | mainstream_supermarket,Grocery/Market | national_regional | mainstream_supermarket,agreed,
HEALTH2024-00759,ENCORE SOUTH BREAKROOM,Other non-restaurant,micro market (employer break room),unknown,,high,related permits say micro market,Other non-restaurant | unknown,Other non-restaurant | independent,adjudicated,"chain: A unknown, B independent; micro market/break room named for the employer; operator not named (agreed rule: operator named -> its chain status, else unknown)"
HEALTH2024-00761,BUFFALO WILD WINGS,"American (sit-down, bars, venues)",sports bar / wings,national_regional,,high,known chain,"American (sit-down, bars, venues) | national_regional","American (sit-down, bars, venues) | national_regional",agreed,
HEALTH2024-00762,SIMPSON STRONG TIE,Other non-restaurant,micro market (employer break room),unknown,,medium,break room; related permit mentions packaged sandwiches,Other non-restaurant | unknown,Other non-restaurant | independent,adjudicated,"chain: A unknown, B independent; micro market/break room named for the employer; operator not named (agreed rule: operator named -> its chain status, else unknown)"
HEALTH2024-00763,MEDICAL CENTER,Other non-restaurant,hospital micro market (Canteen),national_regional,,medium,"notes pay station, Canteen, salad vending machine",Institutional | national_regional,Other non-restaurant | national_regional,adjudicated,"micro market at the hospital address, not the hospital kitchen"
HEALTH2024-00764,ENCORE NW BREAKROOM,Other non-restaurant,micro market (employer break room),unknown,,high,related permits say micro market,Other non-restaurant | unknown,Other non-restaurant | independent,adjudicated,"chain: A unknown, B independent; micro market/break room named for the employer; operator not named (agreed rule: operator named -> its chain status, else unknown)"
HEALTH2024-00765,PARK MANOR OF MCKINNEY,Institutional,senior living / nursing,national_regional,,high,senior living name,Institutional | national_regional,Institutional | national_regional,agreed,
HEALTH2024-00767,Long John Silver,Fast Food,fried fish,national_regional,,high,known chain,Fast Food | national_regional,Fast Food | national_regional,agreed,
HEALTH2024-00768,Parlor Doughnuts,Coffee/Cafe/Bakery/Dessert,donuts,national_regional,,high,known chain,Coffee/Cafe/Bakery/Dessert | national_regional,Coffee/Cafe/Bakery/Dessert | national_regional,agreed,
HEALTH2024-00769,Shake Shack,Fast Food,burgers,national_regional,,high,known chain,Fast Food | national_regional,Fast Food | national_regional,agreed,
HEALTH2024-00770,REDBUD PLACE,Institutional,residential care kitchen,unknown,,low,Ecolab-serviced kitchen; same address as Redbud House,Institutional | unknown,Institutional | unknown,agreed,
HEALTH2024-00772,QAHWAH HOUSE COFFEE SHOP,Coffee/Cafe/Bakery/Dessert,Yemeni coffee,national_regional,,high,known chain,Coffee/Cafe/Bakery/Dessert | national_regional,Coffee/Cafe/Bakery/Dessert | national_regional,agreed,
HEALTH2024-00773,Deviled Egg Company,"American (sit-down, bars, venues)",Southern (deviled eggs),independent,,low,name,"American (sit-down, bars, venues) | independent","American (sit-down, bars, venues) | independent",agreed,
HEALTH2024-00774,Seasonal Snow Cone stand,Coffee/Cafe/Bakery/Dessert,snow cones,independent,,high,name,Coffee/Cafe/Bakery/Dessert | independent,Coffee/Cafe/Bakery/Dessert | independent,agreed,
HEALTH2024-00776,ELDORADO COUNTRY CLUB,"American (sit-down, bars, venues)",country club,independent,,high,name,"American (sit-down, bars, venues) | independent","American (sit-down, bars, venues) | independent",agreed,
HEALTH2024-00778,EVENTS AT THE EAST MCKINNEY- FLOUR MILL BISTRO,"American (sit-down, bars, venues)",event venue bistro,independent,,medium,name,"American (sit-down, bars, venues) | independent","American (sit-down, bars, venues) | independent",agreed,
HEALTH2024-00779,Dolly Llama Waffle House,Coffee/Cafe/Bakery/Dessert,bubble waffles and ice cream,national_regional,,high,known dessert chain,Coffee/Cafe/Bakery/Dessert | national_regional,Coffee/Cafe/Bakery/Dessert | national_regional,agreed,
HEALTH2024-00780,DESI SPICE CAFE,Indian,Indian,independent,,high,name,Indian | independent,Indian | independent,agreed,
HEALTH2024-00783,POPSHELF,Convenience/Gas,dollar/discount store,national_regional,,high,known chain,Convenience/Gas | national_regional,Convenience/Gas | national_regional,agreed,
HEALTH2024-00784,LIONHEART FELLOWSHIP,Institutional,church,independent,,medium,church name,Institutional | independent,Institutional | independent,agreed,
HEALTH2024-00785,MAPLE STREET,"American (sit-down, bars, venues)",Southern breakfast (biscuits),national_regional,,high,known chain,"American (sit-down, bars, venues) | national_regional","American (sit-down, bars, venues) | national_regional",agreed,
HEALTH2024-00786,STARBUCKS COFFEE #80332,Coffee/Cafe/Bakery/Dessert,coffee,national_regional,,high,known chain,Coffee/Cafe/Bakery/Dessert | national_regional,Coffee/Cafe/Bakery/Dessert | national_regional,agreed,
HEALTH2024-00790,ALDI GROCERY #47,Grocery/Market,Aldi - grocery,national_regional,mainstream_supermarket,high,known chain,Grocery/Market | national_regional | mainstream_supermarket,Grocery/Market | national_regional | mainstream_supermarket,agreed,
HEALTH2024-00791,SHOGUN HIBACHI & SUSHI,Japanese,hibachi and sushi,independent,,high,name,Japanese | independent,Japanese | independent,agreed,
HEALTH2024-00792,MCKINNEY MONTESSORI,Institutional,school/daycare,independent,,high,school/daycare name,Institutional | independent,Institutional | unknown,adjudicated,"chain: A independent, B unknown; unrecognized single-site school/daycare name"
HEALTH2024-00793,BRAUM'S ICE CREAM #77,Fast Food,burgers / ice cream / dairy store,national_regional,,high,known chain,Fast Food | national_regional,Fast Food | national_regional,agreed,
HEALTH2024-00794,STARBUCK'S COFFEE #6416,Coffee/Cafe/Bakery/Dessert,coffee,national_regional,,high,known chain,Coffee/Cafe/Bakery/Dessert | national_regional,Coffee/Cafe/Bakery/Dessert | national_regional,agreed,
HEALTH2024-00795,STARBUCKS #67352,Coffee/Cafe/Bakery/Dessert,coffee,national_regional,,high,known chain,Coffee/Cafe/Bakery/Dessert | national_regional,Coffee/Cafe/Bakery/Dessert | national_regional,agreed,
HEALTH2024-00796,TERESA'S HOUSE CRAIG RANCH BLDG 3,Institutional,residential care home,independent,,medium,name; multiple house buildings with residential kitchens,Institutional | local_multi,Institutional | independent,adjudicated,"chain: A local_multi, B independent; one local operator with several buildings"
HEALTH2024-00801,Chefs Classic Cuisine and Catering,Hotel/Caterer/Commissary,caterer,independent,,medium,name,Hotel/Caterer/Commissary | independent,Hotel/Caterer/Commissary | independent,agreed,
HEALTH2024-00803,TERESA'S HOUSE CRAIG RANCH BLDG 2,Institutional,residential care home,independent,,medium,name; multiple house buildings with residential kitchens,Institutional | local_multi,Institutional | independent,adjudicated,"chain: A local_multi, B independent; one local operator with several buildings"
HEALTH2024-00804,WENDY'S,Fast Food,burgers,national_regional,,high,known chain,Fast Food | national_regional,Fast Food | national_regional,agreed,
HEALTH2024-00805,AHA DONUTS,Coffee/Cafe/Bakery/Dessert,donuts/bagels,independent,,high,name,Coffee/Cafe/Bakery/Dessert | independent,Coffee/Cafe/Bakery/Dessert | independent,agreed,
HEALTH2024-00806,CULVERS,Fast Food,burgers / frozen custard,national_regional,,high,known chain,Fast Food | national_regional,Fast Food | national_regional,agreed,
HEALTH2024-00807,DOLLAR TREE #05875,Convenience/Gas,dollar/discount store,national_regional,,high,known chain,Convenience/Gas | national_regional,Convenience/Gas | national_regional,agreed,
HEALTH2024-00808,ELDORADO COUNTRY CLUB SNACK BAR,Venue/Concession,country club pool snack bar,independent,,medium,name,Venue/Concession | independent,Venue/Concession | independent,agreed,
HEALTH2024-00809,DOLLAR TREE #3294,Convenience/Gas,dollar/discount store,national_regional,,high,known chain,Convenience/Gas | national_regional,Convenience/Gas | national_regional,agreed,
HEALTH2024-00811,LITTLE CAESARS PIZZA,Pizza/Italian,pizza,national_regional,,high,known chain,Pizza/Italian | national_regional,Pizza/Italian | national_regional,agreed,
HEALTH2024-00812,LITTLE CAESARS,Pizza/Italian,pizza,national_regional,,high,known chain,Pizza/Italian | national_regional,Pizza/Italian | national_regional,agreed,
HEALTH2024-00813,DOLLAR TREEE #8264,Convenience/Gas,dollar/discount store,national_regional,,high,known chain,Convenience/Gas | national_regional,Convenience/Gas | national_regional,agreed,
HEALTH2024-00816,LONCHERIA HERNANDEZ,Mexican/Tex-Mex/Latin,loncheria,independent,,high,name,Mexican/Tex-Mex/Latin | independent,Mexican/Tex-Mex/Latin | independent,agreed,
HEALTH2024-00817,GOODY ASIAN CUISINE,Asian (unspecified),pan-Asian,independent,,medium,name,Asian (unspecified) | independent,Asian (unspecified) | independent,agreed,
HEALTH2024-00818,YOHE SUSHI & SEAFOOD,Japanese,sushi and seafood,independent,,low,"name; comments mention oysters, sausage",Japanese | independent,Japanese | independent,agreed,
HEALTH2024-00819,URBAN AIR MCKINNEY,Venue/Concession,trampoline park,national_regional,,high,known chain,Venue/Concession | national_regional,Venue/Concession | national_regional,agreed,
HEALTH2024-00820,HIDEAWAY PIZZA,Pizza/Italian,pizza,national_regional,,high,known chain,Pizza/Italian | national_regional,Pizza/Italian | national_regional,agreed,
HEALTH2024-00822,MCKINNEY HEALTHCARE AND REHABILITATION,Institutional,senior living / nursing,unknown,,high,senior living name,Institutional | independent,Institutional | unknown,adjudicated,"chain: A independent, B unknown; unrecognized senior-living/nursing name (often owned by multi-site operators under local names)"
HEALTH2024-00823,CHOP SHOP WINE BAR,"American (sit-down, bars, venues)",wine bar,independent,,medium,name,"American (sit-down, bars, venues) | independent","American (sit-down, bars, venues) | independent",agreed,
HEALTH2024-00824,Leaf Cafe,Coffee/Cafe/Bakery/Dessert,cafe (pastries),independent,,medium,name; comments mention pastries,Coffee/Cafe/Bakery/Dessert | independent,Coffee/Cafe/Bakery/Dessert | independent,agreed,
HEALTH2024-00825,SD DONUTS,Coffee/Cafe/Bakery/Dessert,donuts/bagels,independent,,high,name,Coffee/Cafe/Bakery/Dessert | independent,Coffee/Cafe/Bakery/Dessert | independent,agreed,
HEALTH2024-00826,VILLAGE ON THE PARK,Institutional,senior living / nursing,local_multi,,low,senior living name,Institutional | local_multi,Institutional | national_regional,adjudicated,"chain: A local_multi, B national_regional; senior-living brand with two McKinney communities in the data (took over HarborChase and Anthology sites in 2024)"
HEALTH2024-00827,CICI PIZZA,Pizza/Italian,pizza,national_regional,,high,known chain,Pizza/Italian | national_regional,Pizza/Italian | national_regional,agreed,
HEALTH2024-00829,TACO OCHO,Mexican/Tex-Mex/Latin,tacos (Tex-Mex),local_multi,,high,known chain,Mexican/Tex-Mex/Latin | national_regional,Mexican/Tex-Mex/Latin | local_multi,adjudicated,"chain: A national_regional, B local_multi; DFW-only taco chain"
HEALTH2024-00830,BENNY'S BAGELS,Coffee/Cafe/Bakery/Dessert,donuts/bagels,independent,,high,name,Coffee/Cafe/Bakery/Dessert | independent,Coffee/Cafe/Bakery/Dessert | independent,agreed,
HEALTH2024-00831,EGGMANIA,Indian,Indian egg dishes,local_multi,,medium,"known DFW brand; notes paste, butter, chicken, lemon juice","American (sit-down, bars, venues) | independent",Indian | local_multi,adjudicated,
HEALTH2024-00832,GLOBE LIFE 2,Other non-restaurant,micro market (employer),unknown,,medium,related permit refers to markets on site,Other non-restaurant | unknown,Other non-restaurant | independent,adjudicated,"chain: A unknown, B independent; micro market/break room named for the employer; operator not named (agreed rule: operator named -> its chain status, else unknown)"
HEALTH2024-00833,GLOBE LIFE,Other non-restaurant,micro market (employer),unknown,,medium,related permit refers to markets on site,Other non-restaurant | unknown,Other non-restaurant | independent,adjudicated,"chain: A unknown, B independent; micro market/break room named for the employer; operator not named (agreed rule: operator named -> its chain status, else unknown)"
HEALTH2024-00835,NOM NOMS MEXICAN GRILL-N-CHILL,Mexican/Tex-Mex/Latin,Mexican,independent,,high,name,Mexican/Tex-Mex/Latin | independent,Mexican/Tex-Mex/Latin | independent,agreed,
HEALTH2024-00836,TOKYO GARDEN CATERING,Grocery/Market,sushi counter inside H-E-B,national_regional,mainstream_supermarket,medium,address is H-E-B,Grocery/Market | national_regional | mainstream_supermarket,Japanese | unknown,adjudicated,"B coded Japanese; in-store counters follow the agreed convention for supermarket food service (Target cafe, H-E-B BBQ counter, Costco food court); chain = host store"
HEALTH2024-00837,BROOKDALE STONEBRIDGE RANCH,Institutional,senior living / nursing,national_regional,,high,senior living name,Institutional | national_regional,Institutional | national_regional,agreed,
HEALTH2024-00839,Cubana Grille,Mexican/Tex-Mex/Latin,Cuban,independent,,medium,name,Mexican/Tex-Mex/Latin | independent,Mexican/Tex-Mex/Latin | independent,agreed,
HEALTH2024-00840,EL POLLO ALEGRE,Mexican/Tex-Mex/Latin,Mexican grilled chicken,independent,,medium,name,Mexican/Tex-Mex/Latin | independent,Mexican/Tex-Mex/Latin | independent,agreed,
HEALTH2024-00841,LA MADELEINE,Coffee/Cafe/Bakery/Dessert,French bakery-cafe,national_regional,,medium,"known chain; notes pastry, quiche, soup",Coffee/Cafe/Bakery/Dessert | national_regional,Other cuisine | national_regional,adjudicated,bakery-cafe coded with bakeries (like House of Bread); Other cuisine (French) was the alternative
HEALTH2024-00842,YO YO BEST THAI,Thai,Thai,independent,,high,name,Thai | independent,Thai | independent,agreed,
HEALTH2024-00845,JUAREZ,Mexican/Tex-Mex/Latin,Mexican,independent,,medium,name (Juarez); comments mention salsa,Mexican/Tex-Mex/Latin | independent,Mexican/Tex-Mex/Latin | independent,agreed,
HEALTH2024-00847,COLD STONE CREAMERY,Coffee/Cafe/Bakery/Dessert,ice cream,national_regional,,high,known chain,Coffee/Cafe/Bakery/Dessert | national_regional,Coffee/Cafe/Bakery/Dessert | national_regional,agreed,
HEALTH2024-00848,Anamia's Tex-Mex,Mexican/Tex-Mex/Latin,Tex-Mex,local_multi,,high,name; known DFW chain,Mexican/Tex-Mex/Latin | local_multi,Mexican/Tex-Mex/Latin | local_multi,agreed,
HEALTH2024-00849,CAVALLI PIZZA,Pizza/Italian,pizza,local_multi,,high,name,Pizza/Italian | independent,Pizza/Italian | local_multi,adjudicated,"chain: A independent, B local_multi; DFW pizza chain"
HEALTH2024-00850,SNOWFRUIT 488,Grocery/Market,cut-fruit counter inside Kroger #488 (address typo),national_regional,mainstream_supermarket,medium,address is Kroger #488 (address typo),Grocery/Market | national_regional | mainstream_supermarket,Coffee/Cafe/Bakery/Dessert | national_regional,adjudicated,"B coded Coffee/Cafe/Bakery/Dessert; in-store counters follow the agreed convention for supermarket food service (Target cafe, H-E-B BBQ counter, Costco food court); chain = host store"
HEALTH2024-00851,IVY KIDS,Institutional,school/daycare,national_regional,,high,school/daycare name,Institutional | national_regional,Institutional | national_regional,agreed,
HEALTH2024-00852,STARBUCKS COFFEE #10088,Coffee/Cafe/Bakery/Dessert,coffee,national_regional,,high,known chain,Coffee/Cafe/Bakery/Dessert | national_regional,Coffee/Cafe/Bakery/Dessert | national_regional,agreed,
HEALTH2024-00853,The Prep School McKinney,Institutional,school/daycare,independent,,high,school/daycare name,Institutional | independent,Institutional | unknown,adjudicated,"chain: A independent, B unknown; unrecognized single-site school/daycare name"
HEALTH2024-00854,SUGARBACON,"American (sit-down, bars, venues)",American brunch/dinner,independent,,high,name; known downtown restaurant,"American (sit-down, bars, venues) | independent","American (sit-down, bars, venues) | independent",agreed,
HEALTH2024-00855,HEB Grocery,Grocery/Market,H-E-B - grocery,national_regional,mainstream_supermarket,high,known chain,Grocery/Market | national_regional | mainstream_supermarket,Grocery/Market | national_regional | mainstream_supermarket,agreed,
HEALTH2024-00856,HEB -Seafood,Grocery/Market,H-E-B - seafood,national_regional,mainstream_supermarket,high,known chain,Grocery/Market | national_regional | mainstream_supermarket,Grocery/Market | national_regional | mainstream_supermarket,agreed,
HEALTH2024-00857,HEB - Produce,Grocery/Market,H-E-B - produce,national_regional,mainstream_supermarket,high,known chain,Grocery/Market | national_regional | mainstream_supermarket,Grocery/Market | national_regional | mainstream_supermarket,agreed,
HEALTH2024-00858,HEB -Bakery,Grocery/Market,H-E-B - bakery,national_regional,mainstream_supermarket,high,known chain,Grocery/Market | national_regional | mainstream_supermarket,Grocery/Market | national_regional | mainstream_supermarket,agreed,
HEALTH2024-00859,HEB- Deli,Grocery/Market,H-E-B - deli,national_regional,mainstream_supermarket,high,known chain,Grocery/Market | national_regional | mainstream_supermarket,Grocery/Market | national_regional | mainstream_supermarket,agreed,
HEALTH2024-00862,KOBE STEAK & SUSHI,Japanese,hibachi steakhouse and sushi,independent,,high,name,Japanese | independent,Japanese | independent,agreed,
HEALTH2024-00863,SUSHI KOSHI,Japanese,sushi,independent,,high,name; comments mention miso soup,Japanese | independent,Japanese | independent,agreed,
HEALTH2024-00864,Graze Craze Charcuterie Retail Store,Deli/Sandwich/Salad,charcuterie boards,national_regional,,medium,known chain; name says charcuterie,Deli/Sandwich/Salad | national_regional,Deli/Sandwich/Salad | national_regional,agreed,
HEALTH2024-00865,7-11 #37296,Convenience/Gas,convenience store / gas station,national_regional,,high,name / known chain,Convenience/Gas | national_regional,Convenience/Gas | national_regional,agreed,
HEALTH2024-00868,Pho Que Huong Noodle & Grill,Vietnamese,Vietnamese,independent,,high,name,Vietnamese | independent,Vietnamese | independent,agreed,
HEALTH2024-00869,Vitality Bowls,Coffee/Cafe/Bakery/Dessert,acai bowls,national_regional,,high,known chain,Coffee/Cafe/Bakery/Dessert | national_regional,Coffee/Cafe/Bakery/Dessert | national_regional,agreed,
HEALTH2024-00871,VILLAGE GREEN,Institutional,memory care home,unknown,,medium,name (Village Green memory care),Unknown | unknown,Institutional | independent,adjudicated,
HEALTH2024-00874,PATINA GREEN HOME AND MARKET,Deli/Sandwich/Salad,cafe and home-goods market,independent,,medium,"name; comments mention ham, soup",Deli/Sandwich/Salad | independent,Deli/Sandwich/Salad | independent,agreed,
HEALTH2024-00877,BLUE GOOSE,Mexican/Tex-Mex/Latin,Tex-Mex,local_multi,,high,name; known DFW Tex-Mex chain,Mexican/Tex-Mex/Latin | local_multi,Mexican/Tex-Mex/Latin | local_multi,agreed,
HEALTH2024-00878,CICCIO TRATTORIA,Pizza/Italian,Italian,independent,,high,name,Pizza/Italian | independent,Pizza/Italian | independent,agreed,
HEALTH2024-00879,McKinney Soccer,Venue/Concession,youth soccer concession,independent,,high,name,Venue/Concession | independent,Venue/Concession | independent,agreed,
HEALTH2024-00880,Yummi Sushi,Grocery/Market,sushi counter inside Albertsons #4234,national_regional,mainstream_supermarket,medium,address is Albertsons #4234,Grocery/Market | national_regional | mainstream_supermarket,Japanese | unknown,adjudicated,"B coded Japanese; in-store counters follow the agreed convention for supermarket food service (Target cafe, H-E-B BBQ counter, Costco food court); chain = host store"
HEALTH2024-00883,The Cotton Mill Coffee Shop,Coffee/Cafe/Bakery/Dessert,coffee,independent,,high,name,Coffee/Cafe/Bakery/Dessert | independent,Coffee/Cafe/Bakery/Dessert | independent,agreed,
HEALTH2024-00884,WESTRIDGE GOLF COURSE,"American (sit-down, bars, venues)",golf course grill,independent,,medium,name (golf course),"American (sit-down, bars, venues) | independent","American (sit-down, bars, venues) | independent",agreed,
HEALTH2024-00886,Sprouts Farmers Market Grocery,Grocery/Market,Sprouts - grocery,national_regional,mainstream_supermarket,high,known chain,Grocery/Market | national_regional | mainstream_supermarket,Grocery/Market | national_regional | mainstream_supermarket,agreed,
HEALTH2024-00887,SICILY'S PASTA & PIZZA,Pizza/Italian,pizza and pasta,independent,,high,name,Pizza/Italian | independent,Pizza/Italian | independent,agreed,
HEALTH2024-00888,The Horse's Axe,"American (sit-down, bars, venues)",axe-throwing bar with snacks,independent,,medium,"name; notes salami, cheese only","American (sit-down, bars, venues) | independent",Venue/Concession | independent,adjudicated,"activity bars coded American, as agreed for Arcade 92 and Another Round disc golf taproom"
HEALTH2024-00889,SPANISH SCHOOLHOUSE MCKINNEY,Institutional,school/daycare,national_regional,,high,school/daycare name,Institutional | local_multi,Institutional | national_regional,adjudicated,"chain: A local_multi, B national_regional; child-care brand in Houston and DFW"
HEALTH2024-00890,MCKINNEY CHRISTIAN ACADEMY,Institutional,school/daycare,independent,,high,school/daycare name,Institutional | independent,Institutional | unknown,adjudicated,"chain: A independent, B unknown; unrecognized single-site school/daycare name"
HEALTH2024-00892,McKinney Soccer,Venue/Concession,youth soccer concession,independent,,high,name,Venue/Concession | independent,Venue/Concession | independent,agreed,
HEALTH2024-00893,McKinney Soccer,Venue/Concession,youth soccer concession,independent,,high,name,Venue/Concession | independent,Venue/Concession | independent,agreed,
HEALTH2024-00895,DOLLAR TREE #7341,Convenience/Gas,dollar/discount store,national_regional,,high,known chain,Convenience/Gas | national_regional,Convenience/Gas | national_regional,agreed,
HEALTH2024-00897,SIMPLY PHO HOUSE,Vietnamese,Vietnamese,independent,,high,name,Vietnamese | independent,Vietnamese | independent,agreed,
HEALTH2024-00898,CRUMBL,Coffee/Cafe/Bakery/Dessert,cookies,national_regional,,high,known chain,Coffee/Cafe/Bakery/Dessert | national_regional,Coffee/Cafe/Bakery/Dessert | national_regional,agreed,
HEALTH2024-00899,TACO BUENO,Fast Food,Taco Bueno,national_regional,,high,known chain,Fast Food | national_regional,Fast Food | national_regional,agreed,
HEALTH2024-00900,The Goddard School,Institutional,school/daycare,national_regional,,high,school/daycare name,Institutional | national_regional,Institutional | national_regional,agreed,
HEALTH2024-00903,Independent Financial 1st Floor,Other non-restaurant,employer coffee station / micro market,unknown,,low,office floor; only cooler noted,Other non-restaurant | unknown,Other non-restaurant | independent,adjudicated,"chain: A unknown, B independent; micro market/break room named for the employer; operator not named (agreed rule: operator named -> its chain status, else unknown)"
HEALTH2024-00905,AMORE LOUNGE,"American (sit-down, bars, venues)",lounge/bar,independent,,low,name (lounge),"American (sit-down, bars, venues) | independent","American (sit-down, bars, venues) | independent",agreed,
HEALTH2024-00906,7-ELEVEN STORE #33697,Convenience/Gas,convenience store / gas station,national_regional,,high,name / known chain,Convenience/Gas | national_regional,Convenience/Gas | national_regional,agreed,
HEALTH2024-00914,Cocktail Creamery,Coffee/Cafe/Bakery/Dessert,alcohol-infused ice cream,independent,,medium,name,Coffee/Cafe/Bakery/Dessert | independent,Coffee/Cafe/Bakery/Dessert | independent,agreed,
HEALTH2024-00916,Hamms,Grocery/Market,meat market,independent,independent_specialty,high,name,Grocery/Market | independent | independent_specialty,Grocery/Market | independent | independent_specialty,agreed,
HEALTH2024-00917,Sprouts Farmers Market - Seafood Department,Grocery/Market,Sprouts - seafood,national_regional,mainstream_supermarket,high,known chain,Grocery/Market | national_regional | mainstream_supermarket,Grocery/Market | national_regional | mainstream_supermarket,agreed,
HEALTH2024-00918,Sprouts Farmers Market - Produce,Grocery/Market,Sprouts - produce,national_regional,mainstream_supermarket,high,known chain,Grocery/Market | national_regional | mainstream_supermarket,Grocery/Market | national_regional | mainstream_supermarket,agreed,
HEALTH2024-00919,Sprouts Farmers Market - Deli,Grocery/Market,Sprouts - deli,national_regional,mainstream_supermarket,high,known chain,Grocery/Market | national_regional | mainstream_supermarket,Grocery/Market | national_regional | mainstream_supermarket,agreed,
HEALTH2024-00920,Sprouts Farmers Market - Meat,Grocery/Market,Sprouts - meat,national_regional,mainstream_supermarket,high,known chain,Grocery/Market | national_regional | mainstream_supermarket,Grocery/Market | national_regional | mainstream_supermarket,agreed,
HEALTH2024-00923,BIG TACO,Mexican/Tex-Mex/Latin,tacos,independent,,medium,"name; comments mention beans, rice",Mexican/Tex-Mex/Latin | independent,Mexican/Tex-Mex/Latin | independent,agreed,
HEALTH2024-00924,7-11,Convenience/Gas,convenience store / gas station,national_regional,,high,name / known chain,Convenience/Gas | national_regional,Convenience/Gas | national_regional,agreed,
HEALTH2024-00925,SALI'S ITALIAN,Pizza/Italian,Italian,independent,,high,name,Pizza/Italian | independent,Pizza/Italian | independent,agreed,
HEALTH2024-00926,HEARTLAND MONTESSORI ACADEMY,Institutional,school/daycare,independent,,high,school/daycare name,Institutional | independent,Institutional | unknown,adjudicated,"chain: A independent, B unknown; unrecognized single-site school/daycare name"
HEALTH2024-00927,MOD PIZZA,Pizza/Italian,pizza,national_regional,,high,known chain,Pizza/Italian | national_regional,Pizza/Italian | national_regional,agreed,
HEALTH2024-00928,CHILI'S GRILL & BAR,"American (sit-down, bars, venues)",American casual dining,national_regional,,high,known chain,"American (sit-down, bars, venues) | national_regional","American (sit-down, bars, venues) | national_regional",agreed,
HEALTH2024-00932,EVERBROOK ACADEMY,Institutional,school/daycare,national_regional,,high,school/daycare name,Institutional | national_regional,Institutional | national_regional,agreed,
HEALTH2024-00936,EGG-CITED BRUNCH HOUSE,"American (sit-down, bars, venues)",breakfast/brunch,independent,,medium,name,"American (sit-down, bars, venues) | independent","American (sit-down, bars, venues) | independent",agreed,
HEALTH2024-00937,HEB -Meat Market,Grocery/Market,H-E-B - meat,national_regional,mainstream_supermarket,high,known chain,Grocery/Market | national_regional | mainstream_supermarket,Grocery/Market | national_regional | mainstream_supermarket,agreed,
HEALTH2024-00938,HEB -TTBBQ Restaurant,Grocery/Market,H-E-B - in-store restaurant,national_regional,mainstream_supermarket,high,known chain,Grocery/Market | national_regional | mainstream_supermarket,Grocery/Market | national_regional | mainstream_supermarket,agreed,
HEALTH2024-00939,HEB - Cheese Shop,Grocery/Market,H-E-B - cheese shop,national_regional,mainstream_supermarket,high,known chain,Grocery/Market | national_regional | mainstream_supermarket,Grocery/Market | national_regional | mainstream_supermarket,agreed,
HEALTH2024-00940,HEB -Cooking Connection,Grocery/Market,H-E-B - cooking demo kitchen,national_regional,mainstream_supermarket,high,known chain,Grocery/Market | national_regional | mainstream_supermarket,Grocery/Market | national_regional | mainstream_supermarket,agreed,
HEALTH2024-00944,TRADER JOES,Grocery/Market,Trader Joe's,national_regional,mainstream_supermarket,high,known chain,Grocery/Market | national_regional | mainstream_supermarket,Grocery/Market | national_regional | mainstream_supermarket,agreed,
HEALTH2024-00946,FIRST WATCH #292,"American (sit-down, bars, venues)",breakfast/brunch,national_regional,,high,known chain,"American (sit-down, bars, venues) | national_regional","American (sit-down, bars, venues) | national_regional",agreed,
HEALTH2024-00947,THE LEARNING EXPERIENCE,Institutional,school/daycare,national_regional,,high,school/daycare name,Institutional | national_regional,Institutional | national_regional,agreed,
HEALTH2024-00948,WHATABURGER #1105,Fast Food,burgers,national_regional,,high,known chain,Fast Food | national_regional,Fast Food | national_regional,agreed,
HEALTH2024-00952,TWIN PEAKS,"American (sit-down, bars, venues)",sports bar,national_regional,,high,known chain,"American (sit-down, bars, venues) | national_regional","American (sit-down, bars, venues) | national_regional",agreed,
HEALTH2024-00953,NULIFE NUTRITION,Coffee/Cafe/Bakery/Dessert,nutrition shakes,independent,,medium,name,Coffee/Cafe/Bakery/Dessert | independent,Coffee/Cafe/Bakery/Dessert | independent,agreed,
HEALTH2024-00955,SUBWAY #43170,Deli/Sandwich/Salad,sub sandwiches,national_regional,,high,known chain,Deli/Sandwich/Salad | national_regional,Deli/Sandwich/Salad | national_regional,agreed,
HEALTH2024-00958,Boba Bros.,Coffee/Cafe/Bakery/Dessert,boba tea,independent,,high,name,Coffee/Cafe/Bakery/Dessert | independent,Coffee/Cafe/Bakery/Dessert | independent,agreed,
HEALTH2024-00966,Tiger Ramen,Japanese,ramen,independent,,high,name,Japanese | independent,Japanese | independent,agreed,
HEALTH2024-00969,HAMPTON INN & SUITES,Hotel/Caterer/Commissary,hotel,national_regional,,high,hotel name,Hotel/Caterer/Commissary | national_regional,Hotel/Caterer/Commissary | national_regional,agreed,
HEALTH2024-00970,Collective Coffee,Coffee/Cafe/Bakery/Dessert,coffee,independent,,high,name,Coffee/Cafe/Bakery/Dessert | independent,Coffee/Cafe/Bakery/Dessert | independent,agreed,
HEALTH2024-00971,BURGER KING #21619,Fast Food,burgers,national_regional,,high,known chain,Fast Food | national_regional,Fast Food | national_regional,agreed,
HEALTH2024-00975,EINSTEIN BROS BAGELS,Coffee/Cafe/Bakery/Dessert,bagels,national_regional,,high,known chain,Coffee/Cafe/Bakery/Dessert | national_regional,Coffee/Cafe/Bakery/Dessert | national_regional,agreed,
HEALTH2024-00976,THE DONUT KITCHEN,Coffee/Cafe/Bakery/Dessert,donuts/bagels,independent,,high,name,Coffee/Cafe/Bakery/Dessert | independent,Coffee/Cafe/Bakery/Dessert | independent,agreed,
HEALTH2024-00978,MCKINNEY HORIZONS,Institutional,institutional kitchen (hot box meal service),unknown,,low,notes hot box only; eye-wash stations added to sinks,Unknown | unknown,Institutional | independent,adjudicated,
HEALTH2024-00982,ADVENTURE KIDS PLAYCARE,Institutional,school/daycare,local_multi,,low,school/daycare name,Institutional | local_multi,Institutional | national_regional,adjudicated,"chain: A local_multi, B national_regional; DFW child-care brand"
HEALTH2024-00983,STONEFIELD ASSISTED LIVING,Institutional,senior living / nursing,unknown,,high,senior living name,Institutional | independent,Institutional | unknown,adjudicated,"chain: A independent, B unknown; unrecognized senior-living/nursing name (often owned by multi-site operators under local names)"
HEALTH2024-00990,RAZZOO'S CAJUN CAFE,"American (sit-down, bars, venues)",Cajun,national_regional,,high,known chain,"American (sit-down, bars, venues) | national_regional","American (sit-down, bars, venues) | national_regional",agreed,
HEALTH2024-00991,TEXAS ROADHOUSE,"American (sit-down, bars, venues)",steakhouse,national_regional,,high,known chain,"American (sit-down, bars, venues) | national_regional","American (sit-down, bars, venues) | national_regional",agreed,
HEALTH2024-00992,HUGS CAFE,Deli/Sandwich/Salad,"cafe: sandwiches, salads",independent,,medium,name; comments mention pickles,Deli/Sandwich/Salad | independent,Deli/Sandwich/Salad | independent,agreed,
HEALTH2024-00993,SAN MIGUEL GRILL,Mexican/Tex-Mex/Latin,Mexican,independent,,medium,"name; comments mention beans, beef",Mexican/Tex-Mex/Latin | independent,Mexican/Tex-Mex/Latin | independent,agreed,
HEALTH2024-00994,HERITAGE LEARNING CENTER,Institutional,school/daycare,independent,,high,school/daycare name,Institutional | independent,Institutional | unknown,adjudicated,"chain: A independent, B unknown; unrecognized single-site school/daycare name"
HEALTH2024-00996,THE COFFEE CONNECTION,Coffee/Cafe/Bakery/Dessert,coffee,independent,,medium,name; comments mention chicken salad,Coffee/Cafe/Bakery/Dessert | independent,Coffee/Cafe/Bakery/Dessert | independent,agreed,
HEALTH2024-00997,COMPANY KITCHEN,Other non-restaurant,micro market,national_regional,,medium,known micro-market brand,Other non-restaurant | national_regional,Other non-restaurant | national_regional,agreed,
HEALTH2024-00998,CHIPTOLE MEXICAN GRILL,Mexican/Tex-Mex/Latin,Mexican fast casual,national_regional,,high,known chain,Mexican/Tex-Mex/Latin | national_regional,Mexican/Tex-Mex/Latin | national_regional,agreed,
HEALTH2024-00999,WHATABURGER #1018,Fast Food,burgers,national_regional,,high,known chain,Fast Food | national_regional,Fast Food | national_regional,agreed,
HEALTH2024-01003,SUBWAY #15420,Deli/Sandwich/Salad,sub sandwiches,national_regional,,high,known chain,Deli/Sandwich/Salad | national_regional,Deli/Sandwich/Salad | national_regional,agreed,
HEALTH2024-01004,CHILI'S BAR & GRILL,"American (sit-down, bars, venues)",American casual dining,national_regional,,high,known chain,"American (sit-down, bars, venues) | national_regional","American (sit-down, bars, venues) | national_regional",agreed,
HEALTH2024-01005,CIRCLE K #2741585,Convenience/Gas,convenience store / gas station,national_regional,,high,name / known chain,Convenience/Gas | national_regional,Convenience/Gas | national_regional,agreed,
HEALTH2024-01006,IMPERIAL GARDEN GRILL,Chinese,Chinese,independent,,low,name (Imperial Garden),Chinese | independent,Chinese | independent,agreed,
HEALTH2024-01007,HOOTERS,"American (sit-down, bars, venues)",sports bar,national_regional,,high,known chain,"American (sit-down, bars, venues) | national_regional","American (sit-down, bars, venues) | national_regional",agreed,
HEALTH2024-01008,CVS #5380,Convenience/Gas,pharmacy,national_regional,,high,known chain,Convenience/Gas | national_regional,Convenience/Gas | national_regional,agreed,
HEALTH2024-01009,CVS #5799,Convenience/Gas,pharmacy,national_regional,,high,known chain,Convenience/Gas | national_regional,Convenience/Gas | national_regional,agreed,
HEALTH2024-01015,ELIS AFRICAN MARKET,Grocery/Market,African grocery,independent,independent_specialty,high,name,Grocery/Market | independent | independent_specialty,Grocery/Market | independent | independent_specialty,agreed,
HEALTH2024-01016,EXOTIC BLENDZ BUBBLE TEA CO.,Coffee/Cafe/Bakery/Dessert,boba tea,independent,,high,name,Coffee/Cafe/Bakery/Dessert | independent,Coffee/Cafe/Bakery/Dessert | independent,agreed,
HEALTH2024-01017,SWIG,Coffee/Cafe/Bakery/Dessert,soda/drinks,national_regional,,high,known chain,Coffee/Cafe/Bakery/Dessert | national_regional,Coffee/Cafe/Bakery/Dessert | national_regional,agreed,
HEALTH2024-01019,STARBUCKS #561,Grocery/Market,Starbucks/coffee counter inside Market Street #561,national_regional,mainstream_supermarket,medium,address is Market Street #561,Grocery/Market | national_regional | mainstream_supermarket,Coffee/Cafe/Bakery/Dessert | national_regional,adjudicated,"B coded Coffee/Cafe/Bakery/Dessert; in-store counters follow the agreed convention for supermarket food service (Target cafe, H-E-B BBQ counter, Costco food court); chain = host store"
HEALTH2024-01020,DONUT HOPE,Coffee/Cafe/Bakery/Dessert,donuts/bagels,independent,,high,name,Coffee/Cafe/Bakery/Dessert | independent,Coffee/Cafe/Bakery/Dessert | independent,agreed,
HEALTH2024-01021,THE COMMON TABLE,"American (sit-down, bars, venues)",gastropub,local_multi,,medium,name,"American (sit-down, bars, venues) | local_multi","American (sit-down, bars, venues) | local_multi",agreed,
HEALTH2024-01022,MAAR LLC,Mexican/Tex-Mex/Latin,"Mexican (beans, rice)",independent,,low,"same operator as permit with beans, rice",Mexican/Tex-Mex/Latin | independent,Mexican/Tex-Mex/Latin | independent,agreed,
HEALTH2024-01023,THE IVY OF MCKINNEY,Institutional,senior living / nursing,unknown,,high,senior living name,Institutional | unknown,Institutional | unknown,agreed,
HEALTH2024-01024,THE IVY OF MCKINNEY - MEMORY CARE,Institutional,senior living / nursing,unknown,,high,senior living name,Institutional | unknown,Institutional | unknown,agreed,
HEALTH2024-01026,SPRING CREEK BBQ,"American (sit-down, bars, venues)",BBQ,national_regional,,low,name,"American (sit-down, bars, venues) | local_multi","American (sit-down, bars, venues) | national_regional",adjudicated,"chain: A local_multi, B national_regional; Texas BBQ chain in several metros"
HEALTH2024-01029,EVERBOWL,Coffee/Cafe/Bakery/Dessert,acai bowls,national_regional,,high,known chain,Coffee/Cafe/Bakery/Dessert | national_regional,Coffee/Cafe/Bakery/Dessert | national_regional,agreed,
HEALTH2024-01030,KIDS 'R' KIDS,Institutional,school/daycare,national_regional,,high,school/daycare name,Institutional | national_regional,Institutional | national_regional,agreed,
HEALTH2024-01031,SPICE AND TEA MERCHANTS,Other non-restaurant,packaged spices and teas,national_regional,,medium,name,Other non-restaurant | local_multi,Other non-restaurant | national_regional,adjudicated,"chain: A local_multi, B national_regional; multi-state franchise"
HEALTH2024-01037,THE CHATEAU,Institutional,residential facility kitchen (likely senior living),unknown,,low,"institutional menu (meatloaf, fried rice, baked potatoes); 2020 note says establishment on lock down",Unknown | unknown,Institutional | independent,adjudicated,
HEALTH2024-01039,DING TEA,Coffee/Cafe/Bakery/Dessert,boba tea,national_regional,,high,known chain,Coffee/Cafe/Bakery/Dessert | national_regional,Coffee/Cafe/Bakery/Dessert | national_regional,agreed,
HEALTH2024-01041,TARGET STORE #2142,Grocery/Market,Target,national_regional,mainstream_supermarket,high,known chain,Grocery/Market | national_regional | mainstream_supermarket,Grocery/Market | national_regional | mainstream_supermarket,agreed,
HEALTH2024-01042,Springhill Suites,Hotel/Caterer/Commissary,hotel,national_regional,,high,hotel name,Hotel/Caterer/Commissary | national_regional,Hotel/Caterer/Commissary | national_regional,agreed,
HEALTH2024-01043,CHILDCARE NETWORK #265,Institutional,school/daycare,national_regional,,high,school/daycare name,Institutional | national_regional,Institutional | national_regional,agreed,
HEALTH2024-01056,BIG BITES,Korean,"Korean (kimchi, noodles, rice)",independent,,medium,"comments mention kimchi, noodles, rice",Korean | independent,Korean | independent,agreed,
HEALTH2024-01058,CAFE OSMANIA,Indian,Hyderabadi cafe,independent,,medium,name (Osmania),Indian | independent,Indian | independent,agreed,
HEALTH2024-01063,ELOTES LOCOS,Mexican/Tex-Mex/Latin,elotes (Mexican street snacks),independent,,high,name,Mexican/Tex-Mex/Latin | independent,Mexican/Tex-Mex/Latin | independent,agreed,
HEALTH2024-01064,THE GUAVA TREE CUBAN CAFE AND CANTINA,Mexican/Tex-Mex/Latin,Cuban,independent,,high,name,Mexican/Tex-Mex/Latin | independent,Mexican/Tex-Mex/Latin | independent,agreed,
HEALTH2024-01065,MOVIEHOUSE & EATERY,Venue/Concession,dine-in movie theater,national_regional,,medium,known Texas chain,Venue/Concession | national_regional,Venue/Concession | local_multi,adjudicated,"chain: A national_regional, B local_multi; Texas dine-in theater chain in several metros"
HEALTH2024-01066,AMAZON BREAKROOM,Other non-restaurant,micro market (employer break room),unknown,,high,permit class is micro market,Other non-restaurant | unknown,Other non-restaurant | national_regional,adjudicated,"chain: A unknown, B national_regional; micro market/break room named for the employer; operator not named (agreed rule: operator named -> its chain status, else unknown)"
HEALTH2024-01067,LOCAL YOCAL BBQ AND GRILL,"American (sit-down, bars, venues)",BBQ,independent,,medium,"name; comments mention brisket, grits","American (sit-down, bars, venues) | independent","American (sit-down, bars, venues) | independent",agreed,
HEALTH2024-01068,LOCAL YOCAL (Event center) Catering Event Space,"American (sit-down, bars, venues)",event venue / catering space,independent,,medium,name (event center),"American (sit-down, bars, venues) | independent","American (sit-down, bars, venues) | independent",agreed,
HEALTH2024-01069,LoYo Burger,"American (sit-down, bars, venues)",burgers,independent,,medium,name,"American (sit-down, bars, venues) | independent","American (sit-down, bars, venues) | independent",agreed,
HEALTH2024-01070,WINGSTOP #964,Fast Food,wings,national_regional,,high,known chain,Fast Food | national_regional,Fast Food | national_regional,agreed,
HEALTH2024-01071,LITTLE CAESARS,Pizza/Italian,pizza,national_regional,,high,known chain,Pizza/Italian | national_regional,Pizza/Italian | national_regional,agreed,
HEALTH2024-01072,FIRST WATCH #291,"American (sit-down, bars, venues)",breakfast/brunch,national_regional,,high,known chain,"American (sit-down, bars, venues) | national_regional","American (sit-down, bars, venues) | national_regional",agreed,
HEALTH2024-01073,INDIA METRO HYPERMARKET,Grocery/Market,Indian grocery,local_multi,independent_specialty,high,name,Grocery/Market | local_multi | independent_specialty,Grocery/Market | local_multi | independent_specialty,agreed,
HEALTH2024-01074,Domino's Pizza #8791,Pizza/Italian,pizza,national_regional,,high,known chain,Pizza/Italian | national_regional,Pizza/Italian | national_regional,agreed,
HEALTH2024-01075,The Stix Icehouse Restaurant,"American (sit-down, bars, venues)",icehouse bar & grill,independent,,high,name,"American (sit-down, bars, venues) | independent","American (sit-down, bars, venues) | independent",agreed,
HEALTH2024-01076,HUTCHINS BBQ & GRILL,"American (sit-down, bars, venues)",BBQ,local_multi,,high,name,"American (sit-down, bars, venues) | local_multi","American (sit-down, bars, venues) | local_multi",agreed,
HEALTH2024-01080,SPOON'S CAFE,"American (sit-down, bars, venues)",Southern cafe,independent,,medium,"name; comments mention guacamole, chicken","American (sit-down, bars, venues) | independent","American (sit-down, bars, venues) | independent",agreed,
HEALTH2024-01081,DRIP N ROLL,Coffee/Cafe/Bakery/Dessert,rolled ice cream / coffee,independent,,medium,"comments mention cookie dough, strawberries",Coffee/Cafe/Bakery/Dessert | independent,Coffee/Cafe/Bakery/Dessert | independent,agreed,
HEALTH2024-01082,SMOOTHIE KING,Coffee/Cafe/Bakery/Dessert,smoothies/juice,national_regional,,high,known chain,Coffee/Cafe/Bakery/Dessert | national_regional,Coffee/Cafe/Bakery/Dessert | national_regional,agreed,
HEALTH2024-01083,JOE'S INTERNATIONAL MARKET - MEAT & BAKERY,Grocery/Market,"international/halal market (meat, bakery)",independent,independent_specialty,medium,name,Grocery/Market | independent | independent_specialty,Grocery/Market | independent | independent_specialty,agreed,
HEALTH2024-01084,SNOWFRUIT 565,Grocery/Market,cut-fruit counter inside Kroger #565,national_regional,mainstream_supermarket,medium,address is Kroger #565,Grocery/Market | national_regional | mainstream_supermarket,Coffee/Cafe/Bakery/Dessert | national_regional,adjudicated,"B coded Coffee/Cafe/Bakery/Dessert; in-store counters follow the agreed convention for supermarket food service (Target cafe, H-E-B BBQ counter, Costco food court); chain = host store"
HEALTH2024-01085,Umai Sushi,Japanese,sushi,independent,,high,name,Japanese | independent,Japanese | independent,agreed,
HEALTH2024-01087,A & D BUFFALO,"American (sit-down, bars, venues)",wings,independent,,medium,name (Buffalo),"American (sit-down, bars, venues) | independent","American (sit-down, bars, venues) | independent",agreed,
HEALTH2024-01093,MARY'S MOUNTAIN COOKIES,Coffee/Cafe/Bakery/Dessert,cookies,national_regional,,high,known chain,Coffee/Cafe/Bakery/Dessert | national_regional,Coffee/Cafe/Bakery/Dessert | national_regional,agreed,
HEALTH2024-01094,Dairy Queen # 14406,Fast Food,burgers / ice cream,national_regional,,high,known chain,Fast Food | national_regional,Fast Food | national_regional,agreed,
HEALTH2024-01095,PATEL BROTHERS GROCERY,Grocery/Market,Indian grocery,national_regional,independent_specialty,high,known chain,Grocery/Market | national_regional | independent_specialty,Grocery/Market | national_regional | independent_specialty,agreed,
HEALTH2024-01098,PHO LANE RESTAURANT,Vietnamese,Vietnamese,independent,,high,name,Vietnamese | independent,Vietnamese | independent,agreed,
HEALTH2024-01099,TERESA'S HOUSE BUILDING #6,Institutional,residential care home,independent,,medium,name; multiple house buildings with residential kitchens,Institutional | local_multi,Institutional | independent,adjudicated,"chain: A local_multi, B independent; one local operator with several buildings"
HEALTH2024-01100,GOODIES TEXAS,Unknown,,unknown,,low,name only; notes list refrigerator temperatures only,Coffee/Cafe/Bakery/Dessert | independent,Other non-restaurant | independent,adjudicated,A: sweets shop; B: Texas gift store; neither supported by notes
HEALTH2024-01101,Jersey Mike's Subs,Deli/Sandwich/Salad,sub sandwiches,national_regional,,high,known chain,Deli/Sandwich/Salad | national_regional,Deli/Sandwich/Salad | national_regional,agreed,
HEALTH2024-01103,Life Time - Life Cafe,Coffee/Cafe/Bakery/Dessert,gym cafe,national_regional,,medium,name (Life Time LifeCafe),Coffee/Cafe/Bakery/Dessert | national_regional,Coffee/Cafe/Bakery/Dessert | national_regional,agreed,
HEALTH2024-01104,OXFORD GRAND MCKINNEY,Institutional,senior living / nursing,national_regional,,high,senior living name,Institutional | local_multi,Institutional | national_regional,adjudicated,"chain: A local_multi, B national_regional; multi-state senior living operator"
HEALTH2024-01105,HANDEL'S ICE CREAM,Coffee/Cafe/Bakery/Dessert,ice cream,national_regional,,high,known chain,Coffee/Cafe/Bakery/Dessert | national_regional,Coffee/Cafe/Bakery/Dessert | national_regional,agreed,
HEALTH2024-01108,PSA MCKINNEY,Venue/Concession,sports facility concession,independent,,low,same site as permit with pizza hot hold,Venue/Concession | unknown,Venue/Concession | independent,adjudicated,"chain: A unknown, B independent; name not recognized as a chain"
HEALTH2024-01110,Hissho Sushi sushi bar inside Target 2335,Grocery/Market,sushi counter inside Target T-2335,national_regional,mainstream_supermarket,medium,address is Target T-2335; name says inside/at store,Grocery/Market | national_regional | mainstream_supermarket,Japanese | national_regional,adjudicated,"B coded Japanese; in-store counters follow the agreed convention for supermarket food service (Target cafe, H-E-B BBQ counter, Costco food court); chain = host store"
HEALTH2024-01111,Akshaya Pathra,Indian,Indian,independent,,medium,name (Sanskrit),Indian | independent,Indian | independent,agreed,
HEALTH2024-01115,MIKE'S HEALTH COLLECTION,Other non-restaurant,health products store,independent,,low,name; only reach-in noted,Other non-restaurant | independent,Other non-restaurant | independent,agreed,
HEALTH2024-01118,PATEL BROTHERS,Grocery/Market,Indian grocery,national_regional,independent_specialty,high,known chain,Grocery/Market | national_regional | independent_specialty,Grocery/Market | national_regional | independent_specialty,agreed,
HEALTH2024-01120,JOE'S INTERNATIONAL MARKET - GROCERY,Grocery/Market,international/halal market,independent,independent_specialty,medium,name,Grocery/Market | independent | independent_specialty,Grocery/Market | independent | independent_specialty,agreed,
HEALTH2024-01121,JOE'S INTERNATIONAL MARKET - RESTAURTANT,Grocery/Market,restaurant counter in international market,independent,independent_specialty,medium,name,Grocery/Market | independent | independent_specialty,Grocery/Market | independent | independent_specialty,agreed,
HEALTH2024-01123,El Primo Food,Grocery/Market,Mexican meat market (carniceria) with barbacoa,independent,independent_specialty,medium,"notes beef and pork display coolers, barbacoa, sausage",Mexican/Tex-Mex/Latin | independent,Grocery/Market | independent | independent_specialty,adjudicated,
HEALTH2024-01124,PIZZA HUT,Pizza/Italian,pizza,national_regional,,high,known chain,Pizza/Italian | national_regional,Pizza/Italian | national_regional,agreed,
HEALTH2024-01126,Sweetwaters Coffee & Tea,Coffee/Cafe/Bakery/Dessert,coffee and tea,national_regional,,medium,name,Coffee/Cafe/Bakery/Dessert | national_regional,Coffee/Cafe/Bakery/Dessert | national_regional,agreed,
HEALTH2024-01127,King Kong Tacos and Wings,Mexican/Tex-Mex/Latin,tacos and wings,independent,,medium,name,Mexican/Tex-Mex/Latin | independent,Mexican/Tex-Mex/Latin | independent,agreed,
HEALTH2024-01129,LONE STAR FOOD STORE #4488,Convenience/Gas,convenience store / gas station,local_multi,,high,name / known chain,Convenience/Gas | local_multi,Convenience/Gas | local_multi,agreed,
HEALTH2024-01130,LONE STAR FOOD STORE #4489,Convenience/Gas,convenience store / gas station,local_multi,,high,name / known chain,Convenience/Gas | local_multi,Convenience/Gas | local_multi,agreed,
HEALTH2024-01132,Sprouts Farmers Market - Grocery,Grocery/Market,Sprouts - grocery,national_regional,mainstream_supermarket,high,known chain,Grocery/Market | national_regional | mainstream_supermarket,Grocery/Market | national_regional | mainstream_supermarket,agreed,
HEALTH2024-01133,Touchmark at Emerald Lake - Senior Living Community,Institutional,senior living / nursing,national_regional,,high,senior living name,Institutional | national_regional,Institutional | national_regional,agreed,
HEALTH2024-01134,Touchmark at Emerald Lake - Terrace Bldg,Institutional,senior living / nursing,national_regional,,high,senior living name,Institutional | national_regional,Institutional | national_regional,agreed,
HEALTH2024-01135,HAT CREEK BURGER,Fast Food,burgers,national_regional,,high,known Texas chain,Fast Food | national_regional,Fast Food | national_regional,agreed,
HEALTH2024-01136,CHRIST FELLOWSHIP CHURCH - CAFE,Institutional,church,independent,,medium,church name,Institutional | independent,Institutional | independent,agreed,
HEALTH2024-01138,DONUT BOX,Coffee/Cafe/Bakery/Dessert,donuts/bagels,local_multi,,high,name,Coffee/Cafe/Bakery/Dessert | local_multi,Coffee/Cafe/Bakery/Dessert | local_multi,agreed,
HEALTH2024-01139,LANDON WINERY,"American (sit-down, bars, venues)",winery tasting room with small plates,local_multi,,medium,"comments mention salami, hummus, pizza","American (sit-down, bars, venues) | local_multi","American (sit-down, bars, venues) | independent",adjudicated,"chain: A local_multi, B independent; winery with a few North Texas tasting rooms"
HEALTH2024-01140,KROGER FOOD STORE #488,Grocery/Market,Kroger - grocery,national_regional,mainstream_supermarket,high,known chain,Grocery/Market | national_regional | mainstream_supermarket,Grocery/Market | national_regional | mainstream_supermarket,agreed,
HEALTH2024-01141,Rice Garden,Asian (unspecified),Chinese and sushi,independent,,medium,"comments mention egg rolls, sushi rice",Asian (unspecified) | independent,Asian (unspecified) | independent,agreed,
HEALTH2024-01143,LUCKY's,Other non-restaurant,"store, no food prep noted",independent,,low,only reach-in noted; same name as vending-only permit,Other non-restaurant | independent,Other non-restaurant | independent,agreed,
HEALTH2024-01144,ZEN SUSHI & GRILL,Japanese,sushi,independent,,high,name,Japanese | independent,Japanese | independent,agreed,
HEALTH2024-01145,MCDONALDS,Fast Food,burgers,national_regional,,high,known chain,Fast Food | national_regional,Fast Food | national_regional,agreed,
HEALTH2024-01149,MCKINNEY EXXON MART,Convenience/Gas,convenience store / gas station,independent,,high,name / known chain,Convenience/Gas | independent,Convenience/Gas | national_regional,adjudicated,"chain: A independent, B national_regional; fuel-branded station; store name is local (dealer-operated)"
HEALTH2024-01150,SPROUTS FARMERS MARKET-MEAT,Grocery/Market,Sprouts - meat,national_regional,mainstream_supermarket,high,known chain,Grocery/Market | national_regional | mainstream_supermarket,Grocery/Market | national_regional | mainstream_supermarket,agreed,
HEALTH2024-01151,SPROUTS FARMERS MARKET-BAKERY,Grocery/Market,Sprouts - bakery,national_regional,mainstream_supermarket,high,known chain,Grocery/Market | national_regional | mainstream_supermarket,Grocery/Market | national_regional | mainstream_supermarket,agreed,
HEALTH2024-01152,WONDERLAND MONTESSORI ACADEDMY,Institutional,school/daycare,independent,,high,school/daycare name,Institutional | independent,Institutional | unknown,adjudicated,"chain: A independent, B unknown; unrecognized single-site school/daycare name"
HEALTH2024-01154,Target Store T-2335 Grocery,Grocery/Market,Target - grocery,national_regional,mainstream_supermarket,high,known chain,Grocery/Market | national_regional | mainstream_supermarket,Grocery/Market | national_regional | mainstream_supermarket,agreed,
HEALTH2024-01155,Target Store T-2335 Restaurant,Grocery/Market,Target - in-store restaurant,national_regional,mainstream_supermarket,high,known chain,Grocery/Market | national_regional | mainstream_supermarket,Grocery/Market | national_regional | mainstream_supermarket,agreed,
HEALTH2024-01156,DENIZEN HOTEL,Hotel/Caterer/Commissary,hotel,unknown,,low,hotel name,Hotel/Caterer/Commissary | independent,Hotel/Caterer/Commissary | national_regional,adjudicated,"chain: A independent, B national_regional; hotel brand affiliation not established"
HEALTH2024-01158,Home2suites by Hilton,Hotel/Caterer/Commissary,hotel,national_regional,,high,hotel name,Hotel/Caterer/Commissary | national_regional,Hotel/Caterer/Commissary | national_regional,agreed,
HEALTH2024-01159,XPLOR MCKINNEY,Institutional,school/daycare,national_regional,,high,school/daycare name,Institutional | national_regional,Institutional | national_regional,agreed,
HEALTH2024-01160,SPROUTS FARMERS MARKET-PRODUCE,Grocery/Market,Sprouts - produce,national_regional,mainstream_supermarket,high,known chain,Grocery/Market | national_regional | mainstream_supermarket,Grocery/Market | national_regional | mainstream_supermarket,agreed,
HEALTH2024-01162,POPEYE'S,Fast Food,fried chicken,national_regional,,high,known chain,Fast Food | national_regional,Fast Food | national_regional,agreed,
HEALTH2024-01163,PAPA JOHN'S PIZZA #1304,Pizza/Italian,pizza,national_regional,,high,known chain,Pizza/Italian | national_regional,Pizza/Italian | national_regional,agreed,
HEALTH2024-01164,BEEHIVE HOMES OF MCKINNEY,Institutional,senior living / nursing,national_regional,,high,senior living name,Institutional | national_regional,Institutional | national_regional,agreed,
HEALTH2024-01165,BELTERRA HEALTH AND REHAB,Institutional,senior living / nursing,unknown,,high,senior living name,Institutional | independent,Institutional | national_regional,adjudicated,"chain: A independent, B national_regional; unrecognized senior-living/nursing name (often owned by multi-site operators under local names)"
HEALTH2024-01166,RACETRAC #130,Convenience/Gas,convenience store / gas station,national_regional,,high,name / known chain,Convenience/Gas | national_regional,Convenience/Gas | national_regional,agreed,
HEALTH2024-01167,Target Store T-2335 Starbuck's,Grocery/Market,Starbucks/coffee counter inside Target T-2335,national_regional,mainstream_supermarket,medium,address is Target T-2335; name says inside/at store,Grocery/Market | national_regional | mainstream_supermarket,Coffee/Cafe/Bakery/Dessert | national_regional,adjudicated,"B coded Coffee/Cafe/Bakery/Dessert; in-store counters follow the agreed convention for supermarket food service (Target cafe, H-E-B BBQ counter, Costco food court); chain = host store"
HEALTH2024-01171,NEIGHORHOOD NOSH,Deli/Sandwich/Salad,cafe/sandwiches,independent,,low,"name; comments mention ham, strawberries",Deli/Sandwich/Salad | independent,Deli/Sandwich/Salad | independent,agreed,
HEALTH2024-01172,STACY MONTESSORI,Institutional,school/daycare,independent,,high,school/daycare name,Institutional | independent,Institutional | unknown,adjudicated,"chain: A independent, B unknown; unrecognized single-site school/daycare name"
HEALTH2024-01173,THE ROOK,Unknown,,independent,,low,name only; reach-in and drawers only,Unknown | independent,"American (sit-down, bars, venues) | independent",adjudicated,
HEALTH2024-01174,DUNKIN' DONUTS,Coffee/Cafe/Bakery/Dessert,donuts/coffee,national_regional,,high,known chain,Coffee/Cafe/Bakery/Dessert | national_regional,Coffee/Cafe/Bakery/Dessert | national_regional,agreed,
HEALTH2024-01175,MOM & POPCORN,Coffee/Cafe/Bakery/Dessert,gourmet popcorn shop,independent,,medium,name,Coffee/Cafe/Bakery/Dessert | independent,Coffee/Cafe/Bakery/Dessert | independent,agreed,
HEALTH2024-01176,Wing Chow,Chinese,wings and Chinese-American takeout,independent,,medium,"same restaurant as earlier permit (egg rolls, wings, rice)",Chinese | independent,Chinese | independent,agreed,
HEALTH2024-01177,The Goddard School of McKinney,Institutional,school/daycare,national_regional,,high,school/daycare name,Institutional | national_regional,Institutional | national_regional,agreed,
HEALTH2024-01178,ALON,Convenience/Gas,gas station/convenience store (Alon fuel brand),independent,,medium,name is a fuel brand; walk-in and food handler only,Unknown | unknown,Convenience/Gas | national_regional,adjudicated,"fuel-branded stations coded independent (dealer-operated), same as Exxon and Shell stations"
HEALTH2024-01179,CHIPOTLE,Mexican/Tex-Mex/Latin,Mexican fast casual,national_regional,,high,known chain,Mexican/Tex-Mex/Latin | national_regional,Mexican/Tex-Mex/Latin | national_regional,agreed,
HEALTH2024-01180,CVS PHARMACY #8321,Convenience/Gas,pharmacy,national_regional,,high,known chain,Convenience/Gas | national_regional,Convenience/Gas | national_regional,agreed,
HEALTH2024-01181,TWO CRZY GUYS SPORTS BAR,"American (sit-down, bars, venues)",sports bar,independent,,low,name,"American (sit-down, bars, venues) | local_multi","American (sit-down, bars, venues) | independent",adjudicated,"chain: A local_multi, B independent; name not recognized as a chain"
HEALTH2024-01182,CVS #334,Convenience/Gas,pharmacy,national_regional,,high,known chain,Convenience/Gas | national_regional,Convenience/Gas | national_regional,agreed,
HEALTH2024-01183,7-11 #38091A,Convenience/Gas,convenience store / gas station,national_regional,,high,name / known chain,Convenience/Gas | national_regional,Convenience/Gas | national_regional,agreed,
HEALTH2024-01185,LIFE FELLOWSHIP CHURCH CAFE,Institutional,church,independent,,medium,church name,Institutional | independent,Institutional | independent,agreed,
HEALTH2024-01186,Teresa's House - Craig Ranch Building #1,Institutional,residential care home,independent,,medium,name; multiple house buildings with residential kitchens,Institutional | local_multi,Institutional | independent,adjudicated,"chain: A local_multi, B independent; one local operator with several buildings"
HEALTH2024-01188,SMOOTHIE KING,Coffee/Cafe/Bakery/Dessert,smoothies/juice,national_regional,,high,known chain,Coffee/Cafe/Bakery/Dessert | national_regional,Coffee/Cafe/Bakery/Dessert | national_regional,agreed,
HEALTH2024-01196,SALOMAY,Unknown,unclear,independent,,low,name gives no food type,Unknown | independent,Unknown | independent,agreed,
HEALTH2024-01198,SONIC,Fast Food,burgers/drive-in,national_regional,,high,known chain,Fast Food | national_regional,Fast Food | national_regional,agreed,
HEALTH2024-01199,SONIC,Fast Food,burgers/drive-in,national_regional,,high,known chain,Fast Food | national_regional,Fast Food | national_regional,agreed,
HEALTH2024-01200,SONIC,Fast Food,burgers/drive-in,national_regional,,high,known chain,Fast Food | national_regional,Fast Food | national_regional,agreed,
HEALTH2024-01201,McDonald's #40757,Fast Food,burgers,national_regional,,high,known chain,Fast Food | national_regional,Fast Food | national_regional,agreed,
HEALTH2024-01202,Dillas Quesadillas,Mexican/Tex-Mex/Latin,quesadillas,local_multi,,high,name,Mexican/Tex-Mex/Latin | local_multi,Mexican/Tex-Mex/Latin | local_multi,agreed,
HEALTH2024-01206,Costco Demo Food,Grocery/Market,Costco - food demo station,national_regional,mainstream_supermarket,high,known chain,Grocery/Market | national_regional | mainstream_supermarket,Grocery/Market | national_regional | mainstream_supermarket,agreed,
HEALTH2024-01207,MABEL'S AFRICAN CUISINE & BAR,Other cuisine,African,independent,,high,"name; comments mention empanadas, chicken",Other cuisine | independent,Other cuisine | independent,agreed,
HEALTH2024-01208,SUPER 1 STOP,Convenience/Gas,convenience store / gas station,independent,,medium,name / known chain,Convenience/Gas | independent,Convenience/Gas | unknown,adjudicated,"chain: A independent, B unknown; unrecognized single-store convenience name"
HEALTH2024-01209,Chick-Fil-A,Fast Food,fried chicken,national_regional,,high,known chain,Fast Food | national_regional,Fast Food | national_regional,agreed,
HEALTH2024-01210,SPOON & FORK,Asian (unspecified),Asian (soy sauce in notes; cuisine not specified),independent,,low,"notes soy sauce buckets, shrimp, beef, chicken, bar",Unknown | independent,Thai | independent,adjudicated,B inferred Thai; name gives no cuisine
HEALTH2024-01211,Cremcrittos,Coffee/Cafe/Bakery/Dessert,desserts/snacks,independent,,low,"comments mention fruit filling, coconut",Coffee/Cafe/Bakery/Dessert | independent,Coffee/Cafe/Bakery/Dessert | independent,agreed,
HEALTH2024-01212,BEST DONUTS,Coffee/Cafe/Bakery/Dessert,donuts/bagels,independent,,high,name,Coffee/Cafe/Bakery/Dessert | independent,Coffee/Cafe/Bakery/Dessert | independent,agreed,
HEALTH2024-01213,Salad and Go,Deli/Sandwich/Salad,salads,national_regional,,high,known chain,Deli/Sandwich/Salad | national_regional,Deli/Sandwich/Salad | national_regional,agreed,
HEALTH2024-01214,Arby's #5387,Fast Food,roast beef sandwiches,national_regional,,high,known chain,Fast Food | national_regional,Fast Food | national_regional,agreed,
HEALTH2024-01217,PIE TAP PIZZA WORKSHOP & BAR,Pizza/Italian,pizza,local_multi,,high,name,Pizza/Italian | local_multi,Pizza/Italian | local_multi,agreed,
HEALTH2024-01218,WENDY'S #8263,Fast Food,burgers,national_regional,,high,known chain,Fast Food | national_regional,Fast Food | national_regional,agreed,
HEALTH2024-01219,MEDICAL CITY MCKINNEY-MAIN KITCHEN,Institutional,hospital,national_regional,,high,hospital name,Institutional | national_regional,Institutional | national_regional,agreed,
HEALTH2024-01220,Medical City McKinney - Behavioral Health Pavilion Servery,Institutional,hospital,national_regional,,high,hospital name,Institutional | national_regional,Institutional | national_regional,agreed,
HEALTH2024-01221,Farmer's Fridge Vending Machine,Other non-restaurant,micro market / vending,national_regional,,high,name says micro market/vending,Other non-restaurant | national_regional,Other non-restaurant | national_regional,agreed,
HEALTH2024-01222,Freddy's Frozen Custer,Fast Food,steakburgers / frozen custard,national_regional,,high,known chain,Fast Food | national_regional,Fast Food | national_regional,agreed,
HEALTH2024-01226,BERMUDA'S GRILL & BAR,"American (sit-down, bars, venues)",bar & grill,independent,,medium,name,"American (sit-down, bars, venues) | independent","American (sit-down, bars, venues) | independent",agreed,
HEALTH2024-01227,BERMUDA'S GRILL & BAR,"American (sit-down, bars, venues)",bar & grill,independent,,high,name,"American (sit-down, bars, venues) | independent","American (sit-down, bars, venues) | independent",agreed,
HEALTH2024-01228,N & P FARM & DAIRY,Other non-restaurant,raw milk/dairy vendor (farmers market),independent,,high,name; comment says raw cow and goat milk sold,Grocery/Market | independent | independent_specialty,Other non-restaurant | independent,adjudicated,
HEALTH2024-01230,PIZZA HUT,Pizza/Italian,pizza,national_regional,,high,known chain,Pizza/Italian | national_regional,Pizza/Italian | national_regional,agreed,
HEALTH2024-01231,PIZZA HUT,Pizza/Italian,pizza,national_regional,,high,known chain,Pizza/Italian | national_regional,Pizza/Italian | national_regional,agreed,
HEALTH2024-01233,MARBLE SLAB CREAMERY,Coffee/Cafe/Bakery/Dessert,ice cream,national_regional,,high,known chain,Coffee/Cafe/Bakery/Dessert | national_regional,Coffee/Cafe/Bakery/Dessert | national_regional,agreed,
HEALTH2024-01234,TPC CRAIG RANCH-GRILL,"American (sit-down, bars, venues)",country club,national_regional,,high,name,"American (sit-down, bars, venues) | national_regional","American (sit-down, bars, venues) | independent",adjudicated,"chain: A national_regional, B independent; TPC network club"
HEALTH2024-01235,HEALTHY COOKING,Unknown,unclear (milk/butter only),independent,,low,name gives no food type,Unknown | independent,Unknown | independent,agreed,
HEALTH2024-01236,Hissho Sushi @ Target 2142,Grocery/Market,sushi counter inside Target #2142,national_regional,mainstream_supermarket,medium,address is Target #2142; name says inside/at store,Grocery/Market | national_regional | mainstream_supermarket,Japanese | national_regional,adjudicated,"B coded Japanese; in-store counters follow the agreed convention for supermarket food service (Target cafe, H-E-B BBQ counter, Costco food court); chain = host store"
HEALTH2024-01237,TPC CRAIG RANCH-CLUB HOUSE,"American (sit-down, bars, venues)",country club,national_regional,,high,name,"American (sit-down, bars, venues) | national_regional","American (sit-down, bars, venues) | independent",adjudicated,"chain: A national_regional, B independent; TPC network club"
HEALTH2024-01238,FAIRFIELD INN AND SUITES BY MARRIOTT,Hotel/Caterer/Commissary,hotel,national_regional,,high,hotel name,Hotel/Caterer/Commissary | national_regional,Hotel/Caterer/Commissary | national_regional,agreed,
HEALTH2024-01243,Farmer's Market Booth,Other non-restaurant,farmers market booth (product not identified),unknown,,low,work class farmers market,Unknown | unknown,Other non-restaurant | unknown,adjudicated,
HEALTH2024-01244,El Mejor Mexican Kitchen + Cantina,Mexican/Tex-Mex/Latin,Mexican,independent,,high,name,Mexican/Tex-Mex/Latin | independent,Mexican/Tex-Mex/Latin | independent,agreed,
HEALTH2024-01246,GENGHIS GRILL,Asian (unspecified),Mongolian stir-fry,national_regional,,high,known chain,Asian (unspecified) | national_regional,Asian (unspecified) | national_regional,agreed,
HEALTH2024-01247,Urban Value Corner Store,Convenience/Gas,convenience store / gas station,independent,,medium,name / known chain,Convenience/Gas | independent,Convenience/Gas | unknown,adjudicated,"chain: A independent, B unknown; unrecognized single-store convenience name"
HEALTH2024-01249,Wendy's #10650,Fast Food,burgers,national_regional,,high,known chain,Fast Food | national_regional,Fast Food | national_regional,agreed,
HEALTH2024-01250,Farmers Fridge,Other non-restaurant,micro market / vending,national_regional,,high,name says micro market/vending,Other non-restaurant | national_regional,Other non-restaurant | national_regional,agreed,
HEALTH2024-01251,MEXINDO RESTAURANT AND BAR,Fusion,Mexican-Indian fusion,independent,,high,name (Mexindo),Fusion | independent,Fusion | independent,agreed,
HEALTH2024-01255,TACO BELL #35445,Fast Food,Taco Bell,national_regional,,high,known chain,Fast Food | national_regional,Fast Food | national_regional,agreed,
HEALTH2024-01256,Sushi Go,Japanese,sushi,independent,,medium,name,Japanese | independent,Japanese | independent,agreed,
HEALTH2024-01266,SHERATON MCKINNEY,Hotel/Caterer/Commissary,hotel,national_regional,,high,hotel name,Hotel/Caterer/Commissary | national_regional,Hotel/Caterer/Commissary | national_regional,agreed,
HEALTH2024-01268,EL RANCHO - GROCERY,Grocery/Market,Hispanic supermarket,national_regional,independent_specialty,high,known Texas chain,Grocery/Market | national_regional | independent_specialty,Grocery/Market | national_regional | independent_specialty,agreed,
HEALTH2024-01269,EL RANCHO RESTAURANT,Grocery/Market,Hispanic supermarket,national_regional,independent_specialty,high,known Texas chain,Grocery/Market | national_regional | independent_specialty,Grocery/Market | national_regional | independent_specialty,agreed,
HEALTH2024-01270,EL RANCHO BAKERY,Grocery/Market,Hispanic supermarket,national_regional,independent_specialty,high,known Texas chain,Grocery/Market | national_regional | independent_specialty,Grocery/Market | national_regional | independent_specialty,agreed,
HEALTH2024-01271,EL RANCHO PRODUCE,Grocery/Market,Hispanic supermarket,national_regional,independent_specialty,high,known Texas chain,Grocery/Market | national_regional | independent_specialty,Grocery/Market | national_regional | independent_specialty,agreed,
HEALTH2024-01272,EL RANCHO DELI/MEAT,Grocery/Market,Hispanic supermarket,national_regional,independent_specialty,high,known Texas chain,Grocery/Market | national_regional | independent_specialty,Grocery/Market | national_regional | independent_specialty,agreed,
HEALTH2024-01275,Copper Kitchen,Hotel/Caterer/Commissary,shared commercial kitchen,independent,,low,same suite as a caterer's central prep facility,Hotel/Caterer/Commissary | unknown,Hotel/Caterer/Commissary | independent,adjudicated,"chain: A unknown, B independent; single shared commercial kitchen"
HEALTH2024-01276,TACO BELL #35433,Fast Food,Taco Bell,national_regional,,high,known chain,Fast Food | national_regional,Fast Food | national_regional,agreed,
HEALTH2024-01277,Encore Wire Rodmill,Other non-restaurant,micro market (employer break room),unknown,,high,related permits say micro market,Other non-restaurant | unknown,Other non-restaurant | independent,adjudicated,"chain: A unknown, B independent; micro market/break room named for the employer; operator not named (agreed rule: operator named -> its chain status, else unknown)"
HEALTH2024-01278,Encore Wire Plant 2,Other non-restaurant,micro market (employer break room),unknown,,high,related permits say micro market,Other non-restaurant | unknown,Other non-restaurant | independent,adjudicated,"chain: A unknown, B independent; micro market/break room named for the employer; operator not named (agreed rule: operator named -> its chain status, else unknown)"
HEALTH2024-01279,Encore Wire Plant 1,Other non-restaurant,micro market (employer break room),unknown,,high,related permits say micro market,Other non-restaurant | unknown,Other non-restaurant | independent,adjudicated,"chain: A unknown, B independent; micro market/break room named for the employer; operator not named (agreed rule: operator named -> its chain status, else unknown)"
HEALTH2024-01280,LOWES #2825,Other non-restaurant,micro market / vending,national_regional,,high,name says micro market/vending,Other non-restaurant | national_regional,Other non-restaurant | national_regional,agreed,
HEALTH2024-01281,"LOWES #2878 unattended market for employees - micro market - commercially prepackaged items – soda, candy, chips, snacks",Other non-restaurant,micro market / vending,national_regional,,high,name says micro market/vending,Other non-restaurant | national_regional,Other non-restaurant | national_regional,agreed,
HEALTH2024-01284,STOP-N-GO GYROS,Mediterranean/Middle Eastern,gyros,local_multi,,high,name,Mediterranean/Middle Eastern | local_multi,Mediterranean/Middle Eastern | local_multi,agreed,
HEALTH2024-01285,MIRUKU CREAMERY & CAFE,Coffee/Cafe/Bakery/Dessert,ice cream and cafe,independent,,high,name,Coffee/Cafe/Bakery/Dessert | independent,Coffee/Cafe/Bakery/Dessert | independent,agreed,
HEALTH2024-01286,PIZZA HUT,Pizza/Italian,pizza,national_regional,,high,known chain,Pizza/Italian | national_regional,Pizza/Italian | national_regional,agreed,
HEALTH2024-01287,UNCORK'D WINE BAR & GRILL,"American (sit-down, bars, venues)",wine bar & grill,independent,,medium,name,"American (sit-down, bars, venues) | independent","American (sit-down, bars, venues) | independent",agreed,
HEALTH2024-01289,MESA'S MEXICAN GRILL,Mexican/Tex-Mex/Latin,Mexican,independent,,high,name,Mexican/Tex-Mex/Latin | independent,Mexican/Tex-Mex/Latin | independent,agreed,
HEALTH2024-01290,HABITAT PLANTS CAFE,Coffee/Cafe/Bakery/Dessert,coffee in plant shop,independent,,medium,name,Coffee/Cafe/Bakery/Dessert | independent,Coffee/Cafe/Bakery/Dessert | independent,agreed,
HEALTH2024-01292,HOUSE OF BREAD,Coffee/Cafe/Bakery/Dessert,bakery-cafe,national_regional,,medium,known chain; comments mention soup,Coffee/Cafe/Bakery/Dessert | national_regional,Coffee/Cafe/Bakery/Dessert | national_regional,agreed,
HEALTH2024-01293,MARCO'S PIZZA,Pizza/Italian,pizza,national_regional,,high,known chain,Pizza/Italian | national_regional,Pizza/Italian | national_regional,agreed,
HEALTH2024-01296,DOUGHNUT SHOP,Coffee/Cafe/Bakery/Dessert,donuts/bagels,independent,,high,name,Coffee/Cafe/Bakery/Dessert | independent,Coffee/Cafe/Bakery/Dessert | independent,agreed,
HEALTH2024-01297,BARRO'S PIZZA,Pizza/Italian,pizza,national_regional,,high,known chain,Pizza/Italian | national_regional,Pizza/Italian | national_regional,agreed,
HEALTH2024-01298,7-Eleven Convenience Store,Convenience/Gas,convenience store / gas station,national_regional,,high,name / known chain,Convenience/Gas | national_regional,Convenience/Gas | national_regional,agreed,
HEALTH2024-01301,PANDA EXPRESS #2396,Chinese,American Chinese,national_regional,,high,known chain,Chinese | national_regional,Chinese | national_regional,agreed,
HEALTH2024-01302,GOLDEN CHICK,Fast Food,fried chicken,national_regional,,high,known chain,Fast Food | national_regional,Fast Food | national_regional,agreed,
HEALTH2024-01303,Mah Jong Chinese Kitchen,Chinese,Chinese,independent,,high,name,Chinese | independent,Chinese | independent,agreed,
HEALTH2024-01304,Farm 2 Cook,Grocery/Market,meat market,independent,independent_specialty,high,name,Grocery/Market | independent | independent_specialty,Grocery/Market | independent | independent_specialty,agreed,
HEALTH2024-01305,MELLOW MUSHROOM,Pizza/Italian,pizza,national_regional,,high,known chain,Pizza/Italian | national_regional,Pizza/Italian | national_regional,agreed,
HEALTH2024-01306,PRIMROSE OF STONEBROOKE,Institutional,school/daycare,national_regional,,high,school/daycare name,Institutional | national_regional,Institutional | national_regional,agreed,
HEALTH2024-01307,NOTHING BUNDT CAKES,Coffee/Cafe/Bakery/Dessert,bundt cakes,national_regional,,high,known chain,Coffee/Cafe/Bakery/Dessert | national_regional,Coffee/Cafe/Bakery/Dessert | national_regional,agreed,
HEALTH2024-01308,STARBUCKS COFFEE #8997,Coffee/Cafe/Bakery/Dessert,coffee,national_regional,,high,known chain,Coffee/Cafe/Bakery/Dessert | national_regional,Coffee/Cafe/Bakery/Dessert | national_regional,agreed,
HEALTH2024-01309,ONE AND ONLY BURGERS AND FRIES,"American (sit-down, bars, venues)",burgers,independent,,medium,name,"American (sit-down, bars, venues) | independent","American (sit-down, bars, venues) | independent",agreed,
HEALTH2024-01311,Snowfruit,Grocery/Market,cut-fruit counter inside Kroger #567,national_regional,mainstream_supermarket,medium,address is Kroger #567,Grocery/Market | national_regional | mainstream_supermarket,Coffee/Cafe/Bakery/Dessert | national_regional,adjudicated,"B coded Coffee/Cafe/Bakery/Dessert; in-store counters follow the agreed convention for supermarket food service (Target cafe, H-E-B BBQ counter, Costco food court); chain = host store"
HEALTH2024-01312,GLORIA'S LATIN CUISINE,Mexican/Tex-Mex/Latin,Latin (Salvadoran/Tex-Mex),national_regional,,high,known Texas chain,Mexican/Tex-Mex/Latin | national_regional,Mexican/Tex-Mex/Latin | national_regional,agreed,
HEALTH2024-01313,WALGREEN'S #07195,Convenience/Gas,pharmacy,national_regional,,high,known chain,Convenience/Gas | national_regional,Convenience/Gas | national_regional,agreed,
HEALTH2024-01314,WALGREENS #4663,Convenience/Gas,pharmacy,national_regional,,high,known chain,Convenience/Gas | national_regional,Convenience/Gas | national_regional,agreed,
HEALTH2024-01315,WALGREEN'S #11908,Convenience/Gas,pharmacy,national_regional,,high,known chain,Convenience/Gas | national_regional,Convenience/Gas | national_regional,agreed,
HEALTH2024-01316,TACO BUENO #3136,Fast Food,Taco Bueno,national_regional,,high,known chain,Fast Food | national_regional,Fast Food | national_regional,agreed,
HEALTH2024-01318,Arby's #8608,Fast Food,roast beef sandwiches,national_regional,,high,known chain,Fast Food | national_regional,Fast Food | national_regional,agreed,
HEALTH2024-01319,JET'S PIZZA,Pizza/Italian,pizza,national_regional,,high,known chain,Pizza/Italian | national_regional,Pizza/Italian | national_regional,agreed,
HEALTH2024-01320,LA REAL MICHOACANA,Coffee/Cafe/Bakery/Dessert,"paleteria (ice cream, elotes)",local_multi,,low,"name (Michoacana paleteria); comments mention corn, chocolate, fruit",Coffee/Cafe/Bakery/Dessert | local_multi,Coffee/Cafe/Bakery/Dessert | unknown,adjudicated,"chain: A local_multi, B unknown; store ""#3"" of a small paleteria group"
HEALTH2024-01321,4R Ranch Vineyards,Other non-restaurant,winery tasting room (no food noted),local_multi,,low,name; no food items noted,Other non-restaurant | independent,Other non-restaurant | local_multi,adjudicated,"chain: A independent, B local_multi; winery with a few Texas tasting rooms"
HEALTH2024-01322,APPLEBEE'S,"American (sit-down, bars, venues)",American casual dining,national_regional,,high,known chain,"American (sit-down, bars, venues) | national_regional","American (sit-down, bars, venues) | national_regional",agreed,
HEALTH2024-01326,HANDYMART FOOD & GROCERY,Convenience/Gas,convenience store / gas station,independent,,medium,name / known chain,Convenience/Gas | independent,Convenience/Gas | unknown,adjudicated,"chain: A independent, B unknown; unrecognized single-store convenience name"
HEALTH2024-01328,"WENDY""S #13146",Fast Food,burgers,national_regional,,high,known chain,Fast Food | national_regional,Fast Food | national_regional,agreed,
HEALTH2024-01329,FUZZY'S TACO SHOP,Mexican/Tex-Mex/Latin,tacos (Tex-Mex),national_regional,,high,known chain,Mexican/Tex-Mex/Latin | national_regional,Mexican/Tex-Mex/Latin | national_regional,agreed,
HEALTH2024-01331,CHEPA'S MEXICAN GRILL,Mexican/Tex-Mex/Latin,Mexican,independent,,high,name,Mexican/Tex-Mex/Latin | independent,Mexican/Tex-Mex/Latin | independent,agreed,
HEALTH2024-01332,YUMMI SUSHI,Grocery/Market,sushi counter inside Tom Thumb #296,national_regional,mainstream_supermarket,medium,address is Tom Thumb #296,Grocery/Market | national_regional | mainstream_supermarket,Japanese | unknown,adjudicated,"B coded Japanese; in-store counters follow the agreed convention for supermarket food service (Target cafe, H-E-B BBQ counter, Costco food court); chain = host store"
HEALTH2024-01333,FILTERED,Coffee/Cafe/Bakery/Dessert,coffee,independent,,low,name (Filtered),Coffee/Cafe/Bakery/Dessert | independent,Coffee/Cafe/Bakery/Dessert | independent,agreed,
HEALTH2024-01337,TACO BELL #27875,Fast Food,Taco Bell,national_regional,,high,known chain,Fast Food | national_regional,Fast Food | national_regional,agreed,
HEALTH2024-01338,Taco Bell #31798,Fast Food,Taco Bell,national_regional,,high,known chain,Fast Food | national_regional,Fast Food | national_regional,agreed,
HEALTH2024-01339,FUZZY'S TACO SHOP,Mexican/Tex-Mex/Latin,tacos (Tex-Mex),national_regional,,high,known chain,Mexican/Tex-Mex/Latin | national_regional,Mexican/Tex-Mex/Latin | national_regional,agreed,
HEALTH2024-01342,KFC #Y351051,Fast Food,fried chicken,national_regional,,high,known chain,Fast Food | national_regional,Fast Food | national_regional,agreed,
HEALTH2024-01343,KUMA RAMEN,Japanese,ramen,independent,,high,name,Japanese | independent,Japanese | independent,agreed,
HEALTH2024-01344,KFC / TACO BELL #Y351063,Fast Food,fried chicken / Taco Bell combo,national_regional,,high,known chain,Fast Food | national_regional,Fast Food | national_regional,agreed,
HEALTH2024-01349,Black Rock Coffee,Coffee/Cafe/Bakery/Dessert,coffee,national_regional,,high,known chain,Coffee/Cafe/Bakery/Dessert | national_regional,Coffee/Cafe/Bakery/Dessert | national_regional,agreed,
HEALTH2024-01353,DELISH BUBBLE TEA,Coffee/Cafe/Bakery/Dessert,boba tea,independent,,high,name,Coffee/Cafe/Bakery/Dessert | independent,Coffee/Cafe/Bakery/Dessert | independent,agreed,
HEALTH2024-01354,,Unknown,unclear (reach-in only),unknown,,low,no name; comments give no food type,Unknown | unknown,Unknown | unknown,agreed,
HEALTH2024-01356,DUINO COFFEE,Coffee/Cafe/Bakery/Dessert,coffee,independent,,high,name,Coffee/Cafe/Bakery/Dessert | independent,Coffee/Cafe/Bakery/Dessert | independent,agreed,
HEALTH2024-01359,QuikTrip #913,Convenience/Gas,convenience store / gas station,national_regional,,high,name / known chain,Convenience/Gas | national_regional,Convenience/Gas | national_regional,agreed,
HEALTH2024-01360,QuikTrip #914,Convenience/Gas,convenience store / gas station,national_regional,,high,name / known chain,Convenience/Gas | national_regional,Convenience/Gas | national_regional,agreed,
HEALTH2024-01361,Emporium Pies,Coffee/Cafe/Bakery/Dessert,pie bakery,local_multi,,high,name; known Dallas-area bakery,Coffee/Cafe/Bakery/Dessert | local_multi,Coffee/Cafe/Bakery/Dessert | local_multi,agreed,
HEALTH2024-01363,7-Eleven,Convenience/Gas,convenience store / gas station,national_regional,,high,name / known chain,Convenience/Gas | national_regional,Convenience/Gas | national_regional,agreed,
HEALTH2024-01364,Elysium,"American (sit-down, bars, venues)",bar/lounge,independent,,low,entertainment venue address; comments mention wings,"American (sit-down, bars, venues) | independent","American (sit-down, bars, venues) | independent",agreed,
HEALTH2024-01366,KeKe's Breakfast Cafe,"American (sit-down, bars, venues)",breakfast,national_regional,,high,known chain,"American (sit-down, bars, venues) | national_regional","American (sit-down, bars, venues) | national_regional",agreed,
HEALTH2024-01367,Braum's Ice Cream,Fast Food,burgers / ice cream / dairy store,national_regional,,high,known chain,Fast Food | national_regional,Fast Food | national_regional,agreed,
HEALTH2024-01368,GOLDEN POT,Chinese,Chinese,independent,,medium,"comments mention shrimp, soup, broccoli; same restaurant as earlier permit",Chinese | independent,Chinese | independent,agreed,
HEALTH2024-01369,SHUN BY YAMA,Japanese,sushi,unknown,,low,"name; comments mention fish, krab",Japanese | independent,Japanese | local_multi,adjudicated,"chain: A independent, B local_multi; ""by Yama"" suggests a sister restaurant; group size unknown"
HEALTH2024-01370,Chick-fil-A,Fast Food,fried chicken,national_regional,,high,known chain,Fast Food | national_regional,Fast Food | national_regional,agreed,
HEALTH2024-01371,ZIO PIZZA,Pizza/Italian,pizza,independent,,high,name,Pizza/Italian | independent,Pizza/Italian | independent,agreed,
HEALTH2024-01372,"Big Blue Marble Academy, LLC",Institutional,school/daycare,national_regional,,high,school/daycare name,Institutional | national_regional,Institutional | national_regional,agreed,
HEALTH2024-01373,HYDEOUT CAFE,"American (sit-down, bars, venues)",cafe,independent,,low,"name; comments mention eggs, turkey","American (sit-down, bars, venues) | independent","American (sit-down, bars, venues) | independent",agreed,
HEALTH2024-01374,7- ELEVEN CONVENIENCE STORE #38447A,Convenience/Gas,convenience store / gas station,national_regional,,high,name / known chain,Convenience/Gas | national_regional,Convenience/Gas | national_regional,agreed,
HEALTH2024-01376,7-11 #34222,Convenience/Gas,convenience store / gas station,national_regional,,high,name / known chain,Convenience/Gas | national_regional,Convenience/Gas | national_regional,agreed,
HEALTH2024-01378,TOM THUMB,Grocery/Market,Tom Thumb,national_regional,mainstream_supermarket,high,known chain,Grocery/Market | national_regional | mainstream_supermarket,Grocery/Market | national_regional | mainstream_supermarket,agreed,
HEALTH2024-01380,KING DONUT,Coffee/Cafe/Bakery/Dessert,donuts/bagels,independent,,high,name,Coffee/Cafe/Bakery/Dessert | independent,Coffee/Cafe/Bakery/Dessert | independent,agreed,
HEALTH2024-01382,LAYERED,Unknown,cafe (cuisine unclear),independent,,low,name gives no food type,Unknown | independent,Unknown | independent,agreed,
HEALTH2024-01383,RACETRAC #340,Convenience/Gas,convenience store / gas station,national_regional,,high,name / known chain,Convenience/Gas | national_regional,Convenience/Gas | national_regional,agreed,
HEALTH2024-01384,LUCKY'S LAKE FOREST,Other non-restaurant,vending machine only,independent,,medium,"comments: vending-machine permit only, no food prep",Other non-restaurant | independent,Other non-restaurant | independent,agreed,
HEALTH2024-01385,DESI DISTRICT,Grocery/Market,Indian grocery with food counter,national_regional,independent_specialty,medium,known chain; comment says grocery report,Grocery/Market | national_regional | independent_specialty,Grocery/Market | local_multi | independent_specialty,adjudicated,"chain: A national_regional, B local_multi; Desi District has stores in several states"
HEALTH2024-01386,SR GROCERY,Convenience/Gas,"corner store (milk, juice, bagged ice)",independent,,low,"notes milk, juice, bagged ice only",Grocery/Market | independent | independent_specialty,Convenience/Gas | independent,adjudicated,named Grocery but no market departments or specialty goods in notes
HEALTH2024-01391,BLESSLIZ CATERING & AFRICAN MARKET,Grocery/Market,African grocery,independent,independent_specialty,high,name,Grocery/Market | independent | independent_specialty,Grocery/Market | independent | independent_specialty,agreed,
HEALTH2024-01393,CHICK-FIL-A,Fast Food,fried chicken,national_regional,,high,known chain,Fast Food | national_regional,Fast Food | national_regional,agreed,
HEALTH2024-01396,Marble Slab Creamery,Coffee/Cafe/Bakery/Dessert,ice cream,national_regional,,high,known chain,Coffee/Cafe/Bakery/Dessert | national_regional,Coffee/Cafe/Bakery/Dessert | national_regional,agreed,
HEALTH2024-01397,VFW LONE STAR POST 2150,"American (sit-down, bars, venues)",veterans club bar,independent,,medium,name (VFW post),"American (sit-down, bars, venues) | independent","American (sit-down, bars, venues) | independent",agreed,
HEALTH2024-01398,DURKIN'S PIZZA,Pizza/Italian,pizza,local_multi,,low,known chain,Pizza/Italian | national_regional,Pizza/Italian | independent,adjudicated,"chain: A national_regional, B independent; two McKinney locations in the data"
HEALTH2024-01399,THE GREAT OUTDOORS SUB SHOP,Deli/Sandwich/Salad,sub sandwiches,local_multi,,low,"name; comments mention meatballs, turkey",Deli/Sandwich/Salad | local_multi,Deli/Sandwich/Salad | national_regional,adjudicated,"chain: A local_multi, B national_regional; small Texas sub shop chain"
HEALTH2024-01400,SHIN'S DONUT PALACE,Coffee/Cafe/Bakery/Dessert,donuts/bagels,unknown,,low,name,Coffee/Cafe/Bakery/Dessert | national_regional,Coffee/Cafe/Bakery/Dessert | independent,adjudicated,"chain: A national_regional, B independent; shared Donut Palace name, owner-named shop; franchise status unclear"
HEALTH2024-01404,HARVEST,"American (sit-down, bars, venues)","New American, seasonal",independent,,high,name; known downtown restaurant,"American (sit-down, bars, venues) | independent","American (sit-down, bars, venues) | independent",agreed,
HEALTH2025-00001,TANTRA,Indian,Indian,independent,,low,name (Sanskrit),Indian | independent,Indian | independent,agreed,
HEALTH2025-00004,McDonald’s #5011,Fast Food,burgers,national_regional,,high,known chain,Fast Food | national_regional,Fast Food | national_regional,agreed,
HEALTH2025-00007,DOMINO'S PIZZA #6806,Pizza/Italian,pizza,national_regional,,high,known chain,Pizza/Italian | national_regional,Pizza/Italian | national_regional,agreed,
HEALTH2025-00008,DOMINO'S PIZZA,Pizza/Italian,pizza,national_regional,,high,known chain,Pizza/Italian | national_regional,Pizza/Italian | national_regional,agreed,
HEALTH2025-00009,DOMINO'S PIZZA,Pizza/Italian,pizza,national_regional,,high,known chain,Pizza/Italian | national_regional,Pizza/Italian | national_regional,agreed,
HEALTH2025-00011,THAI NOODLE WAVE,Thai,Thai,independent,,high,name,Thai | independent,Thai | independent,agreed,
HEALTH2025-00012,BRESNAN BREAD AND PASTRY,Coffee/Cafe/Bakery/Dessert,bakery,independent,,high,name,Coffee/Cafe/Bakery/Dessert | independent,Coffee/Cafe/Bakery/Dessert | independent,agreed,
HEALTH2025-00014,MICRO-MARKET COSTCO,Other non-restaurant,employee micro market,national_regional,,medium,name says micro market/break room,Other non-restaurant | national_regional,Other non-restaurant | national_regional,agreed,
HEALTH2025-00015,PILLARS CHRISTIAN LEARNING CENTER,Institutional,school/daycare,independent,,high,school/daycare name,Institutional | independent,Institutional | unknown,adjudicated,"chain: A independent, B unknown; unrecognized single-site school/daycare name"
HEALTH2025-00017,Fish N Tails Oyster Bar,"American (sit-down, bars, venues)",seafood / oyster bar,independent,,high,name,"American (sit-down, bars, venues) | independent","American (sit-down, bars, venues) | independent",agreed,
HEALTH2025-00020,KINDERCARE,Institutional,school/daycare,national_regional,,high,school/daycare name,Institutional | national_regional,Institutional | national_regional,agreed,
HEALTH2025-00022,ANOTHER ROUND DALLAS DISC GOLF & TAPROOM,"American (sit-down, bars, venues)",taproom (disc golf),independent,,medium,name,"American (sit-down, bars, venues) | independent","American (sit-down, bars, venues) | independent",agreed,
HEALTH2025-00023,7-Eleven #41378,Convenience/Gas,convenience store / gas station,national_regional,,high,name / known chain,Convenience/Gas | national_regional,Convenience/Gas | national_regional,agreed,
HEALTH2025-00024,HASHTAG INDIA,Indian,Indian,independent,,high,name,Indian | independent,Indian | independent,agreed,
HEALTH2025-00026,THE PUB,"American (sit-down, bars, venues)",pub,independent,,high,name,"American (sit-down, bars, venues) | independent","American (sit-down, bars, venues) | independent",agreed,
HEALTH2025-00028,HONEY DIP FINGERZ,"American (sit-down, bars, venues)",chicken fingers,independent,,low,name,"American (sit-down, bars, venues) | independent","American (sit-down, bars, venues) | independent",agreed,
HEALTH2025-00029,COLLIN COUNTY COURTHOUSE CAFE *SEE NOTES*,Institutional,county jail/courthouse,independent,,high,name,Institutional | independent,Institutional | independent,agreed,
HEALTH2025-00033,COUNTRY LANE SENIOR COMMUNITY,Institutional,senior living / nursing,independent,,high,senior living name,Institutional | independent,Institutional | unknown,adjudicated,"chain: A independent, B unknown; same community as agreed COUNTRY LANE SR COMMUNITY (independent)"
HEALTH2025-00036,Events at East McKinney- Garden Cafe,"American (sit-down, bars, venues)",event venue cafe,independent,,medium,name,"American (sit-down, bars, venues) | independent","American (sit-down, bars, venues) | independent",agreed,
HEALTH2025-00037,HOLIDAY INN EXPRESS,Hotel/Caterer/Commissary,hotel,national_regional,,high,hotel name,Hotel/Caterer/Commissary | national_regional,Hotel/Caterer/Commissary | national_regional,agreed,
HEALTH2025-00038,WALMART#6966 FUEL STATION,Convenience/Gas,Walmart fuel station,national_regional,,high,"known chain, fuel station",Convenience/Gas | national_regional,Convenience/Gas | national_regional,agreed,
HEALTH2025-00039,WAL-MART #6996 DELI & MEAT,Grocery/Market,Walmart - deli,national_regional,mainstream_supermarket,high,known chain,Grocery/Market | national_regional | mainstream_supermarket,Grocery/Market | national_regional | mainstream_supermarket,agreed,
HEALTH2025-00041,WAL-MART #6966 PRODUCE & FRUIT,Grocery/Market,Walmart - produce,national_regional,mainstream_supermarket,high,known chain,Grocery/Market | national_regional | mainstream_supermarket,Grocery/Market | national_regional | mainstream_supermarket,agreed,
HEALTH2025-00042,WAL-MART #6966 GROCERY,Grocery/Market,Walmart - grocery,national_regional,mainstream_supermarket,high,known chain,Grocery/Market | national_regional | mainstream_supermarket,Grocery/Market | national_regional | mainstream_supermarket,agreed,
HEALTH2025-00043,VALUE MART,Convenience/Gas,convenience store / gas station,independent,,medium,name / known chain,Convenience/Gas | independent,Convenience/Gas | unknown,adjudicated,"chain: A independent, B unknown; unrecognized single-store convenience name"
HEALTH2025-00045,AUDI OF MCKINNEY,Other non-restaurant,car dealership lounge,independent,,medium,name (car dealership),Other non-restaurant | independent,Other non-restaurant | independent,agreed,
HEALTH2025-00046,JALAPENO'S MEXICAN GRILL,Mexican/Tex-Mex/Latin,Mexican,independent,,high,name,Mexican/Tex-Mex/Latin | independent,Mexican/Tex-Mex/Latin | independent,agreed,
HEALTH2025-00047,FIREHOUSE SUBS,Deli/Sandwich/Salad,sub sandwiches,national_regional,,high,known chain,Deli/Sandwich/Salad | national_regional,Deli/Sandwich/Salad | national_regional,agreed,
HEALTH2025-00050,STARWOOD CAFE,"American (sit-down, bars, venues)",breakfast/lunch cafe,local_multi,,medium,name; known local cafe,"American (sit-down, bars, venues) | local_multi","American (sit-down, bars, venues) | local_multi",agreed,
HEALTH2025-00051,Pei Wei Asian Diner,Asian (unspecified),pan-Asian fast casual (Pei Wei),national_regional,,high,known chain; name says Asian,Chinese | national_regional,Asian (unspecified) | national_regional,adjudicated,"menu spans Chinese, Thai, Japanese, Korean dishes"
HEALTH2025-00053,SHIPLEYS DO-NUT,Coffee/Cafe/Bakery/Dessert,donuts,national_regional,,high,known chain,Coffee/Cafe/Bakery/Dessert | national_regional,Coffee/Cafe/Bakery/Dessert | national_regional,agreed,
HEALTH2025-00057,APPLEBEE MONTESSORI ACADEMY,Institutional,school/daycare,independent,,high,school/daycare name,Institutional | independent,Institutional | unknown,adjudicated,"chain: A independent, B unknown; unrecognized single-site school/daycare name"
HEALTH2025-00058,KOJI SUSHI,Japanese,sushi,independent,,high,name,Japanese | independent,Japanese | independent,agreed,
HEALTH2025-00059,WAL-MART #6996 BAKERY,Grocery/Market,Walmart - bakery,national_regional,mainstream_supermarket,high,known chain,Grocery/Market | national_regional | mainstream_supermarket,Grocery/Market | national_regional | mainstream_supermarket,agreed,
HEALTH2025-00060,PANERA BREAD,Deli/Sandwich/Salad,sandwiches/salads,national_regional,,high,known chain,Deli/Sandwich/Salad | national_regional,Deli/Sandwich/Salad | national_regional,agreed,
HEALTH2025-00061,ALBERTSON'S GROCERY #4234,Grocery/Market,Albertsons - grocery,national_regional,mainstream_supermarket,high,known chain,Grocery/Market | national_regional | mainstream_supermarket,Grocery/Market | national_regional | mainstream_supermarket,agreed,
HEALTH2025-00063,CESARS MEXICAN GRILL,Mexican/Tex-Mex/Latin,Mexican,independent,,high,name,Mexican/Tex-Mex/Latin | independent,Mexican/Tex-Mex/Latin | independent,agreed,
HEALTH2025-00065,Papa John's #5235,Pizza/Italian,pizza,national_regional,,high,known chain,Pizza/Italian | national_regional,Pizza/Italian | national_regional,agreed,
HEALTH2025-00066,COOKIES GROCERY,Grocery/Market,Hispanic grocery with kitchen,independent,independent_specialty,medium,"name; comments mention pico, rice",Grocery/Market | independent | independent_specialty,Grocery/Market | independent | independent_specialty,agreed,
HEALTH2025-00067,Little Gems Montessori,Institutional,school/daycare,independent,,high,school/daycare name,Institutional | independent,Institutional | unknown,adjudicated,"chain: A independent, B unknown; unrecognized single-site school/daycare name"
HEALTH2025-00068,Zen Hibachi,Japanese,hibachi and sushi,independent,,high,name,Japanese | independent,Japanese | independent,agreed,
HEALTH2025-00069,SAM'S CLUB #4906 PRODUCE,Grocery/Market,Sam's Club - produce,national_regional,mainstream_supermarket,high,known chain,Grocery/Market | national_regional | mainstream_supermarket,Grocery/Market | national_regional | mainstream_supermarket,agreed,
HEALTH2025-00070,SAM'S CLUB #4906-BAKERY,Grocery/Market,Sam's Club - bakery,national_regional,mainstream_supermarket,high,known chain,Grocery/Market | national_regional | mainstream_supermarket,Grocery/Market | national_regional | mainstream_supermarket,agreed,
HEALTH2025-00071,SAM'S CLUB #4906-MEAT,Grocery/Market,Sam's Club - meat,national_regional,mainstream_supermarket,high,known chain,Grocery/Market | national_regional | mainstream_supermarket,Grocery/Market | national_regional | mainstream_supermarket,agreed,
HEALTH2025-00072,SAM'S CLUB #4906-SEAFOOD,Grocery/Market,Sam's Club - seafood,national_regional,mainstream_supermarket,high,known chain,Grocery/Market | national_regional | mainstream_supermarket,Grocery/Market | national_regional | mainstream_supermarket,agreed,
HEALTH2025-00073,SAM'S CLUB #4906-DELI,Grocery/Market,Sam's Club - deli,national_regional,mainstream_supermarket,high,known chain,Grocery/Market | national_regional | mainstream_supermarket,Grocery/Market | national_regional | mainstream_supermarket,agreed,
HEALTH2025-00074,SAM'S CLUB #4906-GROCERY,Grocery/Market,Sam's Club - grocery,national_regional,mainstream_supermarket,high,known chain,Grocery/Market | national_regional | mainstream_supermarket,Grocery/Market | national_regional | mainstream_supermarket,agreed,
HEALTH2025-00075,STARWOOD CAFE,"American (sit-down, bars, venues)",breakfast/lunch cafe,local_multi,,medium,name; known local cafe,"American (sit-down, bars, venues) | local_multi","American (sit-down, bars, venues) | local_multi",agreed,
HEALTH2025-00076,POPEYE'S LOUISIANA KITCHEN,Fast Food,fried chicken,national_regional,,high,known chain,Fast Food | national_regional,Fast Food | national_regional,agreed,
HEALTH2025-00077,WULF BURGER,"American (sit-down, bars, venues)",burgers,independent,,medium,name,"American (sit-down, bars, venues) | independent","American (sit-down, bars, venues) | independent",agreed,
HEALTH2025-00078,WAL-MART #5311 MEAT,Grocery/Market,Walmart - meat,national_regional,mainstream_supermarket,high,known chain,Grocery/Market | national_regional | mainstream_supermarket,Grocery/Market | national_regional | mainstream_supermarket,agreed,
HEALTH2025-00079,WAL-MART #5311 PRODUCE,Grocery/Market,Walmart - produce,national_regional,mainstream_supermarket,high,known chain,Grocery/Market | national_regional | mainstream_supermarket,Grocery/Market | national_regional | mainstream_supermarket,agreed,
HEALTH2025-00080,WAL-MART #5311 GROCERY,Grocery/Market,Walmart - grocery,national_regional,mainstream_supermarket,high,known chain,Grocery/Market | national_regional | mainstream_supermarket,Grocery/Market | national_regional | mainstream_supermarket,agreed,
HEALTH2025-00081,WAL-MART #5311 DELI,Grocery/Market,Walmart - deli,national_regional,mainstream_supermarket,high,known chain,Grocery/Market | national_regional | mainstream_supermarket,Grocery/Market | national_regional | mainstream_supermarket,agreed,
HEALTH2025-00082,WAL-MART #5311 BAKERY,Grocery/Market,Walmart - bakery,national_regional,mainstream_supermarket,high,known chain,Grocery/Market | national_regional | mainstream_supermarket,Grocery/Market | national_regional | mainstream_supermarket,agreed,
HEALTH2025-00083,Dollar General Store #3634,Convenience/Gas,dollar/discount store,national_regional,,high,known chain,Convenience/Gas | national_regional,Convenience/Gas | national_regional,agreed,
HEALTH2025-00084,Nekter Juice Bar,Coffee/Cafe/Bakery/Dessert,smoothies/juice,national_regional,,high,known chain,Coffee/Cafe/Bakery/Dessert | national_regional,Coffee/Cafe/Bakery/Dessert | national_regional,agreed,
HEALTH2025-00085,THE OLIVE GARDEN ITALIAN RESTAURANT,Pizza/Italian,Italian,national_regional,,high,known chain,Pizza/Italian | national_regional,Pizza/Italian | national_regional,agreed,
HEALTH2025-00086,RIVERA'S SALVA TEX-MEX,Mexican/Tex-Mex/Latin,Salvadoran / Tex-Mex,independent,,high,name,Mexican/Tex-Mex/Latin | independent,Mexican/Tex-Mex/Latin | independent,agreed,
HEALTH2025-00087,DOLLAR GENERAL #25810,Convenience/Gas,dollar/discount store,national_regional,,high,known chain,Convenience/Gas | national_regional,Convenience/Gas | national_regional,agreed,
HEALTH2025-00088,Best Western Plus McKinney Inn & Suites,Hotel/Caterer/Commissary,hotel,national_regional,,high,hotel name,Hotel/Caterer/Commissary | national_regional,Hotel/Caterer/Commissary | national_regional,agreed,
HEALTH2025-00089,THE COMEDY ARENA,Venue/Concession,comedy club concessions,independent,,medium,name,Venue/Concession | independent,Venue/Concession | independent,agreed,
HEALTH2025-00091,BLUE OLIVE GRILL,Mediterranean/Middle Eastern,Mediterranean grill,independent,,medium,name (Blue Olive),Mediterranean/Middle Eastern | independent,Mediterranean/Middle Eastern | independent,agreed,
HEALTH2025-00092,TERESA'S HOUSE - BUILDING 5,Institutional,residential care home,independent,,medium,name; multiple house buildings with residential kitchens,Institutional | local_multi,Institutional | independent,adjudicated,"chain: A local_multi, B independent; one local operator with several buildings"
HEALTH2025-00093,TERESA’S HOUSE - MAIN PERMIT,Institutional,residential care home,independent,,medium,name; multiple house buildings with residential kitchens,Institutional | local_multi,Institutional | independent,adjudicated,"chain: A local_multi, B independent; one local operator with several buildings"
HEALTH2025-00094,CIRCLE K #2741583,Convenience/Gas,convenience store / gas station,national_regional,,high,name / known chain,Convenience/Gas | national_regional,Convenience/Gas | national_regional,agreed,
HEALTH2025-00097,NAF NAF GRILL,Mediterranean/Middle Eastern,Mediterranean fast casual,national_regional,,high,known chain,Mediterranean/Middle Eastern | national_regional,Mediterranean/Middle Eastern | national_regional,agreed,
HEALTH2025-00098,Arcade 92,"American (sit-down, bars, venues)",arcade bar,independent,,medium,name,"American (sit-down, bars, venues) | independent","American (sit-down, bars, venues) | independent",agreed,
HEALTH2025-00099,NEW YORK PIZZA AND PINTS II,Pizza/Italian,pizza,local_multi,,low,name,Pizza/Italian | local_multi,Pizza/Italian | independent,adjudicated,"chain: A local_multi, B independent; ""II"" in name implies a second store"
HEALTH2025-00100,"ROSATI""S PIZZA",Pizza/Italian,pizza,national_regional,,high,known chain,Pizza/Italian | national_regional,Pizza/Italian | national_regional,agreed,
HEALTH2025-00103,MCDONALDS 22753,Fast Food,burgers,national_regional,,high,known chain,Fast Food | national_regional,Fast Food | national_regional,agreed,
HEALTH2025-00105,STARBUCKS #84806,Coffee/Cafe/Bakery/Dessert,coffee,national_regional,,high,known chain,Coffee/Cafe/Bakery/Dessert | national_regional,Coffee/Cafe/Bakery/Dessert | national_regional,agreed,
HEALTH2025-00107,KROGER #565 DELI,Grocery/Market,Kroger - deli,national_regional,mainstream_supermarket,high,known chain,Grocery/Market | national_regional | mainstream_supermarket,Grocery/Market | national_regional | mainstream_supermarket,agreed,
HEALTH2025-00108,KROGER #565 GROCERY,Grocery/Market,Kroger - grocery,national_regional,mainstream_supermarket,high,known chain,Grocery/Market | national_regional | mainstream_supermarket,Grocery/Market | national_regional | mainstream_supermarket,agreed,
HEALTH2025-00109,KROGER #565 STARBUCKS,Grocery/Market,Starbucks/coffee counter inside Kroger #565,national_regional,mainstream_supermarket,medium,address is Kroger #565; name says inside/at store,Grocery/Market | national_regional | mainstream_supermarket,Coffee/Cafe/Bakery/Dessert | national_regional,adjudicated,"B coded Coffee/Cafe/Bakery/Dessert; in-store counters follow the agreed convention for supermarket food service (Target cafe, H-E-B BBQ counter, Costco food court); chain = host store"
HEALTH2025-00110,KORGER #565 - MEAT / SEAFOOD,Grocery/Market,Kroger - meat,national_regional,mainstream_supermarket,high,known chain,Grocery/Market | national_regional | mainstream_supermarket,Grocery/Market | national_regional | mainstream_supermarket,agreed,
HEALTH2025-00111,KROGER #565 BAKERY,Grocery/Market,Kroger - bakery,national_regional,mainstream_supermarket,high,known chain,Grocery/Market | national_regional | mainstream_supermarket,Grocery/Market | national_regional | mainstream_supermarket,agreed,
HEALTH2025-00112,KROGER #565 PRODUCE,Grocery/Market,Kroger - produce,national_regional,mainstream_supermarket,high,known chain,Grocery/Market | national_regional | mainstream_supermarket,Grocery/Market | national_regional | mainstream_supermarket,agreed,
HEALTH2025-00113,COLLIN COUNTY MINIMUM SECURITY FACILITY,Institutional,county jail/courthouse,independent,,high,name,Institutional | independent,Institutional | independent,agreed,
HEALTH2025-00114,COLLIN COUNTY JAIL EMPLOYEE GRILL,Institutional,county jail/courthouse,independent,,high,name,Institutional | independent,Institutional | independent,agreed,
HEALTH2025-00115,COLLIN COUNTY JAIL,Institutional,county jail/courthouse,independent,,high,name,Institutional | independent,Institutional | independent,agreed,
HEALTH2025-00121,Amazing Prep Academy,Institutional,school/daycare,independent,,high,school/daycare name,Institutional | independent,Institutional | unknown,adjudicated,"chain: A independent, B unknown; unrecognized single-site school/daycare name"
HEALTH2025-00122,MCKINNEY WINE MERCHANT,Other non-restaurant,wine shop (occasional sampling),independent,,high,comment says occasional sampling; wine shop,Other non-restaurant | independent,Other non-restaurant | independent,agreed,
HEALTH2025-00124,CHEF SUN NOODLE & DUMPLING,Chinese,noodles and dumplings,independent,,high,name,Chinese | independent,Chinese | independent,agreed,
HEALTH2025-00125,WHATABURGER #1115,Fast Food,burgers,national_regional,,high,known chain,Fast Food | national_regional,Fast Food | national_regional,agreed,
HEALTH2025-00128,WALGREENS #09908,Convenience/Gas,pharmacy,national_regional,,high,known chain,Convenience/Gas | national_regional,Convenience/Gas | national_regional,agreed,
HEALTH2025-00129,JAMBA/ AUNTIE ANNES,Coffee/Cafe/Bakery/Dessert,smoothies and pretzels,national_regional,,high,known chains,Coffee/Cafe/Bakery/Dessert | national_regional,Coffee/Cafe/Bakery/Dessert | national_regional,agreed,
HEALTH2025-00130,CINNAHOLIC,Coffee/Cafe/Bakery/Dessert,cinnamon rolls,national_regional,,high,known chain,Coffee/Cafe/Bakery/Dessert | national_regional,Coffee/Cafe/Bakery/Dessert | national_regional,agreed,
HEALTH2025-00131,MCDONALD'S,Fast Food,burgers,national_regional,,high,known chain,Fast Food | national_regional,Fast Food | national_regional,agreed,
HEALTH2025-00133,TACO BELL #30590,Fast Food,Taco Bell,national_regional,,high,known chain,Fast Food | national_regional,Fast Food | national_regional,agreed,
HEALTH2025-00134,Tailgators Sports Bar & Grill,"American (sit-down, bars, venues)",sports bar,independent,,high,name,"American (sit-down, bars, venues) | independent","American (sit-down, bars, venues) | independent",agreed,
HEALTH2025-00137,MCKINNEY EXPRESS,Convenience/Gas,convenience store,independent,,medium,same site as convenience permit; comments mention milk,Convenience/Gas | independent,Convenience/Gas | independent,agreed,
HEALTH2025-00139,CHICK-FIL-A,Fast Food,fried chicken,national_regional,,high,known chain,Fast Food | national_regional,Fast Food | national_regional,agreed,
HEALTH2025-00140,JC'S BURGER HOUSE,"American (sit-down, bars, venues)",burgers,local_multi,,medium,name,"American (sit-down, bars, venues) | local_multi","American (sit-down, bars, venues) | local_multi",agreed,
HEALTH2025-00141,SUMMER MOON COFFEE,Coffee/Cafe/Bakery/Dessert,coffee,national_regional,,high,known chain,Coffee/Cafe/Bakery/Dessert | national_regional,Coffee/Cafe/Bakery/Dessert | national_regional,agreed,
HEALTH2025-00142,CIRCLE K #2741879,Convenience/Gas,convenience store / gas station,national_regional,,high,name / known chain,Convenience/Gas | national_regional,Convenience/Gas | national_regional,agreed,
HEALTH2025-00143,VELVET TACO,Mexican/Tex-Mex/Latin,tacos (Tex-Mex),national_regional,,high,known chain,Mexican/Tex-Mex/Latin | national_regional,Mexican/Tex-Mex/Latin | national_regional,agreed,
HEALTH2025-00146,MCKINNEY BUICK GMC,Other non-restaurant,car dealership lounge,independent,,medium,name (car dealership),Other non-restaurant | independent,Other non-restaurant | independent,agreed,
HEALTH2025-00147,,Other non-restaurant,car dealership lounge,independent,,low,no name; address is a car dealership,Other non-restaurant | independent,Other non-restaurant | independent,agreed,
HEALTH2025-00151,METHODIST MCKINNEY CAFE,Institutional,hospital,national_regional,,high,hospital name,Institutional | national_regional,Institutional | local_multi,adjudicated,"chain: A national_regional, B local_multi; health system hospital (agreed convention for Baylor, Medical City)"
HEALTH2025-00152,McKinney Baseball concession,Venue/Concession,baseball complex concession,independent,,medium,name,Venue/Concession | independent,Venue/Concession | independent,agreed,
HEALTH2025-00156,Birdcall,Fast Food,chicken sandwiches,national_regional,,medium,known chain,Fast Food | national_regional,Fast Food | national_regional,agreed,
HEALTH2025-00159,,Grocery/Market,Indian grocery with food counter,national_regional,independent_specialty,low,no name; address and comments match Desi District grocery,Grocery/Market | national_regional | independent_specialty,Grocery/Market | local_multi | independent_specialty,adjudicated,"chain: A national_regional, B local_multi; Desi District has stores in several states"
HEALTH2025-00160,Ladybird Academy,Institutional,school/daycare,national_regional,,high,school/daycare name,Institutional | national_regional,Institutional | national_regional,agreed,
HEALTH2025-00161,JP Donut,Coffee/Cafe/Bakery/Dessert,donuts/bagels,independent,,high,name,Coffee/Cafe/Bakery/Dessert | independent,Coffee/Cafe/Bakery/Dessert | independent,agreed,
HEALTH2025-00162,Select food,Convenience/Gas,convenience store / gas station,independent,,medium,name / known chain,Convenience/Gas | independent,Convenience/Gas | unknown,adjudicated,"chain: A independent, B unknown; unrecognized single-store convenience name"
HEALTH2025-00163,El Fenix,Mexican/Tex-Mex/Latin,Tex-Mex,national_regional,,high,known chain,Mexican/Tex-Mex/Latin | national_regional,Mexican/Tex-Mex/Latin | national_regional,agreed,
HEALTH2025-00164,,Grocery/Market,Indian grocery with food counter,national_regional,independent_specialty,low,no name; address and comments match Desi District grocery,Grocery/Market | national_regional | independent_specialty,Grocery/Market | local_multi | independent_specialty,adjudicated,"chain: A national_regional, B local_multi; Desi District has stores in several states"
HEALTH2025-00165,Salata,Deli/Sandwich/Salad,salads,national_regional,,high,known chain,Deli/Sandwich/Salad | national_regional,Deli/Sandwich/Salad | national_regional,agreed,
HEALTH2025-00166,Primrose School of Eldorado,Institutional,school/daycare,national_regional,,high,school/daycare name,Institutional | national_regional,Institutional | national_regional,agreed,
HEALTH2025-00168,SEINYAA FOODS,Other cuisine,West African foods,independent,,low,"comments mention corn meal, meat pie",Other cuisine | independent,Other cuisine | independent,agreed,
HEALTH2025-00175,THE KOLACHE FACTORY,Coffee/Cafe/Bakery/Dessert,kolaches,national_regional,,high,known chain,Coffee/Cafe/Bakery/Dessert | national_regional,Coffee/Cafe/Bakery/Dessert | national_regional,agreed,
HEALTH2025-00178,COLLIN COUNTY JAIL MICRO-MARKET,Other non-restaurant,micro market / vending,unknown,,medium,name says micro market/vending,Other non-restaurant | unknown,Other non-restaurant | independent,adjudicated,"chain: A unknown, B independent; micro market/break room named for the employer; operator not named (agreed rule: operator named -> its chain status, else unknown)"
HEALTH2025-00189,SMALLS SLIDERS,Fast Food,sliders,national_regional,,high,known chain,Fast Food | national_regional,Fast Food | national_regional,agreed,
HEALTH2025-00191,THE VEG PALACE,Indian,Indian vegetarian,independent,,low,"name (Veg Palace); comments mention soup, rice",Indian | independent,Indian | independent,agreed,
HEALTH2025-00193,Union Bear Brewing Company,"American (sit-down, bars, venues)",brewery,local_multi,,low,name,"American (sit-down, bars, venues) | independent","American (sit-down, bars, venues) | local_multi",adjudicated,"chain: A independent, B local_multi; brewery with a second DFW taproom"
HEALTH2025-00197,JASONS DELI,Deli/Sandwich/Salad,"deli sandwiches, salads",national_regional,,high,known chain,Deli/Sandwich/Salad | national_regional,Deli/Sandwich/Salad | national_regional,agreed,
HEALTH2025-00199,1 STOP FOOD STORE,Convenience/Gas,convenience store / gas station,independent,,medium,name / known chain,Convenience/Gas | independent,Convenience/Gas | unknown,adjudicated,"chain: A independent, B unknown; unrecognized single-store convenience name"
HEALTH2025-00236,KURA SUSHI,Japanese,conveyor sushi,national_regional,,high,known chain,Japanese | national_regional,Japanese | national_regional,agreed,
HEALTH2025-00237,NYC BAGEL,Coffee/Cafe/Bakery/Dessert,donuts/bagels,independent,,low,name,Coffee/Cafe/Bakery/Dessert | independent,Coffee/Cafe/Bakery/Dessert | unknown,adjudicated,"chain: A independent, B unknown; name not recognized as a chain"
HEALTH2025-00251,Fire Bowl Cafe,Unknown,,unknown,,low,name only; no food items noted,Asian (unspecified) | unknown,Unknown | independent,adjudicated,
HEALTH2025-00256,UGLY MUG COFFEE HOUSE,Coffee/Cafe/Bakery/Dessert,coffee,independent,,high,name,Coffee/Cafe/Bakery/Dessert | independent,Coffee/Cafe/Bakery/Dessert | independent,agreed,
HEALTH2025-00262,THE CHAAT BAR,Indian,Indian chaat,independent,,high,name,Indian | independent,Indian | independent,agreed,
HEALTH2025-00274,JACK IN THE BOX #4797,Fast Food,burgers,national_regional,,high,known chain,Fast Food | national_regional,Fast Food | national_regional,agreed,
HEALTH2025-00275,TRU BY HILTON,Hotel/Caterer/Commissary,hotel,national_regional,,high,hotel name,Hotel/Caterer/Commissary | national_regional,Hotel/Caterer/Commissary | national_regional,agreed,
HEALTH2025-00287,GOLDEN CHICK,Fast Food,fried chicken,national_regional,,high,known chain,Fast Food | national_regional,Fast Food | national_regional,agreed,
HEALTH2025-00296,JERSEY MIKE'S SUBS,Deli/Sandwich/Salad,sub sandwiches,national_regional,,high,known chain,Deli/Sandwich/Salad | national_regional,Deli/Sandwich/Salad | national_regional,agreed,
HEALTH2025-00302,Super 8,Hotel/Caterer/Commissary,hotel,national_regional,,high,hotel name,Hotel/Caterer/Commissary | national_regional,Hotel/Caterer/Commissary | national_regional,agreed,
HEALTH2025-00355,SWEET PARIS CREPERIE & CAFE,Coffee/Cafe/Bakery/Dessert,crepes,national_regional,,high,known chain,Coffee/Cafe/Bakery/Dessert | national_regional,Coffee/Cafe/Bakery/Dessert | national_regional,agreed,
HEALTH2025-00363,THE CELT,"American (sit-down, bars, venues)",Irish pub,independent,,medium,name,"American (sit-down, bars, venues) | independent","American (sit-down, bars, venues) | independent",agreed,
HEALTH2025-00372,Lean Kitchen Vending Machine,Other non-restaurant,micro market / vending,local_multi,,high,name says micro market/vending,Other non-restaurant | unknown,Other non-restaurant | local_multi,adjudicated,"chain: A unknown, B local_multi; same operator as agreed Lean Kitchen (local_multi)"
HEALTH2025-00375,CHILITO ROJO,Mexican/Tex-Mex/Latin,Mexican,independent,,medium,name; comments mention beans,Mexican/Tex-Mex/Latin | independent,Mexican/Tex-Mex/Latin | independent,agreed,
HEALTH2025-00393,SALI'S ITALIAN,Pizza/Italian,Italian,independent,,high,name,Pizza/Italian | independent,Pizza/Italian | independent,agreed,
HEALTH2025-00413,Tom Thumb 3853 - Produce,Grocery/Market,Tom Thumb - produce,national_regional,mainstream_supermarket,high,known chain,Grocery/Market | national_regional | mainstream_supermarket,Grocery/Market | national_regional | mainstream_supermarket,agreed,
HEALTH2025-00414,Tom Thumb #3853 - Bakery,Grocery/Market,Tom Thumb - bakery,national_regional,mainstream_supermarket,high,known chain,Grocery/Market | national_regional | mainstream_supermarket,Grocery/Market | national_regional | mainstream_supermarket,agreed,
HEALTH2025-00415,Tom Thumb #3853 - Deli,Grocery/Market,Tom Thumb - deli,national_regional,mainstream_supermarket,high,known chain,Grocery/Market | national_regional | mainstream_supermarket,Grocery/Market | national_regional | mainstream_supermarket,agreed,
HEALTH2025-00421,MARCO'S PIZZA,Pizza/Italian,pizza,national_regional,,high,known chain,Pizza/Italian | national_regional,Pizza/Italian | national_regional,agreed,
HEALTH2025-00433,HILLSIDE COFFEE BAR,Coffee/Cafe/Bakery/Dessert,coffee,independent,,high,name,Coffee/Cafe/Bakery/Dessert | independent,Coffee/Cafe/Bakery/Dessert | independent,agreed,
HEALTH2025-00451,COMMUNITY LIFELINE,Institutional,nonprofit social services,independent,,high,name,Institutional | independent,Institutional | independent,agreed,
HEALTH2025-00456,Subway,Deli/Sandwich/Salad,sub sandwiches,national_regional,,high,known chain,Deli/Sandwich/Salad | national_regional,Deli/Sandwich/Salad | national_regional,agreed,
HEALTH2025-00458,Black Rock Coffee Bar,Coffee/Cafe/Bakery/Dessert,coffee,national_regional,,high,known chain,Coffee/Cafe/Bakery/Dessert | national_regional,Coffee/Cafe/Bakery/Dessert | national_regional,agreed,
HEALTH2025-00467,Mesa's,Mexican/Tex-Mex/Latin,Mexican,independent,,high,"name; comments mention salsa, queso",Mexican/Tex-Mex/Latin | independent,Mexican/Tex-Mex/Latin | independent,agreed,
HEALTH2025-00469,Starbucks Coffee Shop,Coffee/Cafe/Bakery/Dessert,coffee,national_regional,,high,known chain,Coffee/Cafe/Bakery/Dessert | national_regional,Coffee/Cafe/Bakery/Dessert | national_regional,agreed,
HEALTH2025-00485,Tai Sushi,Japanese,sushi,independent,,high,name,Japanese | independent,Japanese | independent,agreed,
HEALTH2025-00489,PACIUGO MCKINNEY,Coffee/Cafe/Bakery/Dessert,gelato,national_regional,,high,known chain,Coffee/Cafe/Bakery/Dessert | national_regional,Coffee/Cafe/Bakery/Dessert | national_regional,agreed,
HEALTH2025-00495,Centro On The Square,Unknown,,independent,,low,name; only meatballs noted,Unknown | independent,Pizza/Italian | independent,adjudicated,"Italian possible from meatballs, not enough"
HEALTH2025-00507,The Great Greek Mediterranean Grill,Mediterranean/Middle Eastern,Greek,national_regional,,high,known chain,Mediterranean/Middle Eastern | national_regional,Mediterranean/Middle Eastern | national_regional,agreed,
HEALTH2025-00522,GENJI SUSHI,Grocery/Market,sushi counter inside Whole Foods,national_regional,mainstream_supermarket,medium,address is Whole Foods,Grocery/Market | national_regional | mainstream_supermarket,Japanese | national_regional,adjudicated,"B coded Japanese; in-store counters follow the agreed convention for supermarket food service (Target cafe, H-E-B BBQ counter, Costco food court); chain = host store"
HEALTH2025-00539,WHOLE FOODS - GROCERY,Grocery/Market,Whole Foods - grocery,national_regional,mainstream_supermarket,high,known chain,Grocery/Market | national_regional | mainstream_supermarket,Grocery/Market | national_regional | mainstream_supermarket,agreed,
HEALTH2025-00545,WATERMERE MCKINNEY,Institutional,senior living / nursing,local_multi,,low,senior living name,Institutional | local_multi,Institutional | national_regional,adjudicated,"chain: A local_multi, B national_regional; Texas senior-living brand"
HEALTH2025-00549,Black Rock Coffee Bar,Coffee/Cafe/Bakery/Dessert,coffee,national_regional,,high,known chain,Coffee/Cafe/Bakery/Dessert | national_regional,Coffee/Cafe/Bakery/Dessert | national_regional,agreed,
HEALTH2025-00552,PINKITZEL,Coffee/Cafe/Bakery/Dessert,candy and cupcakes,national_regional,,low,name; known Texas candy/cupcake shop,Coffee/Cafe/Bakery/Dessert | local_multi,Coffee/Cafe/Bakery/Dessert | national_regional,adjudicated,"chain: A local_multi, B national_regional; Texas candy/cupcake chain in several cities"
HEALTH2025-00558,ALBARAKA BBQ GRILL,Mediterranean/Middle Eastern,halal grill,independent,,medium,"comments mention chicken skewers, hummus, okra, yogurt drink",Mediterranean/Middle Eastern | independent,Mediterranean/Middle Eastern | independent,agreed,
HEALTH2025-00566,Micro Market,Other non-restaurant,micro market / vending,unknown,,high,name says micro market/vending,Other non-restaurant | unknown,Other non-restaurant | unknown,agreed,
HEALTH2025-00570,Lean Kitchen McKinney will be installing a Byte Cooler at the City Hall. We are not sure as to what floor at the moment. We will have our healthy meals in the cooler for the staff at City Hall.,Other non-restaurant,micro market / vending,local_multi,,high,name says micro market/vending,Other non-restaurant | unknown,Other non-restaurant | local_multi,adjudicated,"chain: A unknown, B local_multi; same operator as agreed Lean Kitchen (local_multi)"
HEALTH2025-00573,Mountain Mikes Pizza,Pizza/Italian,pizza,national_regional,,high,known chain,Pizza/Italian | national_regional,Pizza/Italian | national_regional,agreed,
HEALTH2025-00580,NEW YORK PIZZA AND PINTS,Pizza/Italian,pizza,local_multi,,low,name,Pizza/Italian | local_multi,Pizza/Italian | independent,adjudicated,"chain: A local_multi, B independent; ""II"" in name implies a second store"
HEALTH2025-00581,WHOLE FOODS - Bakery,Grocery/Market,Whole Foods - bakery,national_regional,mainstream_supermarket,high,known chain,Grocery/Market | national_regional | mainstream_supermarket,Grocery/Market | national_regional | mainstream_supermarket,agreed,
HEALTH2025-00582,WHOLE FOODS - Prepared Foods/Deli,Grocery/Market,Whole Foods - deli,national_regional,mainstream_supermarket,high,known chain,Grocery/Market | national_regional | mainstream_supermarket,Grocery/Market | national_regional | mainstream_supermarket,agreed,
HEALTH2025-00583,WHOLE FOODS - Produce,Grocery/Market,Whole Foods - produce,national_regional,mainstream_supermarket,high,known chain,Grocery/Market | national_regional | mainstream_supermarket,Grocery/Market | national_regional | mainstream_supermarket,agreed,
HEALTH2025-00584,WHOLE FOODS - Meat,Grocery/Market,Whole Foods - meat,national_regional,mainstream_supermarket,high,known chain,Grocery/Market | national_regional | mainstream_supermarket,Grocery/Market | national_regional | mainstream_supermarket,agreed,
HEALTH2025-00585,WHOLE FOODS - Seafood,Grocery/Market,Whole Foods - seafood,national_regional,mainstream_supermarket,high,known chain,Grocery/Market | national_regional | mainstream_supermarket,Grocery/Market | national_regional | mainstream_supermarket,agreed,
HEALTH2025-00586,WHOLE FOODS Specialty/Cheese,Grocery/Market,Whole Foods - cheese shop,national_regional,mainstream_supermarket,high,known chain,Grocery/Market | national_regional | mainstream_supermarket,Grocery/Market | national_regional | mainstream_supermarket,agreed,
HEALTH2025-00587,CHIPOTLE,Mexican/Tex-Mex/Latin,Mexican fast casual,national_regional,,high,known chain,Mexican/Tex-Mex/Latin | national_regional,Mexican/Tex-Mex/Latin | national_regional,agreed,
HEALTH2025-00592,Keke's Breakfast Cafe,"American (sit-down, bars, venues)",breakfast,national_regional,,high,known chain,"American (sit-down, bars, venues) | national_regional","American (sit-down, bars, venues) | national_regional",agreed,
HEALTH2025-00597,HOUSO BREAD,Coffee/Cafe/Bakery/Dessert,bakery-cafe,national_regional,,medium,name (House of Bread),Coffee/Cafe/Bakery/Dessert | national_regional,Coffee/Cafe/Bakery/Dessert | national_regional,agreed,
HEALTH2025-00599,YUM OF INDIA,Indian,Indian,independent,,high,name,Indian | independent,Indian | independent,agreed,
HEALTH2025-00602,LA LA LAND CAFE,Coffee/Cafe/Bakery/Dessert,coffee,national_regional,,medium,known Texas coffee chain,Coffee/Cafe/Bakery/Dessert | national_regional,Coffee/Cafe/Bakery/Dessert | national_regional,agreed,
HEALTH2025-00604,BRUNCH DISTRICT,"American (sit-down, bars, venues)",brunch,independent,,medium,name,"American (sit-down, bars, venues) | independent","American (sit-down, bars, venues) | independent",agreed,
HEALTH2025-00611,Godfather's Pizza,Pizza/Italian,pizza,national_regional,,high,known chain,Pizza/Italian | national_regional,Pizza/Italian | national_regional,agreed,
HEALTH2025-00614,Broken Yolk Cafe,"American (sit-down, bars, venues)",breakfast/brunch,national_regional,,high,known chain,"American (sit-down, bars, venues) | national_regional","American (sit-down, bars, venues) | national_regional",agreed,
HEALTH2025-00616,BAHAMA BUCKS,Coffee/Cafe/Bakery/Dessert,shaved ice,national_regional,,high,known chain,Coffee/Cafe/Bakery/Dessert | national_regional,Coffee/Cafe/Bakery/Dessert | national_regional,agreed,
HEALTH2025-00621,Donut Station,Coffee/Cafe/Bakery/Dessert,donuts/bagels,independent,,high,name,Coffee/Cafe/Bakery/Dessert | independent,Coffee/Cafe/Bakery/Dessert | independent,agreed,
HEALTH2025-00632,7-11 #34222,Convenience/Gas,convenience store / gas station,national_regional,,high,name / known chain,Convenience/Gas | national_regional,Convenience/Gas | national_regional,agreed,
HEALTH2025-00636,PIZZA VIBES,Pizza/Italian,pizza,independent,,high,name,Pizza/Italian | independent,Pizza/Italian | independent,agreed,
HEALTH2025-00652,CAVALLI,Pizza/Italian,pizza,local_multi,,medium,name (Cavalli Pizza),Pizza/Italian | independent,Pizza/Italian | local_multi,adjudicated,"chain: A independent, B local_multi; DFW pizza chain"
HEALTH2025-00658,SALEM RR BIRYANI,Indian,biryani,independent,,high,name,Indian | independent,Indian | independent,agreed,
HEALTH2025-00664,stefania sempanadas,Mexican/Tex-Mex/Latin,empanadas,independent,,medium,name,Mexican/Tex-Mex/Latin | independent,Mexican/Tex-Mex/Latin | independent,agreed,
HEALTH2025-00673,KIMIYA JAPANESE CUISINE,Japanese,Japanese,independent,,high,name,Japanese | independent,Japanese | independent,agreed,
HEALTH2025-00676,88 baobao,Chinese,Chinese buns and dishes,independent,,medium,name; comments mention egg drop soup,Chinese | independent,Chinese | independent,agreed,
HEALTH2025-00678,HAPPYMIX CREPERIE,Coffee/Cafe/Bakery/Dessert,crepes,independent,,high,name,Coffee/Cafe/Bakery/Dessert | independent,Coffee/Cafe/Bakery/Dessert | independent,agreed,
HEALTH2025-00686,COCO MANGO,Coffee/Cafe/Bakery/Dessert,dessert/drinks,independent,,low,name; same suite as bubble tea shop,Coffee/Cafe/Bakery/Dessert | independent,Coffee/Cafe/Bakery/Dessert | independent,agreed,
HEALTH2025-00694,Chip City McKinney,Coffee/Cafe/Bakery/Dessert,cookies,national_regional,,high,known chain,Coffee/Cafe/Bakery/Dessert | national_regional,Coffee/Cafe/Bakery/Dessert | national_regional,agreed,
HEALTH2025-00717,Page 3,Indian,Indian bar/lounge,independent,,medium,"name (Page 3); comments mention curry, bar",Indian | independent,Indian | independent,agreed,
HEALTH2025-00736,Freddy's Frozen Custard and Steakburgers,Fast Food,steakburgers / frozen custard,national_regional,,high,known chain,Fast Food | national_regional,Fast Food | national_regional,agreed,
HEALTH2025-00751,Nékter Juice Bar,Coffee/Cafe/Bakery/Dessert,smoothies/juice,national_regional,,high,known chain,Coffee/Cafe/Bakery/Dessert | national_regional,Coffee/Cafe/Bakery/Dessert | national_regional,agreed,
HEALTH2025-00752,Sushi,Grocery/Market,sushi counter inside Walmart #6966,national_regional,mainstream_supermarket,medium,address is Walmart #6966,Grocery/Market | national_regional | mainstream_supermarket,Japanese | unknown,adjudicated,"B coded Japanese; in-store counters follow the agreed convention for supermarket food service (Target cafe, H-E-B BBQ counter, Costco food court); chain = host store"
HEALTH2025-00754,MCDONALD'S,Fast Food,burgers,national_regional,,high,known chain,Fast Food | national_regional,Fast Food | national_regional,agreed,
HEALTH2025-00759,YONUTZ,Coffee/Cafe/Bakery/Dessert,donuts and ice cream,national_regional,,medium,known chain,Coffee/Cafe/Bakery/Dessert | national_regional,Coffee/Cafe/Bakery/Dessert | national_regional,agreed,
HEALTH2025-00761,Pizza Twist,Pizza/Italian,Indian-style pizza,national_regional,,medium,known chain,Pizza/Italian | national_regional,Pizza/Italian | national_regional,agreed,
HEALTH2025-00764,"CHEBA HUT ""TOASTED"" SUBS",Deli/Sandwich/Salad,sub sandwiches,national_regional,,high,known chain,Deli/Sandwich/Salad | national_regional,Deli/Sandwich/Salad | national_regional,agreed,
HEALTH2025-00771,BARRIO TACOS + TEQUILA + WHISKEY,Mexican/Tex-Mex/Latin,tacos,independent,,low,name,Mexican/Tex-Mex/Latin | local_multi,Mexican/Tex-Mex/Latin | independent,adjudicated,"chain: A local_multi, B independent; name not recognized as a chain"
HEALTH2025-00777,THE MIRAGE LOUNGE HOOKAH BAR AND BITES,Indian,hookah lounge with Indian food,independent,,medium,"comments mention curry, rice",Indian | independent,Indian | independent,agreed,
HEALTH2025-00781,FENG CHA,Coffee/Cafe/Bakery/Dessert,boba tea,national_regional,,high,known chain,Coffee/Cafe/Bakery/Dessert | national_regional,Coffee/Cafe/Bakery/Dessert | national_regional,agreed,
HEALTH2025-00783,TAO RICE ROLL,Chinese,Cantonese rice rolls,independent,,medium,name,Chinese | independent,Chinese | independent,agreed,
HEALTH2025-00804,HOP DADDY BURGER BAR,Fast Food,burgers (counter-service chain),national_regional,,high,known chain,"American (sit-down, bars, venues) | national_regional",Fast Food | national_regional,adjudicated,"counter-service burger chains coded Fast Food, as agreed for Five Guys, Mooyah, Freddy's, Shake Shack"
HEALTH2025-00836,7-11 #37296,Convenience/Gas,convenience store / gas station,national_regional,,high,name / known chain,Convenience/Gas | national_regional,Convenience/Gas | national_regional,agreed,
HEALTH2025-00848,Jet Pizza,Pizza/Italian,pizza,national_regional,,high,known chain,Pizza/Italian | national_regional,Pizza/Italian | national_regional,agreed,
HEALTH2025-00851,EL POLLO LOCO,Fast Food,grilled chicken,national_regional,,high,known chain,Fast Food | national_regional,Fast Food | national_regional,agreed,
HEALTH2025-00858,COFFEE NUTZ,Coffee/Cafe/Bakery/Dessert,coffee,independent,,medium,name,Coffee/Cafe/Bakery/Dessert | independent,Coffee/Cafe/Bakery/Dessert | independent,agreed,
HEALTH2025-00863,India Bazaar,Grocery/Market,Indian grocery,local_multi,independent_specialty,medium,known DFW chain,Grocery/Market | local_multi | independent_specialty,Grocery/Market | national_regional | independent_specialty,adjudicated,"chain: A local_multi, B national_regional; DFW Indian grocery chain"
HEALTH2025-00865,Korner the Market,Convenience/Gas,neighborhood market,independent,,medium,name; food handler (not manager) on file,Convenience/Gas | independent,Convenience/Gas | independent,agreed,
HEALTH2025-00873,Chipotle,Mexican/Tex-Mex/Latin,Mexican fast casual,national_regional,,high,known chain,Mexican/Tex-Mex/Latin | national_regional,Mexican/Tex-Mex/Latin | national_regional,agreed,
HEALTH2025-00875,Capital Rosa Group,Other non-restaurant,micro market/vending,unknown,,high,permit class is micro market,Other non-restaurant | unknown,Other non-restaurant | independent,adjudicated,"chain: A unknown, B independent; micro market/break room named for the employer; operator not named (agreed rule: operator named -> its chain status, else unknown)"
HEALTH2025-00885,Bojangles,Fast Food,fried chicken,national_regional,,high,known chain,Fast Food | national_regional,Fast Food | national_regional,agreed,
HEALTH2025-00888,Green Apple Catering,Hotel/Caterer/Commissary,caterer (central prep facility),independent,,high,name; permit class central preparation facility,Hotel/Caterer/Commissary | independent,Hotel/Caterer/Commissary | independent,agreed,
HEALTH2025-00891,Simply South,Indian,South Indian,local_multi,,medium,name; comments mention tomato soup,Indian | local_multi,Indian | local_multi,agreed,
HEALTH2025-00894,Krishna Bhavan,Indian,South Indian,independent,,high,name,Indian | independent,Indian | independent,agreed,
HEALTH2025-00895,BREAD ZEPPELIN,Deli/Sandwich/Salad,salads,national_regional,,high,known chain,Deli/Sandwich/Salad | national_regional,Deli/Sandwich/Salad | national_regional,agreed,
HEALTH2025-00897,7-11,Convenience/Gas,convenience store / gas station,national_regional,,high,name / known chain,Convenience/Gas | national_regional,Convenience/Gas | national_regional,agreed,
HEALTH2025-00901,7 Brew Coffee Stand,Coffee/Cafe/Bakery/Dessert,coffee,national_regional,,high,known chain,Coffee/Cafe/Bakery/Dessert | national_regional,Coffee/Cafe/Bakery/Dessert | national_regional,agreed,
HEALTH2025-00902,TROPICAL SMOOTHIE,Coffee/Cafe/Bakery/Dessert,smoothies/juice,national_regional,,high,known chain,Coffee/Cafe/Bakery/Dessert | national_regional,Coffee/Cafe/Bakery/Dessert | national_regional,agreed,
HEALTH2025-00907,On the Border,Mexican/Tex-Mex/Latin,Tex-Mex,national_regional,,high,known chain,Mexican/Tex-Mex/Latin | national_regional,Mexican/Tex-Mex/Latin | national_regional,agreed,
HEALTH2025-00917,MOD PIZZA,Pizza/Italian,pizza,national_regional,,high,known chain,Pizza/Italian | national_regional,Pizza/Italian | national_regional,agreed,
HEALTH2025-00919,micromarket Was formally at 3700 stonebridge,Other non-restaurant,micro market / vending,unknown,,high,name says micro market/vending,Other non-restaurant | unknown,Other non-restaurant | unknown,agreed,
HEALTH2025-00920,Stella's Ice Cream Shop,Coffee/Cafe/Bakery/Dessert,ice cream,independent,,high,name,Coffee/Cafe/Bakery/Dessert | independent,Coffee/Cafe/Bakery/Dessert | independent,agreed,
HEALTH2025-00929,Mustang Momo & Grill,Indian,Nepali momo,independent,,high,name; comments mention samosas,Indian | independent,Indian | independent,agreed,
HEALTH2026-00006,Razzoo's Cajun Cafe,"American (sit-down, bars, venues)",Cajun,national_regional,,high,known chain,"American (sit-down, bars, venues) | national_regional","American (sit-down, bars, venues) | national_regional",agreed,
HEALTH2026-00007,McDONALD's,Fast Food,burgers,national_regional,,high,known chain,Fast Food | national_regional,Fast Food | national_regional,agreed,
HEALTH2026-00017,MOD PIZZA,Pizza/Italian,pizza,national_regional,,high,known chain,Pizza/Italian | national_regional,Pizza/Italian | national_regional,agreed,
HEALTH2026-00018,Town Place Suites,Hotel/Caterer/Commissary,hotel,national_regional,,high,hotel name,Hotel/Caterer/Commissary | national_regional,Hotel/Caterer/Commissary | national_regional,agreed,
HEALTH2026-00019,Cinnaholic bakery,Coffee/Cafe/Bakery/Dessert,cinnamon rolls,national_regional,,high,known chain,Coffee/Cafe/Bakery/Dessert | national_regional,Coffee/Cafe/Bakery/Dessert | national_regional,agreed,
HEALTH2026-00029,Sedexo,Institutional,corporate cafeteria,national_regional,,medium,known contract caterer,Institutional | national_regional,Institutional | national_regional,agreed,
HEALTH2026-00030,The Kebab Shop,Mediterranean/Middle Eastern,kebab,national_regional,,high,known chain,Mediterranean/Middle Eastern | national_regional,Mediterranean/Middle Eastern | national_regional,agreed,
HEALTH2026-00031,MAAR,Mexican/Tex-Mex/Latin,"Mexican (beans, rice)",independent,,low,"same operator as permit with beans, rice",Mexican/Tex-Mex/Latin | independent,Mexican/Tex-Mex/Latin | independent,agreed,
HEALTH2026-00038,KROGER #565 GROCERY,Grocery/Market,Kroger - grocery,national_regional,mainstream_supermarket,high,known chain,Grocery/Market | national_regional | mainstream_supermarket,Grocery/Market | national_regional | mainstream_supermarket,agreed,
HEALTH2026-00039,Kroger #565 Deli,Grocery/Market,Kroger - deli,national_regional,mainstream_supermarket,high,known chain,Grocery/Market | national_regional | mainstream_supermarket,Grocery/Market | national_regional | mainstream_supermarket,agreed,
HEALTH2026-00040,KROGER #565 STARBUCKS,Grocery/Market,Starbucks/coffee counter inside Kroger #565,national_regional,mainstream_supermarket,medium,address is Kroger #565; name says inside/at store,Grocery/Market | national_regional | mainstream_supermarket,Coffee/Cafe/Bakery/Dessert | national_regional,adjudicated,"B coded Coffee/Cafe/Bakery/Dessert; in-store counters follow the agreed convention for supermarket food service (Target cafe, H-E-B BBQ counter, Costco food court); chain = host store"
HEALTH2026-00041,Kroger #565 Bakery,Grocery/Market,Kroger - bakery,national_regional,mainstream_supermarket,high,known chain,Grocery/Market | national_regional | mainstream_supermarket,Grocery/Market | national_regional | mainstream_supermarket,agreed,
HEALTH2026-00042,Kroger #565 Meat/Seafood,Grocery/Market,Kroger - meat,national_regional,mainstream_supermarket,high,known chain,Grocery/Market | national_regional | mainstream_supermarket,Grocery/Market | national_regional | mainstream_supermarket,agreed,
HEALTH2026-00044,DUNKIN,Coffee/Cafe/Bakery/Dessert,donuts/coffee,national_regional,,high,known chain,Coffee/Cafe/Bakery/Dessert | national_regional,Coffee/Cafe/Bakery/Dessert | national_regional,agreed,
HEALTH2026-00047,SHIPLEY DONUTS,Coffee/Cafe/Bakery/Dessert,donuts,national_regional,,high,known chain,Coffee/Cafe/Bakery/Dessert | national_regional,Coffee/Cafe/Bakery/Dessert | national_regional,agreed,
HEALTH2026-00058,Smokin' Jack's,Other non-restaurant,packaged smoked salmon (farmers market),independent,,medium,comment says prepackaged salmon only,Other non-restaurant | independent,Other non-restaurant | independent,agreed,
HEALTH2026-00061,Starbuck's #86366,Coffee/Cafe/Bakery/Dessert,coffee,national_regional,,high,known chain,Coffee/Cafe/Bakery/Dessert | national_regional,Coffee/Cafe/Bakery/Dessert | national_regional,agreed,
HEALTH2026-00069,SHORTY'S MCKINNEY,"American (sit-down, bars, venues)",hot dogs,independent,,medium,"comments mention relish, chili","American (sit-down, bars, venues) | independent","American (sit-down, bars, venues) | independent",agreed,
HEALTH2026-00072,CAFE ZUPAS,Deli/Sandwich/Salad,salads,national_regional,,high,known chain,Deli/Sandwich/Salad | national_regional,Deli/Sandwich/Salad | national_regional,agreed,
HEALTH2026-00074,LION AND CROWN,"American (sit-down, bars, venues)",British pub,independent,,medium,name; comments mention shepherd's pie,"American (sit-down, bars, venues) | independent","American (sit-down, bars, venues) | independent",agreed,
HEALTH2026-00076,Arome Caribbean Fusion and Lounge,Other cuisine,Caribbean,independent,,high,name,Other cuisine | independent,Other cuisine | independent,agreed,
HEALTH2026-00077,Diamond Pastry,Coffee/Cafe/Bakery/Dessert,pastry,independent,,high,name,Coffee/Cafe/Bakery/Dessert | independent,Coffee/Cafe/Bakery/Dessert | independent,agreed,
HEALTH2026-00089,MOONRISE LAKE LOUNGE,Indian,Indian,independent,,medium,"comments mention biryani masala, lamb",Indian | independent,Indian | independent,agreed,
HEALTH2026-00100,TOASTED SIMPLE,Unknown,,independent,,low,name only; reach-in only,Deli/Sandwich/Salad | independent,Coffee/Cafe/Bakery/Dessert | independent,adjudicated,
HEALTH2026-00101,Lean Kitchen,Other non-restaurant,vending (grab-and-go meals),local_multi,,low,same brand has vending permits,Other non-restaurant | local_multi,Other non-restaurant | local_multi,agreed,
HEALTH2026-00108,PARIS BAQUETTE,Coffee/Cafe/Bakery/Dessert,bakery-cafe,national_regional,,high,known chain,Coffee/Cafe/Bakery/Dessert | national_regional,Coffee/Cafe/Bakery/Dessert | national_regional,agreed,
HEALTH2026-00109,EMPORIUM PIES,Coffee/Cafe/Bakery/Dessert,pie bakery,local_multi,,high,name,Coffee/Cafe/Bakery/Dessert | local_multi,Coffee/Cafe/Bakery/Dessert | local_multi,agreed,
HEALTH2026-00117,Juice Truck,Coffee/Cafe/Bakery/Dessert,juice/smoothies/ice cream truck,independent,,high,"name; comments mention smoothies, juice",Coffee/Cafe/Bakery/Dessert | independent,Coffee/Cafe/Bakery/Dessert | independent,agreed,
HEALTH2026-00139,MAMA'S IRON WOK,Chinese,Chinese,independent,,medium,name,Chinese | independent,Chinese | independent,agreed,
HEALTH2026-00160,PIZZA HUT 788501,Pizza/Italian,pizza,national_regional,,high,known chain,Pizza/Italian | national_regional,Pizza/Italian | national_regional,agreed,
HEALTH2026-00213,FAMOUS SPICE,Indian,Indian,independent,,low,name (Famous Spice),Indian | independent,Indian | independent,agreed,
HEALTH2026-00219,Trader Joe's,Grocery/Market,Trader Joe's,national_regional,mainstream_supermarket,high,known chain,Grocery/Market | national_regional | mainstream_supermarket,Grocery/Market | national_regional | mainstream_supermarket,agreed,
HEALTH2026-00235,OAK & STONE,Unknown,,unknown,,low,"notes salsa, rice, chicken, queso, ranch, drive-thru",Unknown | independent,"American (sit-down, bars, venues) | national_regional",adjudicated,"B identified a pizza/tap-house brand, but a drive-thru serving salsa and rice does not fit it"
HEALTH2026-00267,MADRAS MOJO,Indian,South Indian,independent,,high,name,Indian | independent,Indian | independent,agreed,
HEALTH2026-00294,CHEN'S KITCHEN,Chinese,Chinese,independent,,medium,name,Chinese | independent,Chinese | independent,agreed,
HEALTH2026-00296,MEAT WALA,Grocery/Market,meat market,independent,independent_specialty,high,name,Grocery/Market | independent | independent_specialty,Grocery/Market | independent | independent_specialty,agreed,
HEALTH2026-00331,Tous Les Jours Mckinney,Coffee/Cafe/Bakery/Dessert,bakery-cafe,national_regional,,high,known chain,Coffee/Cafe/Bakery/Dessert | national_regional,Coffee/Cafe/Bakery/Dessert | national_regional,agreed,
HEALTH2026-00332,Ilio's Greek & Lebanese Restaurant,Mediterranean/Middle Eastern,Greek and Lebanese,independent,,high,name,Mediterranean/Middle Eastern | independent,Mediterranean/Middle Eastern | independent,agreed,
HEALTH2026-00359,Hyderabad Wala,Indian,Hyderabadi,independent,,high,"name; comments mention goat, lamb",Indian | independent,Indian | independent,agreed,
HEALTH2026-00360,Mountain Mike's Pizza #466,Pizza/Italian,pizza,national_regional,,high,known chain,Pizza/Italian | national_regional,Pizza/Italian | national_regional,agreed,
HEALTH2026-00372,Mckinney Public Works-North Campus,Other non-restaurant,employee break room,independent,,medium,name (public works campus); ambient cooler only,Institutional | independent,Other non-restaurant | independent,adjudicated,break rooms without a cafeteria coded Other non-restaurant
HEALTH2026-00378,Lelo's Coffee,Coffee/Cafe/Bakery/Dessert,coffee,independent,,high,name,Coffee/Cafe/Bakery/Dessert | independent,Coffee/Cafe/Bakery/Dessert | independent,agreed,
HEALTH2026-00384,Southern Steer Butcher,Grocery/Market,meat market,national_regional,independent_specialty,high,name,Grocery/Market | independent | independent_specialty,Grocery/Market | national_regional | independent_specialty,adjudicated,"chain: A independent, B national_regional; multi-state butcher franchise"
HEALTH2026-00388,KING POT,Unknown,hot pot or seafood boil,unknown,,low,name ambiguous; hot-held seafood and chicken,Chinese | independent,Unknown | unknown,adjudicated,
HEALTH2026-00389,King Donuts,Coffee/Cafe/Bakery/Dessert,donuts/bagels,independent,,high,name,Coffee/Cafe/Bakery/Dessert | independent,Coffee/Cafe/Bakery/Dessert | independent,agreed,
HEALTH2026-00410,STOP-N-GO GYROS,Mediterranean/Middle Eastern,gyros,local_multi,,high,name,Mediterranean/Middle Eastern | local_multi,Mediterranean/Middle Eastern | local_multi,agreed,
HEALTH2026-00416,Café LaFaye Coffee Co. Coffee Shop,Coffee/Cafe/Bakery/Dessert,coffee,independent,,high,name,Coffee/Cafe/Bakery/Dessert | independent,Coffee/Cafe/Bakery/Dessert | independent,agreed,
HEALTH2026-00443,Curries & Co LLC,Indian,Indian,independent,,medium,name,Indian | independent,Indian | independent,agreed,
HEALTH2026-00448,Reggae Jerk Grill,Other cuisine,Jamaican,independent,,high,name,Other cuisine | independent,Other cuisine | independent,agreed,
