establishment_id,name,names,address,permits,first_inspection,last_inspection,inspections,category,chain,grocery_type,market_or_event_site,current
,,,214 N KENTUCKY ST,,2020-10-05,2021-12-27,2,,,,False,False
FOOD2018-03-00030,,,1614 W UNIVERSITY DR,FOOD2018-03-00030,2018-03-19,2018-03-19,1,Fast Food,national_regional,,False,False
FOOD2023-10-00001,,,2050 W UNIVERSITY DR 145,FOOD2023-10-00001,2023-10-04,2023-10-04,1,Coffee/Cafe/Bakery/Dessert,national_regional,,False,False
FOOD2024-04-00026,,,8930 SH 121 568,FOOD2024-04-00026,2024-04-23,2024-04-23,1,Coffee/Cafe/Bakery/Dessert,national_regional,,False,False
HEALTH2016-000882,BEST WESTERN,BEST WESTERN,480 S WILSON CREEK BLVD,HEALTH2016-000882,2018-06-06,2019-03-11,3,Hotel/Caterer/Commissary,national_regional,,False,False
HEALTH2016-001559,FAMILY DOLLAR #5430,FAMILY DOLLAR #5430,617 MCDONALD ST,HEALTH2016-001559,2017-10-20,2022-06-30,10,Convenience/Gas,national_regional,,False,False
HEALTH2016-004958,DELISH BUBBLE TEA,DELISH BUBBLE TEA,8930 SH 121 564,HEALTH2016-004958;HEALTH2024-01353,2018-01-22,2026-01-05,17,Coffee/Cafe/Bakery/Dessert,independent,,False,False
HEALTH2016-004976,LA REAL MICHOACANA,LA REAL MICHOACANA #3 | LA REAL MICHOACANA 3 | LA REAL MICHOACANA,809 N MCDONALD ST,HEALTH2016-004976;HEALTH2024-00061;HEALTH2024-01320,2018-02-23,2026-05-29,20,Coffee/Cafe/Bakery/Dessert,local_multi,,False,True
HEALTH2016-006020,MOUNTAIN MAN JERKY,MOUNTAIN MAN JERKY,317 S CHESTNUT ST,HEALTH2016-006020,2020-09-19,2023-05-06,6,Other non-restaurant,independent,,True,False
HEALTH2016-006300,LINDSEY ELEMENTARY,LINDSEY ELEMENTARY SCHOOL | LINDSEY ELEMENTARY,5730 WILFORD DR,HEALTH2016-006300;HEALTH2018-10215,2018-01-10,2026-03-10,18,Institutional,local_multi,,False,False
HEALTH2016-006461,EMPORIUM PIES,EMPORIUM PIES | Emporium Pies,107 S TENNESSEE ST,HEALTH2016-006461;HEALTH2024-01361;HEALTH2026-00109,2017-11-17,2026-06-04,17,Coffee/Cafe/Bakery/Dessert,local_multi,,False,True
HEALTH2016-006463,BAHAMA BUCKS,Bahama Buck's | BAHAMA BUCKS | BAHAMA BUCK'S | BAHAMA BUCK'S - CHANGE OF OWNERSHIP ,2783 VIRGINIA PKWY,HEALTH2017-09647;HEALTH2016-006463;HEALTH2021-00164;HEALTH2024-00693;HEALTH2025-00616,2017-11-07,2026-03-09,21,Coffee/Cafe/Bakery/Dessert,national_regional,,False,True
HEALTH2016-006503,BAYOU JACKS,BAYOU JACKS,218 E LOUISIANA ST 300,HEALTH2016-006503,2018-01-04,2019-12-31,7,"American (sit-down, bars, venues)",independent,,False,False
HEALTH2016-006509,KING DONUT,KING DONUT,4180 S LAKE FOREST DR 400,HEALTH2016-006509;HEALTH2024-01380,2017-11-01,2025-12-04,17,Coffee/Cafe/Bakery/Dessert,independent,,False,False
HEALTH2016-007103,THE VILLAGE AT STONEBRIDGE,THE VILLAGE AT STONEBRIDGE,3300 S STONEBRIDGE DR,HEALTH2016-007103,2017-10-31,2018-04-25,3,Institutional,unknown,,False,False
HEALTH2016-007126,PANDA EXPRESS #2396,PANDA EXPRESS #2396,1509 W UNIVERSITY DR,HEALTH2016-007126;HEALTH2024-01301,2017-11-16,2026-07-20,21,Chinese,national_regional,,False,True
HEALTH2016-007161,Mesa's ,MESA'S MEXICAN GRILL  | MESA'S MEXICAN GRILL | Mesa's ,7820 ELDORADO PKWY 160,HEALTH2016-007161;HEALTH2024-01289;HEALTH2025-00467,2018-01-05,2026-03-05,24,Mexican/Tex-Mex/Latin,independent,,False,True
HEALTH2016-007162,THE RED LANTERN,THE RED LANTERN,3851 STONEBRIDGE DR,HEALTH2016-007162,2017-10-30,2022-05-04,16,Chinese,independent,,False,False
HEALTH2016-007179,7-11 #37099A,7-11 #37099A,100 S CUSTER RD,HEALTH2016-007179,2018-02-23,2024-06-12,18,Convenience/Gas,national_regional,,False,False
HEALTH2016-007888,THE OLIVE GARDEN ITALIAN RESTAURANT,THE OLIVE GARDEN ITALIAN RESTAURANT,1700 N CENTRAL EXPY,HEALTH2016-007888;HEALTH2025-00085,2018-01-31,2026-03-10,20,Pizza/Italian,national_regional,,False,True
HEALTH2016-007891,"RYE
New Ownership","RYE | RYE
New Ownership",111 W VIRGINIA ST,HEALTH2016-007891;HEALTH2018-10042,2017-11-09,2022-05-11,13,"American (sit-down, bars, venues)",independent,,False,False
HEALTH2016-007957,GOLDEN POT,GOLDEN POT,4100 S LAKE FOREST DR 320,HEALTH2016-007957;HEALTH2024-01368,2018-01-25,2026-08-21,22,Chinese,independent,,False,True
HEALTH2016-007960,TOKYO JOE'S,TOKYO JOE'S,7645 CUSTER RD,HEALTH2016-007960,2017-10-24,2022-03-31,12,Japanese,national_regional,,False,False
HEALTH2016-007975,POPPIN POPARAZZIS KETTLE CORN,POPPIN POPARAZZIS KETTLE CORN,4550 UNIVERSITY DR FH,HEALTH2016-007975,2017-11-17,2018-01-14,2,Venue/Concession,independent,,True,False
HEALTH2016-008555,J & M ASSOCIATES CONCESSION STAND,J & M ASSOCIATES CONCESSION STAND,2701 NORTH BROOK DR,HEALTH2016-008555,2018-04-25,2018-04-25,1,Venue/Concession,independent,,False,False
HEALTH2016-008587,ANDERSON FARMS ,ANDERSON FARMS ,4550 UNIVERSITY DR FH,HEALTH2016-008587,2017-11-17,2019-02-15,11,Other non-restaurant,independent,,True,False
HEALTH2016-008608,STARWOOD CAFE,STARWOOD CAFE,2821 CRAIG DR 101,HEALTH2016-008608;HEALTH2017-09622,2017-10-25,2025-01-30,17,"American (sit-down, bars, venues)",local_multi,,False,False
HEALTH2016-008624,SU AMAZING FOODS,SU AMAZING FOODS,4550 UNIVERSITY DR FH,HEALTH2016-008624,2017-11-17,2018-11-16,9,Venue/Concession,independent,,True,False
HEALTH2016-008638,CHICKEN EXPRESS,CHICKEN EXPRESS,409 S MCDONALD ST,HEALTH2016-008638,2017-12-04,2022-07-12,13,Fast Food,national_regional,,False,False
HEALTH2016-008702,POPSICLES,POPSICLES,4550 UNIVERSITY DR FH,HEALTH2016-008702,2017-11-17,2020-06-12,21,Coffee/Cafe/Bakery/Dessert,independent,,True,False
HEALTH2016-008710,GOOD BLENDZ,GOOD BLENDZ,2875 S CENTRAL EXPY,HEALTH2016-008710,2018-01-10,2019-12-02,6,Coffee/Cafe/Bakery/Dessert,independent,,False,False
HEALTH2016-008726,TACO CRUSH,TACO CRUSH,2960 ELDORADO PKWY,HEALTH2016-008726,2018-01-11,2021-05-28,12,Mexican/Tex-Mex/Latin,independent,,False,False
HEALTH2016-008752,NOTHING BUNDT CAKES,NOTHING BUNDT CAKES,2110 ELDORADO PKWY,HEALTH2016-008752;HEALTH2024-01307,2017-12-27,2026-04-08,18,Coffee/Cafe/Bakery/Dessert,national_regional,,False,True
HEALTH2016-008771,LIFE FELLOWSHIP CHURCH CAFE,LIFE FELLOWSHIP | LIFE FELLOWSHIP CHURCH CAFE,6400 HENNEMAN WAY,HEALTH2016-008771;HEALTH2024-01185,2018-01-02,2025-07-30,14,Institutional,independent,,False,False
HEALTH2017-000005,REDBUD HOUSE,REDBUD HOUSE,101 WILSON CREEK PKWY,HEALTH2017-000005,2017-11-13,2023-08-30,18,Institutional,unknown,,False,False
HEALTH2017-000008,JALAPENO'S MEXICAN GRILL,JALAPENO'S MEXICAN GRILL  | JALAPENO'S MEXICAN GRILL,1502 W UNIVERSITY DR 109,HEALTH2017-000008;HEALTH2025-00046,2017-11-29,2026-07-08,17,Mexican/Tex-Mex/Latin,independent,,False,True
HEALTH2017-000012,NORTH PARK NURSING & REHAB,NORTH PARK HEALTH/REHAB | NORTH PARK NURSING & REHAB,1720 N MCDONALD ST,HEALTH2017-000012;HEALTH2024-00026,2018-01-31,2026-04-07,22,Institutional,unknown,,False,True
HEALTH2017-000013,SONIC DRIVE IN #3834,SONIC DRIVE-IN #3834 | SONIC DRIVE IN #3834,2950 ELDORADO PKWY,HEALTH2017-000013;HEALTH2019-00041;HEALTH2024-00146,2017-10-25,2026-04-08,19,Fast Food,national_regional,,False,False
HEALTH2017-000014,AMERICAN LEGION POST 96,AMERICAN LEGION  | AMERICAN LEGION POST 96,1505 N CHURCH ST,HEALTH2017-000014;HEALTH2024-00100,2018-01-11,2025-10-13,15,"American (sit-down, bars, venues)",independent,,False,False
HEALTH2017-000020,CHINA SUN,CHINA SUN,1500 W UNIVERSITY DR A,HEALTH2017-000020,2017-12-13,2023-03-27,16,Chinese,independent,,False,False
HEALTH2017-000022,HANDY MART ,HANDY MART ,1000 S MCDONALD ST,HEALTH2017-000022,2018-01-08,2022-01-18,11,Convenience/Gas,independent,,False,False
HEALTH2017-000025,WALGREENS #4663,WALGREENS #4663,3001 ELDORADO PKWY,HEALTH2017-000025;HEALTH2024-01314,2017-12-28,2026-08-18,18,Convenience/Gas,national_regional,,False,True
HEALTH2017-000042,BILL SMITH'S ,BILL SMITH'S ,1510 W UNIVERSITY DR,HEALTH2017-000042,2017-11-29,2022-04-28,15,"American (sit-down, bars, venues)",independent,,False,False
HEALTH2017-000043,SAN MIGUEL GRILL,SAN MIGUEL GRILL,506 UNIVERSITY DR,HEALTH2017-000043,2017-10-19,2024-05-29,19,Mexican/Tex-Mex/Latin,independent,,False,False
HEALTH2017-000044,JIM'S PIZZA,JIM'S PIZZA,208 W UNIVERSITY DR,HEALTH2017-000044,2018-01-10,2021-02-01,12,Pizza/Italian,local_multi,,False,False
HEALTH2017-000048,NORTH BROOK PLACE,NORTH BROOK PLACE,2301 NORTH BROOK DR,HEALTH2017-000048;HEALTH2019-00231,2018-01-02,2024-02-29,18,Institutional,unknown,,False,False
HEALTH2017-000050,BAKER'S DRIVE-IN,BAKER'S DRIVE-IN,1001 MCDONALD ST,HEALTH2017-000050,2017-10-24,2020-04-23,7,"American (sit-down, bars, venues)",independent,,False,False
HEALTH2017-000054,SUPER 1 STOP,SUPER 1 STOP,1313 N CHURCH ST,HEALTH2017-000054;HEALTH2020-00201;HEALTH2024-01208,2017-12-07,2026-03-04,18,Convenience/Gas,independent,,False,True
HEALTH2017-000061,RUEBEN JOHNSON ELEMENTARY CAFETERIA,RUEBEN JOHNSON ELEMENTARY CAFETERIA,3400 ASH LN MISD,HEALTH2017-000061,2017-12-04,2026-04-07,18,Institutional,local_multi,,False,True
HEALTH2017-000074,SONIC #2441,SONIC DRIVE-IN | SONIC #2441,312 W UNIVERSITY DR,HEALTH2017-000074;HEALTH2021-00229;HEALTH2024-00707,2018-01-02,2026-07-16,20,Fast Food,national_regional,,False,True
HEALTH2017-000081,MEALS ON WHEELS COLLIN COUNTY,MEALS ON WHEELS COLLIN COUNTY,600 N TENNESSEE ST,HEALTH2017-000081,2017-11-28,2019-04-02,5,Institutional,independent,,False,False
HEALTH2017-000085,IHOP,IHOP,1960 CENTRAL EXPY,HEALTH2017-000085,2017-10-24,2024-02-29,21,"American (sit-down, bars, venues)",national_regional,,False,False
HEALTH2017-000099,MOVIES 14 CINEMARK,MOVIES 14 CINEMARK,1701 CENTRAL EXPY,HEALTH2017-000099,2017-10-23,2024-05-01,14,Venue/Concession,national_regional,,False,False
HEALTH2017-000122,BURKS ELEMENTARY CAFETERIA,BURKS ELEMENTARY CAFETERIA,1801 HILL ST MISD,HEALTH2017-000122,2017-12-19,2026-02-17,18,Institutional,local_multi,,False,False
HEALTH2017-000131,STONEBRIDGE COUNTRY CLUB,STONEBRIDGE COUNTRY CLUB,7003 BEACON HILL RD,HEALTH2017-000131;HEALTH2024-00212,2017-10-25,2026-04-03,25,"American (sit-down, bars, venues)",independent,,False,True
HEALTH2017-000132,STONEBRIDGE COUNTRY CLUB SNACK BAR POOL,STONEBRIDGE CC POOL SNACK BAR | STONEBRIDGE COUNTRY CLUB SNACK BAR POOL,7003 BEACON HILL RD,HEALTH2017-000132;HEALTH2024-00213,2017-10-25,2025-04-15,14,Venue/Concession,independent,,False,False
HEALTH2017-000145,MEDICAL CITY MCKINNEY-MAIN KITCHEN,MEDICAL CITY MCKINNEY | MEDICAL CITY MCKINNEY-MAIN KITCHEN,4500 MEDICAL CENTER DR,HEALTH2017-000145;HEALTH2024-01219,2017-10-30,2026-07-01,26,Institutional,national_regional,,False,True
HEALTH2017-000170,VFW LONE STAR POST 2150,VFW LONE STAR POST 2150,1710 N CHURCH ST,HEALTH2017-000170;HEALTH2024-01397,2018-01-19,2025-07-30,14,"American (sit-down, bars, venues)",independent,,False,False
HEALTH2017-000184,SLAUGHTER ELEMENTARY CAFETERIA,SLAUGHTER ELEMENTARY CAFETERIA,2706 WOLFORD ST MISD,HEALTH2017-000184,2017-11-30,2026-02-23,18,Institutional,local_multi,,False,False
HEALTH2017-000192,SICILY'S PASTA & PIZZA,SICILY'S PASTA & PIZZA,1508 W UNIVERSITY DR,HEALTH2017-000192,2017-11-16,2024-03-15,12,Pizza/Italian,independent,,False,False
HEALTH2017-000198,STARBUCKS COFFEE #6258,STARBUCKS COFFEE #6258,3001 S HARDIN BLVD,HEALTH2017-000198,2017-12-29,2020-02-21,7,Coffee/Cafe/Bakery/Dessert,national_regional,,False,False
HEALTH2017-000205,MIKE'S HEALTH COLLECTION,MIKE'S HEALTH COLLECTION,1434 N CENTRAL EXPY 108,HEALTH2017-000205;HEALTH2024-01115,2017-12-28,2026-09-01,20,Other non-restaurant,independent,,False,True
HEALTH2017-000210,RICE LOVERS,RICE LOVERS,2960 ELDORADO PKWY,HEALTH2017-000210,2018-01-30,2022-03-28,15,Asian (unspecified),independent,,False,False
HEALTH2017-000211,RAYTHEON MCKINNEY CAFETERIA,RAYTHEON MCKINNEY CAFETERIA,2501 W UNIVERSITY DR,HEALTH2017-000211;HEALTH2024-00584,2017-11-22,2026-07-23,22,Institutional,national_regional,,False,True
HEALTH2017-000212,MEDICAL CENTER OF MCKINNEY WYSONG,MEDICAL CENTER OF MCKINNEY WYSONG,130 S CENTRAL EXPY,HEALTH2017-000212,2017-12-13,2020-01-02,7,Institutional,national_regional,,False,False
HEALTH2017-000214,TACO BUENO #3136,TACO BUENO #3136,3700 ELDORADO PKWY,HEALTH2017-000214;HEALTH2024-01316,2018-01-30,2026-03-19,24,Fast Food,national_regional,,False,True
HEALTH2017-000223,JIM'S DRIVE-IN,JIM'S DRIVE-IN,1009 S MCDONALD ST,HEALTH2017-000223,2017-12-05,2018-07-16,2,Mexican/Tex-Mex/Latin,independent,,False,False
HEALTH2017-000226,HOLY FAMILY SCHOOL,HOLY FAMILY SCHOOL,410 LINCOLN ST,HEALTH2017-000226;HEALTH2019-00135,2018-05-07,2024-04-23,14,Institutional,independent,,False,False
HEALTH2017-000228,HERITAGE LEARNING CENTER,HERITAGE LEARNING CENTER,200 N JORDAN RD,HEALTH2017-000228;HEALTH2019-00470;HEALTH2024-00994,2018-06-08,2025-09-09,21,Institutional,independent,,False,False
HEALTH2017-000233,SUNRISE LEARNING CENTER,SUNRISE LEARNING CENTER,1424 S TENNESSEE ST,HEALTH2017-000233;HEALTH2019-00364;HEALTH2024-00669,2017-12-27,2024-08-29,16,Institutional,independent,,False,False
HEALTH2017-000283,JASONS DELI,JASON'S DELI | JASONS DELI,1681 N CENTRAL EXPY 500,HEALTH2017-000283;HEALTH2025-00197,2018-01-16,2026-03-26,23,Deli/Sandwich/Salad,national_regional,,False,True
HEALTH2017-000285,TACO CABANA #240,TACO CABANA | TACO CABANA #240,2005 W UNIVERSITY DR,HEALTH2017-000285;HEALTH2024-00191,2017-11-15,2026-03-31,27,Fast Food,national_regional,,False,True
HEALTH2017-000286,PRIDE BURGER,PRIDE BURGER,103 W UNIVERSITY DR,HEALTH2017-000286;HEALTH2024-00160,2017-11-22,2025-02-10,16,"American (sit-down, bars, venues)",independent,,False,False
HEALTH2017-000288,TOWN LAKE CONCESSION STAND,TOWN LAKE CONCESSION STAND,1405 WILSON CREEK PKWY,HEALTH2017-000288,2018-04-26,2019-04-10,3,Venue/Concession,independent,,False,False
HEALTH2017-000291,WAFFLE HOUSE,WAFFLE HOUSE #1085 | WAFFLE HOUSE,1432 N CENTRAL EXPY,HEALTH2017-000291;HEALTH2024-00065,2017-11-13,2026-04-15,25,"American (sit-down, bars, venues)",national_regional,,False,True
HEALTH2017-000299,VILLAGIO OF MCKINNEY,VILLAGIO OF MCKINNEY,1601 ELDORADO PKWY,HEALTH2017-000299,2017-10-26,2023-08-02,19,Institutional,local_multi,,False,False
HEALTH2017-000306,CHILI'S BAR & GRILL,CHILI'S BAR & GRILL,1940 N CENTRAL EXPY,HEALTH2017-000306;HEALTH2024-01004,2017-12-29,2026-03-26,26,"American (sit-down, bars, venues)",national_regional,,False,True
HEALTH2017-000314,DONUT TOWN,DONUT TOWN,215 E UNIVERSITY DR 101,HEALTH2017-000314;HEALTH2024-00296,2017-12-14,2026-03-12,21,Coffee/Cafe/Bakery/Dessert,independent,,False,True
HEALTH2017-000315,THE RANCH COUNTRY CLUB POOL SNACK BAR,THE RANCH COUNTRY CLUB POOL SNACK BAR,,HEALTH2017-000315,2018-10-25,2023-06-22,9,Venue/Concession,independent,,False,False
HEALTH2017-000328,TC'S COUNTRY CORN,TC'S COUNTRY CORN,4550 UNIVERSITY DR,HEALTH2017-000328,2017-11-17,2021-10-15,25,Venue/Concession,independent,,True,False
HEALTH2017-000332,KROGER #567-GROCERY,KROGER #567-GROCERY,2901 S LAKE FOREST DR,HEALTH2017-000332;HEALTH2024-00639,2018-02-06,2025-10-30,18,Grocery/Market,national_regional,mainstream_supermarket,False,False
HEALTH2017-000340,VICKY'S CONCESSIONS,VICKY'S CONCESSIONS,4550 UNIVERSITY DR,HEALTH2017-000340,2017-11-19,2021-10-16,20,Venue/Concession,independent,,True,False
HEALTH2017-000344,HONEY ROASTED POPCORN,HONEY ROASTED POPCORN,4550 UNIVERSITY DR,HEALTH2017-000344,2017-11-19,2018-08-18,6,Venue/Concession,independent,,True,False
HEALTH2017-000349,MCKINNEY WEST,MCKINNEY WEST,4550 UNIVERSITY DR,HEALTH2017-000349,2017-11-17,2024-11-15,35,Venue/Concession,independent,,True,True
HEALTH2017-000350,MCKINNEY EAST,MCKINNEY EAST,4550 UNIVERSITY DR,HEALTH2017-000350,2017-11-17,2024-11-15,31,Venue/Concession,independent,,True,True
HEALTH2017-000371,C.T. EDDINS ELEMENTARY CAFETERIA,C.T. EDDINS ELEMENTARY CAFETERIA,311 PEREGRINE DR MISD,HEALTH2017-000371,2017-12-19,2026-02-27,18,Institutional,local_multi,,False,False
HEALTH2017-000372,GREER ANNEX CAFETERIA,GREER ANNEX CAFETERIA,510 HEARD ST MISD,HEALTH2017-000372,2017-12-19,2026-04-14,18,Institutional,local_multi,,False,False
HEALTH2017-000373,WEBB ELEMENTARY CAFETERIA,WEBB ELEMENTARY CAFETERIA,810 LOUISIANA ST MISD,HEALTH2017-000373,2017-10-18,2026-04-07,19,Institutional,local_multi,,False,False
HEALTH2017-000374,VALLEY CREEK ELEMENTARY CAFETERIA,VALLEY CREEK ELEMENTARY CAFETERIA,2800 VALLEY CREEK TRL MISD,HEALTH2017-000374,2017-10-16,2026-02-19,19,Institutional,local_multi,,False,False
HEALTH2017-000375,GLEN OAKS ELEMENTARY CAFETERIA,GLEN OAKS ELEMENTARY CAFETERIA,6100 GLEN OAKS DR MISD,HEALTH2017-000375,2017-12-19,2026-04-01,18,Institutional,local_multi,,False,False
HEALTH2017-000376,FINCH ELEMENTARY CAFETERIA,FINCH ELEMENTARY CAFETERIA,1205 TENNESSEE ST MISD,HEALTH2017-000376,2017-10-16,2026-04-14,18,Institutional,local_multi,,False,True
HEALTH2017-000377,CALDWELL ELEMENTARY CAFETERIA,CALDWELL ELEMENTARY CAFETERIA,601 LOUISIANA ST MISD,HEALTH2017-000377,2017-12-19,2025-10-20,17,Institutional,local_multi,,False,True
HEALTH2017-000378,MCKINNEY HS CAFETERIA,MCKINNEY HS CAFETERIA,1400 WILSON CREEK PKWY MISD,HEALTH2017-000378,2017-10-16,2026-04-06,18,Institutional,local_multi,,False,True
HEALTH2017-000379,RUTH DOWELL MS CAFETERIA,RUTH DOWELL MS CAFETERIA,301 RIDGE RD MISD,HEALTH2017-000379,2017-12-12,2026-04-13,18,Institutional,local_multi,,False,True
HEALTH2017-000382,THE SURREY HOUSE,THE SURREY HOUSE,312 S TENNESSEE ST,HEALTH2017-000382;HEALTH2024-00397,2018-03-02,2025-09-11,15,Unknown,unknown,,False,False
HEALTH2017-000385,COLLIN COUNTY JAIL,COLLIN COUNTY JAIL,4300 COMMUNITY AVE,HEALTH2017-000385;HEALTH2025-00115,2017-11-20,2025-09-29,24,Institutional,independent,,False,False
HEALTH2017-000386,COLLIN COUNTY JAIL EMPLOYEE GRILL,COLLIN COUNTY JAIL EMPLOYEE GRILL,4300 COMMUNITY AVE,HEALTH2017-000386;HEALTH2025-00114,2017-11-20,2025-09-29,25,Institutional,independent,,False,False
HEALTH2017-000394,COOKIES GROCERY ,COOKIES GROCERY ,107 WILCOX ST,HEALTH2017-000394,2017-10-24,2025-01-29,19,Grocery/Market,independent,independent_specialty,False,False
HEALTH2017-000397,FAUBION MS CAFETERIA,FAUBION MS CAFETERIA,2000 ROLLINS ST MISD,HEALTH2017-000397,2017-12-07,2026-04-07,18,Institutional,local_multi,,False,True
HEALTH2017-000409,BEST DONUTS,BEST DONUTS,902 S MCDONALD ST 100,HEALTH2017-000409;HEALTH2024-01212,2017-12-01,2026-08-05,23,Coffee/Cafe/Bakery/Dessert,independent,,False,True
HEALTH2017-000410,Chick-Fil-A,CHICK-FIL-A | Chick-Fil-A,2011 W UNIVERSITY DR,HEALTH2017-000410;HEALTH2024-01209,2017-11-21,2026-01-07,18,Fast Food,national_regional,,False,True
HEALTH2017-000430,LA SALVADORENA RESTAURANT,LA SALVADORENA RESTAURANT,1103 S MCDONALD ST,HEALTH2017-000430;HEALTH2024-00692,2017-11-08,2026-05-29,18,Mexican/Tex-Mex/Latin,independent,,False,True
HEALTH2017-000478,MCKINNEY NORTH HS CAFETERIA,MCKINNEY NORTH HS CAFETERIA,2550 WILMETH RD MISD,HEALTH2017-000478,2017-10-17,2026-04-10,19,Institutional,local_multi,,False,True
HEALTH2017-000479,WALKER ELEMENTARY CAFETERIA,WALKER ELEMENTARY CAFETERIA,4000 COCKRILL DR MISD,HEALTH2017-000479,2017-10-18,2026-02-27,19,Institutional,local_multi,,False,False
HEALTH2017-000480,WOLFORD ELEMENTARY CAFETERIA,WOLFORD ELEMENTARY CAFETERIA,6951 BERKSHIRE RD MISD,HEALTH2017-000480,2017-12-20,2026-02-23,17,Institutional,local_multi,,False,False
HEALTH2017-000495,COUNTRY LANE SENIOR COMMUNITY,COUNTRY LANE SR COMMUNITY | COUNTRY LANE SENIOR COMMUNITY,2401 COUNTRY VIEW LN,HEALTH2017-000495;HEALTH2025-00033,2018-01-29,2026-08-10,22,Institutional,independent,,False,True
HEALTH2017-000506,ALBERTSON'S GROCERY #4234,ALBERTSON'S GROCERY #4234,3001 S CENTRAL EXPY 200,HEALTH2017-000506;HEALTH2025-00061,2017-12-15,2026-05-28,26,Grocery/Market,national_regional,mainstream_supermarket,False,True
HEALTH2017-000533,MCKINNEY HIGH SCHOOL GIRLS SOFTBALL CONCESSION,MCKINNEY HIGH SCHOOL GIRLS SOFTBALL CONCESSION,1400 WILSON CREEK PKWY MISD,HEALTH2017-000533,2018-04-05,2026-04-06,15,Institutional,local_multi,,False,True
HEALTH2017-000540,KROGER FOOD STORE #488,KROGER FOOD STORE #488,1707 W UNIVERSITY DR,HEALTH2017-000540;HEALTH2024-01140,2018-01-16,2025-04-22,13,Grocery/Market,national_regional,mainstream_supermarket,False,False
HEALTH2017-000554,RACETRAC #219,RACETRAC #219,2032 W UNIVERSITY DR,HEALTH2017-000554;HEALTH2024-00477,2017-11-22,2026-07-10,19,Convenience/Gas,national_regional,,False,True
HEALTH2017-000555,SONNY DONUTS,SONNY DONUTS,1751 N CENTRAL EXPY,HEALTH2017-000555;HEALTH2024-00327,2017-11-15,2026-06-02,24,Coffee/Cafe/Bakery/Dessert,independent,,False,True
HEALTH2017-000599,STARBUCK'S COFFEE #6416,STARBUCK'S COFFEE #6416,1787 CENTRAL EXPY,HEALTH2017-000599,2017-10-17,2024-04-09,15,Coffee/Cafe/Bakery/Dessert,national_regional,,False,False
HEALTH2017-000614,SALTGRASS STEAKHOUSE,SALTGRASS STEAKHOUSE,2801 CRAIG DR,HEALTH2017-000614;HEALTH2024-00743,2018-02-02,2026-04-08,21,"American (sit-down, bars, venues)",national_regional,,False,True
HEALTH2017-000625,MALVERN ELEMENTARY CAFETERIA,MALVERN ELEMENTARY CAFETERIA,1100 ELDORADO PKWY MISD,HEALTH2017-000625,2017-10-16,2026-03-30,19,Institutional,local_multi,,False,True
HEALTH2017-000626,McNEIL ELEMENTARY,McNEIL ELEMENTARY,3650 HARDIN BLVD,HEALTH2017-000626,2017-11-27,2026-02-19,18,Institutional,local_multi,,False,False
HEALTH2017-000627,SCOTT JOHNSON MS CAFETERIA,SCOTT JOHNSON MS CAFETERIA,3400 COMMUNITY AVE,HEALTH2017-000627,2017-12-21,2026-04-10,18,Institutional,local_multi,,False,False
HEALTH2017-000634,JOHNSON MIDDLE SCHOOL CONCESSION,JOHNSON MIDDLE SCHOOL CONCESSION,3400 COMMUNITY AVE MISD,HEALTH2017-000634,2017-12-21,2026-04-10,17,Institutional,local_multi,,False,True
HEALTH2017-000635,MCKINNEY HIGH SCHOOL GYM CONCESSION,MCKINNEY HIGH SCHOOL GYM CONCESSION,1400 WILSON CREEK PKWY MISD,HEALTH2017-000635,2018-04-05,2026-04-06,14,Institutional,local_multi,,False,True
HEALTH2017-000636,FAUBION MIDDLE SCHOOL GYM CONCESSION,FAUBION MIDDLE SCHOOL GYM CONCESSION,2000 ROLLINS ST MISD,HEALTH2017-000636,2018-04-05,2026-04-07,14,Institutional,local_multi,,False,False
HEALTH2017-000637,DOWELL MIDDLE SCHOOL CONCESSION,DOWELL MIDDLE SCHOOL CONCESSION,301 RIDGE RD MISD,HEALTH2017-000637,2018-04-05,2025-10-10,14,Institutional,local_multi,,False,True
HEALTH2017-000638,MCKINNEY NORTH HS GYM CONCESSION,MCKINNEY NORTH HS GYM CONCESSION,2550 WILMETH RD MISD,HEALTH2017-000638,2018-04-05,2026-04-10,13,Institutional,local_multi,,False,True
HEALTH2017-000640,MCKINNEY HS AUXILLARY FIELD CONCESSION,MCKINNEY HS AUXILLARY FIELD CONCESSION,1400 WILSON CREEK PKWY MISD,HEALTH2017-000640,2018-04-05,2026-04-06,14,Institutional,local_multi,,False,True
HEALTH2017-000665,EL FENIX ,EL FENIX ,3450 CENTRAL EXPY,HEALTH2017-000665,2017-10-26,2024-10-08,21,Mexican/Tex-Mex/Latin,national_regional,,False,False
HEALTH2017-000668,Arby's #5387,ARBY'S #5387 | Arby's #5387,1706 W UNIVERSITY DR,HEALTH2017-000668;HEALTH2024-01214,2017-11-10,2026-04-13,21,Fast Food,national_regional,,False,True
HEALTH2017-000683,WESTRIDGE GOLF COURSE,WESTRIDGE GOLF COURSE,9055 COTTON RIDGE RD,HEALTH2017-000683;HEALTH2024-00884,2017-10-26,2026-07-31,21,"American (sit-down, bars, venues)",independent,,False,True
HEALTH2017-000688,BURGER KING # 6460 ,BURGER KING #6460 | Burger King #6460 McKinney | BURGER KING # 6460 ,1700 W UNIVERSITY DR,HEALTH2017-000688;HEALTH2023-00026;HEALTH2024-00157,2018-01-02,2026-08-11,19,Fast Food,national_regional,,False,True
HEALTH2017-000709,KWIK SHOP,KWIK SHOP,215 E UNIVERSITY DR 119,HEALTH2017-000709;HEALTH2021-00421;HEALTH2024-00695,2017-11-29,2026-06-11,18,Convenience/Gas,independent,,False,True
HEALTH2017-000766,BRAUM'S ICE CREAM #77,BRAUM'S ICE CREAM #77,1800 N CENTRAL EXPY,HEALTH2017-000766;HEALTH2024-00793,2017-11-10,2026-07-27,27,Fast Food,national_regional,,False,True
HEALTH2017-000770,EL POLLO ALEGRE,EL POLLO ALEGRE,1211 N TENNESSEE ST,HEALTH2017-000770;HEALTH2024-00840,2017-11-16,2026-06-09,25,Mexican/Tex-Mex/Latin,independent,,False,True
HEALTH2017-000784,BROOKDALE STONEBRIDGE RANCH,BROOKDALE STONEBRIDGE RANCH,1650 STONEBRIDGE DR,HEALTH2017-000784,2017-10-26,2024-05-30,22,Institutional,national_regional,,False,False
HEALTH2017-000787,BENNETT ELEMENTARY CAFETERIA,BENNETT ELEMENTARY CAFETERIA,7760 CORONADO DR,HEALTH2017-000787,2017-12-19,2026-03-13,18,Institutional,local_multi,,False,False
HEALTH2017-000792,"DONUTS ""R"" MORE","DONUTS ""R"" MORE",101 N MCDONALD ST 101,HEALTH2017-000792,2018-01-08,2023-05-19,13,Coffee/Cafe/Bakery/Dessert,independent,,False,False
HEALTH2017-000794,WALGREEN'S #07195,WALGREEN'S #07195,7080 VIRGINIA PKWY,HEALTH2017-000794;HEALTH2024-01313,2017-11-17,2026-08-03,18,Convenience/Gas,national_regional,,False,True
HEALTH2017-000804,VEGA ELEMENTARY CAFETERIA,VEGA ELEMENTARY CAFETERIA,2511 CATTLEMAN DR MISD,HEALTH2017-000804,2017-12-20,2026-04-09,18,Institutional,local_multi,,False,True
HEALTH2017-000829,CHOPSTICKS ASIAN CAFE,CHOPSTICKS ASIAN CAFE,1717 W UNIVERSITY DR,HEALTH2017-000829,2017-11-14,2024-01-24,21,Asian (unspecified),independent,,False,False
HEALTH2017-000835,WENDY'S,WENDY'S,1714 W UNIVERSITY DR,HEALTH2017-000835;HEALTH2024-00804,2017-11-20,2026-04-06,20,Fast Food,national_regional,,False,True
HEALTH2017-000836,PRIMO FOODS,PRIMO FOODS,403 SHORT ST,HEALTH2017-000836,2018-01-04,2024-07-03,21,Mexican/Tex-Mex/Latin,independent,,False,False
HEALTH2017-000841,MCKINNEY NORTH HS  AUX BASEBALL CONCESSION,MCKINNEY NORTH HS  AUX BASEBALL CONCESSION,2550 WILMETH RD MISD,HEALTH2017-000841,2018-04-05,2026-04-10,14,Institutional,local_multi,,False,True
HEALTH2017-000847,TOM THUMB,TOM THUMB,6800 VIRGINIA PKWY,HEALTH2017-000847;HEALTH2024-01378,2018-01-12,2026-07-14,24,Grocery/Market,national_regional,mainstream_supermarket,False,True
HEALTH2017-000848,MCKINNEY EXXON MART,MCKINNEY EXXON MART,202 N CENTRAL EXPY,HEALTH2017-000848;HEALTH2024-01149,2018-06-04,2026-08-26,17,Convenience/Gas,independent,,False,True
HEALTH2017-000870,COLLIN COUNTY MINIMUM SECURITY FACILITY,COLLIN COUNTY MINIMUM SECURITY FACILITY,4800 COMMUNITY AVE,HEALTH2017-000870;HEALTH2025-00113,2017-11-20,2025-09-29,24,Institutional,independent,,False,False
HEALTH2017-000891,ROCKFISH SEAFOOD GRILL,ROCKFISH SEAFOOD GRILL,2780 S CENTRAL EXPY,HEALTH2017-000891;HEALTH2024-00048,2017-11-03,2026-03-13,17,"American (sit-down, bars, venues)",local_multi,,False,True
HEALTH2017-000895,HANK'S TEXAS GRILL,HANK'S TEXAS GRILL,1310 N CENTRAL EXPY,HEALTH2017-000895,2017-11-10,2022-11-09,12,"American (sit-down, bars, venues)",independent,,False,False
HEALTH2017-000898,BASKIN ROBBINS,BASKIN ROBBINS,3001 S HARDIN BLVD 116,HEALTH2017-000898;HEALTH2024-00242,2017-12-07,2026-03-18,16,Coffee/Cafe/Bakery/Dessert,national_regional,,False,True
HEALTH2017-000964,PARKS CONCESSION,PARKS CONCESSION,4550 UNIVERSITY DR,HEALTH2017-000964,2017-11-17,2022-05-13,26,Venue/Concession,independent,,True,False
HEALTH2017-000998,JUAREZ,JUAREZ,311 N TENNESSEE ST UBBAL,HEALTH2017-000998,2018-02-02,2024-07-05,19,Mexican/Tex-Mex/Latin,independent,,False,False
HEALTH2017-001010,COOKIES IN BLOOM,COOKIES IN BLOOM,2001 CENTRAL CIR,HEALTH2017-001010,2018-02-22,2021-08-23,9,Coffee/Cafe/Bakery/Dessert,independent,,False,False
HEALTH2017-001023,CVS #5799,CVS PHARMACY #5799 | CVS #5799,6301 ELDORADO PKWY,HEALTH2017-001023;HEALTH2024-01009,2017-11-01,2026-07-14,18,Convenience/Gas,national_regional,,False,True
HEALTH2017-001052,SUPER 8 MOTEL,SUPER 8 MOTEL,910 CENTRAL EXPY,HEALTH2017-001052,2017-10-26,2020-06-10,6,Hotel/Caterer/Commissary,national_regional,,False,False
HEALTH2017-001060,Circle K,CIRCLE K STORE | CIRCLE K #2706318 | Circle K  | Circle K,2400 VIRGINIA PKWY,HEALTH2017-001060;HEALTH2017-09630;HEALTH2021-00207;HEALTH2024-00662,2017-10-20,2026-06-30,19,Convenience/Gas,national_regional,,False,True
HEALTH2017-001067,LUCKY's,LUCKY'S | LUCKY's,210 W UNIVERSITY DR,HEALTH2017-001067;HEALTH2024-01143,2017-12-18,2026-03-30,19,Other non-restaurant,independent,,False,True
HEALTH2017-001087,Primrose School of Eldorado,PRIMROSE OF ELDORADO | PRIMROSE SCHOOL OF ELDORADO | Primrose School of Eldorado,3999 ELDORADO PKWY,HEALTH2017-001087;HEALTH2019-00021;HEALTH2025-00166,2017-11-01,2025-09-23,22,Institutional,national_regional,,False,False
HEALTH2017-001098,MARKET STREET #561 - GROCERY,MARKET STREET GROCERY | MARKET STREET #561 - GROCERY,6100 ELDORADO PKWY,HEALTH2017-001098;HEALTH2024-00239,2017-11-01,2026-05-28,18,Grocery/Market,national_regional,mainstream_supermarket,False,True
HEALTH2017-001099,MARKET STREET #561 - DELI,MARKET STREET #561 - DELI,6100 ELDORADO PKWY,HEALTH2017-001099;HEALTH2024-00240,2017-11-01,2026-05-28,18,Grocery/Market,national_regional,mainstream_supermarket,False,True
HEALTH2017-001101,MARKET STREE #561 - BAKERY,MARKET STREE #561 - BAKERY,6100 ELDORADO PKWY,HEALTH2017-001101,2017-11-01,2023-12-14,14,Grocery/Market,national_regional,mainstream_supermarket,False,False
HEALTH2017-001102,MARKET STREET #561 - SEAFOOD,MARKET STREET #561 - SEAFOOD,6100 ELDORADO PKWY,HEALTH2017-001102;HEALTH2024-00241,2017-11-01,2026-05-28,17,Grocery/Market,national_regional,mainstream_supermarket,False,True
HEALTH2017-001110,BROTHERS PIZZA,BROTHERS PIZZA,6150 ELDORADO PKWY,HEALTH2017-001110,2017-12-12,2023-10-25,17,Pizza/Italian,independent,,False,False
HEALTH2017-001117,WAL-MART #5211 MEAT,WAL-MART #5211 MEAT,5001 MCKINNEY RANCH PKWY,HEALTH2017-001117;HEALTH2024-00426,2018-01-11,2026-03-09,20,Grocery/Market,national_regional,mainstream_supermarket,False,False
HEALTH2017-001118,WAL-MART #5211 BAKERY,WAL-MART #5211 BAKERY,5001 MCKINNEY RANCH PKWY,HEALTH2017-001118;HEALTH2024-00425,2018-01-11,2026-03-09,20,Grocery/Market,national_regional,mainstream_supermarket,False,False
HEALTH2017-001119,WAL-MART #5211 GROCERY,WAL-MART #5211 GROCERY,5001 MCKINNEY RANCH PKWY,HEALTH2017-001119;HEALTH2024-00424,2018-01-11,2026-03-09,19,Grocery/Market,national_regional,mainstream_supermarket,False,True
HEALTH2017-001120,WAL-MART #5211 DELI,WAL-MART #5211 DELI,5001 MCKINNEY RANCH PKWY,HEALTH2017-001120;HEALTH2024-00427,2018-01-11,2026-03-09,18,Grocery/Market,national_regional,mainstream_supermarket,False,False
HEALTH2017-001134,LONE STAR WINE CELLARS,LONE STAR WINE CELLARS,103 E VIRGINIA ST 104,HEALTH2017-001134;HEALTH2024-00558,2017-11-21,2026-03-05,16,"American (sit-down, bars, venues)",independent,,False,True
HEALTH2017-001137,TOP OF THE WORLD PRESCHOOL **CHANGED WORK CLASS**,TOP OF THE WORLD PRESCHOOL **CHANGED WORK CLASS**,451 LAKE FOREST DR,HEALTH2017-001137,2017-10-26,2020-07-23,9,Institutional,independent,,False,False
HEALTH2017-001170,EVANS MS CAFETERIA,EVANS MS CAFETERIA,6998 ELDORADO PKWY MISD,HEALTH2017-001170,2017-10-17,2026-04-13,19,Institutional,local_multi,,False,False
HEALTH2017-001172,FIRST BAPTIST CHURCH,FIRST BAPTIST CHURCH,1615 W LOUISIANA ST,HEALTH2017-001172,2017-11-10,2023-02-08,14,Institutional,independent,,False,False
HEALTH2017-001179,TEXAS ROADHOUSE,TEXAS ROADHOUSE,3101 S CENTRAL EXPY,HEALTH2017-001179;HEALTH2024-00991,2017-12-27,2026-03-30,26,"American (sit-down, bars, venues)",national_regional,,False,True
HEALTH2017-001180,MINSHEW ELEMENTARY CAFETERIA,MINSHEW ELEMENTARY CAFETERIA,300 JOPLIN DR,HEALTH2017-001180,2017-12-20,2026-02-23,17,Institutional,local_multi,,False,False
HEALTH2017-001181,EVANS MIDDLE SCHOOL CONCESSION,EVANS MIDDLE SCHOOL CONCESSION,6998 ELDORADO PKWY MISD,HEALTH2017-001181,2018-04-05,2025-10-10,15,Institutional,local_multi,,False,True
HEALTH2017-001185,SHIN'S DONUT PALACE,"DONUT PALACE | DONUT PALACE
Name : Shin's Donut palace
moving into existing space | SHIN'S DONUT PALACE",5100 ELDORADO PKWY 109,HEALTH2017-001185;HEALTH2018-10376;HEALTH2019-00664;HEALTH2024-01400,2017-10-26,2026-07-01,16,Coffee/Cafe/Bakery/Dessert,unknown,,False,True
HEALTH2017-001192,CVS PHARMACY #8321,CVS PHARMACY #8321,2100 ELDORADO PKWY,HEALTH2017-001192;HEALTH2024-01180,2017-11-01,2026-06-12,18,Convenience/Gas,national_regional,,False,True
HEALTH2017-001193,CVS #6821,CVS #6821,159 S CENTRAL EXPY,HEALTH2017-001193,2018-01-25,2022-12-15,9,Convenience/Gas,national_regional,,False,False
HEALTH2017-001196,TPC CRAIG RANCH-CLUB HOUSE,TPC CRAIG RANCH CLUBHOUSE | TPC @ CRAIG RANCH | TPC CRAIG RANCH-CLUB HOUSE,8000 COLLIN MCKINNEY PKWY,HEALTH2017-001196;HEALTH2018-10427;HEALTH2024-01237,2017-11-07,2026-08-25,22,"American (sit-down, bars, venues)",national_regional,,False,False
HEALTH2017-001197,TPC CRAIG RANCH-GRILL,TPC CRAIG RANCH-GRILL | TPC @ CRAIG RANCH GRILL,8000 COLLIN MCKINNEY PKWY,HEALTH2017-001197;HEALTH2018-10426;HEALTH2024-01234,2017-11-07,2026-08-25,19,"American (sit-down, bars, venues)",national_regional,,False,True
HEALTH2017-001203,STARBUCKS COFFEE #8997,STARBUCKS COFFEE #8997,2811 CRAIG DR 102,HEALTH2017-001203;HEALTH2024-01308,2017-11-02,2026-08-04,19,Coffee/Cafe/Bakery/Dessert,national_regional,,False,True
HEALTH2017-001207,CHIPTOLE MEXICAN GRILL,CHIPTOLE MEXICAN GRILL,2811 CRAIG DR,HEALTH2017-001207;HEALTH2024-00998,2017-10-19,2026-08-06,27,Mexican/Tex-Mex/Latin,national_regional,,False,True
HEALTH2017-001241,SONIC,SONIC DRIVE IN | SONIC | SONIC DRIVE-IN,420 N CUSTER RD,HEALTH2017-001241;HEALTH2022-00213;HEALTH2024-00667;HEALTH2024-01198,2018-01-04,2026-07-07,19,Fast Food,national_regional,,False,True
HEALTH2017-001244,CIRCLE K #2741198,CIRCLE K #2741198,4991 W UNIVERSITY DR,HEALTH2017-001244;HEALTH2024-00271,2017-11-16,2026-04-13,19,Convenience/Gas,national_regional,,False,True
HEALTH2017-001245,SUBWAY-CIRCLE K #2741198,SUBWAY-CIRCLE K #2741198,4991 W UNIVERSITY DR,HEALTH2017-001245;HEALTH2024-00108,2017-11-16,2026-04-13,21,Deli/Sandwich/Salad,national_regional,,False,True
HEALTH2017-001253,SCOTTY P'S HAMBURGERS,SCOTTY P'S HAMBURGERS,2950 CRAIG DR 304,HEALTH2017-001253;HEALTH2024-00145,2017-11-01,2026-08-20,27,"American (sit-down, bars, venues)",local_multi,,False,True
HEALTH2017-001261,STEAK N SHAKE INCE #580,STEAK N SHAKE INCE #580,1820 ELDORADO PKWY,HEALTH2017-001261,2017-12-19,2018-12-18,5,Fast Food,national_regional,,False,False
HEALTH2017-001265,AL ALFORD BASEBALL FIELD CONCESSION,AL ALFORD BASEBALL FIELD CONCESSION,1901 W WHITE AVE,HEALTH2017-001265,2018-04-05,2026-04-06,13,Institutional,local_multi,,False,False
HEALTH2017-001275,MCDONALDS 22753,MCDONALD'S | MCDONALDS 22753,3200 ELDORADO PKWY,HEALTH2017-001275;HEALTH2025-00103,2017-12-15,2026-05-27,18,Fast Food,national_regional,,False,True
HEALTH2017-001286,TAQUERIO HIDALGO,TAQUERIO HIDALGO,901 MCDONALD ST,HEALTH2017-001286,2017-10-26,2024-04-29,21,Mexican/Tex-Mex/Latin,independent,,False,False
HEALTH2017-001290,SAMARITAN INN,SAMARITAN INN,1710 N MCDONALD ST,HEALTH2017-001290,2018-12-03,2018-12-03,1,Institutional,independent,,False,False
HEALTH2017-001295,PANDA'S SUPER BUFFET,PANDA'S SUPER BUFFET,920 CENTRAL EXPY,HEALTH2017-001295,2017-10-25,2018-01-22,2,Chinese,independent,,False,False
HEALTH2017-001300,McALISTER'S DELI,McALISTER'S DELI,2107 ELDORADO PKWY,HEALTH2017-001300;HEALTH2024-00556,2017-11-01,2026-09-01,20,Deli/Sandwich/Salad,national_regional,,False,True
HEALTH2017-001302,BOYS AND GIRLS CLUB,BOYS AND GIRLS CLUB,701 CHURCH ST,HEALTH2017-001302,2017-10-24,2024-06-04,16,Institutional,national_regional,,False,False
HEALTH2017-001309,SHOGUN HIBACHI & SUSHI,SHOGUN HIBACHI & SUSHI,1230 CENTRAL EXPY,HEALTH2017-001309,2017-10-20,2024-06-28,19,Japanese,independent,,False,False
HEALTH2017-001310,WHATABURGER #664,WHATABURGER #664  | WHATABURGER #664,445 S CENTRAL EXPY,HEALTH2017-001310;HEALTH2024-00604,2017-11-08,2026-03-03,18,Fast Food,national_regional,,False,True
HEALTH2017-001325,BALLFIELDS @ CRAIGRANCH 5 PLEX,BALLFIELDS @ CRAIGRANCH 5 PLEX,6151 ALMA RD,HEALTH2017-001325,2018-04-27,2018-04-27,1,Venue/Concession,independent,,False,False
HEALTH2017-001333,WAL-MART #206 GROCERY,WAL-MART #206 GROCERY,2041 REDBUD BLVD,HEALTH2017-001333;HEALTH2024-00758,2017-12-18,2026-03-05,26,Grocery/Market,national_regional,mainstream_supermarket,False,True
HEALTH2017-001335,WALMART #206 BAKERY,WAL-MART #206 BAKERY | WALMART #206 BAKERY,2041 REDBUD BLVD,HEALTH2017-001335;HEALTH2024-00755,2017-12-18,2026-03-05,26,Grocery/Market,national_regional,mainstream_supermarket,False,False
HEALTH2017-001336,WAL-MART #206 - DELI,WAL-MART #206 DELI | WAL-MART #206 - DELI,2041 REDBUD BLVD,HEALTH2017-001336;HEALTH2024-00757,2017-12-18,2026-03-05,26,Grocery/Market,national_regional,mainstream_supermarket,False,False
HEALTH2017-001337,WALMART #206 PRODUCE,WAL-MART #206 PRODUCE | WALMART #206 PRODUCE,2041 REDBUD BLVD,HEALTH2017-001337;HEALTH2024-00756,2017-12-18,2026-03-05,26,Grocery/Market,national_regional,mainstream_supermarket,False,False
HEALTH2017-001339,PANERA BREAD #924,PANERA BREAD | PANERA BREAD #924,3050 S CENTRAL EXPY,HEALTH2017-001339;HEALTH2024-00738,2017-11-02,2026-06-09,20,Deli/Sandwich/Salad,national_regional,,False,True
HEALTH2017-001352,Regency Inn- Restaurant,Regency Inn- Restaurant,951 CENTRAL EXPY,HEALTH2017-001352,2017-10-20,2018-08-14,3,Hotel/Caterer/Commissary,independent,,False,False
HEALTH2017-001381,WILMETH ELEMENTARY CAFETERIA,WILMETH ELEMENTARY CAFETERIA,901 LACIMA DR,HEALTH2017-001381,2017-12-11,2026-09-01,19,Institutional,local_multi,,False,False
HEALTH2017-001397,MR. GATTI'S PIZZA,MR. GATTI'S PIZZA,2107 ELDORADO PKWY,HEALTH2017-001397,2017-11-02,2020-02-21,8,Pizza/Italian,national_regional,,False,False
HEALTH2017-001399,LANDON WINERY,LANDON WINERY,101 N KENTUCKY ST,HEALTH2017-001399;HEALTH2024-01139,2017-11-17,2026-08-03,19,"American (sit-down, bars, venues)",local_multi,,False,True
HEALTH2017-001402,MOUZON FIELDS CONCESSION STAND,MOUZON FIELDS CONCESSION STAND,1307 GREENVILLE RD,HEALTH2017-001402;HEALTH2024-00432,2018-04-25,2026-08-27,13,Venue/Concession,independent,,False,True
HEALTH2017-001426,SHOP N GO #6,SHOP N GO #6,101 INDUSTRIAL BLVD,HEALTH2017-001426;HEALTH2024-00049,2018-01-08,2026-03-23,24,Convenience/Gas,unknown,,False,True
HEALTH2017-001433,MCKINNEY HEALTHCARE & REHAB,MCKINNEY HEALTHCARE & REHAB,253 ENTERPRISE DR,HEALTH2017-001433,2017-10-27,2023-05-31,19,Institutional,unknown,,False,False
HEALTH2017-001434,CRISTINA'S FINE MEXICAN RESTAURANT,CRISTINA'S FINE MEXICAN RESTAURANT,2811 CRAIG DR 110,HEALTH2017-001434;HEALTH2024-00103,2017-11-01,2026-08-18,27,Mexican/Tex-Mex/Latin,local_multi,,False,True
HEALTH2017-001447,DOMINO'S PIZZA,DOMINO'S PIZZA #6386 | DOMINO'S PIZZA,8901 VIRGINIA PKWY 300,HEALTH2017-001447;HEALTH2018-09966;HEALTH2025-00008,2017-10-23,2026-05-21,19,Pizza/Italian,national_regional,,False,True
HEALTH2017-001452,TENLEY'S CAFE,TENLEY'S CAFE,7910 COLLIN MCKINNEY PKWY,HEALTH2017-001452,2017-10-19,2018-01-22,2,Coffee/Cafe/Bakery/Dessert,independent,,False,False
HEALTH2017-001464,AFC SUSHI @ MARKET STREET,AFC SUSHI @ MARKET STREET,6100 ELDORADO PKWY,HEALTH2017-001464;HEALTH2024-00600,2017-11-01,2026-05-28,19,Grocery/Market,national_regional,mainstream_supermarket,False,True
HEALTH2017-001472,PANDA EXPRESS #1159,PANDA EXPRESS | PANDA EXPRESS #1159,6970 VIRGINIA PKWY,HEALTH2017-001472;HEALTH2024-00597,2017-11-30,2026-05-19,18,Chinese,national_regional,,False,True
HEALTH2017-001498,LA PALOMA,LA PALOMA,1213 S MCDONALD ST,HEALTH2017-001498,2018-01-03,2018-10-11,3,Mexican/Tex-Mex/Latin,independent,,False,False
HEALTH2017-001501,BAYBROOKE VILLAGE,BAYBROOKE VILLAGE CARE CENTER | BAYBROOKE VILLAGE,8300 ELDORADO PKWY,HEALTH2017-001501;HEALTH2024-00543,2017-12-12,2026-04-28,22,Institutional,unknown,,False,True
HEALTH2017-001512,OGLE ELEMENTARY,OGLE ELEMENTARY,4200 BIG FORK TRL,HEALTH2017-001512;HEALTH2018-10136,2017-10-20,2026-04-07,19,Institutional,local_multi,,False,False
HEALTH2017-001513,COMFORT SUITES,COMFORT SUITES,1590 CENTRAL EXPY,HEALTH2017-001513,2017-10-17,2024-02-01,16,Hotel/Caterer/Commissary,national_regional,,False,False
HEALTH2017-001519,STARBUCKS COFFEE #10088,STARBUCKS COFFEE #10088,6841 VIRGINIA PKWY,HEALTH2017-001519;HEALTH2024-00852,2017-12-11,2026-03-04,19,Coffee/Cafe/Bakery/Dessert,national_regional,,False,True
HEALTH2017-001520,GENGHIS GRILL,GENGHIS GRILL,1920 ELDORADO PKWY 400,HEALTH2017-001520;HEALTH2018-10162;HEALTH2024-01246,2017-12-22,2026-08-24,25,Asian (unspecified),national_regional,,False,True
HEALTH2017-001522,RACETRAC #130,RACETRAC #130,1608 MCDONALD ST,HEALTH2017-001522,2017-10-19,2019-04-15,5,Convenience/Gas,national_regional,,False,False
HEALTH2017-001534,CHILI'S GRILL & BAR,CHILI'S GRILL & BAR,7675 CUSTER RD,HEALTH2017-001534,2017-10-30,2024-08-26,23,"American (sit-down, bars, venues)",national_regional,,False,False
HEALTH2017-001545,MCKINNEY BOYD HS CAFETERIA ,MCKINNEY BOYD HS CAFETERIA ,600 LAKE FOREST DR,HEALTH2017-001545,2017-10-17,2026-04-02,20,Institutional,local_multi,,False,False
HEALTH2017-001546,BOYD HS JAVA CITY,BOYD HS JAVA CITY,600 LAKE FOREST DR,HEALTH2017-001546,2017-10-17,2026-04-02,19,Institutional,local_multi,,False,False
HEALTH2017-001547,RON POE STADIUM CONCESSION,RON POE STADIUM CONCESSION,1 DUVALL ST MISD,HEALTH2017-001547,2018-04-05,2026-04-07,13,Institutional,local_multi,,False,True
HEALTH2017-001555,Pei Wei Asian Diner,PEI WEI ASIAN DINER | Pei Wei Asian Diner,3000 S CENTRAL EXPY,HEALTH2017-001555;HEALTH2025-00051,2018-01-02,2026-04-08,22,Asian (unspecified),national_regional,,False,True
HEALTH2017-001557,TARGET STORE #2142,TARGET STORE #2142,8900 SH 121,HEALTH2017-001557;HEALTH2024-01041,2017-10-24,2026-03-06,19,Grocery/Market,national_regional,mainstream_supermarket,False,True
HEALTH2017-001600,SONIC DRIVE-IN,SONIC #5533 | SONIC DRIVE-IN,6481 ELDORADO PKWY,HEALTH2017-001600;HEALTH2022-00214,2018-05-31,2024-05-30,17,Fast Food,national_regional,,False,False
HEALTH2017-001604,DOLLAR GENERAL STORE #10421,DOLLAR GENERAL STORE #10421,1420 S MCDONALD ST,HEALTH2017-001604;HEALTH2024-00206,2018-04-24,2026-06-26,17,Convenience/Gas,national_regional,,False,True
HEALTH2017-001606,CHICK-FIL-A,CHICK-FIL-A,8700 SH 121,HEALTH2017-001606;HEALTH2024-01393,2018-02-06,2026-09-01,16,Fast Food,national_regional,,False,True
HEALTH2017-001620,SAM'S CLUB #4906-GROCERY,SAM'S CLUB #4906-GROCERY,1670 W UNIVERSITY DR,HEALTH2017-001620;HEALTH2025-00074,2017-12-15,2026-07-09,20,Grocery/Market,national_regional,mainstream_supermarket,False,True
HEALTH2017-001621,SAM'S CLUB #4906-BAKERY,SAM'S CLUB #4906-BAKERY,1670 W UNIVERSITY DR,HEALTH2017-001621;HEALTH2025-00070,2017-12-15,2026-07-09,21,Grocery/Market,national_regional,mainstream_supermarket,False,False
HEALTH2017-001622,SAM'S CLUB #4906-DELI,SAM'S CLUB #4906-DELI,1670 W UNIVERSITY DR,HEALTH2017-001622;HEALTH2025-00073,2018-03-01,2026-07-09,20,Grocery/Market,national_regional,mainstream_supermarket,False,False
HEALTH2017-001623,SAM'S CLUB #4906-MEAT,SAM'S CLUB #4906-MEAT,1670 W UNIVERSITY DR,HEALTH2017-001623;HEALTH2025-00071,2017-12-15,2026-07-09,21,Grocery/Market,national_regional,mainstream_supermarket,False,False
HEALTH2017-001625,SAM'S CLUB #4906-SEAFOOD,SAM'S CLUB #4906-SEAFOOD,1670 W UNIVERSITY DR,HEALTH2017-001625;HEALTH2025-00072,2017-12-15,2026-07-09,21,Grocery/Market,national_regional,mainstream_supermarket,False,False
HEALTH2017-001626,SAM'S CLUB #4906 PRODUCE,SAM'S CLUB #4906 PRODUCE,1670 W UNIVERSITY DR,HEALTH2017-001626;HEALTH2025-00069,2017-12-15,2026-07-09,21,Grocery/Market,national_regional,mainstream_supermarket,False,False
HEALTH2017-001627,WAL-MART #5311 GROCERY,WAL-MART #5311 GROCERY,1721 N CUSTER RD,HEALTH2017-001627;HEALTH2025-00080,2017-12-20,2026-07-06,24,Grocery/Market,national_regional,mainstream_supermarket,False,True
HEALTH2017-001628,WAL-MART #5311 PRODUCE,WAL-MART #5311 PRODUCE,1721 N CUSTER RD,HEALTH2017-001628;HEALTH2025-00079,2017-12-20,2026-07-06,24,Grocery/Market,national_regional,mainstream_supermarket,False,False
HEALTH2017-001629,WAL-MART #5311 BAKERY,WAL-MART #5311 BAKERY,1721 N CUSTER RD,HEALTH2017-001629;HEALTH2025-00082,2017-12-20,2026-07-06,24,Grocery/Market,national_regional,mainstream_supermarket,False,False
HEALTH2017-001630,WAL-MART #5311 DELI,WAL-MART #5311 DELI,1721 N CUSTER RD,HEALTH2017-001630;HEALTH2025-00081,2017-12-20,2026-07-06,23,Grocery/Market,national_regional,mainstream_supermarket,False,False
HEALTH2017-001632,WAL-MART #5311 MEAT,WAL-MART #5311 MEAT,1721 N CUSTER RD,HEALTH2017-001632;HEALTH2025-00078,2017-12-20,2026-07-06,24,Grocery/Market,national_regional,mainstream_supermarket,False,False
HEALTH2017-001633,THE GREAT OUTDOORS SUB SHOP,THE GREAT OUTDOORS SUB SHOP,1751 ELDORADO PKWY 318,HEALTH2017-001633;HEALTH2024-01399,2017-12-27,2026-06-08,21,Deli/Sandwich/Salad,local_multi,,False,True
HEALTH2017-001637,ROSATI'S PIZZA,ROSATI'S PIZZA,5261 MCKINNEY RANCH PKWY,HEALTH2017-001637,2018-01-29,2025-01-30,22,Pizza/Italian,national_regional,,False,False
HEALTH2017-001667,JENNY CRAIG WEIGHT LOSS CENTER,JENNY CRAIG WEIGHT LOSS CENTER,7645 S CUSTER RD,HEALTH2017-001667,2017-10-31,2022-12-27,11,Other non-restaurant,national_regional,,False,False
HEALTH2017-001669,DICKEYS BARBECUE PIT,DICKEYS BARBECUE PIT,8628 SH 121,HEALTH2017-001669;HEALTH2024-00734,2017-12-04,2026-05-26,21,"American (sit-down, bars, venues)",national_regional,,False,True
HEALTH2017-001681,MCKINNEY CATERING CO.,MCKINNEY CATERING CO.,104 S CHESTNUT ST,HEALTH2017-001681,2017-11-07,2018-11-14,5,Hotel/Caterer/Commissary,independent,,False,False
HEALTH2017-001683,PETRA-FRESH MEXICAN BISTRO,PETRA-FRESH MEXICAN BISTRO,1751 ELDORADO PKWY,HEALTH2017-001683,2018-01-31,2018-04-11,2,Mexican/Tex-Mex/Latin,independent,,False,False
HEALTH2017-001696,RICK'S CHOPHOUSE,RICK'S CHOPHOUSE,107 KENTUCKY ST,HEALTH2017-001696,2017-10-31,2024-01-10,21,"American (sit-down, bars, venues)",independent,,False,False
HEALTH2017-001697,BOYD HIGH SCHOOL INSIDE CONCESSION,BOYD HIGH SCHOOL INSIDE CONCESSION,600 LAKE FOREST DR,HEALTH2017-001697,2018-04-05,2018-11-27,2,Institutional,local_multi,,False,False
HEALTH2017-001698,BOYD HIGH SCHOOL BASEBALL CONCESSION,BOYD HIGH SCHOOL BASEBALL CONCESSION,600 LAKE FOREST DR,HEALTH2017-001698,2018-04-05,2018-11-27,2,Institutional,local_multi,,False,False
HEALTH2017-001699,BOYD HIGH SCHOOL TENNIS CONCESSION,BOYD HIGH SCHOOL TENNIS CONCESSION,600 LAKE FOREST DR,HEALTH2017-001699,2018-04-05,2018-11-27,2,Institutional,local_multi,,False,False
HEALTH2017-001709,WINGSTOP,WINGSTOP,1681 CENTRAL EXPY,HEALTH2017-001709,2018-01-17,2024-03-01,16,Fast Food,national_regional,,False,False
HEALTH2017-001718,CHICKEN EXPRESS,CHICKEN EXPRESS,1930 N LAKE FOREST DR,HEALTH2017-001718;HEALTH2024-00747,2017-11-27,2026-08-03,21,Fast Food,national_regional,,False,True
HEALTH2017-001741,QUIKTRIP #916,QUIKTRIP #916,1700 S MCDONALD ST,HEALTH2017-001741;HEALTH2024-00596,2018-01-03,2026-03-31,16,Convenience/Gas,national_regional,,False,True
HEALTH2017-001749,MOONEYHAM ELEMENTARY,MOONEYHAM ELEMENTARY,2301 EDEN DR,HEALTH2017-001749;HEALTH2018-10134,2017-10-20,2026-02-26,19,Institutional,local_multi,,False,False
HEALTH2017-001750,HAPPY DONUTS,HAPPY DONUTS,2741 VIRGINIA PKWY 300,HEALTH2017-001750;HEALTH2024-00598,2017-10-20,2026-04-08,15,Coffee/Cafe/Bakery/Dessert,independent,,False,True
HEALTH2017-001756,KOBE STEAK & SUSHI,KOBE STEAK & SUSHI,3300 ELDORADO PKWY 100,HEALTH2017-001756;HEALTH2024-00862,2018-02-02,2025-08-21,23,Japanese,independent,,False,False
HEALTH2017-001769,SUBWAY #6654,SUBWAY #6654,1705 UNIVERSITY DR,HEALTH2017-001769,2018-02-16,2024-01-04,13,Deli/Sandwich/Salad,national_regional,,False,False
HEALTH2017-001770,SUBWAY #13925,SUBWAY #13925,6840 VIRGINIA PKWY,HEALTH2017-001770,2017-11-07,2022-08-30,12,Deli/Sandwich/Salad,national_regional,,False,False
HEALTH2017-001771,SUBWAY,SUBWAY,3001 S CENTRAL EXPY,HEALTH2017-001771,2017-11-08,2021-12-16,10,Deli/Sandwich/Salad,national_regional,,False,False
HEALTH2017-001787,NAOMI PRESS ELEMENTARY CAFETERIA,NAOMI PRESS ELEMENTARY CAFETERIA,4101 SHAWNEE DR,HEALTH2017-001787,2017-10-18,2026-03-24,19,Institutional,local_multi,,False,True
HEALTH2017-001788,McGOWEN ELEMENTARY CAFETERIA,McGOWEN ELEMENTARY CAFETERIA,4300 COLUMBUS DR,HEALTH2017-001788,2017-12-20,2026-03-25,18,Institutional,local_multi,,False,False
HEALTH2017-001791,BAKER ELEMENTARY SCHOOL,BAKER ELEMENTARY | BAKER ELEMENTARY SCHOOL,3125 BLUEWOOD DR,HEALTH2017-001791;HEALTH2018-10103,2017-12-13,2026-04-09,18,Institutional,local_multi,,False,False
HEALTH2017-001792,7-ELEVEN #33118B,7-ELEVEN #3311813B | 7-ELEVEN #33118B,5020 VIRGINIA PKWY,HEALTH2017-001792;HEALTH2024-00215,2017-11-07,2026-03-18,24,Convenience/Gas,national_regional,,False,True
HEALTH2017-001805,SPOON'S CAFE,SPOON'S CAFE,100 E LOUISIANA ST,HEALTH2017-001805;HEALTH2024-01080,2017-11-03,2026-04-28,25,"American (sit-down, bars, venues)",independent,,False,True
HEALTH2017-001808,WHICH WICH,WHICH WICH,8950 SH 121,HEALTH2017-001808;HEALTH2018-09914,2017-11-02,2020-04-29,8,Deli/Sandwich/Salad,national_regional,,False,False
HEALTH2017-001811,Target Store T-2335 Grocery,TARGET RESTAURANT T-2335 | Target Store T-2335 Grocery,2025 N CENTRAL EXPY,HEALTH2017-001811;HEALTH2024-01154,2017-11-14,2026-04-21,20,Grocery/Market,national_regional,mainstream_supermarket,False,True
HEALTH2017-001818,Target Store T-2335 Restaurant,TARGET STORE T-2335 GROCERY | Target Store T-2335 Restaurant,2025 N CENTRAL EXPY,HEALTH2017-001818;HEALTH2024-01155,2017-11-14,2026-04-21,20,Grocery/Market,national_regional,mainstream_supermarket,False,False
HEALTH2017-001864,CVS #334,CVS #334,8995 STACY RD,HEALTH2017-001864;HEALTH2024-01182,2017-11-03,2026-06-16,17,Convenience/Gas,national_regional,,False,True
HEALTH2017-001879,THAI PAN,THAI PAN,1720 N CENTRAL EXPY,HEALTH2017-001879,2017-11-15,2022-02-16,14,Thai,independent,,False,False
HEALTH2017-001882,OKADA JAPANESE STEAKHOUSE & SUSHI,OKADA JAPANESE STEAKHOUSE & SUSHI,2750 CENTRAL EXPY,HEALTH2017-001882,2017-10-31,2023-05-24,18,Japanese,independent,,False,False
HEALTH2017-001883,QuikTrip #913,QUIKTRIP #913 | QuikTrip #913,4151 STACY RD,HEALTH2017-001883;HEALTH2024-01359,2018-02-26,2026-06-10,22,Convenience/Gas,national_regional,,False,True
HEALTH2017-001884,QuikTrip #914,QUIKTRIP #914 | QuikTrip #914,7349 S CUSTER RD,HEALTH2017-001884;HEALTH2024-01360,2018-02-09,2026-08-25,18,Convenience/Gas,national_regional,,False,True
HEALTH2017-001893,TORNADO TATER,TORNADO TATER,4550 UNIVERSITY DR,HEALTH2017-001893,2017-11-17,2018-06-15,7,Venue/Concession,independent,,True,False
HEALTH2017-001919,7-11 #33688,7-11 #33688,7990 ELDORADO PKWY,HEALTH2017-001919,2017-12-12,2023-12-04,16,Convenience/Gas,national_regional,,False,False
HEALTH2017-001936,CHIPOTLE MEXICAN GRILL #1132,CHIPOTLE MEXICAN GRILL | CHIPOTLE MEXICAN GRILL #1132,2014 W UNIVERSITY DR,HEALTH2017-001936;HEALTH2024-00428,2017-11-20,2026-06-22,21,Mexican/Tex-Mex/Latin,national_regional,,False,True
HEALTH2017-001938,SUBWAY #43169,SUBWAY #43169,1521 CUSTER RD,HEALTH2017-001938,2017-10-17,2020-01-28,7,Deli/Sandwich/Salad,national_regional,,False,False
HEALTH2017-001948,WHATABURGER #963,WHATABURGER #963  | WHATABURGER #963,8608 SH 121,HEALTH2017-001948;HEALTH2024-00437,2017-11-02,2026-09-01,18,Fast Food,national_regional,,False,True
HEALTH2017-001995,SHELL ** see notes for reneal payment**,SHELL ** see notes for reneal payment**,4951 ELDORADO PKWY,HEALTH2017-001995,2018-02-08,2022-10-04,9,Convenience/Gas,independent,,False,False
HEALTH2017-002007,RACETRAC #155,RACETRAC #155,1004 E UNIVERSITY DR,HEALTH2017-002007;HEALTH2024-00603,2017-11-14,2026-06-11,19,Convenience/Gas,national_regional,,False,True
HEALTH2017-002009,WHICH WICH,WHICH WICH SUPERIOR SANDWICHES | WHICH WICH,1933 N CENTRAL EXPY 500,HEALTH2017-002009;HEALTH2018-09773;HEALTH2024-00230,2017-11-15,2026-04-03,18,Deli/Sandwich/Salad,national_regional,,False,True
HEALTH2017-002010,SNB FOODS,SNB FOODS,4550 UNIVERSITY DR,HEALTH2017-002010,2017-11-19,2021-10-15,19,Venue/Concession,independent,,True,False
HEALTH2017-002011,LONCHERIA HERNANDEZ,LONCHERIA HERNANDEZ,1105 TENNESSEE ST,HEALTH2017-002011,2017-10-18,2024-05-29,22,Mexican/Tex-Mex/Latin,independent,,False,False
HEALTH2017-002023,COTTON PATCH,COTTON PATCH,1925 N CENTRAL EXPY,HEALTH2017-002023;HEALTH2024-00545,2017-11-20,2026-08-24,23,"American (sit-down, bars, venues)",national_regional,,False,True
HEALTH2017-002024,BUFFALO WILD WINGS,BUFFALO WILD WINGS,2035 N CENTRAL EXPY,HEALTH2017-002024;HEALTH2024-00761,2017-11-16,2026-04-14,21,"American (sit-down, bars, venues)",national_regional,,False,True
HEALTH2017-002043,JIMMY JOHNS GOURMET SANDWICHES,JIMMY JOHNS GOURMET SANDWICHES,2014 W UNIVERSITY DR,HEALTH2017-002043;HEALTH2024-00670,2018-02-16,2026-07-07,19,Deli/Sandwich/Salad,national_regional,,False,True
HEALTH2017-002047,LAKE COUNTRY COFFEE ROAST,LAKE COUNTRY COFFEE ROAST,4550 UNIVERSITY DR,HEALTH2017-002047,2017-11-17,2021-03-13,20,Coffee/Cafe/Bakery/Dessert,independent,,True,False
HEALTH2017-002051,SCOGGINS MIDDLE SCHOOL,SCOGGINS MIDDLE SCHOOL,7070 STACY RD,HEALTH2017-002051;HEALTH2018-10140,2017-10-18,2026-04-13,19,Institutional,local_multi,,False,False
HEALTH2017-002052,ELLIOTT ELEMENTARY,ELLIOTT ELEMENTARY,3721 HUDSON CROSSING,HEALTH2017-002052;HEALTH2018-10139,2018-01-02,2026-02-19,18,Institutional,local_multi,,False,False
HEALTH2017-002064,"TACO BUENO
 


","TACO BUENO #3100 | TACO BUENO
 


",302 N CENTRAL EXPY,HEALTH2017-002064;HEALTH2024-00899,2017-11-07,2026-03-04,22,Fast Food,national_regional,,False,True
HEALTH2017-002067,COCKRILL MS CAFETERIA,COCKRILL MS CAFETERIA,1351 HARDIN BLVD,HEALTH2017-002067,2017-12-04,2026-04-13,17,Institutional,local_multi,,False,False
HEALTH2017-002072,DEE'S DIP HEAVEN,DEE'S DIP HEAVEN,4550 UNIVERSITY DR,HEALTH2017-002072,2017-11-17,2017-11-17,1,Other non-restaurant,independent,,True,False
HEALTH2017-002073,CVS #5380,CVS #5380,8953 VIRGINIA PKWY,HEALTH2017-002073;HEALTH2024-01008,2017-11-07,2026-09-01,19,Convenience/Gas,national_regional,,False,True
HEALTH2017-002076,COCKRILL MIDDLE SCHOOL CONCESSION ,COCKRILL MIDDLE SCHOOL CONCESSION ,1351 N HARDIN BLVD,HEALTH2017-002076,2018-04-05,2025-10-07,13,Institutional,local_multi,,False,False
HEALTH2017-002118,SUBWAY #15420,SUBWAY #15420,4900 ELDORADO PKWY 112,HEALTH2017-002118;HEALTH2024-01003,2017-10-30,2026-06-03,20,Deli/Sandwich/Salad,national_regional,,False,True
HEALTH2017-002127,SUNG SUSHI,SUNG SUSHI,2901 S LAKE FOREST DR,HEALTH2017-002127,2018-02-06,2018-02-06,1,Grocery/Market,national_regional,mainstream_supermarket,False,False
HEALTH2017-002131,APPLEBEE'S,APPLEBEE'S,1820 W UNIVERSITY DR,HEALTH2017-002131,2018-01-09,2024-10-01,22,"American (sit-down, bars, venues)",national_regional,,False,False
HEALTH2017-002137,LONG JOHN SILVERS #31810,LONG JOHN SILVERS #31810,1708 W UNIVERSITY DR,HEALTH2017-002137,2017-12-20,2021-07-14,11,Fast Food,national_regional,,False,False
HEALTH2017-002146,RACETRAC #157,RACETRAC #157,2152 VIRGINIA PKWY,HEALTH2017-002146;HEALTH2024-00099,2017-11-07,2026-07-16,18,Convenience/Gas,national_regional,,False,True
HEALTH2017-002242,LOCO COWPOKE,LOCO COWPOKE,206 LOUISIANA ST,HEALTH2017-002242,2017-10-20,2019-11-05,5,Other non-restaurant,independent,,False,False
HEALTH2017-002281,KROGER #567-COFFEE SHOP,KROGER #567-COFFEE SHOP,2901 S LAKE FOREST DR,HEALTH2017-002281,2018-02-06,2018-08-28,3,Grocery/Market,national_regional,mainstream_supermarket,False,False
HEALTH2017-002282,CASTLE MONTESSORI OF MCKINNEY,CASTLE MONTESSORI OF MCKINNEY,6151 VIRGINIA PKWY,HEALTH2017-002282;HEALTH2019-00097;HEALTH2024-00659,2018-05-30,2025-04-10,17,Institutional,independent,,False,False
HEALTH2017-002591,RICE POT EXPRESS,RICE POT EXPRESS,4987 W UNIVERSITY DR 110,HEALTH2017-002591;HEALTH2024-00656,2018-01-18,2026-03-04,24,Chinese,independent,,False,True
HEALTH2017-002770,TACO BELL #35433,TACO BELL #2913 | TACO BELL #35433,404 N CENTRAL EXPY,HEALTH2017-002770;HEALTH2018-10341;HEALTH2024-01276,2017-11-07,2026-08-05,16,Fast Food,national_regional,,False,True
HEALTH2017-002828,BALLFIELDS @ CRAIG RANCH SOUTH,BALLFIELDS @ CRAIG RANCH SOUTH,6151 ALMA RD,HEALTH2017-002828,2018-04-27,2018-04-27,1,Venue/Concession,independent,,False,False
HEALTH2017-002852,WINGSTOP,WINGSTOP,4550 ELDORADO PKWY 105,HEALTH2017-002852;HEALTH2020-00158;HEALTH2024-00739,2017-10-27,2026-03-05,24,Fast Food,national_regional,,False,True
HEALTH2017-002892,FUDDRUCKERS,FUDDRUCKERS,2045 N CENTRAL EXPY,HEALTH2017-002892,2017-11-16,2020-02-04,8,Fast Food,national_regional,,False,False
HEALTH2017-002919,HARVEST,HARVEST,112 E LOUISIANA ST,HEALTH2017-002919,2017-11-21,2023-08-30,19,"American (sit-down, bars, venues)",independent,,False,False
HEALTH2017-002934,THE CELT,THE CELT IRISH PUB | THE CELT,100 N TENNESSEE ST,HEALTH2017-002934;HEALTH2024-00643;HEALTH2025-00363,2017-12-15,2026-08-28,17,"American (sit-down, bars, venues)",independent,,False,True
HEALTH2017-002983,MCKINNEY CHRISTIAN ACADEMY,MCKINNEY CHRISTIAN ACADEMY,3601 BOIS D'ARC RD,HEALTH2017-002983;HEALTH2024-00890,2018-10-22,2026-04-13,17,Institutional,independent,,False,True
HEALTH2017-003054,HERMAN LAWSON EARLY CHILHOOD ,HERMAN LAWSON EARLY CHILHOOD ,500 DOWELL ST,HEALTH2017-003054,2017-11-30,2026-04-06,18,Institutional,local_multi,,False,False
HEALTH2017-003080,SPANISH SCHOOLHOUSE MCKINNEY,SPANISH SCHOOLHOUSE MCKINNEY,2421 VIRGINIA PKWY,HEALTH2017-003080;HEALTH2018-10184;HEALTH2024-00889,2018-06-08,2026-01-15,16,Institutional,national_regional,,False,False
HEALTH2017-003409,Planet Smoothie,PLANET SMOOTHIE MCKINNEY | Planet Smoothie,2014 W UNIVERSITY DR 340,HEALTH2017-003409;HEALTH2021-00256,2017-11-29,2024-03-25,12,Coffee/Cafe/Bakery/Dessert,national_regional,,False,False
HEALTH2017-003430,TASTE OF INDIA,TASTE OF INDIA,1925 N CENTRAL EXPY 430,HEALTH2017-003430;HEALTH2024-00079,2018-01-30,2026-04-21,17,Indian,independent,,False,True
HEALTH2017-003431,7-11 #34222,7-11 #34222,8885 W UNIVERSITY DR,HEALTH2017-003431;HEALTH2024-01376;HEALTH2025-00632,2017-11-10,2026-02-05,16,Convenience/Gas,national_regional,,False,True
HEALTH2017-003539,THAI NOODLE WAVE,THAI NOODLE WAVE,2775 S CENTRAL EXPY 180,HEALTH2017-003539;HEALTH2025-00011,2017-11-06,2026-04-08,24,Thai,independent,,False,True
HEALTH2017-003555,METHODIST MCKINNEY CAFE,METHODIST MCKINNEY HOSPITAL | METHODIST MCKINNEY CAFE,8000 ELDORADO PKWY,HEALTH2017-003555;HEALTH2025-00151,2017-10-30,2026-05-27,19,Institutional,national_regional,,False,True
HEALTH2017-003559,Stonebridge Academy,STONEBRIDGE ACADEMY | Stonebridge Academy,1921 GRASSMERE LN,HEALTH2017-003559;HEALTH2020-00137;HEALTH2024-00389,2018-01-02,2025-06-09,20,Institutional,independent,,False,False
HEALTH2017-003582,MCDONALD'S,MCDONALD'S,6750 VIRGINIA PKWY,HEALTH2017-003582;HEALTH2019-00145;HEALTH2025-00131,2017-10-30,2026-03-16,20,Fast Food,national_regional,,False,True
HEALTH2017-003583,MCDONALDS,MCDONALD'S #6504 | MCDONALDS,402 N CENTRAL EXPY,HEALTH2017-003583;HEALTH2018-10382;HEALTH2024-01145,2017-11-07,2026-06-11,18,Fast Food,national_regional,,False,True
HEALTH2017-003616,MCDONALD'S OF WALMART,MCDONALD'S OF WALMART,5001 MCKINNEY RANCH PKWY,HEALTH2017-003616,2018-01-11,2020-09-25,10,Fast Food,national_regional,,False,False
HEALTH2017-003617,MCDONALD OF WAL-MART,MCDONALD OF WAL-MART,1721 N CUSTER RD,HEALTH2017-003617,2017-12-20,2020-07-28,10,Fast Food,national_regional,,False,False
HEALTH2017-003702,SQUARE BURGER,SQUARE BURGER,115 N KENTUCKY ST,HEALTH2017-003702;HEALTH2024-00301,2018-01-05,2026-04-28,21,"American (sit-down, bars, venues)",independent,,False,True
HEALTH2017-003717,DOLLAR TREE #3294,DOLLAR TREE #3294,8676 SH 121 104,HEALTH2017-003717;HEALTH2024-00809,2017-10-31,2026-08-24,15,Convenience/Gas,national_regional,,False,True
HEALTH2017-003722,SWEET CAROLINE'S GELATO,SWEET CAROLINE'S GELATO,107 N KENTUCKY ST,HEALTH2017-003722;HEALTH2024-00309,2017-11-06,2026-03-30,15,Coffee/Cafe/Bakery/Dessert,independent,,False,True
HEALTH2017-003759,ITALIAN GARDEN,ITALIAN GARDEN,500 CUSTER RD,HEALTH2017-003759,2017-10-23,2023-11-01,17,Pizza/Italian,independent,,False,False
HEALTH2017-003760,SILK ROAD THAI CUISINE,SILK ROAD THAI CUISINE,6851 VIRGINIA PKWY,HEALTH2017-003760,2017-12-15,2020-06-18,7,Thai,independent,,False,False
HEALTH2017-003846,OAK HOLLOW GOLF COURSE,OAK HOLLOW GOLF COURSE,3005 N MCDONALD ST,HEALTH2017-003846;HEALTH2024-00391,2018-01-26,2026-04-02,21,"American (sit-down, bars, venues)",independent,,False,True
HEALTH2017-003865,CADILLAC PIZZA,CADILLAC PIZZA,112 S KENTUCKY ST,HEALTH2017-003865;HEALTH2024-00729,2017-11-24,2026-07-29,25,Pizza/Italian,independent,,False,True
HEALTH2017-003874,SONNTAG ELEMENTARY,SONNTAG ELEMENTARY,2001 REAGAN DR,HEALTH2017-003874,2017-10-17,2018-03-20,3,Institutional,local_multi,,False,False
HEALTH2017-003925,On the Border,ON THE BORDER | On the Border,8930 SH 121,HEALTH2017-003925;HEALTH2024-00591;HEALTH2025-00907,2017-10-30,2026-06-04,24,Mexican/Tex-Mex/Latin,national_regional,,False,True
HEALTH2017-003949,FUSION TEA ROOM,FUSION TEA ROOM,4550 UNIVERSITY DR,HEALTH2017-003949,2017-11-19,2019-06-15,15,Coffee/Cafe/Bakery/Dessert,independent,,True,False
HEALTH2017-003970,PATINA GREEN HOME AND MARKET,PATINA GREEN HOME AND MARKET,116 N TENNESSEE ST 102,HEALTH2017-003970;HEALTH2024-00874,2017-11-06,2026-03-31,16,Deli/Sandwich/Salad,independent,,False,True
HEALTH2017-004000,Donut Bliss,DONUT BLISS | DONUT BLISS #400 | Donut Bliss,5080 VIRGINIA PKWY 400,HEALTH2017-004000;HEALTH2019-00512;HEALTH2023-00091;HEALTH2024-00518,2017-10-20,2026-06-03,17,Coffee/Cafe/Bakery/Dessert,local_multi,,False,True
HEALTH2017-004056,BENNY'S BAGELS,BENNY'S BAGELS,5100 ELDORADO PKWY 104,HEALTH2017-004056;HEALTH2024-00830,2017-10-19,2026-08-06,15,Coffee/Cafe/Bakery/Dessert,independent,,False,True
HEALTH2017-004073,McCLURE ELEMENTARY CAFETERIA,McCLURE ELEMENTARY CAFETERIA,1753 RIDGE RD,HEALTH2017-004073,2017-12-19,2026-02-26,18,Institutional,local_multi,,False,True
HEALTH2017-004120,SUBWAY #43170,SUBWAY #43170,400 N CENTRAL EXPY 100,HEALTH2017-004120;HEALTH2024-00955,2018-01-24,2026-07-06,18,Deli/Sandwich/Salad,national_regional,,False,False
HEALTH2017-004189,STONEFIELD ASSISTED LIVING,STONEFIELD ASSISTED LIVING,2701 ALMA RD,HEALTH2017-004189;HEALTH2024-00983,2017-10-23,2026-08-14,26,Institutional,unknown,,False,True
HEALTH2017-004200,ALON,ALON,1101 N TENNESSEE ST,HEALTH2017-004200;HEALTH2024-01178,2018-01-11,2026-09-01,23,Convenience/Gas,independent,,False,True
HEALTH2017-004279,McDonald’s #5011,MCDONALD'S #5011 | McDonald’s #5011,1810 W UNIVERSITY DR,HEALTH2017-004279;HEALTH2025-00004,2017-11-14,2026-03-31,26,Fast Food,national_regional,,False,True
HEALTH2017-004303,FUZZY'S TACO SHOP,FUZZY'S TACO SHOP,3190 S CENTRAL EXPY 570,HEALTH2017-004303;HEALTH2024-01339,2017-12-14,2026-04-02,19,Mexican/Tex-Mex/Latin,national_regional,,False,True
HEALTH2017-004328,CHERRY BERRY YOGURT BAR,CHERRY BERRY YOGURT BAR,1411 N CUSTER RD,HEALTH2017-004328,2017-11-13,2020-01-28,7,Coffee/Cafe/Bakery/Dessert,national_regional,,False,False
HEALTH2017-004332,Hamm's Custom Meats,HAMM'S CUSTOM MEATS | Hamm's Custom Meats,307 W LOUISIANA ST,HEALTH2017-004332;HEALTH2017-09662,2017-11-28,2019-02-12,5,Grocery/Market,independent,independent_specialty,False,False
HEALTH2017-004370,DICKEYS BARBECUE PIT,DICKEYS BARBECUE PIT,600 N CENTRAL EXPY,HEALTH2017-004370,2018-01-31,2023-11-01,16,"American (sit-down, bars, venues)",national_regional,,False,False
HEALTH2017-004371,KFC #J625030,KFC #J625030,2030 W UNIVERSITY DR,HEALTH2017-004371,2017-11-16,2023-10-12,17,Fast Food,national_regional,,False,False
HEALTH2017-004373,PIZZA HUT,PIZZA HUT,210 N CUSTER RD 160,HEALTH2017-004373;HEALTH2024-01286,2018-01-09,2026-06-09,19,Pizza/Italian,national_regional,,False,True
HEALTH2017-004375,PIZZA HUT ,PIZZA HUT ,4150 ELDORADO PKWY,HEALTH2017-004375,2017-11-01,2024-02-12,16,Pizza/Italian,national_regional,,False,False
HEALTH2017-004377,MOOYAH BURGERS & FRIES,MOOYAH BURGERS & FRIES,1411 N CUSTER RD,HEALTH2017-004377,2017-11-21,2019-12-31,7,Fast Food,national_regional,,False,False
HEALTH2017-004378,KFC / TACO BELL #Y351063,KFC / TACO BELL #J625047 | KFC #J625030 / TACO BELL | KFC / TACO BELL #Y351063,2920 ELDORADO PKWY,HEALTH2017-004378;HEALTH2024-00087;HEALTH2024-01344,2017-12-07,2026-04-10,19,Fast Food,national_regional,,False,True
HEALTH2017-004401,TACO BELL #35445,TACO BELL #23487 | TACO BELL #35445,320 N CUSTER RD,HEALTH2017-004401;HEALTH2018-10342;HEALTH2024-01255,2017-12-19,2026-04-06,18,Fast Food,national_regional,,False,True
HEALTH2017-004402,LOCAL YOCAL FARM TO MARKET,LOCAL YOCAL FARM TO MARKET,213 N TENNESSEE ST,HEALTH2017-004402;HEALTH2024-00523,2017-12-12,2026-08-25,13,Grocery/Market,independent,independent_specialty,False,True
HEALTH2017-004412,RACETRAC #340,RACETRAC #340,5588 S LAKE FOREST DR,HEALTH2017-004412;HEALTH2024-01383,2017-11-03,2026-03-16,19,Convenience/Gas,national_regional,,False,True
HEALTH2017-004443,JACK IN THE BOX,JACK IN THE BOX,1825 W UNIVERSITY DR,HEALTH2017-004443;HEALTH2024-00050,2017-11-15,2026-04-14,22,Fast Food,national_regional,,False,True
HEALTH2017-004502,THE IVY OF MCKINNEY - SENIOR CENTER,THE IVY OF MCKINNEY - SENIOR CENTER,3352 MEDICAL CENTER DR,HEALTH2017-004502,2017-11-06,2018-02-15,2,Institutional,unknown,,False,False
HEALTH2017-004510,Donut Station,DONUT STATION | Donut Station,4987 W UNIVERSITY DR 103,HEALTH2017-004510;HEALTH2024-00078;HEALTH2025-00621,2017-11-09,2026-08-06,19,Coffee/Cafe/Bakery/Dessert,independent,,False,True
HEALTH2017-004541,CVS PHARMACY #5952,CVS PHARMACY #5952,2313 W UNIVERSITY DR,HEALTH2017-004541;HEALTH2024-00295,2017-12-29,2026-05-11,17,Convenience/Gas,national_regional,,False,True
HEALTH2017-004604,DURKIN'S PIZZA,DURKIN'S PIZZA,2014 W UNIVERSITY DR STE 310,HEALTH2017-004604,2017-11-09,2021-04-08,11,Pizza/Italian,local_multi,,False,False
HEALTH2017-004634,THE IVY OF MCKINNEY,THE IVY OF MCKINNEY- MEMORY CARE | The Ivy of McKinney Memory Care  | THE IVY OF MCKINNEY,3392 MEDICAL CENTER DR,HEALTH2017-004634;HEALTH2019-00521;HEALTH2024-01023,2017-11-06,2026-08-24,11,Institutional,unknown,,False,True
HEALTH2017-004669,LA MICHOACANA MEAT MARKET - DELI,LA MICHOACANA MEAT MARHET - DELI | LA MICHOACANA MEAT MARKET - DELI,311 W UNIVERSITY DR,HEALTH2017-004669;HEALTH2024-00586,2017-11-22,2026-04-29,17,Grocery/Market,national_regional,independent_specialty,False,False
HEALTH2017-004670,LA MICHOACANA MEAT MARKET - BAKERY,LA MICHOACANA MEAT MARKET - BAKERY,311 W UNIVERSITY DR,HEALTH2017-004670;HEALTH2024-00587,2017-11-22,2026-04-29,17,Grocery/Market,national_regional,independent_specialty,False,False
HEALTH2017-004671,LA MICHOACANA MEAT MARKET - GROCERY,LA MICHOACANA MEAT MARKET - GROCERY,311 W UNIVERSITY DR,HEALTH2017-004671;HEALTH2024-00588,2017-11-22,2026-04-29,17,Grocery/Market,national_regional,independent_specialty,False,True
HEALTH2017-004751,ERNESTO'S FINE MEXICAN FOOD,ERNESTO'S FINE MEXICAN FOOD,1521 N CUSTER RD 3000,HEALTH2017-004751;HEALTH2024-00651,2018-01-03,2026-07-01,27,Mexican/Tex-Mex/Latin,independent,,False,True
HEALTH2017-004820,SONIC,SONIC DRIVE IN | SONIC  | SONIC DRIVE-IN | SONIC,7221 S CUSTER RD,HEALTH2017-004820;HEALTH2018-10393;HEALTH2022-00215;HEALTH2024-00666;HEALTH2024-01200,2018-01-08,2026-05-20,24,Fast Food,national_regional,,False,True
HEALTH2017-004880,KING BUFFET,KING BUFFET,1434 N CENTRAL EXPY,HEALTH2017-004880,2017-12-28,2020-01-30,8,Chinese,independent,,False,False
HEALTH2017-004921,Razzoo's Cajun Cafe,RAZZOO'S CAJUN CAFE | Razzoo's Cajun Cafe,3270 S CENTRAL EXPY,HEALTH2017-004921;HEALTH2024-00990;HEALTH2026-00006,2018-01-11,2026-07-08,25,"American (sit-down, bars, venues)",national_regional,,False,True
HEALTH2017-004936,THE CHATEAU,THE CHATEAU,5701 VIRGINIA PKWY,HEALTH2017-004936;HEALTH2024-01037,2017-12-04,2026-07-20,21,Institutional,unknown,,False,True
HEALTH2017-004953,T.C. SHAVED ICE,T.C. SHAVED ICE,812 S MCDONALD ST,HEALTH2017-004953;HEALTH2024-00243,2018-03-19,2026-06-30,10,Coffee/Cafe/Bakery/Dessert,independent,,False,True
HEALTH2017-004970,WHATABURGER #1018,WHATABURGER #1018,9053 W UNIVERSITY DR,HEALTH2017-004970;HEALTH2024-00999,2017-11-29,2026-06-15,19,Fast Food,national_regional,,False,True
HEALTH2017-005052,WONDERLAND MONTESSORI ACADEMY ,WONDERLAND MONTESSORI ACADEMY ,3132 HUDSON CROSSING,HEALTH2017-005052,2018-12-10,2018-12-10,1,Institutional,independent,,False,False
HEALTH2017-005077,PIZZA HUT 788501,PIZZA HUT  | PIZZA HUT #034934 | PIZZA HUT | PIZZA HUT 788501,8408 STACY RD 150,HEALTH2017-005077;HEALTH2018-09949;HEALTH2022-00112;HEALTH2024-01230;HEALTH2026-00160,2017-12-11,2026-08-26,20,Pizza/Italian,national_regional,,False,True
HEALTH2017-005101,GOODIES TEXAS,GOODIES TEXAS | Goodies Texas,114 N TENNESSEE ST,HEALTH2017-005101;HEALTH2019-00452;HEALTH2024-01100,2018-01-29,2026-03-06,21,Unknown,unknown,,False,True
HEALTH2017-005148,LOUISIANA STREET GRILL,LOUISIANA STREET GRILL,350 E LOUISIANA ST,HEALTH2017-005148,2017-11-09,2017-11-09,1,"American (sit-down, bars, venues)",independent,,False,False
HEALTH2017-005151,TACO BELL #27875,TACO BELL #27875,8658 SH 121,HEALTH2017-005151;HEALTH2024-01337,2017-10-31,2026-09-01,19,Fast Food,national_regional,,False,True
HEALTH2017-005163,HARLOW'S,HARLOW'S,4550 UNIVERSITY DR,HEALTH2017-005163,2017-11-17,2018-11-16,10,Venue/Concession,independent,,True,False
HEALTH2017-005173,VALUE MART,VALUE MART,300 E UNIVERSITY DR,HEALTH2017-005173;HEALTH2025-00043,2017-12-27,2026-03-13,22,Convenience/Gas,independent,,False,True
HEALTH2017-005184,SCOOTER'S COFFEEHOUSE,SCOOTER'S COFFEEHOUSE,2741 VIRGINIA PKWY 100,HEALTH2017-005184;HEALTH2024-00372,2017-10-26,2025-12-04,18,Coffee/Cafe/Bakery/Dessert,national_regional,,False,False
HEALTH2017-005196,GRILLED ONION BURGERS,GRILLED ONION BURGERS,4550 UNIVERSITY DR,HEALTH2017-005196,2017-11-17,2018-06-15,7,"American (sit-down, bars, venues)",independent,,True,False
HEALTH2017-005217,CULVERS,CULVERS,4200 ELDORADO PKWY 200,HEALTH2017-005217;HEALTH2018-09793;HEALTH2024-00806,2017-12-05,2026-04-02,21,Fast Food,national_regional,,False,True
HEALTH2017-005266,THE TILTED KETTLE,THE TILTED KETTLE,4550 UNIVERSITY DR,HEALTH2017-005266,2017-11-17,2020-01-18,17,Venue/Concession,independent,,True,False
HEALTH2017-005287,"MOOYAH BURGERS, FRIES & SHAKES","MOOYAH BURGERS | MOOYAH BURGERS, FRIES & SHAKES",3201 ELDORADO PKWY,HEALTH2017-005287;HEALTH2023-00035;HEALTH2024-00058,2018-01-08,2026-07-17,23,Fast Food,national_regional,,False,True
HEALTH2017-005292,LIFETIME TENNIS,LIFETIME TENNIS,3253 ALMA RD,HEALTH2017-005292,2018-04-23,2020-06-04,5,Venue/Concession,unknown,,False,False
HEALTH2017-005386,GABE NESBIT BASEBALL COMPLEX,GABE NESBIT BASEBALL COMPLEX,7001 ELDORADO PKWY,HEALTH2017-005386,2018-04-25,2020-07-13,5,Venue/Concession,independent,,False,False
HEALTH2017-005407,PIZZA HUT,PIZZA HUT | PIZZA HUT #034935,1720 N CENTRAL EXPY 210,HEALTH2017-005407;HEALTH2018-09951;HEALTH2022-00111;HEALTH2024-01231,2017-11-10,2026-02-04,18,Pizza/Italian,national_regional,,False,False
HEALTH2017-005415,COMSTOCK ELEMENTARY,COMSTOCK ELEMENTARY,7152 SILVERADO TRL,HEALTH2017-005415;HEALTH2018-10138,2017-10-19,2026-02-20,19,Institutional,local_multi,,False,False
HEALTH2017-005487,7-Eleven #34108A,7-Eleven #34108A,1814 N CENTRAL EXPY,HEALTH2017-005487;HEALTH2024-00697,2017-11-15,2026-04-06,18,Convenience/Gas,national_regional,,False,True
HEALTH2017-005544,SNUG ON THE SQUARE,SNUG ON THE SQUARE,109 N KENTUCKY ST,HEALTH2017-005544,2018-01-16,2021-03-30,10,"American (sit-down, bars, venues)",independent,,False,False
HEALTH2017-005554,BAYLOR- TOWN SQUARE CAFE,BAYLOR- TOWN SQUARE CAFE,5252 W UNIVERSITY DR,HEALTH2017-005554;HEALTH2024-00748,2017-11-13,2026-03-24,26,Institutional,national_regional,,False,True
HEALTH2017-005555,BAYLOR HOSPITAL- CHESTNUT VILLAGE (NEW PERMIT IS 2019-00321),BAYLOR HOSPITAL- CHESTNUT VILLAGE (NEW PERMIT IS 2019-00321),5252 W UNIVERSITY DR,HEALTH2017-005555,2017-11-13,2019-05-30,7,Institutional,national_regional,,False,False
HEALTH2017-005619,IMGAINE INTERNATIONAL ACADEMY ,IMGAINE INTERNATIONAL ACADEMY ,2860 VIRGINIA PKWY,HEALTH2017-005619,2017-10-18,2019-01-10,4,Institutional,independent,,False,False
HEALTH2017-005644,RIVERA'S  SALVA TEX-MEX,RIVERA'S  SALVA TEX-MEX,1321 TENNESSEE ST,HEALTH2017-005644,2017-10-18,2024-04-27,16,Mexican/Tex-Mex/Latin,independent,,False,False
HEALTH2017-005709,DOLLAR GENERAL #3634,DOLLAR GENERAL #3634,902 MCDONALD ST,HEALTH2017-005709,2017-10-17,2024-11-12,15,Convenience/Gas,national_regional,,False,False
HEALTH2017-005803,AFC SUSHI @ KROGER #488,AFC SUSHI @ KROGER #488,1707 W UNIVERSITY DR FL1,HEALTH2017-005803,2018-01-16,2018-01-16,1,Grocery/Market,national_regional,mainstream_supermarket,False,False
HEALTH2017-005807,"COLLIN COUNTY COURTHOUSE CAFE
*SEE NOTES*","COLLIN COUNTY COURTHOUSE CAFE | COLLIN COUNTY COURTHOUSE CAFE
*SEE NOTES*",2100 BLOOMDALE RD,HEALTH2017-005807;HEALTH2025-00029,2017-11-20,2025-08-04,24,Institutional,independent,,False,False
HEALTH2017-005876,PARK MANOR OF MCKINNEY,PARK MANOR OF MCKINNEY | PARK MANOR,1801 PEARSON AVE,HEALTH2017-005876;HEALTH2019-00071;HEALTH2022-00318;HEALTH2024-00765,2018-01-09,2026-03-02,25,Institutional,national_regional,,False,True
HEALTH2017-005900,PALIO'S PIZZA CAFE MCKINNEY,PALIO'S PIZZA CAFE | Palio's Pizza cafe  | PALIO'S PIZZA CAFE MCKINNEY,6405 ELDORADO PKWY 200,HEALTH2017-005900;HEALTH2022-00030;HEALTH2024-00610,2017-10-31,2026-06-26,22,Pizza/Italian,national_regional,,False,True
HEALTH2017-005901,JC'S BURGER HOUSE,JC'S BURGER HOUSE,6840 VIRGINIA PKWY 100,HEALTH2017-005901;HEALTH2025-00140,2017-12-20,2026-03-16,21,"American (sit-down, bars, venues)",local_multi,,False,True
HEALTH2017-005909,TACOS LOS CHANOS,TACOS LOS CHANOS,345 INDUSTRIAL BLVD D,HEALTH2017-005909;HEALTH2024-00300,2017-12-13,2026-03-11,24,Mexican/Tex-Mex/Latin,independent,,False,True
HEALTH2017-005983,TEXAS TOFFEE,TEXAS TOFFEE,317 S CHESTNUT ST,HEALTH2017-005983,2020-09-19,2023-05-06,4,Coffee/Cafe/Bakery/Dessert,independent,,True,True
HEALTH2017-005989,THE TAMALE CO.,THE TAMALE CO.,317 S CHESTNUT ST,HEALTH2017-005989,2020-09-19,2023-05-06,6,Mexican/Tex-Mex/Latin,independent,,True,False
HEALTH2017-005992,RAISING CANE'S,RAISING CANE'S,1902 CENTRAL EXPY,HEALTH2017-005992,2017-10-19,2024-04-11,16,Fast Food,national_regional,,False,False
HEALTH2017-006009,CITA'S SALSA,CITA'S SALSA,317 S CHESTNUT ST,HEALTH2017-006009,2023-05-06,2023-05-06,1,Other non-restaurant,independent,,True,False
HEALTH2017-006045,MCDONALD'S #36266,MCDONALD'S #3022 | MCDONALD'S #36266,240 ELDORADO PKWY,HEALTH2017-006045;HEALTH2019-00236;HEALTH2024-00522,2017-10-19,2026-03-11,18,Fast Food,national_regional,,False,True
HEALTH2017-006065,DANDY DONUTS,DANDY DONUTS,8901 VIRGINIA PKWY 450,HEALTH2017-006065;HEALTH2018-09686;HEALTH2018-09831,2017-10-19,2021-08-19,10,Coffee/Cafe/Bakery/Dessert,independent,,False,False
HEALTH2017-006067,QUIKTRIP #963,QUIKTRIP #963,1750 WILMETH RD,HEALTH2017-006067;HEALTH2020-00107;HEALTH2024-00595,2017-11-27,2026-07-21,19,Convenience/Gas,national_regional,,False,True
HEALTH2017-006085,EL POLLO REGIO,EL POLLO REGIO,2000 N CENTRAL EXPY,HEALTH2017-006085;HEALTH2024-00510,2017-11-21,2026-04-14,21,Fast Food,national_regional,,False,True
HEALTH2017-006120,NEW MIDWAY,NEW MIDWAY,1400 N CENTRAL EXPY,HEALTH2017-006120;HEALTH2024-00521,2017-11-08,2026-06-04,20,Convenience/Gas,independent,,False,True
HEALTH2017-006157,PIZZA HUT,PIZZA HUT,4987 W UNIVERSITY DR 102,HEALTH2017-006157;HEALTH2020-00156;HEALTH2024-00542,2017-11-20,2026-08-06,18,Pizza/Italian,national_regional,,False,True
HEALTH2017-006189,FRESH ONE DONUTS,FRESH ONE DONUTS,1550 S CUSTER RD,HEALTH2017-006189,2018-01-22,2022-03-24,8,Coffee/Cafe/Bakery/Dessert,independent,,False,False
HEALTH2017-006193,MARBLE SLAB CREAMERY,MARBLE SLAB CREAMERY,8930 SH 121 568,HEALTH2017-006193;HEALTH2018-09893;HEALTH2024-01233,2017-11-01,2026-06-11,20,Coffee/Cafe/Bakery/Dessert,national_regional,,False,True
HEALTH2017-006208,ORANGE LEAF FROZEN YOGURT,ORANGE LEAF FROZEN YOGURT,1681 N CENTRAL EXPY,HEALTH2017-006208,2017-12-12,2018-04-06,2,Coffee/Cafe/Bakery/Dessert,national_regional,,False,False
HEALTH2017-006215,GOODY ASIAN CUISINE,GOODY ASIAN CUISINE,5100 ELDORADO PKWY 101,HEALTH2017-006215;HEALTH2024-00817,2018-02-02,2026-06-25,25,Asian (unspecified),independent,,False,True
HEALTH2017-006230,BLUE GOOSE,BLUE GOOSE,2020 N CENTRAL EXPY,HEALTH2017-006230;HEALTH2024-00877,2017-11-15,2026-08-18,27,Mexican/Tex-Mex/Latin,local_multi,,False,True
HEALTH2017-006246,Pho Que Huong Noodle & Grill,PHO QUE HUONG | Pho Que Huong Noodle & Grill,1720 ELDORADO PKWY 101,HEALTH2017-006246;HEALTH2023-00086;HEALTH2024-00868,2017-10-20,2026-03-04,18,Vietnamese,independent,,False,True
HEALTH2017-006268,HOONAM DONUTS,HOONAM DONUTS,1504 W UNIVERSITY DR A,HEALTH2017-006268,2017-11-14,2022-09-08,15,Coffee/Cafe/Bakery/Dessert,independent,,False,False
HEALTH2017-006275,MCKINNEY'S SWEET SPOT,MCKINNEY'S SWEET SPOT,120 W LOUISIANA ST,HEALTH2017-006275,2017-11-07,2018-10-12,4,Coffee/Cafe/Bakery/Dessert,independent,,False,False
HEALTH2017-006302,CIRCLE K #2741759,CIRCLE K #2741759,1801 ELDORADO PKWY,HEALTH2017-006302;HEALTH2024-00744,2017-10-24,2026-04-10,18,Convenience/Gas,national_regional,,False,True
HEALTH2017-006323,CICI'S PIZZA,CICI'S PIZZA,320 N CENTRAL EXPY,HEALTH2017-006323;HEALTH2022-00339,2017-11-08,2024-04-15,14,Pizza/Italian,national_regional,,False,False
HEALTH2017-006336,Sprouts Farmers Market - Grocery,SPROUTS FARMERS MARKET-GROCERY | Sprouts Farmers Market - Grocery,9241 VIRGINIA PKWY,HEALTH2017-006336;HEALTH2024-01132,2018-01-05,2026-08-07,24,Grocery/Market,national_regional,mainstream_supermarket,False,True
HEALTH2017-006337,SPROUTS FARMERS MARKET-MEAT,SPROUTS FARMERS MARKET-MEAT,9241 VIRGINIA PKWY,HEALTH2017-006337;HEALTH2024-01150,2018-01-05,2026-08-07,24,Grocery/Market,national_regional,mainstream_supermarket,False,False
HEALTH2017-006340,SPROUTS FARMERS MARKET-BAKERY,SPROUTS FARMERS MARKET-BAKERY,9241 VIRGINIA PKWY,HEALTH2017-006340;HEALTH2024-01151,2018-01-05,2025-08-25,22,Grocery/Market,national_regional,mainstream_supermarket,False,False
HEALTH2017-006341,SPROUTS FARMERS MARKET-PRODUCE,SPROUTS FARMERS MARKET-PRODUCE,9241 VIRGINIA PKWY,HEALTH2017-006341;HEALTH2024-01160,2018-01-05,2026-08-07,24,Grocery/Market,national_regional,mainstream_supermarket,False,False
HEALTH2017-006402,LITTLE CAESARS,LITTLE CAESARS,1321 N TENNESSEE ST 107,HEALTH2017-006402;HEALTH2024-01071,2017-11-20,2026-06-09,18,Pizza/Italian,national_regional,,False,True
HEALTH2017-006405,THE PREP SCHOOL OF MCKINNEY,THE PREP SCHOOL OF MCKINNEY,5317 UNIVERSITY DR,HEALTH2017-006405,2017-10-19,2018-10-18,5,Institutional,independent,,False,False
HEALTH2017-006504,1 STOP FOOD STORE,1 STOP  | 1 STOP | 1 STOP FOOD STORE,103 N GRAVES ST,HEALTH2017-006504;HEALTH2024-00067;HEALTH2025-00199,2018-02-01,2026-04-17,16,Convenience/Gas,independent,,False,False
HEALTH2017-006567,WINCO FOODS - GROCERY,WINCO FOODS - GROCERY,1800 N GRAVES ST,HEALTH2017-006567;HEALTH2024-00052,2018-01-31,2026-03-31,18,Grocery/Market,national_regional,mainstream_supermarket,False,False
HEALTH2017-006568,WINCO FOODS - BAKERY,WINCO FOODS - BAKERY,1800 N GRAVES ST,HEALTH2017-006568;HEALTH2024-00055,2018-01-31,2026-03-31,19,Grocery/Market,national_regional,mainstream_supermarket,False,False
HEALTH2017-006569,WINCO FOODS - MEAT,WINCO FOODS - MEAT  | WINCO FOODS - MEAT,1800 N GRAVES ST,HEALTH2017-006569;HEALTH2024-00054,2018-01-31,2026-03-31,16,Grocery/Market,national_regional,mainstream_supermarket,False,False
HEALTH2017-006570,WINCO FOODS - PRODUCE,WINCO FOODS - PRODUCE,1800 N GRAVES ST,HEALTH2017-006570,2018-01-31,2023-09-07,14,Grocery/Market,national_regional,mainstream_supermarket,False,False
HEALTH2017-006571,WINCO FOODS - DELI,WINCO FOODS - DELI,1800 N GRAVES ST,HEALTH2017-006571;HEALTH2024-00053,2018-01-31,2026-03-31,18,Grocery/Market,national_regional,mainstream_supermarket,False,False
HEALTH2017-006609,GRAND BROOK MEMORY CARE,GRAND BROOK | GRAND BROOK MEMORY CARE,175 PLATEAU DR,HEALTH2017-006609;HEALTH2018-09969;HEALTH2024-00211,2018-01-29,2026-05-11,25,Institutional,local_multi,,False,True
HEALTH2017-006634,Wendy's #10650,WENDY'S #10650  | Wendy's #10650,8904 SH 121,HEALTH2017-006634;HEALTH2021-00372;HEALTH2024-01249,2017-10-31,2026-04-01,18,Fast Food,national_regional,,False,True
HEALTH2017-006635,WENDY'S #8263,WENDY'S #8263 | Wendy's #8263,1951 ELDORADO PKWY,HEALTH2017-006635;HEALTH2021-00373;HEALTH2024-01218,2017-12-15,2026-08-05,27,Fast Food,national_regional,,False,True
HEALTH2017-006639,PINK POODLE II,PINK POODLE II,4550 W UNIVERSITY DR FH,HEALTH2017-006639,2018-05-18,2018-11-16,6,Venue/Concession,independent,,True,False
HEALTH2017-006661,PIONEER RIDGE,PIONEER RIDGE  | PIONEER RIDGE,7210 LINKSIDE POINT DR,HEALTH2017-006661;HEALTH2024-00209,2017-10-23,2026-03-18,17,Institutional,unknown,,False,True
HEALTH2017-006702,HARRY'S AT THE HARBOR,HARRY'S AT THE HARBOR,6601 MEDITERRANEAN DR,HEALTH2017-006702,2017-10-26,2019-02-04,6,"American (sit-down, bars, venues)",independent,,False,False
HEALTH2017-006735,BIG LOTS #1462,BIG LOTS #1462,105 S CENTRAL EXPY,HEALTH2017-006735,2017-12-19,2024-01-05,13,Convenience/Gas,national_regional,,False,False
HEALTH2017-006824,7-ELEVEN #32811,HANS 7-ELEVEN | 7-ELEVEN #32811,3100 ELDORADO PKWY,HEALTH2017-006824;HEALTH2024-00524,2017-12-14,2026-06-09,16,Convenience/Gas,national_regional,,False,True
HEALTH2017-006832,OUMI SUSHI @ SPROUTS 132,OUMI SUSHI @ SPROUTS 132,9241 VIRGINIA PKWY,HEALTH2017-006832;HEALTH2024-00737,2018-01-05,2026-08-07,24,Grocery/Market,national_regional,mainstream_supermarket,False,True
HEALTH2017-006879,NOM NOMS MEXICAN GRILL-N-CHILL,NOM NOMS MEXICAN GRILL-N-CHILL  | NOM NOMS MEXICAN GRILL-N-CHILL,6840 VIRGINIA PKWY 125,HEALTH2017-006879;HEALTH2024-00835,2018-01-04,2026-03-25,23,Mexican/Tex-Mex/Latin,independent,,False,True
HEALTH2017-006884,MARCOS PIZZA #5056,MARCOS PIZZA | MARCO'S PIZZA | Marcos pizza Restaurant | MARCOS PIZZA #5056,2741 VIRGINIA PKWY 700,HEALTH2017-006884;HEALTH2019-00190;HEALTH2023-00117;HEALTH2024-00621,2017-10-20,2026-03-03,20,Pizza/Italian,national_regional,,False,True
HEALTH2017-006896,THE DONUT KITCHEN,THE DONUT KITCHEN,7250 VIRGINIA PKWY 140,HEALTH2017-006896;HEALTH2019-00535;HEALTH2024-00976,2017-12-20,2026-03-17,19,Coffee/Cafe/Bakery/Dessert,independent,,False,True
HEALTH2017-006961,THE LEARNING EXPERIENCE,THE LEARNING EXPERIENCE,4501 RIDGE RD,HEALTH2017-006961,2017-10-24,2019-07-02,7,Institutional,national_regional,,False,False
HEALTH2017-006974,WE-R-NUTZ ,WE-R-NUTZ ,4550 UNIVERSITY DR,HEALTH2017-006974,2017-11-17,2021-10-15,24,Venue/Concession,independent,,True,False
HEALTH2017-006975,SCOTT ELEMENTARY,SCOTT ELEMENTARY,10550 MILLBEND DR,HEALTH2017-006975;HEALTH2018-10135,2017-10-17,2026-02-20,19,Institutional,local_multi,,False,False
HEALTH2017-007032,TRADER JOES,TRADER JOES  | TRADER JOES,2851 CRAIG DR,HEALTH2017-007032;HEALTH2024-00944,2017-11-02,2026-06-09,20,Grocery/Market,national_regional,mainstream_supermarket,False,True
HEALTH2017-007089,STREET MUNCHIES,STREET MUNCHIES,4550 UNIVERSITY DR FH,HEALTH2017-007089,2017-11-17,2018-06-15,7,Venue/Concession,independent,,True,False
HEALTH2017-007152,PSA MCKINNEY,PSA MCKINNEY,7205 ELDORADO PKWY,HEALTH2017-007152;HEALTH2024-01108,2017-12-11,2026-07-06,21,Venue/Concession,independent,,False,True
HEALTH2017-007214,BAHAMA BUCKS,BAHAMA BUCKS,7820 ELDORADO PKWY,HEALTH2017-007214,2018-01-08,2019-03-18,6,Coffee/Cafe/Bakery/Dessert,national_regional,,False,False
HEALTH2017-007224,BERMUDA'S GRILL & BAR,BERMUDA'S GRILL & BAR,6145 ALMA RD,HEALTH2017-007224;HEALTH2017-004224;HEALTH2024-01227;HEALTH2024-01226,2018-03-22,2026-04-17,38,"American (sit-down, bars, venues)",independent,,False,True
HEALTH2017-007228,DEL SUR GRILL,DEL SUR GRILL,4951 ELDORADO PKWY,HEALTH2017-007228,2018-01-25,2023-11-17,14,Mexican/Tex-Mex/Latin,independent,,False,False
HEALTH2017-007259,LONE STAR FOOD STORE #4489,LONE STAR FOOD STORE #57 | LONE STAR FOOD STORE #4489,1815 N CENTRAL EXPY,HEALTH2017-007259;HEALTH2023-00469;HEALTH2024-01130,2017-11-20,2026-03-16,19,Convenience/Gas,local_multi,,False,True
HEALTH2017-007260,LONE STAR FOOD STORE #4488,LONE STAR FOOD STORE #37 | LONE STAR FOOD STORE #4488,101 S CENTRAL EXPY,HEALTH2017-007260;HEALTH2023-00468;HEALTH2024-01129,2017-12-20,2026-04-08,18,Convenience/Gas,local_multi,,False,True
HEALTH2017-007263,COFFEE DEL REY,COFFEE DEL REY,317 S CHESTNUT ST,HEALTH2017-007263,2020-09-19,2022-11-12,5,Coffee/Cafe/Bakery/Dessert,independent,,True,False
HEALTH2017-007277,ECLAIR BISTRO,ECLAIR BISTRO,216 E VIRGINIA ST,HEALTH2017-007277,2018-02-23,2018-11-28,4,Other cuisine,independent,,False,False
HEALTH2017-007280,NINE TEEN DEGREES SPORTS BAR & GRILL,NINE TEEN DEGREES SPORTS BAR & GRILL,6993 STARS AVE,HEALTH2017-007280;HEALTH2024-00217,2018-01-03,2026-06-26,21,"American (sit-down, bars, venues)",independent,,False,True
HEALTH2017-007293,WALGREENS #16031,WALGREENS #16031,4994 W UNIVERSITY DR,HEALTH2017-007293,2017-12-21,2024-02-09,13,Convenience/Gas,national_regional,,False,False
HEALTH2017-007294,SHERATON MCKINNEY,SHERATON MCKINNEY | Sheraton McKinney,1900 GATEWAY BLVD,HEALTH2017-007294;HEALTH2019-00265;HEALTH2024-00746;HEALTH2024-01266,2017-11-07,2026-03-23,28,Hotel/Caterer/Commissary,national_regional,,False,True
HEALTH2017-007295,JACK IN THE BOX #4797,JACK IN THE BOX #4794 | JACK IN THE BOX #4797,1516 S TENNESSEE ST,HEALTH2017-007295;HEALTH2024-00069;HEALTH2025-00274,2017-11-08,2026-08-18,24,Fast Food,national_regional,,False,True
HEALTH2017-007333,TACO BELL #30590,TACO BELL #30590,4980 W UNIVERSITY DR,HEALTH2017-007333;HEALTH2024-00192;HEALTH2025-00133,2018-01-02,2026-07-13,19,Fast Food,national_regional,,False,True
HEALTH2017-007369,THE SWEET STUMP,THE SWEET STUMP,101 E HUNT ST,HEALTH2017-007369,2018-10-13,2018-10-13,1,Coffee/Cafe/Bakery/Dessert,independent,,True,False
HEALTH2017-007392,ZIN ZEN WINE BISTRO,ZIN ZEN WINE BISTRO,6841 VIRGINIA PKWY 104,HEALTH2017-007392;HEALTH2024-00461,2017-10-23,2026-07-10,22,"American (sit-down, bars, venues)",independent,,False,True
HEALTH2017-007408,DOLLAR TREE #05875,DOLLAR TREE #05875,1970 N CENTRAL EXPY,HEALTH2017-007408;HEALTH2024-00807,2018-01-04,2026-08-19,12,Convenience/Gas,national_regional,,False,True
HEALTH2017-007460,KITCHENWARES ON THE SQUARE,KITCHENWARES ON THE SQUARE,213 LOUISIANA ST,HEALTH2017-007460,2017-10-20,2019-03-06,5,Other non-restaurant,independent,,False,False
HEALTH2017-007541,GOURMET TASTE OF TEXAS,GOURMET TASTE OF TEXAS,4550 UNIVERSITY DR FH,HEALTH2017-007541,2017-11-17,2020-01-17,18,Other non-restaurant,independent,,True,False
HEALTH2017-007560,TUPPS BREWERY,TUPPS BREWERY,721 ANDERSON ST,HEALTH2017-007560,2018-01-30,2023-10-09,12,"American (sit-down, bars, venues)",local_multi,,False,False
HEALTH2017-007569,HAMPTON INN & SUITES RESTAURANT,HAMPTON INN & SUITES RESTAURANT,2008 CENTRAL EXPY,HEALTH2017-007569,2017-10-23,2019-01-10,6,Hotel/Caterer/Commissary,national_regional,,False,False
HEALTH2017-007611,LA QUINTA INN & SUITES ,LA QUINTA INN & SUITES | LA QUINTA INN & SUITES ,6501 HENNEMAN WAY,HEALTH2017-007611;HEALTH2022-00313,2018-01-02,2026-06-23,22,Hotel/Caterer/Commissary,national_regional,,False,True
HEALTH2017-007618,KIDS 'R' KIDS WEST MCKINNEY,KIDS R KIDS | KIDS R KIDS **WRONG WORK CLASS** | KIDS 'R' KIDS WEST MCKINNEY,9070 WESTRIDGE BLVD,HEALTH2017-007618;HEALTH2019-00228;HEALTH2020-00110;HEALTH2024-00682,2018-05-25,2025-08-19,25,Institutional,national_regional,,False,False
HEALTH2017-007622,SUGARBACON,SUGARBACON,216 VIRGINIA ST,HEALTH2017-007622,2017-10-26,2019-04-24,7,"American (sit-down, bars, venues)",independent,,False,False
HEALTH2017-007645,DAYS-INN ,DAYS-INN ,2104 CENTRAL EXPY,HEALTH2017-007645,2017-10-24,2021-09-01,11,Hotel/Caterer/Commissary,national_regional,,False,False
HEALTH2017-007665,SCHLOTZSKY'S,SCHLOTZSKY'S,1521 UNIVERSITY DR,HEALTH2017-007665,2017-10-30,2024-01-24,14,Deli/Sandwich/Salad,national_regional,,False,False
HEALTH2017-007707,CHILDCARE NETWORK #265,CHILDCARE NETWORK #265,4095 ELDORADO PKWY,HEALTH2017-007707;HEALTH2018-10196;HEALTH2024-01043,2018-05-18,2025-08-25,20,Institutional,national_regional,,False,False
HEALTH2017-007712,MCKINNEY MONTESSORI,MCKINNEY MONTESSORI,513 N CENTRAL EXPY,HEALTH2017-007712;HEALTH2024-00792,2017-11-10,2025-10-09,22,Institutional,independent,,False,False
HEALTH2017-007719,PIAZZA ON THE GREEN,PIAZZA ON THE GREEN,6200 TPC DR,HEALTH2017-007719,2017-10-31,2019-09-26,8,"American (sit-down, bars, venues)",independent,,False,False
HEALTH2017-007749,HEARTLAND MONTESSORI ACADEMY,HEARTLAND MONTESSORI ACADEMY | HEARTLAND MONTESSORI ACADEMY ,6150 MCKINNEY RANCH PKWY,HEALTH2017-007749;HEALTH2019-00437;HEALTH2024-00926,2017-11-03,2025-10-20,24,Institutional,independent,,False,False
HEALTH2017-007757,Sushi Go,SUSHI GO | Sushi Go,5005 MCKINNEY RANCH PKWY 200,HEALTH2017-007757;HEALTH2021-00180;HEALTH2024-01256,2017-11-02,2026-03-23,22,Japanese,independent,,False,True
HEALTH2017-007766,ITSY BITES,ITSY BITES,4550 UNIVERSITY DR FH,HEALTH2017-007766,2017-11-19,2017-11-19,1,Venue/Concession,independent,,True,False
HEALTH2017-007771,PURE PLATES,PURE PLATES,4600 ELDORADO PKWY,HEALTH2017-007771,2017-12-20,2019-11-19,6,Unknown,independent,,False,False
HEALTH2017-007775,MONTESSORI SCHOOL OF EXCELLENCE,MONTESSORI SCHOOL OF EXCELLENCE,7701 VIRGINIA PKWY,HEALTH2017-007775,2017-11-08,2020-01-31,5,Institutional,independent,,False,False
HEALTH2017-007800,SNUG ON THE SQUARE**** ON HOLD ***SEE NOTES***,SNUG ON THE SQUARE**** ON HOLD ***SEE NOTES***,113 N KENTUCKY ST,HEALTH2017-007800,2018-01-16,2020-02-26,10,"American (sit-down, bars, venues)",independent,,False,False
HEALTH2017-007805,HUGS CAFE,HUGS CAFE,224 E VIRGINIA ST,HEALTH2017-007805;HEALTH2024-00992,2017-12-27,2026-04-29,19,Deli/Sandwich/Salad,independent,,False,False
HEALTH2017-007815,THE PUB,THE PUB MCKINNEY | THE PUB,204 W VIRGINIA ST,HEALTH2017-007815;HEALTH2025-00026,2018-01-18,2026-08-28,25,"American (sit-down, bars, venues)",independent,,False,True
HEALTH2017-007818,MOUNTAINMAN JERKY COMPANY,MOUNTAINMAN JERKY COMPANY,4550 UNIVERSITY DR FH,HEALTH2017-007818,2017-11-17,2021-10-16,25,Other non-restaurant,independent,,True,False
HEALTH2017-007830,The Goddard School of McKinney,THE GODDARD SCHOOL | The Goddard School of McKinney,3952 S RIDGE RD,HEALTH2017-007830;HEALTH2018-10348;HEALTH2023-00464;HEALTH2024-01177,2017-11-03,2025-10-20,21,Institutional,national_regional,,False,False
HEALTH2017-007852,ADVENTURE KIDS PLAYCARE,ADVENTURE KIDS PLAYCARE,2950 CRAIG DR 100,HEALTH2017-007852;HEALTH2018-10386;HEALTH2024-00982,2018-05-07,2025-08-26,17,Institutional,local_multi,,False,False
HEALTH2017-007861,Tai Sushi,TAI SUSHI HOUSE | Tai Sushi,8408 STACY RD 100,HEALTH2017-007861;HEALTH2018-09965;HEALTH2024-00660;HEALTH2025-00485,2017-11-01,2026-08-26,22,Japanese,independent,,False,True
HEALTH2017-007868,QUALITY-INN ,QUALITY-INN ,1300 CENTRAL EXPY,HEALTH2017-007868,2017-10-18,2018-10-19,5,Hotel/Caterer/Commissary,national_regional,,False,False
HEALTH2017-007988,WAL-MART #6996 BAKERY,WAL-MART #6966 BAKERY | WAL-MART #6996 BAKERY,3400 VIRGINIA PKWY,HEALTH2017-007988;HEALTH2025-00059,2017-10-23,2026-04-20,19,Grocery/Market,national_regional,mainstream_supermarket,False,False
HEALTH2017-007989,WAL-MART #6966 GROCERY,WAL-MART #6966 GROCERY,3400 VIRGINIA PKWY,HEALTH2017-007989;HEALTH2025-00042,2017-10-23,2026-04-20,21,Grocery/Market,national_regional,mainstream_supermarket,False,True
HEALTH2017-007990,WALMART#6966 FUEL STATION,WAL-MART #6966 FUEL STATION | WALMART#6966 FUEL STATION,3400 VIRGINIA PKWY,HEALTH2017-007990;HEALTH2025-00038,2017-10-23,2026-04-20,21,Convenience/Gas,national_regional,,False,False
HEALTH2017-007991,WAL-MART #6996 DELI & MEAT,WALMART #6966 DELI & MEAT | WAL-MART #6996 DELI & MEAT,3400 VIRGINIA PKWY,HEALTH2017-007991;HEALTH2025-00039,2017-10-23,2026-04-20,20,Grocery/Market,national_regional,mainstream_supermarket,False,False
HEALTH2017-007992,WAL-MART #6966 PRODUCE & FRUIT,WAL-MART #6966 PRODUCE & FRUIT,3400 VIRGINIA PKWY,HEALTH2017-007992;HEALTH2025-00041,2017-10-23,2026-04-20,21,Grocery/Market,national_regional,mainstream_supermarket,False,False
HEALTH2017-007994,MCKINNEY PIZZA TAVERN,MCKINNEY PIZZA TAVERN,1705 W UNIVERSITY DR,HEALTH2017-007994,2017-11-13,2023-12-01,21,Pizza/Italian,independent,,False,False
HEALTH2017-007996,CIRCLE K #2741583,CIRCLE K #2741583,1710 S INDEPENDENCE PKWY,HEALTH2017-007996;HEALTH2025-00094,2017-12-05,2026-04-02,20,Convenience/Gas,national_regional,,False,True
HEALTH2017-007997,M&M EXPRESS,M&M EXPRESS,4550 UNIVERSITY DR FH,HEALTH2017-007997,2017-11-17,2019-01-18,12,Venue/Concession,independent,,True,False
HEALTH2017-008015,MR TAKO,MR. TAKO | MR TAKO,1330 N MCDONALD ST 108 2,HEALTH2017-008015;HEALTH2024-00081,2018-01-24,2026-08-17,15,Mexican/Tex-Mex/Latin,independent,,False,True
HEALTH2017-008057,GENIUS CHILD OF MCKINNEY,GENIUS CHILD OF MCKINNEY,6363 ELDORADO PKWY,HEALTH2017-008057;HEALTH2019-00055,2017-10-26,2019-10-10,8,Institutional,independent,,False,False
HEALTH2017-008065,TEXAS TEA OUTLET,TEXAS TEA OUTLET,4550 UNIVERSITY DR FH,HEALTH2017-008065,2017-11-17,2021-10-15,25,Coffee/Cafe/Bakery/Dessert,independent,,True,False
HEALTH2017-008066,DELANEY'S IRISH PUB & SCRATCH KITCHEN,DELANEY'S IRISH PUB  | DELANEY'S IRISH PUB & SCRATCH KITCHEN,6150 ELDORADO PKWY 120,HEALTH2017-008066;HEALTH2024-00070,2017-11-06,2026-08-27,27,"American (sit-down, bars, venues)",independent,,False,True
HEALTH2017-008067,CVS PHARMACY #10675,CVS PHARMACY #10675,6161 UNIVERSITY DR,HEALTH2017-008067,2017-10-17,2022-12-15,11,Convenience/Gas,national_regional,,False,False
HEALTH2017-008073,MCKINNEY SOCCER ASSOCIATION CONCESSION STAND,MCKINNEY SOCCER ASSOCIATION CONCESSION STAND,6300 COLLIN MCKINNEY PKWY SIGN,HEALTH2017-008073,2018-04-25,2022-10-17,9,Venue/Concession,independent,,False,False
HEALTH2017-008076,BRAUM'S ICE CREAM #86,BRAUM'S ICE CREAM #86,6591 ELDORADO PKWY,HEALTH2017-008076;HEALTH2024-00047,2017-11-01,2026-07-15,20,Fast Food,national_regional,,False,True
HEALTH2017-008082,SWEET ART BAKERY,SWEET ART BAKERY,3751 S STONEBRIDGE DR,HEALTH2017-008082,2018-01-04,2018-12-20,4,Coffee/Cafe/Bakery/Dessert,independent,,False,False
HEALTH2017-008083,SUBWAY,SUBWAY,4500 MEDICAL CENTER DR,HEALTH2017-008083;HEALTH2024-00189,2018-01-24,2026-07-01,26,Deli/Sandwich/Salad,national_regional,,False,True
HEALTH2017-008106,DADDY'S TACOS,DADDY'S TACOS,1800 S INDEPENDENCE PKWY 120,HEALTH2017-008106;HEALTH2024-00164,2017-12-04,2026-06-09,18,Mexican/Tex-Mex/Latin,independent,,False,True
HEALTH2017-008116,GREGORY'S BISTRO,GREGORY'S BISTRO,6675 MEDITERRANEAN DR,HEALTH2017-008116,2018-01-17,2018-10-26,4,Unknown,independent,,False,False
HEALTH2017-008121,GABE NESBIT SOFTBALL,GABE NESBIT SOFTBALL,3205 ALMA RD,HEALTH2017-008121;HEALTH2024-00430,2018-04-25,2026-02-17,15,Venue/Concession,independent,,False,True
HEALTH2017-008123,MANNA DONUTS,MANNA DONUTS,4150 ELDORADO PKWY,HEALTH2017-008123,2017-11-02,2018-07-05,3,Coffee/Cafe/Bakery/Dessert,independent,,False,False
HEALTH2017-008131,TOWNEPLACE SUITES MCKINNEY,TOWNEPLACE SUITES | TOWNEPLACE SUITES MCKINNEY,1832 MARKETPLACE DR,HEALTH2017-008131;HEALTH2022-00113;HEALTH2024-00464,2017-12-15,2025-11-10,17,Hotel/Caterer/Commissary,national_regional,,False,False
HEALTH2017-008158,GAME DAY FOODS,GAME DAY FOODS,317 S CHESTNUT ST,HEALTH2017-008158,2020-09-19,2022-04-30,4,Other non-restaurant,independent,,True,False
HEALTH2017-008178,GILBERT PRUETT LOCAL FAMILY FARMS,GILBERT PRUETT LOCAL FAMILY FARMS,315 S CHESTNUT ST,HEALTH2017-008178,2020-09-19,2020-09-19,1,Other non-restaurant,independent,,True,False
HEALTH2017-008183,EMA MARKETING AND SALES,EMA MARKETING AND SALES,101 E HUNT ST,HEALTH2017-008183,2018-10-13,2018-10-13,1,Other non-restaurant,independent,,True,False
HEALTH2017-008191,DONUT HOUSE,DONUT HOUSE,1800 S INDEPENDENCE PKWY 110,HEALTH2017-008191;HEALTH2018-09777;HEALTH2024-00187,2018-01-24,2025-01-14,17,Coffee/Cafe/Bakery/Dessert,independent,,False,False
HEALTH2017-008198,KIDDIE ACADEMY OF STONEBRIDGE,KIDDIE ACADEMY OF STONEBRIDGE,6300 VIRGINIA PKWY,HEALTH2017-008198;HEALTH2019-00136;HEALTH2024-00436,2018-05-07,2025-10-16,17,Institutional,national_regional,,False,False
HEALTH2017-008202,CHINA POT,CHINA POT *** CHANGE OF OWNERSHIP 4/30/20 | CHINA POT  | CHINA POT,2310 VIRGINIA PKWY 140,HEALTH2017-008202;HEALTH2020-00109;HEALTH2024-00435,2017-12-05,2026-06-23,20,Chinese,independent,,False,True
HEALTH2017-008203,CHILDREN'S LEARNING ADVENTURE,CHILDREN'S LEARNING ADVENTURE,5151 S CUSTER RD,HEALTH2017-008203,2017-11-13,2019-02-18,6,Institutional,national_regional,,False,False
HEALTH2017-008225,DOS CHARROS,DOS CHARROS,4150 ELDORADO PKWY,HEALTH2017-008225,2018-02-01,2018-04-18,2,Mexican/Tex-Mex/Latin,independent,,False,False
HEALTH2017-008265,DOMINO'S PIZZA #6806,DOMINO'S PIZZA #6806,1717 W UNIVERSITY DR 417,HEALTH2017-008265;HEALTH2018-10195;HEALTH2025-00007,2017-11-10,2026-04-01,23,Pizza/Italian,national_regional,,False,True
HEALTH2017-008281,BUTCHER BOARD,BUTCHER BOARD,216 W VIRGINIA ST,HEALTH2017-008281,2018-01-16,2019-04-26,6,"American (sit-down, bars, venues)",independent,,False,False
HEALTH2017-008305,GRANDY'S,GRANDY'S,1614 UNIVERSITY DR,HEALTH2017-008305,2017-10-17,2019-01-11,6,Fast Food,national_regional,,False,False
HEALTH2017-008330,GOLDEN GRACE DAHS,GOLDEN GRACE DAHS,3300 ELDORADO PKWY,HEALTH2017-008330,2017-10-27,2019-04-24,7,Institutional,independent,,False,False
HEALTH2017-008341,CIRCLE K #2741585,CIRCLE K #2741585,5010 ALMA RD,HEALTH2017-008341;HEALTH2024-01005,2018-01-25,2026-07-08,21,Convenience/Gas,national_regional,,False,True
HEALTH2017-008348,ALDI PRODUCE,ALDI PRODUCE,8801 STACY RD,HEALTH2017-008348,2017-12-11,2020-09-17,9,Grocery/Market,national_regional,mainstream_supermarket,False,False
HEALTH2017-008349,ALDI GROCERY #47,ALDI GROCERY | ALDI GROCERY #47,8801 STACY RD,HEALTH2017-008349;HEALTH2024-00790,2017-12-11,2026-03-12,20,Grocery/Market,national_regional,mainstream_supermarket,False,True
HEALTH2017-008378,FIREHOUSE SUBS,FIREHOUSE SUBS,2890 CRAIG DR 100,HEALTH2017-008378;HEALTH2019-00016;HEALTH2025-00047,2017-12-11,2026-03-09,25,Deli/Sandwich/Salad,national_regional,,False,True
HEALTH2017-008415,CAVALLI PIZZA,CAVALLI PIZZA,6851 VIRGINIA PKWY 105 1,HEALTH2017-008415;HEALTH2024-00849,2018-01-05,2025-04-16,24,Pizza/Italian,local_multi,,False,False
HEALTH2017-008424,MIGHTY QUICK,MIGHTY QUICK,727 N MCDONALD ST,HEALTH2017-008424;HEALTH2019-00154;HEALTH2024-00450,2017-12-13,2026-05-26,12,Convenience/Gas,independent,,False,True
HEALTH2017-008465,EDIBLE ARRANGEMENTS,EDIBLE ARRANGEMENTS,8901 VIRGINIA PKWY,HEALTH2017-008465,2018-01-31,2018-10-15,3,Coffee/Cafe/Bakery/Dessert,national_regional,,False,False
HEALTH2017-008474,HUGHES ELEMENTARY SCHOOL,HUGHES ELEMENTARY | HUGHES ELEMENTARY SCHOOL,1551 PRESTWICK HOLLOW DR,HEALTH2017-008474;HEALTH2018-10104,2017-10-17,2026-03-11,19,Institutional,local_multi,,False,False
HEALTH2017-008483,CHIMMY TEA,CHIMMY TEA,317 S CHESTNUT ST,HEALTH2017-008483,2020-09-19,2021-04-03,2,Coffee/Cafe/Bakery/Dessert,independent,,True,False
HEALTH2017-008484,CARIBBEAN ISLE,CARIBBEAN ISLE,4550 UNIVERSITY DR FH,HEALTH2017-008484,2018-01-14,2019-11-16,16,Venue/Concession,independent,,True,False
HEALTH2017-008515,WHATABURGER #1105,WHATABURGER #1105,6151 ELDORADO PKWY,HEALTH2017-008515;HEALTH2024-00948,2018-02-02,2026-08-19,18,Fast Food,national_regional,,False,True
HEALTH2017-008528,SALI'S ITALIAN,SALI'S ITALIAN,6710 VIRGINIA PKWY 230,HEALTH2017-008528;HEALTH2024-00925;HEALTH2025-00393,2017-10-26,2026-08-06,27,Pizza/Italian,independent,,False,True
HEALTH2017-008538,JUNGLE BURGER,JUNGLE BURGER,318 N CENTRAL EXPY,HEALTH2017-008538;HEALTH2021-00020;HEALTH2024-00150,2017-12-29,2025-11-06,27,"American (sit-down, bars, venues)",independent,,False,False
HEALTH2017-008545,CHURCH'S CHICKEN #10983,CHURCH'S CHICKEN #10983,204 UNIVERSITY DR,HEALTH2017-008545,2018-01-17,2019-10-16,7,Fast Food,national_regional,,False,False
HEALTH2017-008549,MIMI'S GOURMET TEAS & CAPPUCCINO,MIMI'S GOURMET TEAS & CAPPUCCINO,4550 UNIVERSITY DR FH,HEALTH2017-008549,2017-11-17,2020-11-13,22,Coffee/Cafe/Bakery/Dessert,independent,,True,False
HEALTH2017-008551,7-11 #37296,7-11 #37296,3911 MEDICAL CENTER DR,HEALTH2017-008551;HEALTH2024-00865;HEALTH2025-00836,2017-10-18,2026-04-08,18,Convenience/Gas,national_regional,,False,True
HEALTH2017-008564,NEW CORTIGO,NEW CORTIGO,101 E HUNT ST,HEALTH2017-008564,2018-10-13,2018-10-13,1,Other non-restaurant,independent,,True,False
HEALTH2017-008566,XPLOR,XPLOR,3153 STONEBRIDGE DR,HEALTH2017-008566,2017-10-27,2024-05-30,15,Institutional,national_regional,,False,False
HEALTH2017-008573,MOVIEHOUSE & EATERY,MOVIEHOUSE & EATERY,8450 SH 121,HEALTH2017-008573;HEALTH2024-01065,2017-10-30,2026-08-24,27,Venue/Concession,national_regional,,False,True
HEALTH2017-008578,STARWOOD CAFE,STARWOOD CAFE | Starwood Cafe,470 ADRIATIC PKWY 1101,HEALTH2017-008578;HEALTH2020-00073;HEALTH2025-00050,2017-10-26,2026-07-21,29,"American (sit-down, bars, venues)",local_multi,,False,True
HEALTH2017-008602,BIEN SALSA,BIEN SALSA,119 W VIRGINIA ST,HEALTH2017-008602,2017-12-14,2018-03-30,2,Mexican/Tex-Mex/Latin,independent,,False,False
HEALTH2017-008626,OXFORD GRAND MCKINNEY,OXFORD GRAND OF MCKINNEY | OXFORD GRAND MCKINNEY,2851 ORCHID DR,HEALTH2017-008626;HEALTH2024-01104,2017-11-06,2026-08-12,27,Institutional,national_regional,,False,True
HEALTH2017-008627,DEMPSEY'S MARKETPLACE,DEMPSEY'S PLACE | DEMPSEY'S | DEMPSEY'S MARKETPLACE,310 E LOUISIANA ST,HEALTH2017-008627;HEALTH2021-00006;HEALTH2024-00028,2017-12-04,2026-03-16,17,Convenience/Gas,independent,,False,True
HEALTH2017-008635,Copper Kitchen,MCKINNEY COPPER KITCHEN | Copper Kitchen,3105 N MCDONALD ST 400,HEALTH2017-008635;HEALTH2018-10270;HEALTH2024-01275,2018-01-26,2025-09-25,13,Hotel/Caterer/Commissary,independent,,False,False
HEALTH2017-008681,MICHAEL JOHNSON PERFORMANCE CENTER,MICHAEL JOHNSON PERFORMANCE CENTER,6051 ALMA RD,HEALTH2017-008681,2018-01-25,2021-03-01,7,Venue/Concession,independent,,False,False
HEALTH2017-008684,WINGSTOP #964,WINGSTOP #964,7645 S CUSTER RD 410,HEALTH2017-008684;HEALTH2024-01070,2018-01-03,2026-08-12,20,Fast Food,national_regional,,False,True
HEALTH2017-008705,PACIFIC TRADEWINDS,PACIFIC TRADEWINDS,3103 N MCDONALD ST,HEALTH2017-008705;HEALTH2024-00469,2018-02-22,2025-02-28,15,Unknown,unknown,,False,False
HEALTH2017-008808,Taco Bell #31798,TACO BELL #31798 | Taco Bell #31798,6101 ELDORADO PKWY,HEALTH2017-008808;HEALTH2024-01338,2017-11-06,2026-08-12,22,Fast Food,national_regional,,False,True
HEALTH2017-008839,DODGE CITY OF MCKINNEY,DODGE CITY OF MCKINNEY,700 CENTRAL EXPY,HEALTH2017-008839,2017-10-18,2023-10-20,14,Other non-restaurant,independent,,False,False
HEALTH2017-008840,MCKINNEY BUICK GMC,MCKINNEY BUICK GMC,3450 CENTRAL EXPY,HEALTH2017-008840,2017-10-18,2025-02-17,14,Other non-restaurant,independent,,False,False
HEALTH2017-008841,CHICK-FIL-A,CHICK-FIL-A,6201 ELDORADO PKWY,HEALTH2017-008841;HEALTH2025-00139,2017-11-07,2026-04-15,20,Fast Food,national_regional,,False,True
HEALTH2017-008842,A-BAKERY,A-BAKERY,4550 ELDORADO PKWY,HEALTH2017-008842,2018-01-26,2018-11-07,4,Coffee/Cafe/Bakery/Dessert,independent,,False,False
HEALTH2017-008864,NISSAN OF MCKINNEY,NISSAN OF MCKINNEY,3800 S CENTRAL EXPY,HEALTH2017-008864,2017-11-07,2025-02-17,14,Other non-restaurant,independent,,False,False
HEALTH2017-008876,FILTERED,FILTERED,218 LOUISIANA ST 100,HEALTH2017-008876,2017-10-18,2024-08-09,16,Coffee/Cafe/Bakery/Dessert,independent,,False,False
HEALTH2017-008889,DONUT WORLD,DONUT WORLD,7820 ELDORADO PKWY,HEALTH2017-008889;HEALTH2024-00136,2018-02-09,2024-08-24,14,Coffee/Cafe/Bakery/Dessert,independent,,False,False
HEALTH2017-008897,RAINBOWS OLD WEST SODA,RAINBOWS OLD WEST SODA,4550 UNIVERSITY DR FH,HEALTH2017-008897,2017-11-17,2020-06-12,17,Venue/Concession,independent,,True,False
HEALTH2017-008900,HENDERSON KITCHEN AND TAP,HENDERSON KITCHEN AND TAP,2730 S CENTRAL EXPY,HEALTH2017-008900,2018-01-11,2018-10-26,4,"American (sit-down, bars, venues)",independent,,False,False
HEALTH2017-008905,WHATABURGER #1115,WHATABURGER #1115,4970 W UNIVERSITY DR,HEALTH2017-008905;HEALTH2024-00134;HEALTH2025-00125,2018-01-30,2026-04-06,19,Fast Food,national_regional,,False,True
HEALTH2017-008916,GUIDEPOST MONTESSORI AT ELDORADO,GUIDEPOST MONTESSORI ELDORADO | GUIDEPOST MONTESSORI AT ELDORADO,7508 ELDORADO PKWY,HEALTH2017-008916;HEALTH2019-00119;HEALTH2024-00197,2018-06-08,2025-04-25,14,Institutional,national_regional,,False,False
HEALTH2017-008917,CHESTNUT SQUARE ACADEMY,CHESTNUT SQUARE ACADEMY,402 S CHESTNUT ST,HEALTH2017-008917;HEALTH2024-00185,2018-01-12,2025-06-13,20,Institutional,independent,,False,False
HEALTH2017-008920,MR JIM'S PIZZA,MR. JIM'S PIZZA #157 | MR JIM'S PIZZA,1920 ELDORADO PKWY 850,HEALTH2017-008920;HEALTH2024-00184,2017-11-16,2026-04-08,21,Pizza/Italian,national_regional,,False,True
HEALTH2017-008926,GOLDEN CHICK,GOLDEN CHICK,1001 W UNIVERSITY DR,HEALTH2017-008926;HEALTH2019-00565;HEALTH2021-00355;HEALTH2024-01302,2017-11-16,2026-03-19,22,Fast Food,national_regional,,False,True
HEALTH2017-008940,HARBORCHASE OF MCKINNEY,HARBORCHASE OF MCKINNEY,265 PLATEAU DR,HEALTH2017-008940,2018-02-01,2024-07-25,21,Institutional,national_regional,,False,False
HEALTH2017-008949,BROTHER'S PRODUCT,BROTHER'S PRODUCT,317 S CHESTNUT ST,HEALTH2017-008949,2018-10-13,2023-05-06,6,Other non-restaurant,independent,,True,False
HEALTH2017-008961,GRADY LITTLEJOHN COMPLEX BASEBALL / SOFTBALL,GRADY LITTLEJOHN BASEBALL & SOFTBALL | GRADY LITTLEJOHN COMPLEX BASEBALL / SOFTBALL,1401 WILSON CREEK PKWY,HEALTH2017-008961;HEALTH2020-00088,2018-04-25,2023-10-25,11,Venue/Concession,independent,,False,False
HEALTH2017-008963,Papa Murphy's Take 'N' Bake Pizza,PAPA MURPHY'S PIZZA | PAPA MURPHY'S  | Papa Murphy's Take 'N' Bake Pizza,3201 S HARDIN BLVD 200,HEALTH2017-008963;HEALTH2021-00200;HEALTH2024-00541,2018-01-24,2026-03-10,18,Pizza/Italian,national_regional,,False,True
HEALTH2017-008969,DENNY'S #8726,DENNY'S #8726,1615 N CENTRAL EXPY,HEALTH2017-008969,2017-10-30,2024-04-15,25,"American (sit-down, bars, venues)",national_regional,,False,False
HEALTH2017-008982,TRAILS OF IVY CHILD DEVELOPMENT,TRAILS OF IVY CHILD DEVELOPMENT,7605 VIRGINIA PKWY,HEALTH2017-008982,2017-11-10,2017-11-10,1,Institutional,independent,,False,False
HEALTH2017-008987,HOLIDAY INN EXPRESS,HOLIDAY INN EXPRESS,6601 HENNEMAN WAY,HEALTH2017-008987;HEALTH2019-00638;HEALTH2025-00037,2017-11-30,2026-07-09,25,Hotel/Caterer/Commissary,national_regional,,False,True
HEALTH2017-009007,THE AMAZING DIP COMPANY,THE AMAZING DIP COMPANY,317 S CHESTNUT ST,HEALTH2017-009007;HEALTH2024-00166,2020-09-19,2026-04-11,5,Other non-restaurant,independent,,True,False
HEALTH2017-009025,COLLIN COLLEGE CENTRAL PERKS,COLLIN COLLEGE CENTRAL PERKS,2200 W UNIVERSITY DR,HEALTH2017-009025,2018-01-16,2020-09-21,8,Institutional,local_multi,,False,False
HEALTH2017-009027,COLLIN COLLEGE MCKINNEY CAFE AND STARBUCKS,COLLIN COLLEGE CENTRAL PARK CATERING | COLLIN COLLEGE | COLLIN COLLEGE MCKINNEY CAFE AND STARBUCKS,2400 COMMUNITY AVE,HEALTH2017-009027;HEALTH2021-00097;HEALTH2022-00120;HEALTH2024-00725,2018-01-16,2026-07-16,20,Institutional,local_multi,,False,True
HEALTH2017-009129,TOM THUMB #296 - STARBUCKS,TOM THUMB-STARBUCKS | TOM THUMB #296 - STARBUCKS,6800 VIRGINIA PKWY,HEALTH2017-009129;HEALTH2024-00429,2018-01-12,2026-06-05,23,Grocery/Market,national_regional,mainstream_supermarket,False,False
HEALTH2017-009153,TOM THUMB #3853 - GROCERY,TOM THUMB #3853 -GROCERY | TOM THUMB #3853 - GROCERY,3001 S HARDIN BLVD,HEALTH2017-009153;HEALTH2024-00547,2017-12-28,2026-08-06,24,Grocery/Market,national_regional,mainstream_supermarket,False,True
HEALTH2017-009154,Tom Thumb #3853 - Bakery,TOM THUMB #3853- BAKERY | TOM THUMB #3853 - BAKERY | Tom Thumb #3853 - Bakery,3001 S HARDIN BLVD,HEALTH2017-009154;HEALTH2024-00548;HEALTH2025-00414,2017-12-28,2026-08-06,23,Grocery/Market,national_regional,mainstream_supermarket,False,False
HEALTH2017-009155,Tom Thumb 3853 - Produce,TOM THUMB #3853 - PRODUCE | Tom Thumb 3853 - Produce,3001 S HARDIN BLVD,HEALTH2017-009155;HEALTH2024-00550;HEALTH2025-00413,2017-12-28,2026-08-06,24,Grocery/Market,national_regional,mainstream_supermarket,False,False
HEALTH2017-009156,TOM THUMB #3853 - MEAT,TOM THUMB #3583 - MEAT | TOM THUMB #3853 - MEAT,3001 S HARDIN BLVD,HEALTH2017-009156;HEALTH2024-00551,2017-12-28,2026-08-06,24,Grocery/Market,national_regional,mainstream_supermarket,False,False
HEALTH2017-009157,Tom Thumb #3853 - Deli,TOM THUMB # 3853- DELI | Tom Thumb #3853 - Deli,3001 S HARDIN BLVD,HEALTH2017-009157;HEALTH2025-00415,2017-12-28,2026-08-06,23,Grocery/Market,national_regional,mainstream_supermarket,False,False
HEALTH2017-009190,FUJI FOOD,FUJI FOOD,1670 W UNIVERSITY DR,HEALTH2017-009190,2017-12-15,2024-01-08,16,Grocery/Market,national_regional,mainstream_supermarket,False,False
HEALTH2017-009194,AYDE FOOD,AYDE FOOD,1 MOBILE VENDOR (OL USE),HEALTH2017-009194,2018-01-03,2018-01-03,1,Unknown,unknown,,False,False
HEALTH2017-009214,PHO BISTRO,PHO BISTRO,2058 W UNIVERSITY DR,HEALTH2017-009214,2017-11-21,2026-06-10,17,Vietnamese,independent,,False,True
HEALTH2017-009226,SUPER SHACK,SUPER SHACK,2901 S CENTRAL EXPY,HEALTH2017-009226;HEALTH2024-00560,2017-11-13,2026-08-24,28,"American (sit-down, bars, venues)",independent,,False,True
HEALTH2017-009236,LITTLE CAESARS PIZZA,LITTLE CAESARS PIZZA,9245 VIRGINIA PKWY 900,HEALTH2017-009236;HEALTH2024-00811,2017-11-13,2026-06-01,19,Pizza/Italian,national_regional,,False,True
HEALTH2017-009237,LITTLE CAESARS,LITTLE CAESARS,5100 ELDORADO PKWY 100,HEALTH2017-009237;HEALTH2024-00812,2017-12-29,2026-04-23,19,Pizza/Italian,national_regional,,False,True
HEALTH2017-009238,END ZONE,END ZONE,4150 ELDORADO PKWY,HEALTH2017-009238,2017-10-27,2022-02-17,15,"American (sit-down, bars, venues)",independent,,False,False
HEALTH2017-009245,TAQUERIA EL GORDO,TAQUERIA EL GORDO,1434 N CENTRAL EXPY 113,HEALTH2017-009245;HEALTH2024-00723,2017-11-15,2026-04-17,21,Mexican/Tex-Mex/Latin,independent,,False,True
HEALTH2017-009254,MISHA'S KITCHEN,MISHA'S KITCHEN,1 MOBILE VENDOR (OL USE),HEALTH2017-009254,2018-01-03,2018-01-03,1,Unknown,unknown,,False,False
HEALTH2017-009261,D'CARBO ,D'CARBO ,1 MOBILE VENDOR (OL USE),HEALTH2017-009261,2018-01-03,2018-01-03,1,Unknown,unknown,,False,False
HEALTH2017-009262,ARETE GOURMET SLIDERS,ARETE GOURMET SLIDERS,1 MOBILE VENDOR (OL USE),HEALTH2017-009262,2018-01-03,2018-01-03,1,"American (sit-down, bars, venues)",independent,,False,False
HEALTH2017-009264,RUIZ CATERING #2 / MARLEN MORENO,RUIZ CATERING #1  | RUIZ CATERING #2 / MARLEN MORENO,1 MOBILE VENDOR (OL USE),HEALTH2017-009264;HEALTH2017-009274,2018-01-04,2018-01-04,2,Mexican/Tex-Mex/Latin,independent,,False,False
HEALTH2017-009273,UNITED CATERERS ,UNITED CATERERS ,1 MOBILE VENDOR (OL USE),HEALTH2017-009273,2018-01-31,2018-01-31,1,Hotel/Caterer/Commissary,independent,,False,False
HEALTH2017-009277,GOLDEN CHICK,GOLDEN CHICK,3965 S LAKE FOREST DR,HEALTH2017-009277;HEALTH2024-00534,2017-11-07,2026-03-12,17,Fast Food,national_regional,,False,True
HEALTH2017-009340,LIFEPATH CRISIS CENTER,LIFEPATH CRISIS CENTER,1416 N CHURCH ST,HEALTH2017-009340;HEALTH2024-00724,2017-11-10,2025-09-09,21,Institutional,independent,,False,False
HEALTH2017-009342,THE CAMPHOUSE CHILL,THE CAMPHOUSE CHILL,4550 UNIVERSITY DR,HEALTH2017-009342,2017-11-17,2020-09-19,13,Venue/Concession,independent,,True,False
HEALTH2017-009350,MCKINNEY NORTH HS JAVA CITY,MCKINNEY NORTH HS JAVA CITY,2550 WILMETH RD MISD,HEALTH2017-009350,2017-10-17,2026-04-10,19,Institutional,local_multi,,False,True
HEALTH2017-009397,DISCOVERY LEARNING CENTER,DISCOVERY LEARNING CENTER,1815 WHITE AVE,HEALTH2017-009397,2017-12-01,2020-06-09,9,Institutional,independent,,False,False
HEALTH2017-009456,BURGER KING #21619,BURGER KING | BURGER KING #21619,6510 SH 121,HEALTH2017-009456;HEALTH2024-00971,2018-01-16,2026-06-10,18,Fast Food,national_regional,,False,True
HEALTH2017-009477,WINGSTOP,WINGSTOP ** ON HOLD ** SEE NOTES | WINGSTOP,1521 N CUSTER RD 2200,HEALTH2017-009477;HEALTH2020-00159;HEALTH2024-00741,2017-12-13,2026-04-17,27,Fast Food,national_regional,,False,True
HEALTH2017-009483,JOYOUS MONTESSORI,JOYOUS MONTESSORI,6800 BOUNTIFUL GROVE DR,HEALTH2017-009483,2018-05-08,2019-07-02,4,Institutional,independent,,False,False
HEALTH2017-009501,ONE AND ONLY BURGERS AND FRIES,ONE AND ONLY BURGERS AND FRIES,1330 N MCDONALD ST 100,HEALTH2017-009501;HEALTH2024-01309,2018-01-31,2026-06-12,19,"American (sit-down, bars, venues)",independent,,False,True
HEALTH2017-009511,CIRCLE K,CIRCLE K,801 E UNIVERSITY DR,HEALTH2017-009511;HEALTH2024-00661,2017-11-14,2026-04-07,17,Convenience/Gas,national_regional,,False,True
HEALTH2017-009523,THE PINK POODLE,THE PINK POODLE,4550 UNIVERSITY DR FH,HEALTH2017-009523,2017-11-17,2018-04-13,3,Venue/Concession,independent,,True,False
HEALTH2017-009536,MINGLING MOUTH FOOD TRAIL,MINGLING MOUTH FOOD TRAIL,4550 UNIVERSITY DR FH,HEALTH2017-009536,2017-11-17,2017-11-17,1,Venue/Concession,independent,,True,False
HEALTH2017-009537,KOJI SUSHI,KOJI SUSHI,101 MCDONALD ST,HEALTH2017-009537,2017-10-17,2024-05-31,17,Japanese,independent,,False,False
HEALTH2017-009540,HOLIDAY INN,HOLIDAY INN HOTEL & SUITES | HOLIDAY INN,3220 CRAIG DR,HEALTH2017-009540;HEALTH2024-00525,2017-10-27,2026-06-24,24,Hotel/Caterer/Commissary,national_regional,,False,True
HEALTH2017-009550,SMOOTHIE KING,SMOOTHIE KING  | SMOOTHIE KING,1920 ELDORADO PKWY 700,HEALTH2017-009550;HEALTH2024-01082,2017-10-17,2026-07-06,18,Coffee/Cafe/Bakery/Dessert,national_regional,,False,True
HEALTH2017-009561,TEXAS PICKED AND PICKLED,TEXAS PICKED AND PICKLED,4550 UNIVERSITY DR,HEALTH2017-009561,2017-11-19,2019-06-15,15,Other non-restaurant,independent,,True,False
HEALTH2017-009563,EL RANCHO SUPERMARKET - GROCERY,EL RANCHO SUPERMARKET - GROCERY,821 MCDONALD ST,HEALTH2017-009563,2017-11-27,2024-08-05,20,Grocery/Market,national_regional,independent_specialty,False,False
HEALTH2017-009564,EL RANCHO SUPERMARKET - RESTAURANT,EL RANCHO SUPERMARKET - RESTAURANT,821 MCDONALD ST,HEALTH2017-009564,2017-11-27,2024-08-05,20,Grocery/Market,national_regional,independent_specialty,False,False
HEALTH2017-009565,EL RANCHO - BAKERY,EL RANCHO - BAKERY,821 MCDONALD ST,HEALTH2017-009565,2017-11-27,2024-08-05,20,Grocery/Market,national_regional,independent_specialty,False,False
HEALTH2017-009566,EL RANCHO SUPERMARKET - PRODUCE ,EL RANCHO SUPERMARKET - PRODUCE ,821 MCDONALD ST,HEALTH2017-009566,2017-11-27,2024-08-05,19,Grocery/Market,national_regional,independent_specialty,False,False
HEALTH2017-009567,EL RANCHO RESTAURANT,EL RANCHO SUPERMARKET - DELI & MEAT  | EL RANCHO RESTAURANT,821 N MCDONALD ST,HEALTH2017-009567;HEALTH2024-01269,2017-11-27,2026-06-17,24,Grocery/Market,national_regional,independent_specialty,False,False
HEALTH2017-009570,HAT CREEK BURGER,HAT CREEK BURGER,3503 CUSTER RD,HEALTH2017-009570,2017-11-14,2024-08-14,18,Fast Food,national_regional,,False,False
HEALTH2017-09583,PAPA JOHN'S PIZZA #1304,PAPA JOHN'S PIZZA #1304,2310 VIRGINIA PKWY 160,HEALTH2017-09583;HEALTH2024-01163,2017-12-07,2026-06-03,19,Pizza/Italian,national_regional,,False,True
HEALTH2017-09584,Rice and Noodle,RICE & NOODLE  | Rice and Noodle,1521 N CUSTER RD 2600,HEALTH2017-09584;HEALTH2024-00218,2017-11-21,2026-03-20,22,Asian (unspecified),independent,,False,True
HEALTH2017-09585,7-11 #38091A,7-11 #38091A,2689 N LAKE FOREST DR,HEALTH2017-09585;HEALTH2024-01183,2017-11-27,2026-07-07,18,Convenience/Gas,national_regional,,False,True
HEALTH2017-09592,MOM & POPCORN,MOM AND POPCORN COMPANY | MOM AND POPCORN | MOM & POPCORN,215 E LOUISIANA ST,HEALTH2017-09592;HEALTH2018-10345;HEALTH2024-01175,2017-11-20,2026-07-28,19,Coffee/Cafe/Bakery/Dessert,independent,,False,True
HEALTH2017-09606,ZEN SUSHI & GRILL,ZEN SUSHI | ZEN SUSHI & GRILL,3751 S STONEBRIDGE DR 500,HEALTH2017-09606;HEALTH2019-00574;HEALTH2024-01144,2018-01-04,2026-03-25,28,Japanese,independent,,False,True
HEALTH2017-09609,YUMMI SUSHI,YUMMI SUSHI,6800 VIRGINIA PKWY,HEALTH2017-09609;HEALTH2024-01332,2018-01-12,2026-06-09,24,Grocery/Market,national_regional,mainstream_supermarket,False,True
HEALTH2017-09610,YUMMI SUSHI,YUMMI SUSHI,3001 S HARDIN BLVD,HEALTH2017-09610,2017-12-28,2019-11-12,8,Grocery/Market,national_regional,mainstream_supermarket,False,False
HEALTH2017-09611,STARBUCKS #561,STARBUCKS #561,6100 ELDORADO PKWY,HEALTH2017-09611;HEALTH2024-01019,2018-03-06,2026-05-28,17,Grocery/Market,national_regional,mainstream_supermarket,False,True
HEALTH2017-09613,MELLOW MUSHROOM,MELLOW MUSHROOM,218 E LOUISIANA ST 100,HEALTH2017-09613;HEALTH2016-006352;HEALTH2024-01305,2017-12-27,2026-03-30,23,Pizza/Italian,national_regional,,False,True
HEALTH2017-09614,POPEYE'S,POPEYE'S  | POPEYE'S,6520 SH 121,HEALTH2017-09614;HEALTH2019-00640;HEALTH2024-01162,2017-11-28,2026-07-09,25,Fast Food,national_regional,,False,True
HEALTH2017-09620,WHICH WICH SUPERIOR SANDWICHES,WHICH WICH SUPERIOR SANDWICHES,8950 SH 121,HEALTH2017-09620,2017-12-12,2018-06-12,3,Deli/Sandwich/Salad,national_regional,,False,False
HEALTH2017-09623,HEALTHY COOKING,HEALTHY COOKING,3440 ELDORADO PKWY 3C4,HEALTH2017-09623;HEALTH2024-01235,2017-12-21,2026-06-03,13,Unknown,independent,,False,True
HEALTH2017-09627,7-11,7-11,8400 SH 121,HEALTH2017-09627,2018-03-26,2018-08-17,2,Convenience/Gas,national_regional,,False,False
HEALTH2017-09632,QUIKTRIP #919,QUIKTRIP #919,2285 W UNIVERSITY DR,HEALTH2017-09632;HEALTH2024-00594,2017-11-17,2026-08-17,19,Convenience/Gas,national_regional,,False,True
HEALTH2017-09634,NACHO LIBRE NACHOS,NACHO LIBRE NACHOS,4550 W UNIVERSITY DR,HEALTH2017-09634,2018-01-04,2018-11-17,8,Venue/Concession,independent,,True,False
HEALTH2017-09637,MCKINNEY EXXON ,MCKINNEY EXXON ,202 N CENTRAL EXPY,HEALTH2017-09637,2017-12-11,2018-09-08,3,Convenience/Gas,independent,,False,False
HEALTH2017-09638,HOME FOR THE HOLIDAYS / WILD BILL'S SODA,"HOME FOR THE HOLIDAYS / COWTOWN KETTLE CORN
11/24-11/26 | HOME FOR THE HOLIDAYS
Nov, 24,25,26 | HOME FOR THE HOLIDAYS / WILD BILL'S SODA",111 N TENNESSEE ST,HEALTH2017-09638;HEALTH2017-09629;HEALTH2017-09605,2017-11-24,2017-11-24,3,Venue/Concession,national_regional,,True,False
HEALTH2017-09641,ARBY'S RESTURANT ,ARBY'S RESTURANT ,1706 W UNIVERSITY DR,HEALTH2017-09641,2018-02-07,2018-02-07,1,Fast Food,national_regional,,False,False
HEALTH2017-09642,HOME FOR THE HOLIDAYS / EGGSTAND,HOME FOR THE HOLIDAYS / EGGSTAND,111 N TENNESSEE ST,HEALTH2017-09642,2017-11-24,2017-11-24,1,Venue/Concession,independent,,True,False
HEALTH2017-09643,HOME FOR THE HOLIDAYS / MOUNTAINMAN JERKY,HOME FOR THE HOLIDAYS / MOUNTAINMAN JERKY,111 N TENNESSEE ST,HEALTH2017-09643,2017-11-24,2017-11-24,1,Other non-restaurant,independent,,True,False
HEALTH2017-09645,Das Gud Spice Co.,Das Gud Spice Co.,111 N TENNESSEE ST,HEALTH2017-09645,2017-11-24,2017-11-24,1,Other non-restaurant,independent,,True,False
HEALTH2017-09648,RODRIGOUS GROCERY ,RODRIGOUS GROCERY ,902 GREENVILLE RD,HEALTH2017-09648,2017-11-29,2018-10-18,4,Grocery/Market,independent,independent_specialty,False,False
HEALTH2017-09649,DONUT BLISS,DONUT BLISS  | DONUT BLISS,6405 ELDORADO PKWY 250,HEALTH2017-09649;HEALTH2019-00083,2018-02-21,2023-09-27,11,Coffee/Cafe/Bakery/Dessert,local_multi,,False,False
HEALTH2017-09652,Best Western Plus McKinney Inn & Suites,BEST WESTERN PLUS MCKINNEY INN & SUITE | Best Western Plus McKinney Inn & Suites,480 S WILSON CREEK BLVD,HEALTH2017-09652;HEALTH2022-00436;HEALTH2025-00088,2018-01-10,2026-08-10,16,Hotel/Caterer/Commissary,national_regional,,False,True
HEALTH2017-09655,EGGSQUISITE CAFE,EGGSQUISITE CAFE,2058 W UNIVERSITY DR 800,HEALTH2017-09655;HEALTH2022-00306;HEALTH2024-00696,2018-02-12,2026-08-20,26,"American (sit-down, bars, venues)",independent,,False,True
HEALTH2017-09657,MCKINNEY EXPRESS,MCKINNEY EXPRESS,103 S MCDONALD ST,HEALTH2017-09657;HEALTH2017-008989;HEALTH2025-00137,2017-12-14,2026-07-01,20,Convenience/Gas,independent,,False,True
HEALTH2017-09664,TEXANA GRILL,TEXANA GRILL,1222 N CENTRAL EXPY,HEALTH2017-09664,2018-04-17,2020-01-15,7,"American (sit-down, bars, venues)",independent,,False,False
HEALTH2017-09665,ANTHOLOGY OF STONEBRIDGE RANCH,ANTHOLOGY OF STONEBRIDGE RANCH,3300 S STONEBRIDGE DR,HEALTH2017-09665;HEALTH2024-00027,2018-03-14,2024-02-06,19,Institutional,national_regional,,False,False
HEALTH2017-09668,LAYERED,LAYERED,111 E VIRGINIA ST,HEALTH2017-09668;HEALTH2024-01382,2018-02-23,2026-05-14,25,Unknown,independent,,False,True
HEALTH2017-09669,AVALON MEMORY CARE,AVALON MEMORY CARE  | AVALON MEMORY CARE,5401 MCKINNEY RANCH PKWY,HEALTH2017-09669;HEALTH2024-00140,2018-03-28,2026-07-31,25,Institutional,local_multi,,False,True
HEALTH2017-09672,ELOTES DONA CARMEN,ELOTES DONA CARMEN,821 N MCDONALD ST,HEALTH2017-09672,2018-02-23,2018-09-19,3,Mexican/Tex-Mex/Latin,independent,,False,False
HEALTH2018-000033,"Dairy Queen # 14406
","DAIRY QUEEN | Dairy Queen # 14406
",1835 W LOUISIANA ST,HEALTH2018-000033;HEALTH2024-01094,2018-01-02,2026-03-04,27,Fast Food,national_regional,,False,True
HEALTH2018-000124,THE RANCH COUNTRY CLUB POOL SNACK BAR,THE RANCH COUNTRY CLUB | THE RANCH COUNTRY CLUB POOL SNACK BAR,5901 GLEN OAKS DR,HEALTH2018-000124;HEALTH2024-00198,2017-10-24,2026-06-11,20,Venue/Concession,independent,,False,False
HEALTH2018-000232,KIDS 'R' KIDS,KIDS R KIDS | KIDS 'R' KIDS,2910 ELDORADO PKWY,HEALTH2018-000232;HEALTH2019-00599;HEALTH2024-01030,2018-05-07,2025-10-14,17,Institutional,national_regional,,False,False
HEALTH2018-000660,THE PANTRY RESTAURANT,THE PANTRY RESTAURANT,214 E LOUISIANA ST,HEALTH2018-000660,2018-01-04,2022-09-23,16,"American (sit-down, bars, venues)",independent,,False,False
HEALTH2018-000664,IMPERIAL GARDEN GRILL,IMPERIAL GARDEN GRILL,4610 ELDORADO PKWY 200,HEALTH2018-000664;HEALTH2024-01006,2017-11-03,2026-06-23,19,Chinese,independent,,False,True
HEALTH2018-000832,HUTCHINS BBQ & GRILL,HUTCHINS BBQ & GRILL,1301 N TENNESSEE ST,HEALTH2018-000832;HEALTH2024-01076,2017-12-18,2026-07-22,19,"American (sit-down, bars, venues)",local_multi,,False,True
HEALTH2018-000843,HOOTERS,HOOTERS,1775 N CENTRAL EXPY,HEALTH2018-000843;HEALTH2024-01007,2017-11-27,2025-10-15,24,"American (sit-down, bars, venues)",national_regional,,False,False
HEALTH2018-001266,"ELDORADO COUNTRY CLUB

","ELDORADO COUNTRY CLUB | ELDORADO COUNTRY CLUB

",2604 COUNTRY CLUB DR,HEALTH2018-001266;HEALTH2024-00776,2018-02-01,2026-07-21,21,"American (sit-down, bars, venues)",independent,,False,True
HEALTH2018-001267,ELDORADO COUNTRY CLUB SNACK BAR,ELDORADO COUNTRY CLUB-SNACK BAR | ELDORADO COUNTRY CLUB SNACK BAR,2604 COUNTRY CLUB DR,HEALTH2018-001267;HEALTH2024-00808,2018-04-03,2026-08-12,14,Venue/Concession,independent,,False,True
HEALTH2018-001388,A & D BUFFALOS,A & D BUFFALOS,1601 MCDONALD ST,HEALTH2018-001388,2017-10-19,2022-09-22,17,"American (sit-down, bars, venues)",independent,,False,False
HEALTH2018-001563,WALGREENS #09908,WALGREENS #09908,1651 W UNIVERSITY DR,HEALTH2018-001563;HEALTH2025-00128,2017-12-01,2026-06-10,17,Convenience/Gas,national_regional,,False,True
HEALTH2018-002070,SCOGGINS MIDDLE SCHOOL CONCESSION STAND,SCOGGINS MIDDLE SCHOOL CONCESSION STAND,7070 STACY RD,HEALTH2018-002070,2017-12-12,2026-04-13,16,Institutional,local_multi,,False,False
HEALTH2018-002089,WALGREEN'S #11908,WALGREEN'S #11908,8996 STACY RD,HEALTH2018-002089;HEALTH2024-01315,2017-11-03,2026-08-25,18,Convenience/Gas,national_regional,,False,True
HEALTH2018-002095,J.P. DONUT,J.P. DONUT,1720 ELDORADO PKWY,HEALTH2018-002095,2017-11-09,2024-11-14,16,Coffee/Cafe/Bakery/Dessert,independent,,False,False
HEALTH2018-002106,DURKIN'S PIZZA,DURKIN'S PIZZA | Durkin's Pizza,8930 SH 121 594,HEALTH2018-002106;HEALTH2022-00376;HEALTH2024-01398,2017-12-04,2026-04-01,17,Pizza/Italian,local_multi,,False,True
HEALTH2018-002109,SPRING CREEK BBQ,SPRING CREEK BBQ,1993 N CENTRAL EXPY,HEALTH2018-002109;HEALTH2024-01026,2017-12-18,2026-08-21,20,"American (sit-down, bars, venues)",national_regional,,False,True
HEALTH2018-002120,PAPA MURPHY'S,PAPA MURPHY'S,6710 VIRGINIA PKWY,HEALTH2018-002120,2017-12-19,2021-08-19,9,Pizza/Italian,national_regional,,False,False
HEALTH2018-004272,EINSTEIN BROS BAGELS,EINSTEIN BROS BAGELS,7645 S CUSTER RD 400,HEALTH2018-004272;HEALTH2024-00975,2017-12-21,2026-08-21,19,Coffee/Cafe/Bakery/Dessert,national_regional,,False,True
HEALTH2018-004291,FIGARO ON THE RUN,FIGARO ON THE RUN,4550 W UNIVERSITY DR,HEALTH2018-004291,2017-11-17,2019-05-19,7,Pizza/Italian,independent,,True,False
HEALTH2018-005003,ICHIBAN ASIAN,ICHIBAN ASIAN,210 CUSTER RD,HEALTH2018-005003,2017-10-23,2019-11-14,8,Asian (unspecified),independent,,False,False
HEALTH2018-005715,MCKINNEY WINE MERCHANT,MCKINNEY WINE MERCHANT,120 W VIRGINIA ST,HEALTH2018-005715;HEALTH2018-10325,2018-01-05,2019-12-19,5,Other non-restaurant,independent,,False,False
HEALTH2018-006290,SUPER 1 FOODS #641,SUPER 1 FOODS #641,208 N CENTRAL EXPY,HEALTH2018-006290,2017-12-29,2019-06-17,7,Grocery/Market,national_regional,mainstream_supermarket,False,False
HEALTH2018-006587,LATINOS CONCESSION & SNOWIE,LATINOS CONCESSION & SNOWIE,4550 UNIVERSITY DR,HEALTH2018-006587,2017-11-17,2020-09-18,22,Mexican/Tex-Mex/Latin,independent,,True,False
HEALTH2018-007234,BELTERRA HEALTH & REHABILITATION,BELTERRA HEALTH & REHABILITATION,2170 LAKE FOREST DR,HEALTH2018-007234,2017-10-24,2018-04-17,3,Institutional,unknown,,False,False
HEALTH2018-008396,CHRIST FELLOWSHIP CHURCH - CAFE,CHRIST FELLOWSHIP CHURCH - CAFE,2801 ORCHID DR,HEALTH2018-008396;HEALTH2024-01136,2018-01-16,2026-06-18,21,Institutional,independent,,False,True
HEALTH2018-008802,KEETON RANCH FED BEEF,KEETON RANCH FED BEEF,317 S CHESTNUT ST,HEALTH2018-008802,2018-10-13,2023-05-06,7,Other non-restaurant,independent,,True,False
HEALTH2018-008875,DUNKIN DONUTS,DUNKIN DONUTS,3201 ELDORADO PKWY 100,HEALTH2018-008875;HEALTH2024-00628,2017-11-01,2026-03-06,20,Coffee/Cafe/Bakery/Dessert,national_regional,,False,True
HEALTH2018-009024,DUNKIN DONUTS,DUNKIN DONUTS,116 S CUSTER RD 100,HEALTH2018-009024;HEALTH2024-00613,2017-11-02,2026-04-06,21,Coffee/Cafe/Bakery/Dessert,national_regional,,False,True
HEALTH2018-09680,AROMA KITCHEN,AROMA KITCHEN,410 N TENNESSEE ST,HEALTH2018-09680,2018-01-04,2018-01-04,1,Unknown,unknown,,False,False
HEALTH2018-09681,AUDI OF MCKINNEY,AUDI OF MCKINNEY  | AUDI OF MCKINNEY,6650 SH 121,HEALTH2018-09681;HEALTH2025-00045,2018-01-16,2025-12-15,14,Other non-restaurant,independent,,False,True
HEALTH2018-09682,"Harvest Seasonal Kitchen 
Providing Champagne and Chocolate Covered Strawberries at MPAC Bridal Open House","Harvest Seasonal Kitchen 
Providing Champagne and Chocolate Covered Strawberries at MPAC Bridal Open House",111 N TENNESSEE ST,HEALTH2018-09682,2018-01-20,2018-01-20,1,Venue/Concession,independent,,True,False
HEALTH2018-09683,"Sterling Events and Catering 
Providing Deviled Eggs for Bridal Open House at MPAC","Sterling Events and Catering 
Providing Deviled Eggs for Bridal Open House at MPAC",111 N TENNESSEE ST,HEALTH2018-09683,2018-01-20,2018-01-20,1,Venue/Concession,independent,,True,False
HEALTH2018-09685,B AND L FOOD 4U,B AND L FOOD 4U,4550 W UNIVERSITY DR,HEALTH2018-09685,2018-01-12,2018-10-12,8,Venue/Concession,independent,,True,False
HEALTH2018-09690,Bridal Show 1/20/18,Bridal Show 1/20/18,111 N TENNESSEE ST,HEALTH2018-09690,2018-01-20,2018-01-20,1,Venue/Concession,independent,,True,False
HEALTH2018-09692,McKinney Bridal Show,McKinney Bridal Show,2110 ELDORADO PKWY 104,HEALTH2018-09692,2018-01-20,2018-01-20,1,Venue/Concession,independent,,False,False
HEALTH2018-09693,PARKS COFFEE,PARKS COFFEE,800 N CENTRAL EXPY,HEALTH2018-09693,2018-02-13,2018-10-19,3,Other non-restaurant,local_multi,,False,False
HEALTH2018-09695,Bridal Shower,Bridal Shower,111 N TENNESSEE ST,HEALTH2018-09695,2018-01-20,2018-01-20,1,Venue/Concession,independent,,True,False
HEALTH2018-09697,SUSHI KIOSK,SUSHI 567 | SUSHI KIOSK  | SUSHI KIOSK,2901 S LAKE FOREST DR,HEALTH2018-09697;HEALTH2019-00625;HEALTH2024-00044,2018-04-04,2025-10-30,19,Grocery/Market,national_regional,mainstream_supermarket,False,False
HEALTH2018-09698,"BRIDAL SHOW - RICKS CHOPHOUSE
Providing a Meat and Cheese Display at MPAC Bridal Open House","BRIDAL SHOW  | Bridal Show | BRIDAL SHOW - RICKS CHOPHOUSE
Providing a Meat and Cheese Display at MPAC Bridal Open House",111 N TENNESSEE ST,HEALTH2018-09698;HEALTH2018-09694;HEALTH2018-09684,2018-01-20,2018-01-20,3,Venue/Concession,independent,,True,False
HEALTH2018-09700,FUZZY'S TACO SHOP,FUZZY'S TACO SHOP,8031 W UNIVERSITY DR 100,HEALTH2018-09700;HEALTH2024-01329,2018-03-09,2025-09-11,24,Mexican/Tex-Mex/Latin,national_regional,,False,False
HEALTH2018-09702,EPJ DONUTS,EPJ DONUTS,7500 STACY RD,HEALTH2018-09702,2018-10-02,2022-05-12,9,Coffee/Cafe/Bakery/Dessert,independent,,False,False
HEALTH2018-09704,CIRCLE K #2741879,CIRCLE K #2741879,8001 W UNIVERSITY DR,HEALTH2018-09704;HEALTH2025-00142,2018-06-05,2026-08-06,17,Convenience/Gas,national_regional,,False,True
HEALTH2018-09711,LUCKY'S LAKE FOREST,LUCKY'S LAKE FOREST,4180 S LAKE FOREST DR 420,HEALTH2018-09711;HEALTH2024-01384,2018-08-01,2026-06-30,17,Other non-restaurant,independent,,False,True
HEALTH2018-09721,OGI'S FOOD AND SERVIES,OGI'S FOOD AND SERVIES,1651 ELDORADO PKWY 108,HEALTH2018-09721,2018-03-05,2022-01-05,13,Other cuisine,independent,,False,False
HEALTH2018-09727,BELTERRA HEALTH AND REHAB,BELTERRA HEALTH AND REHAB | BELTERRA HEALTH AND REHAB ,2170 N LAKE FOREST DR,HEALTH2018-09727;HEALTH2022-00167;HEALTH2024-01165,2018-03-30,2026-04-16,19,Institutional,unknown,,False,True
HEALTH2018-09728,DOMINO'S PIZZA,DOMINO'S PIZZA,7500 STACY RD 110,HEALTH2018-09728;HEALTH2025-00009,2018-08-17,2026-03-10,17,Pizza/Italian,national_regional,,False,True
HEALTH2018-09729,11/17,11/17,1910 N STONEBRIDGE DR 180,HEALTH2018-09729;HEALTH2024-00280,2018-04-24,2026-08-20,21,"American (sit-down, bars, venues)",independent,,False,True
HEALTH2018-09731,JAVITA WEIGHT LOSS COFFEE,JAVITA WEIGHT LOSS COFFEE,4550 W UNIVERSITY DR,HEALTH2018-09731,2018-04-13,2018-04-13,1,Other non-restaurant,independent,,True,False
HEALTH2018-09745,THE IVY OF MCKINNEY - MEMORY CARE,THE IVY OF MCKINNEY - MEMORY CARE,3352 MEDICAL CENTER DR,HEALTH2018-09745;HEALTH2024-01024,2018-10-01,2026-08-24,9,Institutional,unknown,,False,True
HEALTH2018-09746,THE IVY OF MCKINNEY SENIOR CENTER,THE IVY OF MCKINNEY- SENIOR CENTER BLD 1 | THE IVY OF MCKINNEY SENIOR CENTER,3392 MEDICAL CENTER DR,HEALTH2018-09746;HEALTH2019-00536,2018-05-21,2022-11-15,11,Institutional,unknown,,False,False
HEALTH2018-09748,YUMMI SUSHI @ KROGER 488,YUMMI SUSHI KROGER | YUMMI SUSHI @ KROGER 488,1707 W UNIVERSITY DR,HEALTH2018-09748;HEALTH2024-00414,2018-07-12,2025-04-22,12,Grocery/Market,national_regional,mainstream_supermarket,False,False
HEALTH2018-09763,EJ WILLS GASTROPUB,EJ WILLS GASTROPUB,1910 N STONEBRIDGE DR,HEALTH2018-09763,2018-04-24,2023-11-15,18,"American (sit-down, bars, venues)",independent,,False,False
HEALTH2018-09770,MCKINNEY COFFEE CO.,MCKINNEY COFFEE CO.,1910 N STONEBRIDGE DR,HEALTH2018-09770,2018-04-24,2022-10-11,12,Coffee/Cafe/Bakery/Dessert,independent,,False,False
HEALTH2018-09787,ESSENTIALZ - GROCERY,ESSENTIALZ - GROCERY,110 N TENNESSEE ST,HEALTH2018-09787,2018-04-30,2018-12-28,4,Grocery/Market,independent,independent_specialty,False,False
HEALTH2018-09788,ESSENTIALZ - RESTAURANT,ESSENTIALZ - RESTAURANT,110 N TENNESSEE ST,HEALTH2018-09788,2018-07-03,2018-12-28,3,Grocery/Market,independent,independent_specialty,False,False
HEALTH2018-09790,Subway,"Subway 
7500 Stacy Rd #100,
McKinney, TX 75072 | SUBWAY SANDWICHES | Subway",7500 STACY RD 100,HEALTH2018-09790;HEALTH2024-00112;HEALTH2025-00456,2018-07-02,2026-06-02,15,Deli/Sandwich/Salad,national_regional,,False,True
HEALTH2018-09818,LEGENDS SENIOR LIVING,LEGENDS SENIOR LIVING,220 S CRUTCHER CROSSING,HEALTH2018-09818,2018-07-11,2024-02-09,16,Institutional,national_regional,,False,False
HEALTH2018-09819,Dillas Quesadillas,DILLAS QUESADILLAS | Dillas Quesadillas,3510 W UNIVERSITY DR 200,HEALTH2018-09819;HEALTH2024-01202,2018-10-18,2026-05-01,22,Mexican/Tex-Mex/Latin,local_multi,,False,True
HEALTH2018-09821,LILY OF THE VALLEY TEAS & HERBS,LILY OF THE VALLEY TEAS & HERBS,101 E HUNT ST,HEALTH2018-09821,2018-10-13,2018-10-13,1,Other non-restaurant,independent,,True,False
HEALTH2018-09829,GOLDENROOT GINGERBEER,GOLDENROOT GINGERBEER,317 S CHESTNUT ST,HEALTH2018-09829,2018-10-13,2023-05-06,7,Other non-restaurant,independent,,True,False
HEALTH2018-09851,SOUTHERN COMFORT FOODS,SOUTHERN COMFORT FOODS,4550 W UNIVERSITY DR,HEALTH2018-09851,2018-06-15,2018-11-16,4,"American (sit-down, bars, venues)",independent,,True,False
HEALTH2018-09852,BENNY'S CAFE,BENNY'S CAFE | Benny's Cafe,5261 MCKINNEY RANCH PKWY 100,HEALTH2018-09852;HEALTH2019-00007;HEALTH2024-00071,2018-10-19,2026-03-05,20,"American (sit-down, bars, venues)",independent,,False,True
HEALTH2018-09854,FULL QUIVER FARMS,FULL QUIVER FARMS,101 E HUNT ST,HEALTH2018-09854,2018-10-13,2018-10-13,1,Other non-restaurant,independent,,True,False
HEALTH2018-09857,THE YARD,THE YARD,107 S CHURCH ST,HEALTH2018-09857;HEALTH2024-00719,2018-10-30,2026-07-30,19,"American (sit-down, bars, venues)",independent,,False,True
HEALTH2018-09858,THE YARD - BAR,THE YARD BAR | THE YARD - BAR,107 S CHURCH ST,HEALTH2018-09858;HEALTH2024-00720,2019-04-17,2026-07-30,18,"American (sit-down, bars, venues)",independent,,False,False
HEALTH2018-09859,FOXIIS RESTAURANT AND GRILL,FOXIIS RESTAURANT AND GRILL,301 E VIRGINIA ST 103,HEALTH2018-09859;HEALTH2024-00742,2018-07-31,2026-03-16,19,"American (sit-down, bars, venues)",independent,,False,True
HEALTH2018-09866,BRIGHT LIGHT PRESCHOOL,BRIGHT LIGHT PRESCHOOL,2705 VIRGINIA PKWY,HEALTH2018-09866;HEALTH2019-00370;HEALTH2024-00698,2018-08-28,2025-01-27,13,Institutional,independent,,False,False
HEALTH2018-09899,WATTAGE COFFEE CO.,WATTAGE COFFEE CO.,129 S TENNESSEE ST,HEALTH2018-09899,2018-07-30,2021-04-14,7,Coffee/Cafe/Bakery/Dessert,independent,,False,False
HEALTH2018-09903,BRUSTER'S REAL ICE CREAM,BRUSTER'S REAL ICE CREAM,7650 STACY RD SUITE 210,HEALTH2018-09903,2018-05-21,2022-12-02,9,Coffee/Cafe/Bakery/Dessert,national_regional,,False,False
HEALTH2018-09933,FIRO FIRE KISSED PIZZA,FIRO FIRE KISSED PIZZA,3520 W UNIVERSITY DR,HEALTH2018-09933,2018-10-09,2022-08-08,12,Pizza/Italian,national_regional,,False,False
HEALTH2018-09954,CHILDREN'S LIGHTHOUSE,CHILDREN'S LIGHTHOUSE,7900 STACY RD,HEALTH2018-09954;HEALTH2024-00620,2018-07-17,2026-01-30,22,Institutional,national_regional,,False,False
HEALTH2018-09971,SOL'S TEX MEX,SOL'S TEX MEX,119 W VIRGINIA ST,HEALTH2018-09971,2018-08-08,2019-02-12,3,Mexican/Tex-Mex/Latin,independent,,False,False
HEALTH2018-09974,COSTCO GROCERY,COSTCO #1284 GROCERY | COSTCO GROCERY,3650 W UNIVERSITY DR,HEALTH2018-09974;HEALTH2024-00752,2018-10-16,2026-05-29,17,Grocery/Market,national_regional,mainstream_supermarket,False,True
HEALTH2018-09975,COSTCO FOOD COURT,COSTCO #1284 FOOD COURT | COSTCO FOOD COURT,3650 W UNIVERSITY DR,HEALTH2018-09975;HEALTH2024-00754,2018-10-16,2026-05-29,17,Grocery/Market,national_regional,mainstream_supermarket,False,False
HEALTH2018-09976,COSTCO MEAT/DELI,COSTCO #1284 MEAT/DELI | COSTCO MEAT/DELI,3650 W UNIVERSITY DR,HEALTH2018-09976;HEALTH2024-00753,2018-10-16,2026-05-29,17,Grocery/Market,national_regional,mainstream_supermarket,False,False
HEALTH2018-09977,COSTCO BAKERY,COSTCO BAKERY,3650 W UNIVERSITY DR,HEALTH2018-09977;HEALTH2024-00751,2018-10-16,2026-05-29,17,Grocery/Market,national_regional,mainstream_supermarket,False,False
HEALTH2018-09980,SD DONUTS,SD Donuts | SD DONUTS,6000 MCKINNEY RANCH PKWY 110,HEALTH2018-09980;HEALTH2024-00825,2018-08-23,2026-04-01,17,Coffee/Cafe/Bakery/Dessert,independent,,False,True
HEALTH2018-09985,Umai Sushi,UMAI SUSHI | Umai Sushi,470 ADRIATIC PKWY 1106,HEALTH2018-09985;HEALTH2022-00494;HEALTH2024-01085,2018-08-23,2026-04-17,17,Japanese,independent,,False,False
HEALTH2018-09992,Salsa Booth,Salsa Booth,4550 W UNIVERSITY DR,HEALTH2018-09992,2018-06-15,2019-06-15,2,Mexican/Tex-Mex/Latin,independent,,True,False
HEALTH2018-09995,SHIPLEY DONUT,SHIPLEY DONUT DONUT | SHIPLEY DONUT,5000 COLLIN MCKINNEY PKWY 140,HEALTH2018-09995;HEALTH2024-00188,2018-10-15,2026-06-18,7,Coffee/Cafe/Bakery/Dessert,national_regional,,False,True
HEALTH2018-10002,HONEY ROASTED POPCORN,HONEY ROASTED POPCORN,4550 W UNIVERSITY DR,HEALTH2018-10002,2018-11-17,2021-06-19,11,Venue/Concession,independent,,True,False
HEALTH2018-10005,MR BOBA TEA CAFE ,MR BOBA TEA CAFE ,7502 ELDORADO PKWY,HEALTH2018-10005,2018-10-22,2023-02-08,10,Coffee/Cafe/Bakery/Dessert,independent,,False,False
HEALTH2018-10010,THE ACADEMY AT CRAIG RANCH,THE ACADEMY AT CRAIG RANCH,6101 STACY RD,HEALTH2018-10010;HEALTH2024-00116,2018-08-23,2025-04-10,15,Institutional,independent,,False,False
HEALTH2018-10011,HONI'S COFFEE HOUSE,HONI'S COFFEE HOUSE,6101 STACY RD,HEALTH2018-10011,2018-08-23,2024-02-08,12,Coffee/Cafe/Bakery/Dessert,independent,,False,False
HEALTH2018-10052,NEIGHBORHOOD NOSH,NEIGHBORHOOD NOSH,4100 S RIDGE RD,HEALTH2018-10052;HEALTH2019-00598,2019-01-09,2024-07-09,14,Deli/Sandwich/Salad,independent,,False,False
HEALTH2018-10057,RODRIGUEZ GROCERY,RODRIGUEZ GROCERY,902 GREENVILLE RD,HEALTH2018-10057,2019-06-27,2021-07-06,5,Grocery/Market,independent,independent_specialty,False,False
HEALTH2018-10058,STONEBRANCH MICROFARM,STONEBRANCH MICROFARM,315 S CHESTNUT ST,HEALTH2018-10058,2018-10-13,2022-11-12,3,Other non-restaurant,independent,,True,False
HEALTH2018-10060,PANERA BREAD,PANERA BREAD,3755 W UNIVERSITY DR,HEALTH2018-10060;HEALTH2025-00060,2019-04-05,2026-07-13,15,Deli/Sandwich/Salad,national_regional,,False,True
HEALTH2018-10069,DRIP N ROLL,DRIP N ROLL,1681 N CENTRAL EXPY 700,HEALTH2018-10069;HEALTH2024-01081,2018-12-27,2026-08-17,15,Coffee/Cafe/Bakery/Dessert,independent,,False,True
HEALTH2018-10073,MOD PIZZA,MOD PIZZA,3009 S CUSTER RD 100,HEALTH2018-10073;HEALTH2024-00927;HEALTH2026-00017,2018-10-23,2026-07-15,16,Pizza/Italian,national_regional,,False,True
HEALTH2018-10079,SMOOTHIE KING,SMOOTHIE KING,3520 W UNIVERSITY DR 300,HEALTH2018-10079;HEALTH2022-00230;HEALTH2024-01188,2019-03-04,2026-04-03,11,Coffee/Cafe/Bakery/Dessert,national_regional,,False,True
HEALTH2018-10080,NEW YORK PIZZA AND PINTS ,NEW YORK PIZZA AND PINTS II | NEW YORK PIZZA AND PINTS ,4900 ELDORADO PKWY 140,HEALTH2018-10080;HEALTH2025-00099;HEALTH2025-00580,2018-11-07,2026-04-22,23,Pizza/Italian,local_multi,,False,True
HEALTH2018-10082,MCDONLD'S,MCDONLD'S,240 ELDORADO PKWY,HEALTH2018-10082,2018-10-24,2019-01-04,2,Fast Food,national_regional,,False,False
HEALTH2018-10098,LOCAL YOCAL BBQ AND GRILL,LOCAL YOCAL BBQ AND GRILL,350 E LOUISIANA ST A,HEALTH2018-10098;HEALTH2024-01067,2018-11-29,2026-06-17,20,"American (sit-down, bars, venues)",independent,,False,True
HEALTH2018-10101,DOLLAR TREE #7341,DOLLAR TREE | DOLLAR TREE #7341,5151 MCKINNEY RANCH PKWY 100,HEALTH2018-10101;HEALTH2024-00895,2018-11-07,2026-03-03,17,Convenience/Gas,national_regional,,False,True
HEALTH2018-10131,ECONO LODGE INN AND SUITES,ECONO LODGE INN AND SUITES,951 S CENTRAL EXPY,HEALTH2018-10131;HEALTH2024-00326,2018-10-30,2025-12-29,16,Hotel/Caterer/Commissary,national_regional,,False,False
HEALTH2018-10132,THE GRIND BURGER BAR,THE GRIND BURGER BAR,7500 STACY RD,HEALTH2018-10132,2018-11-12,2023-03-07,10,"American (sit-down, bars, venues)",independent,,False,False
HEALTH2018-10137,SONNTAGE ELEMENTARY,SONNTAGE ELEMENTARY,2001 REAGAN DR,HEALTH2018-10137,2018-09-25,2026-02-20,16,Institutional,local_multi,,False,False
HEALTH2018-10142,PATEL BROTHERS,PATEL BROTHERS,8720 SH 121 112,HEALTH2018-10142;HEALTH2024-01118,2018-12-10,2026-03-02,16,Grocery/Market,national_regional,independent_specialty,False,False
HEALTH2018-10143,PATEL BROTHERS supermarket,PATEL BROTHERS supermarket,8720 SH 121 STE 112,HEALTH2018-10143,2018-12-10,2024-09-10,13,Grocery/Market,national_regional,independent_specialty,False,False
HEALTH2018-10144,JAMBA JUICE,JAMBA JUICE | Jamba Juice,1658 W UNIVERSITY DR,HEALTH2018-10144;HEALTH2019-00252;HEALTH2022-00399;HEALTH2024-00726,2018-10-23,2026-06-05,15,Coffee/Cafe/Bakery/Dessert,national_regional,,False,True
HEALTH2018-10146,PREMIER GRILLING,PREMIER GRILLING,2050 W UNIVERSITY DR,HEALTH2018-10146,2018-10-16,2022-07-18,8,Other non-restaurant,independent,,False,False
HEALTH2018-10147,WINKLE CONCESSIONS,WINKLE CONCESSIONS,4550 W UNIVERSITY DR,HEALTH2018-10147,2018-08-17,2018-11-16,3,Venue/Concession,independent,,True,False
HEALTH2018-10151,MCKINNEY ISD STADIUM COMMUNITY EVENT CENTER,MCKINNEY ISD STADIUM COMMUNITY EVENT CENTER,4201 S HARDIN BLVD,HEALTH2018-10151,2018-11-27,2026-04-06,14,Institutional,local_multi,,False,True
HEALTH2018-10152,MCKINNEY ISD STADIUM VISITOR CONCESSION,MCKINNEY ISD STADIUM VISITOR CONCESSION,4201 S HARDIN BLVD,HEALTH2018-10152,2018-11-27,2026-04-06,14,Institutional,local_multi,,False,True
HEALTH2018-10153,MCKINNEY ISD STADIUM HOME CONCESSION,MCKINNEY ISD STADIUM HOME CONCESSION,4201 S HARDIN BLVD,HEALTH2018-10153,2018-11-27,2026-04-06,14,Institutional,local_multi,,False,True
HEALTH2018-10160,Palio's Pizza Cafe,Palio's Pizza Cafe,7200 W UNIVERSITY DR,HEALTH2018-10160,2018-11-14,2023-12-11,12,Pizza/Italian,national_regional,,False,False
HEALTH2018-10172,PEPE'S TACOS Y MAS,PEPE'S TACOS Y MAS,3350 VIRGINIA PKWY,HEALTH2018-10172,2018-11-15,2019-10-28,3,Mexican/Tex-Mex/Latin,independent,,False,False
HEALTH2018-10173,Little Gems Montessori,LITTLE GEMS MONTESSORI | Little Gems Montessori,1721 COMMUNITY AVE,HEALTH2018-10173;HEALTH2025-00067,2018-12-19,2025-12-09,20,Institutional,independent,,False,False
HEALTH2018-10205,Z's Good Vibes Juice Bar,Z's Good Vibes Juice Bar,301 N CUSTER RD STE 100,HEALTH2018-10205,2018-11-06,2024-11-18,16,Coffee/Cafe/Bakery/Dessert,independent,,False,False
HEALTH2018-10271,KING KORN,KING KORN,4550 W UNIVERSITY DR,HEALTH2018-10271,2018-10-12,2019-09-14,6,Venue/Concession,independent,,True,False
HEALTH2018-10274,SWEET THANG CONCESSIONS,SWEET THANG CONCESSIONS,4550 W UNIVERSITY DR,HEALTH2018-10274,2018-10-12,2019-11-15,7,Venue/Concession,independent,,True,False
HEALTH2018-10285,KROGER #567 STARBUCKS,KROGER #567 STARBUCKS,2901 S LAKE FOREST DR,HEALTH2018-10285;HEALTH2024-00638,2018-11-06,2025-10-30,17,Grocery/Market,national_regional,mainstream_supermarket,False,False
HEALTH2018-10286,KWIK STOP ,KWIK STOP ,1009 S MCDONALD ST,HEALTH2018-10286,2019-04-12,2021-10-19,5,Convenience/Gas,independent,,False,False
HEALTH2018-10292,HYDEOUT CAFE,HYDEOUT CAFE,1751 ELDORADO PKWY 300,HEALTH2018-10292;HEALTH2024-01373,2018-12-11,2026-03-23,21,"American (sit-down, bars, venues)",independent,,False,True
HEALTH2018-10310,ELOTES LOCOS,ELOTES LOCOS,821 N MCDONALD ST,HEALTH2018-10310;HEALTH2024-01063,2018-11-27,2026-06-17,19,Mexican/Tex-Mex/Latin,independent,,False,True
HEALTH2018-10327,MARCO'S PIZZA ,MARCO'S PIZZA | MARCO'S PIZZA ,4100 S RIDGE RD 102,HEALTH2018-10327;HEALTH2023-00519;HEALTH2024-01293;HEALTH2025-00421,2018-12-18,2026-05-11,20,Pizza/Italian,national_regional,,False,True
HEALTH2018-10350,GRAPEVINE OLIVE OIL,GRAPEVINE OLIVE OIL,214 N KENTUCKY ST A,HEALTH2018-10350,2018-12-18,2018-12-18,1,Other non-restaurant,local_multi,,False,False
HEALTH2018-10353,QUALITY- INN-MCKINNEY,QUALITY- INN-MCKINNEY,1300 N CENTRAL EXPY,HEALTH2018-10353,2019-06-21,2021-01-08,4,Hotel/Caterer/Commissary,national_regional,,False,False
HEALTH2018-10377,BENNETT CONCESSIONS,BENNETT CONCESSIONS,4550 W UNIVERSITY DR,HEALTH2018-10377,2018-11-16,2019-01-18,2,Venue/Concession,independent,,True,False
HEALTH2018-10379,SW SUSHIHOUSE,SW SUSHIHOUSE,1801 N LAKE FOREST DR,HEALTH2018-10379,2019-04-11,2021-11-30,6,Grocery/Market,national_regional,mainstream_supermarket,False,False
HEALTH2018-10385,UNCORK'D WINE BAR & GRILL,UNCORK'D WINE BAR & GRILL,301 N CUSTER RD 180,HEALTH2018-10385;HEALTH2024-01287,2019-02-12,2026-08-17,17,"American (sit-down, bars, venues)",independent,,False,True
HEALTH2018-10388,NU-LIFE NUTRITION,NU-LIFE NUTRITION,1330 N MCDONALD ST 109,HEALTH2018-10388,2018-12-21,2022-06-27,7,Coffee/Cafe/Bakery/Dessert,independent,,False,False
HEALTH2018-10389,SPICE AND TEA MERCHANTS,Spice and Tea Merchants of Mckinney | SPICE AND TEA MERCHANTS,110 S TENNESSEE ST,HEALTH2018-10389;HEALTH2024-01031,2018-12-19,2026-03-02,15,Other non-restaurant,national_regional,,False,True
HEALTH2018-10398,7-Eleven,7-ELEVEN #38108 | 7-Eleven,8400 SH 121,HEALTH2018-10398;HEALTH2024-01363,2019-04-08,2026-06-11,14,Convenience/Gas,national_regional,,False,True
HEALTH2018-10399,MEALS ON WHEELS,MEALS ON WHEELS,600 N TENNESSEE ST,HEALTH2018-10399;HEALTH2024-00456,2018-12-18,2026-03-13,16,Institutional,independent,,False,False
HEALTH2018-10400,FIVE GUYS BURGERS AND FRIES,FIVE GUYS | FIVE GUYS  | Five Guys Burgers & Fries | FIVE GUYS BURGERS AND FRIES,3530 W UNIVERSITY DR 400,HEALTH2018-10400;HEALTH2020-00027;HEALTH2022-00056;HEALTH2024-00161,2018-12-20,2026-07-30,20,Fast Food,national_regional,,False,True
HEALTH2018-10402,The Prep School McKinney,THE PREP SCHOOL | The Prep School McKinney,5317 W UNIVERSITY DR,HEALTH2018-10402;HEALTH2024-00853,2019-01-10,2025-06-30,13,Institutional,independent,,False,False
HEALTH2018-10403,URBAN AIR MCKINNEY,URBAN AIR ADVENTURE PARK | URBAN AIR MCKINNEY,3150 S HARDIN BLVD,HEALTH2018-10403;HEALTH2022-00280;HEALTH2024-00819,2019-11-08,2026-04-16,16,Venue/Concession,national_regional,,False,True
HEALTH2018-10406,DONUT KITCHEN,DONUT KITCHEN,205 W LOUISIANA ST 102,HEALTH2018-10406,2019-02-13,2020-02-26,4,Coffee/Cafe/Bakery/Dessert,independent,,False,False
HEALTH2018-10409,THE SAMARITAN INN,SAMARITAN INN | THE SAMARITAN INN,1514 N MCDONALD ST,HEALTH2018-10409;HEALTH2024-00102,2019-04-03,2026-01-13,14,Institutional,independent,,False,False
HEALTH2018-10410,MS. PENNY'S KITCHEN,MS. PENNY'S KITCHEN,2612 GABRIEL DR,HEALTH2018-10410,2020-09-19,2022-04-30,3,Venue/Concession,independent,,False,False
HEALTH2018-10411,EXOTIC BLENDZ BUBBLE TEA CO.,EXOTIC BLENDZ BUBBLE TEA CO.  | EXOTIC BLENDZ BUBBLE TEA CO.,3540 W UNIVERSITY DR 300,HEALTH2018-10411;HEALTH2024-01016,2019-11-04,2025-09-29,17,Coffee/Cafe/Bakery/Dessert,independent,,False,False
HEALTH2018-10412,WONDERLAND MONTESSORI ACADEDMY,WONDERLAND MONTESSORI ACADEDMY,3132 HUDSON CROSSING,HEALTH2018-10412;HEALTH2024-01152,2019-10-03,2025-06-26,15,Institutional,independent,,False,False
HEALTH2018-10414,DUINO COFFEE,DUINO COFFEE,7650 STACY RD 200,HEALTH2018-10414;HEALTH2024-01356,2019-02-25,2026-07-22,15,Coffee/Cafe/Bakery/Dessert,independent,,False,True
HEALTH2018-10416,Arby's #8608,Arbys #8608 | Arby's #8608,211 N CUSTER RD,HEALTH2018-10416;HEALTH2024-01318,2019-10-24,2025-02-12,16,Fast Food,national_regional,,False,False
HEALTH2018-10417,SANTORINI GREEK GRILL,SANTORINI GRILL | SANTORINI GREEK GRILL,7810 ELDORADO PKWY 280,HEALTH2018-10417;HEALTH2024-00119,2019-04-11,2026-03-11,15,Mediterranean/Middle Eastern,independent,,False,True
HEALTH2018-10420,KROGER #565 GROCERY,KROGER #565 /  GROCERY | KROGER #565 GROCERY,1801 N LAKE FOREST DR,HEALTH2018-10420;HEALTH2024-00128;HEALTH2026-00038;HEALTH2025-00108,2019-04-11,2026-06-29,14,Grocery/Market,national_regional,mainstream_supermarket,False,True
HEALTH2019-00002,STARBUCKS,STARBUCKS,1801 N LAKE FOREST DR,HEALTH2019-00002;HEALTH2024-00124,2019-04-11,2024-12-06,11,Grocery/Market,national_regional,mainstream_supermarket,False,False
HEALTH2019-00003,Kroger #565 Meat/Seafood,KROGER #565/ MEAT&SEAFOOD | Kroger #565 Meat/Seafood,1801 N LAKE FOREST DR,HEALTH2019-00003;HEALTH2026-00042,2019-04-11,2026-06-16,11,Grocery/Market,national_regional,mainstream_supermarket,False,True
HEALTH2019-00004,KROGER #565 BAKERY,KROGER #565 / BAKERY | KROGER #565 BAKERY | Kroger #565 Bakery,1801 N LAKE FOREST DR,HEALTH2019-00004;HEALTH2024-00127;HEALTH2026-00041;HEALTH2025-00111,2019-04-11,2026-06-29,15,Grocery/Market,national_regional,mainstream_supermarket,False,False
HEALTH2019-00005,KROGER #565 PRODUCE,KROGER #565 / PRODUCE | KROGER #565 PRODUCE  | KROGER #565 PRODUCE,1801 N LAKE FOREST DR,HEALTH2019-00005;HEALTH2024-00126;HEALTH2025-00112,2019-04-11,2026-06-29,15,Grocery/Market,national_regional,mainstream_supermarket,False,False
HEALTH2019-00006,Kroger #565 Deli,KROGER / DELI  | KROGER #565 DELI | Kroger #565 Deli,1801 N LAKE FOREST DR,HEALTH2019-00006;HEALTH2024-00129;HEALTH2025-00107;HEALTH2026-00039,2019-04-11,2026-06-16,15,Grocery/Market,national_regional,mainstream_supermarket,False,False
HEALTH2019-00013,JOSE'S HAMM'S,JOSE'S HAMM'S,307 W LOUISIANA ST,HEALTH2019-00013,2019-05-29,2021-02-10,6,Grocery/Market,independent,independent_specialty,False,False
HEALTH2019-00031,TROPICAL SMOOTHIE CAFE,Tropical Smoothie Café  | TROPICAL SMOOTHIE CAFE,3805 W UNIVERSITY DR 300,HEALTH2019-00031;HEALTH2024-00043,2019-03-22,2026-08-05,19,Coffee/Cafe/Bakery/Dessert,national_regional,,False,True
HEALTH2019-00032,Remains To Be Seen,Remains To Be Seen,4550 W UNIVERSITY DR,HEALTH2019-00032,2019-02-15,2021-10-15,13,Venue/Concession,independent,,True,False
HEALTH2019-00034,COSTCO / BREAK ROOM ,COSTCO / BREAK ROOM ,3650 W UNIVERSITY DR,HEALTH2019-00034,2019-04-18,2024-03-12,11,Other non-restaurant,national_regional,,False,False
HEALTH2019-00036,ENCORE WIRE / BREAK ROOM,ENCORE WIRE / BREAK ROOM,1410 MILLWOOD RD,HEALTH2019-00036;HEALTH2024-00571,2019-12-03,2024-12-20,8,Other non-restaurant,unknown,,False,False
HEALTH2019-00044,Honeylu's Coffee,Honeylu's Coffee,7910 COLLIN MCKINNEY PKWY,HEALTH2019-00044,2019-07-12,2021-07-01,6,Coffee/Cafe/Bakery/Dessert,independent,,False,False
HEALTH2019-00046,Salata,Salata Quick Casual Salad Bar | SALATA | Salata,3540 W UNIVERSITY DR 400,HEALTH2019-00046;HEALTH2023-00518;HEALTH2025-00165,2019-06-24,2026-07-24,20,Deli/Sandwich/Salad,national_regional,,False,True
HEALTH2019-00048,BBQ Kitchen Trailer,BBQ Kitchen Trailer,4550 W UNIVERSITY DR,HEALTH2019-00048,2019-02-15,2021-10-15,13,"American (sit-down, bars, venues)",independent,,True,False
HEALTH2019-00049,PETRA MEXICAN BISTRO,PETRA MEXICAN BISTRO,7200 W UNIVERSITY DR 100,HEALTH2019-00049;HEALTH2024-00302,2019-03-12,2026-07-23,20,Mexican/Tex-Mex/Latin,independent,,False,True
HEALTH2019-00051,MS. PENNY'S KITCHEN,MS. PENNY'S KITCHEN,4550 W UNIVERSITY DR,HEALTH2019-00051,2019-02-15,2020-11-13,10,Venue/Concession,independent,,True,False
HEALTH2019-00052,THE AMAZING DIP COMPANY,THE AMAZING DIP COMPANY,4550 W UNIVERSITY DR,HEALTH2019-00052,2019-02-15,2019-06-15,4,Other non-restaurant,independent,,True,False
HEALTH2019-00053,7-ELEVEN STORE #33697,7-Eleven Convenience Store #33697B | 7-ELEVEN STORE #33697,3975 S LAKE FOREST DR,HEALTH2019-00053;HEALTH2024-00906,2019-10-17,2026-03-16,14,Convenience/Gas,national_regional,,False,True
HEALTH2019-00054,HARRY'S ON THE HARBOR,HARRY'S ON THE HARBOR,6601 MEDITERRANEAN DR,HEALTH2019-00054;HEALTH2023-00079,2019-06-27,2023-10-03,15,"American (sit-down, bars, venues)",independent,,False,False
HEALTH2019-00059,Boardwalk Bites,Boardwalk Bites,4550 W UNIVERSITY DR,HEALTH2019-00059,2019-06-15,2019-11-15,3,Venue/Concession,independent,,True,False
HEALTH2019-00061,SOL'S MEXICAN GRILL,SOL'S MEXICAN GRILL,119 W VIRGINIA ST,HEALTH2019-00061,2019-06-13,2019-10-14,2,Mexican/Tex-Mex/Latin,independent,,False,False
HEALTH2019-00062,Sweet Art Bakery,SWEET ART BAKERY | Sweet Art Bakery,407 E LOUISIANA ST,HEALTH2019-00062;HEALTH2021-00414,2019-06-13,2024-10-10,14,Coffee/Cafe/Bakery/Dessert,independent,,False,False
HEALTH2019-00067,Donut Box,DONUT BOX | Donut Box,4100 S RIDGE RD 100,HEALTH2019-00067;HEALTH2022-00040;HEALTH2024-00303,2019-04-23,2025-07-22,19,Coffee/Cafe/Bakery/Dessert,local_multi,,False,False
HEALTH2019-00074,SHIPLEY DO-NUTS,SHIPLEY DO-NUTS,5000 COLLIN MCKINNEY PKWY 140,HEALTH2019-00074,2019-06-20,2024-01-03,10,Coffee/Cafe/Bakery/Dessert,national_regional,,False,False
HEALTH2019-00077,LITTLE GREEK MCKINNEY,"LITTLE GREEK RESTAURANT

STE 808 | LITTLE GREEK MCKINNEY",2058 W UNIVERSITY DR 808,HEALTH2019-00077;HEALTH2022-00294;HEALTH2024-00455,2019-05-28,2026-03-26,19,Mediterranean/Middle Eastern,national_regional,,False,True
HEALTH2019-00085,CHICKEN SALAD CHICK,CHICKEN SALAD CHICK,3520 W UNIVERSITY DR 100,HEALTH2019-00085;HEALTH2024-00163,2019-05-30,2026-08-17,18,Deli/Sandwich/Salad,national_regional,,False,True
HEALTH2019-00091,Pancheros Mexican Grill,Pancheros Mexican Grill,3905 W UNIVERSITY DR STE 500,HEALTH2019-00091,2019-05-28,2020-02-25,3,Mexican/Tex-Mex/Latin,national_regional,,False,False
HEALTH2019-00106,BOYD HIGH SCHOOL BASEBALL CONCESSION,BOYD HIGH SCHOOL BASEBALL CONCESSION,600 N LAKE FOREST DR,HEALTH2019-00106,2019-04-10,2026-04-02,13,Institutional,local_multi,,False,False
HEALTH2019-00107,BOYD HIGH SCHOOL INSIDE CONCESSION,BOYD HIGH SCHOOL INSIDE CONCESSION,600 N LAKE FOREST DR,HEALTH2019-00107,2019-04-10,2026-04-02,13,Institutional,local_multi,,False,False
HEALTH2019-00108,BOYD HIGH SCHOOL TENNIS CONCESSION,BOYD HIGH SCHOOL TENNIS CONCESSION,600 N LAKE FOREST DR,HEALTH2019-00108,2019-04-10,2026-04-02,12,Institutional,local_multi,,False,False
HEALTH2019-00109,SAM SERIO MISD NATATORIUM,SAM SERIO MISD NATATORIUM,1400 WILSON CREEK PKWY,HEALTH2019-00109,2019-04-10,2019-04-10,1,Institutional,local_multi,,False,True
HEALTH2019-00110,CINEMARK #1154 MCKINNEY,CINEMARK #1154 MCKINNEY,1701 N HARDIN BLVD,HEALTH2019-00110;HEALTH2024-00619,2019-06-17,2026-08-11,18,Venue/Concession,national_regional,,False,True
HEALTH2019-00117,PRIMROSE SCHOOL OF STONEBROOK,PRIMROSE SCHOOL OF STONEBROOK,5651 VIRGINIA PKWY,HEALTH2019-00117,2019-03-29,2023-11-28,14,Institutional,national_regional,,False,False
HEALTH2019-00120,Home2 Suites,Home2 Suites,2630 S CENTRAL EXPY,HEALTH2019-00120,2019-10-28,2024-08-23,10,Hotel/Caterer/Commissary,national_regional,,False,False
HEALTH2019-00129,MOD PIZZA,MOD PIZZA,1871 N LAKE FOREST DR 900,HEALTH2019-00129;HEALTH2024-00448;HEALTH2025-00917,2019-08-20,2026-08-03,15,Pizza/Italian,national_regional,,False,True
HEALTH2019-00132,JERSEY MIKE'S SUBS,JERSEY MIKES SUBS | JERSEY MIKE'S SUBS,1821 N LAKE FOREST DR 500,HEALTH2019-00132;HEALTH2024-00463;HEALTH2025-00296,2019-06-18,2026-04-03,20,Deli/Sandwich/Salad,national_regional,,False,True
HEALTH2019-00141,FRESH MEX,FRESH MEX,317 S CHESTNUT ST,HEALTH2019-00141,2020-09-19,2020-09-19,1,Mexican/Tex-Mex/Latin,independent,,True,False
HEALTH2019-00143,DUNKIN' DONUTS,DUNKIN' DONUTS,3805 W UNIVERSITY DR 500,HEALTH2019-00143;HEALTH2024-00478,2019-06-17,2026-08-05,14,Coffee/Cafe/Bakery/Dessert,national_regional,,False,True
HEALTH2019-00144,COOLEY BAY WINERY,COOLEY BAY WINERY,317 S CHESTNUT ST,HEALTH2019-00144,2020-09-19,2020-09-19,1,Other non-restaurant,independent,,True,False
HEALTH2019-00151,51 RAINBOW ICE CREAMS & SHAKES,51 RAINBOW ICE CREAMS & SHAKES,5151 MCKINNEY RANCH PKWY,HEALTH2019-00151,2019-07-23,2021-07-22,6,Coffee/Cafe/Bakery/Dessert,independent,,False,False
HEALTH2019-00153,CHILDREN'S LEARNING ADENTURE,CHILDREN'S LEARNING ADENTURE,5151 S CUSTER RD,HEALTH2019-00153,2019-05-13,2019-05-13,1,Institutional,national_regional,,False,False
HEALTH2019-00191,Creme De la Creme,CREME DE LA CREME | Creme De la Creme,5151 S CUSTER RD,HEALTH2019-00191;HEALTH2023-00303;HEALTH2024-00618,2019-06-21,2025-08-12,17,Institutional,national_regional,,False,False
HEALTH2019-00199,Anamia's Tex-Mex,Anamia's Tex-Mex,1821 N LAKE FOREST DR 100,HEALTH2019-00199;HEALTH2024-00848,2019-08-05,2026-08-05,18,Mexican/Tex-Mex/Latin,local_multi,,False,True
HEALTH2019-00201,PARRISH SNOWBALL,PARRISH SNOWBALL,1600 W VIRGINIA ST,HEALTH2019-00201,2020-06-24,2022-07-25,3,Coffee/Cafe/Bakery/Dessert,independent,,False,False
HEALTH2019-00207,BURGER IM,BURGER IM,3805 W UNIVERSITY DR 100,HEALTH2019-00207,2019-06-21,2019-11-14,2,Fast Food,national_regional,,False,False
HEALTH2019-00210,DIVERSE,DIVERSE,4550 W UNIVERSITY DR,HEALTH2019-00210,2019-09-13,2020-06-12,3,Venue/Concession,independent,,True,False
HEALTH2019-00222,HONEST RESTAURANT,HONEST RESTAURANT,8910 SH 121 220,HEALTH2019-00222;HEALTH2024-00386,2020-10-01,2026-04-03,17,Indian,national_regional,,False,True
HEALTH2019-00226,Revital U,Revital U,4550 W UNIVERSITY DR,HEALTH2019-00226,2019-09-13,2019-11-15,2,Other non-restaurant,independent,,True,False
HEALTH2019-00230,Jr Lunch Truck,Jr Lunch Truck,4550 W UNIVERSITY DR,HEALTH2019-00230,2020-09-19,2020-11-13,2,Venue/Concession,independent,,True,False
HEALTH2019-00232,FURR ELEMENTARY SCHOOL,FURR ELEMENTARY SCHOOL,551 S BLUESTEM DR,HEALTH2019-00232,2019-09-11,2026-03-12,14,Institutional,local_multi,,False,False
HEALTH2019-00242,LA MICHOACAN - MEAT,LA MICHOACAN - MEAT,311 W UNIVERSITY DR,HEALTH2019-00242;HEALTH2024-00585,2019-10-01,2026-04-29,11,Grocery/Market,national_regional,independent_specialty,False,False
HEALTH2019-00245,The Gelato Cone,The Gelato Cone,2651 S RIDGE RD 104,HEALTH2019-00245,2019-07-11,2020-06-26,4,Coffee/Cafe/Bakery/Dessert,independent,,False,False
HEALTH2019-00250,HAMPTON INN & SUITES,HAMPTON | HAMPTON INN & SUITES,2008 N CENTRAL EXPY,HEALTH2019-00250;HEALTH2024-00969,2019-07-22,2026-03-23,14,Hotel/Caterer/Commissary,national_regional,,False,True
HEALTH2019-00257,Encore Wire Plant 6A,Encore Wire Plant 6A,1329 MILLWOOD RD,HEALTH2019-00257;HEALTH2024-00572,2019-12-03,2024-12-20,8,Other non-restaurant,unknown,,False,False
HEALTH2019-00258,Encore Wire Plant 6B,Encore Wire Plant 6B,1329 MILLWOOD RD,HEALTH2019-00258,2019-12-03,2023-12-14,7,Other non-restaurant,unknown,,False,False
HEALTH2019-00259,Encore Wire Plant 3,Encore Wire Plant 3,1329 MILLWOOD RD,HEALTH2019-00259;HEALTH2024-00574,2019-12-03,2025-12-09,8,Other non-restaurant,unknown,,False,False
HEALTH2019-00260,Encore Wire Plant 4,Encore Wire Plant 4,1329 MILLWOOD RD,HEALTH2019-00260;HEALTH2024-00575,2019-12-03,2024-12-20,8,Other non-restaurant,unknown,,False,False
HEALTH2019-00261,AWESOME KIDS ACADEMY,AWESOME KIDS ACADEMY,3801 ALMA RD,HEALTH2019-00261,2019-10-30,2024-05-03,10,Institutional,independent,,False,False
HEALTH2019-00266,"Gyro, Fried items, meat and dry grocery to go itmes.","Gyro, Fried items, meat and dry grocery to go itmes.",2310 VIRGINIA PKWY 130,HEALTH2019-00266,2019-09-26,2021-03-04,5,Grocery/Market,independent,independent_specialty,False,False
HEALTH2019-00303,"ASIAN BUFFET

ASIAN BUFFET

ASIAN BUFFET

ASIAN BUFFET
ASIAN BUFFET","ASIAN BUFFET | ASIAN BUFFET

ASIAN BUFFET

ASIAN BUFFET

ASIAN BUFFET
ASIAN BUFFET",920 N CENTRAL EXPY,HEALTH2019-00303;HEALTH2024-00646,2019-09-19,2026-04-08,19,Asian (unspecified),independent,,False,True
HEALTH2019-00316,Wing Bucket,Wing Bucket,3510 W UNIVERSITY DR 100,HEALTH2019-00316,2019-12-03,2022-11-15,11,"American (sit-down, bars, venues)",local_multi,,False,False
HEALTH2019-00321,Chesnut Village Coffee & Gift Shop 24 Hour Micromarket,Chesnut Village Coffee & Gift Shop 24 Hour Micromarket,5252 W UNIVERSITY DR,HEALTH2019-00321;HEALTH2024-00749,2019-11-20,2026-03-24,19,Other non-restaurant,unknown,,False,False
HEALTH2019-00322,Arcade 92,Arcade 92,305 E VIRGINIA ST 103,HEALTH2019-00322;HEALTH2025-00098,2020-03-10,2026-07-28,16,"American (sit-down, bars, venues)",independent,,False,True
HEALTH2019-003684,BLUE OLIVE GRILL,BLUE OLIVE GRILL,2414 W UNIVERSITY DR 124,HEALTH2019-003684;HEALTH2025-00091,2017-11-29,2026-06-25,15,Mediterranean/Middle Eastern,independent,,False,True
HEALTH2019-00371,THE COOKIE CRAVE,THE COOKIE CRAVE,315 S CHESTNUT ST,HEALTH2019-00371,2021-04-03,2021-11-06,2,Coffee/Cafe/Bakery/Dessert,independent,,True,False
HEALTH2019-00372,The Goddard School,The Goddard School,1801 N RIDGE RD,HEALTH2019-00372;HEALTH2024-00900,2022-03-23,2025-06-30,7,Institutional,national_regional,,False,False
HEALTH2019-00376,"LOKOS STREET FOOD
and  desserts","LOKOS STREET FOOD
and  desserts",301 E LOUISIANA ST,HEALTH2019-00376,2019-12-11,2020-05-11,2,Mexican/Tex-Mex/Latin,independent,,False,False
HEALTH2019-00377,GOLDEN GRACE DAY ACTIVITY & HEALTH SERVICES CENTER,GOLDEN GRACE DAY ACTIVITY & HEALTH SERVICES CENTER,1710 N MCDONALD ST,HEALTH2019-00377,2020-03-12,2023-12-05,14,Institutional,independent,,False,False
HEALTH2019-00379,SUSHI KOSHI,SUSHI KOSHI,1910 N STONEBRIDGE DR 150,HEALTH2019-00379;HEALTH2024-00863,2019-11-06,2026-04-03,14,Japanese,independent,,False,True
HEALTH2019-00380,"natural fruit drink blended in ice with different flavors, mango, coconut, and strawberry.","natural fruit drink blended in ice with different flavors, mango, coconut, and strawberry.",4550 W UNIVERSITY DR,HEALTH2019-00380,2019-09-14,2019-09-14,1,Coffee/Cafe/Bakery/Dessert,independent,,True,False
HEALTH2019-00382,Imagine International Academy of North Texas,Imagine International Academy of North Texas,2860 VIRGINIA PKWY,HEALTH2019-00382,2019-09-10,2026-04-17,14,Institutional,independent,,False,False
HEALTH2019-00384,PAPA G'S NEST BOX,PAPA G'S NEST BOX,317 S CHESTNUT ST,HEALTH2019-00384,2020-09-19,2024-10-26,6,Other non-restaurant,independent,,True,False
HEALTH2019-00391,THE LEARNING EXPERIENCE,THE LEARNING EXPERIENCE,4501 S RIDGE RD,HEALTH2019-00391;HEALTH2024-00947,2019-11-07,2025-08-18,11,Institutional,national_regional,,False,False
HEALTH2019-00409,Jersey Mike's Sub Shop,Jersey Mike's Sub Shop,4200 ELDORADO PKWY 400,HEALTH2019-00409,2019-12-12,2024-08-20,15,Deli/Sandwich/Salad,national_regional,,False,False
HEALTH2019-00412,IVY VINE PRESCHOOL * SEE NOTES*,IVY VINE PRESCHOOL * SEE NOTES*,5780 VIRGINIA PKWY,HEALTH2019-00412,2019-12-03,2021-02-03,3,Institutional,independent,,False,False
HEALTH2019-00414,,,3009 S CUSTER RD 500,HEALTH2019-00414,2019-08-14,2019-08-14,1,"American (sit-down, bars, venues)",national_regional,,False,False
HEALTH2019-00423,Social Living Real Estate Boutique,Social Living Real Estate Boutique,120 W LOUISIANA ST,HEALTH2019-00423,2019-11-06,2019-11-06,1,Other non-restaurant,independent,,False,False
HEALTH2019-00431,Guitars and Growlers,Guitars and Growlers,2741 VIRGINIA PKWY STE 500,HEALTH2019-00431,2019-11-02,2024-06-03,11,"American (sit-down, bars, venues)",local_multi,,False,False
HEALTH2019-00440,Papi Churros,Papi Churros,4550 W UNIVERSITY DR,HEALTH2019-00440,2019-09-13,2021-10-15,8,Coffee/Cafe/Bakery/Dessert,independent,,True,False
HEALTH2019-00442,FIRST WATCH #292,FIRST WATCH #292,3009 S CUSTER RD 500,HEALTH2019-00442,2019-10-24,2024-05-31,17,"American (sit-down, bars, venues)",national_regional,,False,False
HEALTH2019-00456,TROPICAL SMOOTHIE,TROPICAL SMOOTHIE CAFE | TROPICAL SMOOTHIE,6675 S CUSTER RD 100,HEALTH2019-00456;HEALTH2022-00202;HEALTH2024-00641;HEALTH2025-00902,2019-11-25,2026-06-02,21,Coffee/Cafe/Bakery/Dessert,national_regional,,False,True
HEALTH2019-00458,Sweetwaters Coffee & Tea,Sweetwaters Coffee & Tea,4701 S CUSTER RD 500,HEALTH2019-00458;HEALTH2024-01126,2019-10-23,2026-06-11,18,Coffee/Cafe/Bakery/Dessert,national_regional,,False,True
HEALTH2019-00475,Freddy's Frozen Custer,Freddy's Frozen Custer,8850 STACY RD,HEALTH2019-00475;HEALTH2024-01222,2019-11-21,2026-07-07,21,Fast Food,national_regional,,False,True
HEALTH2019-00479,Springhill Suites,Springhill Suites,2660 S CENTRAL EXPY,HEALTH2019-00479;HEALTH2024-01042,2019-12-10,2026-08-04,13,Hotel/Caterer/Commissary,national_regional,,False,True
HEALTH2019-00499,FIRST WATCH #291,FIRST WATCH #291,3530 W UNIVERSITY DR 100,HEALTH2019-00499;HEALTH2024-01072,2019-11-18,2026-07-22,17,"American (sit-down, bars, venues)",national_regional,,False,True
HEALTH2019-00506,SMITHART'S CRAFT FOOD & CHEERS,SMITHART'S CRAFT FOOD & CHEERS,1751 ELDORADO PKWY 310,HEALTH2019-00506,2019-11-21,2020-02-19,2,"American (sit-down, bars, venues)",independent,,False,False
HEALTH2019-00514,ARISTIDE|MCKINNEY,Aristide|McKinney | ARISTIDE|MCKINNEY,6200 TPC DR,HEALTH2019-00514;HEALTH2024-00298,2019-11-14,2026-04-17,20,"American (sit-down, bars, venues)",local_multi,,False,True
HEALTH2019-00517,PRIME MONTESSORI,PRIME MONTESSORI,6800 BOUNTIFUL GROVE DR,HEALTH2019-00517,2020-02-18,2020-07-23,2,Institutional,independent,,False,False
HEALTH2019-00530,Mike's Backyard BBQ Shack,Mike's Backyard BBQ Shack,4550 W UNIVERSITY DR,HEALTH2019-00530,2019-11-15,2020-01-18,2,"American (sit-down, bars, venues)",independent,,True,False
HEALTH2019-00533,APPLEBEE MONTESSORI ACADEMY,Applebee Montessori Academy | APPLEBEE MONTESSORI ACADEMY,1770 N STONEBRIDGE DR,HEALTH2019-00533;HEALTH2025-00057,2020-12-14,2025-10-08,13,Institutional,independent,,False,False
HEALTH2019-00544,El Mejor Mexican Kitchen + Cantina,El Mejor Mexican Kitchen + Cantina,119 W VIRGINIA ST 100,HEALTH2019-00544;HEALTH2024-01244,2019-12-19,2026-03-10,21,Mexican/Tex-Mex/Latin,independent,,False,True
HEALTH2019-00570,CHARRED GRILLS & OUTDOORS,CHARRED GRILLS & OUTDOORS,1411 N CUSTER RD 1200,HEALTH2019-00570,2020-01-07,2023-01-06,7,Other non-restaurant,independent,,False,False
HEALTH2019-00578,Ladybird Academy,LADYBIRD ACADEMY | Ladybird Academy,1922 S INDEPENDENCE PKWY,HEALTH2019-00578;HEALTH2025-00160,2020-01-03,2025-09-11,12,Institutional,national_regional,,False,False
HEALTH2019-00584,7- ELEVEN CONVENIENCE STORE #38447A,7-Eleven Convenience Store | 7- ELEVEN CONVENIENCE STORE #38447A,204 N COIT RD,HEALTH2019-00584;HEALTH2024-01374,2020-01-07,2026-07-08,14,Convenience/Gas,national_regional,,False,True
HEALTH2019-00617,THE COOKIE CRAVE,THE COOKIE CRAVE,4550 W UNIVERSITY DR,HEALTH2019-00617,2019-11-15,2021-06-19,6,Coffee/Cafe/Bakery/Dessert,independent,,True,False
HEALTH2019-00648,ICHIBAN,ICHIBAN,210 N CUSTER RD 130,HEALTH2019-00648,2020-04-17,2024-09-19,17,Asian (unspecified),independent,,False,False
HEALTH2019-00650,RACETRAC #130,RACETRAC | RACETRAC #130,1608 S MCDONALD ST,HEALTH2019-00650;HEALTH2024-01166,2020-01-06,2026-07-20,13,Convenience/Gas,national_regional,,False,True
HEALTH2019-00660,Encore Wire Plant 1,Encore Wire Plant 1,1329 MILLWOOD RD,HEALTH2019-00660;HEALTH2024-01279,2020-07-07,2024-12-20,7,Other non-restaurant,unknown,,False,True
HEALTH2019-00661,Encore Wire Plant 2,Encore Wire Plant 2,1329 MILLWOOD RD,HEALTH2019-00661;HEALTH2024-01278,2020-07-07,2024-12-20,7,Other non-restaurant,unknown,,False,True
HEALTH2019-00662,Encore Wire Rodmill,Encore Wire Rodmill,1329 MILLWOOD RD,HEALTH2019-00662;HEALTH2024-01277,2020-07-07,2024-12-20,7,Other non-restaurant,unknown,,False,False
HEALTH2019-00672,Hissho Sushi @ Target 2142,Hissho Sushi @ Target 2142,8900 SH 121,HEALTH2019-00672;HEALTH2024-01236,2020-06-08,2025-09-30,8,Grocery/Market,national_regional,mainstream_supermarket,False,False
HEALTH2019-00673,Oak Brook School McKinney,Oak Brook School McKinney,6363 ELDORADO PKWY,HEALTH2019-00673,2020-02-13,2024-08-12,12,Institutional,independent,,False,False
HEALTH2019-00679,CESARS MEXICAN GRILL,CESARS MEXICAN GRILL,4150 ELDORADO PKWY 500,HEALTH2019-00679;HEALTH2025-00063,2020-02-21,2026-03-02,18,Mexican/Tex-Mex/Latin,independent,,False,False
HEALTH2020-00009,Truckers Lounge,Truckers Lounge,1410 MILLWOOD RD,HEALTH2020-00009,2020-07-07,2022-12-30,5,Other non-restaurant,unknown,,False,False
HEALTH2020-00010,AVALANCHE DESSERTS,AVALANCHE DESSERTS,3530 W UNIVERSITY DR 200,HEALTH2020-00010,2020-06-22,2020-06-22,1,Coffee/Cafe/Bakery/Dessert,independent,,False,False
HEALTH2020-00011,KELLY'S SMOOTHIES,KELLY'S SMOOTHIES,2875 S CENTRAL EXPY,HEALTH2020-00011,2020-06-18,2021-06-21,3,Coffee/Cafe/Bakery/Dessert,independent,,False,False
HEALTH2020-00017,"HIDDEN SPRINGS
","HIDDEN SPRINGS | HIDDEN SPRINGS
",6421 MCKINNEY RANCH PKWY,HEALTH2020-00017;HEALTH2024-00308,2020-06-17,2026-04-24,19,Institutional,unknown,,False,True
HEALTH2020-00019,Kick It Up,Kick It Up,4550 W UNIVERSITY DR,HEALTH2020-00019,2020-06-14,2022-05-13,7,Venue/Concession,independent,,True,False
HEALTH2020-00031,FISH BOWL FISH,FISH BOWL FISH,3540 W UNIVERSITY DR 100,HEALTH2020-00031,2020-02-25,2023-12-28,13,Other cuisine,independent,,False,False
HEALTH2020-00033,WILLIAMS CHICKEN,WILLIAM'S CHICKEN | WILLIAMS CHICKEN,204 W UNIVERSITY DR,HEALTH2020-00033;HEALTH2024-00442,2020-07-23,2026-08-25,18,Fast Food,national_regional,,False,True
HEALTH2020-00046,Salsa Stand,Salsa Stand,4550 W UNIVERSITY DR,HEALTH2020-00046,2020-05-15,2021-10-16,4,Other non-restaurant,independent,,True,False
HEALTH2020-00048,STARBUCKS COFFEE #58513,Starbucks #58513 | STARBUCKS COFFEE #58513,5101 W UNIVERSITY DR,HEALTH2020-00048;HEALTH2024-00107,2020-06-16,2026-06-05,12,Coffee/Cafe/Bakery/Dessert,national_regional,,False,True
HEALTH2020-00050,STARBUCKS COFFEE #6258,STARBUCKS | STARBUCKS COFFEE #6258,3301 ELDORADO PKWY 100,HEALTH2020-00050;HEALTH2024-00106,2020-03-05,2026-03-31,12,Coffee/Cafe/Bakery/Dessert,national_regional,,False,True
HEALTH2020-00065,Vitality Bowls,Vitality Bowls,3610 W UNIVERSITY DR 100,HEALTH2020-00065;HEALTH2024-00869,2020-09-25,2026-08-12,17,Coffee/Cafe/Bakery/Dessert,national_regional,,False,True
HEALTH2020-00075,Excalibur Market Place,Excalibur Market Place,4550 W UNIVERSITY DR P3P4,HEALTH2020-00075,2020-05-15,2021-06-18,6,Venue/Concession,independent,,True,False
HEALTH2020-00083,SWEETS AND EATS,SWEETS AND EATS,4550 W UNIVERSITY DR,HEALTH2020-00083,2020-05-15,2021-10-16,7,Venue/Concession,independent,,True,False
HEALTH2020-00084,DOLLAR TREEE #8264,DOLLAR TREEE #8264,1620 N HARDIN BLVD 1400,HEALTH2020-00084;HEALTH2024-00813,2020-08-28,2026-07-02,13,Convenience/Gas,national_regional,,False,True
HEALTH2020-00085,PEACHWAVE OF MCKINNEY,Peachwave | PEACHWAVE OF MCKINNEY,1411 N CUSTER RD 700,HEALTH2020-00085;HEALTH2022-00200,2020-11-10,2022-08-30,2,Coffee/Cafe/Bakery/Dessert,national_regional,,False,False
HEALTH2020-00086,GABE NESBITT BASEBALL,GABE NESBITT BASEBALL,7001 ELDORADO PKWY,HEALTH2020-00086;HEALTH2024-00431,2021-03-19,2025-02-19,10,Venue/Concession,independent,,False,False
HEALTH2020-00089,Gabe Nesbitt Softball Complex,Gabe Nesbitt Softball Complex,3205 ALMA RD,HEALTH2020-00089,2021-03-19,2021-03-19,1,Venue/Concession,independent,,False,False
HEALTH2020-00091,TEXAS FOREST FARM,TEXAS FOREST FARM,317 S CHESTNUT ST,HEALTH2020-00091,2020-09-19,2022-04-30,3,Other non-restaurant,independent,,True,True
HEALTH2020-00092,ROUND TABLE PIZZA,Round Table PIzza | ROUND TABLE PIZZA,7951 COLLIN MCKINNEY PKWY 1600,HEALTH2020-00092;HEALTH2024-00449,2020-10-22,2024-08-21,9,Pizza/Italian,national_regional,,False,False
HEALTH2020-00093,McDONALD'S,McDONALD'S,5251 W UNIVERSITY DR,HEALTH2020-00093;HEALTH2024-00633,2020-10-12,2026-07-17,17,Fast Food,national_regional,,False,True
HEALTH2020-00097,SCALLYWAGS,SCALLYWAGS,3850 ELDORADO PKWY,HEALTH2020-00097,2020-06-29,2020-06-29,1,Coffee/Cafe/Bakery/Dessert,independent,,False,False
HEALTH2020-00099,BODEGA @ CRAIG RANCH,BODEGA @ CRAIG RANCH,7951 COLLIN MCKINNEY PKWY,HEALTH2020-00099,2020-10-23,2023-08-16,8,Convenience/Gas,independent,,False,False
HEALTH2020-00102,Urban Value Corner Store,Urban Value Corner Store,6501 MEYER WAY,HEALTH2020-00102;HEALTH2024-01247,2020-09-11,2026-08-31,12,Convenience/Gas,independent,,False,True
HEALTH2020-00111,The Tilted Kettle,The Tilted Kettle,4550 W UNIVERSITY DR,HEALTH2020-00111,2020-06-14,2024-11-15,17,Venue/Concession,independent,,True,True
HEALTH2020-00113,Original ChopShop,Original ChopShop,3041 S CUSTER RD 100,HEALTH2020-00113;HEALTH2024-00561,2020-09-11,2026-04-21,18,Deli/Sandwich/Salad,national_regional,,False,True
HEALTH2020-00117,Behavioral Health Pavilion Servey,Behavioral Health Pavilion Servey,4500 MEDICAL CENTER DR,HEALTH2020-00117,2020-09-01,2024-09-10,13,Institutional,national_regional,,False,False
HEALTH2020-00118,Cinnaholic bakery,Cinnaholic | CINNAHOLIC | Cinnaholic bakery,8930 SH 121 570,HEALTH2020-00118;HEALTH2023-00466;HEALTH2025-00130;HEALTH2026-00019,2020-09-17,2026-07-13,15,Coffee/Cafe/Bakery/Dessert,national_regional,,False,True
HEALTH2020-00119,4R Ranch Vineyards,4R RANCH VINEYARDS & WINERY | 4R Ranch Vineyards,110 E LOUISIANA ST 100,HEALTH2020-00119;HEALTH2024-01321,2021-02-04,2026-02-19,12,Other non-restaurant,local_multi,,False,False
HEALTH2020-00122,BAKER'S DRIVE - IN,Baker's Drive In | BAKER'S DRIVE IN | BAKER'S DRIVE - IN,1001 S MCDONALD ST,HEALTH2020-00122;HEALTH2023-00233;HEALTH2024-00444,2020-07-15,2026-04-23,16,"American (sit-down, bars, venues)",independent,,False,False
HEALTH2020-00124,TOP OF THE WORLD PRESCHOOL,TOP OF THE WORLD PRESCHOOL,451 S LAKE FOREST DR,HEALTH2020-00124;HEALTH2024-00653,2020-07-23,2024-06-13,12,Institutional,independent,,False,False
HEALTH2020-00125,LOST RUBY RANCH,LOST RUBY RANCH,317 S CHESTNUT ST,HEALTH2020-00125,2020-09-19,2023-05-06,4,Other non-restaurant,independent,,True,False
HEALTH2020-00126,SUGARBACON,SUGARBACON  | SUGARBACON,216 W VIRGINIA ST 101,HEALTH2020-00126;HEALTH2024-00854,2020-11-18,2026-08-25,14,"American (sit-down, bars, venues)",independent,,False,True
HEALTH2020-00127,A TASTE OF MEXICO,A TASTE OF MEXICO,4550 W UNIVERSITY DR,HEALTH2020-00127,2020-06-12,2020-06-12,1,Mexican/Tex-Mex/Latin,independent,,True,False
HEALTH2020-00128,TERESA'S HOUSE CRAIG RANCH BLDG 3,TERESA'S HOUSE CRAIG RANCH BLDG 3,6531 COLLIN MCKINNEY PKWY,HEALTH2020-00128;HEALTH2024-00796,2020-09-08,2026-03-20,14,Institutional,independent,,False,True
HEALTH2020-00132,IVY KIDS,IVY KIDS,300 N COIT RD,HEALTH2020-00132;HEALTH2024-00851,2020-11-19,2025-07-25,9,Institutional,national_regional,,False,False
HEALTH2020-00136,DISCOVERY LEARNING CENTER,DISCOVERY LEARNING CENTER,1815 W WHITE AVE,HEALTH2020-00136;HEALTH2024-00605,2020-09-29,2025-08-04,16,Institutional,independent,,False,False
HEALTH2020-00138,LA MADELEINE,LA MADELEINE,3625 W UNIVERSITY DR 200,HEALTH2020-00138,2020-10-28,2024-06-05,13,Coffee/Cafe/Bakery/Dessert,national_regional,,False,False
HEALTH2020-00140,JEREMIAH'S ICE,JEREMIAH'S ITALIAN ICE | JEREMIAH'S ICE,7820 ELDORADO PKWY 100,HEALTH2020-00140;HEALTH2023-00034;HEALTH2024-00405,2020-11-12,2026-08-05,12,Coffee/Cafe/Bakery/Dessert,national_regional,,False,True
HEALTH2020-00144,,,131 S CENTRAL EXPY,HEALTH2020-00144,2022-03-22,2024-10-14,5,Other non-restaurant,independent,,False,False
HEALTH2020-00145,SONIC DRIVE-IN,SONIC DRIVE-IN,1701 N LAKE FOREST DR,HEALTH2020-00145;HEALTH2024-00681,2020-12-01,2026-06-17,16,Fast Food,national_regional,,False,True
HEALTH2020-00147,AMORE LOUNGE,AMORE LOUNGE,301 E VIRGINIA ST 102,HEALTH2020-00147;HEALTH2024-00905,2021-02-02,2026-07-24,10,"American (sit-down, bars, venues)",independent,,False,True
HEALTH2020-00151,Cocktail Creamery ,Cocktail Creamery ,214 E LOUISIANA ST,HEALTH2020-00151,2020-11-17,2023-04-12,5,Coffee/Cafe/Bakery/Dessert,independent,,False,False
HEALTH2020-00161,THE GRIND BURGER BAR Y TAQUERIA,THE GRIND BURGER BAR Y TAQUERIA,3350 VIRGINIA PKWY,HEALTH2020-00161,2020-11-12,2021-09-16,4,"American (sit-down, bars, venues)",independent,,False,False
HEALTH2020-00166,54TH STREET,54TH STREET,3645 W UNIVERSITY DR,HEALTH2020-00166;HEALTH2024-00750,2021-01-28,2026-03-09,13,"American (sit-down, bars, venues)",national_regional,,False,True
HEALTH2020-00170,TERESA'S HOUSE CRAIG RANCH BLDG 2,TERESA'S HOUSE CRAIG RANCH BLDG 2,6521 COLLIN MCKINNEY PKWY,HEALTH2020-00170;HEALTH2024-00803,2020-09-08,2026-03-20,14,Institutional,independent,,False,True
HEALTH2020-00173,CT PROVISIONS,CT PROVISIONS,205 W LOUISIANA ST 102,HEALTH2020-00173,2021-04-13,2023-02-10,5,"American (sit-down, bars, venues)",independent,,False,False
HEALTH2020-00185,GUIDEPOST MONTESSORI AT CRAIG RANCH,Guidepost Montessori at Craig Ranch | GUIDEPOST MONTESSORI AT CRAIG RANCH,6800 BOUNTIFUL GROVE DR,HEALTH2020-00185;HEALTH2021-00028;HEALTH2024-00705,2021-06-14,2024-12-13,10,Institutional,national_regional,,False,False
HEALTH2020-00186,ELIS AFRICAN MARKET,ELIS AFRICAN MARKET,1434 N CENTRAL EXPY 102,HEALTH2020-00186;HEALTH2024-01015,2021-01-28,2026-07-08,11,Grocery/Market,independent,independent_specialty,False,True
HEALTH2020-00194,SOTIRIA,SOTIRIA,3751 S STONEBRIDGE DR 400,HEALTH2020-00194,2021-01-20,2023-08-29,7,Mediterranean/Middle Eastern,independent,,False,False
HEALTH2020-00196,HANDEL'S ICE CREAM,HANDEL'S ICE CREAM,4700 ELDORADO PKWY 210,HEALTH2020-00196;HEALTH2024-01105,2020-10-28,2026-03-09,13,Coffee/Cafe/Bakery/Dessert,national_regional,,False,True
HEALTH2020-00199,KYU's Food,KYU's Food,315 S CHESTNUT ST,HEALTH2020-00199,2021-04-03,2022-11-12,4,Other non-restaurant,independent,,True,False
HEALTH2020-00200,7-11,7-11,1550 N HARDIN BLVD,HEALTH2020-00200;HEALTH2024-00924;HEALTH2025-00897,2020-11-05,2026-05-01,10,Convenience/Gas,national_regional,,False,True
HEALTH2020-00205,GOLDEN GRAIN,GOLDEN GRAIN,5160 COLLIN MCKINNEY PKWY 100,HEALTH2020-00205,2021-01-25,2022-03-28,3,Coffee/Cafe/Bakery/Dessert,independent,,False,False
HEALTH2020-00206,Teresa's House - Craig Ranch Building #1,TERESA'S HOUSE | Teresa's House - Craig Ranch Building #1,6511 COLLIN MCKINNEY PKWY,HEALTH2020-00206;HEALTH2024-01186,2020-12-07,2026-03-20,13,Institutional,independent,,False,True
HEALTH2020-00210,PARKER CREEK FOODS,PARKER CREEK FOODS,4550 W UNIVERSITY DR,HEALTH2020-00210,2021-03-12,2022-05-13,5,Venue/Concession,independent,,True,False
HEALTH2020-00213,DONUT BOX,DONUT BOX,210 COIT RD 240,HEALTH2020-00213,2020-12-28,2024-08-20,8,Coffee/Cafe/Bakery/Dessert,local_multi,,False,False
HEALTH2020-00215,PIZZA SUPPLY,PIZZA SUPPLY,7701 STACY RD 300,HEALTH2020-00215,2021-03-05,2021-12-28,4,Pizza/Italian,independent,,False,False
HEALTH2020-00218,SPOON & FORK,Spoon + Fork Kitchen  | SPOON & FORK,3905 W UNIVERSITY DR 500,HEALTH2020-00218;HEALTH2024-01210,2020-12-10,2026-03-27,18,Asian (unspecified),independent,,False,True
HEALTH2020-00219,"JAVA JOURNEY
HEALTH2020-00184.

This is for Trade Days specific permitting as required.","JAVA JOURNEY
HEALTH2020-00184.

This is for Trade Days specific permitting as required.",4550 W UNIVERSITY DR,HEALTH2020-00219,2020-11-13,2022-05-13,5,Coffee/Cafe/Bakery/Dessert,independent,,True,False
HEALTH2020-00222,THE GUAVA TREE CUBAN CAFE AND CANTINA,The Guava Tree Cuban Cafe and Cantina | THE GUAVA TREE CUBAN CAFE AND CANTINA,104 S CHESTNUT ST,HEALTH2020-00222;HEALTH2024-01064,2021-02-10,2026-08-03,15,Mexican/Tex-Mex/Latin,independent,,False,True
HEALTH2020-00224,MARY'S MOUNTAIN COOKIES,MARY'S MOUNTAIN COOKIES,107 W LOUISIANA ST,HEALTH2020-00224;HEALTH2024-01093,2020-12-08,2026-07-28,15,Coffee/Cafe/Bakery/Dessert,national_regional,,False,True
HEALTH2020-00226,GLORIA'S LATIN CUISINE,GLORIA'S | GLORIA'S LATIN CUISINE,3635 W UNIVERSITY DR,HEALTH2020-00226;HEALTH2024-01312,2020-12-10,2026-03-30,17,Mexican/Tex-Mex/Latin,national_regional,,False,True
HEALTH2020-00227,Cremcrittos,Cremcrittos,3755 S LAKE FOREST DR 600,HEALTH2020-00227;HEALTH2024-01211,2021-03-02,2026-06-03,7,Coffee/Cafe/Bakery/Dessert,independent,,False,True
HEALTH2020-00228,"German Roasted Nuts
Ginger Murphy
Owner/Operator
[phone]
We roast pecans and almonds in cinnamon, sugar, and vanilla on-site, in a copper kettle.","German Roasted Nuts
Ginger Murphy
Owner/Operator
[phone]
We roast pecans and almonds in cinnamon, sugar, and vanilla on-site, in a copper kettle.",4550 W UNIVERSITY DR,HEALTH2020-00228,2020-11-13,2020-11-13,1,Venue/Concession,independent,,True,False
HEALTH2020-00232,Food Trailer / Nacho Libre,Food Trailer / Nacho Libre,4550 W UNIVERSITY DR,HEALTH2020-00232,2020-11-14,2020-11-14,1,Venue/Concession,independent,,True,False
HEALTH2020-00234,DING TEA,DING TEA | Ding Tea McKinney,2050 W UNIVERSITY DR 145,HEALTH2020-00234;HEALTH2023-00412;HEALTH2024-01039,2021-04-21,2026-07-07,11,Coffee/Cafe/Bakery/Dessert,national_regional,,False,True
HEALTH2020-00239,PJ's Coffee ,PJ'S COFFEE OF NEW ORLEANS | PJ's Coffee ,6091 W UNIVERSITY DR 100,HEALTH2020-00239;HEALTH2021-00395,2021-02-08,2022-09-21,4,Coffee/Cafe/Bakery/Dessert,national_regional,,False,False
HEALTH2020-00240,WHITE HOUSE KITCHEN,WHITE HOUSE KITCHEN,808 GRIFFIN ST,HEALTH2020-00240,2021-04-03,2023-05-06,5,Other non-restaurant,independent,,False,False
HEALTH2020-00243,CHIPOTLE,CHIPOTLE,5151 W UNIVERSITY DR,HEALTH2020-00243;HEALTH2024-01179,2021-04-05,2026-09-01,15,Mexican/Tex-Mex/Latin,national_regional,,False,True
HEALTH2020-00247,PIE TRAILER TO SELL AT THE MFM,PIE TRAILER TO SELL AT THE MFM,315 S CHESTNUT ST,HEALTH2020-00247,2021-04-03,2021-11-06,2,Coffee/Cafe/Bakery/Dessert,independent,,True,False
HEALTH2020-00250,DREAMY DESSERT,DREAMY DESSERT,1105 N TENNESSEE ST 200,HEALTH2020-00250;HEALTH2024-00601,2021-07-21,2026-08-11,9,Coffee/Cafe/Bakery/Dessert,independent,,False,True
HEALTH2020-00254,Shaved Ice,Shaved Ice,4550 W UNIVERSITY DR,HEALTH2020-00254,2021-03-12,2021-10-16,3,Coffee/Cafe/Bakery/Dessert,independent,,True,False
HEALTH2020-00255,SHELBY'S PIZZA,SHELBY'S PIZZA,210 COIT RD 220,HEALTH2020-00255,2021-04-16,2023-10-03,10,Pizza/Italian,independent,,False,False
HEALTH2020-00258,THE COMEDY ARENA,THE COMEDY ARENA,305 E VIRGINIA ST 104,HEALTH2020-00258;HEALTH2025-00089,2021-04-21,2026-07-29,9,Venue/Concession,independent,,False,True
HEALTH2020-00259,C2K2 SUGAR RUSH,C2K2 SUGAR RUSH,1550 S CUSTER RD 200,HEALTH2020-00259;HEALTH2024-00097,2021-05-18,2025-04-16,12,Coffee/Cafe/Bakery/Dessert,independent,,False,False
HEALTH2021-00005,A1 Liquor & Tacos To Go,A1 Liquor & Tacos To Go,1213 S MCDONALD ST,HEALTH2021-00005,2021-03-09,2024-06-04,9,Mexican/Tex-Mex/Latin,independent,,False,False
HEALTH2021-00007,B&B CAFE,B&B CAFE BREAKFAST AND LUNCH | B&B CAFE,1411 N CUSTER RD 100,HEALTH2021-00007;HEALTH2024-00175,2021-03-11,2026-04-13,9,"American (sit-down, bars, venues)",independent,,False,False
HEALTH2021-00011,MELODIC BAKE SHOP,Melodic Bake Shop | MELODIC BAKE SHOP,1550 S CUSTER RD 600,HEALTH2021-00011;HEALTH2024-00096,2021-04-22,2024-08-27,7,Coffee/Cafe/Bakery/Dessert,independent,,False,False
HEALTH2021-00015,SEINYAA FOOD PRODUCTS,SEINYAA FOOD PRODUCTS,5160 COLLIN MCKINNEY PKWY,HEALTH2021-00015,2021-06-08,2024-12-10,9,Other cuisine,independent,,False,False
HEALTH2021-00018,SUSHI BOX,SUSHI BOX,8930 SH 121 562,HEALTH2021-00018;HEALTH2024-00382,2021-06-24,2026-04-16,12,Japanese,independent,,False,True
HEALTH2021-00022,HELLO BOBA,HELLO BOBA,1260 N COIT RD,HEALTH2021-00022,2021-04-22,2024-01-11,6,Coffee/Cafe/Bakery/Dessert,independent,,False,False
HEALTH2021-00023,YUMMI SUSHI @ KROGER #565,YUMMI SUSHI | YUMMI SUSHI @ KROGER #565,1801 N LAKE FOREST DR,HEALTH2021-00023;HEALTH2024-00193,2021-06-12,2026-06-29,8,Grocery/Market,national_regional,mainstream_supermarket,False,True
HEALTH2021-00032,URBAN GRILL AND WINE BAR MCKINNEY,URBAN GRILL AND WINE BAR | URBAN GRILL AND WINE BAR MCKINNEY,218 E LOUISIANA ST 300,HEALTH2021-00032;HEALTH2024-00138,2021-09-14,2026-05-29,10,"American (sit-down, bars, venues)",independent,,False,True
HEALTH2021-00038,TEALATTE BAR,TEALATTE BAR,7001 S CUSTER RD 400,HEALTH2021-00038,2021-06-01,2023-08-14,8,Coffee/Cafe/Bakery/Dessert,independent,,False,False
HEALTH2021-00039,UNCLES FAMILY KITCHEN,UNCLES FAMILY KITCHEN,315 S CHESTNUT ST,HEALTH2021-00039,2021-04-03,2023-05-06,4,Other non-restaurant,independent,,True,False
HEALTH2021-00051,JERSEY MIKE'S,Jersey Mike's Sub Shop | JERSEY MIKE'S,6720 ALMA RD 500,HEALTH2021-00051;HEALTH2024-00388,2021-06-03,2026-06-25,15,Deli/Sandwich/Salad,national_regional,,False,False
HEALTH2021-00052,Eurest McKinney 9740,Eurest McKinney 9740,2501 W UNIVERSITY DR,HEALTH2021-00052;HEALTH2024-00583,2021-10-21,2026-07-23,13,Institutional,national_regional,,False,True
HEALTH2021-00053,SAI N KRIPA,SAI N KRIPA,3905 W UNIVERSITY DR 400,HEALTH2021-00053,2021-11-03,2023-07-21,5,Indian,independent,,False,False
HEALTH2021-00057,The Learning Experience,The Learning Experience,1460 N HARDIN BLVD,HEALTH2021-00057,2021-06-02,2024-01-11,7,Institutional,national_regional,,False,False
HEALTH2021-00060,JIM'S PIZZA,Jim's pizza  | JIM'S PIZZA,2107 ELDORADO PKWY 110,HEALTH2021-00060;HEALTH2024-00514,2021-07-26,2026-04-13,11,Pizza/Italian,local_multi,,False,True
HEALTH2021-00065,TWO CRZY GUYS SPORTS BAR,Two Crazy Guys Sports Bar | TWO CRZY GUYS SPORTS BAR,1751 ELDORADO PKWY 310,HEALTH2021-00065;HEALTH2024-00635;HEALTH2024-01181,2021-06-23,2026-08-21,14,"American (sit-down, bars, venues)",independent,,False,True
HEALTH2021-00071,CRUNCHY GIRL GRANOLA,CRUNCHY GIRL GRANOLA,314 S CHESTNUT ST,HEALTH2021-00071,2021-11-06,2021-11-06,1,Other non-restaurant,independent,,False,False
HEALTH2021-00098,DUTCH BROS,DUTCH BROS COFFEE SHOP | DUTCH BROS,1401 N CUSTER RD,HEALTH2021-00098;HEALTH2024-00650,2021-07-26,2026-04-01,10,Coffee/Cafe/Bakery/Dessert,national_regional,,False,True
HEALTH2021-00102,BEE KING'S RAW HONEY,BEE KING'S RAW HONEY,4550 W UNIVERSITY DR,HEALTH2021-00102,2021-06-19,2021-06-19,1,Other non-restaurant,independent,,True,False
HEALTH2021-00113,JOY THAI,JOY THAI,260 N COIT RD 110,HEALTH2021-00113;HEALTH2024-00544,2021-11-17,2026-07-15,11,Thai,independent,,False,True
HEALTH2021-00145,ROLL-ON IN SUSHI AND BUZZED BULL CREAMY,ROLL-ON IN SUSHI AND BUZZED BULL CREAMY,7001 S CUSTER RD 600,HEALTH2021-00145,2021-09-02,2022-03-24,2,Japanese,independent,,False,False
HEALTH2021-00147,TASTE OF CHICAGO,TASTE OF CHICAGO,216 W VIRGINIA ST 102,HEALTH2021-00147,2021-08-27,2023-01-05,5,"American (sit-down, bars, venues)",independent,,False,False
HEALTH2021-00148,CLASSIC INTERNATIONAL MARKET,CLASSIC INTERNATIONAL MARKET,2310 VIRGINIA PKWY 130,HEALTH2021-00148;HEALTH2024-00683,2021-10-30,2026-07-27,10,Grocery/Market,independent,independent_specialty,False,True
HEALTH2021-00149,Permission to give out samples,Permission to give out samples,4550 W UNIVERSITY DR,HEALTH2021-00149,2021-06-19,2021-06-19,1,Other non-restaurant,independent,,True,False
HEALTH2021-00150,CADENCE CYCLERY,CADENCE CYCLERY,119 S TENNESSEE ST,HEALTH2021-00150;HEALTH2024-00631,2021-08-18,2026-04-28,10,Coffee/Cafe/Bakery/Dessert,independent,,False,True
HEALTH2021-00151,MIRA'S PIZZA,MIRA'S PIZZA,5121 COLLIN MCKINNEY PKWY 1100,HEALTH2021-00151,2021-09-28,2021-12-09,2,Pizza/Italian,independent,,False,False
HEALTH2021-00155,SHINING STARS MONTESSORI,SHINING STARS MONTESSORI,5450 COLLIN MCKINNEY PKWY,HEALTH2021-00155;HEALTH2024-00679,2021-11-01,2025-11-10,11,Institutional,independent,,False,False
HEALTH2021-00161,Hamms,HAMMS MEAT MARKET | Hamms,307 W LOUISIANA ST,HEALTH2021-00161;HEALTH2023-00372;HEALTH2024-00916,2021-12-21,2026-08-26,14,Grocery/Market,independent,independent_specialty,False,True
HEALTH2021-00174,MAGIC CUP,MAGIC CUP,7701 STACY RD 100,HEALTH2021-00174;HEALTH2023-00264;HEALTH2024-00609,2021-10-23,2025-02-18,11,Coffee/Cafe/Bakery/Dessert,independent,,False,False
HEALTH2021-00175,KUMA RAMEN,Kuma Ramen | KUMA RAMEN,5121 COLLIN MCKINNEY PKWY 800,HEALTH2021-00175;HEALTH2022-00489;HEALTH2024-01343,2021-11-01,2026-05-27,9,Japanese,independent,,False,True
HEALTH2021-00179,YOHE SUSHI & SEAFOOD,YOHE SUSHI & SEAFOOD,2045 N CENTRAL EXPY 700,HEALTH2021-00179;HEALTH2024-00818,2021-08-03,2026-07-14,14,Japanese,independent,,False,True
HEALTH2021-00181,PARRY'S PIZZERIA & BAR,PARRY'S PIZZERIA & BAR,3705 W UNIVERSITY DR 100,HEALTH2021-00181;HEALTH2024-00593,2021-09-23,2026-04-14,14,Pizza/Italian,local_multi,,False,True
HEALTH2021-00185,EMERSON HIGH SCHOOL,EMERSON HIGH SCHOOL,6300 COLLIN MCKINNEY PKWY,HEALTH2021-00185,2021-10-13,2026-04-10,10,Institutional,local_multi,,False,False
HEALTH2021-00190,"dry package merchandise for sale
booth worker to provide samples from crock pots to patrons","dry package merchandise for sale
booth worker to provide samples from crock pots to patrons",5236 W UNIVERSITY DR 4450,HEALTH2021-00190,2021-06-19,2021-06-19,1,Other non-restaurant,unknown,,False,False
HEALTH2021-00208,N & P FARM & DAIRY,N & P FARM & DAIRY,315 S CHESTNUT ST,HEALTH2021-00208;HEALTH2024-01228,2022-04-30,2026-04-11,3,Other non-restaurant,independent,,True,True
HEALTH2021-00215,Mister Softee DFW,Mister Softee DFW,4550 W UNIVERSITY DR,HEALTH2021-00215,2021-07-07,2021-07-07,1,Coffee/Cafe/Bakery/Dessert,national_regional,,True,False
HEALTH2021-00218,REEVES ELEMENTARY- PROSPER ISD,REEVES ELEMENTARY- PROSPER ISD,2501 AUBURN HILLS PKWY,HEALTH2021-00218,2021-10-15,2026-04-02,10,Institutional,local_multi,,False,False
HEALTH2021-00220,TACO OCHO,TACO OCHO,3041 S CUSTER RD 800,HEALTH2021-00220;HEALTH2024-00829,2021-12-27,2026-02-02,12,Mexican/Tex-Mex/Latin,local_multi,,False,False
HEALTH2021-00221,ENCORE NW BREAKROOM,ENCORE NW BREAKROOM,990 S AIRPORT DR,HEALTH2021-00221;HEALTH2024-00764,2022-01-25,2024-12-20,4,Other non-restaurant,unknown,,False,False
HEALTH2021-00222,ENCORE SOUTH BREAKROOM,ENCORE SOUTH BREAKROOM,990 S AIRPORT DR,HEALTH2021-00222;HEALTH2024-00759,2022-01-25,2024-12-20,4,Other non-restaurant,unknown,,False,False
HEALTH2021-00223,MEDICAL CENTER,MEDICAL CENTER,4500 MEDICAL CENTER DR,HEALTH2021-00223;HEALTH2024-00763,2022-02-07,2026-01-16,10,Other non-restaurant,national_regional,,False,False
HEALTH2021-00224,SIMPSON STRONG TIE,SIMPSON STRONG TIE,2151 S AIRPORT DR,HEALTH2021-00224;HEALTH2024-00762,2022-01-06,2024-12-31,4,Other non-restaurant,unknown,,False,False
HEALTH2021-00225,The Stix Icehouse Restaurant,THE STIX ICEHOUSE | The Stix Icehouse Restaurant,301 ELDORADO PKWY 100,HEALTH2021-00225;HEALTH2024-01075,2022-02-18,2026-06-02,9,"American (sit-down, bars, venues)",independent,,False,True
HEALTH2021-00226,HOME KABOB,HOME KABOB,4550 ELDORADO PKWY 103,HEALTH2021-00226,2021-11-02,2024-05-31,9,Mediterranean/Middle Eastern,independent,,False,False
HEALTH2021-00230,EMERSON HIGH SCHOOL OUTDOOR SPORTS CONCESSION,EMERSON HIGH SCHOOL OUTDOOR SPORTS CONCESSION,6300 COLLIN MCKINNEY PKWY,HEALTH2021-00230,2021-10-13,2026-04-10,9,Institutional,local_multi,,False,False
HEALTH2021-00231,EMERSON HIGH SCHOOL TENNIS CONCESSION,EMERSON HIGH SCHOOL TENNIS CONCESSION,6300 COLLIN MCKINNEY PKWY,HEALTH2021-00231,2021-10-13,2026-04-10,9,Institutional,local_multi,,False,False
HEALTH2021-00233,EMERSON HIGH SCHOOL GYM CONCESSION,EMERSON HIGH SCHOOL GYM CONCESSION,6300 COLLIN MCKINNEY PKWY,HEALTH2021-00233,2021-10-13,2026-04-10,8,Institutional,local_multi,,False,False
HEALTH2021-00235,HABITAT PLANTS CAFE,HABITAT PLANTS + COFFEE | HABITAT PLANTS CAFE,214 N KENTUCKY ST A,HEALTH2021-00235;HEALTH2024-01290,2022-02-17,2026-05-26,9,Coffee/Cafe/Bakery/Dessert,independent,,False,True
HEALTH2021-00246,P.F. Chang's To-Go,P.F. Chang's To-Go,1801 N HARDIN BLVD 100,HEALTH2021-00246,2021-11-11,2023-12-05,7,Chinese,national_regional,,False,False
HEALTH2021-00254,CRUMBL,CRUMBL COOKIES | CRUMBL,3194 W UNIVERSITY DR 200,HEALTH2021-00254;HEALTH2024-00898,2021-10-07,2026-01-29,9,Coffee/Cafe/Bakery/Dessert,national_regional,,False,True
HEALTH2021-00259,TYME IS NOW NURTITION AND ENERGY,TYME IS NOW NURTITION AND ENERGY,400 N CENTRAL EXPY,HEALTH2021-00259,2021-12-20,2023-01-03,4,Coffee/Cafe/Bakery/Dessert,independent,,False,False
HEALTH2021-00264,Hissho Sushi sushi bar inside Target 2335,Hissho Sushi sushi bar inside Target 2335,2025 N CENTRAL EXPY,HEALTH2021-00264;HEALTH2024-01110,2022-01-04,2026-04-21,10,Grocery/Market,national_regional,mainstream_supermarket,False,True
HEALTH2021-00266,Long John Silver,Long John Silver,1708 W UNIVERSITY DR,HEALTH2021-00266;HEALTH2024-00767,2022-01-31,2025-06-30,7,Fast Food,national_regional,,False,False
HEALTH2021-00268,Farm 2 Cook ,FARM 2 COOK MEAT MARKET | Farm 2 Cook ,8720 SH 121,HEALTH2021-00268;HEALTH2024-01304,2021-12-21,2026-09-01,10,Grocery/Market,independent,independent_specialty,False,True
HEALTH2021-00269,Domino's Pizza #8791,Domino's Pizza #8791,4550 ELDORADO PKWY 100,HEALTH2021-00269;HEALTH2024-01074,2022-01-11,2026-06-05,11,Pizza/Italian,national_regional,,False,True
HEALTH2021-00294,KINDERCARE,KINDERCARE,2901 ALMA RD,HEALTH2021-00294;HEALTH2025-00020,2021-11-18,2025-05-02,9,Institutional,national_regional,,False,False
HEALTH2021-00316,Braum's Ice Cream,Braum's Ice Cream,1501 N CUSTER RD,HEALTH2021-00316;HEALTH2024-01367,2021-12-07,2026-07-13,13,Fast Food,national_regional,,False,True
HEALTH2021-00320,SALOMAY,SALOMAY,5121 COLLIN MCKINNEY PKWY 100,HEALTH2021-00320;HEALTH2024-01196,2021-12-08,2026-04-14,12,Unknown,independent,,False,True
HEALTH2021-00334,Chick-fil-A,Chick-Fil-A #4620 | Chick-fil-A,5001 W UNIVERSITY DR,HEALTH2021-00334;HEALTH2024-01370,2022-01-21,2026-07-22,9,Fast Food,national_regional,,False,True
HEALTH2021-00338,Willow Wood Elementary,Willow Wood Elementary,5780 PARKDALE DR,HEALTH2021-00338,2021-10-05,2026-02-26,10,Institutional,local_multi,,False,False
HEALTH2021-00344,Pizza Twist,CHICAGO'S PIZZA TWIST | Pizza Twist,6720 ALMA RD 400,HEALTH2021-00344;HEALTH2024-00059;HEALTH2025-00761,2022-04-08,2026-04-23,12,Pizza/Italian,national_regional,,False,True
HEALTH2021-00346,AMAZON BREAKROOM,AMAZON BREAKROOM,1398 INDUSTRIAL BLVD,HEALTH2021-00346;HEALTH2024-01066,2022-01-06,2025-11-18,7,Other non-restaurant,unknown,,False,True
HEALTH2021-00349,Godfather's Pizza,Godfather's Pizza,4701 S CUSTER RD 400,HEALTH2021-00349;HEALTH2025-00611,2022-01-25,2026-06-17,13,Pizza/Italian,national_regional,,False,True
HEALTH2021-00351,Imagine International Academy of North Texas,Imagine International Academy of North Texas,2850 VIRGINIA PKWY,HEALTH2021-00351,2021-10-18,2026-04-17,10,Institutional,independent,,False,False
HEALTH2021-00354,7-Eleven #41378,7-Eleven #41378,3601 VIRGINIA PKWY,HEALTH2021-00354;HEALTH2025-00023,2022-01-07,2026-06-08,10,Convenience/Gas,national_regional,,False,True
HEALTH2021-00365,YABA JAVA CAFE,YABA JAVA CAFE,3935 S LAKE FOREST DR 125,HEALTH2021-00365,2022-02-07,2023-03-14,4,Coffee/Cafe/Bakery/Dessert,independent,,False,False
HEALTH2021-00376,BARRO'S PIZZA,Barro's Pizza | BARRO'S PIZZA,2730 S CENTRAL EXPY,HEALTH2021-00376;HEALTH2024-01297,2021-11-24,2026-03-27,13,Pizza/Italian,national_regional,,False,True
HEALTH2021-00379,MIRUKU CREAMERY & CAFE,MIRUKU CREAMERY & CAFE,207 N KENTUCKY ST,HEALTH2021-00379;HEALTH2024-01285,2022-02-18,2026-08-21,10,Coffee/Cafe/Bakery/Dessert,independent,,False,True
HEALTH2021-00380,Costco Demo Food,Costco Demo Food,3650 W UNIVERSITY DR,HEALTH2021-00380;HEALTH2024-01206,2022-03-09,2026-05-29,9,Grocery/Market,national_regional,mainstream_supermarket,False,True
HEALTH2021-00390,WENDY'S,WENDY'S,5175 W UNIVERSITY DR,HEALTH2021-00390,2022-03-14,2024-12-03,9,Fast Food,national_regional,,False,False
HEALTH2021-00391,REHMAT TRADDING LLC,REHMAT TRADDING LLC,902 GREENVILLE RD,HEALTH2021-00391,2022-01-25,2022-01-25,1,Convenience/Gas,independent,,False,False
HEALTH2021-00398,BRESNAN BREAD AND PASTRY,BRESNAN BREAD AND PASTRY,301 E LOUISIANA ST B,HEALTH2021-00398;HEALTH2025-00012,2022-03-02,2026-03-10,9,Coffee/Cafe/Bakery/Dessert,independent,,False,True
HEALTH2021-00401,DESI DISTRICT,DESI DISTRICT | Desi District | DESI DISTRICT ** FACILITY OWES RISKS FEES 11/18/24**,5400 COLLIN MCKINNEY PKWY,HEALTH2021-00402;HEALTH2021-00403;HEALTH2021-00401;HEALTH2024-01385,2022-03-02,2026-03-02,33,Grocery/Market,national_regional,independent_specialty,False,True
HEALTH2021-00410,CARNIVAL ICE EATZ N TREATZ,CARNIVAL ICE EATZ N TREATZ,5121 COLLIN MCKINNEY PKWY,HEALTH2021-00410,2022-05-12,2022-05-12,1,Coffee/Cafe/Bakery/Dessert,independent,,False,False
HEALTH2021-00411,BLESSLIZ CATERING & AFRICAN MARKET,BLESSLIZ CATERING & AFRICAN MARKET,1502 W UNIVERSITY DR 104,HEALTH2021-00411;HEALTH2024-01391,2022-02-18,2026-08-04,12,Grocery/Market,independent,independent_specialty,False,True
HEALTH2021-00412,ZAZA THAI,Zaza Thai | ZAZA THAI,7551 ELDORADO PKWY 200,HEALTH2021-00412;HEALTH2024-00064,2022-04-27,2026-04-07,15,Thai,independent,,False,True
HEALTH2021-00418,Two Senoritas,Two Senoritas,1222 N CENTRAL EXPY,HEALTH2021-00418,2022-04-06,2024-09-06,8,Mexican/Tex-Mex/Latin,independent,,False,False
HEALTH2021-00419,FAIRFIELD INN AND SUITES BY MARRIOTT,FAIRFIELD INN AND SUITES BY MARRIOTT,1600 N HARDIN BLVD,HEALTH2021-00419;HEALTH2024-01238,2022-03-09,2026-05-20,11,Hotel/Caterer/Commissary,national_regional,,False,True
HEALTH2021-00423,HOUSE OF BREAD,HOUSE OF BREAD,7551 ELDORADO PKWY 100,HEALTH2021-00423;HEALTH2024-01292,2022-04-28,2025-10-06,8,Coffee/Cafe/Bakery/Dessert,national_regional,,False,False
HEALTH2021-00424,SR GROCERY,SR GROCERY  | SR GROCERY,1207 N TENNESSEE ST,HEALTH2021-00424;HEALTH2024-01386,2022-02-18,2026-08-19,9,Convenience/Gas,independent,,False,True
HEALTH2021-00425,RAMEO'S PIZZA,RAMEO'S PIZZA,3755 S LAKE FOREST DR 100,HEALTH2021-00425,2022-05-27,2022-05-27,1,Pizza/Italian,independent,,False,False
HEALTH2022-00007,HANDYMART FOOD & GROCERY,HANDYMART FOOD & GROCERY,1000 S MCDONALD ST,HEALTH2022-00007;HEALTH2024-01326,2022-12-07,2026-03-09,7,Convenience/Gas,independent,,False,True
HEALTH2022-00011,CHOP SHOP WINE BAR,CHOP SHOP WINE BAR,7560 SH 121 150,HEALTH2022-00011;HEALTH2024-00823,2022-11-03,2026-08-26,8,"American (sit-down, bars, venues)",independent,,False,True
HEALTH2022-00015,COMMUNITY GARDEN KITCHEN OF COLLIN COUNTY,COMMUNITY GARDEN KITCHEN OF COLLIN COUNTY,501 HOWARD ST,HEALTH2022-00015;HEALTH2024-00647,2023-02-27,2025-08-07,6,Institutional,independent,,False,False
HEALTH2022-00019,Tacos Benditos,Tacos Benditos,4550 W UNIVERSITY DR,HEALTH2022-00019,2022-02-18,2022-05-13,3,Mexican/Tex-Mex/Latin,independent,,True,False
HEALTH2022-00022,SHEESH KITCHEN,Sheesh Kitchen | SHEESH KITCHEN,1521 N CUSTER RD 2800,HEALTH2022-00022;HEALTH2024-00162,2022-04-26,2026-03-05,12,Mediterranean/Middle Eastern,independent,,False,True
HEALTH2022-00025,INREACH - WATSON & CHALIN,InReach - Watson & Chalin | INREACH - WATSON & CHALIN,725 E UNIVERSITY DR,HEALTH2022-00025;HEALTH2024-00152,2024-01-29,2025-01-02,2,Other non-restaurant,unknown,,False,False
HEALTH2022-00027,GROW ACADEMY,GROW ACADEMY,10101 WESTRIDGE BLVD 102,HEALTH2022-00027;HEALTH2024-00133,2022-05-23,2025-09-10,10,Institutional,independent,,False,False
HEALTH2022-00028,ELWOOD BFD,ELWOOD BFD,7550 SH 121 250,HEALTH2022-00028;HEALTH2024-00056,2022-11-10,2026-08-26,7,"American (sit-down, bars, venues)",independent,,False,True
HEALTH2022-00038,Baskets As Gifts,Baskets As Gifts,4550 W UNIVERSITY DR,HEALTH2022-00038,2022-02-18,2022-09-16,3,Other non-restaurant,independent,,True,False
HEALTH2022-00044,SUGAR ICE CREAM AND WAFFLE,Sugar ice cream & Waffles | SUGAR ICE CREAM AND WAFFLE,4701 S CUSTER RD 350,HEALTH2022-00044;HEALTH2024-00200,2022-07-05,2026-01-23,4,Coffee/Cafe/Bakery/Dessert,independent,,False,True
HEALTH2022-00049,BARONS CREEK VINEYARDS,BARONS CREEK VINEYARDS,301 W LOUISIANA ST,HEALTH2022-00049;HEALTH2024-00732,2022-05-25,2026-07-27,11,"American (sit-down, bars, venues)",local_multi,,False,True
HEALTH2022-00054,DOUGHNUT SHOP,Doughnut Shop | DOUGHNUT SHOP,8901 VIRGINIA PKWY 450,HEALTH2022-00054;HEALTH2024-01296,2022-06-24,2026-09-01,12,Coffee/Cafe/Bakery/Dessert,independent,,False,True
HEALTH2022-00059,K LOVELY LLC,K LOVELY LLC,4550 W UNIVERSITY DR,HEALTH2022-00059,2022-05-13,2022-05-13,1,Other non-restaurant,independent,,True,False
HEALTH2022-00067,JAKES GAMEDAY,Jakes GameDay | JAKES GAMEDAY,4150 ELDORADO PKWY 800,HEALTH2022-00067;HEALTH2024-00210,2022-05-18,2024-08-01,6,"American (sit-down, bars, venues)",independent,,False,False
HEALTH2022-00069,Sweet Taste of Paradise Winery,Sweet Taste of Paradise Winery,4550 W UNIVERSITY DR,HEALTH2022-00069,2022-05-13,2024-11-15,7,Other non-restaurant,independent,,True,True
HEALTH2022-00084,HUB 121 CRAIG RANCH,HUB 121 CRAIG RANCH CONCESSION STAND | HUB 121 CRAIG RANCH,7570 SH 121,HEALTH2022-00084;HEALTH2024-00139,2022-04-27,2026-07-30,8,"American (sit-down, bars, venues)",independent,,False,True
HEALTH2022-00094,REZ BURGER,REZ BURGER,2960 ELDORADO PKWY,HEALTH2022-00094,2022-07-25,2023-11-27,5,"American (sit-down, bars, venues)",independent,,False,False
HEALTH2022-00099,OGI'S EUROPEAN BAKERY AND DELI,OGI'S EUROPEAN BAKERY AND DELI,1651 ELDORADO PKWY 108,HEALTH2022-00099;HEALTH2024-00644,2022-07-05,2026-08-19,13,Other cuisine,independent,,False,True
HEALTH2022-00101,ARAMARK MICROMARKET,ARAMARK MICROMARKET  | ARAMARK MICROMARKET,5252 W UNIVERSITY DR,HEALTH2022-00101;HEALTH2024-00441,2022-07-25,2026-03-24,11,Other non-restaurant,national_regional,,False,False
HEALTH2022-00104,THE ALLEY NOODLE BAR,THE ALLEY NOODLE BAR,7701 STACY RD 700,HEALTH2022-00104;HEALTH2024-00460,2022-08-09,2026-03-09,11,Asian (unspecified),independent,,False,True
HEALTH2022-00105,BBQ food truck,BBQ food truck,4550 W UNIVERSITY DR,HEALTH2022-00105,2022-05-13,2022-05-13,1,"American (sit-down, bars, venues)",independent,,True,False
HEALTH2022-00108,Starbucks #66480,Starbucks #66480,3651 VIRGINIA PKWY,HEALTH2022-00108;HEALTH2024-00708,2022-06-30,2026-06-04,8,Coffee/Cafe/Bakery/Dessert,national_regional,,False,True
HEALTH2022-00121,ARBY'S #8934,Arby's Restaurant | ARBY'S #8934,6540 SH 121,HEALTH2022-00121;HEALTH2024-00623,2022-08-15,2026-06-02,8,Fast Food,national_regional,,False,True
HEALTH2022-00123,TACO BUENO #3239,TACO BUENO #3239,6530 SH 121,HEALTH2022-00123;HEALTH2024-00709,2022-08-10,2026-01-16,10,Fast Food,national_regional,,False,True
HEALTH2022-00172,Scooter's Coffee,Scooter's Coffee,8650 W UNIVERSITY DR,HEALTH2022-00172;HEALTH2024-00672,2022-07-06,2025-09-11,8,Coffee/Cafe/Bakery/Dessert,national_regional,,False,False
HEALTH2022-00185,"AMERICAN GOTHIC PIZZA, LLC","AMERICAN GOTHIC PIZZA, LLC",4550 W UNIVERSITY DR,HEALTH2022-00185,2022-05-11,2022-05-13,2,Pizza/Italian,independent,,True,False
HEALTH2022-00195,HOKKAIDO RAMEN MCKINNEY SUSHI,HOKKAIDO RAMEN MCKINNEY SUSHI,3350 VIRGINIA PKWY 400,HEALTH2022-00195;HEALTH2024-00733,2022-07-27,2026-03-23,11,Japanese,independent,,False,True
HEALTH2022-00206,FORREST TRADING CO,FORREST TRADING CO,4550 W UNIVERSITY DR,HEALTH2022-00206,2022-05-13,2022-05-13,1,Venue/Concession,independent,,True,False
HEALTH2022-00208,OSUMA SUYA,OSUMA SUYA,5121 COLLIN MCKINNEY PKWY 1100,HEALTH2022-00208;HEALTH2024-00652,2022-06-16,2026-04-14,11,Other cuisine,independent,,False,True
HEALTH2022-00212,51 RAINBOW INDIAN CUISINE,51 RAINBOW INDIAN CUISINE,5151 MCKINNEY RANCH PKWY 110,HEALTH2022-00212;HEALTH2024-00559,2022-08-17,2026-04-22,13,Indian,independent,,False,True
HEALTH2022-00217,POPSHELF,POPSHELF,2821 CRAIG DR 100,HEALTH2022-00217;HEALTH2024-00783,2022-08-04,2026-07-01,9,Convenience/Gas,national_regional,,False,True
HEALTH2022-00218,MARSHALL BROTHERS ICE,MARSHALL BROTHERS ICE,4550 W UNIVERSITY DR,HEALTH2022-00218,2022-05-18,2024-02-16,5,Coffee/Cafe/Bakery/Dessert,independent,,True,True
HEALTH2022-00234,LIONHEART CHILDREN'S ACADEMY ,LIONHEART CHILDREN'S ACADEMY ,6400 HENNEMAN WAY,HEALTH2022-00234,2022-07-11,2023-07-21,3,Institutional,local_multi,,False,False
HEALTH2022-00246,THE POUR GIRL,THE POUR GIRL,315 S CHESTNUT ST,HEALTH2022-00246,2022-11-12,2023-05-06,2,Coffee/Cafe/Bakery/Dessert,independent,,True,False
HEALTH2022-00249,STARBUCKS #67352,STARBUCKS #67352,1751 N HARDIN BLVD,HEALTH2022-00249;HEALTH2024-00795,2022-10-07,2026-08-11,9,Coffee/Cafe/Bakery/Dessert,national_regional,,False,True
HEALTH2022-00250,FONTINA RISTORANTE,FONTINA RISTORANTE,216 E VIRGINIA ST,HEALTH2022-00250;HEALTH2024-00557,2022-10-04,2026-08-27,9,Pizza/Italian,independent,,False,True
HEALTH2022-00269,LA TIENDITA,LA TIENDITA  | LA TIENDITA,902 GREENVILLE RD,HEALTH2022-00269;HEALTH2024-00728,2023-08-21,2026-08-17,7,Grocery/Market,independent,independent_specialty,False,True
HEALTH2022-00271,BENNY'S BAGEL,BENNY'S BAGEL,5100 ELDORADO PKWY 104,HEALTH2022-00271,2022-11-09,2024-06-04,5,Coffee/Cafe/Bakery/Dessert,independent,,False,False
HEALTH2022-00273,RUN DA,RUN DA,3851 S STONEBRIDGE DR 800,HEALTH2022-00273,2022-11-29,2023-10-02,4,Chinese,independent,,False,False
HEALTH2022-00274,COMPANY KITCHEN,COMPANY KITCHEN,7677 HENNEMAN WAY,HEALTH2022-00274;HEALTH2024-00997,2022-11-08,2025-11-19,6,Other non-restaurant,national_regional,,False,False
HEALTH2022-00275,RAYTHEON A WING 2ND FLOOR,RAYTHEON A WING 2ND FLOOR,2501 W UNIVERSITY DR,HEALTH2022-00275;HEALTH2024-00576,2022-09-21,2026-01-08,4,Other non-restaurant,unknown,,False,False
HEALTH2022-00276,RAYTHEON MCKINNEY A WING 1ST FLOOR,RAYTHEON MCKINNEY A WING 1ST FLOOR,2501 W UNIVERSITY DR,HEALTH2022-00276;HEALTH2024-00577,2022-09-21,2024-09-09,3,Other non-restaurant,unknown,,False,False
HEALTH2022-00277,RAYTHEON MCKINNEY D WING 1ST FLOOR,RAYTHEON MCKINNEY D WING 1ST FLOOR,2501 W UNIVERSITY DR,HEALTH2022-00277;HEALTH2024-00579,2022-09-21,2026-01-08,4,Other non-restaurant,unknown,,False,False
HEALTH2022-00278,RAYTHEON MCKINNEY D WING 2ND FLOOR,RAYTHEON MCKINNEY D WING 2ND FLOOR,2501 W UNIVERSITY DR,HEALTH2022-00278;HEALTH2024-00580,2022-09-21,2026-01-08,4,Other non-restaurant,unknown,,False,False
HEALTH2022-00279,RAYTHEON MCKINNEY WAREHOUSE,RAYTHEON MCKINNEY WAREHOUSE,2501 W UNIVERSITY DR,HEALTH2022-00279,2022-09-21,2022-09-21,1,Other non-restaurant,unknown,,False,False
HEALTH2022-00288,BUNNY DOG,BUNNY DOG,315 S CHESTNUT ST,HEALTH2022-00288,2022-11-12,2023-05-06,2,Other non-restaurant,independent,,True,False
HEALTH2022-00291,VILLAGE GREEN,VILLAGE GREEN,3149 MEDICAL CENTER DR,HEALTH2022-00291;HEALTH2024-00871,2023-04-26,2026-04-28,8,Institutional,unknown,,False,True
HEALTH2022-00297,AHA DONUTS,AHA DONUTS,7500 STACY RD 120,HEALTH2022-00297;HEALTH2024-00805,2022-07-15,2026-03-16,7,Coffee/Cafe/Bakery/Dessert,independent,,False,True
HEALTH2022-00300,CICCIO TRATTORIA,CICCIO TRATTORIA,7901 ELDORADO PKWY 155,HEALTH2022-00300;HEALTH2024-00878,2022-09-14,2026-07-31,11,Pizza/Italian,independent,,False,True
HEALTH2022-00303,BIG TACO,BIG TACO,1620 N HARDIN BLVD 100,HEALTH2022-00303;HEALTH2024-00923,2022-11-04,2026-03-10,9,Mexican/Tex-Mex/Latin,independent,,False,False
HEALTH2022-00304,YO YO BEST THAI,YO YO BEST THAI,1720 N CENTRAL EXPY 170,HEALTH2022-00304;HEALTH2024-00842,2022-11-15,2026-08-28,11,Thai,independent,,False,True
HEALTH2022-00305,EVERBROOK ACADEMY,EVERBROOK ACADEMY,2854 ORCHID DR,HEALTH2022-00305;HEALTH2024-00932,2022-10-31,2026-02-09,9,Institutional,national_regional,,False,False
HEALTH2022-00310,Independent Financial 1st Floor,Independent Financial 1st Floor,7677 HENNEMAN WAY,HEALTH2022-00310,2022-11-08,2024-02-15,4,Other non-restaurant,unknown,,False,False
HEALTH2022-00316,BOBA CITY,BOBA CITY,5160 COLLIN MCKINNEY PKWY 100,HEALTH2022-00316;HEALTH2024-00294,2022-10-17,2026-04-08,7,Coffee/Cafe/Bakery/Dessert,independent,,False,True
HEALTH2022-00322,STACY MONTESSORI,STACY MONTESSORI,5400 STACY RD,HEALTH2022-00322;HEALTH2024-01172,2022-09-01,2025-10-01,8,Institutional,independent,,False,False
HEALTH2022-00323,POPS THE TOP DOG,POPS THE TOP DOG,4550 W UNIVERSITY DR,HEALTH2022-00323,2022-09-16,2022-09-16,1,Venue/Concession,independent,,True,False
HEALTH2022-00325,TABU SHABU,TABU SHABU,1620 N HARDIN BLVD 1000,HEALTH2022-00325,2022-10-28,2024-02-01,5,Japanese,local_multi,,False,False
HEALTH2022-00326,NULIFE NUTRITION,NULIFE NUTRITION,1330 N MCDONALD ST 109,HEALTH2022-00326,2022-11-04,2024-05-22,5,Coffee/Cafe/Bakery/Dessert,independent,,False,False
HEALTH2022-00335,Fresh Cut Fruit inside of Kroger Produce department,Fresh Cut Fruit inside of Kroger Produce department,2901 S LAKE FOREST DR,HEALTH2022-00335,2022-09-27,2022-09-27,1,Grocery/Market,national_regional,mainstream_supermarket,False,False
HEALTH2022-00337,TEXAKONA COFFEE,TEXAKONA COFFEE,407 E LOUISIANA ST 102,HEALTH2022-00337,2022-12-08,2023-09-06,4,Coffee/Cafe/Bakery/Dessert,independent,,False,False
HEALTH2022-00343,PANE NOSTRO,PANE NOSTRO,6675 MEDITERRANEAN DR 3120,HEALTH2022-00343,2023-07-12,2023-07-12,1,Pizza/Italian,independent,,False,False
HEALTH2022-00357,MAAR,MAAR LLC | MAAR,1009 S MCDONALD ST,HEALTH2022-00357;HEALTH2024-01022;HEALTH2026-00031,2023-01-26,2026-07-28,6,Mexican/Tex-Mex/Latin,independent,,False,True
HEALTH2022-00369,SWIG,SWIG,5225 W UNIVERSITY DR,HEALTH2022-00369;HEALTH2024-00080;HEALTH2024-01017,2023-01-05,2026-07-02,8,Coffee/Cafe/Bakery/Dessert,national_regional,,False,True
HEALTH2022-00371,JOE'S INTERNATIONAL MARKET - MEAT & BAKERY,JOE'S INTERNATIONAL MARKET | JOE'S INTERNATIONAL MARKET - MEAT & BAKERY,153 S CENTRAL EXPY,HEALTH2022-00370;HEALTH2022-00342;HEALTH2022-00371;HEALTH2024-01083,2022-12-02,2026-04-14,21,Grocery/Market,independent,independent_specialty,False,False
HEALTH2022-00406,SNOWFRUIT 565,Snowfruit 565 | SNOWFRUIT 565,1801 N LAKE FOREST DR,HEALTH2022-00406;HEALTH2024-01084,2023-05-11,2026-06-29,4,Grocery/Market,national_regional,mainstream_supermarket,False,True
HEALTH2022-00407,Snowfruit,Snowfruit 567 | Snowfruit,2901 S LAKE FOREST DR,HEALTH2022-00407;HEALTH2024-01311,2023-02-08,2025-10-30,6,Grocery/Market,national_regional,mainstream_supermarket,False,False
HEALTH2022-00415,CACTUS AFICAN MARKET,CACTUS AFICAN MARKET,2310 VIRGINIA PKWY 100,HEALTH2022-00415,2023-01-05,2023-07-03,3,Grocery/Market,independent,independent_specialty,False,False
HEALTH2022-00423,Jamba Juice,Jamba Juice,5200 STACY RD 600,HEALTH2022-00423,2022-12-16,2024-12-05,7,Coffee/Cafe/Bakery/Dessert,national_regional,,False,False
HEALTH2022-00434,EVERBOWL,EVERBOWL,3009 S CUSTER RD 150,HEALTH2022-00434;HEALTH2024-01029,2022-12-21,2026-05-21,10,Coffee/Cafe/Bakery/Dessert,national_regional,,False,True
HEALTH2022-00438,GOLDEN CHICK,golden chick restaurant | GOLDEN CHICK,1545 N CUSTER RD,HEALTH2022-00438;HEALTH2024-00035;HEALTH2025-00287,2023-01-10,2026-08-05,8,Fast Food,national_regional,,False,True
HEALTH2022-00454,FORK & FIRE,FORK & FIRE,7540 SH 121 150,HEALTH2022-00454,2023-01-13,2024-01-09,3,"American (sit-down, bars, venues)",independent,,False,False
HEALTH2022-00457,NAF NAF GRILL,NAF NAF GRILL,1801 N HARDIN BLVD 200,HEALTH2022-00457;HEALTH2025-00097,2023-02-02,2025-02-11,5,Mediterranean/Middle Eastern,national_regional,,False,False
HEALTH2022-00468,Life Time - Life Cafe,"Life Time - Life Cafe
Full service restaurant | Life Time - Life Cafe",7910 COLLIN MCKINNEY PKWY,HEALTH2022-00468;HEALTH2024-01103,2023-05-05,2026-06-23,7,Coffee/Cafe/Bakery/Dessert,national_regional,,False,True
HEALTH2022-00477,Assisted Living Community,Assisted Living Community,3392 MEDICAL CENTER DR,HEALTH2022-00477,2023-02-20,2024-09-25,5,Institutional,unknown,,False,False
HEALTH2022-00478,Assisted Living- Memory care,Assisted Living- Memory care,3352 MEDICAL CENTER DR,HEALTH2022-00478,2023-02-20,2024-09-25,5,Institutional,unknown,,False,False
HEALTH2022-00480,POPEYE'S LOUISIANA KITCHEN,POPEYE'S LOUISIANA KITCHEN,6611 ELDORADO PKWY,HEALTH2022-00480;HEALTH2025-00076,2023-01-11,2026-03-09,8,Fast Food,national_regional,,False,True
HEALTH2022-00482,ZIO PIZZA,ZIO PIZZA,2014 W UNIVERSITY DR 310,HEALTH2022-00482;HEALTH2024-01371,2023-02-09,2026-03-12,8,Pizza/Italian,independent,,False,True
HEALTH2022-00485,WULF BURGER,Wulf Burger | WULF BURGER,7701 STACY RD 300,HEALTH2022-00485;HEALTH2025-00077,2023-01-18,2026-05-28,9,"American (sit-down, bars, venues)",independent,,False,True
HEALTH2022-00487,A & D BUFFALO,A & D BUFFALO,1601 S MCDONALD ST,HEALTH2022-00487;HEALTH2024-00084;HEALTH2024-01087,2023-02-28,2026-04-24,9,"American (sit-down, bars, venues)",independent,,False,True
HEALTH2022-00490,VALERIES TACO SHOP,Valerie's Taco Shop | VALERIES TACO SHOP,6720 ALMA RD 100,HEALTH2022-00490;HEALTH2024-00104,2023-02-23,2026-04-24,9,Mexican/Tex-Mex/Latin,local_multi,,False,True
HEALTH2022-00497,Salad and Go,Salad and Go,4751 S CUSTER RD,HEALTH2022-00497;HEALTH2024-01213,2023-02-16,2025-12-01,8,Deli/Sandwich/Salad,national_regional,,False,False
HEALTH2022-00498,SHOAGIES,Shoagies  | SHOAGIES,5121 COLLIN MCKINNEY PKWY 200,HEALTH2022-00498;HEALTH2024-00123,2023-03-14,2024-06-26,4,Deli/Sandwich/Salad,independent,,False,False
HEALTH2023-00008,VALARIE'S TACO SHOP,VALARIE'S TACO SHOP,1614 W UNIVERSITY DR,HEALTH2023-00008;HEALTH2024-00141,2023-03-08,2026-08-19,10,Mexican/Tex-Mex/Latin,local_multi,,False,True
HEALTH2023-00009,CAPRIOTTIS SANDWICH,Capriotti's Sandwich Shop | CAPRIOTTIS SANDWICH,3194 W UNIVERSITY DR 600,HEALTH2023-00009;HEALTH2024-00721,2023-03-28,2026-03-16,6,Deli/Sandwich/Salad,national_regional,,False,False
HEALTH2023-00010,Groovy Chicken & Waffles,Groovy Chicken & Waffles,4550 W UNIVERSITY DR,HEALTH2023-00010,2023-01-13,2023-03-17,3,"American (sit-down, bars, venues)",independent,,True,False
HEALTH2023-00012,HONEY DIP FINGERZ,HONEY DIP FINGERZ,6710 VIRGINIA PKWY 210,HEALTH2023-00012;HEALTH2025-00028,2023-03-14,2026-07-16,8,"American (sit-down, bars, venues)",independent,,False,True
HEALTH2023-00017,DONUT HOPE,Donut Hope | DONUT HOPE,1504 W UNIVERSITY DR A,HEALTH2023-00017;HEALTH2024-01020,2023-05-24,2026-04-06,7,Coffee/Cafe/Bakery/Dessert,independent,,False,True
HEALTH2023-00021,Snowfruit 488,Snowfruit 488,1707 W UNIVERSITY DR,HEALTH2023-00021,2023-11-09,2023-11-09,1,Grocery/Market,national_regional,mainstream_supermarket,False,False
HEALTH2023-00023,TERRI'S GELATO,TERRI'S GELATO,101 N MCDONALD ST 110,HEALTH2023-00023,2023-06-27,2023-10-05,2,Coffee/Cafe/Bakery/Dessert,independent,,False,False
HEALTH2023-00027,DragonBall Tea,DragonBall Tea,7550 W UNIVERSITY DR,HEALTH2023-00027,2023-03-17,2023-03-17,1,Coffee/Cafe/Bakery/Dessert,independent,,False,True
HEALTH2023-00032,Dutch Bros Coffee,Dutch Bros Coffee,1605 ELDORADO PKWY,HEALTH2023-00032;HEALTH2024-00438,2023-04-26,2026-06-04,7,Coffee/Cafe/Bakery/Dessert,national_regional,,False,True
HEALTH2023-00041,WENDY'S,Wendy's | WENDY'S,10950 VIRGINIA PKWY,HEALTH2023-00041;HEALTH2024-00459,2023-06-05,2026-08-03,7,Fast Food,national_regional,,False,True
HEALTH2023-00042,Two Feathers Two,Two Feathers Two,4550 W UNIVERSITY DR,HEALTH2023-00042,2023-03-15,2023-03-17,2,Venue/Concession,independent,,True,False
HEALTH2023-00045,Huckleberry Services,Huckleberry Services,4550 W UNIVERSITY DR,HEALTH2023-00045,2023-03-15,2023-09-15,3,Venue/Concession,independent,,True,False
HEALTH2023-00047,O'Desi Arona,O'Desi Arona,1620 N HARDIN BLVD 1800,HEALTH2023-00047,2023-07-19,2023-11-06,2,Indian,independent,,False,False
HEALTH2023-00051,Lucido’s Pasta and Italian Specialties,Lucido’s Pasta and Italian Specialties,315 S CHESTNUT ST,HEALTH2023-00051,2023-05-06,2023-05-06,1,Other non-restaurant,independent,,True,False
HEALTH2023-00057,Funky Munky,Funky Munky,1600 W VIRGINIA ST,HEALTH2023-00057,2023-04-18,2023-04-18,1,Coffee/Cafe/Bakery/Dessert,independent,,False,False
HEALTH2023-00058,JASON'S DELI,Jason's Deli | JASON'S DELI,8600 W UNIVERSITY DR,HEALTH2023-00058;HEALTH2024-00384,2023-06-30,2024-06-20,4,Deli/Sandwich/Salad,national_regional,,False,False
HEALTH2023-00060,DUTCH BROS,DUTCH BROS,3850 W UNIVERSITY DR,HEALTH2023-00060;HEALTH2024-00439,2023-06-13,2026-07-23,7,Coffee/Cafe/Bakery/Dessert,national_regional,,False,True
HEALTH2023-00071,Smokin' Jack's,Smokin' Jack's,315 S CHESTNUT ST,HEALTH2023-00071;HEALTH2026-00058,2023-05-06,2026-04-11,2,Other non-restaurant,independent,,True,True
HEALTH2023-00076,The Clubhouse Indoor Golf,The Clubhouse indoor Golf | The Clubhouse Indoor Golf,1651 ELDORADO PKWY 100,HEALTH2023-00076;HEALTH2024-00640,2023-06-26,2026-06-08,7,"American (sit-down, bars, venues)",independent,,False,True
HEALTH2023-00077,Honi’s coffee house,Honi’s coffee house,4550 W UNIVERSITY DR,HEALTH2023-00077,2023-09-15,2025-10-17,7,Coffee/Cafe/Bakery/Dessert,independent,,True,False
HEALTH2023-00078,Bombay Street Cafe,Bombay Street Cafe,1411 N CUSTER RD 700,HEALTH2023-00078,2023-07-28,2023-12-14,2,Indian,independent,,False,False
HEALTH2023-00083,Honey B Cafe,Honey B Cafe,3001 S CENTRAL EXPY 303,HEALTH2023-00083;HEALTH2024-00453,2023-07-06,2026-07-15,7,Coffee/Cafe/Bakery/Dessert,independent,,False,True
HEALTH2023-00085,TxSmokey Bbq,TxSmokey Bbq,4550 W UNIVERSITY DR,HEALTH2023-00085,2023-09-15,2024-06-14,3,"American (sit-down, bars, venues)",independent,,True,False
HEALTH2023-00089,Heian Sushi,Heian Sushi,2960 ELDORADO PKWY 50,HEALTH2023-00089;HEALTH2024-00508,2023-07-05,2026-08-17,9,Japanese,independent,,False,True
HEALTH2023-00090,NAPOLIS ON THE GO,Napolis on the Go | NAPOLIS ON THE GO,3755 S LAKE FOREST DR 100,HEALTH2023-00090;HEALTH2024-00564,2023-07-12,2026-05-15,8,Pizza/Italian,independent,,False,True
HEALTH2023-00099,HTEAO,HTeaO - McKinney | HTEAO,1841 N CUSTER RD,HEALTH2023-00099;HEALTH2024-00462,2023-06-20,2026-03-05,7,Coffee/Cafe/Bakery/Dessert,national_regional,,False,True
HEALTH2023-00100,Black Rabbitt Social,Black Rabbitt Social,7550 SH 121 100,HEALTH2023-00100,2023-06-23,2024-04-23,3,"American (sit-down, bars, venues)",independent,,False,False
HEALTH2023-00138,Juice and Smoothie Bar,Juice and Smoothie Bar,2875 S CENTRAL EXPY,HEALTH2023-00138,2023-07-03,2024-01-03,2,Coffee/Cafe/Bakery/Dessert,independent,,False,False
HEALTH2023-00155,McKinney Soccer Association / Al Rushhaupt #2,McKinney Soccer Association / Al Rushhaupt #2,2701 NORTH BROOK DR,HEALTH2023-00155,2023-10-25,2024-04-24,2,Venue/Concession,independent,,False,False
HEALTH2023-00157,Kyoto Hibachi Sushi & Bar,Kyoto Hibachi Sushi & Bar,1620 N HARDIN BLVD 1200,HEALTH2023-00157;HEALTH2024-00642,2023-09-27,2026-07-02,6,Japanese,independent,,False,True
HEALTH2023-00176,Bob's Steak and Chop House,Bob's Steak and Chop House,7220 SH 121,HEALTH2023-00176;HEALTH2024-00606,2023-11-09,2026-04-27,6,"American (sit-down, bars, venues)",national_regional,,False,True
HEALTH2023-00179,Sassy Sparkle,Sassy Sparkle,4550 W UNIVERSITY DR,HEALTH2023-00179,2023-09-15,2024-11-15,4,Venue/Concession,independent,,True,True
HEALTH2023-00186,Parlor Doughnuts,Parlor Doughnuts,5100 STACY RD 950,HEALTH2023-00186;HEALTH2024-00768,2023-09-05,2026-03-12,6,Coffee/Cafe/Bakery/Dessert,national_regional,,False,True
HEALTH2023-00188,TAHN THAI - **CENTRAL PREPARATION FACILITY**,Tahn Thai | TAHN THAI - **CENTRAL PREPARATION FACILITY**,5200 STACY RD 500,HEALTH2023-00188;HEALTH2024-00515,2023-09-12,2026-04-15,8,Hotel/Caterer/Commissary,independent,,False,False
HEALTH2023-00190,Wortham Intermediate School,Wortham Intermediate School,7404 KICKAPOO DR,HEALTH2023-00190,2023-10-19,2026-03-13,6,Institutional,local_multi,,False,False
HEALTH2023-00191,HEB Grocery,HEB Grocery,8700 ELDORADO PKWY,HEALTH2023-00191;HEALTH2024-00855,2023-08-25,2026-07-07,8,Grocery/Market,national_regional,mainstream_supermarket,False,True
HEALTH2023-00194,Shaved Ice Sales,Shaved Ice Sales,3850 ELDORADO PKWY,HEALTH2023-00194,2023-05-25,2023-05-25,1,Coffee/Cafe/Bakery/Dessert,independent,,False,False
HEALTH2023-00204,Reggae Jerk Hut,Reggae Jerk Hut,7001 S CUSTER RD 600,HEALTH2023-00204;HEALTH2024-00599,2023-08-15,2026-05-26,7,Other cuisine,independent,,False,False
HEALTH2023-00213,Mi Cocina,Mi Cocina,6721 ALMA RD,HEALTH2023-00213;HEALTH2024-00592,2023-11-28,2026-04-07,5,Mexican/Tex-Mex/Latin,national_regional,,False,True
HEALTH2023-00221,Shake Shack,Shack Shake | Shake Shack,1727 N CENTRAL EXPY,HEALTH2023-00221;HEALTH2024-00769,2023-10-25,2026-05-04,7,Fast Food,national_regional,,False,True
HEALTH2023-00230,TOKYO GARDEN CATERING,Tokyo Garden Catering | TOKYO GARDEN CATERING,8700 ELDORADO PKWY,HEALTH2023-00230;HEALTH2024-00836,2023-08-25,2026-07-07,8,Grocery/Market,national_regional,mainstream_supermarket,False,True
HEALTH2023-00234,HEB -TTBBQ Restaurant,HEB -TTBBQ Restaurant,8700 ELDORADO PKWY,HEALTH2023-00234;HEALTH2024-00938,2023-08-25,2026-07-07,8,Grocery/Market,national_regional,mainstream_supermarket,False,False
HEALTH2023-00235,HEB -Cooking Connection,HEB -Cooking Connection,8700 ELDORADO PKWY,HEALTH2023-00235;HEALTH2024-00940,2023-08-25,2026-07-07,8,Grocery/Market,national_regional,mainstream_supermarket,False,False
HEALTH2023-00238,HEB- Deli,HEB- Deli,8700 ELDORADO PKWY,HEALTH2023-00238;HEALTH2024-00859,2023-08-25,2026-07-07,8,Grocery/Market,national_regional,mainstream_supermarket,False,False
HEALTH2023-00239,HEB -Bakery,HEB -Bakery,8700 ELDORADO PKWY,HEALTH2023-00239;HEALTH2024-00858,2023-08-25,2026-07-07,8,Grocery/Market,national_regional,mainstream_supermarket,False,False
HEALTH2023-00240,HEB -Meat Market,HEB -Meat Market,8700 ELDORADO PKWY,HEALTH2023-00240;HEALTH2024-00937,2023-08-25,2026-07-07,8,Grocery/Market,national_regional,mainstream_supermarket,False,False
HEALTH2023-00241,HEB -Seafood,HEB -Seafood,8700 ELDORADO PKWY,HEALTH2023-00241;HEALTH2024-00856,2023-08-25,2026-07-07,8,Grocery/Market,national_regional,mainstream_supermarket,False,False
HEALTH2023-00242,HEB - Produce,HEB - Produce,8700 ELDORADO PKWY,HEALTH2023-00242;HEALTH2024-00857,2023-08-25,2026-07-07,8,Grocery/Market,national_regional,mainstream_supermarket,False,False
HEALTH2023-00252,HEB - Cheese Shop,HEB - Cheese Shop,8700 ELDORADO PKWY,HEALTH2023-00252;HEALTH2024-00939,2023-08-25,2026-07-07,8,Grocery/Market,national_regional,mainstream_supermarket,False,False
HEALTH2023-00268,EGGMANIA,Eggmania | EGGMANIA,8950 SH 121 310,HEALTH2023-00268;HEALTH2024-00831,2023-09-15,2025-08-06,5,Indian,local_multi,,False,False
HEALTH2023-00271,The Cotton Mill Coffee Shop,The Cotton Mill Coffee Shop,610 ELM ST 1340,HEALTH2023-00271;HEALTH2024-00883,2023-08-29,2026-04-21,6,Coffee/Cafe/Bakery/Dessert,independent,,False,True
HEALTH2023-00272,MCKINNEY HEALTHCARE AND REHABILITATION,McKinney Healthcare and Rehabilitation | MCKINNEY HEALTHCARE AND REHABILITATION,253 ENTERPRISE DR,HEALTH2023-00272;HEALTH2024-00822,2023-09-05,2026-07-24,8,Institutional,unknown,,False,False
HEALTH2023-00278,SULTAN,Sultan | SULTAN,3935 S LAKE FOREST DR 125,HEALTH2023-00278;HEALTH2024-00745,2023-11-02,2026-05-27,6,Mediterranean/Middle Eastern,independent,,False,True
HEALTH2023-00280,"Early Childhood School
Early Childhood School","Early Childhood School
Early Childhood School",450 N LUKENBACH DR,HEALTH2023-00280,2023-10-10,2026-03-12,6,Institutional,local_multi,,False,False
HEALTH2023-00282,Boba Bros.,Boba Bros.,6951 S CUSTER RD 500,HEALTH2023-00282;HEALTH2024-00958,2023-11-15,2024-09-20,3,Coffee/Cafe/Bakery/Dessert,independent,,False,False
HEALTH2023-00290,Select food,SELECT FOOD MART | Select food,4951 ELDORADO PKWY,HEALTH2023-00290;HEALTH2025-00162,2023-11-17,2026-04-14,5,Convenience/Gas,independent,,False,True
HEALTH2023-00296,LoYo Burger,LoYo Burger,216 W VIRGINIA ST 102,HEALTH2023-00296;HEALTH2024-01069,2023-10-02,2026-02-11,7,"American (sit-down, bars, venues)",independent,,False,False
HEALTH2023-00301,Cocktail Creamery,Cocktail Creamery,205 E VIRGINIA ST,HEALTH2023-00301;HEALTH2024-00914,2023-10-05,2026-06-25,6,Coffee/Cafe/Bakery/Dessert,independent,,False,True
HEALTH2023-00302,Donut R More,Donut R More,101 N MCDONALD ST 101,HEALTH2023-00302;HEALTH2024-00727,2023-08-23,2026-07-20,7,Coffee/Cafe/Bakery/Dessert,independent,,False,True
HEALTH2023-00304,PHO LANE RESTAURANT,PHO LANE RESTAURANT,7551 ELDORADO PKWY 500,HEALTH2023-00304;HEALTH2024-01098,2023-12-05,2026-08-14,7,Vietnamese,independent,,False,True
HEALTH2023-00307,Events at East McKinney- Garden Cafe,"Events at East McKinney, LLC | Events at East McKinney- Garden Cafe",601 E LOUISIANA ST,HEALTH2023-00307;HEALTH2025-00036,2024-03-06,2026-04-16,3,"American (sit-down, bars, venues)",independent,,False,True
HEALTH2023-00312,Wing Chow,Wing Chow,1500 W UNIVERSITY DR A,HEALTH2023-00312;HEALTH2024-01176,2023-10-24,2026-08-24,8,Chinese,independent,,False,True
HEALTH2023-00313,TeaN'ergy,TeaN'ergy,1550 S CUSTER RD 700,HEALTH2023-00313,2023-10-02,2024-04-01,2,Coffee/Cafe/Bakery/Dessert,independent,,False,False
HEALTH2023-00323,High Pointe,High Pointe,3201 N CENTRAL EXPY,HEALTH2023-00323,2023-11-14,2024-11-05,4,Unknown,unknown,,False,False
HEALTH2023-00327,The Horse's Axe,The Horse's Axe,212 E LOUISIANA ST,HEALTH2023-00327;HEALTH2024-00888,2023-11-01,2026-01-30,5,"American (sit-down, bars, venues)",independent,,False,False
HEALTH2023-00332,400 Gradi,400 Gradi,6701 ALMA RD 100,HEALTH2023-00332,2023-11-01,2024-07-30,3,Pizza/Italian,national_regional,,False,False
HEALTH2023-00333,Akshaya Pathra ,Akshaya Pathra Kitchen | Akshaya Pathra ,210 N COIT RD 200,HEALTH2023-00333;HEALTH2024-01111,2023-12-15,2026-07-01,6,Indian,independent,,False,True
HEALTH2023-00337,THE COMMON TABLE,The Common Table | THE COMMON TABLE,6651 ALMA RD 350,HEALTH2023-00337;HEALTH2024-01021,2023-12-18,2026-04-20,7,"American (sit-down, bars, venues)",local_multi,,False,True
HEALTH2023-00342,Zero Gradi,Zero Gradi,6651 ALMA RD 100,HEALTH2023-00342,2024-01-18,2025-02-11,4,Coffee/Cafe/Bakery/Dessert,national_regional,,False,False
HEALTH2023-00346,MABEL'S AFRICAN CUISINE & BAR,MABEL'S AFRICAN CUISINE & BAR,5200 STACY RD 100,HEALTH2023-00346,2024-02-20,2024-08-07,2,Other cuisine,independent,,False,False
HEALTH2023-00361,Farmer's Fridge Vending Machine,Farmer's Fridge Vending Machine,4500 MEDICAL CENTER DR,HEALTH2023-00361;HEALTH2024-01221,2024-01-19,2026-01-16,5,Other non-restaurant,national_regional,,False,True
HEALTH2023-00362,Farmer's Fridge Vending Machine,Farmer's Fridge Vending Machine,2200 W UNIVERSITY DR,HEALTH2023-00362,2024-05-07,2024-05-07,1,Other non-restaurant,national_regional,,False,False
HEALTH2023-00366,Collective Coffee,Collective Coffee,301 W LOUISIANA ST 200,HEALTH2023-00366;HEALTH2024-00970,2023-11-03,2026-08-06,7,Coffee/Cafe/Bakery/Dessert,independent,,False,True
HEALTH2023-00390,Touchmark at Emerald Lake - Senior Living Community,Touchmark at Emerald Lake - Senior Living Retirement Community | Touchmark at Emerald Lake - Senior Living Community,350 S HARDIN BLVD,HEALTH2023-00390;HEALTH2024-01133,2023-12-15,2026-08-10,7,Institutional,national_regional,,False,True
HEALTH2023-00407,Rice Garden,Rice Garden,7650 STACY RD 260,HEALTH2023-00407;HEALTH2024-01141,2023-12-07,2026-04-01,7,Asian (unspecified),independent,,False,True
HEALTH2023-00408,SUMMER MOON COFFEE,Summer Moon Coffee | SUMMER MOON COFFEE,6091 W UNIVERSITY DR 100,HEALTH2023-00408;HEALTH2025-00141,2023-11-03,2026-06-02,6,Coffee/Cafe/Bakery/Dessert,national_regional,,False,True
HEALTH2023-00421,Black Rock Coffee,Black Rock Coffee,5101 MCKINNEY RANCH PKWY 100,HEALTH2023-00421;HEALTH2024-01349,2023-12-11,2026-08-31,7,Coffee/Cafe/Bakery/Dessert,national_regional,,False,True
HEALTH2023-00444,"LOCAL YOCAL (Event center)
Catering Event Space","LOCAL YOCAL | LOCAL YOCAL (Event center)
Catering Event Space",350 E LOUISIANA ST B,HEALTH2023-00444;HEALTH2024-01068,2024-02-22,2026-07-28,6,"American (sit-down, bars, venues)",independent,,False,True
HEALTH2023-00450,HARVEST,HARVEST,215 N KENTUCKY ST,HEALTH2023-00450;HEALTH2024-01404,2023-12-08,2026-08-25,7,"American (sit-down, bars, venues)",independent,,False,True
HEALTH2023-00472,RYE,RYE,214 E LOUISIANA ST,HEALTH2023-00472,2023-12-01,2023-12-21,2,"American (sit-down, bars, venues)",independent,,False,False
HEALTH2023-00479,DOLLAR GENERAL #25810,DOLLAR GENERAL #25810,6161 W UNIVERSITY DR,HEALTH2023-00479;HEALTH2025-00087,2024-02-19,2026-08-04,5,Convenience/Gas,national_regional,,False,True
HEALTH2023-00484,TEX MEX RESTAURANT,TEX MEX RESTAURANT,7500 STACY RD 150,HEALTH2023-00484,2024-05-21,2024-09-12,2,Mexican/Tex-Mex/Latin,independent,,False,False
HEALTH2023-00486,HASHTAG INDIA,HASHTAG INDIA,3510 W UNIVERSITY DR 100,HEALTH2023-00486;HEALTH2025-00024,2024-01-11,2026-08-17,9,Indian,independent,,False,True
HEALTH2023-00494,Vending Machine,Vending Machine,5252 W UNIVERSITY DR,HEALTH2023-00494,2024-03-14,2024-11-15,3,Other non-restaurant,unknown,,False,False
HEALTH2023-00500,DUNKIN' DONUTS,DUNKIN' DONUTS,2761 VIRGINIA PKWY 100,HEALTH2023-00500;HEALTH2024-01174,2024-04-01,2026-03-03,4,Coffee/Cafe/Bakery/Dessert,national_regional,,False,True
HEALTH2023-00501,Touchmark at Emerald Lake - Terrace Bldg,Touchmark at Emerald Lake - Terrace Lodge (Memory Care) | Touchmark at Emerald Lake - Terrace Bldg,300 S HARDIN BLVD,HEALTH2023-00501;HEALTH2024-01134,2024-10-01,2026-08-10,5,Institutional,national_regional,,False,False
HEALTH2023-00502,SALAD AND GO,SALAD AND GO,4001 W UNIVERSITY DR,HEALTH2023-00502,2024-02-28,2024-06-25,2,Deli/Sandwich/Salad,national_regional,,False,False
HEALTH2023-00504,3 Natives Acai & Juicery,3 Natives Acai & Juicery,8710 W UNIVERSITY DR 125,HEALTH2023-00504,2024-02-06,2024-06-12,2,Coffee/Cafe/Bakery/Dessert,national_regional,,False,False
HEALTH2023-00507,TANTRA,TANTRA,6675 MEDITERRANEAN DR 3120,HEALTH2023-00507;HEALTH2025-00001,2024-07-31,2026-06-29,5,Indian,independent,,False,True
HEALTH2023-00510,"LOWES #2878

unattended market for employees - micro market - commercially prepackaged items – soda, candy, chips, snacks","LOWES #2878

Name of Establishment is - Canteen @ Lowes #2878 | LOWES #2878

unattended market for employees - micro market - commercially prepackaged items – soda, candy, chips, snacks",8550 SH 121,HEALTH2023-00510;HEALTH2024-01281,2024-03-13,2025-09-22,3,Other non-restaurant,national_regional,,False,True
HEALTH2023-00511,LOWES #2825,"LOWES #2825

Name of Establishment is - Canteen @ Lowes 2825 | LOWES #2825",2055 N CENTRAL EXPY,HEALTH2023-00511;HEALTH2024-01280,2024-05-07,2026-03-19,6,Other non-restaurant,national_regional,,False,True
HEALTH2023-00514,COLLIN COUNTY JAIL MICRO-MARKET,Collin County Minimum Kitchen Micro Market | COLLIN COUNTY JAIL MICRO-MARKET,4300 COMMUNITY AVE,HEALTH2023-00514;HEALTH2025-00178,2024-03-11,2025-09-29,5,Other non-restaurant,unknown,,False,False
HEALTH2023-00520,PRIMROSE OF STONEBROOKE,PRIMROSE OF STONEBROOKE,5651 VIRGINIA PKWY,HEALTH2023-00520;HEALTH2024-01306,2024-03-13,2025-09-25,4,Institutional,national_regional,,False,False
HEALTH2023-00521,Papa John's #5235,PAPA JOHN'S | Papa John's #5235,8710 W UNIVERSITY DR 130,HEALTH2023-00521;HEALTH2025-00065,2024-06-05,2026-01-30,4,Pizza/Italian,national_regional,,False,False
HEALTH2023-00524,FRY PIES,FRY PIES,4550 W UNIVERSITY DR,HEALTH2023-00524,2024-02-16,2024-04-12,2,Coffee/Cafe/Bakery/Dessert,independent,,True,False
HEALTH2024-00029,51 CLUB BREAKFAST HOUSE,51 CLUB BREAKFAST HOUSE,7560 SH 121 100,HEALTH2024-00029,2024-06-07,2025-01-28,3,"American (sit-down, bars, venues)",independent,,False,False
HEALTH2024-00032,DESI DAAWAT,DESI DAAWAT,3851 S STONEBRIDGE DR 800,HEALTH2024-00032,2024-01-26,2024-06-05,2,Indian,independent,,False,False
HEALTH2024-00033,LUCIDO'S PASTA AND ITALIAN SPECIALTIES,LUCIDO'S PASTA AND ITALIAN SPECIALTIES,317 S CHESTNUT ST,HEALTH2024-00033,2026-04-11,2026-04-11,1,Other non-restaurant,independent,,True,True
HEALTH2024-00042,TUPPS (TAPROOM & KITCHEN),TUPPS (TAPROOM & KITCHEN),402 E LOUISIANA ST,HEALTH2024-00042,2024-04-02,2026-09-01,7,"American (sit-down, bars, venues)",local_multi,,False,True
HEALTH2024-00051,WINCO FOOD - PRODUCE,WINCO FOOD - PRODUCE,1800 N GRAVES ST,HEALTH2024-00051,2024-09-30,2026-03-31,4,Grocery/Market,national_regional,mainstream_supermarket,False,True
HEALTH2024-00057,NEKTER JUICE BAR,NEKTER JUICE BAR,6720 ALMA RD 250,HEALTH2024-00057,2024-03-18,2025-09-24,5,Coffee/Cafe/Bakery/Dessert,national_regional,,False,False
HEALTH2024-00063,INDIA METRO HYPERMARKET - KITCHEN,INDIA METRO HYPERMARKET - KITCHEN,1480 S INDEPENDENCE PKWY 220,HEALTH2024-00063,2025-01-30,2026-07-15,4,Grocery/Market,local_multi,independent_specialty,False,False
HEALTH2024-00066,SWIG,SWIG,6080 ELDORADO PKWY,HEALTH2024-00066,2025-02-07,2026-08-04,4,Coffee/Cafe/Bakery/Dessert,national_regional,,False,True
HEALTH2024-00076,RED HOT INDO-CHINESE & INDIAN KITCHEN,RED HOT INDO-CHINESE & INDIAN KITCHEN,3905 W UNIVERSITY DR 400,HEALTH2024-00076,2024-06-03,2026-03-27,7,Indian,independent,,False,True
HEALTH2024-00077,SHELBY'S PIZZA,SHELBY'S PIZZA,210 N COIT RD 220,HEALTH2024-00077,2024-04-15,2026-07-08,5,Pizza/Italian,independent,,False,True
HEALTH2024-00082,Zen Hibachi,ZEN HIBACHI | Zen Hibachi,2750 S CENTRAL EXPY 100,HEALTH2024-00082;HEALTH2025-00068,2024-06-17,2026-06-05,6,Japanese,independent,,False,True
HEALTH2024-00085,MO'BETTAHS HAWAIIAN STYLE FOOD,MO'BETTAHS HAWAIIAN STYLE FOOD,6201 S CUSTER RD 800,HEALTH2024-00085,2024-05-02,2026-04-01,5,Other cuisine,national_regional,,False,True
HEALTH2024-00086,PICKLEMAN'S GOURMET CAFE,PICKLEMAN'S GOURMET CAFE,4020 W UNIVERSITY DR 400,HEALTH2024-00086,2024-05-23,2026-07-28,6,Deli/Sandwich/Salad,national_regional,,False,True
HEALTH2024-00091,WHITE RHINO COFFEE,WHITE RHINO COFFEE,8710 W UNIVERSITY DR 140,HEALTH2024-00091,2024-06-05,2024-06-05,1,Coffee/Cafe/Bakery/Dessert,national_regional,,False,False
HEALTH2024-00093,DEL SUR TACOS,DEL SUR TACOS,4951 ELDORADO PKWY,HEALTH2024-00093,2024-08-21,2026-03-04,4,Mexican/Tex-Mex/Latin,independent,,False,True
HEALTH2024-00098,MAYA ICE CREAM ROLLS,MAYA ICE CREAM ROLLS,7650 STACY RD 210,HEALTH2024-00098,2024-04-26,2026-04-07,2,Coffee/Cafe/Bakery/Dessert,independent,,False,True
HEALTH2024-00105,DICKEY'S BARBEQUE,DICKEY'S BARBEQUE,600 N CENTRAL EXPY,HEALTH2024-00105,2024-04-02,2025-09-22,4,"American (sit-down, bars, venues)",national_regional,,False,True
HEALTH2024-00113,HELLO BOBA,HELLO BOBA,260 N COIT RD 100,HEALTH2024-00113,2024-05-29,2026-08-03,6,Coffee/Cafe/Bakery/Dessert,independent,,False,True
HEALTH2024-00120,A ROMA ITALIAN KITCHEN,A ROMA ITALIAN KITCHEN,3520 W UNIVERSITY DR 400,HEALTH2024-00120,2024-06-27,2026-03-16,5,Pizza/Italian,independent,,False,True
HEALTH2024-00125,KORGER #565 - MEAT / SEAFOOD,KORGER #565 - MEAT / SEAFOOD,1801 N LAKE FOREST DR,HEALTH2024-00125;HEALTH2025-00110,2024-12-06,2026-06-29,4,Grocery/Market,national_regional,mainstream_supermarket,False,False
HEALTH2024-00137,ANOINTED SENIOR LIVING,ANOINTED SENIOR LIVING,1601 ELDORADO PKWY,HEALTH2024-00137,2024-04-01,2026-03-18,6,Institutional,unknown,,False,True
HEALTH2024-00143,LEARNING TREE MONTESSORI,LEARNING TREE MONTESSORI,2951 TAYLOR-BURK DR,HEALTH2024-00143,2025-06-10,2026-08-25,2,Institutional,independent,,False,False
HEALTH2024-00149,EINSTEIN BROS BAGELS,EINSTEIN BROS BAGELS,4040 W UNIVERSITY DR 200,HEALTH2024-00149,2024-05-01,2026-06-09,5,Coffee/Cafe/Bakery/Dessert,national_regional,,False,True
HEALTH2024-00168,"Lockwood Distilling Company
Restaurant & Distillery
Food and Drinks
Retail","Lockwood Distilling Company
Restaurant & Distillery
Food and Drinks
Retail",205 W LOUISIANA ST 102,HEALTH2024-00168,2024-10-03,2026-08-26,5,"American (sit-down, bars, venues)",local_multi,,False,True
HEALTH2024-00170,THE BRASS TAP,THE BRASS TAP,4030 W UNIVERSITY DR 100,HEALTH2024-00170,2024-05-23,2026-07-16,6,"American (sit-down, bars, venues)",national_regional,,False,True
HEALTH2024-00171,LEAN KITCHEN,LEAN KITCHEN,2107 ELDORADO PKWY 109,HEALTH2024-00171,2024-06-18,2026-06-05,5,Hotel/Caterer/Commissary,local_multi,,False,True
HEALTH2024-00173,DAVES HOT CHICKEN,DAVES HOT CHICKEN,4040 W UNIVERSITY DR 100,HEALTH2024-00173,2024-04-30,2026-06-05,6,Fast Food,national_regional,,False,True
HEALTH2024-00174,DUNKIN,Dunkin’ donut | DUNKIN,5001 MCKINNEY RANCH PKWY,HEALTH2024-00174;HEALTH2026-00044,2025-06-23,2026-03-09,3,Coffee/Cafe/Bakery/Dessert,national_regional,,False,True
HEALTH2024-00179,Happy Flower Montessori McKinney,Happy Flower Montessori McKinney,3801 ALMA RD,HEALTH2024-00179,2024-08-28,2025-08-22,3,Institutional,independent,,False,False
HEALTH2024-00180,Bagel Cafe,Bagel Cafe,7001 S CUSTER RD 400,HEALTH2024-00180,2024-06-25,2024-06-25,1,Coffee/Cafe/Bakery/Dessert,independent,,False,False
HEALTH2024-00190,F&F JAPANESE GRILL,F&F JAPANESE GRILL,8930 SH 121 586,HEALTH2024-00190,2024-06-24,2026-04-16,8,Japanese,independent,,False,True
HEALTH2024-00199,THE RANCH COUNTRY CLUB,THE RANCH COUNTRY CLUB,5901 GLEN OAKS DR,HEALTH2024-00199,2024-07-29,2026-06-11,4,"American (sit-down, bars, venues)",independent,,False,True
HEALTH2024-00208,ABBOTT' FROZEN CUSTARD,ABBOTT' FROZEN CUSTARD,1520 N HARDIN BLVD,HEALTH2024-00208,2024-05-29,2025-12-08,4,Coffee/Cafe/Bakery/Dessert,national_regional,,False,False
HEALTH2024-00214,7-ELEVEN #33688A,7-ELEVEN #33688A,7990 ELDORADO PKWY,HEALTH2024-00214,2024-05-16,2026-04-01,6,Convenience/Gas,national_regional,,False,True
HEALTH2024-00216,KFC #J625230,KFC #J625230,2030 W UNIVERSITY DR,HEALTH2024-00216,2024-04-04,2024-10-09,2,Fast Food,national_regional,,False,False
HEALTH2024-00221,Chick-fil-A,Chick-fil-A,8601 W UNIVERSITY DR,HEALTH2024-00221,2025-06-20,2026-05-11,3,Fast Food,national_regional,,False,False
HEALTH2024-00227,PIADA ITALIAN STREET FOOD,PIADA ITALIAN STREET FOOD,4030 W UNIVERSITY DR 400,HEALTH2024-00227,2024-09-30,2026-04-03,4,Pizza/Italian,national_regional,,False,True
HEALTH2024-00232,Sugar Land Bakery,Sugar Land Bakery,6405 ELDORADO PKWY 250,HEALTH2024-00232,2024-08-30,2026-08-19,5,Coffee/Cafe/Bakery/Dessert,independent,,False,True
HEALTH2024-00233,R&B Tea,R&B Tea,2761 VIRGINIA PKWY 400,HEALTH2024-00233,2024-10-22,2026-08-11,4,Coffee/Cafe/Bakery/Dessert,national_regional,,False,True
HEALTH2024-00237,THE MCKINNEY FIRST BAPTIST CHURCH,THE MCKINNEY FIRST BAPTIST CHURCH,1112 COLEMAN ST,HEALTH2024-00237,2024-06-10,2025-07-29,3,Institutional,independent,,False,False
HEALTH2024-00238,MARKET STREET #561 - BAKERY,MARKET STREET #561 - BAKERY,6100 ELDORADO PKWY,HEALTH2024-00238,2024-11-01,2026-05-28,4,Grocery/Market,national_regional,mainstream_supermarket,False,True
HEALTH2024-00262,GLOBE LIFE,GLOBE LIFE 2 | GLOBE LIFE,3700 S STONEBRIDGE DR,HEALTH2024-00832;HEALTH2024-00262;HEALTH2024-00833,2024-08-01,2025-08-13,4,Other non-restaurant,unknown,,False,False
HEALTH2024-00263,ITALIAN GARDEN,ITALIAN GARDEN,500 N CUSTER RD 100,HEALTH2024-00263,2024-05-30,2026-08-28,6,Pizza/Italian,independent,,False,True
HEALTH2024-00275,Ave C Self-Service Market,Ave C Self-Service Market,1329 MILLWOOD RD,HEALTH2024-00275,2024-12-20,2024-12-20,1,Other non-restaurant,unknown,,False,False
HEALTH2024-00276,Ave C Self-Service Market,Ave C Self-Service Market,2501 W UNIVERSITY DR,HEALTH2024-00276;HEALTH2024-00274;HEALTH2024-00277,2024-09-09,2026-01-08,5,Other non-restaurant,unknown,,False,False
HEALTH2024-00285,MCKINNEY PIZZA TARVERN,MCKINNEY PIZZA TARVERN,1705 W UNIVERSITY DR,HEALTH2024-00285,2024-04-01,2024-04-01,1,Pizza/Italian,independent,,False,False
HEALTH2024-00290,COLLIN SPRINGS,COLLIN SPRINGS,4650 W UNIVERSITY DR,HEALTH2024-00290,2024-08-08,2026-07-13,5,Institutional,unknown,,False,True
HEALTH2024-00292,"BAD ASS COFFEE
","BAD ASS COFFEE
",1301 S CENTRAL EXPY,HEALTH2024-00292,2024-11-22,2026-03-18,4,Coffee/Cafe/Bakery/Dessert,national_regional,,False,True
HEALTH2024-00297,STONEBRIDGE DINER,STONEBRIDGE DINER,6150 ELDORADO PKWY 180,HEALTH2024-00297,2024-08-13,2026-04-16,4,"American (sit-down, bars, venues)",independent,,False,True
HEALTH2024-00307,TORCHY'S TACOS,TORCHY'S TACOS,4040 W UNIVERSITY DR 300,HEALTH2024-00307,2024-07-11,2026-03-25,5,Mexican/Tex-Mex/Latin,national_regional,,False,True
HEALTH2024-00321,LATINOS CONCESSIONS,LATINOS CONCESSIONS,4550 W UNIVERSITY DR,HEALTH2024-00321,2024-04-12,2024-06-14,2,Mexican/Tex-Mex/Latin,independent,,True,False
HEALTH2024-00329,VILLAGE ON THE PARK STONEBRIDGE RANCH,VILLAGE ON THE PARK STONEBRIDGE RANCH,3300 S STONEBRIDGE DR,HEALTH2024-00329,2024-10-02,2026-07-28,5,Institutional,local_multi,,False,False
HEALTH2024-00333,THE GYRO SHOP,THE GYRO SHOP,6840 VIRGINIA PKWY 115,HEALTH2024-00333,2024-05-21,2026-06-25,6,Mediterranean/Middle Eastern,independent,,False,True
HEALTH2024-00350,CAVA,CAVA,4010 W UNIVERSITY DR 400,HEALTH2024-00350,2024-07-17,2026-03-30,5,Mediterranean/Middle Eastern,national_regional,,False,True
HEALTH2024-00378,Farmer's Fridge,Farmer's Fridge,1398 INDUSTRIAL BLVD,HEALTH2024-00378,2024-12-31,2024-12-31,1,Other non-restaurant,national_regional,,False,False
HEALTH2024-00390,Pagoda Asian Grill ,Pagoda Asian Grill ,1801 N HARDIN BLVD 100,HEALTH2024-00390,2024-07-25,2024-11-26,2,Asian (unspecified),independent,,False,False
HEALTH2024-00422,VENEZIA SAPORI,VENEZIA SAPORI,1820 ELDORADO PKWY,HEALTH2024-00422,2024-08-09,2026-04-10,5,Pizza/Italian,independent,,False,True
HEALTH2024-00423,Tailgators Sports Bar & Grill,TAILGATERS SPORTS BAR & GRILL | Tailgators Sports Bar & Grill,4150 ELDORADO PKWY 800,HEALTH2024-00423;HEALTH2025-00134,2024-10-02,2026-03-30,4,"American (sit-down, bars, venues)",independent,,False,True
HEALTH2024-00433,El Rincon Mexican,El Rincon Mexican,7951 COLLIN MCKINNEY PKWY 700,HEALTH2024-00433,2025-01-29,2025-01-29,1,Mexican/Tex-Mex/Latin,independent,,False,False
HEALTH2024-00440,TAQUERIO HIDALGO,TAQUERIO HIDALGO,901 N MCDONALD ST,HEALTH2024-00440,2024-09-11,2026-07-30,5,Mexican/Tex-Mex/Latin,independent,,False,True
HEALTH2024-00452,DHAMAKA,DHAMAKA,6851 VIRGINIA PKWY,HEALTH2024-00452,2024-07-02,2025-12-03,3,Indian,independent,,False,False
HEALTH2024-00467,Dream Your Cakes,Dream Your Cakes,1530 S INDEPENDENCE PKWY 170,HEALTH2024-00467,2024-09-13,2026-03-18,4,Coffee/Cafe/Bakery/Dessert,independent,,False,False
HEALTH2024-00468,LEGEND OF MCKINNEY,LEGEND OF MCKINNEY,220 S CRUTCHER CROSSING,HEALTH2024-00468,2024-08-20,2026-06-04,5,Institutional,national_regional,,False,True
HEALTH2024-00471,Sushi Bar Sprouts Farmers Market,Sushi Bar Sprouts Farmers Market,2201 VIRGINIA PKWY,HEALTH2024-00471,2024-11-12,2026-03-13,4,Grocery/Market,national_regional,mainstream_supermarket,False,True
HEALTH2024-00509,Golden Grace DAHS,Golden Grace DAHS,1710 N MCDONALD ST,HEALTH2024-00509,2024-08-01,2026-03-27,5,Institutional,independent,,False,True
HEALTH2024-00526,RAISING CANE'S,RAISING CANE'S,1902 N CENTRAL EXPY,HEALTH2024-00526,2025-04-29,2026-04-14,3,Fast Food,national_regional,,False,True
HEALTH2024-00531,RICK'S CHOPHOUSE,RICK'S CHOPHOUSE,107 N KENTUCKY ST,HEALTH2024-00531,2024-06-04,2026-08-28,6,"American (sit-down, bars, venues)",independent,,False,True
HEALTH2024-00536,PIADA ITALIAN STREET FOOD,PIADA ITALIAN STREET FOOD,8801 ELDORADO PKWY 600,HEALTH2024-00536,2024-08-14,2026-05-15,5,Pizza/Italian,national_regional,,False,True
HEALTH2024-00554,AREPAS,AREPAS,3751 S STONEBRIDGE DR 400,HEALTH2024-00554,2024-09-26,2026-01-15,4,Mexican/Tex-Mex/Latin,independent,,False,False
HEALTH2024-00565,Cooking Waffles with condiments,Cooking Waffles with condiments,4550 W UNIVERSITY DR P3P4,HEALTH2024-00565,2024-10-18,2024-10-18,1,Coffee/Cafe/Bakery/Dessert,independent,,True,False
HEALTH2024-00567,ESCAPE 360 CAFE,ESCAPE 360 CAFE,7540 SH 121 100,HEALTH2024-00567,2024-09-27,2026-07-13,5,Unknown,unknown,,False,True
HEALTH2024-00589,CAJUN FISH GRILL,CAJUN FISH GRILL,2960 ELDORADO PKWY 5,HEALTH2024-00589,2024-07-02,2026-03-24,5,"American (sit-down, bars, venues)",independent,,False,True
HEALTH2024-00602,FUJISAN SUSHI,FUJISAN SUSHI,1670 W UNIVERSITY DR,HEALTH2024-00602,2024-07-01,2026-07-09,5,Grocery/Market,national_regional,mainstream_supermarket,False,True
HEALTH2024-00607,MAPLE STREET BISCUIT COMPANY,MAPLE STREET BISCUIT COMPANY,4020 W UNIVERSITY DR 100,HEALTH2024-00607,2024-11-19,2025-09-12,3,"American (sit-down, bars, venues)",national_regional,,False,False
HEALTH2024-00611,MANA ADDA INDIAN KITCHEN,MANA ADDA INDIAN KITCHEN,1717 W UNIVERSITY DR 415,HEALTH2024-00611,2025-06-09,2025-06-09,1,Indian,independent,,False,False
HEALTH2024-00615,O'Desi aroma,O'Desi aroma,1620 N HARDIN BLVD 1800,HEALTH2024-00615,2024-06-04,2026-03-16,5,Indian,independent,,False,True
HEALTH2024-00616,IHOP,IHOP,1960 N CENTRAL EXPY,HEALTH2024-00616,2024-06-24,2026-08-11,5,"American (sit-down, bars, venues)",national_regional,,False,True
HEALTH2024-00617,GOLISODA,GOLISODA,6201 S CUSTER RD 100,HEALTH2024-00617,2024-07-11,2026-08-24,5,Indian,independent,,False,True
HEALTH2024-00625,Broken Yolk Cafe,Broken Yolk Cafe,6651 ALMA RD 250,HEALTH2024-00625;HEALTH2025-00614,2024-09-16,2026-06-08,5,"American (sit-down, bars, venues)",national_regional,,False,True
HEALTH2024-00627,CARIAD AT NORTH BROOK,CARIAD AT NORTH BROOK,2301 NORTH BROOK DR,HEALTH2024-00627,2024-07-01,2026-08-12,5,Institutional,unknown,,False,True
HEALTH2024-00632,Jimmy John’s ,Jimmy John’s ,140 S CUSTER RD 400,HEALTH2024-00632,2025-02-24,2026-06-17,4,Deli/Sandwich/Salad,national_regional,,False,True
HEALTH2024-00645,COMFORT SUITES,COMFORT SUITES,1590 N CENTRAL EXPY,HEALTH2024-00645,2025-01-22,2026-07-02,4,Hotel/Caterer/Commissary,national_regional,,False,True
HEALTH2024-00654,JET'S PIZZA,JET'S PIZZA,3700 MCKINNEY RANCH PKWY 200,HEALTH2024-00654,2024-11-06,2026-03-03,4,Pizza/Italian,national_regional,,False,True
HEALTH2024-00655,WINGSTOP,WINGSTOP,1681 N CENTRAL EXPY 100,HEALTH2024-00655,2024-08-14,2026-07-13,5,Fast Food,national_regional,,False,True
HEALTH2024-00664,home made rootbeer and Tea Stand .,home made rootbeer and Tea Stand .,5117 FEATHER CREST,HEALTH2024-00664,2024-11-15,2024-11-15,1,Coffee/Cafe/Bakery/Dessert,independent,,False,False
HEALTH2024-00665,BOYS AND GIRLS CLUB,BOYS AND GIRLS CLUB,701 S CHURCH ST,HEALTH2024-00665,2024-12-13,2025-06-10,2,Institutional,national_regional,,False,False
HEALTH2024-00668,SONIC,SONIC DRIV-IN | SONIC,6481 ELDORADO PKWY,HEALTH2024-00668;HEALTH2024-01199,2024-09-27,2026-04-03,4,Fast Food,national_regional,,False,True
HEALTH2024-00673,Paris Natural Farms,Paris Natural Farms,315 S CHESTNUT ST,HEALTH2024-00673,2025-04-19,2025-04-19,1,Other non-restaurant,independent,,True,True
HEALTH2024-00676,SHAKE SUM LLC,SHAKE SUM LLC,2875 S CENTRAL EXPY,HEALTH2024-00676,2024-08-07,2025-06-10,3,Coffee/Cafe/Bakery/Dessert,independent,,False,False
HEALTH2024-00680,SUBWAY #6654,SUBWAY #6654,1705 W UNIVERSITY DR 114,HEALTH2024-00680,2024-08-28,2026-08-18,5,Deli/Sandwich/Salad,national_regional,,False,True
HEALTH2024-00684,BEEHIVE HOME OF MCKINNEY,BEEHIVE HOME OF MCKINNEY,8720 SILVERADO TRL,HEALTH2024-00684,2024-09-16,2026-06-01,5,Institutional,national_regional,,False,True
HEALTH2024-00685,The Learning Experience,The Learning Experience,1450 N HARDIN BLVD,HEALTH2024-00685,2024-08-27,2025-08-19,3,Institutional,national_regional,,False,False
HEALTH2024-00694,SCHLOTZSKY'S,SCHLOTZSKY'S,1521 W UNIVERSITY DR 100,HEALTH2024-00694,2024-08-05,2026-07-24,5,Deli/Sandwich/Salad,national_regional,,False,True
HEALTH2024-00701,TUTTO ITALIAN KITCHEN,TUTTO ITALIAN KITCHEN,4150 ELDORADO PKWY 600,HEALTH2024-00701,2024-10-25,2026-02-11,4,Pizza/Italian,independent,,False,True
HEALTH2024-00718,SWRL Cinnamon Roll Factory,SWRL Cinnamon Roll Factory,2950 CRAIG DR 302,HEALTH2024-00718,2024-09-05,2026-08-11,5,Coffee/Cafe/Bakery/Dessert,independent,,False,True
HEALTH2024-00722,Goody Goody Liquor #30,Goody Goody Liquor #30,3801 S LAKE FOREST DR,HEALTH2024-00722,2024-10-08,2026-02-13,4,Other non-restaurant,national_regional,,False,False
HEALTH2024-00731,TIPSY CRAWFISH,TIPSY CRAWFISH,1910 N STONEBRIDGE DR 100,HEALTH2024-00731,2024-12-03,2026-04-03,4,"American (sit-down, bars, venues)",independent,,False,True
HEALTH2024-00735,HOLY FAMILY SCHOOL,HOLY FAMILY SCHOOL,500 N THROCKMORTON ST,HEALTH2024-00735,2025-02-11,2025-02-11,1,Institutional,independent,,False,False
HEALTH2024-00770,REDBUD PLACE,REDBUD PLACE,101 WILSON CREEK PKWY,HEALTH2024-00770,2025-03-20,2026-04-14,3,Institutional,unknown,,False,True
HEALTH2024-00772,QAHWAH HOUSE COFFEE SHOP,QAHWAH HOUSE COFFEE SHOP,8880 SH 121 164,HEALTH2024-00772,2024-10-10,2026-08-10,5,Coffee/Cafe/Bakery/Dessert,national_regional,,False,True
HEALTH2024-00773,Deviled Egg Company,Deviled Egg Company,111 W VIRGINIA ST,HEALTH2024-00773,2024-08-06,2026-07-30,5,"American (sit-down, bars, venues)",independent,,False,True
HEALTH2024-00774,Seasonal Snow Cone stand,Seasonal Snow Cone stand,9050 FALCON VIEW DR,HEALTH2024-00774,2024-08-01,2024-08-01,1,Coffee/Cafe/Bakery/Dessert,independent,,False,False
HEALTH2024-00778,EVENTS AT THE EAST MCKINNEY- FLOUR MILL BISTRO,EVENTS AT THE EAST MCKINNEY- FLOUR MILL BISTRO,407 E LOUISIANA ST 102,HEALTH2024-00778,2024-09-13,2025-06-12,3,"American (sit-down, bars, venues)",independent,,False,False
HEALTH2024-00779,Dolly Llama Waffle House,Dolly Llama Waffle House,5100 STACY RD 800,HEALTH2024-00779,2024-10-22,2026-08-11,5,Coffee/Cafe/Bakery/Dessert,national_regional,,False,True
HEALTH2024-00780,DESI SPICE CAFE,DESI SPICE CAFE,1411 N CUSTER RD 700,HEALTH2024-00780,2024-10-04,2025-02-03,3,Indian,independent,,False,False
HEALTH2024-00784,LIONHEART FELLOWSHIP,LIONHEART FELLOWSHIP,6400 HENNEMAN WAY,HEALTH2024-00784,2024-07-23,2025-07-30,3,Institutional,independent,,False,False
HEALTH2024-00785,MAPLE STREET,MAPLE STREET,8801 ELDORADO PKWY 100,HEALTH2024-00785,2024-10-22,2025-09-02,3,"American (sit-down, bars, venues)",national_regional,,False,False
HEALTH2024-00786,STARBUCKS COFFEE #80332,STARBUCKS COFFEE #80332,7950 ELDORADO PKWY,HEALTH2024-00786,2024-10-02,2026-07-20,5,Coffee/Cafe/Bakery/Dessert,national_regional,,False,True
HEALTH2024-00791,SHOGUN HIBACHI & SUSHI,SHOGUN HIBACHI & SUSHI,1230 N CENTRAL EXPY,HEALTH2024-00791,2024-10-31,2026-04-24,4,Japanese,independent,,False,True
HEALTH2024-00794,STARBUCK'S COFFEE #6416,STARBUCK'S COFFEE #6416,1787 N CENTRAL EXPY,HEALTH2024-00794,2024-10-29,2026-04-06,4,Coffee/Cafe/Bakery/Dessert,national_regional,,False,True
HEALTH2024-00801,Chefs Classic Cuisine and Catering,Chefs Classic Cuisine and Catering,4550 W UNIVERSITY DR,HEALTH2024-00801,2024-10-18,2025-01-17,2,Hotel/Caterer/Commissary,independent,,True,False
HEALTH2024-00816,LONCHERIA HERNANDEZ,LONCHERIA HERNANDEZ,1105 N TENNESSEE ST,HEALTH2024-00816,2024-09-13,2026-07-27,5,Mexican/Tex-Mex/Latin,independent,,False,True
HEALTH2024-00820,HIDEAWAY PIZZA,HIDEAWAY PIZZA,2101 N HARDIN BLVD,HEALTH2024-00820,2024-12-06,2026-06-17,4,Pizza/Italian,national_regional,,False,True
HEALTH2024-00824,Leaf Cafe,Leaf Cafe,405 N MCDONALD ST E,HEALTH2024-00824,2024-11-05,2026-03-02,4,Coffee/Cafe/Bakery/Dessert,independent,,False,True
HEALTH2024-00826,VILLAGE ON THE PARK,VILLAGE ON THE PARK,265 PLATEAU DR,HEALTH2024-00826,2024-11-22,2026-04-08,4,Institutional,local_multi,,False,True
HEALTH2024-00827,CICI PIZZA,CICI PIZZA,320 N CENTRAL EXPY,HEALTH2024-00827,2024-09-23,2026-08-04,5,Pizza/Italian,national_regional,,False,True
HEALTH2024-00837,BROOKDALE STONEBRIDGE RANCH,BROOKDALE STONEBRIDGE RANCH,1650 S STONEBRIDGE DR,HEALTH2024-00837,2024-10-02,2026-07-29,5,Institutional,national_regional,,False,True
HEALTH2024-00839,Cubana Grille,Cubana Grille,4051 S CUSTER RD 1160,HEALTH2024-00839,2024-10-29,2026-08-19,5,Mexican/Tex-Mex/Latin,independent,,False,True
HEALTH2024-00841,LA MADELEINE,LA MADELEINE,3625 W UNIVERSITY DR 200,HEALTH2024-00841,2024-09-24,2026-07-08,5,Coffee/Cafe/Bakery/Dessert,national_regional,,False,True
HEALTH2024-00845,JUAREZ,JUAREZ,311 E LOUISIANA ST,HEALTH2024-00845,2025-04-10,2026-03-26,3,Mexican/Tex-Mex/Latin,independent,,False,True
HEALTH2024-00847,COLD STONE CREAMERY,COLD STONE CREAMERY,4020 W UNIVERSITY DR 200,HEALTH2024-00847,2025-02-06,2026-08-11,4,Coffee/Cafe/Bakery/Dessert,national_regional,,False,True
HEALTH2024-00850,SNOWFRUIT 488,SNOWFRUIT 488,1407 W UNIVERSITY DR,HEALTH2024-00850,2025-04-22,2025-04-22,1,Grocery/Market,national_regional,mainstream_supermarket,False,False
HEALTH2024-00864,Graze Craze Charcuterie Retail Store,Graze Craze Charcuterie Retail Store,3755 S LAKE FOREST DR 300,HEALTH2024-00864,2025-07-22,2026-06-01,3,Deli/Sandwich/Salad,national_regional,,False,True
HEALTH2024-00879,McKinney Soccer,McKinney Soccer,6375 COLLIN MCKINNEY PKWY,HEALTH2024-00893;HEALTH2024-00879,2024-10-25,2026-08-05,10,Venue/Concession,independent,,False,True
HEALTH2024-00880,Yummi Sushi,Yummi Sushi,3001 S CENTRAL EXPY,HEALTH2024-00880,2025-11-17,2025-11-17,1,Grocery/Market,national_regional,mainstream_supermarket,False,True
HEALTH2024-00886,Sprouts Farmers Market Grocery,Sprouts Farmers Market Grocery,2201 VIRGINIA PKWY,HEALTH2024-00886,2024-11-12,2026-03-13,4,Grocery/Market,national_regional,mainstream_supermarket,False,True
HEALTH2024-00887,SICILY'S PASTA & PIZZA,SICILY'S PASTA & PIZZA,1502 W UNIVERSITY DR,HEALTH2024-00887,2024-09-19,2026-08-18,5,Pizza/Italian,independent,,False,True
HEALTH2024-00892,McKinney Soccer,McKinney Soccer,1986 PARK VIEW AVE,HEALTH2024-00892,2024-10-25,2026-02-17,3,Venue/Concession,independent,,False,True
HEALTH2024-00897,SIMPLY PHO HOUSE,SIMPLY PHO HOUSE,3540 W UNIVERSITY DR 100,HEALTH2024-00897,2024-10-03,2026-08-12,5,Vietnamese,independent,,False,True
HEALTH2024-00903,Independent Financial 1st Floor,Independent Financial 1st Floor,7777 HENNEMAN WAY,HEALTH2024-00903,2025-03-10,2026-03-06,2,Other non-restaurant,unknown,,False,False
HEALTH2024-00917,Sprouts Farmers Market - Seafood Department,Sprouts Farmers Market - Seafood Department,2201 VIRGINIA PKWY,HEALTH2024-00917,2024-11-12,2026-03-13,4,Grocery/Market,national_regional,mainstream_supermarket,False,False
HEALTH2024-00918,Sprouts Farmers Market - Produce,Sprouts Farmers Market - Produce,2201 VIRGINIA PKWY,HEALTH2024-00918,2024-11-12,2026-03-13,4,Grocery/Market,national_regional,mainstream_supermarket,False,False
HEALTH2024-00919,Sprouts Farmers Market - Deli,Sprouts Farmers Market - Deli,2201 VIRGINIA PKWY,HEALTH2024-00919,2024-11-12,2026-03-13,4,Grocery/Market,national_regional,mainstream_supermarket,False,False
HEALTH2024-00920,Sprouts Farmers Market - Meat,Sprouts Farmers Market - Meat,2201 VIRGINIA PKWY,HEALTH2024-00920,2024-11-12,2026-03-13,4,Grocery/Market,national_regional,mainstream_supermarket,False,False
HEALTH2024-00928,CHILI'S GRILL & BAR,CHILI'S GRILL & BAR,7675 S CUSTER RD,HEALTH2024-00928,2024-12-26,2026-08-10,4,"American (sit-down, bars, venues)",national_regional,,False,True
HEALTH2024-00936,EGG-CITED BRUNCH HOUSE,EGG-CITED BRUNCH HOUSE,7200 W UNIVERSITY DR 190,HEALTH2024-00936,2024-11-21,2026-03-04,4,"American (sit-down, bars, venues)",independent,,False,True
HEALTH2024-00946,FIRST WATCH #292,FIRST WATCH #292,3009 S CUSTER RD 600,HEALTH2024-00946,2024-09-16,2026-07-14,4,"American (sit-down, bars, venues)",national_regional,,False,True
HEALTH2024-00952,TWIN PEAKS,TWIN PEAKS,3750 W UNIVERSITY DR,HEALTH2024-00952,2025-01-14,2026-07-22,4,"American (sit-down, bars, venues)",national_regional,,False,True
HEALTH2024-00953,NULIFE NUTRITION,NULIFE NUTRITION,1330 N MCDONALD ST 109 2,HEALTH2024-00953,2025-02-24,2026-03-19,3,Coffee/Cafe/Bakery/Dessert,independent,,False,True
HEALTH2024-00966,Tiger Ramen,Tiger Ramen,4041 S CUSTER RD 2110,HEALTH2024-00966,2025-07-23,2026-06-02,3,Japanese,independent,,False,True
HEALTH2024-00978,MCKINNEY HORIZONS,MCKINNEY HORIZONS,6601 W UNIVERSITY DR,HEALTH2024-00978,2024-12-27,2026-04-21,4,Institutional,unknown,,False,True
HEALTH2024-00993,SAN MIGUEL GRILL,SAN MIGUEL GRILL,506 W UNIVERSITY DR,HEALTH2024-00993,2024-10-01,2026-07-31,5,Mexican/Tex-Mex/Latin,independent,,False,True
HEALTH2024-00996,THE COFFEE CONNECTION,THE COFFEE CONNECTION,6101 STACY RD,HEALTH2024-00996,2025-10-02,2025-10-02,1,Coffee/Cafe/Bakery/Dessert,independent,,False,False
HEALTH2024-01056,BIG BITES,BIG BITES,7820 ELDORADO PKWY 120,HEALTH2024-01056,2025-01-13,2026-07-31,4,Korean,independent,,False,True
HEALTH2024-01058,CAFE OSMANIA,CAFE OSMANIA,3851 S STONEBRIDGE DR 800,HEALTH2024-01058,2025-01-13,2026-07-15,4,Indian,independent,,False,True
HEALTH2024-01073,INDIA METRO HYPERMARKET,INDIA METRO HYPERMARKET,1480 S INDEPENDENCE PKWY 220,HEALTH2024-01073,2025-01-30,2026-07-15,4,Grocery/Market,local_multi,independent_specialty,False,True
HEALTH2024-01095,PATEL BROTHERS GROCERY,PATEL BROTHERS GROCERY,8720 SH 121 112,HEALTH2024-01095,2025-04-15,2026-03-02,3,Grocery/Market,national_regional,independent_specialty,False,True
HEALTH2024-01099,TERESA'S HOUSE BUILDING #6,TERESA'S HOUSE BUILDING #6,6751 WELLNESS WAY,HEALTH2024-01099,2025-03-28,2026-03-20,3,Institutional,independent,,False,False
HEALTH2024-01101,Jersey Mike's Subs,Jersey Mike's Subs,4200 ELDORADO PKWY 400,HEALTH2024-01101,2024-12-06,2026-06-30,4,Deli/Sandwich/Salad,national_regional,,False,False
HEALTH2024-01120,JOE'S INTERNATIONAL MARKET - GROCERY,JOE'S INTERNATIONAL MARKET - GROCERY,153 S CENTRAL EXPY,HEALTH2024-01120,2024-12-26,2026-04-14,3,Grocery/Market,independent,independent_specialty,False,True
HEALTH2024-01121,JOE'S INTERNATIONAL MARKET - RESTAURTANT,JOE'S INTERNATIONAL MARKET - RESTAURTANT,153 S CENTRAL EXPY,HEALTH2024-01121,2024-12-26,2026-01-21,2,Grocery/Market,independent,independent_specialty,False,False
HEALTH2024-01123,El Primo Food,El Primo Food,403 SHORT ST,HEALTH2024-01123,2025-01-08,2026-05-28,4,Grocery/Market,independent,independent_specialty,False,True
HEALTH2024-01124,PIZZA HUT,PIZZA HUT,230 S HARDIN BLVD 100,HEALTH2024-01124,2025-07-03,2026-06-04,3,Pizza/Italian,national_regional,,False,True
HEALTH2024-01127,King Kong Tacos and Wings,King Kong Tacos and Wings,1720 BRAY CENTRAL DR 200,HEALTH2024-01127,2025-01-06,2026-07-30,4,Mexican/Tex-Mex/Latin,independent,,False,True
HEALTH2024-01135,HAT CREEK BURGER,HAT CREEK BURGER,3321 S CUSTER RD,HEALTH2024-01135,2024-12-23,2026-07-02,4,Fast Food,national_regional,,False,True
HEALTH2024-01138,DONUT BOX,DONUT BOX,210 N COIT RD 240,HEALTH2024-01138,2025-04-04,2025-10-29,2,Coffee/Cafe/Bakery/Dessert,local_multi,,False,False
HEALTH2024-01156,DENIZEN HOTEL,DENIZEN HOTEL,7200 SH 121,HEALTH2024-01156,2025-01-27,2026-06-23,4,Hotel/Caterer/Commissary,unknown,,False,True
HEALTH2024-01158,Home2suites by Hilton,Home2suites by Hilton,2630 S CENTRAL EXPY,HEALTH2024-01158,2025-02-26,2026-08-11,4,Hotel/Caterer/Commissary,national_regional,,False,True
HEALTH2024-01159,XPLOR MCKINNEY,XPLOR MCKINNEY,3153 S STONEBRIDGE DR,HEALTH2024-01159,2024-11-18,2025-04-03,2,Institutional,national_regional,,False,False
HEALTH2024-01164,BEEHIVE HOMES OF MCKINNEY,BEEHIVE HOMES OF MCKINNEY,8720 SILVERADO TRL,HEALTH2024-01164,2025-01-31,2026-06-01,4,Institutional,national_regional,,False,True
HEALTH2024-01167,Target Store T-2335 Starbuck's,Target Store T-2335 Starbuck's,2025 N CENTRAL EXPY,HEALTH2024-01167,2024-12-17,2026-04-21,4,Grocery/Market,national_regional,mainstream_supermarket,False,False
HEALTH2024-01171,NEIGHORHOOD NOSH,NEIGHORHOOD NOSH,4100 S RIDGE RD 110,HEALTH2024-01171,2025-02-04,2025-02-04,1,Deli/Sandwich/Salad,independent,,False,False
HEALTH2024-01173,THE ROOK,THE ROOK,6952 MEDITERRANEAN DR,HEALTH2024-01173,2025-03-24,2026-03-04,3,Unknown,independent,,False,True
HEALTH2024-01201,McDonald's #40757,McDonald's #40757,12081 W UNIVERSITY DR,HEALTH2024-01201,2025-01-24,2026-06-01,4,Fast Food,national_regional,,False,True
HEALTH2024-01207,MABEL'S AFRICAN CUISINE & BAR,MABEL'S AFRICAN CUISINE & BAR,5100 STACY RD 100,HEALTH2024-01207,2024-12-18,2026-04-15,4,Other cuisine,independent,,False,True
HEALTH2024-01217,PIE TAP PIZZA WORKSHOP & BAR,PIE TAP PIZZA WORKSHOP & BAR,6701 ALMA RD 100,HEALTH2024-01217,2025-03-10,2026-08-31,4,Pizza/Italian,local_multi,,False,True
HEALTH2024-01220,Medical City McKinney - Behavioral Health Pavilion Servery,Medical City McKinney - Behavioral Health Pavilion Servery,4500 MEDICAL CENTER DR,HEALTH2024-01220,2025-01-14,2026-07-01,4,Institutional,national_regional,,False,False
HEALTH2024-01243,Farmer's Market Booth,Farmer's Market Booth,315 S CHESTNUT ST,HEALTH2024-01243,2025-04-19,2025-04-19,1,Other non-restaurant,unknown,,True,True
HEALTH2024-01250,Farmers Fridge ,Farmers Fridge ,5252 W UNIVERSITY DR,HEALTH2024-01250,2025-03-19,2026-03-24,3,Other non-restaurant,national_regional,,False,True
HEALTH2024-01251,MEXINDO RESTAURANT AND BAR,MEXINDO RESTAURANT AND BAR,4051 S CUSTER RD 1110,HEALTH2024-01251,2025-06-23,2026-05-29,4,Fusion,independent,,False,True
HEALTH2024-01268,EL RANCHO - GROCERY,EL RANCHO - GROCERY,821 N MCDONALD ST,HEALTH2024-01268,2025-01-06,2026-06-17,4,Grocery/Market,national_regional,independent_specialty,False,True
HEALTH2024-01270,EL RANCHO BAKERY,EL RANCHO BAKERY,821 N MCDONALD ST,HEALTH2024-01270,2025-01-06,2026-06-17,4,Grocery/Market,national_regional,independent_specialty,False,False
HEALTH2024-01271,EL RANCHO PRODUCE,EL RANCHO PRODUCE,821 N MCDONALD ST,HEALTH2024-01271,2025-01-06,2026-06-17,4,Grocery/Market,national_regional,independent_specialty,False,False
HEALTH2024-01272,EL RANCHO DELI/MEAT,EL RANCHO DELI/MEAT,821 N MCDONALD ST,HEALTH2024-01272,2025-01-06,2026-06-17,4,Grocery/Market,national_regional,independent_specialty,False,False
HEALTH2024-01284,STOP-N-GO GYROS,STOP-N-GO GYROS,4550 ELDORADO PKWY 103,HEALTH2024-01284,2025-01-23,2026-05-20,4,Mediterranean/Middle Eastern,local_multi,,False,True
HEALTH2024-01298,7-Eleven Convenience Store,7-Eleven Convenience Store,100 S CUSTER RD,HEALTH2024-01298,2025-06-13,2026-06-08,3,Convenience/Gas,national_regional,,False,True
HEALTH2024-01303,Mah Jong Chinese Kitchen,Mah Jong Chinese Kitchen,210 N CUSTER RD 130,HEALTH2024-01303,2025-08-28,2026-02-26,3,Chinese,independent,,False,False
HEALTH2024-01319,JET'S PIZZA,JET'S PIZZA,1480 S INDEPENDENCE PKWY 290,HEALTH2024-01319,2025-03-20,2026-04-06,2,Pizza/Italian,national_regional,,False,True
HEALTH2024-01322,APPLEBEE'S,APPLEBEE'S,1820 W UNIVERSITY DR,HEALTH2024-01322,2025-01-13,2026-07-28,5,"American (sit-down, bars, venues)",national_regional,,False,True
HEALTH2024-01328,"WENDY""S #13146","WENDY""S #13146",5175 W UNIVERSITY DR,HEALTH2024-01328,2025-04-22,2026-05-19,3,Fast Food,national_regional,,False,True
HEALTH2024-01331,CHEPA'S MEXICAN GRILL,CHEPA'S MEXICAN GRILL,7500 STACY RD 150,HEALTH2024-01331,2025-03-03,2026-06-09,3,Mexican/Tex-Mex/Latin,independent,,False,True
HEALTH2024-01333,FILTERED,FILTERED,218 E LOUISIANA ST 400,HEALTH2024-01333,2025-04-15,2026-04-14,3,Coffee/Cafe/Bakery/Dessert,independent,,False,True
HEALTH2024-01342,KFC #Y351051,KFC #Y351051,2030 W UNIVERSITY DR,HEALTH2024-01342,2025-06-23,2026-05-27,3,Fast Food,national_regional,,False,True
HEALTH2024-01354,,,3201 N CENTRAL EXPY,HEALTH2024-01354,2025-03-31,2025-09-23,2,Unknown,unknown,,False,False
HEALTH2024-01364,Elysium,Elysium,7550 SH 121 100,HEALTH2024-01364,2025-03-10,2026-08-26,4,"American (sit-down, bars, venues)",independent,,False,True
HEALTH2024-01366,Keke's Breakfast Cafe,KeKe's Breakfast Cafe | Keke's Breakfast Cafe,8701 W UNIVERSITY DR 490,HEALTH2024-01366;HEALTH2025-00592,2025-07-25,2026-07-01,3,"American (sit-down, bars, venues)",national_regional,,False,True
HEALTH2024-01369,SHUN BY YAMA,SHUN BY YAMA,6651 ALMA RD,HEALTH2024-01369,2025-04-29,2026-04-20,4,Japanese,unknown,,False,True
HEALTH2024-01372,"Big Blue Marble Academy, LLC","Big Blue Marble Academy, LLC",6363 ELDORADO PKWY,HEALTH2024-01372,2025-06-26,2025-12-02,2,Institutional,national_regional,,False,False
HEALTH2024-01396,Marble Slab Creamery,Marble Slab Creamery,3750 MCKINNEY RANCH PKWY 300,HEALTH2024-01396,2025-04-15,2026-04-24,3,Coffee/Cafe/Bakery/Dessert,national_regional,,False,True
HEALTH2025-00014,MICRO-MARKET COSTCO,MICRO-MARKET COSTCO,3650 W UNIVERSITY DR,HEALTH2025-00014,2025-06-11,2026-05-29,3,Other non-restaurant,national_regional,,False,True
HEALTH2025-00015,PILLARS CHRISTIAN LEARNING CENTER,PILLARS CHRISTIAN LEARNING CENTER,1570 S INDEPENDENCE PKWY,HEALTH2025-00015,2025-04-08,2025-11-03,2,Institutional,independent,,False,False
HEALTH2025-00017,Fish N Tails Oyster Bar,Fish N Tails Oyster Bar,1310 N CENTRAL EXPY,HEALTH2025-00017,2025-06-23,2026-06-29,3,"American (sit-down, bars, venues)",independent,,False,True
HEALTH2025-00022,ANOTHER ROUND DALLAS DISC GOLF & TAPROOM,ANOTHER ROUND DALLAS DISC GOLF & TAPROOM,2851 CRAIG DR 206,HEALTH2025-00022,2025-06-09,2026-06-12,3,"American (sit-down, bars, venues)",independent,,False,True
HEALTH2025-00053,SHIPLEYS DO-NUT,SHIPLEYS DO-NUT,3801 VIRGINIA PKWY 600,HEALTH2025-00053,2025-04-09,2025-10-20,2,Coffee/Cafe/Bakery/Dessert,national_regional,,False,False
HEALTH2025-00058,KOJI SUSHI,KOJI SUSHI,101 N MCDONALD ST 105B,HEALTH2025-00058,2025-08-27,2026-08-05,4,Japanese,independent,,False,True
HEALTH2025-00066,COOKIES GROCERY,COOKIES GROCERY,330 E LOUISIANA ST,HEALTH2025-00066,2025-07-30,2026-01-27,2,Grocery/Market,independent,independent_specialty,False,True
HEALTH2025-00075,STARWOOD CAFE,STARWOOD CAFE,2821 CRAIG DR 100,HEALTH2025-00075,2025-08-05,2026-08-18,3,"American (sit-down, bars, venues)",local_multi,,False,True
HEALTH2025-00083,Dollar General Store #3634,Dollar General Store #3634,902 N MCDONALD ST,HEALTH2025-00083,2025-06-09,2025-11-14,2,Convenience/Gas,national_regional,,False,False
HEALTH2025-00084,Nekter Juice Bar,Nekter Juice Bar,2014 W UNIVERSITY DR 340,HEALTH2025-00084,2025-10-02,2026-04-06,2,Coffee/Cafe/Bakery/Dessert,national_regional,,False,True
HEALTH2025-00086,RIVERA'S  SALVA TEX-MEX,RIVERA'S  SALVA TEX-MEX,1321 N TENNESSEE ST 100,HEALTH2025-00086,2025-04-10,2026-06-11,5,Mexican/Tex-Mex/Latin,independent,,False,True
HEALTH2025-00092,TERESA'S HOUSE - BUILDING 5,TERESA'S HOUSE - BUILDING 5,6751 WELLNESS WAY,HEALTH2025-00092,2025-03-28,2026-03-20,3,Institutional,independent,,False,False
HEALTH2025-00093,TERESA’S HOUSE - MAIN PERMIT,TERESA’S HOUSE - MAIN PERMIT,6751 WELLNESS WAY,HEALTH2025-00093,2025-03-28,2026-03-20,3,Institutional,independent,,False,True
HEALTH2025-00100,"ROSATI""S PIZZA","ROSATI""S PIZZA",5261 MCKINNEY RANCH PKWY 600,HEALTH2025-00100,2026-06-30,2026-06-30,1,Pizza/Italian,national_regional,,False,True
HEALTH2025-00105,STARBUCKS #84806,STARBUCKS #84806,409 S MCDONALD ST,HEALTH2025-00105,2025-06-30,2026-03-02,3,Coffee/Cafe/Bakery/Dessert,national_regional,,False,True
HEALTH2025-00109,KROGER #565 STARBUCKS,KROGER #565 STARBUCKS,1801 N LAKE FOREST DR,HEALTH2026-00040;HEALTH2025-00109,2025-07-03,2026-06-29,4,Grocery/Market,national_regional,mainstream_supermarket,False,False
HEALTH2025-00121,Amazing Prep Academy ,Amazing Prep Academy ,3121 HUDSON CROSSING,HEALTH2025-00121,2025-06-26,2026-05-19,2,Institutional,independent,,False,True
HEALTH2025-00122,MCKINNEY WINE MERCHANT,MCKINNEY WINE MERCHANT,131 S CENTRAL EXPY,HEALTH2025-00122,2025-06-25,2026-06-12,3,Other non-restaurant,independent,,False,True
HEALTH2025-00124,CHEF SUN NOODLE & DUMPLING,CHEF SUN NOODLE & DUMPLING,7540 SH 121 150,HEALTH2025-00124,2025-05-01,2026-05-27,3,Chinese,independent,,False,True
HEALTH2025-00129,JAMBA/ AUNTIE ANNES,JAMBA/ AUNTIE ANNES,5200 STACY RD 600,HEALTH2025-00129,2025-06-30,2025-12-29,2,Coffee/Cafe/Bakery/Dessert,national_regional,,False,False
HEALTH2025-00143,VELVET TACO,VELVET TACO,8565 W UNIVERSITY DR 150,HEALTH2025-00143,2025-07-07,2026-07-08,3,Mexican/Tex-Mex/Latin,national_regional,,False,True
HEALTH2025-00146,MCKINNEY BUICK GMC,MCKINNEY BUICK GMC,3450 S CENTRAL EXPY,HEALTH2025-00146,2025-08-25,2025-08-25,1,Other non-restaurant,independent,,False,False
HEALTH2025-00147,,,3800 S CENTRAL EXPY,HEALTH2025-00147,2025-08-25,2025-08-25,1,Other non-restaurant,independent,,False,False
HEALTH2025-00152,McKinney Baseball concession,McKinney Baseball concession,7001 ELDORADO PKWY,HEALTH2025-00152,2025-08-18,2026-02-17,2,Venue/Concession,independent,,False,True
HEALTH2025-00156,Birdcall,Birdcall,4702 W UNIVERSITY DR,HEALTH2025-00156,2025-06-10,2026-06-09,3,Fast Food,national_regional,,False,True
HEALTH2025-00159,,,5400 COLLIN MCKINNEY PKWY,HEALTH2025-00159,2025-04-14,2026-03-02,3,Grocery/Market,national_regional,independent_specialty,False,False
HEALTH2025-00161,JP Donut,JP Donut,1720 ELDORADO PKWY 103,HEALTH2025-00161,2025-11-07,2026-05-28,2,Coffee/Cafe/Bakery/Dessert,independent,,False,True
HEALTH2025-00163,El Fenix,El Fenix,3450 S CENTRAL EXPY,HEALTH2025-00163,2025-03-04,2026-03-10,3,Mexican/Tex-Mex/Latin,national_regional,,False,True
HEALTH2025-00164,,,5400 COLLIN MCKINNEY PKWY,HEALTH2025-00164,2025-04-14,2026-03-02,3,Grocery/Market,national_regional,independent_specialty,False,False
HEALTH2025-00168,SEINYAA FOODS,SEINYAA FOODS,5160 COLLIN MCKINNEY PKWY 900,HEALTH2025-00168,2025-10-10,2026-04-09,2,Other cuisine,independent,,False,True
HEALTH2025-00175,THE KOLACHE FACTORY,THE KOLACHE FACTORY,6451 W UNIVERSITY DR 100,HEALTH2025-00175,2025-07-22,2026-06-15,3,Coffee/Cafe/Bakery/Dessert,national_regional,,False,True
HEALTH2025-00189,SMALLS SLIDERS,SMALLS SLIDERS,1681 N HARDIN BLVD,HEALTH2025-00189,2025-07-31,2026-07-08,3,Fast Food,national_regional,,False,True
HEALTH2025-00191,THE VEG PALACE,THE VEG PALACE,4041 S CUSTER RD 2160,HEALTH2025-00191,2025-07-01,2025-12-31,2,Indian,independent,,False,False
HEALTH2025-00193,Union Bear Brewing Company,Union Bear Brewing Company,308 W VIRGINIA ST,HEALTH2025-00193,2025-08-21,2026-08-25,3,"American (sit-down, bars, venues)",local_multi,,False,True
HEALTH2025-00236,KURA SUSHI,KURA SUSHI,8585 W UNIVERSITY DR 150,HEALTH2025-00236,2025-07-01,2026-06-02,3,Japanese,national_regional,,False,True
HEALTH2025-00237,NYC BAGEL,NYC BAGEL,7001 S CUSTER RD 400,HEALTH2025-00237,2025-07-10,2026-06-02,3,Coffee/Cafe/Bakery/Dessert,independent,,False,True
HEALTH2025-00251,Fire Bowl Cafe ,Fire Bowl Cafe ,4060 W UNIVERSITY DR 300,HEALTH2025-00251,2025-10-01,2025-10-01,1,Unknown,unknown,,False,False
HEALTH2025-00256,UGLY MUG COFFEE HOUSE,UGLY MUG COFFEE HOUSE,2801 S STONEBRIDGE DR 101,HEALTH2025-00256,2025-12-02,2026-06-02,2,Coffee/Cafe/Bakery/Dessert,independent,,False,True
HEALTH2025-00262,THE CHAAT BAR,THE CHAAT BAR,5121 COLLIN MCKINNEY PKWY 200,HEALTH2025-00262,2025-11-26,2026-05-13,2,Indian,independent,,False,True
HEALTH2025-00275,TRU BY HILTON,TRU BY HILTON,3100 CRAIG DR,HEALTH2025-00275,2025-12-16,2026-06-24,2,Hotel/Caterer/Commissary,national_regional,,False,True
HEALTH2025-00302,Super 8,Super 8,910 N CENTRAL EXPY,HEALTH2025-00302,2026-02-13,2026-08-04,2,Hotel/Caterer/Commissary,national_regional,,False,True
HEALTH2025-00355,SWEET PARIS CREPERIE & CAFE,SWEET PARIS CREPERIE & CAFE,8701 W UNIVERSITY DR 100,HEALTH2025-00355,2025-10-06,2026-04-03,2,Coffee/Cafe/Bakery/Dessert,national_regional,,False,True
HEALTH2025-00372,Lean Kitchen Vending Machine,Lean Kitchen Vending Machine,2200 TAYLOR-BURK DR,HEALTH2025-00372,2025-10-20,2025-10-20,1,Other non-restaurant,local_multi,,False,False
HEALTH2025-00375,CHILITO ROJO,CHILITO ROJO,1705 W UNIVERSITY DR 118,HEALTH2025-00375,2025-08-04,2026-08-18,3,Mexican/Tex-Mex/Latin,independent,,False,True
HEALTH2025-00433,HILLSIDE COFFEE BAR,HILLSIDE COFFEE BAR,7951 COLLIN MCKINNEY PKWY,HEALTH2025-00433,2025-07-29,2026-01-06,2,Coffee/Cafe/Bakery/Dessert,independent,,False,True
HEALTH2025-00451,COMMUNITY LIFELINE,COMMUNITY LIFELINE,1601 N WADDILL ST 102,HEALTH2025-00451,2025-08-21,2025-08-21,1,Institutional,independent,,False,False
HEALTH2025-00458,Black Rock Coffee Bar ,Black Rock Coffee Bar ,4001 W UNIVERSITY DR,HEALTH2025-00458,2025-07-03,2026-07-16,3,Coffee/Cafe/Bakery/Dessert,national_regional,,False,True
HEALTH2025-00469,Starbucks Coffee Shop,Starbucks Coffee Shop,5900 COLLIN MCKINNEY PKWY,HEALTH2025-00469,2025-09-24,2026-03-06,2,Coffee/Cafe/Bakery/Dessert,national_regional,,False,True
HEALTH2025-00489,PACIUGO MCKINNEY,PACIUGO MCKINNEY,8701 W UNIVERSITY DR 200,HEALTH2025-00489,2025-09-03,2026-03-05,2,Coffee/Cafe/Bakery/Dessert,national_regional,,False,True
HEALTH2025-00495,Centro On The Square,Centro On The Square,112 E LOUISIANA ST A,HEALTH2025-00495,2025-07-01,2026-07-29,3,Unknown,independent,,False,True
HEALTH2025-00507,The Great Greek Mediterranean Grill,The Great Greek Mediterranean Grill,5701 S CUSTER RD 200,HEALTH2025-00507,2025-12-02,2025-12-02,1,Mediterranean/Middle Eastern,national_regional,,False,True
HEALTH2025-00522,GENJI SUSHI,GENJI SUSHI,8701 W UNIVERSITY DR 300,HEALTH2025-00522,2025-10-02,2026-04-17,2,Grocery/Market,national_regional,mainstream_supermarket,False,True
HEALTH2025-00539,WHOLE FOODS - GROCERY,WHOLE FOODS - GROCERY,8701 W UNIVERSITY DR 300,HEALTH2025-00539,2025-10-02,2026-04-17,2,Grocery/Market,national_regional,mainstream_supermarket,False,True
HEALTH2025-00545,WATERMERE MCKINNEY,WATERMERE MCKINNEY,3351 VIRGINIA PKWY,HEALTH2025-00545,2025-08-01,2026-08-14,3,Institutional,local_multi,,False,True
HEALTH2025-00549,Black Rock Coffee Bar,Black Rock Coffee Bar,9701 W UNIVERSITY DR,HEALTH2025-00549,2025-11-03,2026-05-21,2,Coffee/Cafe/Bakery/Dessert,national_regional,,False,True
HEALTH2025-00552,PINKITZEL,PINKITZEL,101 W LOUISIANA ST A,HEALTH2025-00552,2026-04-24,2026-04-24,1,Coffee/Cafe/Bakery/Dessert,national_regional,,False,False
HEALTH2025-00558,ALBARAKA BBQ GRILL,ALBARAKA BBQ GRILL,155 S CENTRAL EXPY,HEALTH2025-00558,2026-04-14,2026-04-14,1,Mediterranean/Middle Eastern,independent,,False,True
HEALTH2025-00566,Micro Market,Micro Market,500 INTERCHANGE ST,HEALTH2025-00566,2025-12-12,2025-12-12,1,Other non-restaurant,unknown,,False,False
HEALTH2025-00570,Lean Kitchen McKinney will be installing a Byte Cooler at the City Hall.  We are not sure as to what floor at the moment.  We will have our healthy meals in the cooler for the staff at City Hall.,Lean Kitchen McKinney will be installing a Byte Cooler at the City Hall.  We are not sure as to what floor at the moment.  We will have our healthy meals in the cooler for the staff at City Hall.,401 E VIRGINIA ST,HEALTH2025-00570,2025-09-03,2025-09-03,1,Other non-restaurant,local_multi,,False,False
HEALTH2025-00573,Mountain Mikes Pizza,Mountain Mikes Pizza,4590 W UNIVERSITY DR 210,HEALTH2025-00573,2025-08-14,2026-08-06,3,Pizza/Italian,national_regional,,False,True
HEALTH2025-00581,WHOLE FOODS - Bakery,WHOLE FOODS - Bakery,8701 W UNIVERSITY DR 300,HEALTH2025-00581,2025-10-02,2026-04-17,2,Grocery/Market,national_regional,mainstream_supermarket,False,False
HEALTH2025-00582,WHOLE FOODS - Prepared Foods/Deli,WHOLE FOODS - Prepared Foods/Deli,8701 W UNIVERSITY DR 300,HEALTH2025-00582,2025-10-02,2026-04-17,2,Grocery/Market,national_regional,mainstream_supermarket,False,False
HEALTH2025-00583,WHOLE FOODS - Produce,WHOLE FOODS - Produce,8701 W UNIVERSITY DR 300,HEALTH2025-00583,2025-10-02,2026-04-17,2,Grocery/Market,national_regional,mainstream_supermarket,False,False
HEALTH2025-00584,WHOLE FOODS - Meat,WHOLE FOODS - Meat,8701 W UNIVERSITY DR 300,HEALTH2025-00584,2025-10-02,2026-04-17,2,Grocery/Market,national_regional,mainstream_supermarket,False,False
HEALTH2025-00585,WHOLE FOODS - Seafood,WHOLE FOODS - Seafood,8701 W UNIVERSITY DR 300,HEALTH2025-00585,2025-10-02,2026-04-17,2,Grocery/Market,national_regional,mainstream_supermarket,False,False
HEALTH2025-00586,WHOLE FOODS Specialty/Cheese,WHOLE FOODS Specialty/Cheese,8701 W UNIVERSITY DR 300,HEALTH2025-00586,2025-10-02,2026-04-17,2,Grocery/Market,national_regional,mainstream_supermarket,False,False
HEALTH2025-00587,CHIPOTLE,CHIPOTLE,8751 W UNIVERSITY DR 150,HEALTH2025-00587,2025-12-04,2026-06-17,2,Mexican/Tex-Mex/Latin,national_regional,,False,True
HEALTH2025-00597,HOUSO BREAD,HOUSO BREAD,7551 ELDORADO PKWY 100,HEALTH2025-00597,2026-04-07,2026-07-14,2,Coffee/Cafe/Bakery/Dessert,national_regional,,False,True
HEALTH2025-00599,YUM OF INDIA,YUM OF INDIA,1480 S INDEPENDENCE PKWY 280,HEALTH2025-00599,2025-11-05,2026-04-02,2,Indian,independent,,False,True
HEALTH2025-00602,LA LA LAND CAFE,LA LA LAND CAFE,8701 W UNIVERSITY DR 170,HEALTH2025-00602,2025-11-10,2026-05-26,2,Coffee/Cafe/Bakery/Dessert,national_regional,,False,True
HEALTH2025-00604,BRUNCH DISTRICT,BRUNCH DISTRICT,4590 W UNIVERSITY DR 250,HEALTH2025-00604,2025-10-03,2026-04-21,2,"American (sit-down, bars, venues)",independent,,False,True
HEALTH2025-00636,PIZZA VIBES,PIZZA VIBES,5100 STACY RD 700,HEALTH2025-00636,2025-12-04,2026-06-15,2,Pizza/Italian,independent,,False,True
HEALTH2025-00652,CAVALLI,CAVALLI,6851 VIRGINIA PKWY 105,HEALTH2025-00652,2025-12-04,2026-06-09,2,Pizza/Italian,local_multi,,False,True
HEALTH2025-00658,SALEM RR BIRYANI ,SALEM RR BIRYANI ,1411 N CUSTER RD 700,HEALTH2025-00658,2026-01-06,2026-07-01,3,Indian,independent,,False,True
HEALTH2025-00664,stefania sempanadas,stefania sempanadas,1800 S INDEPENDENCE PKWY 110,HEALTH2025-00664,2025-12-02,2026-06-02,2,Mexican/Tex-Mex/Latin,independent,,False,True
HEALTH2025-00673,KIMIYA JAPANESE CUISINE,KIMIYA JAPANESE CUISINE,1615 N CENTRAL EXPY,HEALTH2025-00673,2025-12-02,2026-06-04,2,Japanese,independent,,False,True
HEALTH2025-00676,88 baobao,88 baobao,4610 W UNIVERSITY DR 130,HEALTH2025-00676,2026-04-06,2026-04-06,1,Chinese,independent,,False,True
HEALTH2025-00678,HAPPYMIX CREPERIE,HAPPYMIX CREPERIE,113 S TENNESSEE ST,HEALTH2025-00678,2026-03-04,2026-08-05,2,Coffee/Cafe/Bakery/Dessert,independent,,False,True
HEALTH2025-00686,COCO MANGO,COCO MANGO,3540 W UNIVERSITY DR 300,HEALTH2025-00686,2025-12-29,2026-06-05,2,Coffee/Cafe/Bakery/Dessert,independent,,False,True
HEALTH2025-00694,Chip City McKinney,Chip City McKinney,6651 ALMA RD 100,HEALTH2025-00694,2025-11-24,2026-05-27,2,Coffee/Cafe/Bakery/Dessert,national_regional,,False,True
HEALTH2025-00717,Page 3 ,Page 3 ,7560 SH 121 100,HEALTH2025-00717,2026-01-28,2026-06-08,2,Indian,independent,,False,True
HEALTH2025-00736,Freddy's Frozen Custard and Steakburgers,Freddy's Frozen Custard and Steakburgers,1530 N HARDIN BLVD,HEALTH2025-00736,2025-12-26,2026-06-05,2,Fast Food,national_regional,,False,True
HEALTH2025-00751,Nékter Juice Bar ,Nékter Juice Bar ,6720 ALMA RD 250,HEALTH2025-00751,2026-03-06,2026-03-06,1,Coffee/Cafe/Bakery/Dessert,national_regional,,False,True
HEALTH2025-00752,Sushi ,Sushi ,3400 VIRGINIA PKWY,HEALTH2025-00752,2026-04-20,2026-04-20,1,Grocery/Market,national_regional,mainstream_supermarket,False,True
HEALTH2025-00754,MCDONALD'S,MCDONALD'S,2960 TAYLOR-BURK DR,HEALTH2025-00754,2025-12-30,2026-06-04,2,Fast Food,national_regional,,False,True
HEALTH2025-00759,YONUTZ,YONUTZ,4051 S CUSTER RD 1170,HEALTH2025-00759,2025-12-01,2026-06-16,2,Coffee/Cafe/Bakery/Dessert,national_regional,,False,True
HEALTH2025-00764,"CHEBA HUT ""TOASTED"" SUBS","CHEBA HUT ""TOASTED"" SUBS",4610 W UNIVERSITY DR 160,HEALTH2025-00764,2025-12-01,2026-06-01,2,Deli/Sandwich/Salad,national_regional,,False,True
HEALTH2025-00771,BARRIO TACOS + TEQUILA + WHISKEY,BARRIO TACOS + TEQUILA + WHISKEY,9401 W UNIVERSITY DR,HEALTH2025-00771,2026-04-23,2026-04-23,1,Mexican/Tex-Mex/Latin,independent,,False,True
HEALTH2025-00777,THE MIRAGE LOUNGE HOOKAH BAR AND BITES,THE MIRAGE LOUNGE HOOKAH BAR AND BITES,3750 MCKINNEY RANCH PKWY 100,HEALTH2025-00777,2026-07-17,2026-07-17,1,Indian,independent,,False,True
HEALTH2025-00781,FENG CHA,FENG CHA,4610 W UNIVERSITY DR 120,HEALTH2025-00781,2026-01-15,2026-07-17,2,Coffee/Cafe/Bakery/Dessert,national_regional,,False,True
HEALTH2025-00783,TAO RICE ROLL,TAO RICE ROLL,1550 S CUSTER RD 600,HEALTH2025-00783,2025-12-01,2026-06-16,2,Chinese,independent,,False,True
HEALTH2025-00804,HOP DADDY BURGER BAR ,HOP DADDY BURGER BAR ,8565 W UNIVERSITY DR 100,HEALTH2025-00804,2026-01-28,2026-07-10,2,Fast Food,national_regional,,False,True
HEALTH2025-00848,Jet Pizza,Jet Pizza,2510 N HARDIN BLVD 200,HEALTH2025-00848,2026-03-09,2026-09-01,2,Pizza/Italian,national_regional,,False,True
HEALTH2025-00851,EL POLLO LOCO,EL POLLO LOCO,211 N CUSTER RD,HEALTH2025-00851,2026-02-23,2026-08-05,2,Fast Food,national_regional,,False,True
HEALTH2025-00858,COFFEE NUTZ,COFFEE NUTZ,6951 S CUSTER RD 500,HEALTH2025-00858,2025-12-31,2026-06-05,2,Coffee/Cafe/Bakery/Dessert,independent,,False,True
HEALTH2025-00863,India Bazaar,India Bazaar,6701 COLLIN MCKINNEY PKWY 100,HEALTH2025-00863,2026-02-24,2026-08-24,2,Grocery/Market,local_multi,independent_specialty,False,True
HEALTH2025-00865,Korner the Market ,Korner the Market ,7951 COLLIN MCKINNEY PKWY 1560,HEALTH2025-00865,2026-01-06,2026-07-06,2,Convenience/Gas,independent,,False,True
HEALTH2025-00873,Chipotle,Chipotle,8201 ELDORADO PKWY 100,HEALTH2025-00873,2026-07-27,2026-07-27,1,Mexican/Tex-Mex/Latin,national_regional,,False,True
HEALTH2025-00875,Capital Rosa Group,Capital Rosa Group,5960 STACY RD,HEALTH2025-00875,2026-01-28,2026-07-20,2,Other non-restaurant,unknown,,False,True
HEALTH2025-00885,Bojangles,Bojangles,210 S CENTRAL EXPY,HEALTH2025-00885,2026-05-04,2026-05-04,1,Fast Food,national_regional,,False,True
HEALTH2025-00888,Green Apple Catering,Green Apple Catering,3105 N MCDONALD ST 400,HEALTH2025-00888,2026-03-13,2026-03-13,1,Hotel/Caterer/Commissary,independent,,False,True
HEALTH2025-00891,Simply South ,Simply South ,4781 S CUSTER RD,HEALTH2025-00891,2026-02-25,2026-08-19,2,Indian,local_multi,,False,True
HEALTH2025-00894,Krishna Bhavan,Krishna Bhavan,3801 VIRGINIA PKWY 900,HEALTH2025-00894,2026-02-26,2026-08-25,2,Indian,independent,,False,True
HEALTH2025-00895,BREAD ZEPPELIN,BREAD ZEPPELIN,3241 S CUSTER RD 107,HEALTH2025-00895,2026-03-10,2026-03-10,1,Deli/Sandwich/Salad,national_regional,,False,True
HEALTH2025-00901,7 Brew Coffee Stand,7 Brew Coffee Stand,1510 W UNIVERSITY DR,HEALTH2025-00901,2026-02-19,2026-08-19,2,Coffee/Cafe/Bakery/Dessert,national_regional,,False,True
HEALTH2025-00919,"micromarket
Was formally at 3700 stonebridge","micromarket
Was formally at 3700 stonebridge",7677 HENNEMAN WAY,HEALTH2025-00919,2026-03-06,2026-03-06,1,Other non-restaurant,unknown,,False,True
HEALTH2025-00920,Stella's Ice Cream Shop,Stella's Ice Cream Shop,4590 W UNIVERSITY DR 220,HEALTH2025-00920,2026-04-06,2026-04-06,1,Coffee/Cafe/Bakery/Dessert,independent,,False,True
HEALTH2025-00929,Mustang Momo & Grill,Mustang Momo & Grill,1550 S CUSTER RD 700,HEALTH2025-00929,2026-03-10,2026-03-10,1,Indian,independent,,False,True
HEALTH2026-00007,McDONALD's,McDONALD's,9010 VIRGINIA PKWY,HEALTH2026-00007,2026-06-17,2026-06-17,1,Fast Food,national_regional,,False,True
HEALTH2026-00018,Town Place Suites,Town Place Suites,1832 MARKETPLACE DR,HEALTH2026-00018,2026-05-11,2026-05-11,1,Hotel/Caterer/Commissary,national_regional,,False,True
HEALTH2026-00029,Sedexo,Sedexo,7677 HENNEMAN WAY,HEALTH2026-00029,2026-03-06,2026-03-06,1,Institutional,national_regional,,False,True
HEALTH2026-00030,The Kebab Shop,The Kebab Shop,8701 W UNIVERSITY DR 470,HEALTH2026-00030,2026-03-12,2026-03-12,1,Mediterranean/Middle Eastern,national_regional,,False,True
HEALTH2026-00047,SHIPLEY DONUTS,SHIPLEY DONUTS,3801 VIRGINIA PKWY 600,HEALTH2026-00047,2026-04-22,2026-04-22,1,Coffee/Cafe/Bakery/Dessert,national_regional,,False,True
HEALTH2026-00061,Starbuck's #86366,Starbuck's #86366,7530 SH 121,HEALTH2026-00061,2026-04-01,2026-04-01,1,Coffee/Cafe/Bakery/Dessert,national_regional,,False,True
HEALTH2026-00069,SHORTY'S MCKINNEY,SHORTY'S MCKINNEY,109 N KENTUCKY ST,HEALTH2026-00069,2026-04-29,2026-04-29,1,"American (sit-down, bars, venues)",independent,,False,True
HEALTH2026-00072,CAFE ZUPAS,CAFE ZUPAS,4004 W UNIVERSITY DR,HEALTH2026-00072,2026-04-06,2026-04-06,1,Deli/Sandwich/Salad,national_regional,,False,True
HEALTH2026-00074,LION AND CROWN,LION AND CROWN,7951 COLLIN MCKINNEY PKWY 1600,HEALTH2026-00074,2026-05-01,2026-05-01,1,"American (sit-down, bars, venues)",independent,,False,True
HEALTH2026-00076,Arome Caribbean Fusion and Lounge,Arome Caribbean Fusion and Lounge,6851 VIRGINIA PKWY,HEALTH2026-00076,2026-04-15,2026-04-15,1,Other cuisine,independent,,False,True
HEALTH2026-00077,Diamond Pastry,Diamond Pastry,4100 S RIDGE RD 100,HEALTH2026-00077,2026-08-18,2026-08-18,1,Coffee/Cafe/Bakery/Dessert,independent,,False,True
HEALTH2026-00089,MOONRISE LAKE LOUNGE,MOONRISE LAKE LOUNGE,6601 MEDITERRANEAN DR 6101,HEALTH2026-00089,2026-07-10,2026-07-10,1,Indian,independent,,False,True
HEALTH2026-00100,TOASTED SIMPLE,TOASTED SIMPLE,402 E LOUISIANA ST 102,HEALTH2026-00100,2026-09-01,2026-09-01,1,Unknown,independent,,False,True
HEALTH2026-00101,Lean Kitchen,Lean Kitchen,1 DUVALL ST,HEALTH2026-00101,2026-06-10,2026-06-10,1,Other non-restaurant,local_multi,,False,True
HEALTH2026-00108,PARIS BAQUETTE,PARIS BAQUETTE,4660 W UNIVERSITY DR 310,HEALTH2026-00108,2026-04-06,2026-04-06,1,Coffee/Cafe/Bakery/Dessert,national_regional,,False,True
HEALTH2026-00117,Juice Truck,Juice Truck,4550 W UNIVERSITY DR,HEALTH2026-00117,2026-03-11,2026-03-11,1,Coffee/Cafe/Bakery/Dessert,independent,,True,False
HEALTH2026-00139,MAMA'S IRON WOK,MAMA'S IRON WOK,2741 VIRGINIA PKWY 500,HEALTH2026-00139,2026-06-08,2026-06-08,1,Chinese,independent,,False,True
HEALTH2026-00213,FAMOUS SPICE,FAMOUS SPICE,3300 ELDORADO PKWY 100,HEALTH2026-00213,2026-06-24,2026-06-24,1,Indian,independent,,False,True
HEALTH2026-00219,Trader Joe's,Trader Joe's,8101 ELDORADO PKWY,HEALTH2026-00219,2026-06-18,2026-06-18,1,Grocery/Market,national_regional,mainstream_supermarket,False,True
HEALTH2026-00235,OAK & STONE,OAK & STONE,8575 W UNIVERSITY DR 150,HEALTH2026-00235,2026-06-01,2026-06-22,2,Unknown,unknown,,False,True
HEALTH2026-00267,MADRAS MOJO,MADRAS MOJO,4060 W UNIVERSITY DR 300,HEALTH2026-00267,2026-06-24,2026-06-24,1,Indian,independent,,False,True
HEALTH2026-00294,CHEN'S KITCHEN,CHEN'S KITCHEN,6405 ELDORADO PKWY 600,HEALTH2026-00294,2026-06-22,2026-06-22,1,Chinese,independent,,False,True
HEALTH2026-00296,MEAT WALA,MEAT WALA,6701 COLLIN MCKINNEY PKWY 150,HEALTH2026-00296,2026-06-05,2026-06-05,1,Grocery/Market,independent,independent_specialty,False,True
HEALTH2026-00331, Tous Les Jours Mckinney, Tous Les Jours Mckinney,7645 S CUSTER RD 444,HEALTH2026-00331,2026-08-21,2026-08-21,1,Coffee/Cafe/Bakery/Dessert,national_regional,,False,True
HEALTH2026-00332,Ilio's Greek & Lebanese Restaurant,Ilio's Greek & Lebanese Restaurant,210 N CUSTER RD 130,HEALTH2026-00332,2026-07-17,2026-07-17,1,Mediterranean/Middle Eastern,independent,,False,True
HEALTH2026-00359,Hyderabad Wala,Hyderabad Wala,2414 W UNIVERSITY DR 200,HEALTH2026-00359,2026-07-06,2026-07-06,1,Indian,independent,,False,True
HEALTH2026-00360,Mountain Mike's Pizza #466,Mountain Mike's Pizza #466,8251 ELDORADO PKWY 100,HEALTH2026-00360,2026-07-22,2026-07-22,1,Pizza/Italian,national_regional,,False,True
HEALTH2026-00372, Mckinney Public Works-North Campus, Mckinney Public Works-North Campus,3501 N CENTRAL EXPY,HEALTH2026-00372,2026-07-21,2026-07-21,1,Other non-restaurant,independent,,False,True
HEALTH2026-00378,Lelo's Coffee,Lelo's Coffee,402 E LOUISIANA ST 107,HEALTH2026-00378,2026-08-06,2026-08-06,1,Coffee/Cafe/Bakery/Dessert,independent,,False,True
HEALTH2026-00384,Southern Steer Butcher,Southern Steer Butcher,5100 ELDORADO PKWY 107,HEALTH2026-00384,2026-08-04,2026-08-04,1,Grocery/Market,national_regional,independent_specialty,False,True
HEALTH2026-00388,KING POT ,KING POT ,159 S CENTRAL EXPY,HEALTH2026-00388,2026-08-07,2026-08-07,1,Unknown,unknown,,False,True
HEALTH2026-00389,King Donuts,King Donuts,4180 S LAKE FOREST DR 400,HEALTH2026-00389,2026-06-22,2026-06-22,1,Coffee/Cafe/Bakery/Dessert,independent,,False,True
HEALTH2026-00410,STOP-N-GO GYROS,STOP-N-GO GYROS,301 N CUSTER RD 100,HEALTH2026-00410,2026-07-07,2026-07-07,1,Mediterranean/Middle Eastern,local_multi,,False,True
HEALTH2026-00416,Café LaFaye Coffee Co. Coffee Shop,Café LaFaye Coffee Co. Coffee Shop,407 E LOUISIANA ST 100,HEALTH2026-00416,2026-08-06,2026-08-06,1,Coffee/Cafe/Bakery/Dessert,independent,,False,True
HEALTH2026-00443,"Curries & Co LLC
","Curries & Co LLC
",6701 COLLIN MCKINNEY PKWY 101A,HEALTH2026-00443,2026-08-24,2026-08-24,1,Indian,independent,,False,True
HEALTH2026-00448,Reggae Jerk Grill,Reggae Jerk Grill,7001 S CUSTER RD 600,HEALTH2026-00448,2026-09-01,2026-09-01,1,Other cuisine,independent,,False,True
