link_number,name,address,street,unit,first,last,inspections,establishment_id,market_or_event_site,current_layer,layer_work_class,layer_permit_status,layer_inspection_cycle,layer_avg_score,layer_trend,layer_critical_violations,layer_inspections,category,cuisine_detail,chain,grocery_type,category_confidence
,,214 N KENTUCKY ST,,,2020-10-05,2021-12-27,2,,False,,,,,,,,,,,,,
FOOD2018-03-00030,,1614 W UNIVERSITY DR,1614 W UNIVERSITY DR,,2018-03-19,2018-03-19,1,FOOD2018-03-00030,False,,,,,,,,,Fast Food,fried chicken (Grandy's),national_regional,,low
FOOD2023-10-00001,,2050 W UNIVERSITY DR 145,2050 W UNIVERSITY DR,145,2023-10-04,2023-10-04,1,FOOD2023-10-00001,False,,,,,,,,,Coffee/Cafe/Bakery/Dessert,boba tea,national_regional,,low
FOOD2024-04-00026,,8930 SH 121 568,8930 SH 121,568,2024-04-23,2024-04-23,1,FOOD2024-04-00026,False,,,,,,,,,Coffee/Cafe/Bakery/Dessert,ice cream (Marble Slab),national_regional,,medium
HEALTH2016-000882,BEST WESTERN,480 S WILSON CREEK BLVD,480 S WILSON CREEK BLVD,,2018-06-06,2019-03-11,3,HEALTH2016-000882,False,,,,,,,,,Hotel/Caterer/Commissary,hotel,national_regional,,high
HEALTH2016-001559,FAMILY DOLLAR #5430,617 MCDONALD ST,617 MCDONALD ST,,2017-10-20,2022-06-30,10,HEALTH2016-001559,False,,,,,,,,,Convenience/Gas,dollar/discount store,national_regional,,high
HEALTH2016-004958,DELISH BUBBLE TEA,8930 SH 121,8930 SH 121,,2018-01-22,2024-07-30,14,HEALTH2016-004958,False,,,,,,,,,Coffee/Cafe/Bakery/Dessert,boba tea,independent,,high
HEALTH2016-004976,LA REAL MICHOACANA #3,809 N MCDONALD ST,809 N MCDONALD ST,,2018-02-23,2023-09-06,15,HEALTH2016-004976,False,,,,,,,,,Coffee/Cafe/Bakery/Dessert,"paleteria (ice cream, elotes)",local_multi,,low
HEALTH2016-006020,MOUNTAIN MAN JERKY,317 S CHESTNUT ST,317 S CHESTNUT ST,,2020-09-19,2023-05-06,6,HEALTH2016-006020,True,,,,,,,,,Other non-restaurant,jerky (farmers market vendor),independent,,medium
HEALTH2016-006300,LINDSEY ELEMENTARY SCHOOL,5730 WILFORD DR,5730 WILFORD DR,,2018-01-10,2018-03-29,2,HEALTH2016-006300,False,,,,,,,,,Institutional,school cafeteria/concession,local_multi,,high
HEALTH2016-006352,MELLOW MUSHROOM,218 E LOUISIANA ST 100,218 E LOUISIANA ST,100,2018-03-29,2024-08-26,19,HEALTH2017-09613,False,,,,,,,,,Pizza/Italian,pizza,national_regional,,high
HEALTH2016-006461,EMPORIUM PIES,107 S TENNESSEE ST,107 S TENNESSEE ST,,2017-11-17,2024-06-26,14,HEALTH2016-006461,False,,,,,,,,,Coffee/Cafe/Bakery/Dessert,pie bakery,local_multi,,high
HEALTH2016-006463,BAHAMA BUCKS,2783 VIRGINIA PKWY,2783 VIRGINIA PKWY,,2017-11-07,2020-12-22,10,HEALTH2016-006463,False,,,,,,,,,Coffee/Cafe/Bakery/Dessert,shaved ice,national_regional,,high
HEALTH2016-006503,BAYOU JACKS,218 E LOUISIANA ST 300,218 E LOUISIANA ST,300,2018-01-04,2019-12-31,7,HEALTH2016-006503,False,,,,,,,,,"American (sit-down, bars, venues)",Cajun/seafood,independent,,medium
HEALTH2016-006509,KING DONUT,4180 S LAKE FOREST DR,4180 S LAKE FOREST DR,,2017-11-01,2024-06-12,15,HEALTH2016-006509,False,,,,,,,,,Coffee/Cafe/Bakery/Dessert,donuts,independent,,high
HEALTH2016-007103,THE VILLAGE AT STONEBRIDGE,3300 S STONEBRIDGE DR,3300 S STONEBRIDGE DR,,2017-10-31,2018-04-25,3,HEALTH2016-007103,False,,,,,,,,,Institutional,senior living / nursing,unknown,,high
HEALTH2016-007126,PANDA EXPRESS #2396,1509 W UNIVERSITY DR,1509 W UNIVERSITY DR,,2017-11-16,2024-04-23,17,HEALTH2016-007126,False,,,,,,,,,Chinese,American Chinese,national_regional,,high
HEALTH2016-007161,MESA'S MEXICAN GRILL ,7820 ELDORADO PKWY,7820 ELDORADO PKWY,,2018-01-05,2024-10-29,21,HEALTH2016-007161,False,,,,,,,,,Mexican/Tex-Mex/Latin,Mexican,independent,,high
HEALTH2016-007162,THE RED LANTERN,3851 STONEBRIDGE DR,3851 STONEBRIDGE DR,,2017-10-30,2022-05-04,16,HEALTH2016-007162,False,,,,,,,,,Chinese,Chinese,independent,,medium
HEALTH2016-007179,7-11 #37099A,100 S CUSTER RD,100 S CUSTER RD,,2018-02-23,2024-06-12,18,HEALTH2016-007179,False,,,,,,,,,Convenience/Gas,convenience store / gas station,national_regional,,high
HEALTH2016-007888,THE OLIVE GARDEN ITALIAN RESTAURANT,1700 N CENTRAL EXPY FH,1700 N CENTRAL EXPY,FH,2018-01-31,2024-08-12,17,HEALTH2016-007888,False,,,,,,,,,Pizza/Italian,Italian,national_regional,,high
HEALTH2016-007891,RYE,111 W VIRGINIA ST,111 W VIRGINIA ST,,2017-11-09,2017-11-09,1,HEALTH2016-007891,False,,,,,,,,,"American (sit-down, bars, venues)","New American, farm-to-table",independent,,medium
HEALTH2016-007957,GOLDEN POT,4100 S LAKE FOREST DR,4100 S LAKE FOREST DR,,2018-01-25,2024-09-25,19,HEALTH2016-007957,False,,,,,,,,,Chinese,Chinese,independent,,medium
HEALTH2016-007960,TOKYO JOE'S,7645 CUSTER RD,7645 CUSTER RD,,2017-10-24,2022-03-31,12,HEALTH2016-007960,False,,,,,,,,,Japanese,Japanese rice bowls,national_regional,,medium
HEALTH2016-007975,POPPIN POPARAZZIS KETTLE CORN,4550 UNIVERSITY DR FH,4550 UNIVERSITY DR,FH,2017-11-17,2018-01-14,2,HEALTH2016-007975,True,,,,,,,,,Venue/Concession,kettle corn,independent,,high
HEALTH2016-008555,J & M ASSOCIATES CONCESSION STAND,2701 NORTH BROOK DR,2701 N BROOK DR,,2018-04-25,2018-04-25,1,HEALTH2016-008555,False,,,,,,,,,Venue/Concession,sports field concession,independent,,medium
HEALTH2016-008587,ANDERSON FARMS ,4550 UNIVERSITY DR FH,4550 UNIVERSITY DR,FH,2017-11-17,2019-02-15,11,HEALTH2016-008587,True,,,,,,,,,Other non-restaurant,farm products vendor with samples (Trade Days),independent,,medium
HEALTH2016-008608,STARWOOD CAFE,2821 CRAIG DR,2821 CRAIG DR,,2017-10-25,2018-07-12,3,HEALTH2016-008608,False,,,,,,,,,"American (sit-down, bars, venues)",breakfast/lunch cafe,local_multi,,medium
HEALTH2016-008624,SU AMAZING FOODS,4550 UNIVERSITY DR FH,4550 UNIVERSITY DR,FH,2017-11-17,2018-11-16,9,HEALTH2016-008624,True,,,,,,,,,Venue/Concession,"event concession (chili, pulled pork)",independent,,low
HEALTH2016-008638,CHICKEN EXPRESS,409 S MCDONALD ST,409 S MCDONALD ST,,2017-12-04,2022-07-12,13,HEALTH2016-008638,False,,,,,,,,,Fast Food,fried chicken,national_regional,,high
HEALTH2016-008702,POPSICLES,4550 UNIVERSITY DR FH,4550 UNIVERSITY DR,FH,2017-11-17,2020-06-12,21,HEALTH2016-008702,True,,,,,,,,,Coffee/Cafe/Bakery/Dessert,popsicles,independent,,medium
HEALTH2016-008710,GOOD BLENDZ,2875 S CENTRAL EXPY,2875 S CENTRAL EXPY,,2018-01-10,2019-12-02,6,HEALTH2016-008710,False,,,,,,,,,Coffee/Cafe/Bakery/Dessert,smoothies (gym smoothie bar),independent,,high
HEALTH2016-008726,TACO CRUSH,2960 ELDORADO PKWY,2960 ELDORADO PKWY,,2018-01-11,2021-05-28,12,HEALTH2016-008726,False,,,,,,,,,Mexican/Tex-Mex/Latin,tacos,independent,,high
HEALTH2016-008752,NOTHING BUNDT CAKES,2110 ELDORADO PKWY,2110 ELDORADO PKWY,,2017-12-27,2024-10-11,15,HEALTH2016-008752,False,,,,,,,,,Coffee/Cafe/Bakery/Dessert,bundt cakes,national_regional,,high
HEALTH2016-008771,LIFE FELLOWSHIP,6400 HENNEMAN WAY,6400 HENNEMAN WAY,,2018-01-02,2023-07-21,12,HEALTH2016-008771,False,,,,,,,,,Institutional,church,independent,,medium
HEALTH2017-000005,REDBUD HOUSE,101 WILSON CREEK PKWY,101 WILSON CREEK PKWY,,2017-11-13,2023-08-30,18,HEALTH2017-000005,False,,,,,,,,,Institutional,residential care kitchen,unknown,,low
HEALTH2017-000008,JALAPENO'S MEXICAN GRILL ,1502 W UNIVERSITY DR,1502 W UNIVERSITY DR,,2017-11-29,2024-06-20,13,HEALTH2017-000008,False,,,,,,,,,Mexican/Tex-Mex/Latin,Mexican,independent,,high
HEALTH2017-000012,NORTH PARK HEALTH/REHAB,1720 N MCDONALD ST,1720 N MCDONALD ST,,2018-01-31,2024-01-10,17,HEALTH2017-000012,False,,,,,,,,,Institutional,senior living / nursing,unknown,,high
HEALTH2017-000013,SONIC DRIVE-IN #3834,2950 ELDORADO PKWY,2950 ELDORADO PKWY,,2017-10-25,2018-10-23,5,HEALTH2017-000013,False,,,,,,,,,Fast Food,burgers/drive-in,national_regional,,high
HEALTH2017-000014,AMERICAN LEGION ,1505 N CHURCH ST,1505 N CHURCH ST,,2018-01-11,2023-09-13,13,HEALTH2017-000014,False,,,,,,,,,"American (sit-down, bars, venues)",veterans club bar,independent,,medium
HEALTH2017-000020,CHINA SUN,1500 W UNIVERSITY DR A,1500 W UNIVERSITY DR,A,2017-12-13,2023-03-27,16,HEALTH2017-000020,False,,,,,,,,,Chinese,Chinese,independent,,high
HEALTH2017-000022,HANDY MART ,1000 S MCDONALD ST,1000 S MCDONALD ST,,2018-01-08,2022-01-18,11,HEALTH2017-000022,False,,,,,,,,,Convenience/Gas,convenience store / gas station,independent,,medium
HEALTH2017-000025,WALGREENS #4663,3001 ELDORADO PKWY,3001 ELDORADO PKWY,,2017-12-28,2024-09-09,14,HEALTH2017-000025,False,,,,,,,,,Convenience/Gas,pharmacy,national_regional,,high
HEALTH2017-000042,BILL SMITH'S ,1510 W UNIVERSITY DR,1510 W UNIVERSITY DR,,2017-11-29,2022-04-28,15,HEALTH2017-000042,False,,,,,,,,,"American (sit-down, bars, venues)","diner, Southern breakfast",independent,,high
HEALTH2017-000043,SAN MIGUEL GRILL,506 UNIVERSITY DR,506 UNIVERSITY DR,,2017-10-19,2024-05-29,19,HEALTH2017-000043,False,,,,,,,,,Mexican/Tex-Mex/Latin,Mexican,independent,,medium
HEALTH2017-000044,JIM'S PIZZA,208 W UNIVERSITY DR,208 W UNIVERSITY DR,,2018-01-10,2021-02-01,12,HEALTH2017-000044,False,,,,,,,,,Pizza/Italian,pizza,local_multi,,low
HEALTH2017-000048,NORTH BROOK PLACE,2301 NORTH BROOK DR,2301 N BROOK DR,,2018-01-02,2019-12-10,7,HEALTH2017-000048,False,,,,,,,,,Institutional,senior living / nursing,unknown,,high
HEALTH2017-000050,BAKER'S DRIVE-IN,1001 MCDONALD ST,1001 MCDONALD ST,,2017-10-24,2020-04-23,7,HEALTH2017-000050,False,,,,,,,,,"American (sit-down, bars, venues)",burger drive-in,independent,,high
HEALTH2017-000054,SUPER 1 STOP,1313 N CHURCH ST,1313 N CHURCH ST,,2017-12-07,2020-04-20,7,HEALTH2017-000054,False,,,,,,,,,Convenience/Gas,convenience store / gas station,independent,,medium
HEALTH2017-000061,RUEBEN JOHNSON ELEMENTARY CAFETERIA,3400 ASH LN MISD,3400 ASH LN,MISD,2017-12-04,2026-04-07,18,HEALTH2017-000061,False,schools_daycares,MISD,Issued,Biannual Inspections,0,DN,0.0,4.0,Institutional,school cafeteria/concession (McKinney ISD),local_multi,,high
HEALTH2017-000074,SONIC DRIVE-IN,312 W UNIVERSITY DR,312 W UNIVERSITY DR,,2018-01-02,2021-04-21,10,HEALTH2017-000074,False,,,,,,,,,Fast Food,burgers/drive-in,national_regional,,high
HEALTH2017-000081,MEALS ON WHEELS COLLIN COUNTY,600 N TENNESSEE ST,600 N TENNESSEE ST,,2017-11-28,2019-04-02,5,HEALTH2017-000081,False,,,,,,,,,Institutional,nonprofit social services,independent,,high
HEALTH2017-000085,IHOP,1960 CENTRAL EXPY,1960 CENTRAL EXPY,,2017-10-24,2024-02-29,21,HEALTH2017-000085,False,,,,,,,,,"American (sit-down, bars, venues)",breakfast diner,national_regional,,high
HEALTH2017-000099,MOVIES 14 CINEMARK,1701 CENTRAL EXPY,1701 CENTRAL EXPY,,2017-10-23,2024-05-01,14,HEALTH2017-000099,False,,,,,,,,,Venue/Concession,movie theater,national_regional,,high
HEALTH2017-000122,BURKS ELEMENTARY CAFETERIA,1801 HILL ST MISD,1801 HILL ST,MISD,2017-12-19,2026-02-17,18,HEALTH2017-000122,False,,,,,,,,,Institutional,school cafeteria/concession (McKinney ISD),local_multi,,high
HEALTH2017-000131,STONEBRIDGE COUNTRY CLUB,7003 BEACON HILL RD,7003 BEACON HILL RD,,2017-10-25,2023-11-28,20,HEALTH2017-000131,False,,,,,,,,,"American (sit-down, bars, venues)",country club,independent,,high
HEALTH2017-000132,STONEBRIDGE CC POOL SNACK BAR,7003 BEACON HILL RD,7003 BEACON HILL RD,,2017-10-25,2022-05-27,11,HEALTH2017-000132,False,,,,,,,,,Venue/Concession,country club pool snack bar,independent,,high
HEALTH2017-000145,MEDICAL CITY MCKINNEY,4500 MEDICAL CENTER DR,4500 MEDICAL CENTER DR,,2017-10-30,2024-09-10,22,HEALTH2017-000145,False,,,,,,,,,Institutional,hospital,national_regional,,high
HEALTH2017-000170,VFW LONE STAR POST 2150,1710 N CHURCH ST,1710 N CHURCH ST,,2018-01-19,2024-06-04,13,HEALTH2017-000170,False,,,,,,,,,"American (sit-down, bars, venues)",veterans club bar,independent,,medium
HEALTH2017-000184,SLAUGHTER ELEMENTARY CAFETERIA,2706 WOLFORD ST MISD,2706 WOLFORD ST,MISD,2017-11-30,2026-02-23,18,HEALTH2017-000184,False,,,,,,,,,Institutional,school cafeteria/concession (McKinney ISD),local_multi,,high
HEALTH2017-000192,SICILY'S PASTA & PIZZA,1508 W UNIVERSITY DR,1508 W UNIVERSITY DR,,2017-11-16,2024-03-15,12,HEALTH2017-000192,False,,,,,,,,,Pizza/Italian,pizza and pasta,independent,,high
HEALTH2017-000198,STARBUCKS COFFEE #6258,3001 S HARDIN BLVD,3001 S HARDIN BLVD,,2017-12-29,2020-02-21,7,HEALTH2017-000198,False,,,,,,,,,Coffee/Cafe/Bakery/Dessert,coffee,national_regional,,high
HEALTH2017-000205,MIKE'S HEALTH COLLECTION,1434 N CENTRAL EXPY,1434 N CENTRAL EXPY,,2017-12-28,2024-05-01,15,HEALTH2017-000205,False,,,,,,,,,Other non-restaurant,health products store,independent,,low
HEALTH2017-000210,RICE LOVERS,2960 ELDORADO PKWY,2960 ELDORADO PKWY,,2018-01-30,2022-03-28,15,HEALTH2017-000210,False,,,,,,,,,Asian (unspecified),"rice bowls/stir-fry (Asian, cuisine not specified)",independent,,low
HEALTH2017-000211,RAYTHEON MCKINNEY CAFETERIA,2501 W UNIVERSITY DR,2501 W UNIVERSITY DR,,2017-11-22,2024-05-24,17,HEALTH2017-000211,False,,,,,,,,,Institutional,corporate cafeteria/break room,national_regional,,medium
HEALTH2017-000212,MEDICAL CENTER OF MCKINNEY WYSONG,130 S CENTRAL EXPY,130 S CENTRAL EXPY,,2017-12-13,2020-01-02,7,HEALTH2017-000212,False,,,,,,,,,Institutional,hospital,national_regional,,high
HEALTH2017-000214,TACO BUENO #3136,3700 ELDORADO PKWY,3700 ELDORADO PKWY,,2018-01-30,2024-01-03,20,HEALTH2017-000214,False,,,,,,,,,Fast Food,Taco Bueno,national_regional,,high
HEALTH2017-000223,JIM'S DRIVE-IN,1009 S MCDONALD ST,1009 S MCDONALD ST,,2017-12-05,2018-07-16,2,HEALTH2017-000223,False,,,,,,,,,Mexican/Tex-Mex/Latin,drive-in (rice and beans hot-held),independent,,low
HEALTH2017-000226,HOLY FAMILY SCHOOL,410 LINCOLN ST,410 LINCOLN ST,,2018-05-07,2019-02-25,4,HEALTH2017-000226,False,,,,,,,,,Institutional,school/daycare,independent,,high
HEALTH2017-000228,HERITAGE LEARNING CENTER,200 N JORDAN RD,200 N JORDAN RD,,2018-06-08,2019-04-05,4,HEALTH2017-000228,False,,,,,,,,,Institutional,school/daycare,independent,,high
HEALTH2017-000233,SUNRISE LEARNING CENTER,1424 S TENNESSEE ST,1424 S TENNESSEE ST,,2017-12-27,2019-03-26,6,HEALTH2017-000233,False,,,,,,,,,Institutional,school/daycare,independent,,high
HEALTH2017-000283,JASON'S DELI,1681 N CENTRAL EXPY,1681 N CENTRAL EXPY,,2018-01-16,2024-01-05,20,HEALTH2017-000283,False,,,,,,,,,Deli/Sandwich/Salad,"deli sandwiches, salads",national_regional,,high
HEALTH2017-000285,TACO CABANA,2005 W UNIVERSITY DR,2005 W UNIVERSITY DR,,2017-11-15,2024-02-29,22,HEALTH2017-000285,False,,,,,,,,,Fast Food,Tex-Mex fast food,national_regional,,high
HEALTH2017-000286,PRIDE BURGER,103 W UNIVERSITY DR,103 W UNIVERSITY DR,,2017-11-22,2023-10-23,14,HEALTH2017-000286,False,,,,,,,,,"American (sit-down, bars, venues)",burgers,independent,,medium
HEALTH2017-000288,TOWN LAKE CONCESSION STAND,1405 WILSON CREEK PKWY,1405 WILSON CREEK PKWY,,2018-04-26,2019-04-10,3,HEALTH2017-000288,False,,,,,,,,,Venue/Concession,concession,independent,,medium
HEALTH2017-000291,WAFFLE HOUSE #1085,1432 N CENTRAL EXPY,1432 N CENTRAL EXPY,,2017-11-13,2023-11-08,19,HEALTH2017-000291,False,,,,,,,,,"American (sit-down, bars, venues)",breakfast diner,national_regional,,high
HEALTH2017-000299,VILLAGIO OF MCKINNEY,1601 ELDORADO PKWY,1601 ELDORADO PKWY,,2017-10-26,2023-08-02,19,HEALTH2017-000299,False,,,,,,,,,Institutional,senior living / nursing,local_multi,,low
HEALTH2017-000306,CHILI'S BAR & GRILL,1940 N CENTRAL EXPY,1940 N CENTRAL EXPY,,2017-12-29,2024-07-25,22,HEALTH2017-000306,False,,,,,,,,,"American (sit-down, bars, venues)",American casual dining,national_regional,,high
HEALTH2017-000314,DONUT TOWN,215 E UNIVERSITY DR,215 E UNIVERSITY DR,,2017-12-14,2023-10-06,15,HEALTH2017-000314,False,,,,,,,,,Coffee/Cafe/Bakery/Dessert,donuts/bagels,independent,,high
HEALTH2017-000315,THE RANCH COUNTRY CLUB POOL SNACK BAR,,,,2018-10-25,2023-06-22,9,HEALTH2017-000315,False,,,,,,,,,Venue/Concession,country club pool snack bar,independent,,high
HEALTH2017-000328,TC'S COUNTRY CORN,4550 UNIVERSITY DR,4550 UNIVERSITY DR,,2017-11-17,2021-10-15,25,HEALTH2017-000328,True,,,,,,,,,Venue/Concession,roasted corn / event food,independent,,medium
HEALTH2017-000332,KROGER #567-GROCERY,2901 S LAKE FOREST DR,2901 S LAKE FOREST DR,,2018-02-06,2023-11-14,15,HEALTH2017-000332,False,,,,,,,,,Grocery/Market,Kroger - grocery,national_regional,mainstream_supermarket,high
HEALTH2017-000340,VICKY'S CONCESSIONS,4550 UNIVERSITY DR,4550 UNIVERSITY DR,,2017-11-19,2021-10-16,20,HEALTH2017-000340,True,,,,,,,,,Venue/Concession,concession,independent,,medium
HEALTH2017-000344,HONEY ROASTED POPCORN,4550 UNIVERSITY DR,4550 UNIVERSITY DR,,2017-11-19,2018-08-18,6,HEALTH2017-000344,True,,,,,,,,,Venue/Concession,honey roasted nuts/popcorn,independent,,medium
HEALTH2017-000349,MCKINNEY WEST,4550 UNIVERSITY DR,4550 UNIVERSITY DR,,2017-11-17,2024-11-15,35,HEALTH2017-000349,True,trades_day_farmers_market,Trades Day,Issued,Trades Day,0,NC,0.0,4.0,Venue/Concession,Trade Days grounds concession stand,independent,,medium
HEALTH2017-000350,MCKINNEY EAST,4550 UNIVERSITY DR,4550 UNIVERSITY DR,,2017-11-17,2024-11-15,31,HEALTH2017-000350,True,trades_day_farmers_market,Trades Day,Issued,Trades Day,0,NC,0.0,4.0,Venue/Concession,Trade Days grounds concession stand,independent,,medium
HEALTH2017-000371,C.T. EDDINS ELEMENTARY CAFETERIA,311 PEREGRINE DR MISD,311 PEREGRINE DR,MISD,2017-12-19,2026-02-27,18,HEALTH2017-000371,False,,,,,,,,,Institutional,school cafeteria/concession (McKinney ISD),local_multi,,high
HEALTH2017-000372,GREER ANNEX CAFETERIA,510 HEARD ST MISD,510 HEARD ST,MISD,2017-12-19,2026-04-14,18,HEALTH2017-000372,False,,,,,,,,,Institutional,school cafeteria/concession (McKinney ISD),local_multi,,high
HEALTH2017-000373,WEBB ELEMENTARY CAFETERIA,810 LOUISIANA ST MISD,810 LOUISIANA ST,MISD,2017-10-18,2026-04-07,19,HEALTH2017-000373,False,,,,,,,,,Institutional,school cafeteria/concession (McKinney ISD),local_multi,,high
HEALTH2017-000374,VALLEY CREEK ELEMENTARY CAFETERIA,2800 VALLEY CREEK TRL MISD,2800 VALLEY CREEK TRL,MISD,2017-10-16,2026-02-19,19,HEALTH2017-000374,False,,,,,,,,,Institutional,school cafeteria/concession (McKinney ISD),local_multi,,high
HEALTH2017-000375,GLEN OAKS ELEMENTARY CAFETERIA,6100 GLEN OAKS DR MISD,6100 GLEN OAKS DR,MISD,2017-12-19,2026-04-01,18,HEALTH2017-000375,False,,,,,,,,,Institutional,school cafeteria/concession (McKinney ISD),local_multi,,high
HEALTH2017-000376,FINCH ELEMENTARY CAFETERIA,1205 TENNESSEE ST MISD,1205 TENNESSEE ST,MISD,2017-10-16,2026-04-14,18,HEALTH2017-000376,False,schools_daycares,MISD,Issued,Biannual Inspections,0,DN,0.0,4.0,Institutional,school cafeteria/concession (McKinney ISD),local_multi,,high
HEALTH2017-000377,CALDWELL ELEMENTARY CAFETERIA,601 LOUISIANA ST MISD,601 LOUISIANA ST,MISD,2017-12-19,2025-10-20,17,HEALTH2017-000377,False,schools_daycares,MISD,Issued,Biannual Inspections,0,NC,1.0,4.0,Institutional,school cafeteria/concession (McKinney ISD),local_multi,,high
HEALTH2017-000378,MCKINNEY HS CAFETERIA,1400 WILSON CREEK PKWY MISD,1400 WILSON CREEK PKWY,MISD,2017-10-16,2026-04-06,18,HEALTH2017-000378,False,schools_daycares,MISD,Issued,Biannual Inspections,0,NC,0.0,4.0,Institutional,school cafeteria/concession (McKinney ISD),local_multi,,high
HEALTH2017-000379,RUTH DOWELL MS CAFETERIA,301 RIDGE RD MISD,301 RIDGE RD,MISD,2017-12-12,2026-04-13,18,HEALTH2017-000379,False,schools_daycares,MISD,Issued,Biannual Inspections,0,NC,0.0,4.0,Institutional,school cafeteria/concession (McKinney ISD),local_multi,,high
HEALTH2017-000382,THE SURREY HOUSE,312 S TENNESSEE ST,312 S TENNESSEE ST,,2018-03-02,2023-07-28,11,HEALTH2017-000382,False,,,,,,,,,Unknown,,unknown,,low
HEALTH2017-000385,COLLIN COUNTY JAIL,4300 COMMUNITY AVE,4300 COMMUNITY AVE,,2017-11-20,2024-07-01,22,HEALTH2017-000385,False,,,,,,,,,Institutional,county jail/courthouse,independent,,high
HEALTH2017-000386,COLLIN COUNTY JAIL EMPLOYEE GRILL,4300 COMMUNITY AVE,4300 COMMUNITY AVE,,2017-11-20,2024-11-07,23,HEALTH2017-000386,False,,,,,,,,,Institutional,county jail/courthouse,independent,,high
HEALTH2017-000394,COOKIES GROCERY ,107 WILCOX ST,107 WILCOX ST,,2017-10-24,2025-01-29,19,HEALTH2017-000394,False,,,,,,,,,Grocery/Market,Hispanic grocery with kitchen,independent,independent_specialty,medium
HEALTH2017-000397,FAUBION MS CAFETERIA,2000 ROLLINS ST MISD,2000 ROLLINS ST,MISD,2017-12-07,2026-04-07,18,HEALTH2017-000397,False,schools_daycares,MISD,Issued,Biannual Inspections,0,NC,0.0,4.0,Institutional,school cafeteria/concession (McKinney ISD),local_multi,,high
HEALTH2017-000409,BEST DONUTS,902 S MCDONALD ST,902 S MCDONALD ST,,2017-12-01,2024-04-16,19,HEALTH2017-000409,False,,,,,,,,,Coffee/Cafe/Bakery/Dessert,donuts/bagels,independent,,high
HEALTH2017-000410,CHICK-FIL-A,2011 W UNIVERSITY DR,2011 W UNIVERSITY DR,,2017-11-21,2023-09-29,15,HEALTH2017-000410,False,,,,,,,,,Fast Food,fried chicken,national_regional,,high
HEALTH2017-000430,LA SALVADORENA RESTAURANT,1103 S MCDONALD ST,1103 S MCDONALD ST,,2017-11-08,2024-05-21,15,HEALTH2017-000430,False,,,,,,,,,Mexican/Tex-Mex/Latin,Salvadoran,independent,,high
HEALTH2017-000478,MCKINNEY NORTH HS CAFETERIA,2550 WILMETH RD MISD,2550 WILMETH RD,MISD,2017-10-17,2026-04-10,19,HEALTH2017-000478,False,schools_daycares,MISD,Issued,Biannual Inspections,0,NC,0.0,4.0,Institutional,school cafeteria/concession (McKinney ISD),local_multi,,high
HEALTH2017-000479,WALKER ELEMENTARY CAFETERIA,4000 COCKRILL DR MISD,4000 COCKRILL DR,MISD,2017-10-18,2026-02-27,19,HEALTH2017-000479,False,,,,,,,,,Institutional,school cafeteria/concession (McKinney ISD),local_multi,,high
HEALTH2017-000480,WOLFORD ELEMENTARY CAFETERIA,6951 BERKSHIRE RD MISD,6951 BERKSHIRE RD,MISD,2017-12-20,2026-02-23,17,HEALTH2017-000480,False,,,,,,,,,Institutional,school cafeteria/concession (McKinney ISD),local_multi,,high
HEALTH2017-000495,COUNTRY LANE SR COMMUNITY,2401 COUNTRY VIEW LN,2401 COUNTRY VIEW LN,,2018-01-29,2024-10-28,18,HEALTH2017-000495,False,,,,,,,,,Institutional,senior living / nursing,independent,,high
HEALTH2017-000506,ALBERTSON'S GROCERY #4234,3001 S CENTRAL EXPY,3001 S CENTRAL EXPY,,2017-12-15,2024-11-05,23,HEALTH2017-000506,False,,,,,,,,,Grocery/Market,Albertsons - grocery,national_regional,mainstream_supermarket,high
HEALTH2017-000533,MCKINNEY HIGH SCHOOL GIRLS SOFTBALL CONCESSION,1400 WILSON CREEK PKWY MISD,1400 WILSON CREEK PKWY,MISD,2018-04-05,2026-04-06,15,HEALTH2017-000533,False,schools_daycares,MISD,Issued,Biannual Inspections,4,UP,5.0,4.0,Institutional,school cafeteria/concession (McKinney ISD),local_multi,,high
HEALTH2017-000540,KROGER FOOD STORE #488,1707 W UNIVERSITY DR,1707 W UNIVERSITY DR,,2018-01-16,2023-11-09,12,HEALTH2017-000540,False,,,,,,,,,Grocery/Market,Kroger - grocery,national_regional,mainstream_supermarket,high
HEALTH2017-000554,RACETRAC #219,2032 W UNIVERSITY DR,2032 W UNIVERSITY DR,,2017-11-22,2024-01-17,14,HEALTH2017-000554,False,,,,,,,,,Convenience/Gas,convenience store / gas station,national_regional,,high
HEALTH2017-000555,SONNY DONUTS,1751 N CENTRAL EXPY,1751 N CENTRAL EXPY,,2017-11-15,2023-10-26,18,HEALTH2017-000555,False,,,,,,,,,Coffee/Cafe/Bakery/Dessert,donuts/bagels,independent,,high
HEALTH2017-000599,STARBUCK'S COFFEE #6416,1787 CENTRAL EXPY,1787 CENTRAL EXPY,,2017-10-17,2024-04-09,15,HEALTH2017-000599,False,,,,,,,,,Coffee/Cafe/Bakery/Dessert,coffee,national_regional,,high
HEALTH2017-000614,SALTGRASS STEAKHOUSE,2801 CRAIG DR,2801 CRAIG DR,,2018-02-02,2024-03-05,17,HEALTH2017-000614,False,,,,,,,,,"American (sit-down, bars, venues)",steakhouse,national_regional,,high
HEALTH2017-000625,MALVERN ELEMENTARY CAFETERIA,1100 ELDORADO PKWY MISD,1100 ELDORADO PKWY,MISD,2017-10-16,2026-03-30,19,HEALTH2017-000625,False,schools_daycares,MISD,Issued,Biannual Inspections,1,DN,1.0,4.0,Institutional,school cafeteria/concession (McKinney ISD),local_multi,,high
HEALTH2017-000626,McNEIL ELEMENTARY,3650 HARDIN BLVD,3650 HARDIN BLVD,,2017-11-27,2026-02-19,18,HEALTH2017-000626,False,,,,,,,,,Institutional,school cafeteria/concession,local_multi,,high
HEALTH2017-000627,SCOTT JOHNSON MS CAFETERIA,3400 COMMUNITY AVE,3400 COMMUNITY AVE,,2017-12-21,2026-04-10,18,HEALTH2017-000627,False,,,,,,,,,Institutional,school cafeteria/concession,local_multi,,high
HEALTH2017-000634,JOHNSON MIDDLE SCHOOL CONCESSION,3400 COMMUNITY AVE MISD,3400 COMMUNITY AVE,MISD,2017-12-21,2026-04-10,17,HEALTH2017-000634,False,schools_daycares,MISD,Issued,Biannual Inspections,2,DN,3.0,4.0,Institutional,school cafeteria/concession (McKinney ISD),local_multi,,high
HEALTH2017-000635,MCKINNEY HIGH SCHOOL GYM CONCESSION,1400 WILSON CREEK PKWY MISD,1400 WILSON CREEK PKWY,MISD,2018-04-05,2026-04-06,14,HEALTH2017-000635,False,schools_daycares,MISD,Issued,Biannual Inspections,3,UP,6.0,4.0,Institutional,school cafeteria/concession (McKinney ISD),local_multi,,high
HEALTH2017-000636,FAUBION MIDDLE SCHOOL GYM CONCESSION,2000 ROLLINS ST MISD,2000 ROLLINS ST,MISD,2018-04-05,2026-04-07,14,HEALTH2017-000636,False,,,,,,,,,Institutional,school cafeteria/concession (McKinney ISD),local_multi,,high
HEALTH2017-000637,DOWELL MIDDLE SCHOOL CONCESSION,301 RIDGE RD MISD,301 RIDGE RD,MISD,2018-04-05,2025-10-10,14,HEALTH2017-000637,False,schools_daycares,MISD,Issued,Biannual Inspections,0,NC,0.0,4.0,Institutional,school cafeteria/concession (McKinney ISD),local_multi,,high
HEALTH2017-000638,MCKINNEY NORTH HS GYM CONCESSION,2550 WILMETH RD MISD,2550 WILMETH RD,MISD,2018-04-05,2026-04-10,13,HEALTH2017-000638,False,schools_daycares,MISD,Issued,Biannual Inspections,0,NC,0.0,4.0,Institutional,school cafeteria/concession (McKinney ISD),local_multi,,high
HEALTH2017-000640,MCKINNEY HS AUXILLARY FIELD CONCESSION,1400 WILSON CREEK PKWY MISD,1400 WILSON CREEK PKWY,MISD,2018-04-05,2026-04-06,14,HEALTH2017-000640,False,schools_daycares,MISD,Issued,Biannual Inspections,1,UP,2.0,4.0,Institutional,school cafeteria/concession (McKinney ISD),local_multi,,high
HEALTH2017-000665,EL FENIX ,3450 CENTRAL EXPY,3450 CENTRAL EXPY,,2017-10-26,2024-10-08,21,HEALTH2017-000665,False,,,,,,,,,Mexican/Tex-Mex/Latin,Tex-Mex,national_regional,,high
HEALTH2017-000668,ARBY'S #5387,1706 W UNIVERSITY DR,1706 W UNIVERSITY DR,,2017-11-10,2024-08-28,18,HEALTH2017-000668,False,,,,,,,,,Fast Food,roast beef sandwiches,national_regional,,high
HEALTH2017-000683,WESTRIDGE GOLF COURSE,9055 COTTON RIDGE ROAD NORTH,9055 COTTON RIDGE RD,N,2017-10-26,2024-07-09,17,HEALTH2017-000683,False,,,,,,,,,"American (sit-down, bars, venues)",golf course grill,independent,,medium
HEALTH2017-000688,BURGER KING #6460,1700 W UNIVERSITY DR,1700 W UNIVERSITY DR,,2018-01-02,2023-01-23,13,HEALTH2017-000688,False,,,,,,,,,Fast Food,burgers,national_regional,,high
HEALTH2017-000709,KWIK SHOP,215 E UNIVERSITY DR,215 E UNIVERSITY DR,,2017-11-29,2021-12-13,10,HEALTH2017-000709,False,,,,,,,,,Convenience/Gas,convenience store / gas station,independent,,medium
HEALTH2017-000766,BRAUM'S ICE CREAM #77,1800 N CENTRAL EXPY,1800 N CENTRAL EXPY,,2017-11-10,2024-05-22,22,HEALTH2017-000766,False,,,,,,,,,Fast Food,burgers / ice cream / dairy store,national_regional,,high
HEALTH2017-000770,EL POLLO ALEGRE,1211 N TENNESSEE ST,1211 N TENNESSEE ST,,2017-11-16,2024-01-24,20,HEALTH2017-000770,False,,,,,,,,,Mexican/Tex-Mex/Latin,Mexican grilled chicken,independent,,medium
HEALTH2017-000784,BROOKDALE STONEBRIDGE RANCH,1650 STONEBRIDGE DR,1650 STONEBRIDGE DR,,2017-10-26,2024-05-30,22,HEALTH2017-000784,False,,,,,,,,,Institutional,senior living / nursing,national_regional,,high
HEALTH2017-000787,BENNETT ELEMENTARY CAFETERIA,7760 CORONADO DR,7760 CORONADO DR,,2017-12-19,2026-03-13,18,HEALTH2017-000787,False,,,,,,,,,Institutional,school cafeteria/concession,local_multi,,high
HEALTH2017-000792,"DONUTS ""R"" MORE",101 N MCDONALD ST 101,101 N MCDONALD ST,101,2018-01-08,2023-05-19,13,HEALTH2017-000792,False,,,,,,,,,Coffee/Cafe/Bakery/Dessert,donuts/bagels,independent,,high
HEALTH2017-000794,WALGREEN'S #07195,7080 VIRGINIA PKWY,7080 VIRGINIA PKWY,,2017-11-17,2024-07-01,14,HEALTH2017-000794,False,,,,,,,,,Convenience/Gas,pharmacy,national_regional,,high
HEALTH2017-000804,VEGA ELEMENTARY CAFETERIA,2511 CATTLEMAN DR MISD,2511 CATTLEMAN DR,MISD,2017-12-20,2026-04-09,18,HEALTH2017-000804,False,schools_daycares,MISD,Issued,Biannual Inspections,0,DN,0.0,4.0,Institutional,school cafeteria/concession (McKinney ISD),local_multi,,high
HEALTH2017-000829,CHOPSTICKS ASIAN CAFE,1717 W UNIVERSITY DR,1717 W UNIVERSITY DR,,2017-11-14,2024-01-24,21,HEALTH2017-000829,False,,,,,,,,,Asian (unspecified),pan-Asian,independent,,medium
HEALTH2017-000835,WENDY'S,1714 W UNIVERSITY DR,1714 W UNIVERSITY DR,,2017-11-20,2024-03-29,16,HEALTH2017-000835,False,,,,,,,,,Fast Food,burgers,national_regional,,high
HEALTH2017-000836,PRIMO FOODS,403 SHORT ST,403 SHORT ST,,2018-01-04,2024-07-03,21,HEALTH2017-000836,False,,,,,,,,,Mexican/Tex-Mex/Latin,Mexican (barbacoa),independent,,medium
HEALTH2017-000841,MCKINNEY NORTH HS  AUX BASEBALL CONCESSION,2550 WILMETH RD MISD,2550 WILMETH RD,MISD,2018-04-05,2026-04-10,14,HEALTH2017-000841,False,schools_daycares,MISD,Issued,Biannual Inspections,1,NC,1.0,4.0,Institutional,school cafeteria/concession (McKinney ISD),local_multi,,high
HEALTH2017-000847,TOM THUMB,6800 VIRGINIA PKWY,6800 VIRGINIA PKWY,,2018-01-12,2024-08-23,20,HEALTH2017-000847,False,,,,,,,,,Grocery/Market,Tom Thumb,national_regional,mainstream_supermarket,high
HEALTH2017-000848,MCKINNEY EXXON MART,202 N CENTRAL EXPY,202 N CENTRAL EXPY,,2018-06-04,2024-06-03,13,HEALTH2017-000848,False,,,,,,,,,Convenience/Gas,convenience store / gas station,independent,,high
HEALTH2017-000870,COLLIN COUNTY MINIMUM SECURITY FACILITY,4800 COMMUNITY AVE,4800 COMMUNITY AVE,,2017-11-20,2024-11-07,22,HEALTH2017-000870,False,,,,,,,,,Institutional,county jail/courthouse,independent,,high
HEALTH2017-000891,ROCKFISH SEAFOOD GRILL,2780 S CENTRAL EXPY,2780 S CENTRAL EXPY,,2017-11-03,2023-09-05,13,HEALTH2017-000891,False,,,,,,,,,"American (sit-down, bars, venues)",seafood,local_multi,,high
HEALTH2017-000895,HANK'S TEXAS GRILL,1310 N CENTRAL EXPY,1310 N CENTRAL EXPY,,2017-11-10,2022-11-09,12,HEALTH2017-000895,False,,,,,,,,,"American (sit-down, bars, venues)",Texas grill,independent,,medium
HEALTH2017-000898,BASKIN ROBBINS,3001 S HARDIN BLVD,3001 S HARDIN BLVD,,2017-12-07,2024-03-15,13,HEALTH2017-000898,False,,,,,,,,,Coffee/Cafe/Bakery/Dessert,ice cream,national_regional,,high
HEALTH2017-000964,PARKS CONCESSION,4550 UNIVERSITY DR,4550 UNIVERSITY DR,,2017-11-17,2022-05-13,26,HEALTH2017-000964,True,,,,,,,,,Venue/Concession,event concession,independent,,medium
HEALTH2017-000998,JUAREZ,311 N TENNESSEE ST UBBAL,311 N TENNESSEE ST,UBBAL,2018-02-02,2024-07-05,19,HEALTH2017-000998,False,,,,,,,,,Mexican/Tex-Mex/Latin,Mexican,independent,,medium
HEALTH2017-001010,COOKIES IN BLOOM,2001 CENTRAL CIR,2001 CENTRAL CIR,,2018-02-22,2021-08-23,9,HEALTH2017-001010,False,,,,,,,,,Coffee/Cafe/Bakery/Dessert,cookies,independent,,high
HEALTH2017-001023,CVS PHARMACY #5799,6301 ELDORADO PKWY,6301 ELDORADO PKWY,,2017-11-01,2024-06-28,14,HEALTH2017-001023,False,,,,,,,,,Convenience/Gas,pharmacy,national_regional,,high
HEALTH2017-001052,SUPER 8 MOTEL,910 CENTRAL EXPY,910 CENTRAL EXPY,,2017-10-26,2020-06-10,6,HEALTH2017-001052,False,,,,,,,,,Hotel/Caterer/Commissary,hotel,national_regional,,high
HEALTH2017-001060,CIRCLE K STORE,2400 VIRGINIA PKWY,2400 VIRGINIA PKWY,,2017-10-20,2018-10-30,4,HEALTH2017-001060,False,,,,,,,,,Convenience/Gas,convenience store / gas station,national_regional,,high
HEALTH2017-001067,LUCKY'S,210 W UNIVERSITY DR,210 W UNIVERSITY DR,,2017-12-18,2024-03-18,15,HEALTH2017-001067,False,,,,,,,,,Other non-restaurant,"store, no food prep noted",independent,,low
HEALTH2017-001087,PRIMROSE OF ELDORADO,3999 ELDORADO PKWY,3999 ELDORADO PKWY,,2017-11-01,2019-01-15,6,HEALTH2017-001087,False,,,,,,,,,Institutional,school/daycare,national_regional,,high
HEALTH2017-001098,MARKET STREET GROCERY,6100 ELDORADO PKWY,6100 ELDORADO PKWY,,2017-11-01,2023-12-14,14,HEALTH2017-001098,False,,,,,,,,,Grocery/Market,Market Street - grocery,national_regional,mainstream_supermarket,high
HEALTH2017-001099,MARKET STREET #561 - DELI,6100 ELDORADO PKWY,6100 ELDORADO PKWY,,2017-11-01,2023-12-14,14,HEALTH2017-001099,False,,,,,,,,,Grocery/Market,Market Street - deli,national_regional,mainstream_supermarket,high
HEALTH2017-001101,MARKET STREE #561 - BAKERY,6100 ELDORADO PKWY,6100 ELDORADO PKWY,,2017-11-01,2023-12-14,14,HEALTH2017-001101,False,,,,,,,,,Grocery/Market,Market Street bakery,national_regional,mainstream_supermarket,high
HEALTH2017-001102,MARKET STREET #561 - SEAFOOD,6100 ELDORADO PKWY,6100 ELDORADO PKWY,,2017-11-01,2023-12-14,13,HEALTH2017-001102,False,,,,,,,,,Grocery/Market,Market Street - seafood,national_regional,mainstream_supermarket,high
HEALTH2017-001110,BROTHERS PIZZA,6150 ELDORADO PKWY,6150 ELDORADO PKWY,,2017-12-12,2023-10-25,17,HEALTH2017-001110,False,,,,,,,,,Pizza/Italian,pizza,independent,,high
HEALTH2017-001117,WAL-MART #5211 MEAT,5001 MCKINNEY RANCH PKWY,5001 MCKINNEY RANCH PKWY,,2018-01-11,2024-01-25,15,HEALTH2017-001117,False,,,,,,,,,Grocery/Market,Walmart - meat,national_regional,mainstream_supermarket,high
HEALTH2017-001118,WAL-MART #5211 BAKERY,5001 MCKINNEY RANCH PKWY,5001 MCKINNEY RANCH PKWY,,2018-01-11,2024-01-25,15,HEALTH2017-001118,False,,,,,,,,,Grocery/Market,Walmart - bakery,national_regional,mainstream_supermarket,high
HEALTH2017-001119,WAL-MART #5211 GROCERY,5001 MCKINNEY RANCH PKWY,5001 MCKINNEY RANCH PKWY,,2018-01-11,2024-01-25,14,HEALTH2017-001119,False,,,,,,,,,Grocery/Market,Walmart - grocery,national_regional,mainstream_supermarket,high
HEALTH2017-001120,WAL-MART #5211 DELI,5001 MCKINNEY RANCH PKWY,5001 MCKINNEY RANCH PKWY,,2018-01-11,2024-01-25,13,HEALTH2017-001120,False,,,,,,,,,Grocery/Market,Walmart - deli,national_regional,mainstream_supermarket,high
HEALTH2017-001134,LONE STAR WINE CELLARS,103 E VIRGINIA ST,103 E VIRGINIA ST,,2017-11-21,2023-08-25,12,HEALTH2017-001134,False,,,,,,,,,"American (sit-down, bars, venues)",wine bar/tasting room with light food,independent,,medium
HEALTH2017-001137,TOP OF THE WORLD PRESCHOOL **CHANGED WORK CLASS**,451 LAKE FOREST DR,451 LAKE FOREST DR,,2017-10-26,2020-07-23,9,HEALTH2017-001137,False,,,,,,,,,Institutional,school/daycare,independent,,high
HEALTH2017-001170,EVANS MS CAFETERIA,6998 ELDORADO PKWY MISD,6998 ELDORADO PKWY,MISD,2017-10-17,2026-04-13,19,HEALTH2017-001170,False,,,,,,,,,Institutional,school cafeteria/concession (McKinney ISD),local_multi,,high
HEALTH2017-001172,FIRST BAPTIST CHURCH,1615 W LOUISIANA ST,1615 W LOUISIANA ST,,2017-11-10,2023-02-08,14,HEALTH2017-001172,False,,,,,,,,,Institutional,church,independent,,medium
HEALTH2017-001179,TEXAS ROADHOUSE,3101 S CENTRAL EXPY,3101 S CENTRAL EXPY,,2017-12-27,2024-08-02,22,HEALTH2017-001179,False,,,,,,,,,"American (sit-down, bars, venues)",steakhouse,national_regional,,high
HEALTH2017-001180,MINSHEW ELEMENTARY CAFETERIA,300 JOPLIN DR,300 JOPLIN DR,,2017-12-20,2026-02-23,17,HEALTH2017-001180,False,,,,,,,,,Institutional,school cafeteria/concession,local_multi,,high
HEALTH2017-001181,EVANS MIDDLE SCHOOL CONCESSION,6998 ELDORADO PKWY MISD,6998 ELDORADO PKWY,MISD,2018-04-05,2025-10-10,15,HEALTH2017-001181,False,schools_daycares,MISD,Issued,Biannual Inspections,0,NC,0.0,4.0,Institutional,school cafeteria/concession (McKinney ISD),local_multi,,high
HEALTH2017-001185,DONUT PALACE,5100 ELDORADO PKWY,5100 ELDORADO PKWY,,2017-10-26,2018-07-10,3,HEALTH2017-001185,False,,,,,,,,,Coffee/Cafe/Bakery/Dessert,donuts/bagels,unknown,,low
HEALTH2017-001192,CVS PHARMACY #8321,2100 ELDORADO PKWY,2100 ELDORADO PKWY,,2017-11-01,2024-07-17,14,HEALTH2017-001192,False,,,,,,,,,Convenience/Gas,pharmacy,national_regional,,high
HEALTH2017-001193,CVS #6821,159 S CENTRAL EXPY,159 S CENTRAL EXPY,,2018-01-25,2022-12-15,9,HEALTH2017-001193,False,,,,,,,,,Convenience/Gas,pharmacy,national_regional,,high
HEALTH2017-001196,TPC CRAIG RANCH CLUBHOUSE,8000 COLLIN MCKINNEY PKWY,8000 COLLIN MCKINNEY PKWY,,2017-11-07,2018-11-14,5,HEALTH2017-001196,False,,,,,,,,,"American (sit-down, bars, venues)",country club,national_regional,,high
HEALTH2017-001197,TPC CRAIG RANCH-GRILL,8000 COLLIN MCKINNEY PKWY,8000 COLLIN MCKINNEY PKWY,,2017-11-07,2018-11-14,5,HEALTH2017-001197,False,,,,,,,,,"American (sit-down, bars, venues)",country club,national_regional,,high
HEALTH2017-001203,STARBUCKS COFFEE #8997,2811 CRAIG DR,2811 CRAIG DR,,2017-11-02,2024-08-26,15,HEALTH2017-001203,False,,,,,,,,,Coffee/Cafe/Bakery/Dessert,coffee,national_regional,,high
HEALTH2017-001207,CHIPTOLE MEXICAN GRILL,2811 CRAIG DR,2811 CRAIG DR,,2017-10-19,2024-06-24,22,HEALTH2017-001207,False,,,,,,,,,Mexican/Tex-Mex/Latin,Mexican fast casual,national_regional,,high
HEALTH2017-001241,SONIC DRIVE IN,420 N CUSTER RD,420 N CUSTER RD,,2018-01-04,2022-03-18,11,HEALTH2017-001241,False,,,,,,,,,Fast Food,burgers/drive-in,national_regional,,high
HEALTH2017-001244,CIRCLE K #2741198,4991 W UNIVERSITY DR,4991 W UNIVERSITY DR,,2017-11-16,2023-12-06,14,HEALTH2017-001244,False,,,,,,,,,Convenience/Gas,convenience store / gas station,national_regional,,high
HEALTH2017-001245,SUBWAY-CIRCLE K #2741198,4991 W UNIVERSITY DR,4991 W UNIVERSITY DR,,2017-11-16,2023-12-06,16,HEALTH2017-001245,False,,,,,,,,,Deli/Sandwich/Salad,sub sandwiches,national_regional,,high
HEALTH2017-001253,SCOTTY P'S HAMBURGERS,2950 CRAIG DR #304,2950 CRAIG DR,304,2017-11-01,2023-10-18,20,HEALTH2017-001253,False,,,,,,,,,"American (sit-down, bars, venues)",burgers,local_multi,,medium
HEALTH2017-001261,STEAK N SHAKE INCE #580,1820 ELDORADO PKWY,1820 ELDORADO PKWY,,2017-12-19,2018-12-18,5,HEALTH2017-001261,False,,,,,,,,,Fast Food,burgers,national_regional,,high
HEALTH2017-001265,AL ALFORD BASEBALL FIELD CONCESSION,1901 W WHITE AVE,1901 W WHITE AVE,,2018-04-05,2026-04-06,13,HEALTH2017-001265,False,,,,,,,,,Institutional,school cafeteria/concession (McKinney ISD),local_multi,,high
HEALTH2017-001275,MCDONALD'S,3200 ELDORADO PKWY,3200 ELDORADO PKWY,,2017-12-15,2024-08-26,15,HEALTH2017-001275,False,,,,,,,,,Fast Food,burgers,national_regional,,high
HEALTH2017-001286,TAQUERIO HIDALGO,901 MCDONALD ST,901 MCDONALD ST,,2017-10-26,2024-04-29,21,HEALTH2017-001286,False,,,,,,,,,Mexican/Tex-Mex/Latin,taqueria,independent,,high
HEALTH2017-001290,SAMARITAN INN,1710 N MCDONALD ST,1710 N MCDONALD ST,,2018-12-03,2018-12-03,1,HEALTH2017-001290,False,,,,,,,,,Institutional,nonprofit social services,independent,,high
HEALTH2017-001295,PANDA'S SUPER BUFFET,920 CENTRAL EXPY,920 CENTRAL EXPY,,2017-10-25,2018-01-22,2,HEALTH2017-001295,False,,,,,,,,,Chinese,Chinese buffet,independent,,medium
HEALTH2017-001300,McALISTER'S DELI,2107 ELDORADO PKWY,2107 ELDORADO PKWY,,2017-11-01,2024-01-08,15,HEALTH2017-001300,False,,,,,,,,,Deli/Sandwich/Salad,"deli sandwiches, salads",national_regional,,high
HEALTH2017-001302,BOYS AND GIRLS CLUB,701 CHURCH ST,701 CHURCH ST,,2017-10-24,2024-06-04,16,HEALTH2017-001302,False,,,,,,,,,Institutional,school/daycare,national_regional,,high
HEALTH2017-001309,SHOGUN HIBACHI & SUSHI,1230 CENTRAL EXPY,1230 CENTRAL EXPY,,2017-10-20,2024-06-28,19,HEALTH2017-001309,False,,,,,,,,,Japanese,hibachi and sushi,independent,,high
HEALTH2017-001310,WHATABURGER #664 ,445 S CENTRAL EXPY,445 S CENTRAL EXPY,,2017-11-08,2024-01-05,15,HEALTH2017-001310,False,,,,,,,,,Fast Food,burgers,national_regional,,high
HEALTH2017-001325,BALLFIELDS @ CRAIGRANCH 5 PLEX,6151 ALMA RD,6151 ALMA RD,,2018-04-27,2018-04-27,1,HEALTH2017-001325,False,,,,,,,,,Venue/Concession,ballfield concession,independent,,medium
HEALTH2017-001333,WAL-MART #206 GROCERY,2041 REDBUD BLVD,2041 REDBUD BLVD,,2017-12-18,2024-03-06,21,HEALTH2017-001333,False,,,,,,,,,Grocery/Market,Walmart - grocery,national_regional,mainstream_supermarket,high
HEALTH2017-001335,WAL-MART #206 BAKERY,2041 REDBUD BLVD,2041 REDBUD BLVD,,2017-12-18,2024-03-06,21,HEALTH2017-001335,False,,,,,,,,,Grocery/Market,Walmart - bakery,national_regional,mainstream_supermarket,high
HEALTH2017-001336,WAL-MART #206 DELI,2041 REDBUD BLVD,2041 REDBUD BLVD,,2017-12-18,2024-03-06,21,HEALTH2017-001336,False,,,,,,,,,Grocery/Market,Walmart - deli,national_regional,mainstream_supermarket,high
HEALTH2017-001337,WAL-MART #206 PRODUCE,2041 REDBUD BLVD,2041 REDBUD BLVD,,2017-12-18,2024-03-06,21,HEALTH2017-001337,False,,,,,,,,,Grocery/Market,Walmart - produce,national_regional,mainstream_supermarket,high
HEALTH2017-001339,PANERA BREAD,3050 S CENTRAL EXPY,3050 S CENTRAL EXPY,,2017-11-02,2024-04-01,16,HEALTH2017-001339,False,,,,,,,,,Deli/Sandwich/Salad,"bakery-cafe (sandwiches, soups, salads)",national_regional,,high
HEALTH2017-001352,Regency Inn- Restaurant,951 CENTRAL EXPY,951 CENTRAL EXPY,,2017-10-20,2018-08-14,3,HEALTH2017-001352,False,,,,,,,,,Hotel/Caterer/Commissary,hotel,independent,,low
HEALTH2017-001381,WILMETH ELEMENTARY CAFETERIA,901 LACIMA DR,901 LACIMA DR,,2017-12-11,2026-09-01,19,HEALTH2017-001381,False,,,,,,,,,Institutional,school cafeteria/concession,local_multi,,high
HEALTH2017-001397,MR. GATTI'S PIZZA,2107 ELDORADO PKWY,2107 ELDORADO PKWY,,2017-11-02,2020-02-21,8,HEALTH2017-001397,False,,,,,,,,,Pizza/Italian,pizza,national_regional,,high
HEALTH2017-001399,LANDON WINERY,101 N KENTUCKY ST,101 N KENTUCKY ST,,2017-11-17,2024-05-31,15,HEALTH2017-001399,False,,,,,,,,,"American (sit-down, bars, venues)",winery tasting room with small plates,local_multi,,medium
HEALTH2017-001402,MOUZON FIELDS CONCESSION STAND,1307 GREENVILLE RD,1307 GREENVILLE RD,,2018-04-25,2024-04-17,8,HEALTH2017-001402,False,,,,,,,,,Venue/Concession,park sports concession,independent,,medium
HEALTH2017-001426,SHOP N GO #6,101 INDUSTRIAL BLVD,101 INDUSTRIAL BLVD,,2018-01-08,2023-11-07,18,HEALTH2017-001426,False,,,,,,,,,Convenience/Gas,convenience store / gas station,unknown,,medium
HEALTH2017-001433,MCKINNEY HEALTHCARE & REHAB,253 ENTERPRISE DR,253 ENTERPRISE DR,,2017-10-27,2023-05-31,19,HEALTH2017-001433,False,,,,,,,,,Institutional,senior living / nursing,unknown,,high
HEALTH2017-001434,CRISTINA'S FINE MEXICAN RESTAURANT,2811 CRAIG DR,2811 CRAIG DR,,2017-11-01,2023-10-18,20,HEALTH2017-001434,False,,,,,,,,,Mexican/Tex-Mex/Latin,Mexican,local_multi,,high
HEALTH2017-001447,DOMINO'S PIZZA #6386,8901 VIRGINIA PKWY,8901 VIRGINIA PKWY,,2017-10-23,2018-02-26,2,HEALTH2017-001447,False,,,,,,,,,Pizza/Italian,pizza,national_regional,,high
HEALTH2017-001452,TENLEY'S CAFE,7910 COLLIN MCKINNEY PKWY,7910 COLLIN MCKINNEY PKWY,,2017-10-19,2018-01-22,2,HEALTH2017-001452,False,,,,,,,,,Coffee/Cafe/Bakery/Dessert,gym cafe,independent,,low
HEALTH2017-001464,AFC SUSHI @ MARKET STREET,6100 ELDORADO PKWY,6100 ELDORADO PKWY,,2017-11-01,2023-12-14,15,HEALTH2017-001464,False,,,,,,,,,Grocery/Market,sushi counter inside Market Street #561,national_regional,mainstream_supermarket,medium
HEALTH2017-001472,PANDA EXPRESS,6970 VIRGINIA PKWY,6970 VIRGINIA PKWY,,2017-11-30,2023-10-25,14,HEALTH2017-001472,False,,,,,,,,,Chinese,American Chinese,national_regional,,high
HEALTH2017-001498,LA PALOMA,1213 S MCDONALD ST,1213 S MCDONALD ST,,2018-01-03,2018-10-11,3,HEALTH2017-001498,False,,,,,,,,,Mexican/Tex-Mex/Latin,Mexican,independent,,low
HEALTH2017-001501,BAYBROOKE VILLAGE CARE CENTER,8300 ELDORADO PKWY,8300 ELDORADO PKWY,,2017-12-12,2024-04-09,17,HEALTH2017-001501,False,,,,,,,,,Institutional,senior living / nursing,unknown,,high
HEALTH2017-001512,OGLE ELEMENTARY,4200 BIG FORK TRL,4200 BIG FORK TRL,,2017-10-20,2018-03-21,3,HEALTH2017-001512,False,,,,,,,,,Institutional,school cafeteria/concession,local_multi,,high
HEALTH2017-001513,COMFORT SUITES,1590 CENTRAL EXPY,1590 CENTRAL EXPY,,2017-10-17,2024-02-01,16,HEALTH2017-001513,False,,,,,,,,,Hotel/Caterer/Commissary,hotel,national_regional,,high
HEALTH2017-001519,STARBUCKS COFFEE #10088,6841 VIRGINIA PKWY,6841 VIRGINIA PKWY,,2017-12-11,2024-08-06,16,HEALTH2017-001519,False,,,,,,,,,Coffee/Cafe/Bakery/Dessert,coffee,national_regional,,high
HEALTH2017-001520,GENGHIS GRILL,1920 ELDORADO PKWY,1920 ELDORADO PKWY,,2017-12-22,2018-06-20,3,HEALTH2017-001520,False,,,,,,,,,Asian (unspecified),Mongolian stir-fry,national_regional,,high
HEALTH2017-001522,RACETRAC #130,1608 MCDONALD ST,1608 MCDONALD ST,,2017-10-19,2019-04-15,5,HEALTH2017-001522,False,,,,,,,,,Convenience/Gas,convenience store / gas station,national_regional,,high
HEALTH2017-001534,CHILI'S GRILL & BAR,7675 CUSTER RD,7675 CUSTER RD,,2017-10-30,2024-08-26,23,HEALTH2017-001534,False,,,,,,,,,"American (sit-down, bars, venues)",American casual dining,national_regional,,high
HEALTH2017-001545,MCKINNEY BOYD HS CAFETERIA ,600 LAKE FOREST DR,600 LAKE FOREST DR,,2017-10-17,2026-04-02,20,HEALTH2017-001545,False,,,,,,,,,Institutional,school cafeteria/concession,local_multi,,high
HEALTH2017-001546,BOYD HS JAVA CITY,600 LAKE FOREST DR,600 LAKE FOREST DR,,2017-10-17,2026-04-02,19,HEALTH2017-001546,False,,,,,,,,,Institutional,school coffee kiosk (McKinney ISD),local_multi,,high
HEALTH2017-001547,RON POE STADIUM CONCESSION,1 DUVALL ST MISD,1 DUVALL ST,MISD,2018-04-05,2026-04-07,13,HEALTH2017-001547,False,schools_daycares,MISD,Issued,Biannual Inspections,3,DN,3.0,4.0,Institutional,school cafeteria/concession (McKinney ISD),local_multi,,high
HEALTH2017-001555,PEI WEI ASIAN DINER,3000 S CENTRAL EXPY,3000 S CENTRAL EXPY,,2018-01-02,2024-07-18,19,HEALTH2017-001555,False,,,,,,,,,Asian (unspecified),pan-Asian fast casual (Pei Wei),national_regional,,high
HEALTH2017-001557,TARGET STORE #2142,8900 SH 121,8900 SH 121,,2017-10-24,2024-08-12,16,HEALTH2017-001557,False,,,,,,,,,Grocery/Market,Target,national_regional,mainstream_supermarket,high
HEALTH2017-001600,SONIC #5533,6481 ELDORADO PKWY,6481 ELDORADO PKWY,,2018-05-31,2022-03-10,12,HEALTH2017-001600,False,,,,,,,,,Fast Food,burgers/drive-in,national_regional,,high
HEALTH2017-001604,DOLLAR GENERAL STORE #10421,1420 S MCDONALD ST,1420 S MCDONALD ST,,2018-04-24,2023-10-10,12,HEALTH2017-001604,False,,,,,,,,,Convenience/Gas,dollar/discount store,national_regional,,high
HEALTH2017-001606,CHICK-FIL-A,8700 SH 121,8700 SH 121,,2018-02-06,2023-09-30,12,HEALTH2017-001606,False,,,,,,,,,Fast Food,fried chicken,national_regional,,high
HEALTH2017-001620,SAM'S CLUB #4906-GROCERY,1670 W UNIVERSITY DR,1670 W UNIVERSITY DR,,2017-12-15,2025-01-06,17,HEALTH2017-001620,False,,,,,,,,,Grocery/Market,Sam's Club - grocery,national_regional,mainstream_supermarket,high
HEALTH2017-001621,SAM'S CLUB #4906-BAKERY,1670 W UNIVERSITY DR,1670 W UNIVERSITY DR,,2017-12-15,2025-01-06,18,HEALTH2017-001621,False,,,,,,,,,Grocery/Market,Sam's Club - bakery,national_regional,mainstream_supermarket,high
HEALTH2017-001622,SAM'S CLUB #4906-DELI,1670 W UNIVERSITY DR,1670 W UNIVERSITY DR,,2018-03-01,2025-01-06,17,HEALTH2017-001622,False,,,,,,,,,Grocery/Market,Sam's Club - deli,national_regional,mainstream_supermarket,high
HEALTH2017-001623,SAM'S CLUB #4906-MEAT,1670 W UNIVERSITY DR,1670 W UNIVERSITY DR,,2017-12-15,2025-01-06,18,HEALTH2017-001623,False,,,,,,,,,Grocery/Market,Sam's Club - meat,national_regional,mainstream_supermarket,high
HEALTH2017-001625,SAM'S CLUB #4906-SEAFOOD,1670 W UNIVERSITY DR,1670 W UNIVERSITY DR,,2017-12-15,2025-01-06,18,HEALTH2017-001625,False,,,,,,,,,Grocery/Market,Sam's Club - seafood,national_regional,mainstream_supermarket,high
HEALTH2017-001626,SAM'S CLUB #4906 PRODUCE,1670 W UNIVERSITY DR,1670 W UNIVERSITY DR,,2017-12-15,2025-01-06,18,HEALTH2017-001626,False,,,,,,,,,Grocery/Market,Sam's Club - produce,national_regional,mainstream_supermarket,high
HEALTH2017-001627,WAL-MART #5311 GROCERY,1721 N CUSTER RD,1721 N CUSTER RD,,2017-12-20,2024-12-30,21,HEALTH2017-001627,False,,,,,,,,,Grocery/Market,Walmart - grocery,national_regional,mainstream_supermarket,high
HEALTH2017-001628,WAL-MART #5311 PRODUCE,1721 N CUSTER RD,1721 N CUSTER RD,,2017-12-20,2024-12-30,21,HEALTH2017-001628,False,,,,,,,,,Grocery/Market,Walmart - produce,national_regional,mainstream_supermarket,high
HEALTH2017-001629,WAL-MART #5311 BAKERY,1721 N CUSTER RD,1721 N CUSTER RD,,2017-12-20,2024-12-30,21,HEALTH2017-001629,False,,,,,,,,,Grocery/Market,Walmart - bakery,national_regional,mainstream_supermarket,high
HEALTH2017-001630,WAL-MART #5311 DELI,1721 N CUSTER RD,1721 N CUSTER RD,,2017-12-20,2024-12-30,21,HEALTH2017-001630,False,,,,,,,,,Grocery/Market,Walmart - deli,national_regional,mainstream_supermarket,high
HEALTH2017-001632,WAL-MART #5311 MEAT,1721 N CUSTER RD,1721 N CUSTER RD,,2017-12-20,2024-12-30,21,HEALTH2017-001632,False,,,,,,,,,Grocery/Market,Walmart - meat,national_regional,mainstream_supermarket,high
HEALTH2017-001633,THE GREAT OUTDOORS SUB SHOP,1751 ELDORADO PKWY,1751 ELDORADO PKWY,,2017-12-27,2024-12-17,18,HEALTH2017-001633,False,,,,,,,,,Deli/Sandwich/Salad,sub sandwiches,local_multi,,low
HEALTH2017-001637,ROSATI'S PIZZA,5261 MCKINNEY RANCH PKWY,5261 MCKINNEY RANCH PKWY,,2018-01-29,2025-01-30,22,HEALTH2017-001637,False,,,,,,,,,Pizza/Italian,pizza,national_regional,,high
HEALTH2017-001667,JENNY CRAIG WEIGHT LOSS CENTER,7645 S CUSTER RD,7645 S CUSTER RD,,2017-10-31,2022-12-27,11,HEALTH2017-001667,False,,,,,,,,,Other non-restaurant,"weight-loss center, prepackaged meals",national_regional,,medium
HEALTH2017-001669,DICKEYS BARBECUE PIT,8628 SH 121,8628 SH 121,,2017-12-04,2024-03-06,17,HEALTH2017-001669,False,,,,,,,,,"American (sit-down, bars, venues)",BBQ,national_regional,,high
HEALTH2017-001681,MCKINNEY CATERING CO.,104 S CHESTNUT ST,104 S CHESTNUT ST,,2017-11-07,2018-11-14,5,HEALTH2017-001681,False,,,,,,,,,Hotel/Caterer/Commissary,caterer,independent,,medium
HEALTH2017-001683,PETRA-FRESH MEXICAN BISTRO,1751 ELDORADO PKWY,1751 ELDORADO PKWY,,2018-01-31,2018-04-11,2,HEALTH2017-001683,False,,,,,,,,,Mexican/Tex-Mex/Latin,Mexican,independent,,low
HEALTH2017-001696,RICK'S CHOPHOUSE,107 KENTUCKY ST,107 KENTUCKY ST,,2017-10-31,2024-01-10,21,HEALTH2017-001696,False,,,,,,,,,"American (sit-down, bars, venues)",steakhouse,independent,,high
HEALTH2017-001697,BOYD HIGH SCHOOL INSIDE CONCESSION,600 LAKE FOREST DR,600 LAKE FOREST DR,,2018-04-05,2018-11-27,2,HEALTH2017-001697,False,,,,,,,,,Institutional,school cafeteria/concession,local_multi,,high
HEALTH2017-001698,BOYD HIGH SCHOOL BASEBALL CONCESSION,600 LAKE FOREST DR,600 LAKE FOREST DR,,2018-04-05,2018-11-27,2,HEALTH2017-001698,False,,,,,,,,,Institutional,school cafeteria/concession,local_multi,,high
HEALTH2017-001699,BOYD HIGH SCHOOL TENNIS CONCESSION,600 LAKE FOREST DR,600 LAKE FOREST DR,,2018-04-05,2018-11-27,2,HEALTH2017-001699,False,,,,,,,,,Institutional,school cafeteria/concession,local_multi,,high
HEALTH2017-001709,WINGSTOP,1681 CENTRAL EXPY,1681 CENTRAL EXPY,,2018-01-17,2024-03-01,16,HEALTH2017-001709,False,,,,,,,,,Fast Food,wings,national_regional,,high
HEALTH2017-001718,CHICKEN EXPRESS,1930 N LAKE FOREST DR,1930 N LAKE FOREST DR,,2017-11-27,2024-02-09,16,HEALTH2017-001718,False,,,,,,,,,Fast Food,fried chicken,national_regional,,high
HEALTH2017-001741,QUIKTRIP #916,1700 S MCDONALD ST,1700 S MCDONALD ST,,2018-01-03,2023-08-18,13,HEALTH2017-001741,False,,,,,,,,,Convenience/Gas,convenience store / gas station,national_regional,,high
HEALTH2017-001749,MOONEYHAM ELEMENTARY,2301 EDEN DR,2301 EDEN DR,,2017-10-20,2018-03-20,3,HEALTH2017-001749,False,,,,,,,,,Institutional,school cafeteria/concession,local_multi,,high
HEALTH2017-001750,HAPPY DONUTS,2741 VIRGINIA PKWY,2741 VIRGINIA PKWY,,2017-10-20,2023-11-06,10,HEALTH2017-001750,False,,,,,,,,,Coffee/Cafe/Bakery/Dessert,donuts/bagels,independent,,high
HEALTH2017-001756,KOBE STEAK & SUSHI,3300 ELDORADO PKWY,3300 ELDORADO PKWY,,2018-02-02,2024-03-07,21,HEALTH2017-001756,False,,,,,,,,,Japanese,hibachi steakhouse and sushi,independent,,high
HEALTH2017-001769,SUBWAY #6654,1705 UNIVERSITY DR,1705 UNIVERSITY DR,,2018-02-16,2024-01-04,13,HEALTH2017-001769,False,,,,,,,,,Deli/Sandwich/Salad,sub sandwiches,national_regional,,high
HEALTH2017-001770,SUBWAY #13925,6840 VIRGINIA PKWY,6840 VIRGINIA PKWY,,2017-11-07,2022-08-30,12,HEALTH2017-001770,False,,,,,,,,,Deli/Sandwich/Salad,sub sandwiches,national_regional,,high
HEALTH2017-001771,SUBWAY,3001 S CENTRAL EXPY,3001 S CENTRAL EXPY,,2017-11-08,2021-12-16,10,HEALTH2017-001771,False,,,,,,,,,Deli/Sandwich/Salad,sub sandwiches,national_regional,,high
HEALTH2017-001787,NAOMI PRESS ELEMENTARY CAFETERIA,4101 SHAWNEE DR,4101 SHAWNEE DR,,2017-10-18,2026-03-24,19,HEALTH2017-001787,False,schools_daycares,MISD,Issued,Biannual Inspections,2,DN,3.0,4.0,Institutional,school cafeteria/concession,local_multi,,high
HEALTH2017-001788,McGOWEN ELEMENTARY CAFETERIA,4300 COLUMBUS DR,4300 COLUMBUS DR,,2017-12-20,2026-03-25,18,HEALTH2017-001788,False,,,,,,,,,Institutional,school cafeteria/concession,local_multi,,high
HEALTH2017-001791,BAKER ELEMENTARY,3125 BLUEWOOD DR,3125 BLUEWOOD DR,,2017-12-13,2018-03-05,2,HEALTH2017-001791,False,,,,,,,,,Institutional,school cafeteria/concession,local_multi,,high
HEALTH2017-001792,7-ELEVEN #3311813B,5020 VIRGINIA PKWY,5020 VIRGINIA PKWY,,2017-11-07,2023-08-29,18,HEALTH2017-001792,False,,,,,,,,,Convenience/Gas,convenience store / gas station,national_regional,,high
HEALTH2017-001805,SPOON'S CAFE,100 E LOUISIANA ST B,100 E LOUISIANA ST,B,2017-11-03,2024-08-15,21,HEALTH2017-001805,False,,,,,,,,,"American (sit-down, bars, venues)",Southern cafe,independent,,medium
HEALTH2017-001808,WHICH WICH,8950 SH 121,8950 SH 121,,2017-11-02,2018-02-26,2,HEALTH2017-001808,False,,,,,,,,,Deli/Sandwich/Salad,sub sandwiches,national_regional,,high
HEALTH2017-001811,TARGET RESTAURANT T-2335,2025 N CENTRAL EXPY,2025 N CENTRAL EXPY,,2017-11-14,2024-06-17,16,HEALTH2017-001811,False,,,,,,,,,Grocery/Market,Target cafe,national_regional,mainstream_supermarket,high
HEALTH2017-001818,TARGET STORE T-2335 GROCERY,2025 N CENTRAL EXPY,2025 N CENTRAL EXPY,,2017-11-14,2024-06-17,17,HEALTH2017-001818,False,,,,,,,,,Grocery/Market,Target - grocery,national_regional,mainstream_supermarket,high
HEALTH2017-001864,CVS #334,8995 STACY RD,8995 STACY RD,,2017-11-03,2024-06-27,13,HEALTH2017-001864,False,,,,,,,,,Convenience/Gas,pharmacy,national_regional,,high
HEALTH2017-001879,THAI PAN,1720 N CENTRAL EXPY,1720 N CENTRAL EXPY,,2017-11-15,2022-02-16,14,HEALTH2017-001879,False,,,,,,,,,Thai,Thai,independent,,high
HEALTH2017-001882,OKADA JAPANESE STEAKHOUSE & SUSHI,2750 CENTRAL EXPY,2750 CENTRAL EXPY,,2017-10-31,2023-05-24,18,HEALTH2017-001882,False,,,,,,,,,Japanese,hibachi steakhouse and sushi,independent,,high
HEALTH2017-001883,QUIKTRIP #913,4151 STACY RD,4151 STACY RD,,2018-02-26,2024-09-23,19,HEALTH2017-001883,False,,,,,,,,,Convenience/Gas,convenience store / gas station,national_regional,,high
HEALTH2017-001884,QUIKTRIP #914,7349 S CUSTER RD,7349 S CUSTER RD,,2018-02-09,2024-08-16,14,HEALTH2017-001884,False,,,,,,,,,Convenience/Gas,convenience store / gas station,national_regional,,high
HEALTH2017-001893,TORNADO TATER,4550 UNIVERSITY DR,4550 UNIVERSITY DR,,2017-11-17,2018-06-15,7,HEALTH2017-001893,True,,,,,,,,,Venue/Concession,spiral potatoes / event food,independent,,medium
HEALTH2017-001919,7-11 #33688,7990 ELDORADO PKWY,7990 ELDORADO PKWY,,2017-12-12,2023-12-04,16,HEALTH2017-001919,False,,,,,,,,,Convenience/Gas,convenience store / gas station,national_regional,,high
HEALTH2017-001936,CHIPOTLE MEXICAN GRILL,2014 W UNIVERSITY DR,2014 W UNIVERSITY DR,,2017-11-20,2024-04-11,16,HEALTH2017-001936,False,,,,,,,,,Mexican/Tex-Mex/Latin,Mexican fast casual,national_regional,,high
HEALTH2017-001938,SUBWAY #43169,1521 CUSTER RD,1521 CUSTER RD,,2017-10-17,2020-01-28,7,HEALTH2017-001938,False,,,,,,,,,Deli/Sandwich/Salad,sub sandwiches,national_regional,,high
HEALTH2017-001948,WHATABURGER #963 ,8608 SH 121,8608 SH 121,,2017-11-02,2024-04-13,14,HEALTH2017-001948,False,,,,,,,,,Fast Food,burgers,national_regional,,high
HEALTH2017-001995,SHELL ** see notes for reneal payment**,4951 ELDORADO PKWY,4951 ELDORADO PKWY,,2018-02-08,2022-10-04,9,HEALTH2017-001995,False,,,,,,,,,Convenience/Gas,convenience store / gas station,independent,,high
HEALTH2017-002007,RACETRAC #155,1004 E UNIVERSITY DR,1004 E UNIVERSITY DR,,2017-11-14,2023-11-09,14,HEALTH2017-002007,False,,,,,,,,,Convenience/Gas,convenience store / gas station,national_regional,,high
HEALTH2017-002009,WHICH WICH SUPERIOR SANDWICHES,1933 N CENTRAL EXPY,1933 N CENTRAL EXPY,,2017-11-15,2018-02-22,2,HEALTH2017-002009,False,,,,,,,,,Deli/Sandwich/Salad,sub sandwiches,national_regional,,high
HEALTH2017-002010,SNB FOODS,4550 UNIVERSITY DR,4550 UNIVERSITY DR,,2017-11-19,2021-10-15,19,HEALTH2017-002010,True,,,,,,,,,Venue/Concession,Trade Days vendor (food not identified),independent,,low
HEALTH2017-002011,LONCHERIA HERNANDEZ,1105 TENNESSEE ST,1105 TENNESSEE ST,,2017-10-18,2024-05-29,22,HEALTH2017-002011,False,,,,,,,,,Mexican/Tex-Mex/Latin,loncheria,independent,,high
HEALTH2017-002023,COTTON PATCH,1925 N CENTRAL EXPY,1925 N CENTRAL EXPY,,2017-11-20,2024-02-20,18,HEALTH2017-002023,False,,,,,,,,,"American (sit-down, bars, venues)",Southern / chicken-fried steak,national_regional,,high
HEALTH2017-002024,BUFFALO WILD WINGS,2035 N CENTRAL EXPY,2035 N CENTRAL EXPY,,2017-11-16,2023-11-27,18,HEALTH2017-002024,False,,,,,,,,,"American (sit-down, bars, venues)",sports bar / wings,national_regional,,high
HEALTH2017-002043,JIMMY JOHNS GOURMET SANDWICHES,2014 W UNIVERSITY DR,2014 W UNIVERSITY DR,,2018-02-16,2023-10-23,14,HEALTH2017-002043,False,,,,,,,,,Deli/Sandwich/Salad,sub sandwiches,national_regional,,high
HEALTH2017-002047,LAKE COUNTRY COFFEE ROAST,4550 UNIVERSITY DR,4550 UNIVERSITY DR,,2017-11-17,2021-03-13,20,HEALTH2017-002047,True,,,,,,,,,Coffee/Cafe/Bakery/Dessert,coffee,independent,,medium
HEALTH2017-002051,SCOGGINS MIDDLE SCHOOL,7070 STACY RD,7070 STACY RD,,2017-10-18,2018-04-04,3,HEALTH2017-002051,False,,,,,,,,,Institutional,school cafeteria/concession,local_multi,,high
HEALTH2017-002052,ELLIOTT ELEMENTARY,3721 HUDSON CROSSING,3721 HUDSON CROSSING,,2018-01-02,2018-03-22,2,HEALTH2017-002052,False,,,,,,,,,Institutional,school cafeteria/concession,local_multi,,high
HEALTH2017-002064,TACO BUENO #3100,302 N CENTRAL EXPY,302 N CENTRAL EXPY,,2017-11-07,2024-07-29,19,HEALTH2017-002064,False,,,,,,,,,Fast Food,Taco Bueno,national_regional,,high
HEALTH2017-002067,COCKRILL MS CAFETERIA,1351 HARDIN BLVD,1351 HARDIN BLVD,,2017-12-04,2026-04-13,17,HEALTH2017-002067,False,,,,,,,,,Institutional,school cafeteria/concession,local_multi,,high
HEALTH2017-002072,DEE'S DIP HEAVEN,4550 UNIVERSITY DR,4550 UNIVERSITY DR,,2017-11-17,2017-11-17,1,HEALTH2017-002072,True,,,,,,,,,Other non-restaurant,dips (market vendor),independent,,low
HEALTH2017-002073,CVS #5380,8953 VIRGINIA PKWY,8953 VIRGINIA PKWY,,2017-11-07,2024-05-21,14,HEALTH2017-002073,False,,,,,,,,,Convenience/Gas,pharmacy,national_regional,,high
HEALTH2017-002076,COCKRILL MIDDLE SCHOOL CONCESSION ,1351 N HARDIN BLVD,1351 N HARDIN BLVD,,2018-04-05,2025-10-07,13,HEALTH2017-002076,False,,,,,,,,,Institutional,school cafeteria/concession,local_multi,,high
HEALTH2017-002118,SUBWAY #15420,4900 ELDORADO PKWY,4900 ELDORADO PKWY,,2017-10-30,2024-06-27,16,HEALTH2017-002118,False,,,,,,,,,Deli/Sandwich/Salad,sub sandwiches,national_regional,,high
HEALTH2017-002127,SUNG SUSHI,2901 S LAKE FOREST DR,2901 S LAKE FOREST DR,,2018-02-06,2018-02-06,1,HEALTH2017-002127,False,,,,,,,,,Grocery/Market,sushi counter inside Kroger #567,national_regional,mainstream_supermarket,medium
HEALTH2017-002131,APPLEBEE'S,1820 W UNIVERSITY DR,1820 W UNIVERSITY DR,,2018-01-09,2024-10-01,22,HEALTH2017-002131,False,,,,,,,,,"American (sit-down, bars, venues)",American casual dining,national_regional,,high
HEALTH2017-002137,LONG JOHN SILVERS #31810,1708 W UNIVERSITY DR,1708 W UNIVERSITY DR,,2017-12-20,2021-07-14,11,HEALTH2017-002137,False,,,,,,,,,Fast Food,fried fish,national_regional,,high
HEALTH2017-002146,RACETRAC #157,2152 VIRGINIA PKWY,2152 VIRGINIA PKWY,,2017-11-07,2023-11-06,13,HEALTH2017-002146,False,,,,,,,,,Convenience/Gas,convenience store / gas station,national_regional,,high
HEALTH2017-002242,LOCO COWPOKE,206 LOUISIANA ST,206 LOUISIANA ST,,2017-10-20,2019-11-05,5,HEALTH2017-002242,False,,,,,,,,,Other non-restaurant,"retail shop, salsa only",independent,,low
HEALTH2017-002281,KROGER #567-COFFEE SHOP,2901 S LAKE FOREST DR,2901 S LAKE FOREST DR,,2018-02-06,2018-08-28,3,HEALTH2017-002281,False,,,,,,,,,Grocery/Market,Starbucks/coffee counter inside Kroger #567,national_regional,mainstream_supermarket,medium
HEALTH2017-002282,CASTLE MONTESSORI OF MCKINNEY,6151 VIRGINIA PKWY,6151 VIRGINIA PKWY,,2018-05-30,2019-02-25,4,HEALTH2017-002282,False,,,,,,,,,Institutional,school/daycare,independent,,high
HEALTH2017-002591,RICE POT EXPRESS,4987 W UNIVERSITY DR,4987 W UNIVERSITY DR,,2018-01-18,2024-06-05,20,HEALTH2017-002591,False,,,,,,,,,Chinese,Chinese takeout,independent,,medium
HEALTH2017-002770,TACO BELL #2913,404 N CENTRAL EXPY,404 N CENTRAL EXPY,,2017-11-07,2018-09-26,4,HEALTH2017-002770,False,,,,,,,,,Fast Food,Taco Bell,national_regional,,high
HEALTH2017-002828,BALLFIELDS @ CRAIG RANCH SOUTH,6151 ALMA RD,6151 ALMA RD,,2018-04-27,2018-04-27,1,HEALTH2017-002828,False,,,,,,,,,Venue/Concession,concession,independent,,medium
HEALTH2017-002852,WINGSTOP,4550 ELDORADO PKWY,4550 ELDORADO PKWY,,2017-10-27,2020-06-29,10,HEALTH2017-002852,False,,,,,,,,,Fast Food,wings,national_regional,,high
HEALTH2017-002892,FUDDRUCKERS,2045 N CENTRAL EXPY,2045 N CENTRAL EXPY,,2017-11-16,2020-02-04,8,HEALTH2017-002892,False,,,,,,,,,Fast Food,burgers (counter-service chain),national_regional,,high
HEALTH2017-002919,HARVEST,112 E LOUISIANA ST,112 E LOUISIANA ST,,2017-11-21,2023-08-30,19,HEALTH2017-002919,False,,,,,,,,,"American (sit-down, bars, venues)","New American, seasonal",independent,,high
HEALTH2017-002934,THE CELT IRISH PUB,100 N TENNESSEE ST,100 N TENNESSEE ST,,2017-12-15,2024-04-25,13,HEALTH2017-002934,False,,,,,,,,,"American (sit-down, bars, venues)",Irish pub,independent,,high
HEALTH2017-002983,MCKINNEY CHRISTIAN ACADEMY,3601 BOIS D'ARC RD,3601 BOIS D'ARC RD,,2018-10-22,2024-04-23,13,HEALTH2017-002983,False,,,,,,,,,Institutional,school/daycare,independent,,high
HEALTH2017-003054,HERMAN LAWSON EARLY CHILHOOD ,500 DOWELL ST,500 DOWELL ST,,2017-11-30,2026-04-06,18,HEALTH2017-003054,False,,,,,,,,,Institutional,school cafeteria/concession,local_multi,,high
HEALTH2017-003080,SPANISH SCHOOLHOUSE MCKINNEY,2421 VIRGINIA PKWY,2421 VIRGINIA PKWY,,2018-06-08,2018-06-08,1,HEALTH2017-003080,False,,,,,,,,,Institutional,school/daycare,national_regional,,high
HEALTH2017-003409,PLANET SMOOTHIE MCKINNEY,2014 W UNIVERSITY DR,2014 W UNIVERSITY DR,,2017-11-29,2020-12-02,8,HEALTH2017-003409,False,,,,,,,,,Coffee/Cafe/Bakery/Dessert,smoothies/juice,national_regional,,high
HEALTH2017-003430,TASTE OF INDIA,1925 N CENTRAL EXPY,1925 N CENTRAL EXPY,,2018-01-30,2023-02-07,11,HEALTH2017-003430,False,,,,,,,,,Indian,Indian,independent,,high
HEALTH2017-003431,7-11 #34222,8885 W UNIVERSITY DR,8885 W UNIVERSITY DR,,2017-11-10,2024-07-01,14,HEALTH2017-003431,False,,,,,,,,,Convenience/Gas,convenience store / gas station,national_regional,,high
HEALTH2017-003539,THAI NOODLE WAVE,2775 S CENTRAL EXPY,2775 S CENTRAL EXPY,,2017-11-06,2024-10-08,20,HEALTH2017-003539,False,,,,,,,,,Thai,Thai,independent,,high
HEALTH2017-003555,METHODIST MCKINNEY HOSPITAL,8000 ELDORADO PKWY,8000 ELDORADO PKWY,,2017-10-30,2024-10-22,16,HEALTH2017-003555,False,,,,,,,,,Institutional,hospital,national_regional,,high
HEALTH2017-003559,STONEBRIDGE ACADEMY,1921 GRASSMERE LN,1921 GRASSMERE LN,,2018-01-02,2020-06-03,8,HEALTH2017-003559,False,,,,,,,,,Institutional,school/daycare,independent,,high
HEALTH2017-003582,MCDONALD'S,6750 VIRGINIA PKWY,6750 VIRGINIA PKWY,,2017-10-30,2019-02-27,6,HEALTH2017-003582,False,,,,,,,,,Fast Food,burgers,national_regional,,high
HEALTH2017-003583,MCDONALD'S #6504,402 N CENTRAL EXPY,402 N CENTRAL EXPY,,2017-11-07,2018-11-07,4,HEALTH2017-003583,False,,,,,,,,,Fast Food,burgers,national_regional,,high
HEALTH2017-003616,MCDONALD'S OF WALMART,5001 MCKINNEY RANCH PKWY,5001 MCKINNEY RANCH PKWY,,2018-01-11,2020-09-25,10,HEALTH2017-003616,False,,,,,,,,,Fast Food,burgers,national_regional,,high
HEALTH2017-003617,MCDONALD OF WAL-MART,1721 N CUSTER RD,1721 N CUSTER RD,,2017-12-20,2020-07-28,10,HEALTH2017-003617,False,,,,,,,,,Fast Food,burgers,national_regional,,high
HEALTH2017-003702,SQUARE BURGER,115 N KENTUCKY ST,115 N KENTUCKY ST,,2018-01-05,2023-11-03,16,HEALTH2017-003702,False,,,,,,,,,"American (sit-down, bars, venues)",burgers,independent,,medium
HEALTH2017-003717,DOLLAR TREE #3294,8676 SH 121 104,8676 SH 121,104,2017-10-31,2024-02-20,12,HEALTH2017-003717,False,,,,,,,,,Convenience/Gas,dollar/discount store,national_regional,,high
HEALTH2017-003722,SWEET CAROLINE'S GELATO,107 N KENTUCKY ST,107 N KENTUCKY ST,,2017-11-06,2023-12-13,11,HEALTH2017-003722,False,,,,,,,,,Coffee/Cafe/Bakery/Dessert,gelato,independent,,high
HEALTH2017-003759,ITALIAN GARDEN,500 CUSTER RD,500 CUSTER RD,,2017-10-23,2023-11-01,17,HEALTH2017-003759,False,,,,,,,,,Pizza/Italian,Italian,independent,,high
HEALTH2017-003760,SILK ROAD THAI CUISINE,6851 VIRGINIA PKWY,6851 VIRGINIA PKWY,,2017-12-15,2020-06-18,7,HEALTH2017-003760,False,,,,,,,,,Thai,Thai,independent,,high
HEALTH2017-003846,OAK HOLLOW GOLF COURSE,3005 N MCDONALD ST,3005 N MCDONALD ST,,2018-01-26,2024-02-07,17,HEALTH2017-003846,False,,,,,,,,,"American (sit-down, bars, venues)",golf course grill,independent,,medium
HEALTH2017-003865,CADILLAC PIZZA,112 S KENTUCKY ST,112 S KENTUCKY ST,,2017-11-24,2024-05-22,20,HEALTH2017-003865,False,,,,,,,,,Pizza/Italian,pizza,independent,,high
HEALTH2017-003874,SONNTAG ELEMENTARY,2001 REAGAN DR,2001 REAGAN DR,,2017-10-17,2018-03-20,3,HEALTH2017-003874,False,,,,,,,,,Institutional,school cafeteria/concession,local_multi,,high
HEALTH2017-003925,ON THE BORDER,8930 SH 121,8930 SH 121,,2017-10-30,2024-03-01,19,HEALTH2017-003925,False,,,,,,,,,Mexican/Tex-Mex/Latin,Tex-Mex,national_regional,,high
HEALTH2017-003949,FUSION TEA ROOM,4550 UNIVERSITY DR,4550 UNIVERSITY DR,,2017-11-19,2019-06-15,15,HEALTH2017-003949,True,,,,,,,,,Coffee/Cafe/Bakery/Dessert,tea,independent,,medium
HEALTH2017-003970,PATINA GREEN HOME AND MARKET,116 N TENNESSEE ST,116 N TENNESSEE ST,,2017-11-06,2023-12-01,13,HEALTH2017-003970,False,,,,,,,,,Deli/Sandwich/Salad,cafe and home-goods market,independent,,medium
HEALTH2017-004000,DONUT BLISS,5080 VIRGINIA PKWY,5080 VIRGINIA PKWY,,2017-10-20,2019-09-23,6,HEALTH2017-004000,False,,,,,,,,,Coffee/Cafe/Bakery/Dessert,donuts/bagels,local_multi,,high
HEALTH2017-004056,BENNY'S BAGELS,5100 ELDORADO PKWY,5100 ELDORADO PKWY,,2017-10-19,2021-05-10,11,HEALTH2017-004056,False,,,,,,,,,Coffee/Cafe/Bakery/Dessert,donuts/bagels,independent,,high
HEALTH2017-004073,McCLURE ELEMENTARY CAFETERIA,1753 RIDGE RD,1753 RIDGE RD,,2017-12-19,2026-02-26,18,HEALTH2017-004073,False,schools_daycares,MISD,Issued,Biannual Inspections,0,NC,0.0,4.0,Institutional,school cafeteria/concession,local_multi,,high
HEALTH2017-004120,SUBWAY #43170,400 N CENTRAL EXPY,400 N CENTRAL EXPY,,2018-01-24,2024-08-01,15,HEALTH2017-004120,False,,,,,,,,,Deli/Sandwich/Salad,sub sandwiches,national_regional,,high
HEALTH2017-004189,STONEFIELD ASSISTED LIVING,2701 ALMA RD,2701 ALMA RD,,2017-10-23,2024-06-25,21,HEALTH2017-004189,False,,,,,,,,,Institutional,senior living / nursing,unknown,,high
HEALTH2017-004200,ALON,1101 N TENNESSEE ST,1101 N TENNESSEE ST,,2018-01-11,2024-11-01,19,HEALTH2017-004200,False,,,,,,,,,Convenience/Gas,gas station/convenience store (Alon fuel brand),independent,,medium
HEALTH2017-004224,BERMUDA'S GRILL & BAR,6145 ALMA RD,6145 ALMA RD,,2018-03-22,2024-11-13,16,HEALTH2017-007224,False,,,,,,,,,"American (sit-down, bars, venues)",bar & grill,independent,,high
HEALTH2017-004279,MCDONALD'S #5011,1810 W UNIVERSITY DR,1810 W UNIVERSITY DR,,2017-11-14,2024-09-06,23,HEALTH2017-004279,False,,,,,,,,,Fast Food,burgers,national_regional,,high
HEALTH2017-004303,FUZZY'S TACO SHOP,3190 S CENTRAL EXPY,3190 S CENTRAL EXPY,,2017-12-14,2024-12-05,17,HEALTH2017-004303,False,,,,,,,,,Mexican/Tex-Mex/Latin,tacos (Tex-Mex),national_regional,,high
HEALTH2017-004328,CHERRY BERRY YOGURT BAR,1411 N CUSTER RD,1411 N CUSTER RD,,2017-11-13,2020-01-28,7,HEALTH2017-004328,False,,,,,,,,,Coffee/Cafe/Bakery/Dessert,frozen yogurt,national_regional,,high
HEALTH2017-004332,HAMM'S CUSTOM MEATS,307 W LOUISIANA ST,307 W LOUISIANA ST,,2017-11-28,2018-10-10,4,HEALTH2017-004332,False,,,,,,,,,Grocery/Market,meat market,independent,independent_specialty,high
HEALTH2017-004370,DICKEYS BARBECUE PIT,600 N CENTRAL EXPY,600 N CENTRAL EXPY,,2018-01-31,2023-11-01,16,HEALTH2017-004370,False,,,,,,,,,"American (sit-down, bars, venues)",BBQ,national_regional,,high
HEALTH2017-004371,KFC #J625030,2030 W UNIVERSITY DR,2030 W UNIVERSITY DR,,2017-11-16,2023-10-12,17,HEALTH2017-004371,False,,,,,,,,,Fast Food,fried chicken,national_regional,,high
HEALTH2017-004373,PIZZA HUT,210 N CUSTER RD,210 N CUSTER RD,,2018-01-09,2024-06-07,15,HEALTH2017-004373,False,,,,,,,,,Pizza/Italian,pizza,national_regional,,high
HEALTH2017-004375,PIZZA HUT ,4150 ELDORADO PKWY,4150 ELDORADO PKWY,,2017-11-01,2024-02-12,16,HEALTH2017-004375,False,,,,,,,,,Pizza/Italian,pizza,national_regional,,high
HEALTH2017-004377,MOOYAH BURGERS & FRIES,1411 N CUSTER RD,1411 N CUSTER RD,,2017-11-21,2019-12-31,7,HEALTH2017-004377,False,,,,,,,,,Fast Food,burgers,national_regional,,high
HEALTH2017-004378,KFC / TACO BELL #J625047,2920 ELDORADO PKWY,2920 ELDORADO PKWY,,2017-12-07,2023-11-21,14,HEALTH2017-004378,False,,,,,,,,,Fast Food,fried chicken / Taco Bell combo,national_regional,,high
HEALTH2017-004401,TACO BELL #23487,320 N CUSTER RD,320 N CUSTER RD,,2017-12-19,2018-10-15,4,HEALTH2017-004401,False,,,,,,,,,Fast Food,Taco Bell,national_regional,,high
HEALTH2017-004402,LOCAL YOCAL FARM TO MARKET,213 N TENNESSEE ST,213 N TENNESSEE ST,,2017-12-12,2023-10-05,8,HEALTH2017-004402,False,,,,,,,,,Grocery/Market,butcher / farm-to-market,independent,independent_specialty,medium
HEALTH2017-004412,RACETRAC #340,5588 S LAKE FOREST DR,5588 S LAKE FOREST DR,,2017-11-03,2024-08-24,17,HEALTH2017-004412,False,,,,,,,,,Convenience/Gas,convenience store / gas station,national_regional,,high
HEALTH2017-004443,JACK IN THE BOX,1825 W UNIVERSITY DR,1825 W UNIVERSITY DR,,2017-11-15,2024-01-03,18,HEALTH2017-004443,False,,,,,,,,,Fast Food,burgers,national_regional,,high
HEALTH2017-004502,THE IVY OF MCKINNEY - SENIOR CENTER,3352 MEDICAL CENTER DR,3352 MEDICAL CENTER DR,,2017-11-06,2018-02-15,2,HEALTH2017-004502,False,,,,,,,,,Institutional,senior living / nursing,unknown,,high
HEALTH2017-004510,DONUT STATION,4987 W UNIVERSITY DR,4987 W UNIVERSITY DR,,2017-11-09,2023-10-19,13,HEALTH2017-004510,False,,,,,,,,,Coffee/Cafe/Bakery/Dessert,donuts/bagels,independent,,high
HEALTH2017-004541,CVS PHARMACY #5952,2313 W UNIVERSITY DR,2313 W UNIVERSITY DR,,2017-12-29,2023-12-28,12,HEALTH2017-004541,False,,,,,,,,,Convenience/Gas,pharmacy,national_regional,,high
HEALTH2017-004604,DURKIN'S PIZZA,2014 W UNIVERSITY DR STE 310,2014 W UNIVERSITY DR,310,2017-11-09,2021-04-08,11,HEALTH2017-004604,False,,,,,,,,,Pizza/Italian,pizza,local_multi,,low
HEALTH2017-004634,THE IVY OF MCKINNEY- MEMORY CARE,3392 MEDICAL CENTER DR,3392 MEDICAL CENTER DR,,2017-11-06,2018-02-15,2,HEALTH2017-004634,False,,,,,,,,,Institutional,senior living / nursing,unknown,,high
HEALTH2017-004669,LA MICHOACANA MEAT MARHET - DELI,311 W UNIVERSITY DR,311 W UNIVERSITY DR,,2017-11-22,2024-05-22,15,HEALTH2017-004669,False,,,,,,,,,Grocery/Market,Hispanic meat market/grocery,national_regional,independent_specialty,high
HEALTH2017-004670,LA MICHOACANA MEAT MARKET - BAKERY,311 W UNIVERSITY DR,311 W UNIVERSITY DR,,2017-11-22,2024-05-22,15,HEALTH2017-004670,False,,,,,,,,,Grocery/Market,Hispanic meat market/grocery,national_regional,independent_specialty,high
HEALTH2017-004671,LA MICHOACANA MEAT MARKET - GROCERY,311 W UNIVERSITY DR,311 W UNIVERSITY DR,,2017-11-22,2024-05-22,15,HEALTH2017-004671,False,,,,,,,,,Grocery/Market,Hispanic meat market/grocery,national_regional,independent_specialty,high
HEALTH2017-004751,ERNESTO'S FINE MEXICAN FOOD,1521 N CUSTER RD,1521 N CUSTER RD,,2018-01-03,2024-05-28,22,HEALTH2017-004751,False,,,,,,,,,Mexican/Tex-Mex/Latin,Mexican,independent,,high
HEALTH2017-004820,SONIC DRIVE IN,7221 S CUSTER RD,7221 S CUSTER RD,,2018-01-08,2018-10-04,4,HEALTH2017-004820,False,,,,,,,,,Fast Food,burgers/drive-in,national_regional,,high
HEALTH2017-004880,KING BUFFET,1434 N CENTRAL EXPY,1434 N CENTRAL EXPY,,2017-12-28,2020-01-30,8,HEALTH2017-004880,False,,,,,,,,,Chinese,Chinese buffet,independent,,medium
HEALTH2017-004921,RAZZOO'S CAJUN CAFE,3270 S CENTRAL EXPY,3270 S CENTRAL EXPY,,2018-01-11,2024-05-31,21,HEALTH2017-004921,False,,,,,,,,,"American (sit-down, bars, venues)",Cajun,national_regional,,high
HEALTH2017-004936,THE CHATEAU,5701 VIRGINIA PKWY,5701 VIRGINIA PKWY,,2017-12-04,2024-07-30,16,HEALTH2017-004936,False,,,,,,,,,Institutional,residential facility kitchen (likely senior living),unknown,,low
HEALTH2017-004953,T.C. SHAVED ICE,812 S MCDONALD ST,812 S MCDONALD ST,,2018-03-19,2023-10-24,8,HEALTH2017-004953,False,,,,,,,,,Coffee/Cafe/Bakery/Dessert,shaved ice,independent,,high
HEALTH2017-004970,WHATABURGER #1018,9053 W UNIVERSITY DR,9053 W UNIVERSITY DR,,2017-11-29,2024-04-25,15,HEALTH2017-004970,False,,,,,,,,,Fast Food,burgers,national_regional,,high
HEALTH2017-005052,WONDERLAND MONTESSORI ACADEMY ,3132 HUDSON CROSSING,3132 HUDSON CROSSING,,2018-12-10,2018-12-10,1,HEALTH2017-005052,False,,,,,,,,,Institutional,school/daycare,independent,,high
HEALTH2017-005077,PIZZA HUT ,8408 STACY RD,8408 STACY RD,,2017-12-11,2018-09-11,3,HEALTH2017-005077,False,,,,,,,,,Pizza/Italian,pizza,national_regional,,high
HEALTH2017-005101,GOODIES TEXAS,114 N TENNESSEE ST,114 N TENNESSEE ST,,2018-01-29,2019-07-29,5,HEALTH2017-005101,False,,,,,,,,,Unknown,,unknown,,low
HEALTH2017-005148,LOUISIANA STREET GRILL,350 E LOUISIANA ST,350 E LOUISIANA ST,,2017-11-09,2017-11-09,1,HEALTH2017-005148,False,,,,,,,,,"American (sit-down, bars, venues)",grill,independent,,medium
HEALTH2017-005151,TACO BELL #27875,8658 SH 121,8658 SH 121,,2017-10-31,2024-08-29,15,HEALTH2017-005151,False,,,,,,,,,Fast Food,Taco Bell,national_regional,,high
HEALTH2017-005163,HARLOW'S,4550 UNIVERSITY DR,4550 UNIVERSITY DR,,2017-11-17,2018-11-16,10,HEALTH2017-005163,True,,,,,,,,,Venue/Concession,Trade Days vendor (food not identified),independent,,low
HEALTH2017-005173,VALUE MART,300 E UNIVERSITY DR,300 E UNIVERSITY DR,,2017-12-27,2024-11-11,19,HEALTH2017-005173,False,,,,,,,,,Convenience/Gas,convenience store / gas station,independent,,medium
HEALTH2017-005184,SCOOTER'S COFFEEHOUSE,2741 VIRGINIA PKWY,2741 VIRGINIA PKWY,,2017-10-26,2023-12-29,14,HEALTH2017-005184,False,,,,,,,,,Coffee/Cafe/Bakery/Dessert,coffee,national_regional,,high
HEALTH2017-005196,GRILLED ONION BURGERS,4550 UNIVERSITY DR,4550 UNIVERSITY DR,,2017-11-17,2018-06-15,7,HEALTH2017-005196,True,,,,,,,,,"American (sit-down, bars, venues)",burgers,independent,,medium
HEALTH2017-005217,CULVERS,4200 ELDORADO PKWY,4200 ELDORADO PKWY,,2017-12-05,2018-10-08,3,HEALTH2017-005217,False,,,,,,,,,Fast Food,burgers / frozen custard,national_regional,,high
HEALTH2017-005266,THE TILTED KETTLE,4550 UNIVERSITY DR,4550 UNIVERSITY DR,,2017-11-17,2020-01-18,17,HEALTH2017-005266,True,,,,,,,,,Venue/Concession,kettle corn,independent,,medium
HEALTH2017-005287,MOOYAH BURGERS,3201 ELDORADO PKWY,3201 ELDORADO PKWY,,2018-01-08,2023-01-24,15,HEALTH2017-005287,False,,,,,,,,,Fast Food,burgers,national_regional,,high
HEALTH2017-005292,LIFETIME TENNIS,3253 ALMA RD,3253 ALMA RD,,2018-04-23,2020-06-04,5,HEALTH2017-005292,False,,,,,,,,,Venue/Concession,tennis club snack bar,unknown,,low
HEALTH2017-005386,GABE NESBIT BASEBALL COMPLEX,7001 ELDORADO PKWY,7001 ELDORADO PKWY,,2018-04-25,2020-07-13,5,HEALTH2017-005386,False,,,,,,,,,Venue/Concession,baseball complex concession,independent,,medium
HEALTH2017-005407,PIZZA HUT,1720 N CENTRAL EXPY,1720 N CENTRAL EXPY,,2017-11-10,2018-03-13,2,HEALTH2017-005407,False,,,,,,,,,Pizza/Italian,pizza,national_regional,,high
HEALTH2017-005415,COMSTOCK ELEMENTARY,7152 SILVERADO TRL,7152 SILVERADO TRL,,2017-10-19,2018-03-22,3,HEALTH2017-005415,False,,,,,,,,,Institutional,school cafeteria/concession,local_multi,,high
HEALTH2017-005487,7-Eleven #34108A,1814 N CENTRAL EXPY,1814 N CENTRAL EXPY,,2017-11-15,2024-06-17,14,HEALTH2017-005487,False,,,,,,,,,Convenience/Gas,convenience store / gas station,national_regional,,high
HEALTH2017-005544,SNUG ON THE SQUARE,109 N KENTUCKY ST,109 N KENTUCKY ST,,2018-01-16,2021-03-30,10,HEALTH2017-005544,False,,,,,,,,,"American (sit-down, bars, venues)",pub/cafe,independent,,low
HEALTH2017-005554,BAYLOR- TOWN SQUARE CAFE,5252 W UNIVERSITY DR,5252 W UNIVERSITY DR,,2017-11-13,2024-03-14,21,HEALTH2017-005554,False,,,,,,,,,Institutional,hospital cafe,national_regional,,high
HEALTH2017-005555,BAYLOR HOSPITAL- CHESTNUT VILLAGE (NEW PERMIT IS 2019-00321),5252 W UNIVERSITY DR,5252 W UNIVERSITY DR,,2017-11-13,2019-05-30,7,HEALTH2017-005555,False,,,,,,,,,Institutional,hospital,national_regional,,high
HEALTH2017-005619,IMGAINE INTERNATIONAL ACADEMY ,2860 VIRGINIA PKWY,2860 VIRGINIA PKWY,,2017-10-18,2019-01-10,4,HEALTH2017-005619,False,,,,,,,,,Institutional,school/daycare,independent,,high
HEALTH2017-005644,RIVERA'S  SALVA TEX-MEX,1321 TENNESSEE ST,1321 TENNESSEE ST,,2017-10-18,2024-04-27,16,HEALTH2017-005644,False,,,,,,,,,Mexican/Tex-Mex/Latin,Salvadoran / Tex-Mex,independent,,high
HEALTH2017-005709,DOLLAR GENERAL #3634,902 MCDONALD ST,902 MCDONALD ST,,2017-10-17,2024-11-12,15,HEALTH2017-005709,False,,,,,,,,,Convenience/Gas,dollar/discount store,national_regional,,high
HEALTH2017-005803,AFC SUSHI @ KROGER #488,1707 W UNIVERSITY DR FL1,1707 W UNIVERSITY DR,FL1,2018-01-16,2018-01-16,1,HEALTH2017-005803,False,,,,,,,,,Grocery/Market,sushi counter inside Kroger #488,national_regional,mainstream_supermarket,medium
HEALTH2017-005807,COLLIN COUNTY COURTHOUSE CAFE,2100 BLOOMDALE RD,2100 BLOOMDALE RD,,2017-11-20,2024-10-29,22,HEALTH2017-005807,False,,,,,,,,,Institutional,county jail/courthouse,independent,,high
HEALTH2017-005876,PARK MANOR OF MCKINNEY,1801 PEARSON AVE,1801 PEARSON AVE,,2018-01-09,2019-01-07,5,HEALTH2017-005876,False,,,,,,,,,Institutional,senior living / nursing,national_regional,,high
HEALTH2017-005900,PALIO'S PIZZA CAFE,6405 ELDORADO PKWY,6405 ELDORADO PKWY,,2017-10-31,2021-09-27,12,HEALTH2017-005900,False,,,,,,,,,Pizza/Italian,pizza,national_regional,,high
HEALTH2017-005901,JC'S BURGER HOUSE,6840 VIRGINIA PKWY,6840 VIRGINIA PKWY,,2017-12-20,2024-09-17,18,HEALTH2017-005901,False,,,,,,,,,"American (sit-down, bars, venues)",burgers,local_multi,,medium
HEALTH2017-005909,TACOS LOS CHANOS,345 INDUSTRIAL BLVD,345 INDUSTRIAL BLVD,,2017-12-13,2024-03-20,19,HEALTH2017-005909,False,,,,,,,,,Mexican/Tex-Mex/Latin,tacos,independent,,high
HEALTH2017-005983,TEXAS TOFFEE,317 S CHESTNUT ST,317 S CHESTNUT ST,,2020-09-19,2023-05-06,4,HEALTH2017-005983,True,trades_day_farmers_market,Farmers Market,Issued,Biannual Inspections,0,NC,0.0,4.0,Coffee/Cafe/Bakery/Dessert,toffee/candy (farmers market),independent,,medium
HEALTH2017-005989,THE TAMALE CO.,317 S CHESTNUT ST,317 S CHESTNUT ST,,2020-09-19,2023-05-06,6,HEALTH2017-005989,True,,,,,,,,,Mexican/Tex-Mex/Latin,tamales (farmers market),independent,,high
HEALTH2017-005992,RAISING CANE'S,1902 CENTRAL EXPY,1902 CENTRAL EXPY,,2017-10-19,2024-04-11,16,HEALTH2017-005992,False,,,,,,,,,Fast Food,chicken fingers,national_regional,,high
HEALTH2017-006009,CITA'S SALSA,317 S CHESTNUT ST,317 S CHESTNUT ST,,2023-05-06,2023-05-06,1,HEALTH2017-006009,True,,,,,,,,,Other non-restaurant,packaged salsa (farmers market),independent,,medium
HEALTH2017-006045,MCDONALD'S #3022,240 ELDORADO PKWY,240 ELDORADO PKWY,,2017-10-19,2018-07-24,4,HEALTH2017-006045,False,,,,,,,,,Fast Food,burgers,national_regional,,high
HEALTH2017-006065,DANDY DONUTS,8901 VIRGINIA PKWY,8901 VIRGINIA PKWY,,2017-10-19,2017-10-19,1,HEALTH2017-006065,False,,,,,,,,,Coffee/Cafe/Bakery/Dessert,donuts/bagels,independent,,high
HEALTH2017-006067,QUIKTRIP #963,1750 WILMETH RD,1750 WILMETH RD,,2017-11-27,2019-11-22,6,HEALTH2017-006067,False,,,,,,,,,Convenience/Gas,convenience store / gas station,national_regional,,high
HEALTH2017-006085,EL POLLO REGIO,2000 N CENTRAL EXPY,2000 N CENTRAL EXPY,,2017-11-21,2023-12-13,16,HEALTH2017-006085,False,,,,,,,,,Fast Food,grilled chicken,national_regional,,high
HEALTH2017-006120,NEW MIDWAY,1400 N CENTRAL EXPY,1400 N CENTRAL EXPY,,2017-11-08,2024-02-22,14,HEALTH2017-006120,False,,,,,,,,,Convenience/Gas,"convenience store (sandwiches, sodas, milk)",independent,,medium
HEALTH2017-006157,PIZZA HUT,4987 W UNIVERSITY DR,4987 W UNIVERSITY DR,,2017-11-20,2020-02-21,6,HEALTH2017-006157,False,,,,,,,,,Pizza/Italian,pizza,national_regional,,high
HEALTH2017-006189,FRESH ONE DONUTS,1550 S CUSTER RD,1550 S CUSTER RD,,2018-01-22,2022-03-24,8,HEALTH2017-006189,False,,,,,,,,,Coffee/Cafe/Bakery/Dessert,donuts/bagels,independent,,high
HEALTH2017-006193,MARBLE SLAB CREAMERY,8930 SH 121,8930 SH 121,,2017-11-01,2018-03-09,2,HEALTH2017-006193,False,,,,,,,,,Coffee/Cafe/Bakery/Dessert,ice cream,national_regional,,high
HEALTH2017-006208,ORANGE LEAF FROZEN YOGURT,1681 N CENTRAL EXPY,1681 N CENTRAL EXPY,,2017-12-12,2018-04-06,2,HEALTH2017-006208,False,,,,,,,,,Coffee/Cafe/Bakery/Dessert,frozen yogurt,national_regional,,high
HEALTH2017-006215,GOODY ASIAN CUISINE,5100 ELDORADO PKWY,5100 ELDORADO PKWY,,2018-02-02,2024-07-24,21,HEALTH2017-006215,False,,,,,,,,,Asian (unspecified),pan-Asian,independent,,medium
HEALTH2017-006230,BLUE GOOSE,2020 N CENTRAL EXPY FH,2020 N CENTRAL EXPY,FH,2017-11-15,2024-06-26,22,HEALTH2017-006230,False,,,,,,,,,Mexican/Tex-Mex/Latin,Tex-Mex,local_multi,,high
HEALTH2017-006246,PHO QUE HUONG,1720 ELDORADO PKWY 101,1720 ELDORADO PKWY,101,2017-10-20,2023-02-08,13,HEALTH2017-006246,False,,,,,,,,,Vietnamese,Vietnamese,independent,,high
HEALTH2017-006268,HOONAM DONUTS,1504 W UNIVERSITY DR A,1504 W UNIVERSITY DR,A,2017-11-14,2022-09-08,15,HEALTH2017-006268,False,,,,,,,,,Coffee/Cafe/Bakery/Dessert,donuts/bagels,independent,,high
HEALTH2017-006275,MCKINNEY'S SWEET SPOT,120 W LOUISIANA ST,120 W LOUISIANA ST,,2017-11-07,2018-10-12,4,HEALTH2017-006275,False,,,,,,,,,Coffee/Cafe/Bakery/Dessert,dessert shop,independent,,medium
HEALTH2017-006302,CIRCLE K #2741759,1801 ELDORADO PKWY,1801 ELDORADO PKWY,,2017-10-24,2024-03-28,15,HEALTH2017-006302,False,,,,,,,,,Convenience/Gas,convenience store / gas station,national_regional,,high
HEALTH2017-006323,CICI'S PIZZA,320 N CENTRAL EXPY,320 N CENTRAL EXPY,,2017-11-08,2022-04-15,12,HEALTH2017-006323,False,,,,,,,,,Pizza/Italian,pizza,national_regional,,high
HEALTH2017-006336,SPROUTS FARMERS MARKET-GROCERY,9241 VIRGINIA PKWY,9241 VIRGINIA PKWY,,2018-01-05,2024-08-30,20,HEALTH2017-006336,False,,,,,,,,,Grocery/Market,Sprouts - grocery,national_regional,mainstream_supermarket,high
HEALTH2017-006337,SPROUTS FARMERS MARKET-MEAT,9241 VIRGINIA PKWY,9241 VIRGINIA PKWY,,2018-01-05,2024-08-30,20,HEALTH2017-006337,False,,,,,,,,,Grocery/Market,Sprouts - meat,national_regional,mainstream_supermarket,high
HEALTH2017-006340,SPROUTS FARMERS MARKET-BAKERY,9241 VIRGINIA PKWY,9241 VIRGINIA PKWY,,2018-01-05,2024-08-30,20,HEALTH2017-006340,False,,,,,,,,,Grocery/Market,Sprouts - bakery,national_regional,mainstream_supermarket,high
HEALTH2017-006341,SPROUTS FARMERS MARKET-PRODUCE,9241 VIRGINIA PKWY,9241 VIRGINIA PKWY,,2018-01-05,2024-08-30,20,HEALTH2017-006341,False,,,,,,,,,Grocery/Market,Sprouts - produce,national_regional,mainstream_supermarket,high
HEALTH2017-006402,LITTLE CAESARS,1321 N TENNESSEE ST,1321 N TENNESSEE ST,,2017-11-20,2024-06-17,14,HEALTH2017-006402,False,,,,,,,,,Pizza/Italian,pizza,national_regional,,high
HEALTH2017-006405,THE PREP SCHOOL OF MCKINNEY,5317 UNIVERSITY DR,5317 UNIVERSITY DR,,2017-10-19,2018-10-18,5,HEALTH2017-006405,False,,,,,,,,,Institutional,school/daycare,independent,,high
HEALTH2017-006504,1 STOP ,103 N GRAVES ST,103 N GRAVES ST,,2018-02-01,2023-10-10,12,HEALTH2017-006504,False,,,,,,,,,Convenience/Gas,convenience store / gas station,independent,,medium
HEALTH2017-006567,WINCO FOODS - GROCERY,1800 N GRAVES ST,1800 N GRAVES ST,,2018-01-31,2023-09-07,14,HEALTH2017-006567,False,,,,,,,,,Grocery/Market,WinCo - grocery,national_regional,mainstream_supermarket,high
HEALTH2017-006568,WINCO FOODS - BAKERY,1800 N GRAVES ST,1800 N GRAVES ST,,2018-01-31,2024-09-05,15,HEALTH2017-006568,False,,,,,,,,,Grocery/Market,WinCo - bakery,national_regional,mainstream_supermarket,high
HEALTH2017-006569,WINCO FOODS - MEAT ,1800 N GRAVES ST,1800 N GRAVES ST,,2018-01-31,2023-09-07,12,HEALTH2017-006569,False,,,,,,,,,Grocery/Market,WinCo - meat,national_regional,mainstream_supermarket,high
HEALTH2017-006570,WINCO FOODS - PRODUCE,1800 N GRAVES ST,1800 N GRAVES ST,,2018-01-31,2023-09-07,14,HEALTH2017-006570,False,,,,,,,,,Grocery/Market,WinCo - produce,national_regional,mainstream_supermarket,high
HEALTH2017-006571,WINCO FOODS - DELI,1800 N GRAVES ST,1800 N GRAVES ST,,2018-01-31,2023-09-07,14,HEALTH2017-006571,False,,,,,,,,,Grocery/Market,WinCo - deli,national_regional,mainstream_supermarket,high
HEALTH2017-006609,GRAND BROOK,175 PLATEAU DR,175 PLATEAU DR,,2018-01-29,2018-04-11,2,HEALTH2017-006609,False,,,,,,,,,Institutional,senior living / nursing,local_multi,,low
HEALTH2017-006634,WENDY'S #10650 ,8904 SH 121,8904 SH 121,,2017-10-31,2022-10-03,10,HEALTH2017-006634,False,,,,,,,,,Fast Food,burgers,national_regional,,high
HEALTH2017-006635,WENDY'S #8263,1951 ELDORADO PKWY,1951 ELDORADO PKWY,,2017-12-15,2022-03-01,15,HEALTH2017-006635,False,,,,,,,,,Fast Food,burgers,national_regional,,high
HEALTH2017-006639,PINK POODLE II,4550 W UNIVERSITY DR FH,4550 W UNIVERSITY DR,FH,2018-05-18,2018-11-16,6,HEALTH2017-006639,True,,,,,,,,,Venue/Concession,event concession (hot dogs),independent,,low
HEALTH2017-006661,PIONEER RIDGE ,7210 LINKSIDE POINT DR,7210 LINKSIDE POINT DR,,2017-10-23,2024-02-14,14,HEALTH2017-006661,False,,,,,,,,,Institutional,senior living / nursing,unknown,,high
HEALTH2017-006702,HARRY'S AT THE HARBOR,6601 MEDITERRANEAN DR,6601 MEDITERRANEAN DR,,2017-10-26,2019-02-04,6,HEALTH2017-006702,False,,,,,,,,,"American (sit-down, bars, venues)",American grill,independent,,low
HEALTH2017-006735,BIG LOTS #1462,105 S CENTRAL EXPY,105 S CENTRAL EXPY,,2017-12-19,2024-01-05,13,HEALTH2017-006735,False,,,,,,,,,Convenience/Gas,dollar/discount store,national_regional,,medium
HEALTH2017-006824,HANS 7-ELEVEN,3100 ELDORADO PKWY,3100 ELDORADO PKWY,,2017-12-14,2023-10-11,12,HEALTH2017-006824,False,,,,,,,,,Convenience/Gas,convenience store / gas station,national_regional,,high
HEALTH2017-006832,OUMI SUSHI @ SPROUTS 132,9241 VIRGINIA PKWY,9241 VIRGINIA PKWY,,2018-01-05,2023-12-18,19,HEALTH2017-006832,False,,,,,,,,,Grocery/Market,sushi counter inside Sprouts,national_regional,mainstream_supermarket,medium
HEALTH2017-006879,NOM NOMS MEXICAN GRILL-N-CHILL ,6840 VIRGINIA PKWY,6840 VIRGINIA PKWY,,2018-01-04,2024-07-24,19,HEALTH2017-006879,False,,,,,,,,,Mexican/Tex-Mex/Latin,Mexican,independent,,high
HEALTH2017-006884,MARCOS PIZZA,2741 VIRGINIA PKWY,2741 VIRGINIA PKWY,,2017-10-20,2019-04-05,6,HEALTH2017-006884,False,,,,,,,,,Pizza/Italian,pizza,national_regional,,high
HEALTH2017-006896,THE DONUT KITCHEN,7250 VIRGINIA PKWY,7250 VIRGINIA PKWY,,2017-12-20,2019-05-08,6,HEALTH2017-006896,False,,,,,,,,,Coffee/Cafe/Bakery/Dessert,donuts/bagels,independent,,high
HEALTH2017-006961,THE LEARNING EXPERIENCE,4501 RIDGE RD,4501 RIDGE RD,,2017-10-24,2019-07-02,7,HEALTH2017-006961,False,,,,,,,,,Institutional,school/daycare,national_regional,,high
HEALTH2017-006974,WE-R-NUTZ ,4550 UNIVERSITY DR,4550 UNIVERSITY DR,,2017-11-17,2021-10-15,24,HEALTH2017-006974,True,,,,,,,,,Venue/Concession,roasted nuts,independent,,medium
HEALTH2017-006975,SCOTT ELEMENTARY,10550 MILLBEND DR,10550 MILLBEND DR,,2017-10-17,2018-03-06,3,HEALTH2017-006975,False,,,,,,,,,Institutional,school cafeteria/concession,local_multi,,high
HEALTH2017-007032,TRADER JOES ,2851 CRAIG DR,2851 CRAIG DR,,2017-11-02,2024-06-10,16,HEALTH2017-007032,False,,,,,,,,,Grocery/Market,Trader Joe's,national_regional,mainstream_supermarket,high
HEALTH2017-007089,STREET MUNCHIES,4550 UNIVERSITY DR FH,4550 UNIVERSITY DR,FH,2017-11-17,2018-06-15,7,HEALTH2017-007089,True,,,,,,,,,Venue/Concession,street snacks (sausage),independent,,medium
HEALTH2017-007152,PSA MCKINNEY,7205 ELDORADO PKWY,7205 ELDORADO PKWY,,2017-12-11,2024-06-28,17,HEALTH2017-007152,False,,,,,,,,,Venue/Concession,sports facility concession,independent,,low
HEALTH2017-007214,BAHAMA BUCKS,7820 ELDORADO PKWY,7820 ELDORADO PKWY,,2018-01-08,2019-03-18,6,HEALTH2017-007214,False,,,,,,,,,Coffee/Cafe/Bakery/Dessert,shaved ice,national_regional,,high
HEALTH2017-007224,BERMUDA'S GRILL & BAR,6145 ALMA RD,6145 ALMA RD,,2018-03-22,2024-11-13,16,HEALTH2017-007224,False,,,,,,,,,"American (sit-down, bars, venues)",bar & grill,independent,,high
HEALTH2017-007228,DEL SUR GRILL,4951 ELDORADO PKWY,4951 ELDORADO PKWY,,2018-01-25,2023-11-17,14,HEALTH2017-007228,False,,,,,,,,,Mexican/Tex-Mex/Latin,Mexican grill in gas station,independent,,medium
HEALTH2017-007259,LONE STAR FOOD STORE #57,1815 N CENTRAL EXPY,1815 N CENTRAL EXPY,,2017-11-20,2023-10-24,14,HEALTH2017-007259,False,,,,,,,,,Convenience/Gas,convenience store / gas station,local_multi,,high
HEALTH2017-007260,LONE STAR FOOD STORE #37,101 S CENTRAL EXPY,101 S CENTRAL EXPY,,2017-12-20,2023-10-06,13,HEALTH2017-007260,False,,,,,,,,,Convenience/Gas,convenience store / gas station,local_multi,,high
HEALTH2017-007263,COFFEE DEL REY,317 S CHESTNUT ST,317 S CHESTNUT ST,,2020-09-19,2022-11-12,5,HEALTH2017-007263,True,,,,,,,,,Coffee/Cafe/Bakery/Dessert,coffee (farmers market),independent,,medium
HEALTH2017-007277,ECLAIR BISTRO,216 E VIRGINIA ST,216 E VIRGINIA ST,,2018-02-23,2018-11-28,4,HEALTH2017-007277,False,,,,,,,,,Other cuisine,French bistro,independent,,low
HEALTH2017-007280,NINE TEEN DEGREES SPORTS BAR & GRILL,6993 STARS AVE,6993 STARS AVE,,2018-01-03,2024-02-16,16,HEALTH2017-007280,False,,,,,,,,,"American (sit-down, bars, venues)",sports bar,independent,,high
HEALTH2017-007293,WALGREENS #16031,4994 W UNIVERSITY DR,4994 W UNIVERSITY DR,,2017-12-21,2024-02-09,13,HEALTH2017-007293,False,,,,,,,,,Convenience/Gas,pharmacy,national_regional,,high
HEALTH2017-007294,SHERATON MCKINNEY,1900 GATEWAY BLVD,1900 GATEWAY BLVD,,2017-11-07,2019-05-28,7,HEALTH2017-007294,False,,,,,,,,,Hotel/Caterer/Commissary,hotel,national_regional,,high
HEALTH2017-007295,JACK IN THE BOX #4794,1516 S TENNESSEE ST,1516 S TENNESSEE ST,,2017-11-08,2023-10-16,17,HEALTH2017-007295,False,,,,,,,,,Fast Food,burgers,national_regional,,high
HEALTH2017-007333,TACO BELL #30590,4980 W UNIVERSITY DR,4980 W UNIVERSITY DR,,2018-01-02,2023-09-06,14,HEALTH2017-007333,False,,,,,,,,,Fast Food,Taco Bell,national_regional,,high
HEALTH2017-007369,THE SWEET STUMP,101 E HUNT ST,101 E HUNT ST,,2018-10-13,2018-10-13,1,HEALTH2017-007369,True,,,,,,,,,Coffee/Cafe/Bakery/Dessert,sweets (farmers market),independent,,low
HEALTH2017-007392,ZIN ZEN WINE BISTRO,6841 VIRGINIA PKWY,6841 VIRGINIA PKWY,,2017-10-23,2024-01-18,17,HEALTH2017-007392,False,,,,,,,,,"American (sit-down, bars, venues)",wine bar bistro,independent,,medium
HEALTH2017-007408,DOLLAR TREE #05875,1970 N CENTRAL EXPY,1970 N CENTRAL EXPY,,2018-01-04,2024-08-06,8,HEALTH2017-007408,False,,,,,,,,,Convenience/Gas,dollar/discount store,national_regional,,high
HEALTH2017-007460,KITCHENWARES ON THE SQUARE,213 LOUISIANA ST,213 LOUISIANA ST,,2017-10-20,2019-03-06,5,HEALTH2017-007460,False,,,,,,,,,Other non-restaurant,kitchenware store with demo kitchen,independent,,medium
HEALTH2017-007541,GOURMET TASTE OF TEXAS,4550 UNIVERSITY DR FH,4550 UNIVERSITY DR,FH,2017-11-17,2020-01-17,18,HEALTH2017-007541,True,,,,,,,,,Other non-restaurant,soup and dip mix vendor sampling (Trade Days),independent,,medium
HEALTH2017-007560,TUPPS BREWERY,721 ANDERSON ST,721 ANDERSON ST,,2018-01-30,2023-10-09,12,HEALTH2017-007560,False,,,,,,,,,"American (sit-down, bars, venues)",brewery,local_multi,,high
HEALTH2017-007569,HAMPTON INN & SUITES RESTAURANT,2008 CENTRAL EXPY,2008 CENTRAL EXPY,,2017-10-23,2019-01-10,6,HEALTH2017-007569,False,,,,,,,,,Hotel/Caterer/Commissary,hotel,national_regional,,high
HEALTH2017-007611,LA QUINTA INN & SUITES,6501 HENNEMAN WAY,6501 HENNEMAN WAY,,2018-01-02,2021-12-17,11,HEALTH2017-007611,False,,,,,,,,,Hotel/Caterer/Commissary,hotel,national_regional,,high
HEALTH2017-007618,KIDS R KIDS,9070 WESTRIDGE BLVD,9070 WESTRIDGE BLVD,,2018-05-25,2019-05-28,5,HEALTH2017-007618,False,,,,,,,,,Institutional,school/daycare,national_regional,,high
HEALTH2017-007622,SUGARBACON,216 VIRGINIA ST,216 VIRGINIA ST,,2017-10-26,2019-04-24,7,HEALTH2017-007622,False,,,,,,,,,"American (sit-down, bars, venues)",American brunch/dinner,independent,,high
HEALTH2017-007645,DAYS-INN ,2104 CENTRAL EXPY,2104 CENTRAL EXPY,,2017-10-24,2021-09-01,11,HEALTH2017-007645,False,,,,,,,,,Hotel/Caterer/Commissary,hotel,national_regional,,high
HEALTH2017-007665,SCHLOTZSKY'S,1521 UNIVERSITY DR,1521 UNIVERSITY DR,,2017-10-30,2024-01-24,14,HEALTH2017-007665,False,,,,,,,,,Deli/Sandwich/Salad,"deli sandwiches, salads",national_regional,,high
HEALTH2017-007707,CHILDCARE NETWORK #265,4095 ELDORADO PKWY,4095 ELDORADO PKWY,,2018-05-18,2018-05-18,1,HEALTH2017-007707,False,,,,,,,,,Institutional,school/daycare,national_regional,,high
HEALTH2017-007712,MCKINNEY MONTESSORI,513 N CENTRAL EXPY,513 N CENTRAL EXPY,,2017-11-10,2024-03-28,19,HEALTH2017-007712,False,,,,,,,,,Institutional,school/daycare,independent,,high
HEALTH2017-007719,PIAZZA ON THE GREEN,6200 TPC DR,6200 TPC DR,,2017-10-31,2019-09-26,8,HEALTH2017-007719,False,,,,,,,,,"American (sit-down, bars, venues)",event venue,independent,,low
HEALTH2017-007749,HEARTLAND MONTESSORI ACADEMY,6150 MCKINNEY RANCH PKWY,6150 MCKINNEY RANCH PKWY,,2017-11-03,2019-05-24,7,HEALTH2017-007749,False,,,,,,,,,Institutional,school/daycare,independent,,high
HEALTH2017-007757,SUSHI GO,5005 MCKINNEY RANCH PKWY,5005 MCKINNEY RANCH PKWY,,2017-11-02,2021-03-25,10,HEALTH2017-007757,False,,,,,,,,,Japanese,sushi,independent,,medium
HEALTH2017-007766,ITSY BITES,4550 UNIVERSITY DR FH,4550 UNIVERSITY DR,FH,2017-11-19,2017-11-19,1,HEALTH2017-007766,True,,,,,,,,,Venue/Concession,event food vendor,independent,,low
HEALTH2017-007771,PURE PLATES,4600 ELDORADO PKWY,4600 ELDORADO PKWY,,2017-12-20,2019-11-19,6,HEALTH2017-007771,False,,,,,,,,,Unknown,,independent,,low
HEALTH2017-007775,MONTESSORI SCHOOL OF EXCELLENCE,7701 VIRGINIA PKWY,7701 VIRGINIA PKWY,,2017-11-08,2020-01-31,5,HEALTH2017-007775,False,,,,,,,,,Institutional,school/daycare,independent,,high
HEALTH2017-007800,SNUG ON THE SQUARE**** ON HOLD ***SEE NOTES***,113 N KENTUCKY ST,113 N KENTUCKY ST,,2018-01-16,2020-02-26,10,HEALTH2017-007800,False,,,,,,,,,"American (sit-down, bars, venues)",pub/cafe,independent,,low
HEALTH2017-007805,HUGS CAFE,224 E VIRGINIA ST,224 E VIRGINIA ST,,2017-12-27,2024-09-05,16,HEALTH2017-007805,False,,,,,,,,,Deli/Sandwich/Salad,"cafe: sandwiches, salads",independent,,medium
HEALTH2017-007815,THE PUB MCKINNEY,204 W VIRGINIA ST,204 W VIRGINIA ST,,2018-01-18,2025-01-13,22,HEALTH2017-007815,False,,,,,,,,,"American (sit-down, bars, venues)",pub,independent,,high
HEALTH2017-007818,MOUNTAINMAN JERKY COMPANY,4550 UNIVERSITY DR FH,4550 UNIVERSITY DR,FH,2017-11-17,2021-10-16,25,HEALTH2017-007818,True,,,,,,,,,Other non-restaurant,jerky (market vendor),independent,,medium
HEALTH2017-007830,THE GODDARD SCHOOL,3952 S RIDGE RD,3952 S RIDGE RD,,2017-11-03,2018-11-08,5,HEALTH2017-007830,False,,,,,,,,,Institutional,school/daycare,national_regional,,high
HEALTH2017-007852,ADVENTURE KIDS PLAYCARE,2950 CRAIG DR,2950 CRAIG DR,,2018-05-07,2018-11-13,3,HEALTH2017-007852,False,,,,,,,,,Institutional,school/daycare,local_multi,,low
HEALTH2017-007861,TAI SUSHI HOUSE,8408 STACY RD,8408 STACY RD,,2017-11-01,2018-05-31,3,HEALTH2017-007861,False,,,,,,,,,Japanese,sushi,independent,,high
HEALTH2017-007868,QUALITY-INN ,1300 CENTRAL EXPY,1300 CENTRAL EXPY,,2017-10-18,2018-10-19,5,HEALTH2017-007868,False,,,,,,,,,Hotel/Caterer/Commissary,hotel,national_regional,,high
HEALTH2017-007988,WAL-MART #6966 BAKERY,3400 VIRGINIA PKWY,3400 VIRGINIA PKWY,,2017-10-23,2024-06-15,16,HEALTH2017-007988,False,,,,,,,,,Grocery/Market,Walmart - bakery,national_regional,mainstream_supermarket,high
HEALTH2017-007989,WAL-MART #6966 GROCERY,3400 VIRGINIA PKWY,3400 VIRGINIA PKWY,,2017-10-23,2024-06-15,18,HEALTH2017-007989,False,,,,,,,,,Grocery/Market,Walmart - grocery,national_regional,mainstream_supermarket,high
HEALTH2017-007990,WAL-MART #6966 FUEL STATION,3400 VIRGINIA PKWY,3400 VIRGINIA PKWY,,2017-10-23,2024-06-15,18,HEALTH2017-007990,False,,,,,,,,,Convenience/Gas,Walmart fuel station,national_regional,,high
HEALTH2017-007991,WALMART #6966 DELI & MEAT,3400 VIRGINIA PKWY,3400 VIRGINIA PKWY,,2017-10-23,2024-06-15,18,HEALTH2017-007991,False,,,,,,,,,Grocery/Market,Walmart - deli,national_regional,mainstream_supermarket,high
HEALTH2017-007992,WAL-MART #6966 PRODUCE & FRUIT,3400 VIRGINIA PKWY,3400 VIRGINIA PKWY,,2017-10-23,2024-06-15,18,HEALTH2017-007992,False,,,,,,,,,Grocery/Market,Walmart - produce,national_regional,mainstream_supermarket,high
HEALTH2017-007994,MCKINNEY PIZZA TAVERN,1705 W UNIVERSITY DR,1705 W UNIVERSITY DR,,2017-11-13,2023-12-01,21,HEALTH2017-007994,False,,,,,,,,,Pizza/Italian,pizza tavern,independent,,high
HEALTH2017-007996,CIRCLE K #2741583,1710 S INDEPENDENCE PKWY,1710 S INDEPENDENCE PKWY,,2017-12-05,2024-11-19,17,HEALTH2017-007996,False,,,,,,,,,Convenience/Gas,convenience store / gas station,national_regional,,high
HEALTH2017-007997,M&M EXPRESS,4550 UNIVERSITY DR FH,4550 UNIVERSITY DR,FH,2017-11-17,2019-01-18,12,HEALTH2017-007997,True,,,,,,,,,Venue/Concession,Trade Days vendor (food not identified),independent,,low
HEALTH2017-008015,MR. TAKO,1330 N MCDONALD ST,1330 N MCDONALD ST,,2018-01-24,2023-10-18,10,HEALTH2017-008015,False,,,,,,,,,Mexican/Tex-Mex/Latin,Mexican,independent,,medium
HEALTH2017-008057,GENIUS CHILD OF MCKINNEY,6363 ELDORADO PKWY,6363 ELDORADO PKWY,,2017-10-26,2019-01-07,6,HEALTH2017-008057,False,,,,,,,,,Institutional,school/daycare,independent,,high
HEALTH2017-008065,TEXAS TEA OUTLET,4550 UNIVERSITY DR FH,4550 UNIVERSITY DR,FH,2017-11-17,2021-10-15,25,HEALTH2017-008065,True,,,,,,,,,Coffee/Cafe/Bakery/Dessert,tea,independent,,low
HEALTH2017-008066,DELANEY'S IRISH PUB ,6150 ELDORADO PKWY,6150 ELDORADO PKWY,,2017-11-06,2023-10-05,20,HEALTH2017-008066,False,,,,,,,,,"American (sit-down, bars, venues)",Irish pub,independent,,high
HEALTH2017-008067,CVS PHARMACY #10675,6161 UNIVERSITY DR,6161 UNIVERSITY DR,,2017-10-17,2022-12-15,11,HEALTH2017-008067,False,,,,,,,,,Convenience/Gas,pharmacy,national_regional,,high
HEALTH2017-008073,MCKINNEY SOCCER ASSOCIATION CONCESSION STAND,6300 COLLIN MCKINNEY PKWY SIGN,6300 COLLIN MCKINNEY PKWY,SIGN,2018-04-25,2022-10-17,9,HEALTH2017-008073,False,,,,,,,,,Venue/Concession,youth soccer concession,independent,,high
HEALTH2017-008076,BRAUM'S ICE CREAM #86,6591 ELDORADO PKWY,6591 ELDORADO PKWY,,2017-11-01,2023-11-01,15,HEALTH2017-008076,False,,,,,,,,,Fast Food,burgers / ice cream / dairy store,national_regional,,high
HEALTH2017-008082,SWEET ART BAKERY,3751 S STONEBRIDGE DR,3751 S STONEBRIDGE DR,,2018-01-04,2018-12-20,4,HEALTH2017-008082,False,,,,,,,,,Coffee/Cafe/Bakery/Dessert,bakery,independent,,high
HEALTH2017-008083,SUBWAY,4500 MEDICAL CENTER DR,4500 MEDICAL CENTER DR,,2018-01-24,2024-01-19,20,HEALTH2017-008083,False,,,,,,,,,Deli/Sandwich/Salad,sub sandwiches,national_regional,,high
HEALTH2017-008106,DADDY'S TACOS,1800 S INDEPENDENCE PKWY,1800 S INDEPENDENCE PKWY,,2017-12-04,2024-02-05,16,HEALTH2017-008106,False,,,,,,,,,Mexican/Tex-Mex/Latin,tacos,independent,,high
HEALTH2017-008116,GREGORY'S BISTRO,6675 MEDITERRANEAN DR,6675 MEDITERRANEAN DR,,2018-01-17,2018-10-26,4,HEALTH2017-008116,False,,,,,,,,,Unknown,bistro (cuisine not evident),independent,,low
HEALTH2017-008121,GABE NESBIT SOFTBALL,3205 ALMA RD,3205 ALMA RD,,2018-04-25,2024-04-18,11,HEALTH2017-008121,False,,,,,,,,,Venue/Concession,softball complex concession,independent,,medium
HEALTH2017-008123,MANNA DONUTS,4150 ELDORADO PKWY,4150 ELDORADO PKWY,,2017-11-02,2018-07-05,3,HEALTH2017-008123,False,,,,,,,,,Coffee/Cafe/Bakery/Dessert,donuts/bagels,independent,,high
HEALTH2017-008131,TOWNEPLACE SUITES,1832 MARKETPLACE DR,1832 MARKETPLACE DR,,2017-12-15,2022-02-16,10,HEALTH2017-008131,False,,,,,,,,,Hotel/Caterer/Commissary,hotel,national_regional,,high
HEALTH2017-008158,GAME DAY FOODS,317 S CHESTNUT ST,317 S CHESTNUT ST,,2020-09-19,2022-04-30,4,HEALTH2017-008158,True,,,,,,,,,Other non-restaurant,farmers market vendor (product not identified),independent,,low
HEALTH2017-008178,GILBERT PRUETT LOCAL FAMILY FARMS,315 S CHESTNUT ST,315 S CHESTNUT ST,,2020-09-19,2020-09-19,1,HEALTH2017-008178,True,,,,,,,,,Other non-restaurant,farmers market produce vendor,independent,,medium
HEALTH2017-008183,EMA MARKETING AND SALES,101 E HUNT ST,101 E HUNT ST,,2018-10-13,2018-10-13,1,HEALTH2017-008183,True,,,,,,,,,Other non-restaurant,farmers market vendor (product not identified),independent,,low
HEALTH2017-008191,DONUT HOUSE,1800 S INDEPENDENCE PKWY,1800 S INDEPENDENCE PKWY,,2018-01-24,2018-01-24,1,HEALTH2017-008191,False,,,,,,,,,Coffee/Cafe/Bakery/Dessert,donuts/bagels,independent,,high
HEALTH2017-008198,KIDDIE ACADEMY OF STONEBRIDGE,6300 VIRGINIA PKWY,6300 VIRGINIA PKWY,,2018-05-07,2019-02-25,4,HEALTH2017-008198,False,,,,,,,,,Institutional,school/daycare,national_regional,,high
HEALTH2017-008202,CHINA POT *** CHANGE OF OWNERSHIP 4/30/20,2310 VIRGINIA PKWY,2310 VIRGINIA PKWY,,2017-12-05,2019-10-22,7,HEALTH2017-008202,False,,,,,,,,,Chinese,Chinese,independent,,high
HEALTH2017-008203,CHILDREN'S LEARNING ADVENTURE,5151 S CUSTER RD,5151 S CUSTER RD,,2017-11-13,2019-02-18,6,HEALTH2017-008203,False,,,,,,,,,Institutional,school/daycare,national_regional,,high
HEALTH2017-008225,DOS CHARROS,4150 ELDORADO PKWY,4150 ELDORADO PKWY,,2018-02-01,2018-04-18,2,HEALTH2017-008225,False,,,,,,,,,Mexican/Tex-Mex/Latin,Mexican,independent,,medium
HEALTH2017-008265,DOMINO'S PIZZA #6806,1717 W UNIVERSITY DR,1717 W UNIVERSITY DR,,2017-11-10,2018-03-09,2,HEALTH2017-008265,False,,,,,,,,,Pizza/Italian,pizza,national_regional,,high
HEALTH2017-008281,BUTCHER BOARD,216 W VIRGINIA ST,216 W VIRGINIA ST,,2018-01-16,2019-04-26,6,HEALTH2017-008281,False,,,,,,,,,"American (sit-down, bars, venues)",BBQ,independent,,medium
HEALTH2017-008305,GRANDY'S,1614 UNIVERSITY DR,1614 UNIVERSITY DR,,2017-10-17,2019-01-11,6,HEALTH2017-008305,False,,,,,,,,,Fast Food,fried chicken,national_regional,,high
HEALTH2017-008330,GOLDEN GRACE DAHS,3300 ELDORADO PKWY,3300 ELDORADO PKWY,,2017-10-27,2019-04-24,7,HEALTH2017-008330,False,,,,,,,,,Institutional,nonprofit social services,independent,,high
HEALTH2017-008341,CIRCLE K #2741585,5010 ALMA RD,5010 ALMA RD,,2018-01-25,2024-08-14,17,HEALTH2017-008341,False,,,,,,,,,Convenience/Gas,convenience store / gas station,national_regional,,high
HEALTH2017-008348,ALDI PRODUCE,8801 STACY RD,8801 STACY RD,,2017-12-11,2020-09-17,9,HEALTH2017-008348,False,,,,,,,,,Grocery/Market,Aldi - produce,national_regional,mainstream_supermarket,high
HEALTH2017-008349,ALDI GROCERY,8801 STACY RD,8801 STACY RD,,2017-12-11,2024-03-04,16,HEALTH2017-008349,False,,,,,,,,,Grocery/Market,Aldi - grocery,national_regional,mainstream_supermarket,high
HEALTH2017-008378,FIREHOUSE SUBS,2890 CRAIG DR,2890 CRAIG DR,,2017-12-11,2018-12-17,5,HEALTH2017-008378,False,,,,,,,,,Deli/Sandwich/Salad,sub sandwiches,national_regional,,high
HEALTH2017-008415,CAVALLI PIZZA,6851 VIRGINIA PKWY,6851 VIRGINIA PKWY,,2018-01-05,2024-08-06,22,HEALTH2017-008415,False,,,,,,,,,Pizza/Italian,pizza,local_multi,,high
HEALTH2017-008424,MIGHTY QUICK,727 N MCDONALD ST,727 N MCDONALD ST,,2017-12-13,2018-11-27,3,HEALTH2017-008424,False,,,,,,,,,Convenience/Gas,convenience store / gas station,independent,,medium
HEALTH2017-008465,EDIBLE ARRANGEMENTS,8901 VIRGINIA PKWY,8901 VIRGINIA PKWY,,2018-01-31,2018-10-15,3,HEALTH2017-008465,False,,,,,,,,,Coffee/Cafe/Bakery/Dessert,fruit arrangements / dipped fruit,national_regional,,high
HEALTH2017-008474,HUGHES ELEMENTARY,1551 PRESTWICK HOLLOW DR,1551 PRESTWICK HOLLOW DR,,2017-10-17,2018-04-16,3,HEALTH2017-008474,False,,,,,,,,,Institutional,school cafeteria/concession,local_multi,,high
HEALTH2017-008483,CHIMMY TEA,317 S CHESTNUT ST,317 S CHESTNUT ST,,2020-09-19,2021-04-03,2,HEALTH2017-008483,True,,,,,,,,,Coffee/Cafe/Bakery/Dessert,tea (farmers market),independent,,medium
HEALTH2017-008484,CARIBBEAN ISLE,4550 UNIVERSITY DR FH,4550 UNIVERSITY DR,FH,2018-01-14,2019-11-16,16,HEALTH2017-008484,True,,,,,,,,,Venue/Concession,"event concession (chili, hot dogs, taco meat)",independent,,medium
HEALTH2017-008515,WHATABURGER #1105,6151 ELDORADO PKWY,6151 ELDORADO PKWY,,2018-02-02,2023-11-07,14,HEALTH2017-008515,False,,,,,,,,,Fast Food,burgers,national_regional,,high
HEALTH2017-008528,SALI'S ITALIAN,6710 VIRGINIA PKWY,6710 VIRGINIA PKWY,,2017-10-26,2024-06-27,21,HEALTH2017-008528,False,,,,,,,,,Pizza/Italian,Italian,independent,,high
HEALTH2017-008538,JUNGLE BURGER,318 N CENTRAL EXPY,318 N CENTRAL EXPY,,2017-12-29,2020-03-18,9,HEALTH2017-008538,False,,,,,,,,,"American (sit-down, bars, venues)",burgers,independent,,medium
HEALTH2017-008545,CHURCH'S CHICKEN #10983,204 UNIVERSITY DR,204 UNIVERSITY DR,,2018-01-17,2019-10-16,7,HEALTH2017-008545,False,,,,,,,,,Fast Food,fried chicken,national_regional,,high
HEALTH2017-008549,MIMI'S GOURMET TEAS & CAPPUCCINO,4550 UNIVERSITY DR FH,4550 UNIVERSITY DR,FH,2017-11-17,2020-11-13,22,HEALTH2017-008549,True,,,,,,,,,Coffee/Cafe/Bakery/Dessert,tea and cappuccino,independent,,medium
HEALTH2017-008551,7-11 #37296,3911 MEDICAL CENTER DR,3911 MEDICAL CENTER DR,,2017-10-18,2024-02-21,14,HEALTH2017-008551,False,,,,,,,,,Convenience/Gas,convenience store / gas station,national_regional,,high
HEALTH2017-008564,NEW CORTIGO,101 E HUNT ST,101 E HUNT ST,,2018-10-13,2018-10-13,1,HEALTH2017-008564,True,,,,,,,,,Other non-restaurant,farmers market vendor (product not identified),independent,,low
HEALTH2017-008566,XPLOR,3153 STONEBRIDGE DR,3153 STONEBRIDGE DR,,2017-10-27,2024-05-30,15,HEALTH2017-008566,False,,,,,,,,,Institutional,school/daycare,national_regional,,high
HEALTH2017-008573,MOVIEHOUSE & EATERY,8450 SH 121,8450 SH 121,,2017-10-30,2024-06-27,22,HEALTH2017-008573,False,,,,,,,,,Venue/Concession,dine-in movie theater,national_regional,,medium
HEALTH2017-008578,STARWOOD CAFE,470 ADRIATIC PKWY,470 ADRIATIC PKWY,,2017-10-26,2020-02-28,9,HEALTH2017-008578,False,,,,,,,,,"American (sit-down, bars, venues)",breakfast/lunch cafe,local_multi,,medium
HEALTH2017-008602,BIEN SALSA,119 W VIRGINIA ST,119 W VIRGINIA ST,,2017-12-14,2018-03-30,2,HEALTH2017-008602,False,,,,,,,,,Mexican/Tex-Mex/Latin,Tex-Mex,independent,,medium
HEALTH2017-008626,OXFORD GRAND OF MCKINNEY,2851 ORCHID DR,2851 ORCHID DR,,2017-11-06,2024-06-13,22,HEALTH2017-008626,False,,,,,,,,,Institutional,senior living / nursing,national_regional,,high
HEALTH2017-008627,DEMPSEY'S PLACE,310 E LOUISIANA ST,310 E LOUISIANA ST,,2017-12-04,2020-01-31,7,HEALTH2017-008627,False,,,,,,,,,"American (sit-down, bars, venues)",bar,independent,,medium
HEALTH2017-008635,MCKINNEY COPPER KITCHEN,3105 N MCDONALD ST,3105 N MCDONALD ST,,2018-01-26,2018-10-02,2,HEALTH2017-008635,False,,,,,,,,,Hotel/Caterer/Commissary,shared commercial kitchen,independent,,low
HEALTH2017-008681,MICHAEL JOHNSON PERFORMANCE CENTER,6051 ALMA RD,6051 ALMA RD,,2018-01-25,2021-03-01,7,HEALTH2017-008681,False,,,,,,,,,Venue/Concession,sports training center snack bar,independent,,low
HEALTH2017-008684,WINGSTOP #964,7645 S CUSTER RD,7645 S CUSTER RD,,2018-01-03,2024-08-22,16,HEALTH2017-008684,False,,,,,,,,,Fast Food,wings,national_regional,,high
HEALTH2017-008705,PACIFIC TRADEWINDS,3103 N MCDONALD ST,3103 N MCDONALD ST,,2018-02-22,2023-12-01,13,HEALTH2017-008705,False,,,,,,,,,Unknown,,unknown,,low
HEALTH2017-008808,TACO BELL #31798,6101 ELDORADO PKWY,6101 ELDORADO PKWY,,2017-11-06,2024-10-17,19,HEALTH2017-008808,False,,,,,,,,,Fast Food,Taco Bell,national_regional,,high
HEALTH2017-008839,DODGE CITY OF MCKINNEY,700 CENTRAL EXPY,700 CENTRAL EXPY,,2017-10-18,2023-10-20,14,HEALTH2017-008839,False,,,,,,,,,Other non-restaurant,car dealership lounge,independent,,medium
HEALTH2017-008840,MCKINNEY BUICK GMC,3450 CENTRAL EXPY,3450 CENTRAL EXPY,,2017-10-18,2025-02-17,14,HEALTH2017-008840,False,,,,,,,,,Other non-restaurant,car dealership lounge,independent,,medium
HEALTH2017-008841,CHICK-FIL-A,6201 ELDORADO PKWY,6201 ELDORADO PKWY,,2017-11-07,2025-01-23,17,HEALTH2017-008841,False,,,,,,,,,Fast Food,fried chicken,national_regional,,high
HEALTH2017-008842,A-BAKERY,4550 ELDORADO PKWY,4550 ELDORADO PKWY,,2018-01-26,2018-11-07,4,HEALTH2017-008842,False,,,,,,,,,Coffee/Cafe/Bakery/Dessert,bakery,independent,,high
HEALTH2017-008864,NISSAN OF MCKINNEY,3800 S CENTRAL EXPY,3800 S CENTRAL EXPY,,2017-11-07,2025-02-17,14,HEALTH2017-008864,False,,,,,,,,,Other non-restaurant,car dealership lounge,independent,,medium
HEALTH2017-008876,FILTERED,218 LOUISIANA ST 100,218 LOUISIANA ST,100,2017-10-18,2024-08-09,16,HEALTH2017-008876,False,,,,,,,,,Coffee/Cafe/Bakery/Dessert,coffee,independent,,low
HEALTH2017-008889,DONUT WORLD,7820 ELDORADO PKWY,7820 ELDORADO PKWY,,2018-02-09,2023-10-19,12,HEALTH2017-008889,False,,,,,,,,,Coffee/Cafe/Bakery/Dessert,donuts/bagels,independent,,high
HEALTH2017-008897,RAINBOWS OLD WEST SODA,4550 UNIVERSITY DR FH,4550 UNIVERSITY DR,FH,2017-11-17,2020-06-12,17,HEALTH2017-008897,True,,,,,,,,,Venue/Concession,old-fashioned soda stand,independent,,medium
HEALTH2017-008900,HENDERSON KITCHEN AND TAP,2730 S CENTRAL EXPY,2730 S CENTRAL EXPY,,2018-01-11,2018-10-26,4,HEALTH2017-008900,False,,,,,,,,,"American (sit-down, bars, venues)",American kitchen and tap,independent,,medium
HEALTH2017-008905,WHATABURGER #1115,4970 W UNIVERSITY DR,4970 W UNIVERSITY DR,,2018-01-30,2023-09-26,14,HEALTH2017-008905,False,,,,,,,,,Fast Food,burgers,national_regional,,high
HEALTH2017-008916,GUIDEPOST MONTESSORI ELDORADO,7508 ELDORADO PKWY,7508 ELDORADO PKWY,,2018-06-08,2018-11-05,2,HEALTH2017-008916,False,,,,,,,,,Institutional,school/daycare,national_regional,,high
HEALTH2017-008917,CHESTNUT SQUARE ACADEMY,402 S CHESTNUT ST,402 S CHESTNUT ST,,2018-01-12,2023-10-27,17,HEALTH2017-008917,False,,,,,,,,,Institutional,school/daycare,independent,,high
HEALTH2017-008920,MR. JIM'S PIZZA #157,1920 ELDORADO PKWY,1920 ELDORADO PKWY,,2017-11-16,2024-03-01,16,HEALTH2017-008920,False,,,,,,,,,Pizza/Italian,pizza,national_regional,,high
HEALTH2017-008926,GOLDEN CHICK,1001 W UNIVERSITY DR,1001 W UNIVERSITY DR,,2017-11-16,2020-01-28,9,HEALTH2017-008926,False,,,,,,,,,Fast Food,fried chicken,national_regional,,high
HEALTH2017-008940,HARBORCHASE OF MCKINNEY,265 PLATEAU DR,265 PLATEAU DR,,2018-02-01,2024-07-25,21,HEALTH2017-008940,False,,,,,,,,,Institutional,senior living / nursing,national_regional,,high
HEALTH2017-008949,BROTHER'S PRODUCT,317 S CHESTNUT ST,317 S CHESTNUT ST,,2018-10-13,2023-05-06,6,HEALTH2017-008949,True,,,,,,,,,Other non-restaurant,packaged goods vendor with samples (farmers market),independent,,medium
HEALTH2017-008961,GRADY LITTLEJOHN BASEBALL & SOFTBALL,1401 WILSON CREEK PKWY,1401 WILSON CREEK PKWY,,2018-04-25,2020-07-13,5,HEALTH2017-008961,False,,,,,,,,,Venue/Concession,baseball/softball complex concession,independent,,medium
HEALTH2017-008963,PAPA MURPHY'S PIZZA,3201 S HARDIN BLVD,3201 S HARDIN BLVD,,2018-01-24,2021-04-07,8,HEALTH2017-008963,False,,,,,,,,,Pizza/Italian,take-and-bake pizza,national_regional,,high
HEALTH2017-008969,DENNY'S #8726,1615 N CENTRAL EXPY,1615 N CENTRAL EXPY,,2017-10-30,2024-04-15,25,HEALTH2017-008969,False,,,,,,,,,"American (sit-down, bars, venues)",breakfast diner,national_regional,,high
HEALTH2017-008982,TRAILS OF IVY CHILD DEVELOPMENT,7605 VIRGINIA PKWY,7605 VIRGINIA PKWY,,2017-11-10,2017-11-10,1,HEALTH2017-008982,False,,,,,,,,,Institutional,school/daycare,independent,,high
HEALTH2017-008987,HOLIDAY INN EXPRESS,6601 HENNEMAN WAY,6601 HENNEMAN WAY,,2017-11-30,2019-10-07,7,HEALTH2017-008987,False,,,,,,,,,Hotel/Caterer/Commissary,hotel,national_regional,,high
HEALTH2017-008989,MCKINNEY EXPRESS,103 S MCDONALD ST,103 S MCDONALD ST,,2018-05-01,2025-01-07,14,HEALTH2017-09657,False,,,,,,,,,Convenience/Gas,convenience store,independent,,medium
HEALTH2017-009007,THE AMAZING DIP COMPANY,317 S CHESTNUT ST,317 S CHESTNUT ST,,2020-09-19,2023-05-06,4,HEALTH2017-009007,True,,,,,,,,,Other non-restaurant,dip mixes (market vendor),independent,,medium
HEALTH2017-009025,COLLIN COLLEGE CENTRAL PERKS,2200 W UNIVERSITY DR,2200 W UNIVERSITY DR,,2018-01-16,2020-09-21,8,HEALTH2017-009025,False,,,,,,,,,Institutional,college cafe,local_multi,,high
HEALTH2017-009027,COLLIN COLLEGE CENTRAL PARK CATERING,2400 COMMUNITY AVE,2400 COMMUNITY AVE,,2018-01-16,2020-09-21,8,HEALTH2017-009027,False,,,,,,,,,Institutional,college cafe,local_multi,,high
HEALTH2017-009129,TOM THUMB-STARBUCKS,6800 VIRGINIA PKWY,6800 VIRGINIA PKWY,,2018-01-12,2024-02-23,18,HEALTH2017-009129,False,,,,,,,,,Grocery/Market,Starbucks/coffee counter inside Tom Thumb #296,national_regional,mainstream_supermarket,medium
HEALTH2017-009153,TOM THUMB #3853 -GROCERY,3001 S HARDIN BLVD,3001 S HARDIN BLVD,,2017-12-28,2023-12-20,20,HEALTH2017-009153,False,,,,,,,,,Grocery/Market,Tom Thumb - grocery,national_regional,mainstream_supermarket,high
HEALTH2017-009154,TOM THUMB #3853- BAKERY,3001 S HARDIN BLVD,3001 S HARDIN BLVD,,2017-12-28,2023-12-20,19,HEALTH2017-009154,False,,,,,,,,,Grocery/Market,Tom Thumb - bakery,national_regional,mainstream_supermarket,high
HEALTH2017-009155,TOM THUMB #3853 - PRODUCE,3001 S HARDIN BLVD,3001 S HARDIN BLVD,,2017-12-28,2023-12-20,20,HEALTH2017-009155,False,,,,,,,,,Grocery/Market,Tom Thumb - produce,national_regional,mainstream_supermarket,high
HEALTH2017-009156,TOM THUMB #3583 - MEAT,3001 S HARDIN BLVD,3001 S HARDIN BLVD,,2017-12-28,2023-12-20,20,HEALTH2017-009156,False,,,,,,,,,Grocery/Market,Tom Thumb - meat,national_regional,mainstream_supermarket,high
HEALTH2017-009157,TOM THUMB # 3853- DELI,3001 S HARDIN BLVD,3001 S HARDIN BLVD,,2017-12-28,2023-12-20,20,HEALTH2017-009157,False,,,,,,,,,Grocery/Market,Tom Thumb - deli,national_regional,mainstream_supermarket,high
HEALTH2017-009190,FUJI FOOD,1670 W UNIVERSITY DR,1670 W UNIVERSITY DR,,2017-12-15,2024-01-08,16,HEALTH2017-009190,False,,,,,,,,,Grocery/Market,sushi counter inside Sam's Club #4906,national_regional,mainstream_supermarket,medium
HEALTH2017-009194,AYDE FOOD,1 MOBILE VENDOR (OL USE),1 MOBILE VENDOR (OL USE),,2018-01-03,2018-01-03,1,HEALTH2017-009194,False,,,,,,,,,Unknown,mobile food vendor,unknown,,low
HEALTH2017-009214,PHO BISTRO,2058 W UNIVERSITY DR,2058 W UNIVERSITY DR,,2017-11-21,2026-06-10,17,HEALTH2017-009214,False,permits,Restaurant,Issued,Biannual Inspections,24,UP,30.0,4.0,Vietnamese,Vietnamese,independent,,high
HEALTH2017-009226,SUPER SHACK,2901 S CENTRAL EXPY,2901 S CENTRAL EXPY,,2017-11-13,2024-06-10,22,HEALTH2017-009226,False,,,,,,,,,"American (sit-down, bars, venues)",Cajun seafood,independent,,medium
HEALTH2017-009236,LITTLE CAESARS PIZZA,9245 VIRGINIA PKWY,9245 VIRGINIA PKWY,,2017-11-13,2024-06-27,15,HEALTH2017-009236,False,,,,,,,,,Pizza/Italian,pizza,national_regional,,high
HEALTH2017-009237,LITTLE CAESARS,5100 ELDORADO PKWY,5100 ELDORADO PKWY,,2017-12-29,2024-04-01,15,HEALTH2017-009237,False,,,,,,,,,Pizza/Italian,pizza,national_regional,,high
HEALTH2017-009238,END ZONE,4150 ELDORADO PKWY,4150 ELDORADO PKWY,,2017-10-27,2022-02-17,15,HEALTH2017-009238,False,,,,,,,,,"American (sit-down, bars, venues)",sports bar,independent,,low
HEALTH2017-009245,TAQUERIA EL GORDO,1434 N CENTRAL EXPY,1434 N CENTRAL EXPY,,2017-11-15,2024-04-02,17,HEALTH2017-009245,False,,,,,,,,,Mexican/Tex-Mex/Latin,taqueria,independent,,high
HEALTH2017-009254,MISHA'S KITCHEN,1 MOBILE VENDOR (OL USE),1 MOBILE VENDOR (OL USE),,2018-01-03,2018-01-03,1,HEALTH2017-009254,False,,,,,,,,,Unknown,mobile food vendor,unknown,,low
HEALTH2017-009261,D'CARBO ,1 MOBILE VENDOR (OL USE),1 MOBILE VENDOR (OL USE),,2018-01-03,2018-01-03,1,HEALTH2017-009261,False,,,,,,,,,Unknown,mobile food vendor,unknown,,low
HEALTH2017-009262,ARETE GOURMET SLIDERS,1 MOBILE VENDOR (OL USE),1 MOBILE VENDOR (OL USE),,2018-01-03,2018-01-03,1,HEALTH2017-009262,False,,,,,,,,,"American (sit-down, bars, venues)",sliders food truck,independent,,medium
HEALTH2017-009264,RUIZ CATERING #1 ,1 MOBILE VENDOR (OL USE),1 MOBILE VENDOR (OL USE),,2018-01-04,2018-01-04,1,HEALTH2017-009264,False,,,,,,,,,Mexican/Tex-Mex/Latin,"mobile lunch truck (steak, rice, pork)",independent,,low
HEALTH2017-009273,UNITED CATERERS ,1 MOBILE VENDOR (OL USE),1 MOBILE VENDOR (OL USE),,2018-01-31,2018-01-31,1,HEALTH2017-009273,False,,,,,,,,,Hotel/Caterer/Commissary,mobile catering truck,independent,,low
HEALTH2017-009274,RUIZ CATERING #2 / MARLEN MORENO,1 MOBILE VENDOR (OL USE),1 MOBILE VENDOR (OL USE),,2018-01-04,2018-01-04,1,HEALTH2017-009264,False,,,,,,,,,Mexican/Tex-Mex/Latin,"mobile lunch truck (steak, rice, pork)",independent,,low
HEALTH2017-009277,GOLDEN CHICK,3965 S LAKE FOREST DR,3965 S LAKE FOREST DR,,2017-11-07,2023-03-13,13,HEALTH2017-009277,False,,,,,,,,,Fast Food,fried chicken,national_regional,,high
HEALTH2017-009340,LIFEPATH CRISIS CENTER,1416 N CHURCH ST,1416 N CHURCH ST,,2017-11-10,2024-02-06,17,HEALTH2017-009340,False,,,,,,,,,Institutional,nonprofit social services,independent,,high
HEALTH2017-009342,THE CAMPHOUSE CHILL,4550 UNIVERSITY DR,4550 UNIVERSITY DR,,2017-11-17,2020-09-19,13,HEALTH2017-009342,True,,,,,,,,,Venue/Concession,Trade Days vendor (food not identified),independent,,low
HEALTH2017-009350,MCKINNEY NORTH HS JAVA CITY,2550 WILMETH RD MISD,2550 WILMETH RD,MISD,2017-10-17,2026-04-10,19,HEALTH2017-009350,False,schools_daycares,MISD,Issued,Biannual Inspections,0,NC,0.0,4.0,Institutional,school cafeteria/concession (McKinney ISD),local_multi,,high
HEALTH2017-009397,DISCOVERY LEARNING CENTER,1815 WHITE AVE,1815 WHITE AVE,,2017-12-01,2020-06-09,9,HEALTH2017-009397,False,,,,,,,,,Institutional,school/daycare,independent,,high
HEALTH2017-009456,BURGER KING,6510 SH 121,6510 SH 121,,2018-01-16,2024-06-18,15,HEALTH2017-009456,False,,,,,,,,,Fast Food,burgers,national_regional,,high
HEALTH2017-009477,WINGSTOP ** ON HOLD ** SEE NOTES,1521 N CUSTER RD,1521 N CUSTER RD,,2017-12-13,2020-04-23,9,HEALTH2017-009477,False,,,,,,,,,Fast Food,wings,national_regional,,high
HEALTH2017-009483,JOYOUS MONTESSORI,6800 BOUNTIFUL GROVE DR,6800 BOUNTIFUL GROVE DR,,2018-05-08,2019-07-02,4,HEALTH2017-009483,False,,,,,,,,,Institutional,school/daycare,independent,,high
HEALTH2017-009501,ONE AND ONLY BURGERS AND FRIES,1330 N MCDONALD ST,1330 N MCDONALD ST,,2018-01-31,2024-11-19,16,HEALTH2017-009501,False,,,,,,,,,"American (sit-down, bars, venues)",burgers,independent,,medium
HEALTH2017-009511,CIRCLE K,801 E UNIVERSITY DR,801 E UNIVERSITY DR,,2017-11-14,2024-01-09,13,HEALTH2017-009511,False,,,,,,,,,Convenience/Gas,convenience store / gas station,national_regional,,high
HEALTH2017-009523,THE PINK POODLE,4550 UNIVERSITY DR FH,4550 UNIVERSITY DR,FH,2017-11-17,2018-04-13,3,HEALTH2017-009523,True,,,,,,,,,Venue/Concession,event concession,independent,,low
HEALTH2017-009536,MINGLING MOUTH FOOD TRAIL,4550 UNIVERSITY DR FH,4550 UNIVERSITY DR,FH,2017-11-17,2017-11-17,1,HEALTH2017-009536,True,,,,,,,,,Venue/Concession,Trade Days vendor (food not identified),independent,,low
HEALTH2017-009537,KOJI SUSHI,101 MCDONALD ST,101 MCDONALD ST,,2017-10-17,2024-05-31,17,HEALTH2017-009537,False,,,,,,,,,Japanese,sushi,independent,,high
HEALTH2017-009540,HOLIDAY INN HOTEL & SUITES,3220 CRAIG DR,3220 CRAIG DR,,2017-10-27,2024-04-26,19,HEALTH2017-009540,False,,,,,,,,,Hotel/Caterer/Commissary,hotel,national_regional,,high
HEALTH2017-009550,SMOOTHIE KING ,1920 ELDORADO PKWY,1920 ELDORADO PKWY,,2017-10-17,2024-08-26,14,HEALTH2017-009550,False,,,,,,,,,Coffee/Cafe/Bakery/Dessert,smoothies/juice,national_regional,,high
HEALTH2017-009561,TEXAS PICKED AND PICKLED,4550 UNIVERSITY DR,4550 UNIVERSITY DR,,2017-11-19,2019-06-15,15,HEALTH2017-009561,True,,,,,,,,,Other non-restaurant,pickles (market vendor),independent,,medium
HEALTH2017-009563,EL RANCHO SUPERMARKET - GROCERY,821 MCDONALD ST,821 MCDONALD ST,,2017-11-27,2024-08-05,20,HEALTH2017-009563,False,,,,,,,,,Grocery/Market,Hispanic supermarket,national_regional,independent_specialty,high
HEALTH2017-009564,EL RANCHO SUPERMARKET - RESTAURANT,821 MCDONALD ST,821 MCDONALD ST,,2017-11-27,2024-08-05,20,HEALTH2017-009564,False,,,,,,,,,Grocery/Market,Hispanic supermarket,national_regional,independent_specialty,high
HEALTH2017-009565,EL RANCHO - BAKERY,821 MCDONALD ST,821 MCDONALD ST,,2017-11-27,2024-08-05,20,HEALTH2017-009565,False,,,,,,,,,Grocery/Market,Hispanic supermarket,national_regional,independent_specialty,high
HEALTH2017-009566,EL RANCHO SUPERMARKET - PRODUCE ,821 MCDONALD ST,821 MCDONALD ST,,2017-11-27,2024-08-05,19,HEALTH2017-009566,False,,,,,,,,,Grocery/Market,Hispanic supermarket,national_regional,independent_specialty,high
HEALTH2017-009567,EL RANCHO SUPERMARKET - DELI & MEAT ,821 N MCDONALD ST,821 N MCDONALD ST,,2017-11-27,2024-08-05,20,HEALTH2017-009567,False,,,,,,,,,Grocery/Market,Hispanic supermarket,national_regional,independent_specialty,high
HEALTH2017-009570,HAT CREEK BURGER,3503 CUSTER RD,3503 CUSTER RD,,2017-11-14,2024-08-14,18,HEALTH2017-009570,False,,,,,,,,,Fast Food,burgers,national_regional,,high
HEALTH2017-09583,PAPA JOHN'S PIZZA #1304,2310 VIRGINIA PKWY 160,2310 VIRGINIA PKWY,160,2017-12-07,2024-07-25,15,HEALTH2017-09583,False,,,,,,,,,Pizza/Italian,pizza,national_regional,,high
HEALTH2017-09584,RICE & NOODLE ,1521 N CUSTER RD 2600,1521 N CUSTER RD,2600,2017-11-21,2023-11-09,17,HEALTH2017-09584,False,,,,,,,,,Asian (unspecified),rice and noodle dishes,independent,,low
HEALTH2017-09585,7-11 #38091A,2689 N LAKE FOREST DR,2689 N LAKE FOREST DR,,2017-11-27,2024-08-21,14,HEALTH2017-09585,False,,,,,,,,,Convenience/Gas,convenience store / gas station,national_regional,,high
HEALTH2017-09592,MOM AND POPCORN COMPANY,215 E LOUISIANA ST,215 E LOUISIANA ST,,2017-11-20,2018-08-10,2,HEALTH2017-09592,False,,,,,,,,,Coffee/Cafe/Bakery/Dessert,gourmet popcorn shop,independent,,medium
HEALTH2017-09605,HOME FOR THE HOLIDAYS / WILD BILL'S SODA,111 N TENNESSEE ST,111 N TENNESSEE ST,,2017-11-24,2017-11-24,1,HEALTH2017-09638,True,,,,,,,,,Venue/Concession,soda stand (holiday event),national_regional,,medium
HEALTH2017-09606,ZEN SUSHI,3751 S STONEBRIDGE DR 500,3751 S STONEBRIDGE DR,500,2018-01-04,2019-09-18,7,HEALTH2017-09606,False,,,,,,,,,Japanese,sushi,independent,,high
HEALTH2017-09609,YUMMI SUSHI,6800 VIRGINIA PKWY,6800 VIRGINIA PKWY,,2018-01-12,2024-08-23,20,HEALTH2017-09609,False,,,,,,,,,Grocery/Market,sushi counter inside Tom Thumb #296,national_regional,mainstream_supermarket,medium
HEALTH2017-09610,YUMMI SUSHI,3001 S HARDIN BLVD,3001 S HARDIN BLVD,,2017-12-28,2019-11-12,8,HEALTH2017-09610,False,,,,,,,,,Grocery/Market,sushi counter inside Tom Thumb #3853,national_regional,mainstream_supermarket,medium
HEALTH2017-09611,STARBUCKS #561,6100 ELDORADO PKWY,6100 ELDORADO PKWY,,2018-03-06,2023-12-14,13,HEALTH2017-09611,False,,,,,,,,,Grocery/Market,Starbucks/coffee counter inside Market Street #561,national_regional,mainstream_supermarket,medium
HEALTH2017-09613,MELLOW MUSHROOM,218 E LOUISIANA ST 100,218 E LOUISIANA ST,100,2017-12-27,2017-12-27,1,HEALTH2017-09613,False,,,,,,,,,Pizza/Italian,pizza,national_regional,,high
HEALTH2017-09614,POPEYE'S ,6520 SH 121,6520 SH 121,,2017-11-28,2021-02-04,9,HEALTH2017-09614,False,,,,,,,,,Fast Food,fried chicken,national_regional,,high
HEALTH2017-09620,WHICH WICH SUPERIOR SANDWICHES,8950 SH 121,8950 SH 121,,2017-12-12,2018-06-12,3,HEALTH2017-09620,False,,,,,,,,,Deli/Sandwich/Salad,sub sandwiches,national_regional,,high
HEALTH2017-09622,STARWOOD CAFE,2821 CRAIG DR 101,2821 CRAIG DR,101,2017-12-18,2025-01-30,14,HEALTH2016-008608,False,,,,,,,,,"American (sit-down, bars, venues)",breakfast/lunch cafe,local_multi,,medium
HEALTH2017-09623,HEALTHY COOKING,3440 ELDORADO PKWY,3440 ELDORADO PKWY,,2017-12-21,2024-11-01,11,HEALTH2017-09623,False,,,,,,,,,Unknown,unclear (milk/butter only),independent,,low
HEALTH2017-09627,7-11,8400 SH 121,8400 SH 121,,2018-03-26,2018-08-17,2,HEALTH2017-09627,False,,,,,,,,,Convenience/Gas,convenience store / gas station,national_regional,,high
HEALTH2017-09629,"HOME FOR THE HOLIDAYS
Nov, 24,25,26",111 N TENNESSEE ST,111 N TENNESSEE ST,,2017-11-24,2017-11-24,1,HEALTH2017-09638,True,,,,,,,,,Venue/Concession,holiday event concession,independent,,medium
HEALTH2017-09630,CIRCLE K #2706318,2400 VIRGINIA PKWY,2400 VIRGINIA PKWY,,2019-07-12,2021-02-01,5,HEALTH2017-001060,False,,,,,,,,,Convenience/Gas,convenience store / gas station,national_regional,,high
HEALTH2017-09632,QUIKTRIP #919,2285 W UNIVERSITY DR,2285 W UNIVERSITY DR,,2017-11-17,2024-04-24,14,HEALTH2017-09632,False,,,,,,,,,Convenience/Gas,convenience store / gas station,national_regional,,high
HEALTH2017-09634,NACHO LIBRE NACHOS,4550 W UNIVERSITY DR,4550 W UNIVERSITY DR,,2018-01-04,2018-11-17,8,HEALTH2017-09634,True,,,,,,,,,Venue/Concession,nachos concession,independent,,medium
HEALTH2017-09637,MCKINNEY EXXON ,202 N CENTRAL EXPY,202 N CENTRAL EXPY,,2017-12-11,2018-09-08,3,HEALTH2017-09637,False,,,,,,,,,Convenience/Gas,convenience store / gas station,independent,,high
HEALTH2017-09638,"HOME FOR THE HOLIDAYS / COWTOWN KETTLE CORN
11/24-11/26",111 N TENNESSEE ST,111 N TENNESSEE ST,,2017-11-24,2017-11-24,1,HEALTH2017-09638,True,,,,,,,,,Venue/Concession,kettle corn (holiday event),independent,,high
HEALTH2017-09641,ARBY'S RESTURANT ,1706 W UNIVERSITY DR,1706 W UNIVERSITY DR,,2018-02-07,2018-02-07,1,HEALTH2017-09641,False,,,,,,,,,Fast Food,roast beef sandwiches,national_regional,,high
HEALTH2017-09642,HOME FOR THE HOLIDAYS / EGGSTAND,111 N TENNESSEE ST,111 N TENNESSEE ST,,2017-11-24,2017-11-24,1,HEALTH2017-09642,True,,,,,,,,,Venue/Concession,holiday event food stand,independent,,low
HEALTH2017-09643,HOME FOR THE HOLIDAYS / MOUNTAINMAN JERKY,111 N TENNESSEE ST,111 N TENNESSEE ST,,2017-11-24,2017-11-24,1,HEALTH2017-09643,True,,,,,,,,,Other non-restaurant,jerky (event vendor),independent,,medium
HEALTH2017-09645,Das Gud Spice Co.,111 N TENNESSEE ST,111 N TENNESSEE ST,,2017-11-24,2017-11-24,1,HEALTH2017-09645,True,,,,,,,,,Other non-restaurant,spices (event vendor),independent,,medium
HEALTH2017-09647,Bahama Buck's,2783 VIRGINIA PKWY,2783 VIRGINIA PKWY,,2018-01-11,2018-03-21,2,HEALTH2016-006463,False,,,,,,,,,Coffee/Cafe/Bakery/Dessert,shaved ice,national_regional,,high
HEALTH2017-09648,RODRIGOUS GROCERY ,902 GREENVILLE RD,902 GREENVILLE RD,,2017-11-29,2018-10-18,4,HEALTH2017-09648,False,,,,,,,,,Grocery/Market,Hispanic grocery,independent,independent_specialty,medium
HEALTH2017-09649,DONUT BLISS ,6405 ELDORADO PKWY 250,6405 ELDORADO PKWY,250,2018-02-21,2018-02-21,1,HEALTH2017-09649,False,,,,,,,,,Coffee/Cafe/Bakery/Dessert,donuts/bagels,local_multi,,high
HEALTH2017-09652,BEST WESTERN PLUS MCKINNEY INN & SUITE,480 S WILSON CREEK BLVD,480 S WILSON CREEK BLVD,,2018-01-10,2022-10-11,9,HEALTH2017-09652,False,,,,,,,,,Hotel/Caterer/Commissary,hotel,national_regional,,high
HEALTH2017-09655,EGGSQUISITE CAFE,2058 W UNIVERSITY DR,2058 W UNIVERSITY DR,,2018-02-12,2022-05-10,15,HEALTH2017-09655,False,,,,,,,,,"American (sit-down, bars, venues)",breakfast/brunch,independent,,low
HEALTH2017-09657,MCKINNEY EXPRESS,103 S MCDONALD ST,103 S MCDONALD ST,,2017-12-14,2018-09-08,3,HEALTH2017-09657,False,,,,,,,,,Convenience/Gas,convenience store,independent,,medium
HEALTH2017-09662,Hamm's Custom Meats,307 W LOUISIANA ST,307 W LOUISIANA ST,,2019-02-12,2019-02-12,1,HEALTH2017-004332,False,,,,,,,,,Grocery/Market,meat market,independent,independent_specialty,high
HEALTH2017-09664,TEXANA GRILL,1222 N CENTRAL EXPY,1222 N CENTRAL EXPY,,2018-04-17,2020-01-15,7,HEALTH2017-09664,False,,,,,,,,,"American (sit-down, bars, venues)",Texas grill,independent,,medium
HEALTH2017-09665,ANTHOLOGY OF STONEBRIDGE RANCH,3300 S STONEBRIDGE DR,3300 S STONEBRIDGE DR,,2018-03-14,2023-09-07,18,HEALTH2017-09665,False,,,,,,,,,Institutional,senior living / nursing,national_regional,,high
HEALTH2017-09668,LAYERED,111 E VIRGINIA ST,111 E VIRGINIA ST,,2018-02-23,2025-01-07,22,HEALTH2017-09668,False,,,,,,,,,Unknown,cafe (cuisine unclear),independent,,low
HEALTH2017-09669,AVALON MEMORY CARE ,5401 MCKINNEY RANCH PKWY,5401 MCKINNEY RANCH PKWY,,2018-03-28,2024-02-01,19,HEALTH2017-09669,False,,,,,,,,,Institutional,senior living / nursing,local_multi,,low
HEALTH2017-09672,ELOTES DONA CARMEN,821 N MCDONALD ST,821 N MCDONALD ST,,2018-02-23,2018-09-19,3,HEALTH2017-09672,False,,,,,,,,,Mexican/Tex-Mex/Latin,elotes (Mexican street snacks),independent,,high
HEALTH2018-000033,DAIRY QUEEN,1835 W LOUISIANA ST,1835 W LOUISIANA ST,,2018-01-02,2024-07-10,23,HEALTH2018-000033,False,,,,,,,,,Fast Food,burgers / ice cream,national_regional,,high
HEALTH2018-000124,THE RANCH COUNTRY CLUB,5901 GLEN OAKS DR,5901 GLEN OAKS DR,,2017-10-24,2024-02-09,16,HEALTH2018-000124,False,,,,,,,,,"American (sit-down, bars, venues)",country club,independent,,high
HEALTH2018-000232,KIDS R KIDS,2910 ELDORADO PKWY,2910 ELDORADO PKWY,,2018-05-07,2019-05-01,5,HEALTH2018-000232,False,,,,,,,,,Institutional,school/daycare,national_regional,,high
HEALTH2018-000660,THE PANTRY RESTAURANT,214 E LOUISIANA ST,214 E LOUISIANA ST,,2018-01-04,2022-09-23,16,HEALTH2018-000660,False,,,,,,,,,"American (sit-down, bars, venues)",American comfort food,independent,,medium
HEALTH2018-000664,IMPERIAL GARDEN GRILL,4610 ELDORADO PKWY,4610 ELDORADO PKWY,,2017-11-03,2024-05-01,14,HEALTH2018-000664,False,,,,,,,,,Chinese,Chinese,independent,,low
HEALTH2018-000832,HUTCHINS BBQ & GRILL,1301 N TENNESSEE ST,1301 N TENNESSEE ST,,2017-12-18,2024-08-19,16,HEALTH2018-000832,False,,,,,,,,,"American (sit-down, bars, venues)",BBQ,local_multi,,high
HEALTH2018-000843,HOOTERS,1775 N CENTRAL EXPY,1775 N CENTRAL EXPY,,2017-11-27,2024-08-15,21,HEALTH2018-000843,False,,,,,,,,,"American (sit-down, bars, venues)",sports bar,national_regional,,high
HEALTH2018-001266,ELDORADO COUNTRY CLUB,2604 COUNTRY CLUB DR,2604 COUNTRY CLUB DR,,2018-02-01,2024-03-27,17,HEALTH2018-001266,False,,,,,,,,,"American (sit-down, bars, venues)",country club,independent,,high
HEALTH2018-001267,ELDORADO COUNTRY CLUB-SNACK BAR,2604 COUNTRY CLUB DR,2604 COUNTRY CLUB DR,,2018-04-03,2024-03-27,11,HEALTH2018-001267,False,,,,,,,,,Venue/Concession,country club pool snack bar,independent,,medium
HEALTH2018-001388,A & D BUFFALOS,1601 MCDONALD ST,1601 MCDONALD ST,,2017-10-19,2022-09-22,17,HEALTH2018-001388,False,,,,,,,,,"American (sit-down, bars, venues)",wings,independent,,medium
HEALTH2018-001563,WALGREENS #09908,1651 W UNIVERSITY DR,1651 W UNIVERSITY DR,,2017-12-01,2024-12-30,14,HEALTH2018-001563,False,,,,,,,,,Convenience/Gas,pharmacy,national_regional,,high
HEALTH2018-002070,SCOGGINS MIDDLE SCHOOL CONCESSION STAND,7070 STACY RD,7070 STACY RD,,2017-12-12,2026-04-13,16,HEALTH2018-002070,False,,,,,,,,,Institutional,school cafeteria/concession,local_multi,,high
HEALTH2018-002089,WALGREEN'S #11908,8996 STACY RD,8996 STACY RD,,2017-11-03,2024-08-21,14,HEALTH2018-002089,False,,,,,,,,,Convenience/Gas,pharmacy,national_regional,,high
HEALTH2018-002095,J.P. DONUT,1720 ELDORADO PKWY,1720 ELDORADO PKWY,,2017-11-09,2024-11-14,16,HEALTH2018-002095,False,,,,,,,,,Coffee/Cafe/Bakery/Dessert,donuts/bagels,independent,,high
HEALTH2018-002106,DURKIN'S PIZZA,8930 SH 121,8930 SH 121,,2017-12-04,2022-01-26,11,HEALTH2018-002106,False,,,,,,,,,Pizza/Italian,pizza,local_multi,,low
HEALTH2018-002109,SPRING CREEK BBQ,1993 N CENTRAL EXPY,1993 N CENTRAL EXPY,,2017-12-18,2024-06-10,16,HEALTH2018-002109,False,,,,,,,,,"American (sit-down, bars, venues)",BBQ,national_regional,,low
HEALTH2018-002120,PAPA MURPHY'S,6710 VIRGINIA PKWY,6710 VIRGINIA PKWY,,2017-12-19,2021-08-19,9,HEALTH2018-002120,False,,,,,,,,,Pizza/Italian,take-and-bake pizza,national_regional,,high
HEALTH2018-004272,EINSTEIN BROS BAGELS,7645 S CUSTER RD,7645 S CUSTER RD,,2017-12-21,2024-08-22,15,HEALTH2018-004272,False,,,,,,,,,Coffee/Cafe/Bakery/Dessert,bagels,national_regional,,high
HEALTH2018-004291,FIGARO ON THE RUN,4550 W UNIVERSITY DR,4550 W UNIVERSITY DR,,2017-11-17,2019-05-19,7,HEALTH2018-004291,True,,,,,,,,,Pizza/Italian,Italian (meatballs) food trailer,independent,,medium
HEALTH2018-005003,ICHIBAN ASIAN,210 CUSTER RD,210 CUSTER RD,,2017-10-23,2019-11-14,8,HEALTH2018-005003,False,,,,,,,,,Asian (unspecified),pan-Asian with sushi,independent,,medium
HEALTH2018-005715,MCKINNEY WINE MERCHANT,120 W VIRGINIA ST,120 W VIRGINIA ST,,2018-01-05,2018-06-28,2,HEALTH2018-005715,False,,,,,,,,,Other non-restaurant,wine/liquor,independent,,medium
HEALTH2018-006290,SUPER 1 FOODS #641,208 N CENTRAL EXPY,208 N CENTRAL EXPY,,2017-12-29,2019-06-17,7,HEALTH2018-006290,False,,,,,,,,,Grocery/Market,Super 1 Foods (Brookshire),national_regional,mainstream_supermarket,medium
HEALTH2018-006587,LATINOS CONCESSION & SNOWIE,4550 UNIVERSITY DR,4550 UNIVERSITY DR,,2017-11-17,2020-09-18,22,HEALTH2018-006587,True,,,,,,,,,Mexican/Tex-Mex/Latin,Latin food concession / snow cones,independent,,medium
HEALTH2018-007234,BELTERRA HEALTH & REHABILITATION,2170 LAKE FOREST DR,2170 LAKE FOREST DR,,2017-10-24,2018-04-17,3,HEALTH2018-007234,False,,,,,,,,,Institutional,senior living / nursing,unknown,,high
HEALTH2018-008396,CHRIST FELLOWSHIP CHURCH - CAFE,2801 ORCHID DR,2801 ORCHID DR,,2018-01-16,2024-08-22,18,HEALTH2018-008396,False,,,,,,,,,Institutional,church,independent,,medium
HEALTH2018-008802,KEETON RANCH FED BEEF,317 S CHESTNUT ST,317 S CHESTNUT ST,,2018-10-13,2023-05-06,7,HEALTH2018-008802,True,,,,,,,,,Other non-restaurant,ranch beef vendor with samples (farmers market),independent,,medium
HEALTH2018-008875,DUNKIN DONUTS,3201 ELDORADO PKWY,3201 ELDORADO PKWY,,2017-11-01,2024-05-30,16,HEALTH2018-008875,False,,,,,,,,,Coffee/Cafe/Bakery/Dessert,donuts/coffee,national_regional,,high
HEALTH2018-009024,DUNKIN DONUTS,116 S CUSTER RD,116 S CUSTER RD,,2017-11-02,2024-05-30,16,HEALTH2018-009024,False,,,,,,,,,Coffee/Cafe/Bakery/Dessert,donuts/coffee,national_regional,,high
HEALTH2018-09680,AROMA KITCHEN,410 N TENNESSEE ST,410 N TENNESSEE ST,,2018-01-04,2018-01-04,1,HEALTH2018-09680,False,,,,,,,,,Unknown,mobile food vendor,unknown,,low
HEALTH2018-09681,AUDI OF MCKINNEY ,6650 SH 121,6650 SH 121,,2018-01-16,2024-12-27,13,HEALTH2018-09681,False,,,,,,,,,Other non-restaurant,car dealership lounge,independent,,medium
HEALTH2018-09682,"Harvest Seasonal Kitchen 
Providing Champagne and Chocolate Covered Strawberries at MPAC Bridal Open House",111 N TENNESSEE ST,111 N TENNESSEE ST,,2018-01-20,2018-01-20,1,HEALTH2018-09682,True,,,,,,,,,Venue/Concession,bridal show booth (sampling),independent,,medium
HEALTH2018-09683,"Sterling Events and Catering 
Providing Deviled Eggs for Bridal Open House at MPAC",111 N TENNESSEE ST,111 N TENNESSEE ST,,2018-01-20,2018-01-20,1,HEALTH2018-09683,True,,,,,,,,,Venue/Concession,bridal show booth (sampling),independent,,medium
HEALTH2018-09684,"BRIDAL SHOW - RICKS CHOPHOUSE
Providing a Meat and Cheese Display at MPAC Bridal Open House",111 N TENNESSEE ST,111 N TENNESSEE ST,,2018-01-20,2018-01-20,1,HEALTH2018-09698,True,,,,,,,,,Venue/Concession,bridal show booth (sampling),independent,,medium
HEALTH2018-09685,B AND L FOOD 4U,4550 W UNIVERSITY DR,4550 W UNIVERSITY DR,,2018-01-12,2018-10-12,8,HEALTH2018-09685,True,,,,,,,,,Venue/Concession,Trade Days vendor (food not identified),independent,,low
HEALTH2018-09686,DANDY DONUTS,8901 VIRGINIA PKWY 450,8901 VIRGINIA PKWY,450,2018-02-13,2018-02-13,1,HEALTH2017-006065,False,,,,,,,,,Coffee/Cafe/Bakery/Dessert,donuts/bagels,independent,,high
HEALTH2018-09690,Bridal Show 1/20/18,111 N TENNESSEE ST,111 N TENNESSEE ST,,2018-01-20,2018-01-20,1,HEALTH2018-09690,True,,,,,,,,,Venue/Concession,bridal show event permit,independent,,low
HEALTH2018-09692,McKinney Bridal Show,2110 ELDORADO PKWY 104,2110 ELDORADO PKWY,104,2018-01-20,2018-01-20,1,HEALTH2018-09692,False,,,,,,,,,Venue/Concession,bridal show event permit,independent,,low
HEALTH2018-09693,PARKS COFFEE,800 N CENTRAL EXPY,800 N CENTRAL EXPY,,2018-02-13,2018-10-19,3,HEALTH2018-09693,False,,,,,,,,,Other non-restaurant,office coffee/vending service,local_multi,,medium
HEALTH2018-09694,Bridal Show,111 N TENNESSEE ST,111 N TENNESSEE ST,,2018-01-20,2018-01-20,1,HEALTH2018-09698,True,,,,,,,,,Venue/Concession,bridal show event permit,independent,,low
HEALTH2018-09695,Bridal Shower,111 N TENNESSEE ST,111 N TENNESSEE ST,,2018-01-20,2018-01-20,1,HEALTH2018-09695,True,,,,,,,,,Venue/Concession,bridal show event permit,independent,,low
HEALTH2018-09697,SUSHI 567,2901 S LAKE FOREST DR,2901 S LAKE FOREST DR,,2018-04-04,2019-10-24,6,HEALTH2018-09697,False,,,,,,,,,Grocery/Market,sushi counter inside Kroger #567,national_regional,mainstream_supermarket,medium
HEALTH2018-09698,BRIDAL SHOW ,111 N TENNESSEE ST,111 N TENNESSEE ST,,2018-01-20,2018-01-20,1,HEALTH2018-09698,True,,,,,,,,,Venue/Concession,bridal show event permit,independent,,low
HEALTH2018-09700,FUZZY'S TACO SHOP,8031 W UNIVERSITY DR,8031 W UNIVERSITY DR,,2018-03-09,2024-11-20,22,HEALTH2018-09700,False,,,,,,,,,Mexican/Tex-Mex/Latin,tacos (Tex-Mex),national_regional,,high
HEALTH2018-09702,EPJ DONUTS,7500 STACY RD,7500 STACY RD,,2018-10-02,2022-05-12,9,HEALTH2018-09702,False,,,,,,,,,Coffee/Cafe/Bakery/Dessert,donuts/bagels,independent,,high
HEALTH2018-09704,CIRCLE K #2741879,8001 W UNIVERSITY DR,8001 W UNIVERSITY DR,,2018-06-05,2024-08-19,13,HEALTH2018-09704,False,,,,,,,,,Convenience/Gas,convenience store / gas station,national_regional,,high
HEALTH2018-09711,LUCKY'S LAKE FOREST,4180 S LAKE FOREST DR 420,4180 S LAKE FOREST DR,420,2018-08-01,2024-09-05,14,HEALTH2018-09711,False,,,,,,,,,Other non-restaurant,vending machine only,independent,,medium
HEALTH2018-09721,OGI'S FOOD AND SERVIES,1651 ELDORADO PKWY 108,1651 ELDORADO PKWY,108,2018-03-05,2022-01-05,13,HEALTH2018-09721,False,,,,,,,,,Other cuisine,Eastern European bakery/deli,independent,,medium
HEALTH2018-09727,BELTERRA HEALTH AND REHAB,2170 N LAKE FOREST DR,2170 N LAKE FOREST DR,,2018-03-30,2021-09-21,10,HEALTH2018-09727,False,,,,,,,,,Institutional,senior living / nursing,unknown,,high
HEALTH2018-09728,DOMINO'S PIZZA,7500 STACY RD,7500 STACY RD,,2018-08-17,2024-08-14,14,HEALTH2018-09728,False,,,,,,,,,Pizza/Italian,pizza,national_regional,,high
HEALTH2018-09729,11/17,1910 N STONEBRIDGE DR,1910 N STONEBRIDGE DR,,2018-04-24,2023-11-09,15,HEALTH2018-09729,False,,,,,,,,,"American (sit-down, bars, venues)",bar & grill (comfort food),independent,,medium
HEALTH2018-09731,JAVITA WEIGHT LOSS COFFEE,4550 W UNIVERSITY DR,4550 W UNIVERSITY DR,,2018-04-13,2018-04-13,1,HEALTH2018-09731,True,,,,,,,,,Other non-restaurant,packaged weight-loss coffee vendor (Trade Days),independent,,medium
HEALTH2018-09745,THE IVY OF MCKINNEY - MEMORY CARE,3352 MEDICAL CENTER DR,3352 MEDICAL CENTER DR,,2018-10-01,2020-06-04,5,HEALTH2018-09745,False,,,,,,,,,Institutional,senior living / nursing,unknown,,high
HEALTH2018-09746,THE IVY OF MCKINNEY- SENIOR CENTER BLD 1,3392 MEDICAL CENTER DR,3392 MEDICAL CENTER DR,,2018-05-21,2019-09-27,5,HEALTH2018-09746,False,,,,,,,,,Institutional,senior living / nursing,unknown,,high
HEALTH2018-09748,YUMMI SUSHI KROGER,1707 W UNIVERSITY DR,1707 W UNIVERSITY DR,,2018-07-12,2023-11-09,11,HEALTH2018-09748,False,,,,,,,,,Grocery/Market,sushi counter inside Kroger #488,national_regional,mainstream_supermarket,medium
HEALTH2018-09763,EJ WILLS GASTROPUB,1910 N STONEBRIDGE DR,1910 N STONEBRIDGE DR,,2018-04-24,2023-11-15,18,HEALTH2018-09763,False,,,,,,,,,"American (sit-down, bars, venues)",gastropub,independent,,high
HEALTH2018-09770,MCKINNEY COFFEE CO.,1910 N STONEBRIDGE DR,1910 N STONEBRIDGE DR,,2018-04-24,2022-10-11,12,HEALTH2018-09770,False,,,,,,,,,Coffee/Cafe/Bakery/Dessert,coffee,independent,,high
HEALTH2018-09773,WHICH WICH,1933 N CENTRAL EXPY 500,1933 N CENTRAL EXPY,500,2018-07-27,2023-10-18,12,HEALTH2017-002009,False,,,,,,,,,Deli/Sandwich/Salad,sub sandwiches,national_regional,,high
HEALTH2018-09777,DONUT HOUSE,1800 S INDEPENDENCE PKWY 110,1800 S INDEPENDENCE PKWY,110,2018-07-06,2023-12-28,13,HEALTH2017-008191,False,,,,,,,,,Coffee/Cafe/Bakery/Dessert,donuts/bagels,independent,,high
HEALTH2018-09787,ESSENTIALZ - GROCERY,110 N TENNESSEE ST,110 N TENNESSEE ST,,2018-04-30,2018-12-28,4,HEALTH2018-09787,False,,,,,,,,,Grocery/Market,small grocery,independent,independent_specialty,low
HEALTH2018-09788,ESSENTIALZ - RESTAURANT,110 N TENNESSEE ST,110 N TENNESSEE ST,,2018-07-03,2018-12-28,3,HEALTH2018-09788,False,,,,,,,,,Grocery/Market,restaurant counter in small grocery,independent,independent_specialty,low
HEALTH2018-09790,"Subway 
7500 Stacy Rd #100,
McKinney, TX 75072",7500 STACY RD,7500 STACY RD,,2018-07-02,2023-11-20,11,HEALTH2018-09790,False,,,,,,,,,Deli/Sandwich/Salad,sub sandwiches,national_regional,,high
HEALTH2018-09793,CULVERS,4200 ELDORADO PKWY,4200 ELDORADO PKWY,,2018-06-14,2024-04-20,14,HEALTH2017-005217,False,,,,,,,,,Fast Food,burgers / frozen custard,national_regional,,high
HEALTH2018-09818,LEGENDS SENIOR LIVING,220 S CRUTCHER CROSSING,220 S CRUTCHER CROSSING,,2018-07-11,2024-02-09,16,HEALTH2018-09818,False,,,,,,,,,Institutional,senior living / nursing,national_regional,,high
HEALTH2018-09819,DILLAS QUESADILLAS,3510 W UNIVERSITY DR,3510 W UNIVERSITY DR,,2018-10-18,2024-11-01,19,HEALTH2018-09819,False,,,,,,,,,Mexican/Tex-Mex/Latin,quesadillas,local_multi,,high
HEALTH2018-09821,LILY OF THE VALLEY TEAS & HERBS,101 E HUNT ST,101 E HUNT ST,,2018-10-13,2018-10-13,1,HEALTH2018-09821,True,,,,,,,,,Other non-restaurant,packaged teas and herbs (farmers market),independent,,medium
HEALTH2018-09829,GOLDENROOT GINGERBEER,317 S CHESTNUT ST,317 S CHESTNUT ST,,2018-10-13,2023-05-06,7,HEALTH2018-09829,True,,,,,,,,,Other non-restaurant,ginger beer (farmers market),independent,,medium
HEALTH2018-09831,DANDY DONUTS,8901 VIRGINIA PKWY 450,8901 VIRGINIA PKWY,450,2018-06-27,2021-08-19,8,HEALTH2017-006065,False,,,,,,,,,Coffee/Cafe/Bakery/Dessert,donuts/bagels,independent,,high
HEALTH2018-09851,SOUTHERN COMFORT FOODS,4550 W UNIVERSITY DR,4550 W UNIVERSITY DR,,2018-06-15,2018-11-16,4,HEALTH2018-09851,True,,,,,,,,,"American (sit-down, bars, venues)",Southern comfort food (event vendor),independent,,low
HEALTH2018-09852,BENNY'S CAFE,5261 MCKINNEY RANCH PKWY 100,5261 MCKINNEY RANCH PKWY,100,2018-10-19,2018-12-27,2,HEALTH2018-09852,False,,,,,,,,,"American (sit-down, bars, venues)",breakfast/lunch cafe,independent,,medium
HEALTH2018-09854,FULL QUIVER FARMS,101 E HUNT ST,101 E HUNT ST,,2018-10-13,2018-10-13,1,HEALTH2018-09854,True,,,,,,,,,Other non-restaurant,farm vendor (farmers market),independent,,medium
HEALTH2018-09857,THE YARD,107 S CHURCH ST,107 S CHURCH ST,,2018-10-30,2024-02-15,14,HEALTH2018-09857,False,,,,,,,,,"American (sit-down, bars, venues)",bar and patio kitchen,independent,,medium
HEALTH2018-09858,THE YARD BAR,107 S CHURCH ST,107 S CHURCH ST,,2019-04-17,2024-02-15,13,HEALTH2018-09858,False,,,,,,,,,"American (sit-down, bars, venues)",bar,independent,,medium
HEALTH2018-09859,FOXIIS RESTAURANT AND GRILL,301 E VIRGINIA ST,301 E VIRGINIA ST,,2018-07-31,2024-06-25,15,HEALTH2018-09859,False,,,,,,,,,"American (sit-down, bars, venues)",restaurant & grill (Southern and Tex-Mex items),independent,,low
HEALTH2018-09866,BRIGHT LIGHT PRESCHOOL,2705 VIRGINIA PKWY,2705 VIRGINIA PKWY,,2018-08-28,2019-07-10,3,HEALTH2018-09866,False,,,,,,,,,Institutional,school/daycare,independent,,high
HEALTH2018-09893,MARBLE SLAB CREAMERY,8930 SH 121 STE 568,8930 SH 121,568,2018-07-17,2023-09-20,14,HEALTH2017-006193,False,,,,,,,,,Coffee/Cafe/Bakery/Dessert,ice cream,national_regional,,high
HEALTH2018-09899,WATTAGE COFFEE CO.,129 S TENNESSEE ST,129 S TENNESSEE ST,,2018-07-30,2021-04-14,7,HEALTH2018-09899,False,,,,,,,,,Coffee/Cafe/Bakery/Dessert,coffee,independent,,high
HEALTH2018-09903,BRUSTER'S REAL ICE CREAM,7650 STACY RD SUITE 210,7650 STACY RD,210,2018-05-21,2022-12-02,9,HEALTH2018-09903,False,,,,,,,,,Coffee/Cafe/Bakery/Dessert,ice cream,national_regional,,high
HEALTH2018-09914,WHICH WICH,8950 SH 121,8950 SH 121,,2018-08-01,2020-04-29,6,HEALTH2017-001808,False,,,,,,,,,Deli/Sandwich/Salad,sub sandwiches,national_regional,,high
HEALTH2018-09933,FIRO FIRE KISSED PIZZA,3520 W UNIVERSITY DR,3520 W UNIVERSITY DR,,2018-10-09,2022-08-08,12,HEALTH2018-09933,False,,,,,,,,,Pizza/Italian,pizza,national_regional,,high
HEALTH2018-09949,PIZZA HUT #034934,8408 STACY RD STE 150,8408 STACY RD,150,2018-08-01,2022-01-04,8,HEALTH2017-005077,False,,,,,,,,,Pizza/Italian,pizza,national_regional,,high
HEALTH2018-09951,PIZZA HUT #034935,1720 N CENTRAL EXPY,1720 N CENTRAL EXPY,,2018-08-01,2021-11-02,8,HEALTH2017-005407,False,,,,,,,,,Pizza/Italian,pizza,national_regional,,high
HEALTH2018-09954,CHILDREN'S LIGHTHOUSE,7900 STACY RD,7900 STACY RD,,2018-07-17,2024-03-25,18,HEALTH2018-09954,False,,,,,,,,,Institutional,school/daycare,national_regional,,high
HEALTH2018-09965,TAI SUSHI HOUSE,8408 STACY RD STE 100,8408 STACY RD,100,2018-08-01,2024-02-14,14,HEALTH2017-007861,False,,,,,,,,,Japanese,sushi,independent,,high
HEALTH2018-09966,DOMINO'S PIZZA,8901 VIRGINIA PKWY STE 300,8901 VIRGINIA PKWY,300,2018-08-23,2024-11-19,14,HEALTH2017-001447,False,,,,,,,,,Pizza/Italian,pizza,national_regional,,high
HEALTH2018-09969,GRAND BROOK MEMORY CARE,175 PLATEAU DR,175 PLATEAU DR,,2018-07-17,2024-02-06,18,HEALTH2017-006609,False,,,,,,,,,Institutional,senior living / nursing,local_multi,,low
HEALTH2018-09971,SOL'S TEX MEX,119 W VIRGINIA ST,119 W VIRGINIA ST,,2018-08-08,2019-02-12,3,HEALTH2018-09971,False,,,,,,,,,Mexican/Tex-Mex/Latin,Tex-Mex,independent,,high
HEALTH2018-09974,COSTCO #1284 GROCERY,3650 W UNIVERSITY DR,3650 W UNIVERSITY DR,,2018-10-16,2024-03-12,13,HEALTH2018-09974,False,,,,,,,,,Grocery/Market,Costco - grocery,national_regional,mainstream_supermarket,high
HEALTH2018-09975,COSTCO #1284 FOOD COURT,3650 W UNIVERSITY DR,3650 W UNIVERSITY DR,,2018-10-16,2024-03-12,13,HEALTH2018-09975,False,,,,,,,,,Grocery/Market,Costco - food court,national_regional,mainstream_supermarket,high
HEALTH2018-09976,COSTCO #1284 MEAT/DELI,3650 W UNIVERSITY DR,3650 W UNIVERSITY DR,,2018-10-16,2024-03-12,13,HEALTH2018-09976,False,,,,,,,,,Grocery/Market,Costco - deli,national_regional,mainstream_supermarket,high
HEALTH2018-09977,COSTCO BAKERY,3650 W UNIVERSITY DR,3650 W UNIVERSITY DR,,2018-10-16,2024-03-12,13,HEALTH2018-09977,False,,,,,,,,,Grocery/Market,Costco - bakery,national_regional,mainstream_supermarket,high
HEALTH2018-09980,SD Donuts,6000 MCKINNEY RANCH PKWY,6000 MCKINNEY RANCH PKWY,,2018-08-23,2024-03-01,13,HEALTH2018-09980,False,,,,,,,,,Coffee/Cafe/Bakery/Dessert,donuts/bagels,independent,,high
HEALTH2018-09985,UMAI SUSHI,470 ADRIATIC PKWY,470 ADRIATIC PKWY,,2018-08-23,2022-08-12,9,HEALTH2018-09985,False,,,,,,,,,Japanese,sushi,independent,,high
HEALTH2018-09992,Salsa Booth,4550 W UNIVERSITY DR,4550 W UNIVERSITY DR,,2018-06-15,2019-06-15,2,HEALTH2018-09992,True,,,,,,,,,Mexican/Tex-Mex/Latin,salsa and Mexican snacks (event vendor),independent,,medium
HEALTH2018-09995,SHIPLEY DONUT DONUT,5000 COLLIN MCKINNEY PKWY,5000 COLLIN MCKINNEY PKWY,,2018-10-15,2018-12-27,2,HEALTH2018-09995,False,,,,,,,,,Coffee/Cafe/Bakery/Dessert,donuts,national_regional,,high
HEALTH2018-10002,HONEY ROASTED POPCORN,4550 W UNIVERSITY DR,4550 W UNIVERSITY DR,,2018-11-17,2021-06-19,11,HEALTH2018-10002,True,,,,,,,,,Venue/Concession,honey roasted nuts/popcorn,independent,,medium
HEALTH2018-10005,MR BOBA TEA CAFE ,7502 ELDORADO PKWY,7502 ELDORADO PKWY,,2018-10-22,2023-02-08,10,HEALTH2018-10005,False,,,,,,,,,Coffee/Cafe/Bakery/Dessert,boba tea,independent,,high
HEALTH2018-10010,THE ACADEMY AT CRAIG RANCH,6101 STACY RD,6101 STACY RD,,2018-08-23,2024-02-08,13,HEALTH2018-10010,False,,,,,,,,,Institutional,school/daycare,independent,,high
HEALTH2018-10011,HONI'S COFFEE HOUSE,6101 STACY RD,6101 STACY RD,,2018-08-23,2024-02-08,12,HEALTH2018-10011,False,,,,,,,,,Coffee/Cafe/Bakery/Dessert,coffee,independent,,medium
HEALTH2018-10042,"RYE
New Ownership",111 W VIRGINIA ST,111 W VIRGINIA ST,,2018-10-24,2022-05-11,12,HEALTH2016-007891,False,,,,,,,,,"American (sit-down, bars, venues)","New American, farm-to-table",independent,,medium
HEALTH2018-10052,NEIGHBORHOOD NOSH,4100 S RIDGE RD,4100 S RIDGE RD,,2019-01-09,2019-10-09,3,HEALTH2018-10052,False,,,,,,,,,Deli/Sandwich/Salad,sandwiches,independent,,medium
HEALTH2018-10057,RODRIGUEZ GROCERY,902 GREENVILLE RD,902 GREENVILLE RD,,2019-06-27,2021-07-06,5,HEALTH2018-10057,False,,,,,,,,,Grocery/Market,independent grocery,independent,independent_specialty,medium
HEALTH2018-10058,STONEBRANCH MICROFARM,315 S CHESTNUT ST,315 S CHESTNUT ST,,2018-10-13,2022-11-12,3,HEALTH2018-10058,True,,,,,,,,,Other non-restaurant,microgreens vendor (farmers market),independent,,medium
HEALTH2018-10060,PANERA BREAD,3755 W UNIVERSITY DR,3755 W UNIVERSITY DR,,2019-04-05,2025-01-14,12,HEALTH2018-10060,False,,,,,,,,,Deli/Sandwich/Salad,sandwiches/salads,national_regional,,high
HEALTH2018-10069,DRIP N ROLL,1681 N CENTRAL EXPY #700,1681 N CENTRAL EXPY,700,2018-12-27,2024-08-02,11,HEALTH2018-10069,False,,,,,,,,,Coffee/Cafe/Bakery/Dessert,rolled ice cream / coffee,independent,,medium
HEALTH2018-10073,MOD PIZZA,3009 S CUSTER RD 100,3009 S CUSTER RD,100,2018-10-23,2024-06-18,12,HEALTH2018-10073,False,,,,,,,,,Pizza/Italian,pizza,national_regional,,high
HEALTH2018-10079,SMOOTHIE KING,3520 W UNIVERSITY DR,3520 W UNIVERSITY DR,,2019-03-04,2022-01-19,5,HEALTH2018-10079,False,,,,,,,,,Coffee/Cafe/Bakery/Dessert,smoothies/juice,national_regional,,high
HEALTH2018-10080,NEW YORK PIZZA AND PINTS II,4900 ELDORADO PKWY STE 140,4900 ELDORADO PKWY,140,2018-11-07,2025-02-04,20,HEALTH2018-10080,False,,,,,,,,,Pizza/Italian,pizza,local_multi,,low
HEALTH2018-10082,MCDONLD'S,240 ELDORADO PKWY,240 ELDORADO PKWY,,2018-10-24,2019-01-04,2,HEALTH2018-10082,False,,,,,,,,,Fast Food,burgers,national_regional,,high
HEALTH2018-10098,LOCAL YOCAL BBQ AND GRILL,350 E LOUISIANA ST,350 E LOUISIANA ST,,2018-11-29,2024-08-27,16,HEALTH2018-10098,False,,,,,,,,,"American (sit-down, bars, venues)",BBQ,independent,,medium
HEALTH2018-10101,DOLLAR TREE,5151 MCKINNEY RANCH PKWY,5151 MCKINNEY RANCH PKWY,,2018-11-07,2024-07-31,13,HEALTH2018-10101,False,,,,,,,,,Convenience/Gas,dollar/discount store,national_regional,,high
HEALTH2018-10103,BAKER ELEMENTARY SCHOOL,3125 BLUEWOOD DR,3125 BLUEWOOD DR,,2018-09-28,2026-04-09,16,HEALTH2017-001791,False,,,,,,,,,Institutional,school cafeteria/concession,local_multi,,high
HEALTH2018-10104,HUGHES ELEMENTARY SCHOOL,1551 PRESTWICK HOLLOW DR,1551 PRESTWICK HOLLOW DR,,2018-09-27,2026-03-11,16,HEALTH2017-008474,False,,,,,,,,,Institutional,school cafeteria/concession,local_multi,,high
HEALTH2018-10131,ECONO LODGE INN AND SUITES,951 S CENTRAL EXPY,951 S CENTRAL EXPY,,2018-10-30,2024-04-05,13,HEALTH2018-10131,False,,,,,,,,,Hotel/Caterer/Commissary,hotel,national_regional,,high
HEALTH2018-10132,THE GRIND BURGER BAR,7500 STACY RD,7500 STACY RD,,2018-11-12,2023-03-07,10,HEALTH2018-10132,False,,,,,,,,,"American (sit-down, bars, venues)",burgers,independent,,medium
HEALTH2018-10134,MOONEYHAM ELEMENTARY,2301 EDEN DR,2301 EDEN DR,,2018-09-27,2026-02-26,16,HEALTH2017-001749,False,,,,,,,,,Institutional,school cafeteria/concession,local_multi,,high
HEALTH2018-10135,SCOTT ELEMENTARY,10550 MILLBEND DR,10550 MILLBEND DR,,2018-09-25,2026-02-20,16,HEALTH2017-006975,False,,,,,,,,,Institutional,school cafeteria/concession,local_multi,,high
HEALTH2018-10136,OGLE ELEMENTARY,4200 BIG FORK TRL,4200 BIG FORK TRL,,2018-09-25,2026-04-07,16,HEALTH2017-001512,False,,,,,,,,,Institutional,school cafeteria/concession,local_multi,,high
HEALTH2018-10137,SONNTAGE ELEMENTARY,2001 REAGAN DR,2001 REAGAN DR,,2018-09-25,2026-02-20,16,HEALTH2018-10137,False,,,,,,,,,Institutional,school cafeteria/concession,local_multi,,high
HEALTH2018-10138,COMSTOCK ELEMENTARY,7152 SILVERADO TRL,7152 SILVERADO TRL,,2018-09-25,2026-02-20,16,HEALTH2017-005415,False,,,,,,,,,Institutional,school cafeteria/concession,local_multi,,high
HEALTH2018-10139,ELLIOTT ELEMENTARY,3721 HUDSON CROSSING,3721 HUDSON CROSSING,,2018-09-24,2026-02-19,16,HEALTH2017-002052,False,,,,,,,,,Institutional,school cafeteria/concession,local_multi,,high
HEALTH2018-10140,SCOGGINS MIDDLE SCHOOL,7070 STACY RD,7070 STACY RD,,2018-09-27,2026-04-13,16,HEALTH2017-002051,False,,,,,,,,,Institutional,school cafeteria/concession,local_multi,,high
HEALTH2018-10142,PATEL BROTHERS,8720 SH 121 STE 112,8720 SH 121,112,2018-12-10,2024-09-10,13,HEALTH2018-10142,False,,,,,,,,,Grocery/Market,Indian grocery,national_regional,independent_specialty,high
HEALTH2018-10143,PATEL BROTHERS supermarket,8720 SH 121 STE 112,8720 SH 121,112,2018-12-10,2024-09-10,13,HEALTH2018-10143,False,,,,,,,,,Grocery/Market,Indian grocery,national_regional,independent_specialty,high
HEALTH2018-10144,JAMBA JUICE,1658 W UNIVERSITY DR,1658 W UNIVERSITY DR,,2018-10-23,2019-03-06,2,HEALTH2018-10144,False,,,,,,,,,Coffee/Cafe/Bakery/Dessert,smoothies/juice,national_regional,,high
HEALTH2018-10146,PREMIER GRILLING,2050 W UNIVERSITY DR,2050 W UNIVERSITY DR,,2018-10-16,2022-07-18,8,HEALTH2018-10146,False,,,,,,,,,Other non-restaurant,grill retailer (samples),independent,,low
HEALTH2018-10147,WINKLE CONCESSIONS,4550 W UNIVERSITY DR,4550 W UNIVERSITY DR,,2018-08-17,2018-11-16,3,HEALTH2018-10147,True,,,,,,,,,Venue/Concession,event concession,independent,,medium
HEALTH2018-10151,MCKINNEY ISD STADIUM COMMUNITY EVENT CENTER,4201 S HARDIN BLVD,4201 S HARDIN BLVD,,2018-11-27,2026-04-06,14,HEALTH2018-10151,False,schools_daycares,MISD,Issued,Biannual Inspections,0,NC,0.0,4.0,Institutional,school cafeteria/concession,local_multi,,high
HEALTH2018-10152,MCKINNEY ISD STADIUM VISITOR CONCESSION,4201 S HARDIN BLVD,4201 S HARDIN BLVD,,2018-11-27,2026-04-06,14,HEALTH2018-10152,False,schools_daycares,MISD,Issued,Biannual Inspections,0,NC,0.0,4.0,Institutional,school cafeteria/concession,local_multi,,high
HEALTH2018-10153,MCKINNEY ISD STADIUM HOME CONCESSION,4201 S HARDIN BLVD,4201 S HARDIN BLVD,,2018-11-27,2026-04-06,14,HEALTH2018-10153,False,schools_daycares,MISD,Issued,Biannual Inspections,0,NC,0.0,4.0,Institutional,school cafeteria/concession,local_multi,,high
HEALTH2018-10160,Palio's Pizza Cafe,7200 W UNIVERSITY DR,7200 W UNIVERSITY DR,,2018-11-14,2023-12-11,12,HEALTH2018-10160,False,,,,,,,,,Pizza/Italian,pizza,national_regional,,high
HEALTH2018-10162,GENGHIS GRILL,1920 ELDORADO PKWY,1920 ELDORADO PKWY,,2018-11-09,2024-10-15,19,HEALTH2017-001520,False,,,,,,,,,Asian (unspecified),Mongolian stir-fry,national_regional,,high
HEALTH2018-10172,PEPE'S TACOS Y MAS,3350 VIRGINIA PKWY,3350 VIRGINIA PKWY,,2018-11-15,2019-10-28,3,HEALTH2018-10172,False,,,,,,,,,Mexican/Tex-Mex/Latin,tacos,independent,,high
HEALTH2018-10173,LITTLE GEMS MONTESSORI,1721 COMMUNITY AVE,1721 COMMUNITY AVE,,2018-12-19,2025-01-22,18,HEALTH2018-10173,False,,,,,,,,,Institutional,school/daycare,independent,,high
HEALTH2018-10184,SPANISH SCHOOLHOUSE MCKINNEY,2421 VIRGINIA PKWY,2421 VIRGINIA PKWY,,2018-11-09,2024-07-22,12,HEALTH2017-003080,False,,,,,,,,,Institutional,school/daycare,national_regional,,high
HEALTH2018-10195,DOMINO'S PIZZA #6806,1717 W UNIVERSITY DR 417,1717 W UNIVERSITY DR,417,2018-10-16,2024-10-30,18,HEALTH2017-008265,False,,,,,,,,,Pizza/Italian,pizza,national_regional,,high
HEALTH2018-10196,CHILDCARE NETWORK #265,4095 ELDORADO PKWY,4095 ELDORADO PKWY,,2018-09-24,2024-04-26,16,HEALTH2017-007707,False,,,,,,,,,Institutional,school/daycare,national_regional,,high
HEALTH2018-10205,Z's Good Vibes Juice Bar,301 N CUSTER RD STE 100,301 N CUSTER RD,100,2018-11-06,2024-11-18,16,HEALTH2018-10205,False,,,,,,,,,Coffee/Cafe/Bakery/Dessert,juice bar,independent,,high
HEALTH2018-10215,LINDSEY ELEMENTARY,5730 WILFORD DR,5730 WILFORD DR,,2018-09-28,2026-03-10,16,HEALTH2016-006300,False,,,,,,,,,Institutional,school cafeteria/concession,local_multi,,high
HEALTH2018-10270,MCKINNEY COPPER KITCHEN,3105 N MCDONALD ST 400,3105 N MCDONALD ST,400,2018-12-04,2024-04-05,9,HEALTH2017-008635,False,,,,,,,,,Hotel/Caterer/Commissary,shared commercial kitchen,independent,,low
HEALTH2018-10271,KING KORN,4550 W UNIVERSITY DR,4550 W UNIVERSITY DR,,2018-10-12,2019-09-14,6,HEALTH2018-10271,True,,,,,,,,,Venue/Concession,roasted corn,independent,,medium
HEALTH2018-10274,SWEET THANG CONCESSIONS,4550 W UNIVERSITY DR,4550 W UNIVERSITY DR,,2018-10-12,2019-11-15,7,HEALTH2018-10274,True,,,,,,,,,Venue/Concession,lemonade concession,independent,,medium
HEALTH2018-10285,KROGER #567 STARBUCKS,2901 S LAKE FOREST DR,2901 S LAKE FOREST DR,,2018-11-06,2024-04-25,14,HEALTH2018-10285,False,,,,,,,,,Grocery/Market,Starbucks/coffee counter inside Kroger #567,national_regional,mainstream_supermarket,medium
HEALTH2018-10286,KWIK STOP ,1009 S MCDONALD ST,1009 S MCDONALD ST,,2019-04-12,2021-10-19,5,HEALTH2018-10286,False,,,,,,,,,Convenience/Gas,convenience store / gas station,independent,,medium
HEALTH2018-10292,HYDEOUT CAFE,1751 ELDORADO PKWY 300,1751 ELDORADO PKWY,300,2018-12-11,2024-08-20,17,HEALTH2018-10292,False,,,,,,,,,"American (sit-down, bars, venues)",cafe,independent,,low
HEALTH2018-10310,ELOTES LOCOS,821 N MCDONALD ST,821 N MCDONALD ST,,2018-11-27,2024-08-05,15,HEALTH2018-10310,False,,,,,,,,,Mexican/Tex-Mex/Latin,elotes (Mexican street snacks),independent,,high
HEALTH2018-10325,MCKINNEY WINE MERCHANT,120 W VIRGINIA ST,120 W VIRGINIA ST,,2018-12-28,2019-12-19,3,HEALTH2018-005715,False,,,,,,,,,Other non-restaurant,wine/liquor,independent,,medium
HEALTH2018-10327,MARCO'S PIZZA,4100 S RIDGE RD,4100 S RIDGE RD,,2018-12-18,2023-09-08,13,HEALTH2018-10327,False,,,,,,,,,Pizza/Italian,pizza,national_regional,,high
HEALTH2018-10341,TACO BELL #35433,404 N CENTRAL EXPY,404 N CENTRAL EXPY,,2020-01-07,2024-08-28,8,HEALTH2017-002770,False,,,,,,,,,Fast Food,Taco Bell,national_regional,,high
HEALTH2018-10342,TACO BELL #35445,320 N CUSTER RD,320 N CUSTER RD,,2019-04-25,2024-10-29,11,HEALTH2017-004401,False,,,,,,,,,Fast Food,Taco Bell,national_regional,,high
HEALTH2018-10345,MOM AND POPCORN,215 E LOUISIANA ST,215 E LOUISIANA ST,,2019-01-11,2024-07-08,13,HEALTH2017-09592,False,,,,,,,,,Coffee/Cafe/Bakery/Dessert,gourmet popcorn shop,independent,,medium
HEALTH2018-10348,THE GODDARD SCHOOL,3952 S RIDGE RD,3952 S RIDGE RD,,2018-11-08,2023-07-20,10,HEALTH2017-007830,False,,,,,,,,,Institutional,school/daycare,national_regional,,high
HEALTH2018-10350,GRAPEVINE OLIVE OIL,214 N KENTUCKY ST A,214 N KENTUCKY ST,A,2018-12-18,2018-12-18,1,HEALTH2018-10350,False,,,,,,,,,Other non-restaurant,olive oil retail,local_multi,,low
HEALTH2018-10353,QUALITY- INN-MCKINNEY,1300 N CENTRAL EXPY,1300 N CENTRAL EXPY,,2019-06-21,2021-01-08,4,HEALTH2018-10353,False,,,,,,,,,Hotel/Caterer/Commissary,hotel,national_regional,,high
HEALTH2018-10376,"DONUT PALACE
Name : Shin's Donut palace
moving into existing space",5100 ELDORADO PKWY 109,5100 ELDORADO PKWY,109,2018-12-27,2019-09-24,3,HEALTH2017-001185,False,,,,,,,,,Coffee/Cafe/Bakery/Dessert,donuts/bagels,unknown,,low
HEALTH2018-10377,BENNETT CONCESSIONS,4550 W UNIVERSITY DR,4550 W UNIVERSITY DR,,2018-11-16,2019-01-18,2,HEALTH2018-10377,True,,,,,,,,,Venue/Concession,event concession,independent,,medium
HEALTH2018-10379,SW SUSHIHOUSE,1801 N LAKE FOREST DR,1801 N LAKE FOREST DR,,2019-04-11,2021-11-30,6,HEALTH2018-10379,False,,,,,,,,,Grocery/Market,sushi counter inside Kroger #565,national_regional,mainstream_supermarket,medium
HEALTH2018-10382,MCDONALDS,402 N CENTRAL EXPY,402 N CENTRAL EXPY,,2019-06-17,2024-09-26,11,HEALTH2017-003583,False,,,,,,,,,Fast Food,burgers,national_regional,,high
HEALTH2018-10385,UNCORK'D WINE BAR & GRILL,301 N CUSTER RD STE 180,301 N CUSTER RD,180,2019-02-12,2024-08-13,13,HEALTH2018-10385,False,,,,,,,,,"American (sit-down, bars, venues)",wine bar & grill,independent,,medium
HEALTH2018-10386,ADVENTURE KIDS PLAYCARE,2950 CRAIG DR 100,2950 CRAIG DR,100,2019-02-18,2024-08-22,12,HEALTH2017-007852,False,,,,,,,,,Institutional,school/daycare,local_multi,,low
HEALTH2018-10388,NU-LIFE NUTRITION,1330 N MCDONALD ST 109,1330 N MCDONALD ST,109,2018-12-21,2022-06-27,7,HEALTH2018-10388,False,,,,,,,,,Coffee/Cafe/Bakery/Dessert,nutrition shakes,independent,,medium
HEALTH2018-10389,Spice and Tea Merchants of Mckinney,110 S TENNESSEE ST,110 S TENNESSEE ST,,2018-12-19,2024-10-01,11,HEALTH2018-10389,False,,,,,,,,,Other non-restaurant,packaged spices and teas,national_regional,,medium
HEALTH2018-10393,SONIC DRIVE IN,7221 S CUSTER RD,7221 S CUSTER RD,,2018-12-27,2022-04-25,11,HEALTH2017-004820,False,,,,,,,,,Fast Food,burgers/drive-in,national_regional,,high
HEALTH2018-10398,7-ELEVEN #38108,8400 SH 121,8400 SH 121,,2019-04-08,2024-06-04,11,HEALTH2018-10398,False,,,,,,,,,Convenience/Gas,convenience store / gas station,national_regional,,high
HEALTH2018-10399,MEALS ON WHEELS,600 N TENNESSEE ST,600 N TENNESSEE ST,,2018-12-18,2024-02-22,12,HEALTH2018-10399,False,,,,,,,,,Institutional,nonprofit social services,independent,,high
HEALTH2018-10400,FIVE GUYS,3530 W UNIVERSITY DR 400,3530 W UNIVERSITY DR,400,2018-12-20,2020-07-29,5,HEALTH2018-10400,False,,,,,,,,,Fast Food,burgers,national_regional,,high
HEALTH2018-10402,THE PREP SCHOOL,5317 W UNIVERSITY DR,5317 W UNIVERSITY DR,,2019-01-10,2024-06-05,11,HEALTH2018-10402,False,,,,,,,,,Institutional,school/daycare,independent,,high
HEALTH2018-10403,URBAN AIR ADVENTURE PARK,3150 S HARDIN BLVD,3150 S HARDIN BLVD,,2019-11-08,2022-03-21,6,HEALTH2018-10403,False,,,,,,,,,Venue/Concession,trampoline park,national_regional,,high
HEALTH2018-10406,DONUT KITCHEN,205 W LOUISIANA ST 102,205 W LOUISIANA ST,102,2019-02-13,2020-02-26,4,HEALTH2018-10406,False,,,,,,,,,Coffee/Cafe/Bakery/Dessert,donuts/bagels,independent,,high
HEALTH2018-10409,SAMARITAN INN,1514 N MCDONALD ST,1514 N MCDONALD ST,,2019-04-03,2023-10-26,9,HEALTH2018-10409,False,,,,,,,,,Institutional,nonprofit social services,independent,,high
HEALTH2018-10410,MS. PENNY'S KITCHEN,2612 GABRIEL DR,2612 GABRIEL DR,,2020-09-19,2022-04-30,3,HEALTH2018-10410,False,,,,,,,,,Venue/Concession,market food vendor (food not identified),independent,,low
HEALTH2018-10411,EXOTIC BLENDZ BUBBLE TEA CO. ,3540 W UNIVERSITY DR 300,3540 W UNIVERSITY DR,300,2019-11-04,2024-05-30,14,HEALTH2018-10411,False,,,,,,,,,Coffee/Cafe/Bakery/Dessert,boba tea,independent,,high
HEALTH2018-10412,WONDERLAND MONTESSORI ACADEDMY,3132 HUDSON CROSSING,3132 HUDSON CROSSING,,2019-10-03,2024-06-28,13,HEALTH2018-10412,False,,,,,,,,,Institutional,school/daycare,independent,,high
HEALTH2018-10414,DUINO COFFEE,7650 STACY RD 200,7650 STACY RD,200,2019-02-25,2024-09-12,11,HEALTH2018-10414,False,,,,,,,,,Coffee/Cafe/Bakery/Dessert,coffee,independent,,high
HEALTH2018-10416,Arbys #8608,211 N CUSTER RD,211 N CUSTER RD,,2019-10-24,2024-06-12,15,HEALTH2018-10416,False,,,,,,,,,Fast Food,roast beef sandwiches,national_regional,,high
HEALTH2018-10417,SANTORINI GRILL,7810 ELDORADO PKWY 280,7810 ELDORADO PKWY,280,2019-04-11,2024-02-05,11,HEALTH2018-10417,False,,,,,,,,,Mediterranean/Middle Eastern,Greek,independent,,medium
HEALTH2018-10420,KROGER #565 /  GROCERY,1801 N LAKE FOREST DR,1801 N LAKE FOREST DR,,2019-04-11,2023-05-11,9,HEALTH2018-10420,False,,,,,,,,,Grocery/Market,Kroger - grocery,national_regional,mainstream_supermarket,high
HEALTH2018-10426,TPC @ CRAIG RANCH GRILL,8000 COLLIN MCKINNEY PKWY,8000 COLLIN MCKINNEY PKWY,,2019-07-19,2024-08-22,12,HEALTH2017-001197,False,,,,,,,,,"American (sit-down, bars, venues)",country club,national_regional,,high
HEALTH2018-10427,TPC @ CRAIG RANCH,8000 COLLIN MCKINNEY PKWY,8000 COLLIN MCKINNEY PKWY,,2019-07-19,2024-08-22,13,HEALTH2017-001196,False,,,,,,,,,"American (sit-down, bars, venues)",country club,national_regional,,high
HEALTH2019-00002,STARBUCKS,1801 N LAKE FOREST DR,1801 N LAKE FOREST DR,,2019-04-11,2023-05-11,10,HEALTH2019-00002,False,,,,,,,,,Grocery/Market,Starbucks/coffee counter inside Kroger #565,national_regional,mainstream_supermarket,medium
HEALTH2019-00003,KROGER #565/ MEAT&SEAFOOD,1801 N LAKE FOREST DR,1801 N LAKE FOREST DR,,2019-04-11,2023-05-11,10,HEALTH2019-00003,False,,,,,,,,,Grocery/Market,Kroger - meat,national_regional,mainstream_supermarket,high
HEALTH2019-00004,KROGER #565 / BAKERY,1801 N LAKE FOREST DR,1801 N LAKE FOREST DR,,2019-04-11,2023-05-11,10,HEALTH2019-00004,False,,,,,,,,,Grocery/Market,Kroger - bakery,national_regional,mainstream_supermarket,high
HEALTH2019-00005,KROGER #565 / PRODUCE,1801 N LAKE FOREST DR,1801 N LAKE FOREST DR,,2019-04-11,2023-05-11,10,HEALTH2019-00005,False,,,,,,,,,Grocery/Market,Kroger - produce,national_regional,mainstream_supermarket,high
HEALTH2019-00006,KROGER / DELI ,1801 N LAKE FOREST DR,1801 N LAKE FOREST DR,,2019-04-11,2023-12-14,11,HEALTH2019-00006,False,,,,,,,,,Grocery/Market,Kroger - deli,national_regional,mainstream_supermarket,high
HEALTH2019-00007,Benny's Cafe,5261 MCKINNEY RANCH PKWY 100,5261 MCKINNEY RANCH PKWY,100,2019-07-17,2023-12-12,13,HEALTH2018-09852,False,,,,,,,,,"American (sit-down, bars, venues)",breakfast/lunch cafe,independent,,medium
HEALTH2019-00013,JOSE'S HAMM'S,307 W LOUISIANA ST,307 W LOUISIANA ST,,2019-05-29,2021-02-10,6,HEALTH2019-00013,False,,,,,,,,,Grocery/Market,meat market,independent,independent_specialty,high
HEALTH2019-00016,FIREHOUSE SUBS,2890 CRAIG DR 100,2890 CRAIG DR,100,2019-04-02,2024-11-14,17,HEALTH2017-008378,False,,,,,,,,,Deli/Sandwich/Salad,sub sandwiches,national_regional,,high
HEALTH2019-00021,PRIMROSE SCHOOL OF ELDORADO,3999 ELDORADO PKWY,3999 ELDORADO PKWY,,2019-06-05,2024-02-28,14,HEALTH2017-001087,False,,,,,,,,,Institutional,school/daycare,national_regional,,high
HEALTH2019-00031,Tropical Smoothie Café ,3805 W UNIVERSITY DR 300,3805 W UNIVERSITY DR,300,2019-03-22,2023-10-27,14,HEALTH2019-00031,False,,,,,,,,,Coffee/Cafe/Bakery/Dessert,smoothies/juice,national_regional,,high
HEALTH2019-00032,Remains To Be Seen,4550 W UNIVERSITY DR,4550 W UNIVERSITY DR,,2019-02-15,2021-10-15,13,HEALTH2019-00032,True,,,,,,,,,Venue/Concession,Trade Days vendor (only pickles noted),independent,,low
HEALTH2019-00034,COSTCO / BREAK ROOM ,3650 W UNIVERSITY DR,3650 W UNIVERSITY DR,,2019-04-18,2024-03-12,11,HEALTH2019-00034,False,,,,,,,,,Other non-restaurant,employee micro market,national_regional,,medium
HEALTH2019-00036,ENCORE WIRE / BREAK ROOM,1410 MILLWOOD RD,1410 MILLWOOD RD,,2019-12-03,2023-12-14,7,HEALTH2019-00036,False,,,,,,,,,Other non-restaurant,micro market (employer break room),unknown,,high
HEALTH2019-00041,SONIC DRIVE IN #3834,2950 ELDORADO PKWY,2950 ELDORADO PKWY,,2019-05-01,2023-06-28,10,HEALTH2017-000013,False,,,,,,,,,Fast Food,burgers/drive-in,national_regional,,high
HEALTH2019-00044,Honeylu's Coffee,7910 COLLIN MCKINNEY PKWY,7910 COLLIN MCKINNEY PKWY,,2019-07-12,2021-07-01,6,HEALTH2019-00044,False,,,,,,,,,Coffee/Cafe/Bakery/Dessert,gym cafe,independent,,medium
HEALTH2019-00046,Salata Quick Casual Salad Bar,3540 W UNIVERSITY DR 400,3540 W UNIVERSITY DR,400,2019-06-24,2023-10-26,14,HEALTH2019-00046,False,,,,,,,,,Deli/Sandwich/Salad,salads,national_regional,,high
HEALTH2019-00048,BBQ Kitchen Trailer,4550 W UNIVERSITY DR,4550 W UNIVERSITY DR,,2019-02-15,2021-10-15,13,HEALTH2019-00048,True,,,,,,,,,"American (sit-down, bars, venues)",BBQ trailer,independent,,medium
HEALTH2019-00049,PETRA MEXICAN BISTRO,7200 W UNIVERSITY DR STE 100,7200 W UNIVERSITY DR,100,2019-03-12,2024-03-26,16,HEALTH2019-00049,False,,,,,,,,,Mexican/Tex-Mex/Latin,Mexican,independent,,low
HEALTH2019-00051,MS. PENNY'S KITCHEN,4550 W UNIVERSITY DR,4550 W UNIVERSITY DR,,2019-02-15,2020-11-13,10,HEALTH2019-00051,True,,,,,,,,,Venue/Concession,Trade Days vendor (food not identified),independent,,low
HEALTH2019-00052,THE AMAZING DIP COMPANY,4550 W UNIVERSITY DR,4550 W UNIVERSITY DR,,2019-02-15,2019-06-15,4,HEALTH2019-00052,True,,,,,,,,,Other non-restaurant,dip mixes (market vendor),independent,,medium
HEALTH2019-00053,7-Eleven Convenience Store #33697B,3975 S LAKE FOREST DR,3975 S LAKE FOREST DR,,2019-10-17,2024-07-30,11,HEALTH2019-00053,False,,,,,,,,,Convenience/Gas,convenience store / gas station,national_regional,,high
HEALTH2019-00054,HARRY'S ON THE HARBOR,6601 MEDITERRANEAN DR 6101,6601 MEDITERRANEAN DR,6101,2019-06-27,2023-04-05,13,HEALTH2019-00054,False,,,,,,,,,"American (sit-down, bars, venues)",American grill,independent,,low
HEALTH2019-00055,GENIUS CHILD OF MCKINNEY,6363 ELDORADO PKWY,6363 ELDORADO PKWY,,2019-04-16,2019-10-10,2,HEALTH2017-008057,False,,,,,,,,,Institutional,school/daycare,independent,,high
HEALTH2019-00059,Boardwalk Bites,4550 W UNIVERSITY DR,4550 W UNIVERSITY DR,,2019-06-15,2019-11-15,3,HEALTH2019-00059,True,,,,,,,,,Venue/Concession,event concession (corn dogs),independent,,medium
HEALTH2019-00061,SOL'S MEXICAN GRILL,119 W VIRGINIA ST,119 W VIRGINIA ST,,2019-06-13,2019-10-14,2,HEALTH2019-00061,False,,,,,,,,,Mexican/Tex-Mex/Latin,Mexican,independent,,high
HEALTH2019-00062,SWEET ART BAKERY,407 E LOUISIANA ST,407 E LOUISIANA ST,,2019-06-13,2021-11-22,6,HEALTH2019-00062,False,,,,,,,,,Coffee/Cafe/Bakery/Dessert,bakery,independent,,high
HEALTH2019-00067,DONUT BOX,4100 S RIDGE RD 100,4100 S RIDGE RD,100,2019-04-23,2022-02-10,9,HEALTH2019-00067,False,,,,,,,,,Coffee/Cafe/Bakery/Dessert,donuts/bagels,local_multi,,high
HEALTH2019-00071,PARK MANOR,1801 PEARSON AVE,1801 PEARSON AVE,,2019-05-30,2022-07-27,10,HEALTH2017-005876,False,,,,,,,,,Institutional,senior living / nursing,national_regional,,high
HEALTH2019-00074,SHIPLEY DO-NUTS,5000 COLLIN MCKINNEY PKWY 140,5000 COLLIN MCKINNEY PKWY,140,2019-06-20,2024-01-03,10,HEALTH2019-00074,False,,,,,,,,,Coffee/Cafe/Bakery/Dessert,donuts,national_regional,,high
HEALTH2019-00077,"LITTLE GREEK RESTAURANT

STE 808",2058 W UNIVERSITY DR STE 808,2058 W UNIVERSITY DR,808,2019-05-28,2022-02-09,9,HEALTH2019-00077,False,,,,,,,,,Mediterranean/Middle Eastern,Greek,national_regional,,high
HEALTH2019-00083,DONUT BLISS,6405 ELDORADO PKWY 250,6405 ELDORADO PKWY,250,2019-07-10,2023-09-27,10,HEALTH2017-09649,False,,,,,,,,,Coffee/Cafe/Bakery/Dessert,donuts/bagels,local_multi,,high
HEALTH2019-00085,CHICKEN SALAD CHICK,3520 W UNIVERSITY DR 100,3520 W UNIVERSITY DR,100,2019-05-30,2023-11-14,12,HEALTH2019-00085,False,,,,,,,,,Deli/Sandwich/Salad,chicken salad,national_regional,,high
HEALTH2019-00091,Pancheros Mexican Grill,3905 W UNIVERSITY DR STE 500,3905 W UNIVERSITY DR,500,2019-05-28,2020-02-25,3,HEALTH2019-00091,False,,,,,,,,,Mexican/Tex-Mex/Latin,Mexican fast casual,national_regional,,high
HEALTH2019-00097,CASTLE MONTESSORI OF MCKINNEY,6151 VIRGINIA PKWY,6151 VIRGINIA PKWY,,2019-06-03,2024-05-21,11,HEALTH2017-002282,False,,,,,,,,,Institutional,school/daycare,independent,,high
HEALTH2019-00106,BOYD HIGH SCHOOL BASEBALL CONCESSION,600 N LAKE FOREST DR,600 N LAKE FOREST DR,,2019-04-10,2026-04-02,13,HEALTH2019-00106,False,,,,,,,,,Institutional,school cafeteria/concession,local_multi,,high
HEALTH2019-00107,BOYD HIGH SCHOOL INSIDE CONCESSION,600 N LAKE FOREST DR,600 N LAKE FOREST DR,,2019-04-10,2026-04-02,13,HEALTH2019-00107,False,,,,,,,,,Institutional,school cafeteria/concession,local_multi,,high
HEALTH2019-00108,BOYD HIGH SCHOOL TENNIS CONCESSION,600 N LAKE FOREST DR,600 N LAKE FOREST DR,,2019-04-10,2026-04-02,12,HEALTH2019-00108,False,,,,,,,,,Institutional,school cafeteria/concession,local_multi,,high
HEALTH2019-00109,SAM SERIO MISD NATATORIUM,1400 WILSON CREEK PKWY,1400 WILSON CREEK PKWY,,2019-04-10,2019-04-10,1,HEALTH2019-00109,False,schools_daycares,MISD,Issued,Biannual Inspections,0,NC,0.0,1.0,Institutional,school cafeteria/concession (McKinney ISD),local_multi,,high
HEALTH2019-00110,CINEMARK #1154 MCKINNEY,1701 N HARDIN BLVD,1701 N HARDIN BLVD,,2019-06-17,2023-12-27,13,HEALTH2019-00110,False,,,,,,,,,Venue/Concession,movie theater,national_regional,,high
HEALTH2019-00117,PRIMROSE SCHOOL OF STONEBROOK,5651 VIRGINIA PKWY,5651 VIRGINIA PKWY,,2019-03-29,2023-11-28,14,HEALTH2019-00117,False,,,,,,,,,Institutional,school/daycare,national_regional,,high
HEALTH2019-00119,GUIDEPOST MONTESSORI ELDORADO,7508 ELDORADO PKWY,7508 ELDORADO PKWY,,2019-05-07,2023-10-03,10,HEALTH2017-008916,False,,,,,,,,,Institutional,school/daycare,national_regional,,high
HEALTH2019-00120,Home2 Suites,2630 S CENTRAL EXPY,2630 S CENTRAL EXPY,,2019-10-28,2024-08-23,10,HEALTH2019-00120,False,,,,,,,,,Hotel/Caterer/Commissary,hotel,national_regional,,high
HEALTH2019-00129,MOD PIZZA,1871 N LAKE FOREST DR 900,1871 N LAKE FOREST DR,900,2019-08-20,2024-03-11,10,HEALTH2019-00129,False,,,,,,,,,Pizza/Italian,pizza,national_regional,,high
HEALTH2019-00132,JERSEY MIKES SUBS,1821 N LAKE FOREST DR 500,1821 N LAKE FOREST DR,500,2019-06-18,2024-02-08,15,HEALTH2019-00132,False,,,,,,,,,Deli/Sandwich/Salad,sub sandwiches,national_regional,,high
HEALTH2019-00135,HOLY FAMILY SCHOOL,410 LINCOLN ST,410 LINCOLN ST,,2019-06-21,2024-04-23,10,HEALTH2017-000226,False,,,,,,,,,Institutional,school/daycare,independent,,high
HEALTH2019-00136,KIDDIE ACADEMY OF STONEBRIDGE,6300 VIRGINIA PKWY,6300 VIRGINIA PKWY,,2019-05-30,2024-03-19,10,HEALTH2017-008198,False,,,,,,,,,Institutional,school/daycare,national_regional,,high
HEALTH2019-00141,FRESH MEX,317 S CHESTNUT ST,317 S CHESTNUT ST,,2020-09-19,2020-09-19,1,HEALTH2019-00141,True,,,,,,,,,Mexican/Tex-Mex/Latin,Mexican (farmers market),independent,,low
HEALTH2019-00143,DUNKIN' DONUTS,3805 W UNIVERSITY DR 500,3805 W UNIVERSITY DR,500,2019-06-17,2024-04-30,10,HEALTH2019-00143,False,,,,,,,,,Coffee/Cafe/Bakery/Dessert,donuts/coffee,national_regional,,high
HEALTH2019-00144,COOLEY BAY WINERY,317 S CHESTNUT ST,317 S CHESTNUT ST,,2020-09-19,2020-09-19,1,HEALTH2019-00144,True,,,,,,,,,Other non-restaurant,winery (farmers market),independent,,medium
HEALTH2019-00145,MCDONALD'S,6750 VIRGINIA PKWY,6750 VIRGINIA PKWY,,2019-05-08,2024-10-08,11,HEALTH2017-003582,False,,,,,,,,,Fast Food,burgers,national_regional,,high
HEALTH2019-00151,51 RAINBOW ICE CREAMS & SHAKES,5151 MCKINNEY RANCH PKWY,5151 MCKINNEY RANCH PKWY,,2019-07-23,2021-07-22,6,HEALTH2019-00151,False,,,,,,,,,Coffee/Cafe/Bakery/Dessert,ice cream and shakes,independent,,high
HEALTH2019-00153,CHILDREN'S LEARNING ADENTURE,5151 S CUSTER RD,5151 S CUSTER RD,,2019-05-13,2019-05-13,1,HEALTH2019-00153,False,,,,,,,,,Institutional,school/daycare,national_regional,,high
HEALTH2019-00154,MIGHTY QUICK,727 N MCDONALD ST,727 N MCDONALD ST,,2022-05-09,2024-04-29,5,HEALTH2017-008424,False,,,,,,,,,Convenience/Gas,convenience store / gas station,independent,,medium
HEALTH2019-00190,MARCO'S PIZZA,2741 VIRGINIA PKWY 700,2741 VIRGINIA PKWY,700,2020-04-13,2023-04-19,9,HEALTH2017-006884,False,,,,,,,,,Pizza/Italian,pizza,national_regional,,high
HEALTH2019-00191,CREME DE LA CREME,5151 S CUSTER RD,5151 S CUSTER RD,,2019-06-21,2023-04-07,12,HEALTH2019-00191,False,,,,,,,,,Institutional,school/daycare,national_regional,,high
HEALTH2019-00199,Anamia's Tex-Mex,1821 N LAKE FOREST DR 100,1821 N LAKE FOREST DR,100,2019-08-05,2024-05-21,13,HEALTH2019-00199,False,,,,,,,,,Mexican/Tex-Mex/Latin,Tex-Mex,local_multi,,high
HEALTH2019-00201,PARRISH SNOWBALL,1600 W VIRGINIA ST,1600 W VIRGINIA ST,,2020-06-24,2022-07-25,3,HEALTH2019-00201,False,,,,,,,,,Coffee/Cafe/Bakery/Dessert,snow cones,independent,,high
HEALTH2019-00207,BURGER IM,3805 W UNIVERSITY DR 100,3805 W UNIVERSITY DR,100,2019-06-21,2019-11-14,2,HEALTH2019-00207,False,,,,,,,,,Fast Food,burgers,national_regional,,medium
HEALTH2019-00210,DIVERSE,4550 W UNIVERSITY DR,4550 W UNIVERSITY DR,,2019-09-13,2020-06-12,3,HEALTH2019-00210,True,,,,,,,,,Venue/Concession,Trade Days vendor (food not identified),independent,,low
HEALTH2019-00222,HONEST RESTAURANT,8910 SH 121,8910 SH 121,,2020-10-01,2023-12-20,12,HEALTH2019-00222,False,,,,,,,,,Indian,Indian vegetarian street food,national_regional,,high
HEALTH2019-00226,Revital U,4550 W UNIVERSITY DR,4550 W UNIVERSITY DR,,2019-09-13,2019-11-15,2,HEALTH2019-00226,True,,,,,,,,,Other non-restaurant,packaged wellness coffee vendor (Trade Days),independent,,low
HEALTH2019-00228,KIDS R KIDS **WRONG WORK CLASS**,9070 WESTRIDGE BLVD,9070 WESTRIDGE BLVD,,2019-08-06,2020-02-03,2,HEALTH2017-007618,False,,,,,,,,,Institutional,school/daycare,national_regional,,high
HEALTH2019-00230,Jr Lunch Truck,4550 W UNIVERSITY DR,4550 W UNIVERSITY DR,,2020-09-19,2020-11-13,2,HEALTH2019-00230,True,,,,,,,,,Venue/Concession,Trade Days vendor (food not identified),independent,,low
HEALTH2019-00231,NORTH BROOK PLACE,2301 NORTH BROOK DR,2301 N BROOK DR,,2020-06-16,2024-02-29,11,HEALTH2017-000048,False,,,,,,,,,Institutional,senior living / nursing,unknown,,high
HEALTH2019-00232,FURR ELEMENTARY SCHOOL,551 S BLUESTEM DR,551 S BLUESTEM DR,,2019-09-11,2026-03-12,14,HEALTH2019-00232,False,,,,,,,,,Institutional,school cafeteria/concession,local_multi,,high
HEALTH2019-00236,MCDONALD'S #3022,240 ELDORADO PKWY,240 ELDORADO PKWY,,2019-07-24,2024-03-18,10,HEALTH2017-006045,False,,,,,,,,,Fast Food,burgers,national_regional,,high
HEALTH2019-00242,LA MICHOACAN - MEAT,311 W UNIVERSITY DR,311 W UNIVERSITY DR,,2019-10-01,2024-05-22,9,HEALTH2019-00242,False,,,,,,,,,Grocery/Market,Hispanic meat market/grocery,national_regional,independent_specialty,high
HEALTH2019-00245,The Gelato Cone,2651 S RIDGE RD 104,2651 S RIDGE RD,104,2019-07-11,2020-06-26,4,HEALTH2019-00245,False,,,,,,,,,Coffee/Cafe/Bakery/Dessert,gelato,independent,,high
HEALTH2019-00250,HAMPTON,2008 N CENTRAL EXPY,2008 N CENTRAL EXPY,,2019-07-22,2024-09-10,11,HEALTH2019-00250,False,,,,,,,,,Hotel/Caterer/Commissary,hotel,national_regional,,high
HEALTH2019-00252,Jamba Juice,1658 W UNIVERSITY DR,1658 W UNIVERSITY DR,,2019-10-30,2022-05-21,5,HEALTH2018-10144,False,,,,,,,,,Coffee/Cafe/Bakery/Dessert,smoothies/juice,national_regional,,high
HEALTH2019-00257,Encore Wire Plant 6A,1329 MILLWOOD RD,1329 MILLWOOD RD,,2019-12-03,2023-12-14,7,HEALTH2019-00257,False,,,,,,,,,Other non-restaurant,micro market (employer break room),unknown,,high
HEALTH2019-00258,Encore Wire Plant 6B,1329 MILLWOOD RD,1329 MILLWOOD RD,,2019-12-03,2023-12-14,7,HEALTH2019-00258,False,,,,,,,,,Other non-restaurant,micro market (employer break room),unknown,,high
HEALTH2019-00259,Encore Wire Plant 3,1329 MILLWOOD RD,1329 MILLWOOD RD,,2019-12-03,2023-12-14,7,HEALTH2019-00259,False,,,,,,,,,Other non-restaurant,micro market (employer break room),unknown,,high
HEALTH2019-00260,Encore Wire Plant 4,1329 MILLWOOD RD,1329 MILLWOOD RD,,2019-12-03,2023-12-14,7,HEALTH2019-00260,False,,,,,,,,,Other non-restaurant,micro market (employer break room),unknown,,high
HEALTH2019-00261,AWESOME KIDS ACADEMY,3801 ALMA RD,3801 ALMA RD,,2019-10-30,2024-05-03,10,HEALTH2019-00261,False,,,,,,,,,Institutional,school/daycare,independent,,high
HEALTH2019-00265,Sheraton McKinney,1900 GATEWAY BLVD,1900 GATEWAY BLVD,,2019-10-08,2024-02-05,16,HEALTH2017-007294,False,,,,,,,,,Hotel/Caterer/Commissary,hotel,national_regional,,high
HEALTH2019-00266,"Gyro, Fried items, meat and dry grocery to go itmes.",2310 VIRGINIA PKWY 130,2310 VIRGINIA PKWY,130,2019-09-26,2021-03-04,5,HEALTH2019-00266,False,,,,,,,,,Grocery/Market,halal/international market with gyro counter,independent,independent_specialty,medium
HEALTH2019-00303,ASIAN BUFFET,920 N CENTRAL EXPY,920 N CENTRAL EXPY,,2019-09-19,2024-04-16,14,HEALTH2019-00303,False,,,,,,,,,Asian (unspecified),Asian buffet,independent,,medium
HEALTH2019-00316,Wing Bucket,3510 W UNIVERSITY DR 100,3510 W UNIVERSITY DR,100,2019-12-03,2022-11-15,11,HEALTH2019-00316,False,,,,,,,,,"American (sit-down, bars, venues)",wings,local_multi,,medium
HEALTH2019-00321,Chesnut Village Coffee & Gift Shop 24 Hour Micromarket,5252 W UNIVERSITY DR,5252 W UNIVERSITY DR,,2019-11-20,2024-03-14,14,HEALTH2019-00321,False,,,,,,,,,Other non-restaurant,micro market / vending,unknown,,high
HEALTH2019-00322,Arcade 92,305 E VIRGINIA ST,305 E VIRGINIA ST,,2020-03-10,2025-01-31,13,HEALTH2019-00322,False,,,,,,,,,"American (sit-down, bars, venues)",arcade bar,independent,,medium
HEALTH2019-00364,SUNRISE LEARNING CENTER,1424 S TENNESSEE ST,1424 S TENNESSEE ST,,2019-10-01,2024-01-02,9,HEALTH2017-000233,False,,,,,,,,,Institutional,school/daycare,independent,,high
HEALTH2019-003684,BLUE OLIVE GRILL,2414 W UNIVERSITY DR,2414 W UNIVERSITY DR,,2017-11-29,2024-04-04,12,HEALTH2019-003684,False,,,,,,,,,Mediterranean/Middle Eastern,Mediterranean grill,independent,,medium
HEALTH2019-00370,BRIGHT LIGHT PRESCHOOL,2705 VIRGINIA PKWY,2705 VIRGINIA PKWY,,2020-01-08,2024-01-18,8,HEALTH2018-09866,False,,,,,,,,,Institutional,school/daycare,independent,,high
HEALTH2019-00371,THE COOKIE CRAVE,315 S CHESTNUT ST,315 S CHESTNUT ST,,2021-04-03,2021-11-06,2,HEALTH2019-00371,True,,,,,,,,,Coffee/Cafe/Bakery/Dessert,cookies (farmers market),independent,,high
HEALTH2019-00372,The Goddard School,1801 N RIDGE RD,1801 N RIDGE RD,,2022-03-23,2024-06-05,5,HEALTH2019-00372,False,,,,,,,,,Institutional,school/daycare,national_regional,,high
HEALTH2019-00376,"LOKOS STREET FOOD
and  desserts",301 E LOUISIANA ST,301 E LOUISIANA ST,,2019-12-11,2020-05-11,2,HEALTH2019-00376,False,,,,,,,,,Mexican/Tex-Mex/Latin,Mexican street food and desserts,independent,,medium
HEALTH2019-00377,GOLDEN GRACE DAY ACTIVITY & HEALTH SERVICES CENTER,1710 N MCDONALD ST,1710 N MCDONALD ST,,2020-03-12,2023-12-05,14,HEALTH2019-00377,False,,,,,,,,,Institutional,nonprofit social services,independent,,high
HEALTH2019-00379,SUSHI KOSHI,1910 N STONEBRIDGE DR 150,1910 N STONEBRIDGE DR,150,2019-11-06,2024-06-06,10,HEALTH2019-00379,False,,,,,,,,,Japanese,sushi,independent,,high
HEALTH2019-00380,"natural fruit drink blended in ice with different flavors, mango, coconut, and strawberry.",4550 W UNIVERSITY DR,4550 W UNIVERSITY DR,,2019-09-14,2019-09-14,1,HEALTH2019-00380,True,,,,,,,,,Coffee/Cafe/Bakery/Dessert,fruit ice drinks,independent,,medium
HEALTH2019-00382,Imagine International Academy of North Texas,2860 VIRGINIA PKWY,2860 VIRGINIA PKWY,,2019-09-10,2026-04-17,14,HEALTH2019-00382,False,,,,,,,,,Institutional,school/daycare,independent,,high
HEALTH2019-00384,PAPA G'S NEST BOX,317 S CHESTNUT ST,317 S CHESTNUT ST,,2020-09-19,2024-10-26,6,HEALTH2019-00384,True,,,,,,,,,Other non-restaurant,egg vendor (farmers market),independent,,medium
HEALTH2019-00391,THE LEARNING EXPERIENCE,4501 S RIDGE RD,4501 S RIDGE RD,,2019-11-07,2024-08-20,9,HEALTH2019-00391,False,,,,,,,,,Institutional,school/daycare,national_regional,,high
HEALTH2019-00409,Jersey Mike's Sub Shop,4200 ELDORADO PKWY 400,4200 ELDORADO PKWY,400,2019-12-12,2024-08-20,15,HEALTH2019-00409,False,,,,,,,,,Deli/Sandwich/Salad,sub sandwiches,national_regional,,high
HEALTH2019-00412,IVY VINE PRESCHOOL * SEE NOTES*,5780 VIRGINIA PKWY,5780 VIRGINIA PKWY,,2019-12-03,2021-02-03,3,HEALTH2019-00412,False,,,,,,,,,Institutional,school/daycare,independent,,high
HEALTH2019-00414,,3009 S CUSTER RD 500,3009 S CUSTER RD,500,2019-08-14,2019-08-14,1,HEALTH2019-00414,False,,,,,,,,,"American (sit-down, bars, venues)","breakfast (First Watch, pre-opening)",national_regional,,low
HEALTH2019-00423,Social Living Real Estate Boutique,120 W LOUISIANA ST,120 W LOUISIANA ST,,2019-11-06,2019-11-06,1,HEALTH2019-00423,False,,,,,,,,,Other non-restaurant,real estate office coffee bar,independent,,medium
HEALTH2019-00431,Guitars and Growlers,2741 VIRGINIA PKWY STE 500,2741 VIRGINIA PKWY,500,2019-11-02,2024-06-03,11,HEALTH2019-00431,False,,,,,,,,,"American (sit-down, bars, venues)",craft beer bar,local_multi,,low
HEALTH2019-00437,HEARTLAND MONTESSORI ACADEMY ,6150 MCKINNEY RANCH PKWY,6150 MCKINNEY RANCH PKWY,,2019-11-12,2024-07-26,14,HEALTH2017-007749,False,,,,,,,,,Institutional,school/daycare,independent,,high
HEALTH2019-00440,Papi Churros,4550 W UNIVERSITY DR,4550 W UNIVERSITY DR,,2019-09-13,2021-10-15,8,HEALTH2019-00440,True,,,,,,,,,Coffee/Cafe/Bakery/Dessert,churros,independent,,medium
HEALTH2019-00442,FIRST WATCH #292,3009 S CUSTER RD 500,3009 S CUSTER RD,500,2019-10-24,2024-05-31,17,HEALTH2019-00442,False,,,,,,,,,"American (sit-down, bars, venues)",breakfast/brunch,national_regional,,high
HEALTH2019-00452,Goodies Texas,114 N TENNESSEE ST,114 N TENNESSEE ST,,2019-11-07,2024-09-03,13,HEALTH2017-005101,False,,,,,,,,,Unknown,,unknown,,low
HEALTH2019-00456,TROPICAL SMOOTHIE CAFE,6675 S CUSTER RD 100,6675 S CUSTER RD,100,2019-11-25,2022-05-16,11,HEALTH2019-00456,False,,,,,,,,,Coffee/Cafe/Bakery/Dessert,smoothies/juice,national_regional,,high
HEALTH2019-00458,Sweetwaters Coffee & Tea,4701 S CUSTER RD 500,4701 S CUSTER RD,500,2019-10-23,2024-06-11,14,HEALTH2019-00458,False,,,,,,,,,Coffee/Cafe/Bakery/Dessert,coffee and tea,national_regional,,medium
HEALTH2019-00470,HERITAGE LEARNING CENTER,200 N JORDAN RD,200 N JORDAN RD,,2019-11-04,2024-08-09,14,HEALTH2017-000228,False,,,,,,,,,Institutional,school/daycare,independent,,high
HEALTH2019-00475,Freddy's Frozen Custer,8850 STACY RD,8850 STACY RD,,2019-11-21,2024-09-26,17,HEALTH2019-00475,False,,,,,,,,,Fast Food,steakburgers / frozen custard,national_regional,,high
HEALTH2019-00479,Springhill Suites,2660 S CENTRAL EXPY,2660 S CENTRAL EXPY,,2019-12-10,2024-01-31,9,HEALTH2019-00479,False,,,,,,,,,Hotel/Caterer/Commissary,hotel,national_regional,,high
HEALTH2019-00499,FIRST WATCH #291,3530 W UNIVERSITY DR 100,3530 W UNIVERSITY DR,100,2019-11-18,2024-09-23,13,HEALTH2019-00499,False,,,,,,,,,"American (sit-down, bars, venues)",breakfast/brunch,national_regional,,high
HEALTH2019-00506,SMITHART'S CRAFT FOOD & CHEERS,1751 ELDORADO PKWY 310,1751 ELDORADO PKWY,310,2019-11-21,2020-02-19,2,HEALTH2019-00506,False,,,,,,,,,"American (sit-down, bars, venues)",gastropub,independent,,low
HEALTH2019-00512,DONUT BLISS #400,5080 VIRGINIA PKWY 400,5080 VIRGINIA PKWY,400,2020-03-17,2023-02-03,6,HEALTH2017-004000,False,,,,,,,,,Coffee/Cafe/Bakery/Dessert,donuts/bagels,local_multi,,high
HEALTH2019-00514,Aristide|McKinney,6200 TPC DR,6200 TPC DR,,2019-11-14,2023-12-26,14,HEALTH2019-00514,False,,,,,,,,,"American (sit-down, bars, venues)",event venue,local_multi,,medium
HEALTH2019-00517,PRIME MONTESSORI,6800 BOUNTIFUL GROVE DR,6800 BOUNTIFUL GROVE DR,,2020-02-18,2020-07-23,2,HEALTH2019-00517,False,,,,,,,,,Institutional,school/daycare,independent,,high
HEALTH2019-00521,The Ivy of McKinney Memory Care ,3392 MEDICAL CENTER DR,3392 MEDICAL CENTER DR,,2020-11-19,2022-11-15,5,HEALTH2017-004634,False,,,,,,,,,Institutional,senior living / nursing,unknown,,high
HEALTH2019-00530,Mike's Backyard BBQ Shack,4550 W UNIVERSITY DR,4550 W UNIVERSITY DR,,2019-11-15,2020-01-18,2,HEALTH2019-00530,True,,,,,,,,,"American (sit-down, bars, venues)",BBQ,independent,,medium
HEALTH2019-00533,Applebee Montessori Academy,1770 N STONEBRIDGE DR,1770 N STONEBRIDGE DR,,2020-12-14,2024-10-01,11,HEALTH2019-00533,False,,,,,,,,,Institutional,school/daycare,independent,,high
HEALTH2019-00535,THE DONUT KITCHEN,7250 VIRGINIA PKWY 140,7250 VIRGINIA PKWY,140,2019-12-03,2024-02-09,9,HEALTH2017-006896,False,,,,,,,,,Coffee/Cafe/Bakery/Dessert,donuts/bagels,independent,,high
HEALTH2019-00536,THE IVY OF MCKINNEY SENIOR CENTER,3392 MEDICAL CENTER DR,3392 MEDICAL CENTER DR,,2020-11-19,2022-11-15,6,HEALTH2018-09746,False,,,,,,,,,Institutional,senior living / nursing,unknown,,high
HEALTH2019-00544,El Mejor Mexican Kitchen + Cantina,119 W VIRGINIA ST,119 W VIRGINIA ST,,2019-12-19,2024-11-14,18,HEALTH2019-00544,False,,,,,,,,,Mexican/Tex-Mex/Latin,Mexican,independent,,high
HEALTH2019-00565,GOLDEN CHICK,1001 W UNIVERSITY DR,1001 W UNIVERSITY DR,,2020-05-05,2020-09-14,2,HEALTH2017-008926,False,,,,,,,,,Fast Food,fried chicken,national_regional,,high
HEALTH2019-00570,CHARRED GRILLS & OUTDOORS,1411 N CUSTER RD 1200,1411 N CUSTER RD,1200,2020-01-07,2023-01-06,7,HEALTH2019-00570,False,,,,,,,,,Other non-restaurant,grill retailer (samples),independent,,low
HEALTH2019-00574,ZEN SUSHI & GRILL,3751 S STONEBRIDGE DR 500,3751 S STONEBRIDGE DR,500,2019-12-12,2024-08-01,17,HEALTH2017-09606,False,,,,,,,,,Japanese,sushi,independent,,high
HEALTH2019-00578,LADYBIRD ACADEMY,1922 S INDEPENDENCE PKWY,1922 S INDEPENDENCE PKWY,,2020-01-03,2024-09-09,10,HEALTH2019-00578,False,,,,,,,,,Institutional,school/daycare,national_regional,,high
HEALTH2019-00584,7-Eleven Convenience Store,204 N COIT RD,204 N COIT RD,,2020-01-07,2024-07-02,10,HEALTH2019-00584,False,,,,,,,,,Convenience/Gas,convenience store / gas station,national_regional,,high
HEALTH2019-00598,NEIGHBORHOOD NOSH,4100 S RIDGE RD,4100 S RIDGE RD,,2020-03-02,2024-07-09,11,HEALTH2018-10052,False,,,,,,,,,Deli/Sandwich/Salad,cafe/sandwiches,independent,,low
HEALTH2019-00599,KIDS 'R' KIDS,2910 ELDORADO PKWY,2910 ELDORADO PKWY,,2019-11-19,2024-09-18,10,HEALTH2018-000232,False,,,,,,,,,Institutional,school/daycare,national_regional,,high
HEALTH2019-00617,THE COOKIE CRAVE,4550 W UNIVERSITY DR,4550 W UNIVERSITY DR,,2019-11-15,2021-06-19,6,HEALTH2019-00617,True,,,,,,,,,Coffee/Cafe/Bakery/Dessert,cookies,independent,,high
HEALTH2019-00625,SUSHI KIOSK ,2901 S LAKE FOREST DR,2901 S LAKE FOREST DR,,2020-04-27,2023-11-14,9,HEALTH2018-09697,False,,,,,,,,,Grocery/Market,sushi counter inside Kroger #567,national_regional,mainstream_supermarket,medium
HEALTH2019-00638,HOLIDAY INN EXPRESS,6601 HENNEMAN WAY,6601 HENNEMAN WAY,,2020-04-20,2025-01-17,16,HEALTH2017-008987,False,,,,,,,,,Hotel/Caterer/Commissary,hotel,national_regional,,high
HEALTH2019-00640,POPEYE'S ,6520 SH 121,6520 SH 121,,2021-02-04,2024-09-26,12,HEALTH2017-09614,False,,,,,,,,,Fast Food,fried chicken,national_regional,,high
HEALTH2019-00648,ICHIBAN,210 N CUSTER RD 130,210 N CUSTER RD,130,2020-04-17,2024-09-19,17,HEALTH2019-00648,False,,,,,,,,,Asian (unspecified),pan-Asian,independent,,low
HEALTH2019-00650,RACETRAC,1608 S MCDONALD ST,1608 S MCDONALD ST,,2020-01-06,2024-06-10,9,HEALTH2019-00650,False,,,,,,,,,Convenience/Gas,convenience store / gas station,national_regional,,high
HEALTH2019-00660,Encore Wire Plant 1,1329 MILLWOOD RD,1329 MILLWOOD RD,,2020-07-07,2023-12-14,6,HEALTH2019-00660,False,,,,,,,,,Other non-restaurant,micro market (employer break room),unknown,,high
HEALTH2019-00661,Encore Wire Plant 2,1329 MILLWOOD RD,1329 MILLWOOD RD,,2020-07-07,2023-12-14,6,HEALTH2019-00661,False,,,,,,,,,Other non-restaurant,micro market (employer break room),unknown,,high
HEALTH2019-00662,Encore Wire Rodmill,1329 MILLWOOD RD,1329 MILLWOOD RD,,2020-07-07,2023-12-14,6,HEALTH2019-00662,False,,,,,,,,,Other non-restaurant,micro market (employer break room),unknown,,high
HEALTH2019-00664,SHIN'S DONUT PALACE,5100 ELDORADO PKWY 109,5100 ELDORADO PKWY,109,2021-04-12,2024-08-06,7,HEALTH2017-001185,False,,,,,,,,,Coffee/Cafe/Bakery/Dessert,donuts/bagels,unknown,,low
HEALTH2019-00672,Hissho Sushi @ Target 2142,8900 SH 121,8900 SH 121,,2020-06-08,2024-08-12,6,HEALTH2019-00672,False,,,,,,,,,Grocery/Market,sushi counter inside Target #2142,national_regional,mainstream_supermarket,medium
HEALTH2019-00673,Oak Brook School McKinney,6363 ELDORADO PKWY,6363 ELDORADO PKWY,,2020-02-13,2024-08-12,12,HEALTH2019-00673,False,,,,,,,,,Institutional,school/daycare,independent,,high
HEALTH2019-00679,CESARS MEXICAN GRILL,4150 ELDORADO PKWY 500,4150 ELDORADO PKWY,500,2020-02-21,2025-01-27,15,HEALTH2019-00679,False,,,,,,,,,Mexican/Tex-Mex/Latin,Mexican,independent,,high
HEALTH2020-00009,Truckers Lounge,1410 MILLWOOD RD,1410 MILLWOOD RD,,2020-07-07,2022-12-30,5,HEALTH2020-00009,False,,,,,,,,,Other non-restaurant,micro market (break room),unknown,,high
HEALTH2020-00010,AVALANCHE DESSERTS,3530 W UNIVERSITY DR 200,3530 W UNIVERSITY DR,200,2020-06-22,2020-06-22,1,HEALTH2020-00010,False,,,,,,,,,Coffee/Cafe/Bakery/Dessert,desserts,independent,,high
HEALTH2020-00011,KELLY'S SMOOTHIES,2875 S CENTRAL EXPY,2875 S CENTRAL EXPY,,2020-06-18,2021-06-21,3,HEALTH2020-00011,False,,,,,,,,,Coffee/Cafe/Bakery/Dessert,smoothies (gym smoothie bar),independent,,high
HEALTH2020-00017,HIDDEN SPRINGS,6421 MCKINNEY RANCH PKWY,6421 MCKINNEY RANCH PKWY,,2020-06-17,2023-12-19,13,HEALTH2020-00017,False,,,,,,,,,Institutional,senior living / nursing,unknown,,high
HEALTH2020-00019,Kick It Up,4550 W UNIVERSITY DR,4550 W UNIVERSITY DR,,2020-06-14,2022-05-13,7,HEALTH2020-00019,True,,,,,,,,,Venue/Concession,Trade Days vendor (food not identified),independent,,low
HEALTH2020-00027,FIVE GUYS ,3530 W UNIVERSITY DR 400,3530 W UNIVERSITY DR,400,2021-05-20,2022-03-03,4,HEALTH2018-10400,False,,,,,,,,,Fast Food,burgers,national_regional,,high
HEALTH2020-00031,FISH BOWL FISH,3540 W UNIVERSITY DR 100,3540 W UNIVERSITY DR,100,2020-02-25,2023-12-28,13,HEALTH2020-00031,False,,,,,,,,,Other cuisine,poke bowls,independent,,low
HEALTH2020-00033,WILLIAM'S CHICKEN,204 W UNIVERSITY DR,204 W UNIVERSITY DR,,2020-07-23,2024-03-04,12,HEALTH2020-00033,False,,,,,,,,,Fast Food,fried chicken,national_regional,,high
HEALTH2020-00046,Salsa Stand,4550 W UNIVERSITY DR,4550 W UNIVERSITY DR,,2020-05-15,2021-10-16,4,HEALTH2020-00046,True,,,,,,,,,Other non-restaurant,salsa vendor (Trade Days),independent,,low
HEALTH2020-00048,Starbucks #58513,5101 W UNIVERSITY DR,5101 W UNIVERSITY DR,,2020-06-16,2024-01-06,8,HEALTH2020-00048,False,,,,,,,,,Coffee/Cafe/Bakery/Dessert,coffee,national_regional,,high
HEALTH2020-00050,STARBUCKS,3301 ELDORADO PKWY,3301 ELDORADO PKWY,,2020-03-05,2024-01-11,7,HEALTH2020-00050,False,,,,,,,,,Coffee/Cafe/Bakery/Dessert,coffee,national_regional,,high
HEALTH2020-00065,Vitality Bowls,3610 W UNIVERSITY DR 100,3610 W UNIVERSITY DR,100,2020-09-25,2024-07-25,14,HEALTH2020-00065,False,,,,,,,,,Coffee/Cafe/Bakery/Dessert,acai bowls,national_regional,,high
HEALTH2020-00073,Starwood Cafe,470 ADRIATIC PKWY,470 ADRIATIC PKWY,,2020-06-10,2024-09-30,16,HEALTH2017-008578,False,,,,,,,,,"American (sit-down, bars, venues)",breakfast/lunch cafe,local_multi,,medium
HEALTH2020-00075,Excalibur Market Place,4550 W UNIVERSITY DR P3P4,4550 W UNIVERSITY DR,P3P4,2020-05-15,2021-06-18,6,HEALTH2020-00075,True,,,,,,,,,Venue/Concession,Trade Days vendor (food not identified),independent,,low
HEALTH2020-00083,SWEETS AND EATS,4550 W UNIVERSITY DR,4550 W UNIVERSITY DR,,2020-05-15,2021-10-16,7,HEALTH2020-00083,True,,,,,,,,,Venue/Concession,sweets and snacks concession (Trade Days),independent,,low
HEALTH2020-00084,DOLLAR TREEE #8264,1620 N HARDIN BLVD 1400,1620 N HARDIN BLVD,1400,2020-08-28,2024-03-19,8,HEALTH2020-00084,False,,,,,,,,,Convenience/Gas,dollar/discount store,national_regional,,high
HEALTH2020-00085,Peachwave,1411 N CUSTER RD 700,1411 N CUSTER RD,700,2020-11-10,2020-11-10,1,HEALTH2020-00085,False,,,,,,,,,Coffee/Cafe/Bakery/Dessert,frozen yogurt,national_regional,,high
HEALTH2020-00086,GABE NESBITT BASEBALL,7001 ELDORADO PKWY,7001 ELDORADO PKWY,,2021-03-19,2024-04-18,8,HEALTH2020-00086,False,,,,,,,,,Venue/Concession,concession,independent,,medium
HEALTH2020-00088,GRADY LITTLEJOHN COMPLEX BASEBALL / SOFTBALL,1401 WILSON CREEK PKWY,1401 WILSON CREEK PKWY,,2021-03-19,2023-10-25,6,HEALTH2017-008961,False,,,,,,,,,Venue/Concession,concession,independent,,medium
HEALTH2020-00089,Gabe Nesbitt Softball Complex,3205 ALMA RD,3205 ALMA RD,,2021-03-19,2021-03-19,1,HEALTH2020-00089,False,,,,,,,,,Venue/Concession,concession,independent,,medium
HEALTH2020-00091,TEXAS FOREST FARM,317 S CHESTNUT ST,317 S CHESTNUT ST,,2020-09-19,2022-04-30,3,HEALTH2020-00091,True,trades_day_farmers_market,Farmers Market,Issued,Farmers Market (April) Inspection,3,UP,4.0,3.0,Other non-restaurant,farm products vendor (farmers market),independent,,medium
HEALTH2020-00092,Round Table PIzza,7951 COLLIN MCKINNEY PKWY 1600,7951 COLLIN MCKINNEY PKWY,1600,2020-10-22,2024-02-22,8,HEALTH2020-00092,False,,,,,,,,,Pizza/Italian,pizza,national_regional,,high
HEALTH2020-00093,McDONALD'S,5251 W UNIVERSITY DR,5251 W UNIVERSITY DR,,2020-10-12,2024-03-29,12,HEALTH2020-00093,False,,,,,,,,,Fast Food,burgers,national_regional,,high
HEALTH2020-00097,SCALLYWAGS,3850 ELDORADO PKWY,3850 ELDORADO PKWY,,2020-06-29,2020-06-29,1,HEALTH2020-00097,False,,,,,,,,,Coffee/Cafe/Bakery/Dessert,shaved ice trailer,independent,,low
HEALTH2020-00099,BODEGA @ CRAIG RANCH,7951 COLLIN MCKINNEY PKWY,7951 COLLIN MCKINNEY PKWY,,2020-10-23,2023-08-16,8,HEALTH2020-00099,False,,,,,,,,,Convenience/Gas,neighborhood bodega / grab-and-go,independent,,medium
HEALTH2020-00102,Urban Value Corner Store,6501 MEYER WAY,6501 MEYER WAY,,2020-09-11,2024-02-14,8,HEALTH2020-00102,False,,,,,,,,,Convenience/Gas,convenience store / gas station,independent,,medium
HEALTH2020-00107,QUIKTRIP #963,1750 WILMETH RD,1750 WILMETH RD,,2020-06-02,2023-12-11,8,HEALTH2017-006067,False,,,,,,,,,Convenience/Gas,convenience store / gas station,national_regional,,high
HEALTH2020-00109,CHINA POT ,2310 VIRGINIA PKWY 140,2310 VIRGINIA PKWY,140,2020-11-03,2023-12-01,8,HEALTH2017-008202,False,,,,,,,,,Chinese,Chinese,independent,,high
HEALTH2020-00110,KIDS 'R' KIDS WEST MCKINNEY,9070 WESTRIDGE BLVD,9070 WESTRIDGE BLVD,,2020-07-14,2024-06-03,15,HEALTH2017-007618,False,,,,,,,,,Institutional,school/daycare,national_regional,,high
HEALTH2020-00111,The Tilted Kettle,4550 W UNIVERSITY DR,4550 W UNIVERSITY DR,,2020-06-14,2024-11-15,17,HEALTH2020-00111,True,trades_day_farmers_market,Trades Day,Issued,Trades Day,0,NC,0.0,4.0,Venue/Concession,kettle corn,independent,,medium
HEALTH2020-00113,Original ChopShop,3041 S CUSTER RD 100,3041 S CUSTER RD,100,2020-09-11,2024-05-22,14,HEALTH2020-00113,False,,,,,,,,,Deli/Sandwich/Salad,"healthy bowls, salads, sandwiches",national_regional,,medium
HEALTH2020-00117,Behavioral Health Pavilion Servey,4500 MEDICAL CENTER DR,4500 MEDICAL CENTER DR,,2020-09-01,2024-09-10,13,HEALTH2020-00117,False,,,,,,,,,Institutional,hospital,national_regional,,high
HEALTH2020-00118,Cinnaholic,8930 SH 121 570,8930 SH 121,570,2020-09-17,2023-07-10,11,HEALTH2020-00118,False,,,,,,,,,Coffee/Cafe/Bakery/Dessert,cinnamon rolls,national_regional,,high
HEALTH2020-00119,4R RANCH VINEYARDS & WINERY,110 E LOUISIANA ST,110 E LOUISIANA ST,,2021-02-04,2024-07-26,9,HEALTH2020-00119,False,,,,,,,,,Other non-restaurant,winery tasting room (no food noted),local_multi,,low
HEALTH2020-00122,Baker's Drive In,1001 S MCDONALD ST,1001 S MCDONALD ST,,2020-07-15,2023-03-27,8,HEALTH2020-00122,False,,,,,,,,,"American (sit-down, bars, venues)",burger drive-in,independent,,high
HEALTH2020-00124,TOP OF THE WORLD PRESCHOOL,451 S LAKE FOREST DR,451 S LAKE FOREST DR,,2020-07-23,2024-01-09,11,HEALTH2020-00124,False,,,,,,,,,Institutional,school/daycare,independent,,high
HEALTH2020-00125,LOST RUBY RANCH,317 S CHESTNUT ST,317 S CHESTNUT ST,,2020-09-19,2023-05-06,4,HEALTH2020-00125,True,,,,,,,,,Other non-restaurant,ranch products vendor (farmers market),independent,,medium
HEALTH2020-00126,SUGARBACON ,216 W VIRGINIA ST,216 W VIRGINIA ST,,2020-11-18,2024-08-09,10,HEALTH2020-00126,False,,,,,,,,,"American (sit-down, bars, venues)",American brunch/dinner,independent,,high
HEALTH2020-00127,A TASTE OF MEXICO,4550 W UNIVERSITY DR,4550 W UNIVERSITY DR,,2020-06-12,2020-06-12,1,HEALTH2020-00127,True,,,,,,,,,Mexican/Tex-Mex/Latin,Mexican (event vendor),independent,,medium
HEALTH2020-00128,TERESA'S HOUSE CRAIG RANCH BLDG 3,6531 COLLIN MCKINNEY PKWY,6531 COLLIN MCKINNEY PKWY,,2020-09-08,2023-11-20,10,HEALTH2020-00128,False,,,,,,,,,Institutional,residential care home,independent,,medium
HEALTH2020-00132,IVY KIDS,300 N COIT RD,300 N COIT RD,,2020-11-19,2024-07-15,7,HEALTH2020-00132,False,,,,,,,,,Institutional,school/daycare,national_regional,,high
HEALTH2020-00136,DISCOVERY LEARNING CENTER,1815 W WHITE AVE,1815 W WHITE AVE,,2020-09-29,2024-04-19,13,HEALTH2020-00136,False,,,,,,,,,Institutional,school/daycare,independent,,high
HEALTH2020-00137,STONEBRIDGE ACADEMY,1921 GRASSMERE LN,1921 GRASSMERE LN,,2020-09-14,2024-03-04,9,HEALTH2017-003559,False,,,,,,,,,Institutional,school/daycare,independent,,high
HEALTH2020-00138,LA MADELEINE,3625 W UNIVERSITY DR 200,,,2020-10-28,2024-06-05,13,HEALTH2020-00138,False,,,,,,,,,Coffee/Cafe/Bakery/Dessert,French bakery-cafe,national_regional,,medium
HEALTH2020-00140,JEREMIAH'S ITALIAN ICE,7820 ELDORADO PKWY 100,7820 ELDORADO PKWY,100,2020-11-12,2023-02-21,5,HEALTH2020-00140,False,,,,,,,,,Coffee/Cafe/Bakery/Dessert,Italian ice,national_regional,,high
HEALTH2020-00144,,131 S CENTRAL EXPY,131 S CENTRAL EXPY,,2022-03-22,2024-10-14,5,HEALTH2020-00144,False,,,,,,,,,Other non-restaurant,wine shop (tasting only),independent,,medium
HEALTH2020-00145,SONIC DRIVE-IN,1701 N LAKE FOREST DR,1701 N LAKE FOREST DR,,2020-12-01,2024-03-21,11,HEALTH2020-00145,False,,,,,,,,,Fast Food,burgers/drive-in,national_regional,,high
HEALTH2020-00147,AMORE LOUNGE,301 E VIRGINIA ST 102,301 E VIRGINIA ST,102,2021-02-02,2024-07-19,6,HEALTH2020-00147,False,,,,,,,,,"American (sit-down, bars, venues)",lounge/bar,independent,,low
HEALTH2020-00151,Cocktail Creamery ,214 E LOUISIANA ST,214 E LOUISIANA ST,,2020-11-17,2023-04-12,5,HEALTH2020-00151,False,,,,,,,,,Coffee/Cafe/Bakery/Dessert,dessert,independent,,medium
HEALTH2020-00156,PIZZA HUT,4987 W UNIVERSITY DR 102,4987 W UNIVERSITY DR,102,2020-09-10,2024-01-17,7,HEALTH2017-006157,False,,,,,,,,,Pizza/Italian,pizza,national_regional,,high
HEALTH2020-00158,WINGSTOP,4550 ELDORADO PKWY 105,4550 ELDORADO PKWY,105,2021-07-06,2024-01-29,9,HEALTH2017-002852,False,,,,,,,,,Fast Food,wings,national_regional,,high
HEALTH2020-00159,WINGSTOP,1521 N CUSTER RD 2200,1521 N CUSTER RD,2200,2020-11-02,2024-03-15,13,HEALTH2017-009477,False,,,,,,,,,Fast Food,wings,national_regional,,high
HEALTH2020-00161,THE GRIND BURGER BAR Y TAQUERIA,3350 VIRGINIA PKWY,3350 VIRGINIA PKWY,,2020-11-12,2021-09-16,4,HEALTH2020-00161,False,,,,,,,,,"American (sit-down, bars, venues)",burgers and tacos,independent,,medium
HEALTH2020-00166,54TH STREET,3645 W UNIVERSITY DR,3645 W UNIVERSITY DR,,2021-01-28,2024-05-24,9,HEALTH2020-00166,False,,,,,,,,,"American (sit-down, bars, venues)",American casual dining,national_regional,,high
HEALTH2020-00170,TERESA'S HOUSE CRAIG RANCH BLDG 2,6521 COLLIN MCKINNEY PKWY,6521 COLLIN MCKINNEY PKWY,,2020-09-08,2023-11-20,10,HEALTH2020-00170,False,,,,,,,,,Institutional,residential care home,independent,,medium
HEALTH2020-00173,CT PROVISIONS,205 W LOUISIANA ST 102,205 W LOUISIANA ST,102,2021-04-13,2023-02-10,5,HEALTH2020-00173,False,,,,,,,,,"American (sit-down, bars, venues)",New American,independent,,low
HEALTH2020-00185,Guidepost Montessori at Craig Ranch,6800 BOUNTIFUL GROVE DR,6800 BOUNTIFUL GROVE DR,,2021-06-14,2022-10-03,3,HEALTH2020-00185,False,,,,,,,,,Institutional,school/daycare,national_regional,,high
HEALTH2020-00186,ELIS AFRICAN MARKET,1434 N CENTRAL EXPY 102,1434 N CENTRAL EXPY,102,2021-01-28,2024-06-25,8,HEALTH2020-00186,False,,,,,,,,,Grocery/Market,African grocery,independent,independent_specialty,high
HEALTH2020-00194,SOTIRIA,3751 S STONEBRIDGE DR 400,3751 S STONEBRIDGE DR,400,2021-01-20,2023-08-29,7,HEALTH2020-00194,False,,,,,,,,,Mediterranean/Middle Eastern,Greek,independent,,medium
HEALTH2020-00196,HANDEL'S ICE CREAM,4700 ELDORADO PKWY 210,4700 ELDORADO PKWY,210,2020-10-28,2024-09-27,10,HEALTH2020-00196,False,,,,,,,,,Coffee/Cafe/Bakery/Dessert,ice cream,national_regional,,high
HEALTH2020-00199,KYU's Food,315 S CHESTNUT ST,315 S CHESTNUT ST,,2021-04-03,2022-11-12,4,HEALTH2020-00199,True,,,,,,,,,Other non-restaurant,farmers market vendor (product not identified),independent,,low
HEALTH2020-00200,7-11,1550 N HARDIN BLVD,1550 N HARDIN BLVD,,2020-11-05,2024-05-29,8,HEALTH2020-00200,False,,,,,,,,,Convenience/Gas,convenience store / gas station,national_regional,,high
HEALTH2020-00201,SUPER 1 STOP,1313 N CHURCH ST,1313 N CHURCH ST,,2021-02-01,2024-11-01,8,HEALTH2017-000054,False,,,,,,,,,Convenience/Gas,convenience store / gas station,independent,,medium
HEALTH2020-00205,GOLDEN GRAIN,5160 COLLIN MCKINNEY PKWY 100,5160 COLLIN MCKINNEY PKWY,100,2021-01-25,2022-03-28,3,HEALTH2020-00205,False,,,,,,,,,Coffee/Cafe/Bakery/Dessert,bakery,independent,,low
HEALTH2020-00206,TERESA'S HOUSE,6511 COLLIN MCKINNEY PKWY,6511 COLLIN MCKINNEY PKWY,,2020-12-07,2024-08-16,10,HEALTH2020-00206,False,,,,,,,,,Institutional,residential care home,independent,,medium
HEALTH2020-00210,PARKER CREEK FOODS,4550 W UNIVERSITY DR,4550 W UNIVERSITY DR,,2021-03-12,2022-05-13,5,HEALTH2020-00210,True,,,,,,,,,Venue/Concession,Trade Days vendor (food not identified),independent,,low
HEALTH2020-00213,DONUT BOX,210 COIT RD 240,210 COIT RD,240,2020-12-28,2024-08-20,8,HEALTH2020-00213,False,,,,,,,,,Coffee/Cafe/Bakery/Dessert,donuts/bagels,local_multi,,high
HEALTH2020-00215,PIZZA SUPPLY,7701 STACY RD 300,7701 STACY RD,300,2021-03-05,2021-12-28,4,HEALTH2020-00215,False,,,,,,,,,Pizza/Italian,pizza,independent,,high
HEALTH2020-00218,Spoon + Fork Kitchen ,3905 W UNIVERSITY DR 500,3905 W UNIVERSITY DR,500,2020-12-10,2024-07-29,14,HEALTH2020-00218,False,,,,,,,,,Asian (unspecified),Asian (soy sauce in notes; cuisine not specified),independent,,low
HEALTH2020-00219,"JAVA JOURNEY
HEALTH2020-00184.

This is for Trade Days specific permitting as required.",4550 W UNIVERSITY DR,4550 W UNIVERSITY DR,,2020-11-13,2022-05-13,5,HEALTH2020-00219,True,,,,,,,,,Coffee/Cafe/Bakery/Dessert,coffee,independent,,medium
HEALTH2020-00222,The Guava Tree Cuban Cafe and Cantina,104 S CHESTNUT ST,104 S CHESTNUT ST,,2021-02-10,2024-09-06,11,HEALTH2020-00222,False,,,,,,,,,Mexican/Tex-Mex/Latin,Cuban,independent,,high
HEALTH2020-00224,MARY'S MOUNTAIN COOKIES,107 W LOUISIANA ST,107 W LOUISIANA ST,,2020-12-08,2024-07-09,11,HEALTH2020-00224,False,,,,,,,,,Coffee/Cafe/Bakery/Dessert,cookies,national_regional,,high
HEALTH2020-00226,GLORIA'S,3635 W UNIVERSITY DR,3635 W UNIVERSITY DR,,2020-12-10,2024-11-14,14,HEALTH2020-00226,False,,,,,,,,,Mexican/Tex-Mex/Latin,Latin (Salvadoran/Tex-Mex),national_regional,,high
HEALTH2020-00227,Cremcrittos,3755 S LAKE FOREST DR,3755 S LAKE FOREST DR,,2021-03-02,2024-08-22,6,HEALTH2020-00227,False,,,,,,,,,Coffee/Cafe/Bakery/Dessert,desserts/snacks,independent,,low
HEALTH2020-00228,"German Roasted Nuts
Ginger Murphy
Owner/Operator
[phone]
We roast pecans and almonds in cinnamon, sugar, and vanilla on-site, in a copper kettle.",4550 W UNIVERSITY DR,4550 W UNIVERSITY DR,,2020-11-13,2020-11-13,1,HEALTH2020-00228,True,,,,,,,,,Venue/Concession,roasted nuts,independent,,medium
HEALTH2020-00232,Food Trailer / Nacho Libre,4550 W UNIVERSITY DR,4550 W UNIVERSITY DR,,2020-11-14,2020-11-14,1,HEALTH2020-00232,True,,,,,,,,,Venue/Concession,nachos/baked potato trailer,independent,,medium
HEALTH2020-00234,DING TEA,2050 W UNIVERSITY DR 145,2050 W UNIVERSITY DR,145,2021-04-21,2023-05-05,5,HEALTH2020-00234,False,,,,,,,,,Coffee/Cafe/Bakery/Dessert,boba tea,national_regional,,high
HEALTH2020-00239,PJ'S COFFEE OF NEW ORLEANS,6091 W UNIVERSITY DR 100,6091 W UNIVERSITY DR,100,2021-02-08,2021-07-16,2,HEALTH2020-00239,False,,,,,,,,,Coffee/Cafe/Bakery/Dessert,coffee,national_regional,,high
HEALTH2020-00240,WHITE HOUSE KITCHEN,808 GRIFFIN ST,808 GRIFFIN ST,,2021-04-03,2023-05-06,5,HEALTH2020-00240,False,,,,,,,,,Other non-restaurant,packaged juice producer sampling (farmers market),independent,,medium
HEALTH2020-00243,CHIPOTLE,5151 W UNIVERSITY DR,5151 W UNIVERSITY DR,,2021-04-05,2024-09-16,11,HEALTH2020-00243,False,,,,,,,,,Mexican/Tex-Mex/Latin,Mexican fast casual,national_regional,,high
HEALTH2020-00247,PIE TRAILER TO SELL AT THE MFM,315 S CHESTNUT ST,315 S CHESTNUT ST,,2021-04-03,2021-11-06,2,HEALTH2020-00247,True,,,,,,,,,Coffee/Cafe/Bakery/Dessert,pies (farmers market trailer),independent,,high
HEALTH2020-00250,DREAMY DESSERT,1105 N TENNESSEE ST 200,1105 N TENNESSEE ST,200,2021-07-21,2024-04-10,6,HEALTH2020-00250,False,,,,,,,,,Coffee/Cafe/Bakery/Dessert,desserts,independent,,high
HEALTH2020-00254,Shaved Ice,4550 W UNIVERSITY DR,4550 W UNIVERSITY DR,,2021-03-12,2021-10-16,3,HEALTH2020-00254,True,,,,,,,,,Coffee/Cafe/Bakery/Dessert,shaved ice,independent,,high
HEALTH2020-00255,SHELBY'S PIZZA,210 COIT RD 220,210 COIT RD,220,2021-04-16,2023-10-03,10,HEALTH2020-00255,False,,,,,,,,,Pizza/Italian,pizza,independent,,high
HEALTH2020-00258,THE COMEDY ARENA,305 E VIRGINIA ST 104,305 E VIRGINIA ST,104,2021-04-21,2025-01-31,6,HEALTH2020-00258,False,,,,,,,,,Venue/Concession,comedy club concessions,independent,,medium
HEALTH2020-00259,C2K2 SUGAR RUSH,1550 S CUSTER RD 200,1550 S CUSTER RD,200,2021-05-18,2023-10-27,8,HEALTH2020-00259,False,,,,,,,,,Coffee/Cafe/Bakery/Dessert,sweets/desserts,independent,,low
HEALTH2021-00005,A1 Liquor & Tacos To Go,1213 S MCDONALD ST,1213 S MCDONALD ST,,2021-03-09,2024-06-04,9,HEALTH2021-00005,False,,,,,,,,,Mexican/Tex-Mex/Latin,taco counter in liquor store,independent,,medium
HEALTH2021-00006,DEMPSEY'S,310 E LOUISIANA ST,310 E LOUISIANA ST,,2021-08-02,2023-09-27,5,HEALTH2017-008627,False,,,,,,,,,Convenience/Gas,"downtown market (hot dogs, burritos, coffee, prepackaged items)",independent,,low
HEALTH2021-00007,B&B CAFE BREAKFAST AND LUNCH,1411 N CUSTER RD 100,1411 N CUSTER RD,100,2021-03-11,2023-10-20,4,HEALTH2021-00007,False,,,,,,,,,"American (sit-down, bars, venues)",breakfast/lunch cafe,independent,,high
HEALTH2021-00011,Melodic Bake Shop,1550 S CUSTER RD 600,1550 S CUSTER RD,600,2021-04-22,2023-08-10,5,HEALTH2021-00011,False,,,,,,,,,Coffee/Cafe/Bakery/Dessert,bakery,independent,,high
HEALTH2021-00015,SEINYAA FOOD PRODUCTS,5160 COLLIN MCKINNEY PKWY,5160 COLLIN MCKINNEY PKWY,,2021-06-08,2024-12-10,9,HEALTH2021-00015,False,,,,,,,,,Other cuisine,West African foods,independent,,low
HEALTH2021-00018,SUSHI BOX,8930 SH 121 562,8930 SH 121,562,2021-06-24,2024-01-18,7,HEALTH2021-00018,False,,,,,,,,,Japanese,sushi,independent,,medium
HEALTH2021-00020,JUNGLE BURGER,318 N CENTRAL EXPY,318 N CENTRAL EXPY,,2021-06-17,2024-01-10,12,HEALTH2017-008538,False,,,,,,,,,"American (sit-down, bars, venues)",burgers,independent,,medium
HEALTH2021-00022,HELLO BOBA,1260 N COIT RD,1260 N COIT RD,,2021-04-22,2024-01-11,6,HEALTH2021-00022,False,,,,,,,,,Coffee/Cafe/Bakery/Dessert,boba tea,independent,,low
HEALTH2021-00023,YUMMI SUSHI,1801 N LAKE FOREST DR,1801 N LAKE FOREST DR,,2021-06-12,2023-05-11,5,HEALTH2021-00023,False,,,,,,,,,Grocery/Market,sushi counter inside Kroger #565,national_regional,mainstream_supermarket,medium
HEALTH2021-00028,GUIDEPOST MONTESSORI AT CRAIG RANCH,6800 BOUNTIFUL GROVE DR,6800 BOUNTIFUL GROVE DR,,2022-01-18,2023-10-04,5,HEALTH2020-00185,False,,,,,,,,,Institutional,school/daycare,national_regional,,high
HEALTH2021-00032,URBAN GRILL AND WINE BAR,218 E LOUISIANA ST 300,218 E LOUISIANA ST,300,2021-09-14,2023-08-21,5,HEALTH2021-00032,False,,,,,,,,,"American (sit-down, bars, venues)",grill and wine bar,independent,,medium
HEALTH2021-00038,TEALATTE BAR,7001 S CUSTER RD 400,7001 S CUSTER RD,400,2021-06-01,2023-08-14,8,HEALTH2021-00038,False,,,,,,,,,Coffee/Cafe/Bakery/Dessert,boba/tea,independent,,low
HEALTH2021-00039,UNCLES FAMILY KITCHEN,315 S CHESTNUT ST,315 S CHESTNUT ST,,2021-04-03,2023-05-06,4,HEALTH2021-00039,True,,,,,,,,,Other non-restaurant,farmers market vendor with samples (product not identified),independent,,low
HEALTH2021-00051,Jersey Mike's Sub Shop,6720 ALMA RD 500,6720 ALMA RD,500,2021-06-03,2024-04-15,10,HEALTH2021-00051,False,,,,,,,,,Deli/Sandwich/Salad,sub sandwiches,national_regional,,high
HEALTH2021-00052,Eurest McKinney 9740,2501 W UNIVERSITY DR,2501 W UNIVERSITY DR,,2021-10-21,2024-05-24,8,HEALTH2021-00052,False,,,,,,,,,Institutional,corporate cafeteria (Raytheon),national_regional,,high
HEALTH2021-00053,SAI N KRIPA,3905 W UNIVERSITY DR 400,3905 W UNIVERSITY DR,400,2021-11-03,2023-07-21,5,HEALTH2021-00053,False,,,,,,,,,Indian,Indian,independent,,medium
HEALTH2021-00057,The Learning Experience,1460 N HARDIN BLVD,1460 N HARDIN BLVD,,2021-06-02,2024-01-11,7,HEALTH2021-00057,False,,,,,,,,,Institutional,school/daycare,national_regional,,high
HEALTH2021-00060,Jim's pizza ,2107 ELDORADO PKWY 110,2107 ELDORADO PKWY,110,2021-07-26,2024-03-25,7,HEALTH2021-00060,False,,,,,,,,,Pizza/Italian,pizza,local_multi,,low
HEALTH2021-00065,Two Crazy Guys Sports Bar,1751 ELDORADO PKWY 310,1751 ELDORADO PKWY,310,2021-06-23,2024-04-23,9,HEALTH2021-00065,False,,,,,,,,,"American (sit-down, bars, venues)",sports bar,independent,,low
HEALTH2021-00071,CRUNCHY GIRL GRANOLA,314 S CHESTNUT ST,314 S CHESTNUT ST,,2021-11-06,2021-11-06,1,HEALTH2021-00071,False,,,,,,,,,Other non-restaurant,packaged granola (farmers market),independent,,medium
HEALTH2021-00097,COLLIN COLLEGE,2400 COMMUNITY AVE,2400 COMMUNITY AVE,,2021-04-19,2021-11-17,2,HEALTH2017-009027,False,,,,,,,,,Institutional,college cafe,local_multi,,high
HEALTH2021-00098,DUTCH BROS COFFEE SHOP,1401 N CUSTER RD,1401 N CUSTER RD,,2021-07-26,2024-03-07,6,HEALTH2021-00098,False,,,,,,,,,Coffee/Cafe/Bakery/Dessert,coffee,national_regional,,high
HEALTH2021-00102,BEE KING'S RAW HONEY,4550 W UNIVERSITY DR,4550 W UNIVERSITY DR,,2021-06-19,2021-06-19,1,HEALTH2021-00102,True,,,,,,,,,Other non-restaurant,raw honey (market vendor),independent,,medium
HEALTH2021-00113,JOY THAI,260 N COIT RD 110,260 N COIT RD,110,2021-11-17,2024-01-30,6,HEALTH2021-00113,False,,,,,,,,,Thai,Thai,independent,,high
HEALTH2021-00145,ROLL-ON IN SUSHI AND BUZZED BULL CREAMY,7001 S CUSTER RD 600,7001 S CUSTER RD,600,2021-09-02,2022-03-24,2,HEALTH2021-00145,False,,,,,,,,,Japanese,sushi rolls plus ice cream shop,independent,,medium
HEALTH2021-00147,TASTE OF CHICAGO,216 W VIRGINIA ST 102,216 W VIRGINIA ST,102,2021-08-27,2023-01-05,5,HEALTH2021-00147,False,,,,,,,,,"American (sit-down, bars, venues)",Chicago-style hot dogs/Italian beef,independent,,medium
HEALTH2021-00148,CLASSIC INTERNATIONAL MARKET,2310 VIRGINIA PKWY 130,2310 VIRGINIA PKWY,130,2021-10-30,2024-04-09,5,HEALTH2021-00148,False,,,,,,,,,Grocery/Market,halal/international market,independent,independent_specialty,medium
HEALTH2021-00149,Permission to give out samples,4550 W UNIVERSITY DR,4550 W UNIVERSITY DR,,2021-06-19,2021-06-19,1,HEALTH2021-00149,True,,,,,,,,,Other non-restaurant,sampling booth (Trade Days),independent,,low
HEALTH2021-00150,CADENCE CYCLERY,119 S TENNESSEE ST,119 S TENNESSEE ST,,2021-08-18,2024-05-07,6,HEALTH2021-00150,False,,,,,,,,,Coffee/Cafe/Bakery/Dessert,coffee bar in bike shop,independent,,medium
HEALTH2021-00151,MIRA'S PIZZA,5121 COLLIN MCKINNEY PKWY 1100,5121 COLLIN MCKINNEY PKWY,1100,2021-09-28,2021-12-09,2,HEALTH2021-00151,False,,,,,,,,,Pizza/Italian,pizza,independent,,high
HEALTH2021-00155,SHINING STARS MONTESSORI,5450 COLLIN MCKINNEY PKWY,5450 COLLIN MCKINNEY PKWY,,2021-11-01,2024-04-01,8,HEALTH2021-00155,False,,,,,,,,,Institutional,school/daycare,independent,,high
HEALTH2021-00161,HAMMS MEAT MARKET,307 W LOUISIANA ST,307 W LOUISIANA ST,,2021-12-21,2023-11-09,7,HEALTH2021-00161,False,,,,,,,,,Grocery/Market,meat market,independent,independent_specialty,high
HEALTH2021-00164,BAHAMA BUCK'S,2783 VIRGINIA PKWY,2783 VIRGINIA PKWY,,2021-07-27,2024-03-19,6,HEALTH2016-006463,False,,,,,,,,,Coffee/Cafe/Bakery/Dessert,shaved ice,national_regional,,high
HEALTH2021-00174,MAGIC CUP,7701 STACY RD 100,7701 STACY RD,100,2021-10-23,2023-04-27,6,HEALTH2021-00174,False,,,,,,,,,Coffee/Cafe/Bakery/Dessert,boba tea,independent,,low
HEALTH2021-00175,Kuma Ramen,5121 COLLIN MCKINNEY PKWY 800,5121 COLLIN MCKINNEY PKWY,800,2021-11-01,2022-12-15,4,HEALTH2021-00175,False,,,,,,,,,Japanese,ramen,independent,,high
HEALTH2021-00179,YOHE SUSHI & SEAFOOD,2045 N CENTRAL EXPY 700,2045 N CENTRAL EXPY,700,2021-08-03,2024-04-09,9,HEALTH2021-00179,False,,,,,,,,,Japanese,sushi and seafood,independent,,low
HEALTH2021-00180,Sushi Go,5005 MCKINNEY RANCH PKWY 200,5005 MCKINNEY RANCH PKWY,200,2022-01-04,2024-11-20,9,HEALTH2017-007757,False,,,,,,,,,Japanese,sushi,independent,,medium
HEALTH2021-00181,PARRY'S PIZZERIA & BAR,3705 W UNIVERSITY DR 100,3705 W UNIVERSITY DR,100,2021-09-23,2024-04-02,9,HEALTH2021-00181,False,,,,,,,,,Pizza/Italian,pizza,local_multi,,high
HEALTH2021-00185,EMERSON HIGH SCHOOL,6300 COLLIN MCKINNEY PKWY,6300 COLLIN MCKINNEY PKWY,,2021-10-13,2026-04-10,10,HEALTH2021-00185,False,,,,,,,,,Institutional,school cafeteria/concession,local_multi,,high
HEALTH2021-00190,"dry package merchandise for sale
booth worker to provide samples from crock pots to patrons",5236 W UNIVERSITY DR 4450,5236 W UNIVERSITY DR,4450,2021-06-19,2021-06-19,1,HEALTH2021-00190,False,,,,,,,,,Other non-restaurant,packaged merchandise booth,unknown,,medium
HEALTH2021-00200,PAPA MURPHY'S ,3201 S HARDIN BLVD 200,3201 S HARDIN BLVD,200,2021-11-17,2024-01-18,6,HEALTH2017-008963,False,,,,,,,,,Pizza/Italian,take-and-bake pizza,national_regional,,high
HEALTH2021-00207,Circle K ,2400 VIRGINIA PKWY,2400 VIRGINIA PKWY,,2021-10-30,2024-04-09,6,HEALTH2017-001060,False,,,,,,,,,Convenience/Gas,convenience store / gas station,national_regional,,high
HEALTH2021-00208,N & P FARM & DAIRY,315 S CHESTNUT ST,315 S CHESTNUT ST,,2022-04-30,2022-11-12,2,HEALTH2021-00208,True,,,,,,,,,Other non-restaurant,raw milk/dairy vendor (farmers market),independent,,high
HEALTH2021-00215,Mister Softee DFW,4550 W UNIVERSITY DR,4550 W UNIVERSITY DR,,2021-07-07,2021-07-07,1,HEALTH2021-00215,True,,,,,,,,,Coffee/Cafe/Bakery/Dessert,ice cream truck,national_regional,,high
HEALTH2021-00218,REEVES ELEMENTARY- PROSPER ISD,2501 AUBURN HILLS PKWY,2501 AUBURN HILLS PKWY,,2021-10-15,2026-04-02,10,HEALTH2021-00218,False,,,,,,,,,Institutional,school cafeteria/concession,local_multi,,high
HEALTH2021-00220,TACO OCHO,3041 S CUSTER RD 800,3041 S CUSTER RD,800,2021-12-27,2024-04-12,8,HEALTH2021-00220,False,,,,,,,,,Mexican/Tex-Mex/Latin,tacos (Tex-Mex),local_multi,,high
HEALTH2021-00221,ENCORE NW BREAKROOM,990 S AIRPORT DR,990 S AIRPORT DR,,2022-01-25,2023-12-14,3,HEALTH2021-00221,False,,,,,,,,,Other non-restaurant,micro market (employer break room),unknown,,high
HEALTH2021-00222,ENCORE SOUTH BREAKROOM,990 S AIRPORT DR,990 S AIRPORT DR,,2022-01-25,2023-12-14,3,HEALTH2021-00222,False,,,,,,,,,Other non-restaurant,micro market (employer break room),unknown,,high
HEALTH2021-00223,MEDICAL CENTER,4500 MEDICAL CENTER DR,4500 MEDICAL CENTER DR,,2022-02-07,2024-05-22,8,HEALTH2021-00223,False,,,,,,,,,Other non-restaurant,hospital micro market (Canteen),national_regional,,medium
HEALTH2021-00224,SIMPSON STRONG TIE,2151 S AIRPORT DR,2151 S AIRPORT DR,,2022-01-06,2023-12-07,3,HEALTH2021-00224,False,,,,,,,,,Other non-restaurant,micro market (employer break room),unknown,,medium
HEALTH2021-00225,THE STIX ICEHOUSE,301 ELDORADO PKWY,301 ELDORADO PKWY,,2022-02-18,2024-10-08,6,HEALTH2021-00225,False,,,,,,,,,"American (sit-down, bars, venues)",icehouse bar & grill,independent,,high
HEALTH2021-00226,HOME KABOB,4550 ELDORADO PKWY 103,4550 ELDORADO PKWY,103,2021-11-02,2024-05-31,9,HEALTH2021-00226,False,,,,,,,,,Mediterranean/Middle Eastern,kabob,independent,,low
HEALTH2021-00229,SONIC DRIVE-IN,312 W UNIVERSITY DR,312 W UNIVERSITY DR,,2021-11-02,2024-06-11,6,HEALTH2017-000074,False,,,,,,,,,Fast Food,burgers/drive-in,national_regional,,high
HEALTH2021-00230,EMERSON HIGH SCHOOL OUTDOOR SPORTS CONCESSION,6300 COLLIN MCKINNEY PKWY,6300 COLLIN MCKINNEY PKWY,,2021-10-13,2026-04-10,9,HEALTH2021-00230,False,,,,,,,,,Institutional,school cafeteria/concession,local_multi,,high
HEALTH2021-00231,EMERSON HIGH SCHOOL TENNIS CONCESSION,6300 COLLIN MCKINNEY PKWY,6300 COLLIN MCKINNEY PKWY,,2021-10-13,2026-04-10,9,HEALTH2021-00231,False,,,,,,,,,Institutional,school cafeteria/concession,local_multi,,high
HEALTH2021-00233,EMERSON HIGH SCHOOL GYM CONCESSION,6300 COLLIN MCKINNEY PKWY,6300 COLLIN MCKINNEY PKWY,,2021-10-13,2026-04-10,8,HEALTH2021-00233,False,,,,,,,,,Institutional,school cafeteria/concession,local_multi,,high
HEALTH2021-00235,HABITAT PLANTS + COFFEE,214 N KENTUCKY ST A,214 N KENTUCKY ST,A,2022-02-17,2024-07-26,6,HEALTH2021-00235,False,,,,,,,,,Coffee/Cafe/Bakery/Dessert,coffee in plant shop,independent,,medium
HEALTH2021-00246,P.F. Chang's To-Go,1801 N HARDIN BLVD 100,1801 N HARDIN BLVD,100,2021-11-11,2023-12-05,7,HEALTH2021-00246,False,,,,,,,,,Chinese,Chinese,national_regional,,high
HEALTH2021-00254,CRUMBL COOKIES,3194 W UNIVERSITY DR 200,3194 W UNIVERSITY DR,200,2021-10-07,2024-07-17,7,HEALTH2021-00254,False,,,,,,,,,Coffee/Cafe/Bakery/Dessert,cookies,national_regional,,high
HEALTH2021-00256,Planet Smoothie,2014 W UNIVERSITY DR 340,2014 W UNIVERSITY DR,340,2021-10-20,2024-03-25,4,HEALTH2017-003409,False,,,,,,,,,Coffee/Cafe/Bakery/Dessert,smoothies/juice,national_regional,,high
HEALTH2021-00259,TYME IS NOW NURTITION AND ENERGY,400 N CENTRAL EXPY,400 N CENTRAL EXPY,,2021-12-20,2023-01-03,4,HEALTH2021-00259,False,,,,,,,,,Coffee/Cafe/Bakery/Dessert,nutrition shakes,independent,,medium
HEALTH2021-00264,Hissho Sushi sushi bar inside Target 2335,2025 N CENTRAL EXPY,2025 N CENTRAL EXPY,,2022-01-04,2024-06-17,6,HEALTH2021-00264,False,,,,,,,,,Grocery/Market,sushi counter inside Target T-2335,national_regional,mainstream_supermarket,medium
HEALTH2021-00266,Long John Silver,1708 W UNIVERSITY DR,1708 W UNIVERSITY DR,,2022-01-31,2024-06-11,5,HEALTH2021-00266,False,,,,,,,,,Fast Food,fried fish,national_regional,,high
HEALTH2021-00268,FARM 2 COOK MEAT MARKET,8720 SH 121 126,8720 SH 121,126,2021-12-21,2024-09-17,6,HEALTH2021-00268,False,,,,,,,,,Grocery/Market,meat market,independent,independent_specialty,high
HEALTH2021-00269,Domino's Pizza #8791,4550 ELDORADO PKWY 100,4550 ELDORADO PKWY,100,2022-01-11,2024-08-05,7,HEALTH2021-00269,False,,,,,,,,,Pizza/Italian,pizza,national_regional,,high
HEALTH2021-00294,KINDERCARE,2901 ALMA RD,2901 ALMA RD,,2021-11-18,2024-11-15,8,HEALTH2021-00294,False,,,,,,,,,Institutional,school/daycare,national_regional,,high
HEALTH2021-00316,Braum's Ice Cream,1501 N CUSTER RD,1501 N CUSTER RD,,2021-12-07,2024-09-30,9,HEALTH2021-00316,False,,,,,,,,,Fast Food,burgers / ice cream / dairy store,national_regional,,high
HEALTH2021-00320,SALOMAY,5121 COLLIN MCKINNEY PKWY 100,5121 COLLIN MCKINNEY PKWY,100,2021-12-08,2024-09-05,9,HEALTH2021-00320,False,,,,,,,,,Unknown,unclear,independent,,low
HEALTH2021-00334,Chick-Fil-A #4620,5001 W UNIVERSITY DR,5001 W UNIVERSITY DR,,2022-01-21,2024-10-04,6,HEALTH2021-00334,False,,,,,,,,,Fast Food,fried chicken,national_regional,,high
HEALTH2021-00338,Willow Wood Elementary,5780 PARKDALE DR,5780 PARKDALE DR,,2021-10-05,2026-02-26,10,HEALTH2021-00338,False,,,,,,,,,Institutional,school cafeteria/concession,local_multi,,high
HEALTH2021-00344,CHICAGO'S PIZZA TWIST,6720 ALMA RD 400,6720 ALMA RD,400,2022-04-08,2023-12-26,6,HEALTH2021-00344,False,,,,,,,,,Pizza/Italian,Indian-style pizza,national_regional,,medium
HEALTH2021-00346,AMAZON BREAKROOM,1398 INDUSTRIAL BLVD,1398 INDUSTRIAL BLVD,,2022-01-06,2023-12-14,5,HEALTH2021-00346,False,,,,,,,,,Other non-restaurant,micro market (employer break room),unknown,,high
HEALTH2021-00349,Godfather's Pizza,4701 S CUSTER RD 400,4701 S CUSTER RD,400,2022-01-25,2024-12-19,11,HEALTH2021-00349,False,,,,,,,,,Pizza/Italian,pizza,national_regional,,high
HEALTH2021-00351,Imagine International Academy of North Texas,2850 VIRGINIA PKWY,2850 VIRGINIA PKWY,,2021-10-18,2026-04-17,10,HEALTH2021-00351,False,,,,,,,,,Institutional,school/daycare,independent,,high
HEALTH2021-00354,7-Eleven #41378,3601 VIRGINIA PKWY,3601 VIRGINIA PKWY,,2022-01-07,2024-12-27,7,HEALTH2021-00354,False,,,,,,,,,Convenience/Gas,convenience store / gas station,national_regional,,high
HEALTH2021-00355,GOLDEN CHICK,1001 W UNIVERSITY DR,1001 W UNIVERSITY DR,,2022-03-08,2024-11-05,8,HEALTH2017-008926,False,,,,,,,,,Fast Food,fried chicken,national_regional,,high
HEALTH2021-00365,YABA JAVA CAFE,3935 S LAKE FOREST DR 125,3935 S LAKE FOREST DR,125,2022-02-07,2023-03-14,4,HEALTH2021-00365,False,,,,,,,,,Coffee/Cafe/Bakery/Dessert,cafe,independent,,medium
HEALTH2021-00372,Wendy's #10650,8904 SH 121,8904 SH 121,,2022-02-22,2024-08-29,5,HEALTH2017-006634,False,,,,,,,,,Fast Food,burgers,national_regional,,high
HEALTH2021-00373,Wendy's #8263,1951 ELDORADO PKWY,1951 ELDORADO PKWY,,2022-06-22,2024-11-01,8,HEALTH2017-006635,False,,,,,,,,,Fast Food,burgers,national_regional,,high
HEALTH2021-00376,Barro's Pizza,2730 S CENTRAL EXPY,2730 S CENTRAL EXPY,,2021-11-24,2024-11-26,10,HEALTH2021-00376,False,,,,,,,,,Pizza/Italian,pizza,national_regional,,high
HEALTH2021-00379,MIRUKU CREAMERY & CAFE,207 N KENTUCKY ST,207 N KENTUCKY ST,,2022-02-18,2024-07-22,6,HEALTH2021-00379,False,,,,,,,,,Coffee/Cafe/Bakery/Dessert,ice cream and cafe,independent,,high
HEALTH2021-00380,Costco Demo Food,3650 W UNIVERSITY DR,3650 W UNIVERSITY DR,,2022-03-09,2024-09-30,6,HEALTH2021-00380,False,,,,,,,,,Grocery/Market,Costco - food demo station,national_regional,mainstream_supermarket,high
HEALTH2021-00390,WENDY'S,5175 W UNIVERSITY DR,5175 W UNIVERSITY DR,,2022-03-14,2024-12-03,9,HEALTH2021-00390,False,,,,,,,,,Fast Food,burgers,national_regional,,high
HEALTH2021-00391,REHMAT TRADDING LLC,902 GREENVILLE RD,902 GREENVILLE RD,,2022-01-25,2022-01-25,1,HEALTH2021-00391,False,,,,,,,,,Convenience/Gas,small store (packaged foods only),independent,,low
HEALTH2021-00395,PJ's Coffee ,6091 W UNIVERSITY DR 100,6091 W UNIVERSITY DR,100,2022-03-23,2022-09-21,2,HEALTH2020-00239,False,,,,,,,,,Coffee/Cafe/Bakery/Dessert,coffee,national_regional,,high
HEALTH2021-00398,BRESNAN BREAD AND PASTRY,301 E LOUISIANA ST,301 E LOUISIANA ST,,2022-03-02,2025-01-07,7,HEALTH2021-00398,False,,,,,,,,,Coffee/Cafe/Bakery/Dessert,bakery,independent,,medium
HEALTH2021-00401,DESI DISTRICT ** FACILITY OWES RISKS FEES 11/18/24**,5400 COLLIN MCKINNEY PKWY,5400 COLLIN MCKINNEY PKWY,,2022-03-02,2024-11-18,12,HEALTH2021-00401,False,,,,,,,,,Grocery/Market,Indian grocery with food counter,national_regional,independent_specialty,medium
HEALTH2021-00402,DESI DISTRICT,5400 COLLIN MCKINNEY PKWY,5400 COLLIN MCKINNEY PKWY,,2022-07-25,2024-11-18,9,HEALTH2021-00401,False,,,,,,,,,Grocery/Market,Indian grocery with food counter,national_regional,independent_specialty,medium
HEALTH2021-00403,Desi District,5400 COLLIN MCKINNEY PKWY,5400 COLLIN MCKINNEY PKWY,,2022-05-06,2024-11-18,9,HEALTH2021-00401,False,,,,,,,,,Grocery/Market,Indian grocery with food counter,national_regional,independent_specialty,medium
HEALTH2021-00410,CARNIVAL ICE EATZ N TREATZ,5121 COLLIN MCKINNEY PKWY,5121 COLLIN MCKINNEY PKWY,,2022-05-12,2022-05-12,1,HEALTH2021-00410,False,,,,,,,,,Coffee/Cafe/Bakery/Dessert,shaved ice and treats,independent,,low
HEALTH2021-00411,BLESSLIZ CATERING & AFRICAN MARKET,1502 W UNIVERSITY DR,1502 W UNIVERSITY DR,,2022-02-18,2024-10-01,8,HEALTH2021-00411,False,,,,,,,,,Grocery/Market,African grocery,independent,independent_specialty,high
HEALTH2021-00412,Zaza Thai,7551 ELDORADO PKWY 200,7551 ELDORADO PKWY,200,2022-04-27,2023-10-25,7,HEALTH2021-00412,False,,,,,,,,,Thai,Thai,independent,,high
HEALTH2021-00414,Sweet Art Bakery,407 E LOUISIANA ST,407 E LOUISIANA ST,,2022-02-25,2024-10-10,8,HEALTH2019-00062,False,,,,,,,,,Coffee/Cafe/Bakery/Dessert,bakery,independent,,medium
HEALTH2021-00418,Two Senoritas,1222 N CENTRAL EXPY,1222 N CENTRAL EXPY,,2022-04-06,2024-09-06,8,HEALTH2021-00418,False,,,,,,,,,Mexican/Tex-Mex/Latin,Mexican,independent,,medium
HEALTH2021-00419,FAIRFIELD INN AND SUITES BY MARRIOTT,1600 N HARDIN BLVD,1600 N HARDIN BLVD,,2022-03-09,2024-09-12,7,HEALTH2021-00419,False,,,,,,,,,Hotel/Caterer/Commissary,hotel,national_regional,,high
HEALTH2021-00421,KWIK SHOP,215 E UNIVERSITY DR 119,215 E UNIVERSITY DR,119,2022-05-10,2024-04-10,5,HEALTH2017-000709,False,,,,,,,,,Convenience/Gas,convenience store / gas station,independent,,medium
HEALTH2021-00423,HOUSE OF BREAD,7551 ELDORADO PKWY 100,7551 ELDORADO PKWY,100,2022-04-28,2024-10-24,6,HEALTH2021-00423,False,,,,,,,,,Coffee/Cafe/Bakery/Dessert,bakery-cafe,national_regional,,medium
HEALTH2021-00424,SR GROCERY ,1207 N TENNESSEE ST,1207 N TENNESSEE ST,,2022-02-18,2024-03-04,5,HEALTH2021-00424,False,,,,,,,,,Convenience/Gas,"corner store (milk, juice, bagged ice)",independent,,low
HEALTH2021-00425,RAMEO'S PIZZA,3755 S LAKE FOREST DR 100,3755 S LAKE FOREST DR,100,2022-05-27,2022-05-27,1,HEALTH2021-00425,False,,,,,,,,,Pizza/Italian,pizza,independent,,high
HEALTH2022-00007,HANDYMART FOOD & GROCERY,1000 S MCDONALD ST,1000 S MCDONALD ST,,2022-12-07,2024-11-11,5,HEALTH2022-00007,False,,,,,,,,,Convenience/Gas,convenience store / gas station,independent,,medium
HEALTH2022-00011,CHOP SHOP WINE BAR,7560 SH 121,7560 SH 121,,2022-11-03,2024-07-25,4,HEALTH2022-00011,False,,,,,,,,,"American (sit-down, bars, venues)",wine bar,independent,,medium
HEALTH2022-00015,COMMUNITY GARDEN KITCHEN OF COLLIN COUNTY,501 HOWARD ST,501 HOWARD ST,,2023-02-27,2024-04-04,3,HEALTH2022-00015,False,,,,,,,,,Institutional,nonprofit social services,independent,,high
HEALTH2022-00019,Tacos Benditos,4550 W UNIVERSITY DR,4550 W UNIVERSITY DR,,2022-02-18,2022-05-13,3,HEALTH2022-00019,True,,,,,,,,,Mexican/Tex-Mex/Latin,tacos (event vendor),independent,,high
HEALTH2022-00022,Sheesh Kitchen,1521 N CUSTER RD 2800,1521 N CUSTER RD,2800,2022-04-26,2023-11-20,6,HEALTH2022-00022,False,,,,,,,,,Mediterranean/Middle Eastern,Middle Eastern (likely shish kebab),independent,,low
HEALTH2022-00025,InReach - Watson & Chalin,725 E UNIVERSITY DR,725 E UNIVERSITY DR,,2024-01-29,2024-01-29,1,HEALTH2022-00025,False,,,,,,,,,Other non-restaurant,vending/micro market,unknown,,low
HEALTH2022-00027,GROW ACADEMY,10101 WESTRIDGE BLVD 102,10101 WESTRIDGE BLVD,102,2022-05-23,2023-12-11,6,HEALTH2022-00027,False,,,,,,,,,Institutional,school/daycare,independent,,high
HEALTH2022-00028,ELWOOD BFD,7550 SH 121 250,7550 SH 121,250,2022-11-10,2023-09-05,2,HEALTH2022-00028,False,,,,,,,,,"American (sit-down, bars, venues)",bar and kitchen,independent,,low
HEALTH2022-00030,Palio's Pizza cafe ,6405 ELDORADO PKWY 200,6405 ELDORADO PKWY,200,2022-05-09,2024-03-29,7,HEALTH2017-005900,False,,,,,,,,,Pizza/Italian,pizza,national_regional,,high
HEALTH2022-00038,Baskets As Gifts,4550 W UNIVERSITY DR,4550 W UNIVERSITY DR,,2022-02-18,2022-09-16,3,HEALTH2022-00038,True,,,,,,,,,Other non-restaurant,gift baskets,independent,,medium
HEALTH2022-00040,Donut Box,4100 S RIDGE RD 100,4100 S RIDGE RD,100,2022-04-25,2023-12-13,6,HEALTH2019-00067,False,,,,,,,,,Coffee/Cafe/Bakery/Dessert,donuts/bagels,local_multi,,high
HEALTH2022-00044,Sugar ice cream & Waffles,4701 S CUSTER RD 350,4701 S CUSTER RD,350,2022-07-05,2023-09-26,3,HEALTH2022-00044,False,,,,,,,,,Coffee/Cafe/Bakery/Dessert,ice cream and waffles,independent,,high
HEALTH2022-00049,BARONS CREEK VINEYARDS,301 W LOUISIANA ST,301 W LOUISIANA ST,,2022-05-25,2024-02-22,6,HEALTH2022-00049,False,,,,,,,,,"American (sit-down, bars, venues)",winery tasting room with small plates,local_multi,,medium
HEALTH2022-00054,Doughnut Shop,8901 VIRGINIA PKWY,8901 VIRGINIA PKWY,,2022-06-24,2024-09-11,8,HEALTH2022-00054,False,,,,,,,,,Coffee/Cafe/Bakery/Dessert,donuts/bagels,independent,,high
HEALTH2022-00056,Five Guys Burgers & Fries,3530 W UNIVERSITY DR,3530 W UNIVERSITY DR,,2022-05-10,2024-02-21,7,HEALTH2018-10400,False,,,,,,,,,Fast Food,burgers,national_regional,,high
HEALTH2022-00059,K LOVELY LLC,4550 W UNIVERSITY DR,4550 W UNIVERSITY DR,,2022-05-13,2022-05-13,1,HEALTH2022-00059,True,,,,,,,,,Other non-restaurant,packaged goods vendor,independent,,low
HEALTH2022-00067,Jakes GameDay,4150 ELDORADO PKWY 800,4150 ELDORADO PKWY,800,2022-05-18,2023-11-27,4,HEALTH2022-00067,False,,,,,,,,,"American (sit-down, bars, venues)",sports bar,independent,,medium
HEALTH2022-00069,Sweet Taste of Paradise Winery,4550 W UNIVERSITY DR,4550 W UNIVERSITY DR,,2022-05-13,2024-11-15,7,HEALTH2022-00069,True,trades_day_farmers_market,Trades Day,Issued,Trades Day,0,NC,0.0,4.0,Other non-restaurant,winery (event vendor),independent,,medium
HEALTH2022-00084,HUB 121 CRAIG RANCH CONCESSION STAND,7570 SH 121,7570 SH 121,,2022-04-27,2023-11-29,4,HEALTH2022-00084,False,,,,,,,,,Venue/Concession,concession,independent,,medium
HEALTH2022-00094,REZ BURGER,2960 ELDORADO PKWY,2960 ELDORADO PKWY,,2022-07-25,2023-11-27,5,HEALTH2022-00094,False,,,,,,,,,"American (sit-down, bars, venues)",burgers,independent,,medium
HEALTH2022-00099,OGI'S EUROPEAN BAKERY AND DELI,1651 ELDORADO PKWY 108,1651 ELDORADO PKWY,108,2022-07-05,2024-02-23,7,HEALTH2022-00099,False,,,,,,,,,Other cuisine,Eastern European bakery/deli,independent,,medium
HEALTH2022-00101,ARAMARK MICROMARKET ,5252 W UNIVERSITY DR,5252 W UNIVERSITY DR,,2022-07-25,2024-03-14,6,HEALTH2022-00101,False,,,,,,,,,Other non-restaurant,micro market / vending,national_regional,,high
HEALTH2022-00104,THE ALLEY NOODLE BAR,7701 STACY RD 700,7701 STACY RD,700,2022-08-09,2024-02-02,6,HEALTH2022-00104,False,,,,,,,,,Asian (unspecified),noodle bar,independent,,medium
HEALTH2022-00105,BBQ food truck,4550 W UNIVERSITY DR,4550 W UNIVERSITY DR,,2022-05-13,2022-05-13,1,HEALTH2022-00105,True,,,,,,,,,"American (sit-down, bars, venues)",BBQ,independent,,medium
HEALTH2022-00108,Starbucks #66480,3651 VIRGINIA PKWY,3651 VIRGINIA PKWY,,2022-06-30,2024-03-15,4,HEALTH2022-00108,False,,,,,,,,,Coffee/Cafe/Bakery/Dessert,coffee,national_regional,,high
HEALTH2022-00111,PIZZA HUT,1720 N CENTRAL EXPY 210,1720 N CENTRAL EXPY,210,2022-06-29,2024-08-28,5,HEALTH2017-005407,False,,,,,,,,,Pizza/Italian,pizza,national_regional,,high
HEALTH2022-00112,PIZZA HUT,8408 STACY RD 150,8408 STACY RD,150,2022-08-23,2024-08-23,5,HEALTH2017-005077,False,,,,,,,,,Pizza/Italian,pizza,national_regional,,high
HEALTH2022-00113,TOWNEPLACE SUITES MCKINNEY,1832 MARKETPLACE DR,1832 MARKETPLACE DR,,2022-12-28,2024-01-08,4,HEALTH2017-008131,False,,,,,,,,,Hotel/Caterer/Commissary,hotel,national_regional,,high
HEALTH2022-00120,COLLIN COLLEGE MCKINNEY CAFE AND STARBUCKS,2400 COMMUNITY AVE,2400 COMMUNITY AVE,,2022-08-16,2024-05-07,5,HEALTH2017-009027,False,,,,,,,,,Institutional,college cafe,local_multi,,medium
HEALTH2022-00121,Arby's Restaurant,6540 SH 121,6540 SH 121,,2022-08-15,2023-10-30,3,HEALTH2022-00121,False,,,,,,,,,Fast Food,roast beef sandwiches,national_regional,,high
HEALTH2022-00123,TACO BUENO #3239,6530 SH 121,6530 SH 121,,2022-08-10,2024-05-24,6,HEALTH2022-00123,False,,,,,,,,,Fast Food,Taco Bueno,national_regional,,high
HEALTH2022-00167,BELTERRA HEALTH AND REHAB ,2170 N LAKE FOREST DR,2170 N LAKE FOREST DR,,2022-10-27,2024-10-30,6,HEALTH2018-09727,False,,,,,,,,,Institutional,senior living / nursing,unknown,,high
HEALTH2022-00172,Scooter's Coffee,8650 W UNIVERSITY DR,8650 W UNIVERSITY DR,,2022-07-06,2024-05-21,5,HEALTH2022-00172,False,,,,,,,,,Coffee/Cafe/Bakery/Dessert,coffee,national_regional,,high
HEALTH2022-00185,"AMERICAN GOTHIC PIZZA, LLC",4550 W UNIVERSITY DR,4550 W UNIVERSITY DR,,2022-05-11,2022-05-13,2,HEALTH2022-00185,True,,,,,,,,,Pizza/Italian,pizza (mobile unit),independent,,high
HEALTH2022-00195,HOKKAIDO RAMEN MCKINNEY SUSHI,3350 VIRGINIA PKWY,3350 VIRGINIA PKWY,,2022-07-27,2024-03-14,6,HEALTH2022-00195,False,,,,,,,,,Japanese,ramen and sushi,independent,,high
HEALTH2022-00200,PEACHWAVE OF MCKINNEY,1411 N CUSTER RD 700,1411 N CUSTER RD,700,2022-08-30,2022-08-30,1,HEALTH2020-00085,False,,,,,,,,,Coffee/Cafe/Bakery/Dessert,frozen yogurt,national_regional,,high
HEALTH2022-00202,TROPICAL SMOOTHIE,6675 S CUSTER RD 100,6675 S CUSTER RD,100,2022-09-14,2024-05-29,5,HEALTH2019-00456,False,,,,,,,,,Coffee/Cafe/Bakery/Dessert,smoothies/juice,national_regional,,high
HEALTH2022-00206,FORREST TRADING CO,4550 W UNIVERSITY DR,4550 W UNIVERSITY DR,,2022-05-13,2022-05-13,1,HEALTH2022-00206,True,,,,,,,,,Venue/Concession,Trade Days vendor (food not identified),independent,,low
HEALTH2022-00208,OSUMA SUYA,5121 COLLIN MCKINNEY PKWY 1100,5121 COLLIN MCKINNEY PKWY,1100,2022-06-16,2024-06-05,7,HEALTH2022-00208,False,,,,,,,,,Other cuisine,Nigerian suya,independent,,high
HEALTH2022-00212,51 RAINBOW INDIAN CUISINE,5151 MCKINNEY RANCH PKWY 110,5151 MCKINNEY RANCH PKWY,110,2022-08-17,2024-05-15,8,HEALTH2022-00212,False,,,,,,,,,Indian,Indian,independent,,high
HEALTH2022-00213,SONIC,420 N CUSTER RD,420 N CUSTER RD,,2022-08-30,2024-06-06,4,HEALTH2017-001241,False,,,,,,,,,Fast Food,burgers/drive-in,national_regional,,high
HEALTH2022-00214,SONIC DRIVE-IN,6481 ELDORADO PKWY,6481 ELDORADO PKWY,,2022-09-20,2024-05-30,5,HEALTH2017-001600,False,,,,,,,,,Fast Food,burgers/drive-in,national_regional,,high
HEALTH2022-00215,SONIC ,7221 S CUSTER RD,7221 S CUSTER RD,,2022-09-06,2024-06-10,5,HEALTH2017-004820,False,,,,,,,,,Fast Food,burgers/drive-in,national_regional,,high
HEALTH2022-00217,POPSHELF,2821 CRAIG DR 100,2821 CRAIG DR,100,2022-08-04,2024-07-11,5,HEALTH2022-00217,False,,,,,,,,,Convenience/Gas,dollar/discount store,national_regional,,high
HEALTH2022-00218,MARSHALL BROTHERS ICE,4550 W UNIVERSITY DR,4550 W UNIVERSITY DR,,2022-05-18,2024-02-16,5,HEALTH2022-00218,True,trades_day_farmers_market,Trades Day,Issued,Trades Day,0,NC,0.0,4.0,Coffee/Cafe/Bakery/Dessert,shaved ice / ice,independent,,low
HEALTH2022-00230,SMOOTHIE KING,3520 W UNIVERSITY DR 300,3520 W UNIVERSITY DR,300,2022-12-21,2024-02-06,4,HEALTH2018-10079,False,,,,,,,,,Coffee/Cafe/Bakery/Dessert,smoothies/juice,national_regional,,high
HEALTH2022-00234,LIONHEART CHILDREN'S ACADEMY ,6400 HENNEMAN WAY,6400 HENNEMAN WAY,,2022-07-11,2023-07-21,3,HEALTH2022-00234,False,,,,,,,,,Institutional,school/daycare,local_multi,,low
HEALTH2022-00246,THE POUR GIRL,315 S CHESTNUT ST,315 S CHESTNUT ST,,2022-11-12,2023-05-06,2,HEALTH2022-00246,True,,,,,,,,,Coffee/Cafe/Bakery/Dessert,beverages (farmers market),independent,,low
HEALTH2022-00249,STARBUCKS #67352,1751 N HARDIN BLVD,1751 N HARDIN BLVD,,2022-10-07,2024-06-29,5,HEALTH2022-00249,False,,,,,,,,,Coffee/Cafe/Bakery/Dessert,coffee,national_regional,,high
HEALTH2022-00250,FONTINA RISTORANTE,216 E VIRGINIA ST,216 E VIRGINIA ST,,2022-10-04,2024-02-07,4,HEALTH2022-00250,False,,,,,,,,,Pizza/Italian,Italian,independent,,high
HEALTH2022-00269,LA TIENDITA ,902 GREENVILLE RD,902 GREENVILLE RD,,2023-08-21,2024-02-23,2,HEALTH2022-00269,False,,,,,,,,,Grocery/Market,independent grocery,independent,independent_specialty,medium
HEALTH2022-00271,BENNY'S BAGEL,5100 ELDORADO PKWY 104,5100 ELDORADO PKWY,104,2022-11-09,2024-06-04,5,HEALTH2022-00271,False,,,,,,,,,Coffee/Cafe/Bakery/Dessert,donuts/bagels,independent,,high
HEALTH2022-00273,RUN DA,3851 S STONEBRIDGE DR 800,3851 S STONEBRIDGE DR,800,2022-11-29,2023-10-02,4,HEALTH2022-00273,False,,,,,,,,,Chinese,Chinese,independent,,low
HEALTH2022-00274,COMPANY KITCHEN,7677 HENNEMAN WAY,7677 HENNEMAN WAY,,2022-11-08,2024-02-15,4,HEALTH2022-00274,False,,,,,,,,,Other non-restaurant,micro market,national_regional,,medium
HEALTH2022-00275,RAYTHEON A WING 2ND FLOOR,2501 W UNIVERSITY DR,2501 W UNIVERSITY DR,,2022-09-21,2023-08-28,2,HEALTH2022-00275,False,,,,,,,,,Other non-restaurant,micro market/vending (employer),unknown,,low
HEALTH2022-00276,RAYTHEON MCKINNEY A WING 1ST FLOOR,2501 W UNIVERSITY DR,2501 W UNIVERSITY DR,,2022-09-21,2023-08-28,2,HEALTH2022-00276,False,,,,,,,,,Other non-restaurant,micro market/vending (employer),unknown,,low
HEALTH2022-00277,RAYTHEON MCKINNEY D WING 1ST FLOOR,2501 W UNIVERSITY DR,2501 W UNIVERSITY DR,,2022-09-21,2023-08-28,2,HEALTH2022-00277,False,,,,,,,,,Other non-restaurant,micro market/vending (employer),unknown,,low
HEALTH2022-00278,RAYTHEON MCKINNEY D WING 2ND FLOOR,2501 W UNIVERSITY DR,2501 W UNIVERSITY DR,,2022-09-21,2023-08-28,2,HEALTH2022-00278,False,,,,,,,,,Other non-restaurant,micro market/vending (employer),unknown,,low
HEALTH2022-00279,RAYTHEON MCKINNEY WAREHOUSE,2501 W UNIVERSITY DR,2501 W UNIVERSITY DR,,2022-09-21,2022-09-21,1,HEALTH2022-00279,False,,,,,,,,,Other non-restaurant,micro market/vending (employer),unknown,,low
HEALTH2022-00280,URBAN AIR MCKINNEY,3150 S HARDIN BLVD,3150 S HARDIN BLVD,,2022-08-31,2024-04-10,6,HEALTH2018-10403,False,,,,,,,,,Venue/Concession,trampoline park,national_regional,,high
HEALTH2022-00288,BUNNY DOG,315 S CHESTNUT ST,315 S CHESTNUT ST,,2022-11-12,2023-05-06,2,HEALTH2022-00288,True,,,,,,,,,Other non-restaurant,farmers market vendor (product not identified),independent,,low
HEALTH2022-00291,VILLAGE GREEN,3149 MEDICAL CENTER DR,3149 MEDICAL CENTER DR,,2023-04-26,2024-06-25,4,HEALTH2022-00291,False,,,,,,,,,Institutional,memory care home,unknown,,medium
HEALTH2022-00294,LITTLE GREEK MCKINNEY,2058 W UNIVERSITY DR,2058 W UNIVERSITY DR,,2022-11-14,2024-02-19,5,HEALTH2019-00077,False,,,,,,,,,Mediterranean/Middle Eastern,Greek,national_regional,,high
HEALTH2022-00297,AHA DONUTS,7500 STACY RD 120,7500 STACY RD,120,2022-07-15,2024-06-14,4,HEALTH2022-00297,False,,,,,,,,,Coffee/Cafe/Bakery/Dessert,donuts/bagels,independent,,high
HEALTH2022-00300,CICCIO TRATTORIA,7901 ELDORADO PKWY,7901 ELDORADO PKWY,,2022-09-14,2024-05-24,6,HEALTH2022-00300,False,,,,,,,,,Pizza/Italian,Italian,independent,,high
HEALTH2022-00303,BIG TACO,1620 N HARDIN BLVD 100,1620 N HARDIN BLVD,100,2022-11-04,2024-08-02,6,HEALTH2022-00303,False,,,,,,,,,Mexican/Tex-Mex/Latin,tacos,independent,,medium
HEALTH2022-00304,YO YO BEST THAI,1720 N CENTRAL EXPY,1720 N CENTRAL EXPY,,2022-11-15,2024-06-26,6,HEALTH2022-00304,False,,,,,,,,,Thai,Thai,independent,,high
HEALTH2022-00305,EVERBROOK ACADEMY,2854 ORCHID DR,2854 ORCHID DR,,2022-10-31,2024-04-26,5,HEALTH2022-00305,False,,,,,,,,,Institutional,school/daycare,national_regional,,high
HEALTH2022-00306,EGGSQUISITE CAFE,2058 W UNIVERSITY DR 800,2058 W UNIVERSITY DR,800,2022-10-26,2024-06-17,6,HEALTH2017-09655,False,,,,,,,,,"American (sit-down, bars, venues)",breakfast/brunch,independent,,low
HEALTH2022-00310,Independent Financial 1st Floor,7677 HENNEMAN WAY,7677 HENNEMAN WAY,,2022-11-08,2024-02-15,4,HEALTH2022-00310,False,,,,,,,,,Other non-restaurant,employer coffee station / micro market,unknown,,low
HEALTH2022-00313,LA QUINTA INN & SUITES ,6501 HENNEMAN WAY,6501 HENNEMAN WAY,,2022-09-22,2026-06-23,11,HEALTH2017-007611,False,permits,Restaurant,Issued,Biannual Inspections,10,DN,13.0,4.0,Hotel/Caterer/Commissary,hotel,national_regional,,high
HEALTH2022-00316,BOBA CITY,5160 COLLIN MCKINNEY PKWY,5160 COLLIN MCKINNEY PKWY,,2022-10-17,2023-11-16,3,HEALTH2022-00316,False,,,,,,,,,Coffee/Cafe/Bakery/Dessert,boba tea,independent,,high
HEALTH2022-00318,PARK MANOR OF MCKINNEY,1801 PEARSON AVE,1801 PEARSON AVE,,2022-12-15,2024-03-05,5,HEALTH2017-005876,False,,,,,,,,,Institutional,senior living / nursing,national_regional,,high
HEALTH2022-00322,STACY MONTESSORI,5400 STACY RD,5400 STACY RD,,2022-09-01,2024-10-17,6,HEALTH2022-00322,False,,,,,,,,,Institutional,school/daycare,independent,,high
HEALTH2022-00323,POPS THE TOP DOG,4550 W UNIVERSITY DR,4550 W UNIVERSITY DR,,2022-09-16,2022-09-16,1,HEALTH2022-00323,True,,,,,,,,,Venue/Concession,hot dogs (event vendor),independent,,medium
HEALTH2022-00325,TABU SHABU,1620 N HARDIN BLVD 1000,1620 N HARDIN BLVD,1000,2022-10-28,2024-02-01,5,HEALTH2022-00325,False,,,,,,,,,Japanese,shabu-shabu hot pot,local_multi,,low
HEALTH2022-00326,NULIFE NUTRITION,1330 N MCDONALD ST 109,1330 N MCDONALD ST,109,2022-11-04,2024-05-22,5,HEALTH2022-00326,False,,,,,,,,,Coffee/Cafe/Bakery/Dessert,nutrition shakes,independent,,medium
HEALTH2022-00335,Fresh Cut Fruit inside of Kroger Produce department,2901 S LAKE FOREST DR,2901 S LAKE FOREST DR,,2022-09-27,2022-09-27,1,HEALTH2022-00335,False,,,,,,,,,Grocery/Market,cut-fruit counter inside Kroger #567,national_regional,mainstream_supermarket,medium
HEALTH2022-00337,TEXAKONA COFFEE,407 E LOUISIANA ST 102,407 E LOUISIANA ST,102,2022-12-08,2023-09-06,4,HEALTH2022-00337,False,,,,,,,,,Coffee/Cafe/Bakery/Dessert,coffee,independent,,high
HEALTH2022-00339,CICI'S PIZZA,320 N CENTRAL EXPY,320 N CENTRAL EXPY,,2023-09-21,2024-04-15,2,HEALTH2017-006323,False,,,,,,,,,Pizza/Italian,pizza,national_regional,,high
HEALTH2022-00342,JOE'S INTERNATIONAL MARKET,153 S CENTRAL EXPY,153 S CENTRAL EXPY,,2022-12-02,2024-08-07,6,HEALTH2022-00371,False,,,,,,,,,Grocery/Market,international/halal market,independent,independent_specialty,medium
HEALTH2022-00343,PANE NOSTRO,6675 MEDITERRANEAN DR 3120,6675 MEDITERRANEAN DR,3120,2023-07-12,2023-07-12,1,HEALTH2022-00343,False,,,,,,,,,Pizza/Italian,Italian cafe/bakery,independent,,low
HEALTH2022-00357,MAAR LLC,1009 S MCDONALD ST,1009 S MCDONALD ST,,2023-01-26,2024-05-16,3,HEALTH2022-00357,False,,,,,,,,,Mexican/Tex-Mex/Latin,"Mexican (beans, rice)",independent,,low
HEALTH2022-00369,SWIG,5225 W UNIVERSITY DR,5225 W UNIVERSITY DR,,2023-01-05,2023-09-18,3,HEALTH2022-00369,False,,,,,,,,,Coffee/Cafe/Bakery/Dessert,soda/drink shop,national_regional,,high
HEALTH2022-00370,JOE'S INTERNATIONAL MARKET,153 S CENTRAL EXPY,153 S CENTRAL EXPY,,2022-12-02,2024-08-07,6,HEALTH2022-00371,False,,,,,,,,,Grocery/Market,international/halal market,independent,independent_specialty,medium
HEALTH2022-00371,JOE'S INTERNATIONAL MARKET,153 S CENTRAL EXPY,153 S CENTRAL EXPY,,2022-12-02,2024-08-07,6,HEALTH2022-00371,False,,,,,,,,,Grocery/Market,international/halal market (meat),independent,independent_specialty,medium
HEALTH2022-00376,Durkin's Pizza,8930 SH 121,8930 SH 121,,2023-03-16,2024-09-26,3,HEALTH2018-002106,False,,,,,,,,,Pizza/Italian,pizza,local_multi,,low
HEALTH2022-00399,JAMBA JUICE,1658 W UNIVERSITY DR,1658 W UNIVERSITY DR,,2022-11-08,2024-06-11,4,HEALTH2018-10144,False,,,,,,,,,Coffee/Cafe/Bakery/Dessert,smoothies/juice,national_regional,,high
HEALTH2022-00406,Snowfruit 565,1801 N LAKE FOREST DR,1801 N LAKE FOREST DR,,2023-05-11,2023-05-11,1,HEALTH2022-00406,False,,,,,,,,,Grocery/Market,cut-fruit counter inside Kroger #565,national_regional,mainstream_supermarket,medium
HEALTH2022-00407,Snowfruit 567,2901 S LAKE FOREST DR,2901 S LAKE FOREST DR,,2023-02-08,2024-09-03,4,HEALTH2022-00407,False,,,,,,,,,Grocery/Market,cut-fruit counter inside Kroger #567,national_regional,mainstream_supermarket,medium
HEALTH2022-00415,CACTUS AFICAN MARKET,2310 VIRGINIA PKWY 100,2310 VIRGINIA PKWY,100,2023-01-05,2023-07-03,3,HEALTH2022-00415,False,,,,,,,,,Grocery/Market,African grocery,independent,independent_specialty,high
HEALTH2022-00423,Jamba Juice,5200 STACY RD 600,5200 STACY RD,600,2022-12-16,2024-12-05,7,HEALTH2022-00423,False,,,,,,,,,Coffee/Cafe/Bakery/Dessert,smoothies/juice,national_regional,,high
HEALTH2022-00434,EVERBOWL,3009 S CUSTER RD 150,3009 S CUSTER RD,150,2022-12-21,2024-08-22,6,HEALTH2022-00434,False,,,,,,,,,Coffee/Cafe/Bakery/Dessert,acai bowls,national_regional,,high
HEALTH2022-00436,Best Western Plus McKinney Inn & Suites,480 S WILSON CREEK BLVD,480 S WILSON CREEK BLVD,,2023-03-09,2024-08-24,3,HEALTH2017-09652,False,,,,,,,,,Hotel/Caterer/Commissary,hotel,national_regional,,high
HEALTH2022-00438,golden chick restaurant,1545 N CUSTER RD,1545 N CUSTER RD,,2023-01-10,2023-09-11,3,HEALTH2022-00438,False,,,,,,,,,Fast Food,fried chicken,national_regional,,high
HEALTH2022-00454,FORK & FIRE,7540 SH 121 150,7540 SH 121,150,2023-01-13,2024-01-09,3,HEALTH2022-00454,False,,,,,,,,,"American (sit-down, bars, venues)",American grill,independent,,low
HEALTH2022-00457,NAF NAF GRILL,1801 N HARDIN BLVD 200,1801 N HARDIN BLVD,200,2023-02-02,2024-10-30,4,HEALTH2022-00457,False,,,,,,,,,Mediterranean/Middle Eastern,Mediterranean fast casual,national_regional,,high
HEALTH2022-00468,"Life Time - Life Cafe
Full service restaurant",7910 COLLIN MCKINNEY PKWY,7910 COLLIN MCKINNEY PKWY,,2023-05-05,2024-06-21,4,HEALTH2022-00468,False,,,,,,,,,Coffee/Cafe/Bakery/Dessert,gym cafe,national_regional,,medium
HEALTH2022-00477,Assisted Living Community,3392 MEDICAL CENTER DR,3392 MEDICAL CENTER DR,,2023-02-20,2024-09-25,5,HEALTH2022-00477,False,,,,,,,,,Institutional,senior living / nursing,unknown,,high
HEALTH2022-00478,Assisted Living- Memory care,3352 MEDICAL CENTER DR,3352 MEDICAL CENTER DR,,2023-02-20,2024-09-25,5,HEALTH2022-00478,False,,,,,,,,,Institutional,senior living / nursing,unknown,,high
HEALTH2022-00480,POPEYE'S LOUISIANA KITCHEN,6611 ELDORADO PKWY,6611 ELDORADO PKWY,,2023-01-11,2024-10-01,5,HEALTH2022-00480,False,,,,,,,,,Fast Food,fried chicken,national_regional,,high
HEALTH2022-00482,ZIO PIZZA,2014 W UNIVERSITY DR 310,2014 W UNIVERSITY DR,310,2023-02-09,2024-09-04,5,HEALTH2022-00482,False,,,,,,,,,Pizza/Italian,pizza,independent,,high
HEALTH2022-00485,Wulf Burger,7701 STACY RD 300,7701 STACY RD,300,2023-01-18,2025-01-30,6,HEALTH2022-00485,False,,,,,,,,,"American (sit-down, bars, venues)",burgers,independent,,medium
HEALTH2022-00487,A & D BUFFALO,1601 S MCDONALD ST,1601 S MCDONALD ST,,2023-02-28,2024-03-27,4,HEALTH2022-00487,False,,,,,,,,,"American (sit-down, bars, venues)",wings,independent,,medium
HEALTH2022-00489,Kuma Ramen,5121 COLLIN MCKINNEY PKWY 800,5121 COLLIN MCKINNEY PKWY,800,2023-09-14,2024-06-26,2,HEALTH2021-00175,False,,,,,,,,,Japanese,ramen,independent,,high
HEALTH2022-00490,Valerie's Taco Shop,6720 ALMA RD 100,6720 ALMA RD,100,2023-02-23,2023-12-20,4,HEALTH2022-00490,False,,,,,,,,,Mexican/Tex-Mex/Latin,tacos,local_multi,,high
HEALTH2022-00494,Umai Sushi,470 ADRIATIC PKWY 1106,470 ADRIATIC PKWY,1106,2023-03-10,2024-06-27,4,HEALTH2018-09985,False,,,,,,,,,Japanese,sushi,independent,,high
HEALTH2022-00497,Salad and Go,4751 S CUSTER RD,4751 S CUSTER RD,,2023-02-16,2024-06-11,5,HEALTH2022-00497,False,,,,,,,,,Deli/Sandwich/Salad,salads,national_regional,,high
HEALTH2022-00498,Shoagies ,5121 COLLIN MCKINNEY PKWY 200,5121 COLLIN MCKINNEY PKWY,200,2023-03-14,2024-02-01,3,HEALTH2022-00498,False,,,,,,,,,Deli/Sandwich/Salad,hoagies,independent,,low
HEALTH2023-00008,VALARIE'S TACO SHOP,1614 W UNIVERSITY DR,1614 W UNIVERSITY DR,,2023-03-08,2024-02-06,4,HEALTH2023-00008,False,,,,,,,,,Mexican/Tex-Mex/Latin,tacos,local_multi,,high
HEALTH2023-00009,Capriotti's Sandwich Shop,3194 W UNIVERSITY DR,3194 W UNIVERSITY DR,,2023-03-28,2023-10-25,2,HEALTH2023-00009,False,,,,,,,,,Deli/Sandwich/Salad,sub sandwiches,national_regional,,high
HEALTH2023-00010,Groovy Chicken & Waffles,4550 W UNIVERSITY DR,4550 W UNIVERSITY DR,,2023-01-13,2023-03-17,3,HEALTH2023-00010,True,,,,,,,,,"American (sit-down, bars, venues)",chicken and waffles (event vendor),independent,,medium
HEALTH2023-00012,HONEY DIP FINGERZ,6710 VIRGINIA PKWY 210,6710 VIRGINIA PKWY,210,2023-03-14,2024-08-08,4,HEALTH2023-00012,False,,,,,,,,,"American (sit-down, bars, venues)",chicken fingers,independent,,low
HEALTH2023-00017,Donut Hope,1504 W UNIVERSITY DR A,1504 W UNIVERSITY DR,A,2023-05-24,2024-04-30,3,HEALTH2023-00017,False,,,,,,,,,Coffee/Cafe/Bakery/Dessert,donuts/bagels,independent,,high
HEALTH2023-00021,Snowfruit 488,1707 W UNIVERSITY DR,1707 W UNIVERSITY DR,,2023-11-09,2023-11-09,1,HEALTH2023-00021,False,,,,,,,,,Grocery/Market,cut-fruit counter inside Kroger #488,national_regional,mainstream_supermarket,medium
HEALTH2023-00023,TERRI'S GELATO,101 N MCDONALD ST 110,101 N MCDONALD ST,110,2023-06-27,2023-10-05,2,HEALTH2023-00023,False,,,,,,,,,Coffee/Cafe/Bakery/Dessert,gelato,independent,,high
HEALTH2023-00026,Burger King #6460 McKinney,1700 W UNIVERSITY DR,1700 W UNIVERSITY DR,,2023-08-31,2024-02-07,2,HEALTH2017-000688,False,,,,,,,,,Fast Food,burgers,national_regional,,high
HEALTH2023-00027,DragonBall Tea,7550 W UNIVERSITY DR,7550 W UNIVERSITY DR,,2023-03-17,2023-03-17,1,HEALTH2023-00027,False,trades_day_farmers_market,Trades Day,Issued,Trades Day,2,UP,1.0,1.0,Coffee/Cafe/Bakery/Dessert,boba tea,independent,,medium
HEALTH2023-00032,Dutch Bros Coffee,1605 ELDORADO PKWY,1605 ELDORADO PKWY,,2023-04-26,2023-11-08,2,HEALTH2023-00032,False,,,,,,,,,Coffee/Cafe/Bakery/Dessert,coffee,national_regional,,high
HEALTH2023-00034,JEREMIAH'S ICE,7820 ELDORADO PKWY 100,7820 ELDORADO PKWY,100,2023-10-10,2024-02-09,2,HEALTH2020-00140,False,,,,,,,,,Coffee/Cafe/Bakery/Dessert,Italian ice,national_regional,,high
HEALTH2023-00035,"MOOYAH BURGERS, FRIES & SHAKES",3201 ELDORADO PKWY 300,3201 ELDORADO PKWY,300,2023-07-07,2023-11-28,2,HEALTH2017-005287,False,,,,,,,,,Fast Food,burgers,national_regional,,high
HEALTH2023-00041,Wendy's,10950 VIRGINIA PKWY,10950 VIRGINIA PKWY,,2023-06-05,2023-12-05,2,HEALTH2023-00041,False,,,,,,,,,Fast Food,burgers,national_regional,,high
HEALTH2023-00042,Two Feathers Two,4550 W UNIVERSITY DR,4550 W UNIVERSITY DR,,2023-03-15,2023-03-17,2,HEALTH2023-00042,True,,,,,,,,,Venue/Concession,Trade Days vendor (food not identified),independent,,low
HEALTH2023-00045,Huckleberry Services,4550 W UNIVERSITY DR,4550 W UNIVERSITY DR,,2023-03-15,2023-09-15,3,HEALTH2023-00045,True,,,,,,,,,Venue/Concession,Trade Days vendor (food not identified),independent,,low
HEALTH2023-00047,O'Desi Arona,1620 N HARDIN BLVD 1800,1620 N HARDIN BLVD,1800,2023-07-19,2023-11-06,2,HEALTH2023-00047,False,,,,,,,,,Indian,Indian,independent,,high
HEALTH2023-00051,Lucido’s Pasta and Italian Specialties,315 S CHESTNUT ST,315 S CHESTNUT ST,,2023-05-06,2023-05-06,1,HEALTH2023-00051,True,,,,,,,,,Other non-restaurant,packaged Italian pasta and sauces (farmers market),independent,,medium
HEALTH2023-00057,Funky Munky,1600 W VIRGINIA ST,1600 W VIRGINIA ST,,2023-04-18,2023-04-18,1,HEALTH2023-00057,False,,,,,,,,,Coffee/Cafe/Bakery/Dessert,shaved ice,independent,,low
HEALTH2023-00058,Jason's Deli,8600 W UNIVERSITY DR,8600 W UNIVERSITY DR,,2023-06-30,2024-02-23,3,HEALTH2023-00058,False,,,,,,,,,Deli/Sandwich/Salad,"deli sandwiches, salads",national_regional,,high
HEALTH2023-00060,DUTCH BROS,3850 W UNIVERSITY DR,3850 W UNIVERSITY DR,,2023-06-13,2023-11-08,2,HEALTH2023-00060,False,,,,,,,,,Coffee/Cafe/Bakery/Dessert,coffee,national_regional,,high
HEALTH2023-00071,Smokin' Jack's,315 S CHESTNUT ST,315 S CHESTNUT ST,,2023-05-06,2023-05-06,1,HEALTH2023-00071,True,,,,,,,,,Other non-restaurant,packaged smoked salmon (farmers market),independent,,low
HEALTH2023-00076,The Clubhouse indoor Golf,1651 ELDORADO PKWY 100,1651 ELDORADO PKWY,100,2023-06-26,2023-12-28,2,HEALTH2023-00076,False,,,,,,,,,"American (sit-down, bars, venues)",indoor golf simulator bar & grill,independent,,medium
HEALTH2023-00077,Honi’s coffee house,4550 W UNIVERSITY DR,4550 W UNIVERSITY DR,,2023-09-15,2025-10-17,7,HEALTH2023-00077,True,,,,,,,,,Coffee/Cafe/Bakery/Dessert,coffee (event vendor),independent,,medium
HEALTH2023-00078,Bombay Street Cafe,1411 N CUSTER RD 700,1411 N CUSTER RD,700,2023-07-28,2023-12-14,2,HEALTH2023-00078,False,,,,,,,,,Indian,Indian street food,independent,,high
HEALTH2023-00079,HARRY'S ON THE HARBOR,6601 MEDITERRANEAN DR,6601 MEDITERRANEAN DR,,2023-06-21,2023-10-03,2,HEALTH2019-00054,False,,,,,,,,,"American (sit-down, bars, venues)",American grill,independent,,low
HEALTH2023-00083,Honey B Cafe,3001 S CENTRAL EXPY 303,3001 S CENTRAL EXPY,303,2023-07-06,2023-11-13,2,HEALTH2023-00083,False,,,,,,,,,Coffee/Cafe/Bakery/Dessert,cafe,independent,,medium
HEALTH2023-00085,TxSmokey Bbq,4550 W UNIVERSITY DR,4550 W UNIVERSITY DR,,2023-09-15,2024-06-14,3,HEALTH2023-00085,True,,,,,,,,,"American (sit-down, bars, venues)",BBQ,independent,,medium
HEALTH2023-00086,Pho Que Huong Noodle & Grill,1720 ELDORADO PKWY 101,1720 ELDORADO PKWY,101,2023-11-02,2023-11-02,1,HEALTH2017-006246,False,,,,,,,,,Vietnamese,Vietnamese,independent,,high
HEALTH2023-00089,Heian Sushi,2960 ELDORADO PKWY 50,2960 ELDORADO PKWY,50,2023-07-05,2024-01-31,3,HEALTH2023-00089,False,,,,,,,,,Japanese,sushi,independent,,high
HEALTH2023-00090,Napolis on the Go,3755 S LAKE FOREST DR 100,3755 S LAKE FOREST DR,100,2023-07-12,2024-06-04,3,HEALTH2023-00090,False,,,,,,,,,Pizza/Italian,Italian to-go,independent,,medium
HEALTH2023-00091,Donut Bliss,5080 VIRGINIA PKWY 400,5080 VIRGINIA PKWY,400,2023-10-05,2023-10-05,1,HEALTH2017-004000,False,,,,,,,,,Coffee/Cafe/Bakery/Dessert,donuts/bagels,local_multi,,high
HEALTH2023-00099,HTeaO - McKinney,1841 N CUSTER RD,1841 N CUSTER RD,,2023-06-20,2024-04-08,3,HEALTH2023-00099,False,,,,,,,,,Coffee/Cafe/Bakery/Dessert,iced tea,national_regional,,high
HEALTH2023-00100,Black Rabbitt Social,7550 SH 121 100,7550 SH 121,100,2023-06-23,2024-04-23,3,HEALTH2023-00100,False,,,,,,,,,"American (sit-down, bars, venues)",bar/social venue,independent,,medium
HEALTH2023-00117,Marcos pizza Restaurant,2741 VIRGINIA PKWY 700,2741 VIRGINIA PKWY,700,2023-07-26,2023-10-31,2,HEALTH2017-006884,False,,,,,,,,,Pizza/Italian,pizza,national_regional,,high
HEALTH2023-00138,Juice and Smoothie Bar,2875 S CENTRAL EXPY,2875 S CENTRAL EXPY,,2023-07-03,2024-01-03,2,HEALTH2023-00138,False,,,,,,,,,Coffee/Cafe/Bakery/Dessert,smoothies (gym smoothie bar),independent,,high
HEALTH2023-00155,McKinney Soccer Association / Al Rushhaupt #2,2701 NORTH BROOK DR,2701 N BROOK DR,,2023-10-25,2024-04-24,2,HEALTH2023-00155,False,,,,,,,,,Venue/Concession,youth soccer concession,independent,,high
HEALTH2023-00157,Kyoto Hibachi Sushi & Bar,1620 N HARDIN BLVD 1200,1620 N HARDIN BLVD,1200,2023-09-27,2024-04-30,2,HEALTH2023-00157,False,,,,,,,,,Japanese,hibachi and sushi,independent,,high
HEALTH2023-00176,Bob's Steak and Chop House,7220 SH 121,7220 SH 121,,2023-11-09,2023-11-09,1,HEALTH2023-00176,False,,,,,,,,,"American (sit-down, bars, venues)",steakhouse,national_regional,,high
HEALTH2023-00179,Sassy Sparkle,4550 W UNIVERSITY DR,4550 W UNIVERSITY DR,,2023-09-15,2024-11-15,4,HEALTH2023-00179,True,trades_day_farmers_market,Trades Day,Issued,Trades Day,1,NC,2.0,4.0,Venue/Concession,Trade Days vendor (food not identified),independent,,low
HEALTH2023-00186,Parlor Doughnuts,5100 STACY RD 950,5100 STACY RD,950,2023-09-05,2024-03-25,2,HEALTH2023-00186,False,,,,,,,,,Coffee/Cafe/Bakery/Dessert,donuts,national_regional,,high
HEALTH2023-00188,Tahn Thai,5200 STACY RD 500,5200 STACY RD,500,2023-09-12,2024-05-07,3,HEALTH2023-00188,False,,,,,,,,,Hotel/Caterer/Commissary,Thai restaurant central prep kitchen,independent,,low
HEALTH2023-00190,Wortham Intermediate School,7404 KICKAPOO DR,7404 KICKAPOO DR,,2023-10-19,2026-03-13,6,HEALTH2023-00190,False,,,,,,,,,Institutional,school cafeteria/concession,local_multi,,high
HEALTH2023-00191,HEB Grocery,8700 ELDORADO PKWY,8700 ELDORADO PKWY,,2023-08-25,2024-05-07,3,HEALTH2023-00191,False,,,,,,,,,Grocery/Market,H-E-B - grocery,national_regional,mainstream_supermarket,high
HEALTH2023-00194,Shaved Ice Sales,3850 ELDORADO PKWY,3850 ELDORADO PKWY,,2023-05-25,2023-05-25,1,HEALTH2023-00194,False,,,,,,,,,Coffee/Cafe/Bakery/Dessert,shaved ice,independent,,high
HEALTH2023-00204,Reggae Jerk Hut,7001 S CUSTER RD 600,7001 S CUSTER RD,600,2023-08-15,2024-01-17,2,HEALTH2023-00204,False,,,,,,,,,Other cuisine,Jamaican,independent,,high
HEALTH2023-00213,Mi Cocina,6721 ALMA RD,6721 ALMA RD,,2023-11-28,2023-11-28,1,HEALTH2023-00213,False,,,,,,,,,Mexican/Tex-Mex/Latin,Tex-Mex,national_regional,,high
HEALTH2023-00221,Shack Shake,1727 N CENTRAL EXPY,1727 N CENTRAL EXPY,,2023-10-25,2024-02-05,2,HEALTH2023-00221,False,,,,,,,,,Fast Food,burgers,national_regional,,high
HEALTH2023-00230,Tokyo Garden Catering,8700 ELDORADO PKWY,8700 ELDORADO PKWY,,2023-08-25,2024-05-07,3,HEALTH2023-00230,False,,,,,,,,,Grocery/Market,sushi counter inside H-E-B,national_regional,mainstream_supermarket,medium
HEALTH2023-00233,BAKER'S DRIVE IN,1001 S MCDONALD ST,1001 S MCDONALD ST,,2023-08-10,2024-04-30,4,HEALTH2020-00122,False,,,,,,,,,"American (sit-down, bars, venues)",burger drive-in,independent,,high
HEALTH2023-00234,HEB -TTBBQ Restaurant,8700 ELDORADO PKWY,8700 ELDORADO PKWY,,2023-08-25,2024-09-05,4,HEALTH2023-00234,False,,,,,,,,,Grocery/Market,H-E-B - in-store restaurant,national_regional,mainstream_supermarket,high
HEALTH2023-00235,HEB -Cooking Connection,8700 ELDORADO PKWY,8700 ELDORADO PKWY,,2023-08-25,2024-09-05,4,HEALTH2023-00235,False,,,,,,,,,Grocery/Market,H-E-B - cooking demo kitchen,national_regional,mainstream_supermarket,high
HEALTH2023-00238,HEB- Deli,8700 ELDORADO PKWY,8700 ELDORADO PKWY,,2023-08-25,2024-05-07,3,HEALTH2023-00238,False,,,,,,,,,Grocery/Market,H-E-B - deli,national_regional,mainstream_supermarket,high
HEALTH2023-00239,HEB -Bakery,8700 ELDORADO PKWY,8700 ELDORADO PKWY,,2023-08-25,2024-05-07,3,HEALTH2023-00239,False,,,,,,,,,Grocery/Market,H-E-B - bakery,national_regional,mainstream_supermarket,high
HEALTH2023-00240,HEB -Meat Market,8700 ELDORADO PKWY,8700 ELDORADO PKWY,,2023-08-25,2024-09-05,4,HEALTH2023-00240,False,,,,,,,,,Grocery/Market,H-E-B - meat,national_regional,mainstream_supermarket,high
HEALTH2023-00241,HEB -Seafood,8700 ELDORADO PKWY,8700 ELDORADO PKWY,,2023-08-25,2024-05-07,3,HEALTH2023-00241,False,,,,,,,,,Grocery/Market,H-E-B - seafood,national_regional,mainstream_supermarket,high
HEALTH2023-00242,HEB - Produce,8700 ELDORADO PKWY,8700 ELDORADO PKWY,,2023-08-25,2024-05-07,3,HEALTH2023-00242,False,,,,,,,,,Grocery/Market,H-E-B - produce,national_regional,mainstream_supermarket,high
HEALTH2023-00252,HEB - Cheese Shop,8700 ELDORADO PKWY,8700 ELDORADO PKWY,,2023-08-25,2024-09-05,4,HEALTH2023-00252,False,,,,,,,,,Grocery/Market,H-E-B - cheese shop,national_regional,mainstream_supermarket,high
HEALTH2023-00264,MAGIC CUP,7701 STACY RD 100,7701 STACY RD,100,2023-08-30,2024-04-16,3,HEALTH2021-00174,False,,,,,,,,,Coffee/Cafe/Bakery/Dessert,boba/tea,independent,,low
HEALTH2023-00268,Eggmania,8950 SH 121 310,8950 SH 121,310,2023-09-15,2024-06-06,3,HEALTH2023-00268,False,,,,,,,,,Indian,Indian egg dishes,local_multi,,medium
HEALTH2023-00271,The Cotton Mill Coffee Shop,610 ELM ST 1340,610 ELM ST,1340,2023-08-29,2024-02-20,2,HEALTH2023-00271,False,,,,,,,,,Coffee/Cafe/Bakery/Dessert,coffee,independent,,high
HEALTH2023-00272,McKinney Healthcare and Rehabilitation,253 ENTERPRISE DR,253 ENTERPRISE DR,,2023-09-05,2024-05-23,3,HEALTH2023-00272,False,,,,,,,,,Institutional,senior living / nursing,unknown,,high
HEALTH2023-00278,Sultan,3935 S LAKE FOREST DR 125,3935 S LAKE FOREST DR,125,2023-11-02,2024-03-06,2,HEALTH2023-00278,False,,,,,,,,,Mediterranean/Middle Eastern,Turkish/Middle Eastern,independent,,medium
HEALTH2023-00280,"Early Childhood School
Early Childhood School",450 N LUKENBACH DR,450 N LUKENBACH DR,,2023-10-10,2026-03-12,6,HEALTH2023-00280,False,,,,,,,,,Institutional,school cafeteria/concession,local_multi,,high
HEALTH2023-00282,Boba Bros.,6951 S CUSTER RD 500,6951 S CUSTER RD,500,2023-11-15,2024-07-01,2,HEALTH2023-00282,False,,,,,,,,,Coffee/Cafe/Bakery/Dessert,boba tea,independent,,high
HEALTH2023-00290,SELECT FOOD MART,4951 ELDORADO PKWY,4951 ELDORADO PKWY,,2023-11-17,2025-02-17,3,HEALTH2023-00290,False,,,,,,,,,Convenience/Gas,convenience store / gas station,independent,,medium
HEALTH2023-00296,LoYo Burger,216 W VIRGINIA ST 102,216 W VIRGINIA ST,102,2023-10-02,2024-10-07,4,HEALTH2023-00296,False,,,,,,,,,"American (sit-down, bars, venues)",burgers,independent,,medium
HEALTH2023-00301,Cocktail Creamery,205 E VIRGINIA ST,205 E VIRGINIA ST,,2023-10-05,2024-04-23,2,HEALTH2023-00301,False,,,,,,,,,Coffee/Cafe/Bakery/Dessert,alcohol-infused ice cream,independent,,medium
HEALTH2023-00302,Donut R More,101 N MCDONALD ST 101,101 N MCDONALD ST,101,2023-08-23,2024-03-05,2,HEALTH2023-00302,False,,,,,,,,,Coffee/Cafe/Bakery/Dessert,donuts/bagels,independent,,high
HEALTH2023-00303,Creme De la Creme,5151 S CUSTER RD,5151 S CUSTER RD,,2023-10-03,2024-04-02,2,HEALTH2019-00191,False,,,,,,,,,Institutional,school/daycare,national_regional,,high
HEALTH2023-00304,PHO LANE RESTAURANT,7551 ELDORADO PKWY 500,7551 ELDORADO PKWY,500,2023-12-05,2024-08-21,3,HEALTH2023-00304,False,,,,,,,,,Vietnamese,Vietnamese,independent,,high
HEALTH2023-00307,"Events at East McKinney, LLC",601 E LOUISIANA ST,601 E LOUISIANA ST,,2024-03-06,2024-03-06,1,HEALTH2023-00307,False,,,,,,,,,"American (sit-down, bars, venues)",event venue,independent,,medium
HEALTH2023-00312,Wing Chow,1500 W UNIVERSITY DR A,1500 W UNIVERSITY DR,A,2023-10-24,2024-10-28,4,HEALTH2023-00312,False,,,,,,,,,Chinese,wings and Chinese-American takeout,independent,,medium
HEALTH2023-00313,TeaN'ergy,1550 S CUSTER RD 700,1550 S CUSTER RD,700,2023-10-02,2024-04-01,2,HEALTH2023-00313,False,,,,,,,,,Coffee/Cafe/Bakery/Dessert,tea/energy drinks,independent,,medium
HEALTH2023-00323,High Pointe,3201 N CENTRAL EXPY,3201 N CENTRAL EXPY,,2023-11-14,2024-11-05,4,HEALTH2023-00323,False,,,,,,,,,Unknown,unclear (reach-in only),unknown,,low
HEALTH2023-00327,The Horse's Axe,212 E LOUISIANA ST,212 E LOUISIANA ST,,2023-11-01,2024-05-16,2,HEALTH2023-00327,False,,,,,,,,,"American (sit-down, bars, venues)",axe-throwing bar with snacks,independent,,medium
HEALTH2023-00332,400 Gradi,6701 ALMA RD 100,6701 ALMA RD,100,2023-11-01,2024-07-30,3,HEALTH2023-00332,False,,,,,,,,,Pizza/Italian,Neapolitan pizza,national_regional,,high
HEALTH2023-00333,Akshaya Pathra Kitchen,210 N COIT RD 200,210 N COIT RD,200,2023-12-15,2024-05-21,2,HEALTH2023-00333,False,,,,,,,,,Indian,Indian,independent,,medium
HEALTH2023-00337,The Common Table,6651 ALMA RD 350,6651 ALMA RD,350,2023-12-18,2024-09-16,3,HEALTH2023-00337,False,,,,,,,,,"American (sit-down, bars, venues)",gastropub,local_multi,,medium
HEALTH2023-00342,Zero Gradi,6651 ALMA RD 100,6651 ALMA RD,100,2024-01-18,2025-02-11,4,HEALTH2023-00342,False,,,,,,,,,Coffee/Cafe/Bakery/Dessert,gelato,national_regional,,medium
HEALTH2023-00346,MABEL'S AFRICAN CUISINE & BAR,5200 STACY RD 100,5200 STACY RD,100,2024-02-20,2024-08-07,2,HEALTH2023-00346,False,,,,,,,,,Other cuisine,African,independent,,high
HEALTH2023-00361,Farmer's Fridge Vending Machine,4500 MEDICAL CENTER DR,4500 MEDICAL CENTER DR,,2024-01-19,2024-09-10,3,HEALTH2023-00361,False,,,,,,,,,Other non-restaurant,micro market / vending,national_regional,,high
HEALTH2023-00362,Farmer's Fridge Vending Machine,2200 W UNIVERSITY DR,2200 W UNIVERSITY DR,,2024-05-07,2024-05-07,1,HEALTH2023-00362,False,,,,,,,,,Other non-restaurant,micro market / vending,national_regional,,high
HEALTH2023-00366,Collective Coffee,301 W LOUISIANA ST 200,301 W LOUISIANA ST,200,2023-11-03,2024-08-20,3,HEALTH2023-00366,False,,,,,,,,,Coffee/Cafe/Bakery/Dessert,coffee,independent,,high
HEALTH2023-00372,Hamms,307 W LOUISIANA ST,307 W LOUISIANA ST,,2024-02-01,2024-06-04,2,HEALTH2021-00161,False,,,,,,,,,Grocery/Market,meat market,independent,independent_specialty,high
HEALTH2023-00390,Touchmark at Emerald Lake - Senior Living Retirement Community,350 S HARDIN BLVD,350 S HARDIN BLVD,,2023-12-15,2024-10-01,3,HEALTH2023-00390,False,,,,,,,,,Institutional,senior living / nursing,national_regional,,high
HEALTH2023-00407,Rice Garden,7650 STACY RD 260,7650 STACY RD,260,2023-12-07,2024-08-27,3,HEALTH2023-00407,False,,,,,,,,,Asian (unspecified),Chinese and sushi,independent,,low
HEALTH2023-00408,Summer Moon Coffee,6091 W UNIVERSITY DR 100,6091 W UNIVERSITY DR,100,2023-11-03,2024-12-05,3,HEALTH2023-00408,False,,,,,,,,,Coffee/Cafe/Bakery/Dessert,coffee,national_regional,,high
HEALTH2023-00412,Ding Tea McKinney,2050 W UNIVERSITY DR 145,2050 W UNIVERSITY DR,145,2023-11-20,2024-07-03,2,HEALTH2020-00234,False,,,,,,,,,Coffee/Cafe/Bakery/Dessert,boba tea,national_regional,,high
HEALTH2023-00421,Black Rock Coffee,5101 MCKINNEY RANCH PKWY 100,5101 MCKINNEY RANCH PKWY,100,2023-12-11,2024-12-05,4,HEALTH2023-00421,False,,,,,,,,,Coffee/Cafe/Bakery/Dessert,coffee,national_regional,,high
HEALTH2023-00444,LOCAL YOCAL,350 E LOUISIANA ST B,350 E LOUISIANA ST,B,2024-02-22,2024-08-27,2,HEALTH2023-00444,False,,,,,,,,,"American (sit-down, bars, venues)",event venue / bar,independent,,medium
HEALTH2023-00450,HARVEST,215 N KENTUCKY ST,215 N KENTUCKY ST,,2023-12-08,2024-12-05,4,HEALTH2023-00450,False,,,,,,,,,"American (sit-down, bars, venues)","New American, seasonal",independent,,high
HEALTH2023-00464,The Goddard School of McKinney,3952 S RIDGE RD,3952 S RIDGE RD,,2023-11-10,2024-07-26,3,HEALTH2017-007830,False,,,,,,,,,Institutional,school/daycare,national_regional,,high
HEALTH2023-00466,CINNAHOLIC,8930 SH 121 570,8930 SH 121,570,2024-01-16,2024-01-16,1,HEALTH2020-00118,False,,,,,,,,,Coffee/Cafe/Bakery/Dessert,cinnamon rolls,national_regional,,high
HEALTH2023-00468,LONE STAR FOOD STORE #4488,101 S CENTRAL EXPY,101 S CENTRAL EXPY,,2024-04-04,2024-09-26,2,HEALTH2017-007260,False,,,,,,,,,Convenience/Gas,convenience store / gas station,local_multi,,high
HEALTH2023-00469,LONE STAR FOOD STORE #4489,1815 N CENTRAL EXPY,1815 N CENTRAL EXPY,,2024-02-05,2024-07-31,2,HEALTH2017-007259,False,,,,,,,,,Convenience/Gas,convenience store / gas station,local_multi,,high
HEALTH2023-00472,RYE,214 E LOUISIANA ST,214 E LOUISIANA ST,,2023-12-01,2023-12-21,2,HEALTH2023-00472,False,,,,,,,,,"American (sit-down, bars, venues)","New American, farm-to-table",independent,,medium
HEALTH2023-00479,DOLLAR GENERAL #25810,6161 W UNIVERSITY DR,6161 W UNIVERSITY DR,,2024-02-19,2024-02-19,1,HEALTH2023-00479,False,,,,,,,,,Convenience/Gas,dollar/discount store,national_regional,,high
HEALTH2023-00484,TEX MEX RESTAURANT,7500 STACY RD 150,7500 STACY RD,150,2024-05-21,2024-09-12,2,HEALTH2023-00484,False,,,,,,,,,Mexican/Tex-Mex/Latin,Tex-Mex,independent,,high
HEALTH2023-00486,HASHTAG INDIA,3510 W UNIVERSITY DR 100,3510 W UNIVERSITY DR,100,2024-01-11,2024-12-26,6,HEALTH2023-00486,False,,,,,,,,,Indian,Indian,independent,,high
HEALTH2023-00494,Vending Machine,5252 W UNIVERSITY DR,5252 W UNIVERSITY DR,,2024-03-14,2024-11-15,3,HEALTH2023-00494,False,,,,,,,,,Other non-restaurant,micro market / vending,unknown,,high
HEALTH2023-00500,DUNKIN' DONUTS,2761 VIRGINIA PKWY 100,2761 VIRGINIA PKWY,100,2024-04-01,2024-04-01,1,HEALTH2023-00500,False,,,,,,,,,Coffee/Cafe/Bakery/Dessert,donuts/coffee,national_regional,,high
HEALTH2023-00501,Touchmark at Emerald Lake - Terrace Lodge (Memory Care),300 S HARDIN BLVD,300 S HARDIN BLVD,,2024-10-01,2024-10-01,1,HEALTH2023-00501,False,,,,,,,,,Institutional,senior living / nursing,national_regional,,high
HEALTH2023-00502,SALAD AND GO,4001 W UNIVERSITY DR,4001 W UNIVERSITY DR,,2024-02-28,2024-06-25,2,HEALTH2023-00502,False,,,,,,,,,Deli/Sandwich/Salad,salads,national_regional,,high
HEALTH2023-00504,3 Natives Acai & Juicery,8710 W UNIVERSITY DR 125,8710 W UNIVERSITY DR,125,2024-02-06,2024-06-12,2,HEALTH2023-00504,False,,,,,,,,,Coffee/Cafe/Bakery/Dessert,acai and juice,national_regional,,high
HEALTH2023-00507,TANTRA,6675 MEDITERRANEAN DR 3120,6675 MEDITERRANEAN DR,3120,2024-07-31,2024-07-31,1,HEALTH2023-00507,False,,,,,,,,,Indian,Indian,independent,,low
HEALTH2023-00510,"LOWES #2878

Name of Establishment is - Canteen @ Lowes #2878",8550 SH 121,8550 SH 121,,2024-03-13,2024-09-20,2,HEALTH2023-00510,False,,,,,,,,,Other non-restaurant,micro market / vending,national_regional,,high
HEALTH2023-00511,"LOWES #2825

Name of Establishment is - Canteen @ Lowes 2825",2055 N CENTRAL EXPY,2055 N CENTRAL EXPY,,2024-05-07,2025-03-20,3,HEALTH2023-00511,False,,,,,,,,,Other non-restaurant,micro market / vending,national_regional,,high
HEALTH2023-00514,Collin County Minimum Kitchen Micro Market,4300 COMMUNITY AVE,4300 COMMUNITY AVE,,2024-03-11,2024-11-07,3,HEALTH2023-00514,False,,,,,,,,,Other non-restaurant,micro market / vending,unknown,,medium
HEALTH2023-00518,SALATA,3540 W UNIVERSITY DR 400,3540 W UNIVERSITY DR,400,2024-03-05,2024-10-31,3,HEALTH2019-00046,False,,,,,,,,,Deli/Sandwich/Salad,salads,national_regional,,high
HEALTH2023-00519,MARCO'S PIZZA,4100 S RIDGE RD 102,4100 S RIDGE RD,102,2024-01-30,2024-09-09,3,HEALTH2018-10327,False,,,,,,,,,Pizza/Italian,pizza,national_regional,,high
HEALTH2023-00520,PRIMROSE OF STONEBROOKE,5651 VIRGINIA PKWY,5651 VIRGINIA PKWY,,2024-03-13,2024-09-17,2,HEALTH2023-00520,False,,,,,,,,,Institutional,school/daycare,national_regional,,high
HEALTH2023-00521,PAPA JOHN'S,8710 W UNIVERSITY DR 130,8710 W UNIVERSITY DR,130,2024-06-05,2025-01-27,2,HEALTH2023-00521,False,,,,,,,,,Pizza/Italian,pizza,national_regional,,high
HEALTH2023-00524,FRY PIES,4550 W UNIVERSITY DR,4550 W UNIVERSITY DR,,2024-02-16,2024-04-12,2,HEALTH2023-00524,True,,,,,,,,,Coffee/Cafe/Bakery/Dessert,fried pies (event vendor),independent,,medium
HEALTH2024-00026,NORTH PARK NURSING & REHAB,1720 N MCDONALD ST,1720 N MCDONALD ST,,2024-08-09,2026-04-07,5,HEALTH2017-000012,False,permits,Food Establishment,Issued,Biannual Inspections,9,DN,11.0,4.0,Institutional,senior living / nursing,unknown,,high
HEALTH2024-00027,ANTHOLOGY OF STONEBRIDGE RANCH,3300 S STONEBRIDGE DR,3300 S STONEBRIDGE DR,,2024-02-06,2024-02-06,1,HEALTH2017-09665,False,,,,,,,,,Institutional,senior living / nursing,national_regional,,high
HEALTH2024-00028,DEMPSEY'S MARKETPLACE,310 E LOUISIANA ST,310 E LOUISIANA ST,,2024-03-13,2026-03-16,5,HEALTH2017-008627,False,permits,Food Establishment,Issued,Biannual Inspections,3,DN,5.0,4.0,Convenience/Gas,"downtown market (hot dogs, burritos, coffee, prepackaged items)",independent,,low
HEALTH2024-00029,51 CLUB BREAKFAST HOUSE,7560 SH 121 100,7560 SH 121,100,2024-06-07,2025-01-28,3,HEALTH2024-00029,False,,,,,,,,,"American (sit-down, bars, venues)",breakfast,independent,,medium
HEALTH2024-00032,DESI DAAWAT,3851 S STONEBRIDGE DR 800,3851 S STONEBRIDGE DR,800,2024-01-26,2024-06-05,2,HEALTH2024-00032,False,,,,,,,,,Indian,Indian,independent,,high
HEALTH2024-00033,LUCIDO'S PASTA AND ITALIAN SPECIALTIES,317 S CHESTNUT ST,317 S CHESTNUT ST,,2026-04-11,2026-04-11,1,HEALTH2024-00033,True,permits,Farmers Market Temporary,Issued,Biannual Inspections,0,DN,0.0,1.0,Other non-restaurant,packaged Italian pasta and sauces (farmers market),independent,,medium
HEALTH2024-00035,GOLDEN CHICK,1545 N CUSTER RD,1545 N CUSTER RD,,2024-03-15,2024-07-22,2,HEALTH2022-00438,False,,,,,,,,,Fast Food,fried chicken,national_regional,,high
HEALTH2024-00042,TUPPS (TAPROOM & KITCHEN),402 E LOUISIANA ST,402 E LOUISIANA ST,,2024-04-02,2026-09-01,7,HEALTH2024-00042,False,permits,Food Establishment,Issued,Biannual Inspections,10,DN,12.0,4.0,"American (sit-down, bars, venues)",brewery taproom & kitchen,local_multi,,high
HEALTH2024-00043,TROPICAL SMOOTHIE CAFE,3805 W UNIVERSITY DR 300,3805 W UNIVERSITY DR,300,2024-02-13,2026-08-05,5,HEALTH2019-00031,False,permits,Food Establishment,Issued,Biannual Inspections,0,NC,0.0,4.0,Coffee/Cafe/Bakery/Dessert,smoothies/juice,national_regional,,high
HEALTH2024-00044,SUSHI KIOSK,2901 S LAKE FOREST DR,2901 S LAKE FOREST DR,,2024-04-25,2025-10-30,4,HEALTH2018-09697,False,,,,,,,,,Grocery/Market,sushi counter inside Kroger #567,national_regional,mainstream_supermarket,medium
HEALTH2024-00047,BRAUM'S ICE CREAM #86,6591 ELDORADO PKWY,6591 ELDORADO PKWY,,2024-07-09,2026-07-15,5,HEALTH2017-008076,False,permits,Food Establishment,Issued,Biannual Inspections,3,DN,3.0,4.0,Fast Food,burgers / ice cream / dairy store,national_regional,,high
HEALTH2024-00048,ROCKFISH SEAFOOD GRILL,2780 S CENTRAL EXPY,2780 S CENTRAL EXPY,,2024-06-20,2026-03-13,4,HEALTH2017-000891,False,permits,Food Establishment,Issued,Biannual Inspections,14,UP,16.0,4.0,"American (sit-down, bars, venues)",seafood,local_multi,,high
HEALTH2024-00049,SHOP N GO #6,101 INDUSTRIAL BLVD,101 INDUSTRIAL BLVD,,2024-03-12,2026-03-23,6,HEALTH2017-001426,False,permits,Food Establishment,Issued,Biannual Inspections,2,UP,3.0,4.0,Convenience/Gas,convenience store / gas station,unknown,,medium
HEALTH2024-00050,JACK IN THE BOX,1825 W UNIVERSITY DR,1825 W UNIVERSITY DR,,2024-09-09,2026-04-14,4,HEALTH2017-004443,False,permits,Food Establishment,Issued,Biannual Inspections,8,UP,10.0,4.0,Fast Food,burgers,national_regional,,high
HEALTH2024-00051,WINCO FOOD - PRODUCE,1800 N GRAVES ST,1800 N GRAVES ST,,2024-09-30,2026-03-31,4,HEALTH2024-00051,False,permits,Food Establishment,Issued,Biannual Inspections,1,UP,2.0,4.0,Grocery/Market,WinCo - produce,national_regional,mainstream_supermarket,high
HEALTH2024-00052,WINCO FOODS - GROCERY,1800 N GRAVES ST,1800 N GRAVES ST,,2024-09-30,2026-03-31,4,HEALTH2017-006567,False,,,,,,,,,Grocery/Market,WinCo - grocery,national_regional,mainstream_supermarket,high
HEALTH2024-00053,WINCO FOODS - DELI,1800 N GRAVES ST,1800 N GRAVES ST,,2024-09-30,2026-03-31,4,HEALTH2017-006571,False,,,,,,,,,Grocery/Market,WinCo - deli,national_regional,mainstream_supermarket,high
HEALTH2024-00054,WINCO FOODS - MEAT,1800 N GRAVES ST,1800 N GRAVES ST,,2024-09-30,2026-03-31,4,HEALTH2017-006569,False,,,,,,,,,Grocery/Market,WinCo - meat,national_regional,mainstream_supermarket,high
HEALTH2024-00055,WINCO FOODS - BAKERY,1800 N GRAVES ST,1800 N GRAVES ST,,2024-09-30,2026-03-31,4,HEALTH2017-006568,False,,,,,,,,,Grocery/Market,WinCo - bakery,national_regional,mainstream_supermarket,high
HEALTH2024-00056,ELWOOD BFD,7550 SH 121 250,7550 SH 121,250,2024-05-31,2026-08-26,5,HEALTH2022-00028,False,permits,Food Establishment,Issued,Biannual Inspections,12,DN,13.0,4.0,"American (sit-down, bars, venues)",bar and kitchen,independent,,low
HEALTH2024-00057,NEKTER JUICE BAR,6720 ALMA RD 250,6720 ALMA RD,250,2024-03-18,2025-09-24,5,HEALTH2024-00057,False,,,,,,,,,Coffee/Cafe/Bakery/Dessert,smoothies/juice,national_regional,,high
HEALTH2024-00058,"MOOYAH BURGERS, FRIES & SHAKES",3201 ELDORADO PKWY,3201 ELDORADO PKWY,,2024-03-25,2026-07-17,6,HEALTH2017-005287,False,permits,Food Establishment,Issued,Biannual Inspections,4,DN,5.0,4.0,Fast Food,burgers,national_regional,,high
HEALTH2024-00059,CHICAGO'S PIZZA TWIST,6720 ALMA RD 400,6720 ALMA RD,400,2024-02-26,2025-04-18,4,HEALTH2021-00344,False,,,,,,,,,Pizza/Italian,Indian-style pizza,national_regional,,medium
HEALTH2024-00061,LA REAL MICHOACANA 3,809 N MCDONALD ST,809 N MCDONALD ST,,2024-03-29,2024-09-16,2,HEALTH2016-004976,False,,,,,,,,,Coffee/Cafe/Bakery/Dessert,"paleteria (ice cream, elotes)",local_multi,,low
HEALTH2024-00063,INDIA METRO HYPERMARKET - KITCHEN,1480 S INDEPENDENCE PKWY 220,1480 S INDEPENDENCE PKWY,220,2025-01-30,2026-07-15,4,HEALTH2024-00063,False,,,,,,,,,Grocery/Market,Indian grocery,local_multi,independent_specialty,medium
HEALTH2024-00064,ZAZA THAI,7551 ELDORADO PKWY 200,7551 ELDORADO PKWY,200,2024-05-23,2026-04-07,8,HEALTH2021-00412,False,permits,Food Establishment,Issued,Biannual Inspections,13,UP,17.0,4.0,Thai,Thai,independent,,high
HEALTH2024-00065,WAFFLE HOUSE,1432 N CENTRAL EXPY,1432 N CENTRAL EXPY,,2024-04-26,2026-04-15,6,HEALTH2017-000291,False,permits,Food Establishment,Issued,Biannual Inspections,3,UP,4.0,4.0,"American (sit-down, bars, venues)",breakfast diner,national_regional,,high
HEALTH2024-00066,SWIG,6080 ELDORADO PKWY,6080 ELDORADO PKWY,,2025-02-07,2026-08-04,4,HEALTH2024-00066,False,permits,Food Establishment,Issued,Biannual Inspections,5,DN,6.0,4.0,Coffee/Cafe/Bakery/Dessert,soda/drinks,national_regional,,high
HEALTH2024-00067,1 STOP,103 N GRAVES ST,103 N GRAVES ST,,2024-05-30,2024-11-11,2,HEALTH2017-006504,False,,,,,,,,,Convenience/Gas,convenience store / gas station,independent,,medium
HEALTH2024-00069,JACK IN THE BOX #4797,1516 S TENNESSEE ST,1516 S TENNESSEE ST,,2024-02-14,2025-02-17,4,HEALTH2017-007295,False,,,,,,,,,Fast Food,burgers,national_regional,,high
HEALTH2024-00070,DELANEY'S IRISH PUB & SCRATCH KITCHEN,6150 ELDORADO PKWY 120,6150 ELDORADO PKWY,120,2024-02-26,2026-08-27,7,HEALTH2017-008066,False,permits,Food Establishment,Issued,Biannual Inspections,2,UP,1.0,4.0,"American (sit-down, bars, venues)",Irish pub,independent,,high
HEALTH2024-00071,BENNY'S CAFE,5261 MCKINNEY RANCH PKWY 100,5261 MCKINNEY RANCH PKWY,100,2024-03-14,2026-03-05,5,HEALTH2018-09852,False,permits,Food Establishment,Issued,Biannual Inspections,13,UP,18.0,4.0,"American (sit-down, bars, venues)",breakfast/lunch cafe,independent,,medium
HEALTH2024-00076,RED HOT INDO-CHINESE & INDIAN KITCHEN,3905 W UNIVERSITY DR 400,3905 W UNIVERSITY DR,400,2024-06-03,2026-03-27,7,HEALTH2024-00076,False,permits,Food Establishment,Issued,Biannual Inspections,21,DN,28.0,4.0,Indian,Indo-Chinese,independent,,high
HEALTH2024-00077,SHELBY'S PIZZA,210 N COIT RD 220,210 N COIT RD,220,2024-04-15,2026-07-08,5,HEALTH2024-00077,False,permits,Food Establishment,Issued,Biannual Inspections,14,UP,18.0,4.0,Pizza/Italian,pizza,independent,,high
HEALTH2024-00078,DONUT STATION,4987 W UNIVERSITY DR 103,4987 W UNIVERSITY DR,103,2024-03-27,2025-08-21,4,HEALTH2017-004510,False,,,,,,,,,Coffee/Cafe/Bakery/Dessert,donuts/bagels,independent,,high
HEALTH2024-00079,TASTE OF INDIA,1925 N CENTRAL EXPY 430,1925 N CENTRAL EXPY,430,2024-06-10,2026-04-21,6,HEALTH2017-003430,False,permits,Food Establishment,Issued,Biannual Inspections,22,UP,25.0,4.0,Indian,Indian,independent,,high
HEALTH2024-00080,SWIG,5225 W UNIVERSITY DR,5225 W UNIVERSITY DR,,2024-08-01,2024-08-01,1,HEALTH2022-00369,False,,,,,,,,,Coffee/Cafe/Bakery/Dessert,soda/drinks,national_regional,,high
HEALTH2024-00081,MR TAKO,1330 N MCDONALD ST 108 2,1330 N MCDONALD ST,108 2,2024-04-24,2026-08-17,5,HEALTH2017-008015,False,permits,Food Establishment,Issued,Biannual Inspections,21,DN,26.0,4.0,Mexican/Tex-Mex/Latin,Mexican,independent,,medium
HEALTH2024-00082,ZEN HIBACHI,2750 S CENTRAL EXPY 100,2750 S CENTRAL EXPY,100,2024-06-17,2025-01-29,3,HEALTH2024-00082,False,,,,,,,,,Japanese,hibachi,independent,,high
HEALTH2024-00084,A & D BUFFALO,1601 S MCDONALD ST,1601 S MCDONALD ST,,2024-07-31,2024-07-31,1,HEALTH2022-00487,False,,,,,,,,,"American (sit-down, bars, venues)",wings,independent,,medium
HEALTH2024-00085,MO'BETTAHS HAWAIIAN STYLE FOOD,6201 S CUSTER RD 800,6201 S CUSTER RD,800,2024-05-02,2026-04-01,5,HEALTH2024-00085,False,permits,Food Establishment,Issued,Biannual Inspections,4,UP,6.0,4.0,Other cuisine,Hawaiian,national_regional,,high
HEALTH2024-00086,PICKLEMAN'S GOURMET CAFE,4020 W UNIVERSITY DR 400,4020 W UNIVERSITY DR,400,2024-05-23,2026-07-28,6,HEALTH2024-00086,False,permits,Food Establishment,Issued,Biannual Inspections,1,UP,1.0,4.0,Deli/Sandwich/Salad,sandwiches,national_regional,,high
HEALTH2024-00087,KFC #J625030 / TACO BELL,2920 ELDORADO PKWY,2920 ELDORADO PKWY,,2024-05-07,2024-09-05,2,HEALTH2017-004378,False,,,,,,,,,Fast Food,fried chicken / Taco Bell combo,national_regional,,high
HEALTH2024-00091,WHITE RHINO COFFEE,8710 W UNIVERSITY DR 140,8710 W UNIVERSITY DR,140,2024-06-05,2024-06-05,1,HEALTH2024-00091,False,,,,,,,,,Coffee/Cafe/Bakery/Dessert,coffee,national_regional,,high
HEALTH2024-00093,DEL SUR TACOS,4951 ELDORADO PKWY,4951 ELDORADO PKWY,,2024-08-21,2026-03-04,4,HEALTH2024-00093,False,permits,Food Establishment,Issued,Biannual Inspections,13,UP,16.0,4.0,Mexican/Tex-Mex/Latin,tacos,independent,,high
HEALTH2024-00096,MELODIC BAKE SHOP,1550 S CUSTER RD 600,1550 S CUSTER RD,600,2024-02-09,2024-08-27,2,HEALTH2021-00011,False,,,,,,,,,Coffee/Cafe/Bakery/Dessert,bakery,independent,,medium
HEALTH2024-00097,C2K2 SUGAR RUSH,1550 S CUSTER RD 200,1550 S CUSTER RD,200,2024-04-20,2025-04-16,4,HEALTH2020-00259,False,,,,,,,,,Coffee/Cafe/Bakery/Dessert,kolaches/sweets,independent,,medium
HEALTH2024-00098,MAYA ICE CREAM ROLLS,7650 STACY RD 210,7650 STACY RD,210,2024-04-26,2026-04-07,2,HEALTH2024-00098,False,permits,Food Establishment,Issued,Biannual Inspections,9,DN,5.0,2.0,Coffee/Cafe/Bakery/Dessert,rolled ice cream,independent,,high
HEALTH2024-00099,RACETRAC #157,2152 VIRGINIA PKWY,2152 VIRGINIA PKWY,,2024-06-26,2026-07-16,5,HEALTH2017-002146,False,permits,Food Establishment,Issued,Biannual Inspections,6,DN,7.0,4.0,Convenience/Gas,convenience store / gas station,national_regional,,high
HEALTH2024-00100,AMERICAN LEGION POST 96,1505 N CHURCH ST,1505 N CHURCH ST,,2025-04-28,2025-10-13,2,HEALTH2017-000014,False,,,,,,,,,"American (sit-down, bars, venues)",veterans club bar,independent,,medium
HEALTH2024-00102,THE SAMARITAN INN,1514 N MCDONALD ST,1514 N MCDONALD ST,,2024-04-10,2026-01-13,5,HEALTH2018-10409,False,,,,,,,,,Institutional,nonprofit social services,independent,,high
HEALTH2024-00103,CRISTINA'S FINE MEXICAN RESTAURANT,2811 CRAIG DR 110,2811 CRAIG DR,110,2024-02-20,2026-08-18,7,HEALTH2017-001434,False,permits,Food Establishment,Issued,Biannual Inspections,5,UP,8.0,4.0,Mexican/Tex-Mex/Latin,Mexican,local_multi,,high
HEALTH2024-00104,VALERIES TACO SHOP,6720 ALMA RD 100,6720 ALMA RD,100,2024-08-08,2026-04-24,5,HEALTH2022-00490,False,permits,Food Establishment,Issued,Biannual Inspections,11,DN,15.0,4.0,Mexican/Tex-Mex/Latin,tacos,local_multi,,high
HEALTH2024-00105,DICKEY'S BARBEQUE,600 N CENTRAL EXPY,600 N CENTRAL EXPY,,2024-04-02,2025-09-22,4,HEALTH2024-00105,False,permits,Food Establishment,Issued,Biannual Inspections,10,UP,14.0,4.0,"American (sit-down, bars, venues)",BBQ,national_regional,,high
HEALTH2024-00106,STARBUCKS COFFEE #6258,3301 ELDORADO PKWY 100,3301 ELDORADO PKWY,100,2024-07-29,2026-03-31,5,HEALTH2020-00050,False,permits,Food Establishment,Issued,Biannual Inspections,0,NC,0.0,4.0,Coffee/Cafe/Bakery/Dessert,coffee,national_regional,,high
HEALTH2024-00107,STARBUCKS COFFEE #58513,5101 W UNIVERSITY DR,5101 W UNIVERSITY DR,,2024-06-07,2026-06-05,4,HEALTH2020-00048,False,permits,Food Establishment,Issued,Biannual Inspections,1,DN,1.0,4.0,Coffee/Cafe/Bakery/Dessert,coffee,national_regional,,high
HEALTH2024-00108,SUBWAY-CIRCLE K #2741198,4991 W UNIVERSITY DR,4991 W UNIVERSITY DR,,2024-04-24,2026-04-13,5,HEALTH2017-001245,False,permits,Food Establishment,Issued,Biannual Inspections,2,DN,1.0,4.0,Deli/Sandwich/Salad,sub sandwiches,national_regional,,high
HEALTH2024-00112,SUBWAY SANDWICHES,7500 STACY RD 100,7500 STACY RD,100,2024-07-15,2025-01-28,2,HEALTH2018-09790,False,,,,,,,,,Deli/Sandwich/Salad,sub sandwiches,national_regional,,high
HEALTH2024-00113,HELLO BOBA,260 N COIT RD 100,260 N COIT RD,100,2024-05-29,2026-08-03,6,HEALTH2024-00113,False,permits,Food Establishment,Issued,Biannual Inspections,6,DN,8.0,4.0,Coffee/Cafe/Bakery/Dessert,boba tea,independent,,low
HEALTH2024-00116,THE ACADEMY AT CRAIG RANCH,6101 STACY RD,6101 STACY RD,,2024-09-16,2025-04-10,2,HEALTH2018-10010,False,,,,,,,,,Institutional,school/daycare,independent,,high
HEALTH2024-00119,SANTORINI GREEK GRILL,7810 ELDORADO PKWY 280,7810 ELDORADO PKWY,280,2024-06-17,2026-03-11,4,HEALTH2018-10417,False,permits,Food Establishment,Issued,Biannual Inspections,15,UP,21.0,4.0,Mediterranean/Middle Eastern,Greek,independent,,high
HEALTH2024-00120,A ROMA ITALIAN KITCHEN,3520 W UNIVERSITY DR 400,3520 W UNIVERSITY DR,400,2024-06-27,2026-03-16,5,HEALTH2024-00120,False,permits,Food Establishment,Issued,Biannual Inspections,8,DN,9.0,4.0,Pizza/Italian,Italian,independent,,high
HEALTH2024-00123,SHOAGIES,5121 COLLIN MCKINNEY PKWY 200,5121 COLLIN MCKINNEY PKWY,200,2024-06-26,2024-06-26,1,HEALTH2022-00498,False,,,,,,,,,Deli/Sandwich/Salad,hoagies,independent,,low
HEALTH2024-00124,STARBUCKS,1801 N LAKE FOREST DR,1801 N LAKE FOREST DR,,2024-12-06,2024-12-06,1,HEALTH2019-00002,False,,,,,,,,,Grocery/Market,Starbucks/coffee counter inside Kroger #565,national_regional,mainstream_supermarket,medium
HEALTH2024-00125,KORGER #565 - MEAT / SEAFOOD,1801 N LAKE FOREST DR,1801 N LAKE FOREST DR,,2024-12-06,2024-12-06,1,HEALTH2024-00125,False,,,,,,,,,Grocery/Market,Kroger - meat,national_regional,mainstream_supermarket,high
HEALTH2024-00126,KROGER #565 PRODUCE ,1801 N LAKE FOREST DR,1801 N LAKE FOREST DR,,2024-12-06,2026-06-16,2,HEALTH2019-00005,False,,,,,,,,,Grocery/Market,Kroger - produce,national_regional,mainstream_supermarket,high
HEALTH2024-00127,KROGER #565 BAKERY,1801 N LAKE FOREST DR,1801 N LAKE FOREST DR,,2024-12-06,2024-12-06,1,HEALTH2019-00004,False,,,,,,,,,Grocery/Market,Kroger - bakery,national_regional,mainstream_supermarket,high
HEALTH2024-00128,KROGER #565 GROCERY,1801 N LAKE FOREST DR,1801 N LAKE FOREST DR,,2024-12-06,2024-12-06,1,HEALTH2018-10420,False,,,,,,,,,Grocery/Market,Kroger - grocery,national_regional,mainstream_supermarket,high
HEALTH2024-00129,KROGER #565 DELI,1801 N LAKE FOREST DR,1801 N LAKE FOREST DR,,2024-12-06,2024-12-06,1,HEALTH2019-00006,False,,,,,,,,,Grocery/Market,Kroger - deli,national_regional,mainstream_supermarket,high
HEALTH2024-00133,GROW ACADEMY,10101 WESTRIDGE BLVD 102,10101 WESTRIDGE BLVD,102,2024-05-29,2025-09-10,4,HEALTH2022-00027,False,,,,,,,,,Institutional,school/daycare,independent,,high
HEALTH2024-00134,WHATABURGER #1115,4970 W UNIVERSITY DR,4970 W UNIVERSITY DR,,2024-06-15,2024-09-09,2,HEALTH2017-008905,False,,,,,,,,,Fast Food,burgers,national_regional,,high
HEALTH2024-00136,DONUT WORLD,7820 ELDORADO PKWY,7820 ELDORADO PKWY,,2024-05-16,2024-08-24,2,HEALTH2017-008889,False,,,,,,,,,Coffee/Cafe/Bakery/Dessert,donuts/bagels,independent,,high
HEALTH2024-00137,ANOINTED SENIOR LIVING,1601 ELDORADO PKWY,1601 ELDORADO PKWY,,2024-04-01,2026-03-18,6,HEALTH2024-00137,False,permits,Food Establishment,Issued,Biannual Inspections,2,DN,3.0,4.0,Institutional,senior living / nursing,unknown,,high
HEALTH2024-00138,URBAN GRILL AND WINE BAR MCKINNEY,218 E LOUISIANA ST 300,218 E LOUISIANA ST,300,2024-05-02,2026-05-29,5,HEALTH2021-00032,False,permits,Food Establishment,Issued,Biannual Inspections,12,DN,14.0,4.0,"American (sit-down, bars, venues)",grill and wine bar,independent,,medium
HEALTH2024-00139,HUB 121 CRAIG RANCH,7570 SH 121,7570 SH 121,,2024-07-26,2026-07-30,4,HEALTH2022-00084,False,permits,Food Establishment,Issued,Biannual Inspections,0,NC,0.0,4.0,"American (sit-down, bars, venues)",outdoor bar/event venue,independent,,medium
HEALTH2024-00140,AVALON MEMORY CARE,5401 MCKINNEY RANCH PKWY,5401 MCKINNEY RANCH PKWY,,2024-05-30,2026-07-31,6,HEALTH2017-09669,False,permits,Food Establishment,Issued,Biannual Inspections,4,UP,6.0,4.0,Institutional,senior living / nursing,local_multi,,low
HEALTH2024-00141,VALARIE'S TACO SHOP,1614 W UNIVERSITY DR,1614 W UNIVERSITY DR,,2024-06-18,2026-08-19,6,HEALTH2023-00008,False,permits,Food Establishment,Issued,Biannual Inspections,14,UP,20.0,4.0,Mexican/Tex-Mex/Latin,tacos,local_multi,,high
HEALTH2024-00143,LEARNING TREE MONTESSORI,2951 TAYLOR-BURK DR,2951 TAYLOR-BURK DR,,2025-06-10,2026-08-25,2,HEALTH2024-00143,False,,,,,,,,,Institutional,school/daycare,independent,,high
HEALTH2024-00145,SCOTTY P'S HAMBURGERS,2950 CRAIG DR 304,2950 CRAIG DR,304,2024-02-20,2026-08-20,7,HEALTH2017-001253,False,permits,Food Establishment,Issued,Biannual Inspections,3,NC,4.0,4.0,"American (sit-down, bars, venues)",burgers,local_multi,,medium
HEALTH2024-00146,SONIC DRIVE IN #3834,2950 ELDORADO PKWY,2950 ELDORADO PKWY,,2024-06-15,2026-04-08,4,HEALTH2017-000013,False,,,,,,,,,Fast Food,burgers/drive-in,national_regional,,high
HEALTH2024-00149,EINSTEIN BROS BAGELS,4040 W UNIVERSITY DR 200,4040 W UNIVERSITY DR,200,2024-05-01,2026-06-09,5,HEALTH2024-00149,False,permits,Food Establishment,Issued,Biannual Inspections,2,NC,3.0,4.0,Coffee/Cafe/Bakery/Dessert,bagels,national_regional,,high
HEALTH2024-00150,JUNGLE BURGER,318 N CENTRAL EXPY,318 N CENTRAL EXPY,,2024-05-31,2025-11-06,6,HEALTH2017-008538,False,,,,,,,,,"American (sit-down, bars, venues)",burgers,independent,,medium
HEALTH2024-00152,INREACH - WATSON & CHALIN,725 E UNIVERSITY DR,725 E UNIVERSITY DR,,2025-01-02,2025-01-02,1,HEALTH2022-00025,False,,,,,,,,,Other non-restaurant,vending/micro market,unknown,,low
HEALTH2024-00157,BURGER KING # 6460 ,1700 W UNIVERSITY DR,1700 W UNIVERSITY DR,,2025-02-27,2026-08-11,4,HEALTH2017-000688,False,permits,Food Establishment,Issued,Biannual Inspections,5,DN,5.0,4.0,Fast Food,burgers,national_regional,,high
HEALTH2024-00160,PRIDE BURGER,103 W UNIVERSITY DR,103 W UNIVERSITY DR,,2024-06-20,2025-02-10,2,HEALTH2017-000286,False,,,,,,,,,"American (sit-down, bars, venues)",burgers,independent,,medium
HEALTH2024-00161,FIVE GUYS BURGERS AND FRIES,3530 W UNIVERSITY DR 400,3530 W UNIVERSITY DR,400,2025-01-15,2026-07-30,4,HEALTH2018-10400,False,permits,Food Establishment,Issued,Biannual Inspections,0,NC,0.0,4.0,Fast Food,burgers,national_regional,,high
HEALTH2024-00162,SHEESH KITCHEN,1521 N CUSTER RD 2800,1521 N CUSTER RD,2800,2024-03-26,2026-03-05,6,HEALTH2022-00022,False,permits,Food Establishment,Issued,Biannual Inspections,1,DN,2.0,4.0,Mediterranean/Middle Eastern,Middle Eastern (likely shish kebab),independent,,low
HEALTH2024-00163,CHICKEN SALAD CHICK,3520 W UNIVERSITY DR 100,3520 W UNIVERSITY DR,100,2024-02-22,2026-08-17,6,HEALTH2019-00085,False,permits,Food Establishment,Issued,Biannual Inspections,6,NC,5.0,4.0,Deli/Sandwich/Salad,chicken salad,national_regional,,high
HEALTH2024-00164,DADDY'S TACOS,1800 S INDEPENDENCE PKWY 120,1800 S INDEPENDENCE PKWY,120,2025-12-29,2026-06-09,2,HEALTH2017-008106,False,permits,Food Establishment,Issued,Biannual Inspections,13,DN,7.0,2.0,Mexican/Tex-Mex/Latin,tacos,independent,,high
HEALTH2024-00166,THE AMAZING DIP COMPANY,317 S CHESTNUT ST,317 S CHESTNUT ST,,2026-04-11,2026-04-11,1,HEALTH2017-009007,True,,,,,,,,,Other non-restaurant,dip mixes (cottage food vendor),independent,,medium
HEALTH2024-00168,"Lockwood Distilling Company
Restaurant & Distillery
Food and Drinks
Retail",205 W LOUISIANA ST 102,205 W LOUISIANA ST,102,2024-10-03,2026-08-26,5,HEALTH2024-00168,False,permits,Food Establishment,Issued,Biannual Inspections,6,UP,6.0,4.0,"American (sit-down, bars, venues)",distillery restaurant,local_multi,,high
HEALTH2024-00170,THE BRASS TAP,4030 W UNIVERSITY DR 100,4030 W UNIVERSITY DR,100,2024-05-23,2026-07-16,6,HEALTH2024-00170,False,permits,Food Establishment,Issued,Biannual Inspections,9,DN,12.0,4.0,"American (sit-down, bars, venues)",craft beer bar,national_regional,,high
HEALTH2024-00171,LEAN KITCHEN,2107 ELDORADO PKWY 109,2107 ELDORADO PKWY,109,2024-06-18,2026-06-05,5,HEALTH2024-00171,False,permits,Food Establishment,Issued,Biannual Inspections,3,DN,5.0,4.0,Hotel/Caterer/Commissary,healthy meal-prep kitchen,local_multi,,medium
HEALTH2024-00173,DAVES HOT CHICKEN,4040 W UNIVERSITY DR 100,4040 W UNIVERSITY DR,100,2024-04-30,2026-06-05,6,HEALTH2024-00173,False,permits,Food Establishment,Issued,Biannual Inspections,1,DN,2.0,4.0,Fast Food,hot chicken,national_regional,,high
HEALTH2024-00174,Dunkin’ donut,5001 MCKINNEY RANCH PKWY,5001 MCKINNEY RANCH PKWY,,2025-06-23,2025-09-30,2,HEALTH2024-00174,False,,,,,,,,,Coffee/Cafe/Bakery/Dessert,donuts/coffee,national_regional,,high
HEALTH2024-00175,B&B CAFE,1411 N CUSTER RD 100,1411 N CUSTER RD,100,2024-04-25,2026-04-13,5,HEALTH2021-00007,False,,,,,,,,,"American (sit-down, bars, venues)",breakfast/lunch cafe,independent,,medium
HEALTH2024-00179,Happy Flower Montessori McKinney,3801 ALMA RD,3801 ALMA RD,,2024-08-28,2025-08-22,3,HEALTH2024-00179,False,,,,,,,,,Institutional,school/daycare,independent,,high
HEALTH2024-00180,Bagel Cafe,7001 S CUSTER RD 400,7001 S CUSTER RD,400,2024-06-25,2024-06-25,1,HEALTH2024-00180,False,,,,,,,,,Coffee/Cafe/Bakery/Dessert,donuts/bagels,independent,,high
HEALTH2024-00184,MR JIM'S PIZZA,1920 ELDORADO PKWY 850,1920 ELDORADO PKWY,850,2024-07-16,2026-04-08,5,HEALTH2017-008920,False,permits,Food Establishment,Issued,Biannual Inspections,1,UP,1.0,4.0,Pizza/Italian,pizza,national_regional,,high
HEALTH2024-00185,CHESTNUT SQUARE ACADEMY,402 S CHESTNUT ST,402 S CHESTNUT ST,,2024-04-05,2025-06-13,3,HEALTH2017-008917,False,,,,,,,,,Institutional,school/daycare,independent,,high
HEALTH2024-00187,DONUT HOUSE,1800 S INDEPENDENCE PKWY 110,1800 S INDEPENDENCE PKWY,110,2024-05-23,2025-01-14,3,HEALTH2017-008191,False,,,,,,,,,Coffee/Cafe/Bakery/Dessert,donuts/bagels,independent,,high
HEALTH2024-00188,SHIPLEY DONUT,5000 COLLIN MCKINNEY PKWY 140,5000 COLLIN MCKINNEY PKWY,140,2024-06-07,2026-06-18,5,HEALTH2018-09995,False,permits,Food Establishment,Issued,Biannual Inspections,1,DN,1.0,4.0,Coffee/Cafe/Bakery/Dessert,donuts,national_regional,,high
HEALTH2024-00189,SUBWAY,4500 MEDICAL CENTER DR,4500 MEDICAL CENTER DR,,2024-05-22,2026-07-01,6,HEALTH2017-008083,False,permits,Food Establishment,Issued,Biannual Inspections,1,NC,2.0,4.0,Deli/Sandwich/Salad,sub sandwiches,national_regional,,high
HEALTH2024-00190,F&F JAPANESE GRILL,8930 SH 121 586,8930 SH 121,586,2024-06-24,2026-04-16,8,HEALTH2024-00190,False,permits,Food Establishment,Issued,Biannual Inspections,11,DN,13.0,4.0,Japanese,Japanese grill,independent,,medium
HEALTH2024-00191,TACO CABANA #240,2005 W UNIVERSITY DR,2005 W UNIVERSITY DR,,2024-08-06,2026-03-31,5,HEALTH2017-000285,False,permits,Food Establishment,Issued,Biannual Inspections,2,UP,2.0,4.0,Fast Food,Tex-Mex fast food,national_regional,,high
HEALTH2024-00192,TACO BELL #30590,4980 W UNIVERSITY DR,4980 W UNIVERSITY DR,,2024-04-10,2024-11-01,2,HEALTH2017-007333,False,,,,,,,,,Fast Food,Taco Bell,national_regional,,high
HEALTH2024-00193,YUMMI SUSHI @ KROGER #565,1801 N LAKE FOREST DR,1801 N LAKE FOREST DR,,2025-07-03,2026-06-29,3,HEALTH2021-00023,False,permits,Food Establishment,Issued,Biannual Inspections,2,DN,3.0,3.0,Grocery/Market,sushi counter inside Kroger #565,national_regional,mainstream_supermarket,medium
HEALTH2024-00197,GUIDEPOST MONTESSORI AT ELDORADO,7508 ELDORADO PKWY,7508 ELDORADO PKWY,,2024-10-03,2025-04-25,2,HEALTH2017-008916,False,,,,,,,,,Institutional,school/daycare,national_regional,,high
HEALTH2024-00198,THE RANCH COUNTRY CLUB POOL SNACK BAR,5901 GLEN OAKS DR,5901 GLEN OAKS DR,,2024-07-29,2026-06-11,4,HEALTH2018-000124,False,,,,,,,,,Venue/Concession,country club pool snack bar,independent,,high
HEALTH2024-00199,THE RANCH COUNTRY CLUB,5901 GLEN OAKS DR,5901 GLEN OAKS DR,,2024-07-29,2026-06-11,4,HEALTH2024-00199,False,permits,Food Establishment,Issued,Biannual Inspections,16,DN,19.0,4.0,"American (sit-down, bars, venues)",country club,independent,,high
HEALTH2024-00200,SUGAR ICE CREAM AND WAFFLE,4701 S CUSTER RD 350,4701 S CUSTER RD,350,2026-01-23,2026-01-23,1,HEALTH2022-00044,False,permits,Food Establishment,Issued,Biannual Inspections,0,DN,0.0,1.0,Coffee/Cafe/Bakery/Dessert,ice cream and waffles,independent,,high
HEALTH2024-00206,DOLLAR GENERAL STORE #10421,1420 S MCDONALD ST,1420 S MCDONALD ST,,2024-04-20,2026-06-26,5,HEALTH2017-001604,False,permits,Food Establishment,Issued,Biannual Inspections,2,DN,3.0,4.0,Convenience/Gas,dollar/discount store,national_regional,,high
HEALTH2024-00208,ABBOTT' FROZEN CUSTARD,1520 N HARDIN BLVD,1520 N HARDIN BLVD,,2024-05-29,2025-12-08,4,HEALTH2024-00208,False,,,,,,,,,Coffee/Cafe/Bakery/Dessert,frozen custard,national_regional,,high
HEALTH2024-00209,PIONEER RIDGE,7210 LINKSIDE POINT DR,7210 LINKSIDE POINT DR,,2025-03-03,2026-03-18,3,HEALTH2017-006661,False,permits,Food Establishment,Issued,Biannual Inspections,13,UP,10.0,3.0,Institutional,senior living / nursing,unknown,,high
HEALTH2024-00210,JAKES GAMEDAY,4150 ELDORADO PKWY 800,4150 ELDORADO PKWY,800,2024-04-11,2024-08-01,2,HEALTH2022-00067,False,,,,,,,,,"American (sit-down, bars, venues)",sports bar,independent,,medium
HEALTH2024-00211,GRAND BROOK MEMORY CARE,175 PLATEAU DR,175 PLATEAU DR,,2024-06-28,2026-05-11,5,HEALTH2017-006609,False,permits,Food Establishment,Issued,Biannual Inspections,4,DN,6.0,4.0,Institutional,senior living / nursing,local_multi,,low
HEALTH2024-00212,STONEBRIDGE COUNTRY CLUB,7003 BEACON HILL RD,7003 BEACON HILL RD,,2024-05-02,2026-04-03,5,HEALTH2017-000131,False,permits,Food Establishment,Issued,Biannual Inspections,15,NC,16.0,4.0,"American (sit-down, bars, venues)",country club,independent,,high
HEALTH2024-00213,STONEBRIDGE COUNTRY CLUB SNACK BAR POOL,7003 BEACON HILL RD,7003 BEACON HILL RD,,2024-05-02,2025-04-15,3,HEALTH2017-000132,False,,,,,,,,,Venue/Concession,country club pool snack bar,independent,,high
HEALTH2024-00214,7-ELEVEN #33688A,7990 ELDORADO PKWY,7990 ELDORADO PKWY,,2024-05-16,2026-04-01,6,HEALTH2024-00214,False,permits,Food Establishment,Issued,Biannual Inspections,5,DN,5.0,4.0,Convenience/Gas,convenience store / gas station,national_regional,,high
HEALTH2024-00215,7-ELEVEN #33118B,5020 VIRGINIA PKWY,5020 VIRGINIA PKWY,,2024-03-15,2026-03-18,6,HEALTH2017-001792,False,permits,Food Establishment,Issued,Biannual Inspections,3,DN,5.0,4.0,Convenience/Gas,convenience store / gas station,national_regional,,high
HEALTH2024-00216,KFC #J625230,2030 W UNIVERSITY DR,2030 W UNIVERSITY DR,,2024-04-04,2024-10-09,2,HEALTH2024-00216,False,,,,,,,,,Fast Food,fried chicken,national_regional,,high
HEALTH2024-00217,NINE TEEN DEGREES SPORTS BAR & GRILL,6993 STARS AVE,6993 STARS AVE,,2024-08-29,2026-06-26,5,HEALTH2017-007280,False,permits,Food Establishment,Issued,Biannual Inspections,3,DN,5.0,4.0,"American (sit-down, bars, venues)",sports bar,independent,,high
HEALTH2024-00218,Rice and Noodle,1521 N CUSTER RD 2600,1521 N CUSTER RD,2600,2024-09-16,2026-03-20,5,HEALTH2017-09584,False,permits,Food Establishment,Issued,Biannual Inspections,20,DN,26.0,4.0,Asian (unspecified),rice and noodle dishes,independent,,low
HEALTH2024-00221,Chick-fil-A,8601 W UNIVERSITY DR,8601 W UNIVERSITY DR,,2025-06-20,2026-05-11,3,HEALTH2024-00221,False,,,,,,,,,Fast Food,fried chicken,national_regional,,high
HEALTH2024-00227,PIADA ITALIAN STREET FOOD,4030 W UNIVERSITY DR 400,4030 W UNIVERSITY DR,400,2024-09-30,2026-04-03,4,HEALTH2024-00227,False,permits,Food Establishment,Issued,Biannual Inspections,5,DN,7.0,4.0,Pizza/Italian,Italian,national_regional,,high
HEALTH2024-00230,WHICH WICH,1933 N CENTRAL EXPY 500,1933 N CENTRAL EXPY,500,2024-04-25,2026-04-03,4,HEALTH2017-002009,False,permits,Food Establishment,Issued,Biannual Inspections,3,NC,5.0,4.0,Deli/Sandwich/Salad,sub sandwiches,national_regional,,high
HEALTH2024-00232,Sugar Land Bakery,6405 ELDORADO PKWY 250,6405 ELDORADO PKWY,250,2024-08-30,2026-08-19,5,HEALTH2024-00232,False,permits,Food Establishment,Issued,Biannual Inspections,10,DN,14.0,4.0,Coffee/Cafe/Bakery/Dessert,bakery (kolaches),independent,,high
HEALTH2024-00233,R&B Tea,2761 VIRGINIA PKWY 400,2761 VIRGINIA PKWY,400,2024-10-22,2026-08-11,4,HEALTH2024-00233,False,permits,Food Establishment,Issued,Biannual Inspections,9,UP,10.0,4.0,Coffee/Cafe/Bakery/Dessert,boba tea,national_regional,,high
HEALTH2024-00237,THE MCKINNEY FIRST BAPTIST CHURCH,1112 COLEMAN ST,1112 COLEMAN ST,,2024-06-10,2025-07-29,3,HEALTH2024-00237,False,,,,,,,,,Institutional,church,independent,,medium
HEALTH2024-00238,MARKET STREET #561 - BAKERY,6100 ELDORADO PKWY,6100 ELDORADO PKWY,,2024-11-01,2026-05-28,4,HEALTH2024-00238,False,permits,Food Establishment,Issued,Biannual Inspections,3,UP,3.0,4.0,Grocery/Market,Market Street - bakery,national_regional,mainstream_supermarket,high
HEALTH2024-00239,MARKET STREET #561 - GROCERY,6100 ELDORADO PKWY,6100 ELDORADO PKWY,,2024-11-01,2026-05-28,4,HEALTH2017-001098,False,permits,Food Establishment,Issued,Biannual Inspections,0,NC,0.0,4.0,Grocery/Market,Market Street - grocery,national_regional,mainstream_supermarket,high
HEALTH2024-00240,MARKET STREET #561 - DELI,6100 ELDORADO PKWY,6100 ELDORADO PKWY,,2024-11-01,2026-05-28,4,HEALTH2017-001099,False,permits,Food Establishment,Issued,Biannual Inspections,5,UP,5.0,4.0,Grocery/Market,Market Street - deli,national_regional,mainstream_supermarket,high
HEALTH2024-00241,MARKET STREET #561 - SEAFOOD,6100 ELDORADO PKWY,6100 ELDORADO PKWY,,2024-11-01,2026-05-28,4,HEALTH2017-001102,False,permits,Food Establishment,Issued,Biannual Inspections,2,DN,2.0,4.0,Grocery/Market,Market Street - seafood,national_regional,mainstream_supermarket,high
HEALTH2024-00242,BASKIN ROBBINS,3001 S HARDIN BLVD 116,3001 S HARDIN BLVD,116,2025-04-21,2026-03-18,3,HEALTH2017-000898,False,permits,Food Establishment,Issued,Biannual Inspections,1,NC,0.0,3.0,Coffee/Cafe/Bakery/Dessert,ice cream,national_regional,,high
HEALTH2024-00243,T.C. SHAVED ICE,812 S MCDONALD ST,812 S MCDONALD ST,,2025-06-18,2026-06-30,2,HEALTH2017-004953,False,permits,Food Establishment,Issued,Biannual Inspections,15,UP,11.0,2.0,Coffee/Cafe/Bakery/Dessert,shaved ice,independent,,high
HEALTH2024-00262,GLOBE LIFE,3700 S STONEBRIDGE DR,3700 S STONEBRIDGE DR,,2024-08-01,2025-07-14,2,HEALTH2024-00262,False,,,,,,,,,Other non-restaurant,micro market (employer),unknown,,medium
HEALTH2024-00263,ITALIAN GARDEN,500 N CUSTER RD 100,500 N CUSTER RD,100,2024-05-30,2026-08-28,6,HEALTH2024-00263,False,permits,Food Establishment,Issued,Biannual Inspections,11,DN,14.0,4.0,Pizza/Italian,Italian,independent,,high
HEALTH2024-00271,CIRCLE K #2741198,4991 W UNIVERSITY DR,4991 W UNIVERSITY DR,,2024-04-24,2026-04-13,5,HEALTH2017-001244,False,permits,Food Establishment,Issued,Biannual Inspections,5,UP,6.0,4.0,Convenience/Gas,convenience store / gas station,national_regional,,high
HEALTH2024-00274,Ave C Self-Service Market,2501 W UNIVERSITY DR,2501 W UNIVERSITY DR,,2024-09-09,2026-01-08,2,HEALTH2024-00276,False,,,,,,,,,Other non-restaurant,micro market / vending,unknown,,high
HEALTH2024-00275,Ave C Self-Service Market,1329 MILLWOOD RD,1329 MILLWOOD RD,,2024-12-20,2024-12-20,1,HEALTH2024-00275,False,,,,,,,,,Other non-restaurant,micro market / vending,unknown,,high
HEALTH2024-00276,Ave C Self-Service Market,2501 W UNIVERSITY DR,2501 W UNIVERSITY DR,,2024-09-09,2024-09-09,1,HEALTH2024-00276,False,,,,,,,,,Other non-restaurant,micro market / vending,unknown,,high
HEALTH2024-00277,Ave C Self-Service Market,2501 W UNIVERSITY DR,2501 W UNIVERSITY DR,,2024-09-09,2026-01-08,2,HEALTH2024-00276,False,,,,,,,,,Other non-restaurant,micro market / vending,unknown,,high
HEALTH2024-00280,11/17,1910 N STONEBRIDGE DR 180,1910 N STONEBRIDGE DR,180,2024-05-02,2026-08-20,6,HEALTH2018-09729,False,permits,Food Establishment,Issued,Biannual Inspections,7,DN,6.0,4.0,"American (sit-down, bars, venues)",bar & grill (comfort food),independent,,medium
HEALTH2024-00285,MCKINNEY PIZZA TARVERN,1705 W UNIVERSITY DR,1705 W UNIVERSITY DR,,2024-04-01,2024-04-01,1,HEALTH2024-00285,False,,,,,,,,,Pizza/Italian,pizza tavern,independent,,high
HEALTH2024-00290,COLLIN SPRINGS,4650 W UNIVERSITY DR,4650 W UNIVERSITY DR,,2024-08-08,2026-07-13,5,HEALTH2024-00290,False,permits,Food Establishment,Issued,Biannual Inspections,8,DN,10.0,4.0,Institutional,residential care kitchen (hot box and cart meal service),unknown,,low
HEALTH2024-00292,"BAD ASS COFFEE
",1301 S CENTRAL EXPY,1301 S CENTRAL EXPY,,2024-11-22,2026-03-18,4,HEALTH2024-00292,False,permits,Food Establishment,Issued,Biannual Inspections,2,DN,3.0,4.0,Coffee/Cafe/Bakery/Dessert,coffee,national_regional,,high
HEALTH2024-00294,BOBA CITY,5160 COLLIN MCKINNEY PKWY 100,5160 COLLIN MCKINNEY PKWY,100,2024-11-20,2026-04-08,4,HEALTH2022-00316,False,permits,Food Establishment,Issued,Biannual Inspections,5,DN,8.0,4.0,Coffee/Cafe/Bakery/Dessert,boba tea,independent,,high
HEALTH2024-00295,CVS PHARMACY #5952,2313 W UNIVERSITY DR,2313 W UNIVERSITY DR,,2024-04-30,2026-05-11,5,HEALTH2017-004541,False,permits,Food Establishment,Issued,Biannual Inspections,0,NC,0.0,4.0,Convenience/Gas,pharmacy,national_regional,,high
HEALTH2024-00296,DONUT TOWN,215 E UNIVERSITY DR 101,215 E UNIVERSITY DR,101,2024-04-27,2026-03-12,6,HEALTH2017-000314,False,permits,Food Establishment,Issued,Biannual Inspections,19,DN,22.0,4.0,Coffee/Cafe/Bakery/Dessert,donuts/bagels,independent,,high
HEALTH2024-00297,STONEBRIDGE DINER,6150 ELDORADO PKWY 180,6150 ELDORADO PKWY,180,2024-08-13,2026-04-16,4,HEALTH2024-00297,False,permits,Food Establishment,Issued,Biannual Inspections,11,UP,13.0,4.0,"American (sit-down, bars, venues)",diner,independent,,medium
HEALTH2024-00298,ARISTIDE|MCKINNEY,6200 TPC DR,6200 TPC DR,,2024-04-02,2026-04-17,6,HEALTH2019-00514,False,permits,Food Establishment,Issued,Biannual Inspections,0,DN,0.0,4.0,"American (sit-down, bars, venues)",event venue,local_multi,,medium
HEALTH2024-00300,TACOS LOS CHANOS,345 INDUSTRIAL BLVD D,345 INDUSTRIAL BLVD,D,2024-07-12,2026-03-11,5,HEALTH2017-005909,False,permits,Food Establishment,Issued,Biannual Inspections,9,UP,10.0,4.0,Mexican/Tex-Mex/Latin,tacos,independent,,high
HEALTH2024-00301,SQUARE BURGER,115 N KENTUCKY ST,115 N KENTUCKY ST,,2024-07-02,2026-04-28,5,HEALTH2017-003702,False,permits,Food Establishment,Issued,Biannual Inspections,6,DN,7.0,4.0,"American (sit-down, bars, venues)",burgers,independent,,medium
HEALTH2024-00302,PETRA MEXICAN BISTRO,7200 W UNIVERSITY DR 100,7200 W UNIVERSITY DR,100,2025-03-04,2026-07-23,4,HEALTH2019-00049,False,permits,Food Establishment,Issued,Biannual Inspections,14,DN,17.0,4.0,Mexican/Tex-Mex/Latin,Mexican,independent,,low
HEALTH2024-00303,Donut Box,4100 S RIDGE RD 100,4100 S RIDGE RD,100,2024-05-22,2025-07-22,4,HEALTH2019-00067,False,,,,,,,,,Coffee/Cafe/Bakery/Dessert,donuts/bagels,local_multi,,high
HEALTH2024-00307,TORCHY'S TACOS,4040 W UNIVERSITY DR 300,4040 W UNIVERSITY DR,300,2024-07-11,2026-03-25,5,HEALTH2024-00307,False,permits,Food Establishment,Issued,Biannual Inspections,2,DN,2.0,4.0,Mexican/Tex-Mex/Latin,tacos (Tex-Mex),national_regional,,high
HEALTH2024-00308,"HIDDEN SPRINGS
",6421 MCKINNEY RANCH PKWY,6421 MCKINNEY RANCH PKWY,,2024-04-05,2026-04-24,6,HEALTH2020-00017,False,permits,Food Establishment,Issued,Biannual Inspections,5,NC,6.0,4.0,Institutional,senior living / nursing,unknown,,high
HEALTH2024-00309,SWEET CAROLINE'S GELATO,107 N KENTUCKY ST,107 N KENTUCKY ST,,2024-07-10,2026-03-30,4,HEALTH2017-003722,False,permits,Food Establishment,Issued,Biannual Inspections,5,DN,6.0,4.0,Coffee/Cafe/Bakery/Dessert,gelato,independent,,high
HEALTH2024-00321,LATINOS CONCESSIONS,4550 W UNIVERSITY DR,4550 W UNIVERSITY DR,,2024-04-12,2024-06-14,2,HEALTH2024-00321,True,,,,,,,,,Mexican/Tex-Mex/Latin,Latin food concession,independent,,medium
HEALTH2024-00326,ECONO LODGE INN AND SUITES,951 S CENTRAL EXPY,951 S CENTRAL EXPY,,2024-10-21,2025-12-29,3,HEALTH2018-10131,False,,,,,,,,,Hotel/Caterer/Commissary,hotel,national_regional,,high
HEALTH2024-00327,SONNY DONUTS,1751 N CENTRAL EXPY,1751 N CENTRAL EXPY,,2024-04-30,2026-06-02,6,HEALTH2017-000555,False,permits,Food Establishment,Issued,Biannual Inspections,5,DN,8.0,4.0,Coffee/Cafe/Bakery/Dessert,donuts/bagels,independent,,high
HEALTH2024-00329,VILLAGE ON THE PARK STONEBRIDGE RANCH,3300 S STONEBRIDGE DR,3300 S STONEBRIDGE DR,,2024-10-02,2026-07-28,5,HEALTH2024-00329,False,,,,,,,,,Institutional,senior living / nursing,local_multi,,low
HEALTH2024-00333,THE GYRO SHOP,6840 VIRGINIA PKWY 115,6840 VIRGINIA PKWY,115,2024-05-21,2026-06-25,6,HEALTH2024-00333,False,permits,Food Establishment,Issued,Biannual Inspections,3,UP,5.0,4.0,Mediterranean/Middle Eastern,gyros,independent,,high
HEALTH2024-00350,CAVA,4010 W UNIVERSITY DR 400,4010 W UNIVERSITY DR,400,2024-07-17,2026-03-30,5,HEALTH2024-00350,False,permits,Food Establishment,Issued,Biannual Inspections,1,UP,1.0,4.0,Mediterranean/Middle Eastern,Mediterranean fast casual,national_regional,,high
HEALTH2024-00372,SCOOTER'S COFFEEHOUSE,2741 VIRGINIA PKWY 100,2741 VIRGINIA PKWY,100,2024-06-24,2025-12-04,4,HEALTH2017-005184,False,,,,,,,,,Coffee/Cafe/Bakery/Dessert,coffee,national_regional,,high
HEALTH2024-00378,Farmer's Fridge,1398 INDUSTRIAL BLVD,1398 INDUSTRIAL BLVD,,2024-12-31,2024-12-31,1,HEALTH2024-00378,False,,,,,,,,,Other non-restaurant,micro market / vending,national_regional,,high
HEALTH2024-00382,SUSHI BOX,8930 SH 121 562,8930 SH 121,562,2024-07-23,2026-04-16,5,HEALTH2021-00018,False,permits,Food Establishment,Issued,Biannual Inspections,19,UP,25.0,4.0,Japanese,sushi,independent,,medium
HEALTH2024-00384,JASON'S DELI,8600 W UNIVERSITY DR,8600 W UNIVERSITY DR,,2024-06-20,2024-06-20,1,HEALTH2023-00058,False,,,,,,,,,Deli/Sandwich/Salad,"deli sandwiches, salads",national_regional,,high
HEALTH2024-00386,HONEST RESTAURANT,8910 SH 121 220,8910 SH 121,220,2024-06-07,2026-04-03,5,HEALTH2019-00222,False,permits,Food Establishment,Issued,Biannual Inspections,15,NC,16.0,4.0,Indian,Indian vegetarian street food,national_regional,,high
HEALTH2024-00388,JERSEY MIKE'S,6720 ALMA RD 500,6720 ALMA RD,500,2024-08-08,2026-06-25,5,HEALTH2021-00051,False,,,,,,,,,Deli/Sandwich/Salad,sub sandwiches,national_regional,,high
HEALTH2024-00389,Stonebridge Academy,1921 GRASSMERE LN,1921 GRASSMERE LN,,2024-05-29,2025-06-09,3,HEALTH2017-003559,False,,,,,,,,,Institutional,school/daycare,independent,,high
HEALTH2024-00390,Pagoda Asian Grill ,1801 N HARDIN BLVD 100,1801 N HARDIN BLVD,100,2024-07-25,2024-11-26,2,HEALTH2024-00390,False,,,,,,,,,Asian (unspecified),pan-Asian grill,independent,,medium
HEALTH2024-00391,OAK HOLLOW GOLF COURSE,3005 N MCDONALD ST,3005 N MCDONALD ST,,2024-08-01,2026-04-02,4,HEALTH2017-003846,False,permits,Food Establishment,Issued,Biannual Inspections,7,UP,9.0,4.0,"American (sit-down, bars, venues)",golf course grill,independent,,medium
HEALTH2024-00397,THE SURREY HOUSE,312 S TENNESSEE ST,312 S TENNESSEE ST,,2024-07-09,2025-09-11,4,HEALTH2017-000382,False,,,,,,,,,Unknown,,unknown,,low
HEALTH2024-00405,JEREMIAH'S ICE,7820 ELDORADO PKWY 100,7820 ELDORADO PKWY,100,2024-08-23,2026-08-05,5,HEALTH2020-00140,False,permits,Food Establishment,Issued,Biannual Inspections,7,DN,10.0,4.0,Coffee/Cafe/Bakery/Dessert,Italian ice,national_regional,,high
HEALTH2024-00414,YUMMI SUSHI @ KROGER 488,1707 W UNIVERSITY DR,1707 W UNIVERSITY DR,,2025-04-22,2025-04-22,1,HEALTH2018-09748,False,,,,,,,,,Grocery/Market,sushi counter inside Kroger #488,national_regional,mainstream_supermarket,medium
HEALTH2024-00422,VENEZIA SAPORI,1820 ELDORADO PKWY,1820 ELDORADO PKWY,,2024-08-09,2026-04-10,5,HEALTH2024-00422,False,permits,Food Establishment,Issued,Biannual Inspections,6,NC,9.0,4.0,Pizza/Italian,Italian,independent,,medium
HEALTH2024-00423,TAILGATERS SPORTS BAR & GRILL,4150 ELDORADO PKWY 800,4150 ELDORADO PKWY,800,2024-10-02,2025-02-10,2,HEALTH2024-00423,False,,,,,,,,,"American (sit-down, bars, venues)",sports bar,independent,,high
HEALTH2024-00424,WAL-MART #5211 GROCERY,5001 MCKINNEY RANCH PKWY,5001 MCKINNEY RANCH PKWY,,2024-06-12,2026-03-09,5,HEALTH2017-001119,False,permits,Food Establishment,Issued,Biannual Inspections,1,DN,2.0,4.0,Grocery/Market,Walmart - grocery,national_regional,mainstream_supermarket,high
HEALTH2024-00425,WAL-MART #5211 BAKERY,5001 MCKINNEY RANCH PKWY,5001 MCKINNEY RANCH PKWY,,2024-06-12,2026-03-09,5,HEALTH2017-001118,False,,,,,,,,,Grocery/Market,Walmart - bakery,national_regional,mainstream_supermarket,high
HEALTH2024-00426,WAL-MART #5211 MEAT,5001 MCKINNEY RANCH PKWY,5001 MCKINNEY RANCH PKWY,,2024-06-12,2026-03-09,5,HEALTH2017-001117,False,,,,,,,,,Grocery/Market,Walmart - meat,national_regional,mainstream_supermarket,high
HEALTH2024-00427,WAL-MART #5211 DELI,5001 MCKINNEY RANCH PKWY,5001 MCKINNEY RANCH PKWY,,2024-06-12,2026-03-09,5,HEALTH2017-001120,False,,,,,,,,,Grocery/Market,Walmart - deli,national_regional,mainstream_supermarket,high
HEALTH2024-00428,CHIPOTLE MEXICAN GRILL #1132,2014 W UNIVERSITY DR,2014 W UNIVERSITY DR,,2024-08-01,2026-06-22,5,HEALTH2017-001936,False,permits,Food Establishment,Issued,Biannual Inspections,3,DN,3.0,4.0,Mexican/Tex-Mex/Latin,Mexican fast casual,national_regional,,high
HEALTH2024-00429,TOM THUMB #296 - STARBUCKS,6800 VIRGINIA PKWY,6800 VIRGINIA PKWY,,2024-08-23,2026-06-05,5,HEALTH2017-009129,False,,,,,,,,,Grocery/Market,Starbucks/coffee counter inside Tom Thumb #296,national_regional,mainstream_supermarket,medium
HEALTH2024-00430,GABE NESBIT SOFTBALL,3205 ALMA RD,3205 ALMA RD,,2024-10-23,2026-02-17,4,HEALTH2017-008121,False,permits,Concession Stand,Issued,Biannual Inspections,1,DN,1.0,4.0,Venue/Concession,softball complex concession,independent,,medium
HEALTH2024-00431,GABE NESBITT BASEBALL,7001 ELDORADO PKWY,7001 ELDORADO PKWY,,2024-10-23,2025-02-19,2,HEALTH2020-00086,False,,,,,,,,,Venue/Concession,baseball complex concession,independent,,medium
HEALTH2024-00432,MOUZON FIELDS CONCESSION STAND,1307 GREENVILLE RD,1307 GREENVILLE RD,,2024-10-25,2026-08-27,5,HEALTH2017-001402,False,permits,Concession Stand,Issued,Biannual Inspections,0,NC,0.0,4.0,Venue/Concession,park sports concession,independent,,medium
HEALTH2024-00433,El Rincon Mexican,7951 COLLIN MCKINNEY PKWY 700,7951 COLLIN MCKINNEY PKWY,700,2025-01-29,2025-01-29,1,HEALTH2024-00433,False,,,,,,,,,Mexican/Tex-Mex/Latin,Mexican,independent,,high
HEALTH2024-00435,CHINA POT,2310 VIRGINIA PKWY 140,2310 VIRGINIA PKWY,140,2024-08-22,2026-06-23,5,HEALTH2017-008202,False,permits,Food Establishment,Issued,Biannual Inspections,16,UP,17.0,4.0,Chinese,Chinese,independent,,high
HEALTH2024-00436,KIDDIE ACADEMY OF STONEBRIDGE,6300 VIRGINIA PKWY,6300 VIRGINIA PKWY,,2024-10-10,2025-10-16,3,HEALTH2017-008198,False,,,,,,,,,Institutional,school/daycare,national_regional,,high
HEALTH2024-00437,WHATABURGER #963,8608 SH 121,8608 SH 121,,2025-03-29,2026-09-01,4,HEALTH2017-001948,False,permits,Food Establishment,Issued,Biannual Inspections,1,DN,1.0,4.0,Fast Food,burgers,national_regional,,high
HEALTH2024-00438,Dutch Bros Coffee,1605 ELDORADO PKWY,1605 ELDORADO PKWY,,2024-06-10,2026-06-04,5,HEALTH2023-00032,False,permits,Food Establishment,Issued,Biannual Inspections,4,DN,7.0,4.0,Coffee/Cafe/Bakery/Dessert,coffee,national_regional,,high
HEALTH2024-00439,DUTCH BROS,3850 W UNIVERSITY DR,3850 W UNIVERSITY DR,,2024-07-25,2026-07-23,5,HEALTH2023-00060,False,permits,Food Establishment,Issued,Biannual Inspections,3,UP,4.0,4.0,Coffee/Cafe/Bakery/Dessert,coffee,national_regional,,high
HEALTH2024-00440,TAQUERIO HIDALGO,901 N MCDONALD ST,901 N MCDONALD ST,,2024-09-11,2026-07-30,5,HEALTH2024-00440,False,permits,Food Establishment,Issued,Biannual Inspections,6,DN,8.0,4.0,Mexican/Tex-Mex/Latin,taqueria,independent,,high
HEALTH2024-00441,ARAMARK MICROMARKET,5252 W UNIVERSITY DR,5252 W UNIVERSITY DR,,2024-07-10,2026-03-24,5,HEALTH2022-00101,False,,,,,,,,,Other non-restaurant,micro market / vending,national_regional,,high
HEALTH2024-00442,WILLIAMS CHICKEN,204 W UNIVERSITY DR,204 W UNIVERSITY DR,,2024-06-06,2026-08-25,6,HEALTH2020-00033,False,permits,Food Establishment,Issued,Biannual Inspections,5,UP,5.0,4.0,Fast Food,fried chicken,national_regional,,high
HEALTH2024-00444,BAKER'S DRIVE - IN,1001 S MCDONALD ST,1001 S MCDONALD ST,,2024-12-18,2026-04-23,4,HEALTH2020-00122,False,,,,,,,,,"American (sit-down, bars, venues)",burger drive-in,independent,,high
HEALTH2024-00448,MOD PIZZA,1871 N LAKE FOREST DR 900,1871 N LAKE FOREST DR,900,2024-10-14,2025-08-08,3,HEALTH2019-00129,False,,,,,,,,,Pizza/Italian,pizza,national_regional,,high
HEALTH2024-00449,ROUND TABLE PIZZA,7951 COLLIN MCKINNEY PKWY 1600,7951 COLLIN MCKINNEY PKWY,1600,2024-08-21,2024-08-21,1,HEALTH2020-00092,False,,,,,,,,,Pizza/Italian,pizza,national_regional,,high
HEALTH2024-00450,MIGHTY QUICK,727 N MCDONALD ST,727 N MCDONALD ST,,2024-11-01,2026-05-26,4,HEALTH2017-008424,False,permits,Food Establishment,Issued,Biannual Inspections,7,DN,8.0,4.0,Convenience/Gas,convenience store / gas station,independent,,medium
HEALTH2024-00452,DHAMAKA,6851 VIRGINIA PKWY,6851 VIRGINIA PKWY,,2024-07-02,2025-12-03,3,HEALTH2024-00452,False,,,,,,,,,Indian,Indian,independent,,medium
HEALTH2024-00453,Honey B Cafe,3001 S CENTRAL EXPY 303,3001 S CENTRAL EXPY,303,2024-07-01,2026-07-15,5,HEALTH2023-00083,False,permits,Food Establishment,Issued,Biannual Inspections,7,DN,8.0,4.0,Coffee/Cafe/Bakery/Dessert,boba cafe,independent,,medium
HEALTH2024-00455,LITTLE GREEK MCKINNEY,2058 W UNIVERSITY DR 808,2058 W UNIVERSITY DR,808,2024-07-29,2026-03-26,5,HEALTH2019-00077,False,permits,Food Establishment,Issued,Biannual Inspections,4,UP,5.0,4.0,Mediterranean/Middle Eastern,Greek,national_regional,,high
HEALTH2024-00456,MEALS ON WHEELS,600 N TENNESSEE ST,600 N TENNESSEE ST,,2024-08-12,2026-03-13,4,HEALTH2018-10399,False,,,,,,,,,Institutional,nonprofit social services,independent,,high
HEALTH2024-00459,WENDY'S,10950 VIRGINIA PKWY,10950 VIRGINIA PKWY,,2024-08-16,2026-08-03,5,HEALTH2023-00041,False,permits,Food Establishment,Issued,Biannual Inspections,3,UP,4.0,4.0,Fast Food,burgers,national_regional,,high
HEALTH2024-00460,THE ALLEY NOODLE BAR,7701 STACY RD 700,7701 STACY RD,700,2024-07-26,2026-03-09,5,HEALTH2022-00104,False,permits,Food Establishment,Issued,Biannual Inspections,18,UP,22.0,4.0,Asian (unspecified),noodle bar,independent,,medium
HEALTH2024-00461,ZIN ZEN WINE BISTRO,6841 VIRGINIA PKWY 104,6841 VIRGINIA PKWY,104,2024-08-08,2026-07-10,5,HEALTH2017-007392,False,permits,Food Establishment,Issued,Biannual Inspections,1,DN,2.0,4.0,"American (sit-down, bars, venues)",wine bar bistro,independent,,medium
HEALTH2024-00462,HTEAO,1841 N CUSTER RD,1841 N CUSTER RD,,2024-08-03,2026-03-05,4,HEALTH2023-00099,False,permits,Food Establishment,Issued,Biannual Inspections,3,UP,2.0,4.0,Coffee/Cafe/Bakery/Dessert,iced tea,national_regional,,high
HEALTH2024-00463,JERSEY MIKES SUBS,1821 N LAKE FOREST DR 500,1821 N LAKE FOREST DR,500,2024-08-05,2025-04-22,3,HEALTH2019-00132,False,,,,,,,,,Deli/Sandwich/Salad,sub sandwiches,national_regional,,high
HEALTH2024-00464,TOWNEPLACE SUITES MCKINNEY,1832 MARKETPLACE DR,1832 MARKETPLACE DR,,2024-06-21,2025-11-10,3,HEALTH2017-008131,False,,,,,,,,,Hotel/Caterer/Commissary,hotel,national_regional,,high
HEALTH2024-00467,Dream Your Cakes,1530 S INDEPENDENCE PKWY 170,1530 S INDEPENDENCE PKWY,170,2024-09-13,2026-03-18,4,HEALTH2024-00467,False,,,,,,,,,Coffee/Cafe/Bakery/Dessert,cakes,independent,,high
HEALTH2024-00468,LEGEND OF MCKINNEY,220 S CRUTCHER CROSSING,220 S CRUTCHER CROSSING,,2024-08-20,2026-06-04,5,HEALTH2024-00468,False,permits,Food Establishment,Issued,4 Months Inspections,9,UP,10.0,4.0,Institutional,senior living / nursing,national_regional,,high
HEALTH2024-00469,PACIFIC TRADEWINDS,3103 N MCDONALD ST,3103 N MCDONALD ST,,2024-08-09,2025-02-28,2,HEALTH2017-008705,False,,,,,,,,,Unknown,,unknown,,low
HEALTH2024-00471,Sushi Bar Sprouts Farmers Market,2201 VIRGINIA PKWY,2201 VIRGINIA PKWY,,2024-11-12,2026-03-13,4,HEALTH2024-00471,False,permits,Food Establishment,Issued,Biannual Inspections,1,DN,3.0,4.0,Grocery/Market,sushi counter inside Sprouts,national_regional,mainstream_supermarket,medium
HEALTH2024-00477,RACETRAC #219,2032 W UNIVERSITY DR,2032 W UNIVERSITY DR,,2024-06-28,2026-07-10,5,HEALTH2017-000554,False,permits,Food Establishment,Issued,Biannual Inspections,2,DN,0.0,4.0,Convenience/Gas,convenience store / gas station,national_regional,,high
HEALTH2024-00478,DUNKIN' DONUTS,3805 W UNIVERSITY DR 500,3805 W UNIVERSITY DR,500,2025-02-11,2026-08-05,4,HEALTH2019-00143,False,permits,Food Establishment,Issued,Biannual Inspections,7,DN,9.0,4.0,Coffee/Cafe/Bakery/Dessert,donuts/coffee,national_regional,,high
HEALTH2024-00508,Heian Sushi,2960 ELDORADO PKWY 50,2960 ELDORADO PKWY,50,2024-06-05,2026-08-17,6,HEALTH2023-00089,False,permits,Food Establishment,Issued,Biannual Inspections,11,UP,13.0,4.0,Japanese,sushi,independent,,high
HEALTH2024-00509,Golden Grace DAHS,1710 N MCDONALD ST,1710 N MCDONALD ST,,2024-08-01,2026-03-27,5,HEALTH2024-00509,False,permits,Food Establishment,Issued,Biannual Inspections,0,NC,0.0,4.0,Institutional,nonprofit social services,independent,,high
HEALTH2024-00510,EL POLLO REGIO,2000 N CENTRAL EXPY,2000 N CENTRAL EXPY,,2024-07-01,2026-04-14,5,HEALTH2017-006085,False,permits,Food Establishment,Issued,Biannual Inspections,7,DN,9.0,4.0,Fast Food,grilled chicken,national_regional,,high
HEALTH2024-00514,JIM'S PIZZA,2107 ELDORADO PKWY 110,2107 ELDORADO PKWY,110,2024-07-17,2026-04-13,4,HEALTH2021-00060,False,permits,Food Establishment,Issued,Biannual Inspections,6,DN,7.0,4.0,Pizza/Italian,pizza,local_multi,,low
HEALTH2024-00515,TAHN THAI - **CENTRAL PREPARATION FACILITY**,5200 STACY RD 500,5200 STACY RD,500,2024-08-19,2026-04-15,5,HEALTH2023-00188,False,,,,,,,,,Hotel/Caterer/Commissary,Thai restaurant central prep kitchen,independent,,high
HEALTH2024-00518,Donut Bliss,5080 VIRGINIA PKWY 400,5080 VIRGINIA PKWY,400,2024-05-31,2026-06-03,4,HEALTH2017-004000,False,permits,Food Establishment,Issued,Biannual Inspections,5,DN,7.0,4.0,Coffee/Cafe/Bakery/Dessert,donuts/bagels,local_multi,,high
HEALTH2024-00521,NEW MIDWAY,1400 N CENTRAL EXPY,1400 N CENTRAL EXPY,,2024-06-28,2026-06-04,6,HEALTH2017-006120,False,permits,Food Establishment,Issued,Biannual Inspections,5,UP,7.0,4.0,Convenience/Gas,"convenience store (sandwiches, sodas, milk)",independent,,medium
HEALTH2024-00522,MCDONALD'S #36266,240 ELDORADO PKWY,240 ELDORADO PKWY,,2024-09-25,2026-03-11,4,HEALTH2017-006045,False,permits,Food Establishment,Issued,Biannual Inspections,1,UP,1.0,4.0,Fast Food,burgers,national_regional,,high
HEALTH2024-00523,LOCAL YOCAL FARM TO MARKET,213 N TENNESSEE ST,213 N TENNESSEE ST,,2024-06-06,2026-08-25,5,HEALTH2017-004402,False,permits,Food Establishment,Issued,Biannual Inspections,8,DN,9.0,4.0,Grocery/Market,butcher / farm-to-market,independent,independent_specialty,medium
HEALTH2024-00524,7-ELEVEN #32811,3100 ELDORADO PKWY,3100 ELDORADO PKWY,,2024-08-12,2026-06-09,4,HEALTH2017-006824,False,permits,Food Establishment,Issued,Biannual Inspections,4,UP,6.0,4.0,Convenience/Gas,convenience store / gas station,national_regional,,high
HEALTH2024-00525,HOLIDAY INN,3220 CRAIG DR,3220 CRAIG DR,,2024-08-21,2026-06-24,5,HEALTH2017-009540,False,permits,Food Establishment,Issued,Biannual Inspections,5,DN,5.0,4.0,Hotel/Caterer/Commissary,hotel,national_regional,,high
HEALTH2024-00526,RAISING CANE'S,1902 N CENTRAL EXPY,1902 N CENTRAL EXPY,,2025-04-29,2026-04-14,3,HEALTH2024-00526,False,permits,Food Establishment,Issued,Biannual Inspections,1,NC,0.0,3.0,Fast Food,chicken fingers,national_regional,,high
HEALTH2024-00531,RICK'S CHOPHOUSE,107 N KENTUCKY ST,107 N KENTUCKY ST,,2024-06-04,2026-08-28,6,HEALTH2024-00531,False,permits,Food Establishment,Issued,Biannual Inspections,10,UP,11.0,4.0,"American (sit-down, bars, venues)",steakhouse,independent,,high
HEALTH2024-00534,GOLDEN CHICK,3965 S LAKE FOREST DR,3965 S LAKE FOREST DR,,2024-06-11,2026-03-12,4,HEALTH2017-009277,False,permits,Food Establishment,Issued,Biannual Inspections,6,DN,7.0,4.0,Fast Food,fried chicken,national_regional,,high
HEALTH2024-00536,PIADA ITALIAN STREET FOOD,8801 ELDORADO PKWY 600,8801 ELDORADO PKWY,600,2024-08-14,2026-05-15,5,HEALTH2024-00536,False,permits,Food Establishment,Issued,Biannual Inspections,0,NC,0.0,4.0,Pizza/Italian,Italian,national_regional,,high
HEALTH2024-00541,Papa Murphy's Take 'N' Bake Pizza,3201 S HARDIN BLVD 200,3201 S HARDIN BLVD,200,2024-07-31,2026-03-10,4,HEALTH2017-008963,False,permits,Food Establishment,Issued,Biannual Inspections,5,DN,7.0,4.0,Pizza/Italian,take-and-bake pizza,national_regional,,high
HEALTH2024-00542,PIZZA HUT,4987 W UNIVERSITY DR 102,4987 W UNIVERSITY DR,102,2024-08-29,2026-08-06,5,HEALTH2017-006157,False,permits,Food Establishment,Issued,Biannual Inspections,4,DN,1.0,4.0,Pizza/Italian,pizza,national_regional,,high
HEALTH2024-00543,BAYBROOKE VILLAGE,8300 ELDORADO PKWY,8300 ELDORADO PKWY,,2024-08-13,2026-04-28,5,HEALTH2017-001501,False,permits,Food Establishment,Issued,Biannual Inspections,11,UP,13.0,4.0,Institutional,senior living / nursing,unknown,,high
HEALTH2024-00544,JOY THAI,260 N COIT RD 110,260 N COIT RD,110,2024-08-13,2026-07-15,5,HEALTH2021-00113,False,permits,Food Establishment,Issued,Biannual Inspections,14,UP,17.0,4.0,Thai,Thai,independent,,high
HEALTH2024-00545,COTTON PATCH,1925 N CENTRAL EXPY,1925 N CENTRAL EXPY,,2024-06-20,2026-08-24,5,HEALTH2017-002023,False,permits,Food Establishment,Issued,Biannual Inspections,10,DN,13.0,4.0,"American (sit-down, bars, venues)",Southern / chicken-fried steak,national_regional,,high
HEALTH2024-00547,TOM THUMB #3853 - GROCERY,3001 S HARDIN BLVD,3001 S HARDIN BLVD,,2025-02-03,2026-08-06,4,HEALTH2017-009153,False,permits,Food Establishment,Issued,Biannual Inspections,0,NC,1.0,4.0,Grocery/Market,Tom Thumb - grocery,national_regional,mainstream_supermarket,high
HEALTH2024-00548,TOM THUMB #3853 - BAKERY,3001 S HARDIN BLVD,3001 S HARDIN BLVD,,2025-02-03,2025-02-03,1,HEALTH2017-009154,False,,,,,,,,,Grocery/Market,Tom Thumb - bakery,national_regional,mainstream_supermarket,high
HEALTH2024-00550,TOM THUMB #3853 - PRODUCE,3001 S HARDIN BLVD,3001 S HARDIN BLVD,,2025-02-03,2025-02-03,1,HEALTH2017-009155,False,,,,,,,,,Grocery/Market,Tom Thumb - produce,national_regional,mainstream_supermarket,high
HEALTH2024-00551,TOM THUMB #3853 - MEAT,3001 S HARDIN BLVD,3001 S HARDIN BLVD,,2025-02-03,2026-08-06,4,HEALTH2017-009156,False,,,,,,,,,Grocery/Market,Tom Thumb - meat,national_regional,mainstream_supermarket,high
HEALTH2024-00554,AREPAS,3751 S STONEBRIDGE DR 400,3751 S STONEBRIDGE DR,400,2024-09-26,2026-01-15,4,HEALTH2024-00554,False,,,,,,,,,Mexican/Tex-Mex/Latin,Venezuelan/Colombian arepas,independent,,medium
HEALTH2024-00556,McALISTER'S DELI,2107 ELDORADO PKWY,2107 ELDORADO PKWY,,2024-09-20,2026-09-01,5,HEALTH2017-001300,False,permits,Food Establishment,Issued,Biannual Inspections,0,NC,0.0,4.0,Deli/Sandwich/Salad,"deli sandwiches, salads",national_regional,,high
HEALTH2024-00557,FONTINA RISTORANTE,216 E VIRGINIA ST,216 E VIRGINIA ST,,2024-08-20,2026-08-27,5,HEALTH2022-00250,False,permits,Food Establishment,Issued,Biannual Inspections,14,DN,17.0,4.0,Pizza/Italian,Italian,independent,,high
HEALTH2024-00558,LONE STAR WINE CELLARS,103 E VIRGINIA ST 104,103 E VIRGINIA ST,104,2024-08-28,2026-03-05,4,HEALTH2017-001134,False,permits,Food Establishment,Issued,Biannual Inspections,4,DN,6.0,4.0,"American (sit-down, bars, venues)",wine bar/tasting room with light food,independent,,medium
HEALTH2024-00559,51 RAINBOW INDIAN CUISINE,5151 MCKINNEY RANCH PKWY 110,5151 MCKINNEY RANCH PKWY,110,2024-08-14,2026-04-22,5,HEALTH2022-00212,False,permits,Food Establishment,Issued,Biannual Inspections,14,DN,19.0,4.0,Indian,Indian,independent,,high
HEALTH2024-00560,SUPER SHACK,2901 S CENTRAL EXPY,2901 S CENTRAL EXPY,,2024-06-10,2026-08-24,6,HEALTH2017-009226,False,permits,Food Establishment,Issued,Biannual Inspections,10,UP,12.0,4.0,"American (sit-down, bars, venues)",Cajun seafood,independent,,medium
HEALTH2024-00561,Original ChopShop,3041 S CUSTER RD 100,3041 S CUSTER RD,100,2024-11-20,2026-04-21,4,HEALTH2020-00113,False,permits,Food Establishment,Issued,Biannual Inspections,1,UP,2.0,4.0,Deli/Sandwich/Salad,"healthy bowls, salads, sandwiches",national_regional,,medium
HEALTH2024-00564,NAPOLIS ON THE GO,3755 S LAKE FOREST DR 100,3755 S LAKE FOREST DR,100,2024-09-20,2026-05-15,5,HEALTH2023-00090,False,permits,Food Establishment,Issued,Biannual Inspections,1,NC,1.0,4.0,Pizza/Italian,Italian to-go,independent,,medium
HEALTH2024-00565,Cooking Waffles with condiments,4550 W UNIVERSITY DR P3P4,4550 W UNIVERSITY DR,P3P4,2024-10-18,2024-10-18,1,HEALTH2024-00565,True,,,,,,,,,Coffee/Cafe/Bakery/Dessert,waffles (event vendor),independent,,medium
HEALTH2024-00567,ESCAPE 360 CAFE,7540 SH 121 100,7540 SH 121,100,2024-09-27,2026-07-13,5,HEALTH2024-00567,False,permits,Food Establishment,Issued,Biannual Inspections,14,DN,19.0,4.0,Unknown,"cafe (curry, shrimp, soup, cake)",unknown,,low
HEALTH2024-00571,ENCORE WIRE / BREAK ROOM,1410 MILLWOOD RD,1410 MILLWOOD RD,,2024-12-20,2024-12-20,1,HEALTH2019-00036,False,,,,,,,,,Other non-restaurant,micro market (employer break room),unknown,,high
HEALTH2024-00572,Encore Wire Plant 6A,1329 MILLWOOD RD,1329 MILLWOOD RD,,2024-12-20,2024-12-20,1,HEALTH2019-00257,False,,,,,,,,,Other non-restaurant,micro market (employer break room),unknown,,high
HEALTH2024-00574,Encore Wire Plant 3,1329 MILLWOOD RD,1329 MILLWOOD RD,,2025-12-09,2025-12-09,1,HEALTH2019-00259,False,,,,,,,,,Other non-restaurant,micro market (employer break room),unknown,,high
HEALTH2024-00575,Encore Wire Plant 4,1329 MILLWOOD RD,1329 MILLWOOD RD,,2024-12-20,2024-12-20,1,HEALTH2019-00260,False,,,,,,,,,Other non-restaurant,micro market (employer break room),unknown,,high
HEALTH2024-00576,RAYTHEON A WING 2ND FLOOR,2501 W UNIVERSITY DR,2501 W UNIVERSITY DR,,2024-09-09,2026-01-08,2,HEALTH2022-00275,False,,,,,,,,,Other non-restaurant,micro market/vending (employer),unknown,,low
HEALTH2024-00577,RAYTHEON MCKINNEY A WING 1ST FLOOR,2501 W UNIVERSITY DR,2501 W UNIVERSITY DR,,2024-09-09,2024-09-09,1,HEALTH2022-00276,False,,,,,,,,,Other non-restaurant,micro market/vending (employer),unknown,,low
HEALTH2024-00579,RAYTHEON MCKINNEY D WING 1ST FLOOR,2501 W UNIVERSITY DR,2501 W UNIVERSITY DR,,2024-09-09,2026-01-08,2,HEALTH2022-00277,False,,,,,,,,,Other non-restaurant,micro market/vending (employer),unknown,,low
HEALTH2024-00580,RAYTHEON MCKINNEY D WING 2ND FLOOR,2501 W UNIVERSITY DR,2501 W UNIVERSITY DR,,2024-09-09,2026-01-08,2,HEALTH2022-00278,False,,,,,,,,,Other non-restaurant,micro market/vending (employer),unknown,,low
HEALTH2024-00583,Eurest McKinney 9740,2501 W UNIVERSITY DR,2501 W UNIVERSITY DR,,2024-09-09,2026-07-23,5,HEALTH2021-00052,False,permits,Food Establishment,Issued,Biannual Inspections,0,NC,0.0,4.0,Institutional,corporate satellite cafeteria (Raytheon),national_regional,,high
HEALTH2024-00584,RAYTHEON MCKINNEY CAFETERIA,2501 W UNIVERSITY DR,2501 W UNIVERSITY DR,,2024-09-09,2026-07-23,5,HEALTH2017-000211,False,permits,Food Establishment,Issued,Biannual Inspections,0,NC,0.0,4.0,Institutional,corporate cafeteria,national_regional,,high
HEALTH2024-00585,LA MICHOACAN - MEAT,311 W UNIVERSITY DR,311 W UNIVERSITY DR,,2025-10-21,2026-04-29,2,HEALTH2019-00242,False,,,,,,,,,Grocery/Market,Hispanic meat market/grocery,national_regional,independent_specialty,high
HEALTH2024-00586,LA MICHOACANA MEAT MARKET - DELI,311 W UNIVERSITY DR,311 W UNIVERSITY DR,,2025-10-21,2026-04-29,2,HEALTH2017-004669,False,,,,,,,,,Grocery/Market,Hispanic meat market/grocery,national_regional,independent_specialty,high
HEALTH2024-00587,LA MICHOACANA MEAT MARKET - BAKERY,311 W UNIVERSITY DR,311 W UNIVERSITY DR,,2025-10-21,2026-04-29,2,HEALTH2017-004670,False,,,,,,,,,Grocery/Market,Hispanic meat market/grocery,national_regional,independent_specialty,high
HEALTH2024-00588,LA MICHOACANA MEAT MARKET - GROCERY,311 W UNIVERSITY DR,311 W UNIVERSITY DR,,2025-10-21,2026-04-29,2,HEALTH2017-004671,False,permits,Food Establishment,Issued,Biannual Inspections,4,DN,2.0,2.0,Grocery/Market,Hispanic meat market/grocery,national_regional,independent_specialty,high
HEALTH2024-00589,CAJUN FISH GRILL,2960 ELDORADO PKWY 5,2960 ELDORADO PKWY,5,2024-07-02,2026-03-24,5,HEALTH2024-00589,False,permits,Food Establishment,Issued,Biannual Inspections,11,UP,14.0,4.0,"American (sit-down, bars, venues)",Cajun seafood,independent,,low
HEALTH2024-00591,ON THE BORDER,8930 SH 121,8930 SH 121,,2024-08-20,2025-12-01,4,HEALTH2017-003925,False,,,,,,,,,Mexican/Tex-Mex/Latin,Tex-Mex,national_regional,,high
HEALTH2024-00592,Mi Cocina,6721 ALMA RD,6721 ALMA RD,,2024-06-18,2026-04-07,4,HEALTH2023-00213,False,permits,Food Establishment,Issued,Biannual Inspections,11,UP,14.0,4.0,Mexican/Tex-Mex/Latin,Tex-Mex,national_regional,,high
HEALTH2024-00593,PARRY'S PIZZERIA & BAR,3705 W UNIVERSITY DR 100,3705 W UNIVERSITY DR,100,2024-08-13,2026-04-14,5,HEALTH2021-00181,False,permits,Food Establishment,Issued,Biannual Inspections,3,UP,3.0,4.0,Pizza/Italian,pizza,local_multi,,high
HEALTH2024-00594,QUIKTRIP #919,2285 W UNIVERSITY DR,2285 W UNIVERSITY DR,,2024-11-08,2026-08-17,5,HEALTH2017-09632,False,permits,Food Establishment,Issued,Biannual Inspections,7,DN,6.0,4.0,Convenience/Gas,convenience store / gas station,national_regional,,high
HEALTH2024-00595,QUIKTRIP #963,1750 WILMETH RD,1750 WILMETH RD,,2024-06-07,2026-07-21,5,HEALTH2017-006067,False,permits,Food Establishment,Issued,Biannual Inspections,1,DN,0.0,4.0,Convenience/Gas,convenience store / gas station,national_regional,,high
HEALTH2024-00596,QUIKTRIP #916,1700 S MCDONALD ST,1700 S MCDONALD ST,,2025-03-10,2026-03-31,3,HEALTH2017-001741,False,permits,Food Establishment,Issued,Biannual Inspections,6,NC,4.0,3.0,Convenience/Gas,convenience store / gas station,national_regional,,high
HEALTH2024-00597,PANDA EXPRESS #1159,6970 VIRGINIA PKWY,6970 VIRGINIA PKWY,,2024-11-14,2026-05-19,4,HEALTH2017-001472,False,permits,Food Establishment,Issued,Biannual Inspections,0,NC,0.0,4.0,Chinese,American Chinese,national_regional,,high
HEALTH2024-00598,HAPPY DONUTS,2741 VIRGINIA PKWY 300,2741 VIRGINIA PKWY,300,2024-06-05,2026-04-08,5,HEALTH2017-001750,False,permits,Food Establishment,Issued,Biannual Inspections,3,NC,3.0,4.0,Coffee/Cafe/Bakery/Dessert,donuts/bagels,independent,,high
HEALTH2024-00599,Reggae Jerk Hut,7001 S CUSTER RD 600,7001 S CUSTER RD,600,2024-06-11,2026-05-26,5,HEALTH2023-00204,False,,,,,,,,,Other cuisine,Jamaican,independent,,high
HEALTH2024-00600,AFC SUSHI @ MARKET STREET,6100 ELDORADO PKWY,6100 ELDORADO PKWY,,2024-11-01,2026-05-28,4,HEALTH2017-001464,False,permits,Food Establishment,Issued,Biannual Inspections,2,DN,3.0,4.0,Grocery/Market,sushi counter inside Market Street #561,national_regional,mainstream_supermarket,medium
HEALTH2024-00601,DREAMY DESSERT,1105 N TENNESSEE ST 200,1105 N TENNESSEE ST,200,2025-08-15,2026-08-11,3,HEALTH2020-00250,False,permits,Food Establishment,Issued,Biannual Inspections,12,DN,13.0,3.0,Coffee/Cafe/Bakery/Dessert,desserts,independent,,high
HEALTH2024-00602,FUJISAN SUSHI,1670 W UNIVERSITY DR,1670 W UNIVERSITY DR,,2024-07-01,2026-07-09,5,HEALTH2024-00602,False,permits,Food Establishment,Issued,Biannual Inspections,1,UP,2.0,4.0,Grocery/Market,sushi counter inside Sam's Club #4906,national_regional,mainstream_supermarket,medium
HEALTH2024-00603,RACETRAC #155,1004 E UNIVERSITY DR,1004 E UNIVERSITY DR,,2024-06-04,2026-06-11,5,HEALTH2017-002007,False,permits,Food Establishment,Issued,Biannual Inspections,4,DN,4.0,4.0,Convenience/Gas,convenience store / gas station,national_regional,,high
HEALTH2024-00604,WHATABURGER #664,445 S CENTRAL EXPY,445 S CENTRAL EXPY,,2024-08-30,2026-03-03,3,HEALTH2017-001310,False,permits,Food Establishment,Issued,Biannual Inspections,1,DN,1.0,3.0,Fast Food,burgers,national_regional,,high
HEALTH2024-00605,DISCOVERY LEARNING CENTER,1815 W WHITE AVE,1815 W WHITE AVE,,2024-08-15,2025-08-04,3,HEALTH2020-00136,False,,,,,,,,,Institutional,school/daycare,independent,,high
HEALTH2024-00606,Bob's Steak and Chop House,7220 SH 121,7220 SH 121,,2024-06-20,2026-04-27,5,HEALTH2023-00176,False,permits,Food Establishment,Issued,Biannual Inspections,7,NC,9.0,4.0,"American (sit-down, bars, venues)",steakhouse,national_regional,,high
HEALTH2024-00607,MAPLE STREET BISCUIT COMPANY,4020 W UNIVERSITY DR 100,4020 W UNIVERSITY DR,100,2024-11-19,2025-09-12,3,HEALTH2024-00607,False,,,,,,,,,"American (sit-down, bars, venues)",Southern breakfast (biscuits),national_regional,,high
HEALTH2024-00609,MAGIC CUP,7701 STACY RD 100,7701 STACY RD,100,2024-08-23,2025-02-18,2,HEALTH2021-00174,False,,,,,,,,,Coffee/Cafe/Bakery/Dessert,boba tea,independent,,low
HEALTH2024-00610,PALIO'S PIZZA CAFE MCKINNEY,6405 ELDORADO PKWY 200,6405 ELDORADO PKWY,200,2025-06-27,2026-06-26,3,HEALTH2017-005900,False,permits,Food Establishment,Issued,Biannual Inspections,2,UP,2.0,4.0,Pizza/Italian,pizza,national_regional,,high
HEALTH2024-00611,MANA ADDA INDIAN KITCHEN,1717 W UNIVERSITY DR 415,1717 W UNIVERSITY DR,415,2025-06-09,2025-06-09,1,HEALTH2024-00611,False,,,,,,,,,Indian,Indian,independent,,high
HEALTH2024-00613,DUNKIN DONUTS,116 S CUSTER RD 100,116 S CUSTER RD,100,2024-08-03,2026-04-06,5,HEALTH2018-009024,False,permits,Food Establishment,Issued,Biannual Inspections,9,DN,10.0,4.0,Coffee/Cafe/Bakery/Dessert,donuts/coffee,national_regional,,high
HEALTH2024-00615,O'Desi aroma,1620 N HARDIN BLVD 1800,1620 N HARDIN BLVD,1800,2024-06-04,2026-03-16,5,HEALTH2024-00615,False,permits,Food Establishment,Issued,Biannual Inspections,11,UP,15.0,4.0,Indian,Indian,independent,,high
HEALTH2024-00616,IHOP,1960 N CENTRAL EXPY,1960 N CENTRAL EXPY,,2024-06-24,2026-08-11,5,HEALTH2024-00616,False,permits,Food Establishment,Issued,Biannual Inspections,2,NC,3.0,4.0,"American (sit-down, bars, venues)",breakfast diner,national_regional,,high
HEALTH2024-00617,GOLISODA,6201 S CUSTER RD 100,6201 S CUSTER RD,100,2024-07-11,2026-08-24,5,HEALTH2024-00617,False,permits,Food Establishment,Issued,Biannual Inspections,14,UP,17.0,4.0,Indian,Indian street food,independent,,medium
HEALTH2024-00618,Creme De la Creme,5151 S CUSTER RD,5151 S CUSTER RD,,2024-10-28,2025-08-12,3,HEALTH2019-00191,False,,,,,,,,,Institutional,school/daycare,national_regional,,high
HEALTH2024-00619,CINEMARK #1154 MCKINNEY,1701 N HARDIN BLVD,1701 N HARDIN BLVD,,2024-06-11,2026-08-11,5,HEALTH2019-00110,False,permits,Food Establishment,Issued,Biannual Inspections,0,NC,0.0,4.0,Venue/Concession,movie theater,national_regional,,high
HEALTH2024-00620,CHILDREN'S LIGHTHOUSE,7900 STACY RD,7900 STACY RD,,2024-10-01,2026-01-30,4,HEALTH2018-09954,False,,,,,,,,,Institutional,school/daycare,national_regional,,high
HEALTH2024-00621,MARCOS PIZZA #5056,2741 VIRGINIA PKWY 700,2741 VIRGINIA PKWY,700,2024-06-14,2026-03-03,3,HEALTH2017-006884,False,permits,Food Establishment,Issued,Biannual Inspections,4,UP,3.0,3.0,Pizza/Italian,pizza,national_regional,,high
HEALTH2024-00623,ARBY'S #8934,6540 SH 121,6540 SH 121,,2024-06-11,2026-06-02,5,HEALTH2022-00121,False,permits,Food Establishment,Issued,Biannual Inspections,8,DN,10.0,4.0,Fast Food,roast beef sandwiches,national_regional,,high
HEALTH2024-00625,Broken Yolk Cafe,6651 ALMA RD 250,6651 ALMA RD,250,2024-09-16,2025-07-23,3,HEALTH2024-00625,False,,,,,,,,,"American (sit-down, bars, venues)",breakfast/brunch,national_regional,,high
HEALTH2024-00627,CARIAD AT NORTH BROOK,2301 NORTH BROOK DR,2301 N BROOK DR,,2024-07-01,2026-08-12,5,HEALTH2024-00627,False,permits,Food Establishment,Issued,Biannual Inspections,2,DN,3.0,4.0,Institutional,senior living / nursing,unknown,,high
HEALTH2024-00628,DUNKIN DONUTS,3201 ELDORADO PKWY 100,3201 ELDORADO PKWY,100,2024-11-22,2026-03-06,4,HEALTH2018-008875,False,permits,Food Establishment,Issued,Biannual Inspections,6,UP,10.0,4.0,Coffee/Cafe/Bakery/Dessert,donuts/coffee,national_regional,,high
HEALTH2024-00631,CADENCE CYCLERY,119 S TENNESSEE ST,119 S TENNESSEE ST,,2024-11-27,2026-04-28,4,HEALTH2021-00150,False,permits,Food Establishment,Issued,Biannual Inspections,4,DN,6.0,4.0,Coffee/Cafe/Bakery/Dessert,coffee bar in bike shop,independent,,medium
HEALTH2024-00632,Jimmy John’s ,140 S CUSTER RD 400,140 S CUSTER RD,400,2025-02-24,2026-06-17,4,HEALTH2024-00632,False,permits,Food Establishment,Issued,Biannual Inspections,4,DN,5.0,4.0,Deli/Sandwich/Salad,sub sandwiches,national_regional,,high
HEALTH2024-00633,McDONALD'S,5251 W UNIVERSITY DR,5251 W UNIVERSITY DR,,2024-09-09,2026-07-17,5,HEALTH2020-00093,False,permits,Food Establishment,Issued,Biannual Inspections,1,NC,2.0,4.0,Fast Food,burgers,national_regional,,high
HEALTH2024-00635,Two Crazy Guys Sports Bar,1751 ELDORADO PKWY 310,1751 ELDORADO PKWY,310,2024-10-28,2024-10-28,1,HEALTH2021-00065,False,,,,,,,,,"American (sit-down, bars, venues)",sports bar,independent,,low
HEALTH2024-00638,KROGER #567 STARBUCKS,2901 S LAKE FOREST DR,2901 S LAKE FOREST DR,,2024-09-03,2025-10-30,3,HEALTH2018-10285,False,,,,,,,,,Grocery/Market,Starbucks/coffee counter inside Kroger #567,national_regional,mainstream_supermarket,medium
HEALTH2024-00639,KROGER #567-GROCERY,2901 S LAKE FOREST DR,2901 S LAKE FOREST DR,,2024-09-03,2025-10-30,3,HEALTH2017-000332,False,,,,,,,,,Grocery/Market,Kroger - grocery,national_regional,mainstream_supermarket,high
HEALTH2024-00640,The Clubhouse Indoor Golf,1651 ELDORADO PKWY 100,1651 ELDORADO PKWY,100,2024-08-19,2026-06-08,5,HEALTH2023-00076,False,permits,Food Establishment,Issued,Biannual Inspections,2,NC,3.0,4.0,"American (sit-down, bars, venues)",indoor golf simulator bar & grill,independent,,medium
HEALTH2024-00641,TROPICAL SMOOTHIE,6675 S CUSTER RD 100,6675 S CUSTER RD,100,2024-07-24,2025-07-11,3,HEALTH2019-00456,False,,,,,,,,,Coffee/Cafe/Bakery/Dessert,smoothies/juice,national_regional,,high
HEALTH2024-00642,Kyoto Hibachi Sushi & Bar,1620 N HARDIN BLVD 1200,1620 N HARDIN BLVD,1200,2025-05-05,2026-07-02,4,HEALTH2023-00157,False,permits,Food Establishment,Issued,Biannual Inspections,21,DN,25.0,4.0,Japanese,hibachi and sushi,independent,,high
HEALTH2024-00643,THE CELT IRISH PUB,100 N TENNESSEE ST,100 N TENNESSEE ST,,2025-02-20,2025-02-20,1,HEALTH2017-002934,False,,,,,,,,,"American (sit-down, bars, venues)",Irish pub,independent,,high
HEALTH2024-00644,OGI'S EUROPEAN BAKERY AND DELI,1651 ELDORADO PKWY 108,1651 ELDORADO PKWY,108,2024-06-25,2026-08-19,6,HEALTH2022-00099,False,permits,Food Establishment,Issued,Biannual Inspections,9,UP,12.0,4.0,Other cuisine,Eastern European bakery/deli,independent,,medium
HEALTH2024-00645,COMFORT SUITES,1590 N CENTRAL EXPY,1590 N CENTRAL EXPY,,2025-01-22,2026-07-02,4,HEALTH2024-00645,False,permits,Food Establishment,Issued,Biannual Inspections,2,DN,3.0,4.0,Hotel/Caterer/Commissary,hotel,national_regional,,high
HEALTH2024-00646,"ASIAN BUFFET

ASIAN BUFFET

ASIAN BUFFET

ASIAN BUFFET
ASIAN BUFFET",920 N CENTRAL EXPY,920 N CENTRAL EXPY,,2024-08-12,2026-04-08,5,HEALTH2019-00303,False,permits,Food Establishment,Issued,Biannual Inspections,8,UP,9.0,4.0,Asian (unspecified),Asian buffet,independent,,medium
HEALTH2024-00647,COMMUNITY GARDEN KITCHEN OF COLLIN COUNTY,501 HOWARD ST,501 HOWARD ST,,2024-08-26,2025-08-07,3,HEALTH2022-00015,False,,,,,,,,,Institutional,nonprofit social services,independent,,high
HEALTH2024-00650,DUTCH BROS,1401 N CUSTER RD,1401 N CUSTER RD,,2024-09-27,2026-04-01,4,HEALTH2021-00098,False,permits,Food Establishment,Issued,Biannual Inspections,2,NC,2.0,4.0,Coffee/Cafe/Bakery/Dessert,coffee,national_regional,,high
HEALTH2024-00651,ERNESTO'S FINE MEXICAN FOOD,1521 N CUSTER RD 3000,1521 N CUSTER RD,3000,2024-09-30,2026-07-01,5,HEALTH2017-004751,False,permits,Food Establishment,Issued,Biannual Inspections,3,UP,4.0,4.0,Mexican/Tex-Mex/Latin,Mexican,independent,,high
HEALTH2024-00652,OSUMA SUYA,5121 COLLIN MCKINNEY PKWY 1100,5121 COLLIN MCKINNEY PKWY,1100,2024-10-29,2026-04-14,4,HEALTH2022-00208,False,permits,Food Establishment,Issued,Biannual Inspections,3,UP,5.0,4.0,Other cuisine,Nigerian suya,independent,,high
HEALTH2024-00653,TOP OF THE WORLD PRESCHOOL,451 S LAKE FOREST DR,451 S LAKE FOREST DR,,2024-06-13,2024-06-13,1,HEALTH2020-00124,False,,,,,,,,,Institutional,school/daycare,independent,,high
HEALTH2024-00654,JET'S PIZZA,3700 MCKINNEY RANCH PKWY 200,3700 MCKINNEY RANCH PKWY,200,2024-11-06,2026-03-03,4,HEALTH2024-00654,False,permits,Food Establishment,Issued,Biannual Inspections,3,UP,2.0,4.0,Pizza/Italian,pizza,national_regional,,high
HEALTH2024-00655,WINGSTOP,1681 N CENTRAL EXPY 100,1681 N CENTRAL EXPY,100,2024-08-14,2026-07-13,5,HEALTH2024-00655,False,permits,Food Establishment,Issued,Biannual Inspections,0,NC,0.0,4.0,Fast Food,wings,national_regional,,high
HEALTH2024-00656,RICE POT EXPRESS,4987 W UNIVERSITY DR 110,4987 W UNIVERSITY DR,110,2024-10-31,2026-03-04,4,HEALTH2017-002591,False,permits,Food Establishment,Issued,Biannual Inspections,13,UP,14.0,4.0,Chinese,Chinese takeout,independent,,high
HEALTH2024-00659,CASTLE MONTESSORI OF MCKINNEY,6151 VIRGINIA PKWY,6151 VIRGINIA PKWY,,2024-11-06,2025-04-10,2,HEALTH2017-002282,False,,,,,,,,,Institutional,school/daycare,independent,,high
HEALTH2024-00660,TAI SUSHI HOUSE,8408 STACY RD 100,8408 STACY RD,100,2024-08-21,2025-01-22,2,HEALTH2017-007861,False,,,,,,,,,Japanese,sushi,independent,,high
HEALTH2024-00661,CIRCLE K,801 E UNIVERSITY DR,801 E UNIVERSITY DR,,2024-06-26,2026-04-07,4,HEALTH2017-009511,False,permits,Food Establishment,Issued,Biannual Inspections,2,UP,2.0,4.0,Convenience/Gas,convenience store / gas station,national_regional,,high
HEALTH2024-00662,Circle K,2400 VIRGINIA PKWY,2400 VIRGINIA PKWY,,2024-08-07,2026-06-30,4,HEALTH2017-001060,False,permits,Food Establishment,Issued,Biannual Inspections,9,DN,12.0,4.0,Convenience/Gas,convenience store / gas station,national_regional,,high
HEALTH2024-00664,home made rootbeer and Tea Stand .,5117 FEATHER CREST,5117 FEATHER CREST,,2024-11-15,2024-11-15,1,HEALTH2024-00664,False,,,,,,,,,Coffee/Cafe/Bakery/Dessert,root beer and tea stand,independent,,low
HEALTH2024-00665,BOYS AND GIRLS CLUB,701 S CHURCH ST,701 S CHURCH ST,,2024-12-13,2025-06-10,2,HEALTH2024-00665,False,,,,,,,,,Institutional,school/daycare,national_regional,,high
HEALTH2024-00666,SONIC DRIVE-IN,7221 S CUSTER RD,7221 S CUSTER RD,,2025-01-23,2025-01-24,2,HEALTH2017-004820,False,,,,,,,,,Fast Food,burgers/drive-in,national_regional,,high
HEALTH2024-00667,SONIC DRIVE-IN,420 N CUSTER RD,420 N CUSTER RD,,2024-11-05,2024-11-05,1,HEALTH2017-001241,False,,,,,,,,,Fast Food,burgers/drive-in,national_regional,,high
HEALTH2024-00668,SONIC DRIV-IN,6481 ELDORADO PKWY,6481 ELDORADO PKWY,,2024-09-27,2024-09-27,1,HEALTH2024-00668,False,,,,,,,,,Fast Food,burgers/drive-in,national_regional,,high
HEALTH2024-00669,SUNRISE LEARNING CENTER,1424 S TENNESSEE ST,1424 S TENNESSEE ST,,2024-08-29,2024-08-29,1,HEALTH2017-000233,False,,,,,,,,,Institutional,school/daycare,independent,,high
HEALTH2024-00670,JIMMY JOHNS GOURMET SANDWICHES,2014 W UNIVERSITY DR,2014 W UNIVERSITY DR,,2024-06-20,2026-07-07,5,HEALTH2017-002043,False,permits,Food Establishment,Issued,Biannual Inspections,7,DN,10.0,4.0,Deli/Sandwich/Salad,sub sandwiches,national_regional,,high
HEALTH2024-00672,Scooter's Coffee,8650 W UNIVERSITY DR,8650 W UNIVERSITY DR,,2024-11-20,2025-09-11,3,HEALTH2022-00172,False,,,,,,,,,Coffee/Cafe/Bakery/Dessert,coffee,national_regional,,high
HEALTH2024-00673,Paris Natural Farms,315 S CHESTNUT ST,315 S CHESTNUT ST,,2025-04-19,2025-04-19,1,HEALTH2024-00673,True,permits,Farmers Market Temporary,Issued,Biannual Inspections,0,NC,0.0,1.0,Other non-restaurant,farm products vendor (farmers market),independent,,medium
HEALTH2024-00676,SHAKE SUM LLC,2875 S CENTRAL EXPY,2875 S CENTRAL EXPY,,2024-08-07,2025-06-10,3,HEALTH2024-00676,False,,,,,,,,,Coffee/Cafe/Bakery/Dessert,shakes/tea (gym),independent,,medium
HEALTH2024-00679,SHINING STARS MONTESSORI,5450 COLLIN MCKINNEY PKWY,5450 COLLIN MCKINNEY PKWY,,2024-08-15,2025-11-10,3,HEALTH2021-00155,False,,,,,,,,,Institutional,school/daycare,independent,,high
HEALTH2024-00680,SUBWAY #6654,1705 W UNIVERSITY DR 114,1705 W UNIVERSITY DR,114,2024-08-28,2026-08-18,5,HEALTH2024-00680,False,permits,Food Establishment,Issued,Biannual Inspections,7,DN,8.0,4.0,Deli/Sandwich/Salad,sub sandwiches,national_regional,,high
HEALTH2024-00681,SONIC DRIVE-IN,1701 N LAKE FOREST DR,1701 N LAKE FOREST DR,,2024-08-05,2026-06-17,5,HEALTH2020-00145,False,permits,Food Establishment,Issued,Biannual Inspections,7,DN,8.0,4.0,Fast Food,burgers/drive-in,national_regional,,high
HEALTH2024-00682,KIDS 'R' KIDS WEST MCKINNEY,9070 WESTRIDGE BLVD,9070 WESTRIDGE BLVD,,2024-10-28,2025-08-19,3,HEALTH2017-007618,False,,,,,,,,,Institutional,school/daycare,national_regional,,high
HEALTH2024-00683,CLASSIC INTERNATIONAL MARKET,2310 VIRGINIA PKWY 130,2310 VIRGINIA PKWY,130,2024-08-07,2026-07-27,5,HEALTH2021-00148,False,permits,Food Establishment,Issued,Biannual Inspections,12,DN,15.0,4.0,Grocery/Market,halal/international market,independent,independent_specialty,medium
HEALTH2024-00684,BEEHIVE HOME OF MCKINNEY,8720 SILVERADO TRL,8720 SILVERADO TRL,,2024-09-16,2026-06-01,5,HEALTH2024-00684,False,permits,Food Establishment,Issued,Biannual Inspections,12,UP,18.0,4.0,Institutional,senior living / nursing,national_regional,,high
HEALTH2024-00685,The Learning Experience,1450 N HARDIN BLVD,1450 N HARDIN BLVD,,2024-08-27,2025-08-19,3,HEALTH2024-00685,False,,,,,,,,,Institutional,school/daycare,national_regional,,high
HEALTH2024-00692,LA SALVADORENA RESTAURANT,1103 S MCDONALD ST,1103 S MCDONALD ST,,2025-02-27,2026-05-29,3,HEALTH2017-000430,False,permits,Food Establishment,Issued,Biannual Inspections,17,DN,14.0,3.0,Mexican/Tex-Mex/Latin,Salvadoran,independent,,high
HEALTH2024-00693,BAHAMA BUCK'S - CHANGE OF OWNERSHIP ,2783 VIRGINIA PKWY,2783 VIRGINIA PKWY,,2024-09-25,2025-03-24,2,HEALTH2016-006463,False,,,,,,,,,Coffee/Cafe/Bakery/Dessert,shaved ice,national_regional,,high
HEALTH2024-00694,SCHLOTZSKY'S,1521 W UNIVERSITY DR 100,1521 W UNIVERSITY DR,100,2024-08-05,2026-07-24,5,HEALTH2024-00694,False,permits,Food Establishment,Issued,Biannual Inspections,0,DN,1.0,4.0,Deli/Sandwich/Salad,"deli sandwiches, salads",national_regional,,high
HEALTH2024-00695,KWIK SHOP,215 E UNIVERSITY DR 119,215 E UNIVERSITY DR,119,2025-07-23,2026-06-11,3,HEALTH2017-000709,False,permits,Food Establishment,Issued,Biannual Inspections,0,UP,1.0,3.0,Convenience/Gas,convenience store / gas station,independent,,medium
HEALTH2024-00696,EGGSQUISITE CAFE,2058 W UNIVERSITY DR 800,2058 W UNIVERSITY DR,800,2024-10-11,2026-08-20,5,HEALTH2017-09655,False,permits,Food Establishment,Issued,Biannual Inspections,16,UP,19.0,4.0,"American (sit-down, bars, venues)",breakfast/brunch,independent,,low
HEALTH2024-00697,7-Eleven #34108A,1814 N CENTRAL EXPY,1814 N CENTRAL EXPY,,2024-12-04,2026-04-06,4,HEALTH2017-005487,False,permits,Food Establishment,Issued,Biannual Inspections,3,UP,4.0,4.0,Convenience/Gas,convenience store / gas station,national_regional,,high
HEALTH2024-00698,BRIGHT LIGHT PRESCHOOL,2705 VIRGINIA PKWY,2705 VIRGINIA PKWY,,2024-07-01,2025-01-27,2,HEALTH2018-09866,False,,,,,,,,,Institutional,school/daycare,independent,,high
HEALTH2024-00701,TUTTO ITALIAN KITCHEN,4150 ELDORADO PKWY 600,4150 ELDORADO PKWY,600,2024-10-25,2026-02-11,4,HEALTH2024-00701,False,permits,Food Establishment,Issued,Biannual Inspections,9,DN,12.0,4.0,Pizza/Italian,Italian,independent,,high
HEALTH2024-00705,GUIDEPOST MONTESSORI AT CRAIG RANCH,6800 BOUNTIFUL GROVE DR,6800 BOUNTIFUL GROVE DR,,2024-06-21,2024-12-13,2,HEALTH2020-00185,False,,,,,,,,,Institutional,school/daycare,national_regional,,high
HEALTH2024-00707,SONIC #2441,312 W UNIVERSITY DR,312 W UNIVERSITY DR,,2024-11-13,2026-07-16,4,HEALTH2017-000074,False,permits,Food Establishment,Issued,Biannual Inspections,5,DN,5.0,4.0,Fast Food,burgers/drive-in,national_regional,,high
HEALTH2024-00708,Starbucks #66480,3651 VIRGINIA PKWY,3651 VIRGINIA PKWY,,2024-11-04,2026-06-04,4,HEALTH2022-00108,False,permits,Food Establishment,Issued,Biannual Inspections,2,DN,3.0,4.0,Coffee/Cafe/Bakery/Dessert,coffee,national_regional,,high
HEALTH2024-00709,TACO BUENO #3239,6530 SH 121,6530 SH 121,,2024-09-05,2026-01-16,4,HEALTH2022-00123,False,permits,Food Establishment,Issued,Biannual Inspections,5,DN,4.0,4.0,Fast Food,Taco Bueno,national_regional,,high
HEALTH2024-00718,SWRL Cinnamon Roll Factory,2950 CRAIG DR 302,2950 CRAIG DR,302,2024-09-05,2026-08-11,5,HEALTH2024-00718,False,permits,Food Establishment,Issued,Biannual Inspections,7,UP,10.0,4.0,Coffee/Cafe/Bakery/Dessert,cinnamon rolls,independent,,low
HEALTH2024-00719,THE YARD,107 S CHURCH ST,107 S CHURCH ST,,2024-08-28,2026-07-30,5,HEALTH2018-09857,False,permits,Food Establishment,Issued,Biannual Inspections,7,DN,9.0,4.0,"American (sit-down, bars, venues)",bar and patio kitchen,independent,,medium
HEALTH2024-00720,THE YARD - BAR,107 S CHURCH ST,107 S CHURCH ST,,2024-08-28,2026-07-30,5,HEALTH2018-09858,False,,,,,,,,,"American (sit-down, bars, venues)",bar,independent,,medium
HEALTH2024-00721,CAPRIOTTIS SANDWICH,3194 W UNIVERSITY DR 600,3194 W UNIVERSITY DR,600,2024-09-23,2026-03-16,4,HEALTH2023-00009,False,,,,,,,,,Deli/Sandwich/Salad,sub sandwiches,national_regional,,high
HEALTH2024-00722,Goody Goody Liquor #30,3801 S LAKE FOREST DR,3801 S LAKE FOREST DR,,2024-10-08,2026-02-13,4,HEALTH2024-00722,False,,,,,,,,,Other non-restaurant,liquor store,national_regional,,high
HEALTH2024-00723,TAQUERIA EL GORDO,1434 N CENTRAL EXPY 113,1434 N CENTRAL EXPY,113,2024-09-20,2026-04-17,4,HEALTH2017-009245,False,permits,Food Establishment,Issued,Biannual Inspections,7,DN,10.0,4.0,Mexican/Tex-Mex/Latin,taqueria,independent,,high
HEALTH2024-00724,LIFEPATH CRISIS CENTER,1416 N CHURCH ST,1416 N CHURCH ST,,2024-06-29,2025-09-09,4,HEALTH2017-009340,False,,,,,,,,,Institutional,nonprofit social services,independent,,high
HEALTH2024-00725,COLLIN COLLEGE MCKINNEY CAFE AND STARBUCKS,2400 COMMUNITY AVE,2400 COMMUNITY AVE,,2024-09-06,2026-07-16,5,HEALTH2017-009027,False,permits,Food Establishment,Issued,Biannual Inspections,3,UP,4.0,4.0,Institutional,college cafe,local_multi,,medium
HEALTH2024-00726,JAMBA JUICE,1658 W UNIVERSITY DR,1658 W UNIVERSITY DR,,2024-12-19,2026-06-05,4,HEALTH2018-10144,False,permits,Food Establishment,Issued,Biannual Inspections,6,UP,5.0,4.0,Coffee/Cafe/Bakery/Dessert,smoothies/juice,national_regional,,high
HEALTH2024-00727,Donut R More,101 N MCDONALD ST 101,101 N MCDONALD ST,101,2024-09-03,2026-07-20,5,HEALTH2023-00302,False,permits,Food Establishment,Issued,Biannual Inspections,4,UP,5.0,4.0,Coffee/Cafe/Bakery/Dessert,donuts/bagels,independent,,high
HEALTH2024-00728,LA TIENDITA,902 GREENVILLE RD,902 GREENVILLE RD,,2024-08-13,2026-08-17,5,HEALTH2022-00269,False,permits,Food Establishment,Issued,Biannual Inspections,0,NC,0.0,4.0,Grocery/Market,Hispanic grocery,independent,independent_specialty,medium
HEALTH2024-00729,CADILLAC PIZZA,112 S KENTUCKY ST,112 S KENTUCKY ST,,2024-09-03,2026-07-29,5,HEALTH2017-003865,False,permits,Food Establishment,Issued,Biannual Inspections,6,UP,8.0,4.0,Pizza/Italian,pizza,independent,,high
HEALTH2024-00731,TIPSY CRAWFISH,1910 N STONEBRIDGE DR 100,1910 N STONEBRIDGE DR,100,2024-12-03,2026-04-03,4,HEALTH2024-00731,False,permits,Food Establishment,Issued,Biannual Inspections,13,DN,16.0,4.0,"American (sit-down, bars, venues)",Cajun crawfish,independent,,low
HEALTH2024-00732,BARONS CREEK VINEYARDS,301 W LOUISIANA ST,301 W LOUISIANA ST,,2024-07-26,2026-07-27,5,HEALTH2022-00049,False,permits,Food Establishment,Issued,Biannual Inspections,0,NC,1.0,4.0,"American (sit-down, bars, venues)",winery tasting room with small plates,local_multi,,medium
HEALTH2024-00733,HOKKAIDO RAMEN MCKINNEY SUSHI,3350 VIRGINIA PKWY 400,3350 VIRGINIA PKWY,400,2024-07-01,2026-03-23,5,HEALTH2022-00195,False,permits,Food Establishment,Issued,Biannual Inspections,11,NC,15.0,4.0,Japanese,ramen and sushi,independent,,high
HEALTH2024-00734,DICKEYS BARBECUE PIT,8628 SH 121,8628 SH 121,,2024-08-07,2026-05-26,4,HEALTH2017-001669,False,permits,Food Establishment,Issued,Biannual Inspections,8,DN,8.0,4.0,"American (sit-down, bars, venues)",BBQ,national_regional,,high
HEALTH2024-00735,HOLY FAMILY SCHOOL,500 N THROCKMORTON ST,500 N THROCKMORTON ST,,2025-02-11,2025-02-11,1,HEALTH2024-00735,False,,,,,,,,,Institutional,school/daycare,independent,,high
HEALTH2024-00737,OUMI SUSHI @ SPROUTS 132,9241 VIRGINIA PKWY,9241 VIRGINIA PKWY,,2024-08-30,2026-08-07,5,HEALTH2017-006832,False,permits,Food Establishment,Issued,Biannual Inspections,0,NC,0.0,4.0,Grocery/Market,sushi counter inside Sprouts,national_regional,mainstream_supermarket,medium
HEALTH2024-00738,PANERA BREAD #924,3050 S CENTRAL EXPY,3050 S CENTRAL EXPY,,2024-11-06,2026-06-09,4,HEALTH2017-001339,False,permits,Food Establishment,Issued,Biannual Inspections,5,DN,6.0,4.0,Deli/Sandwich/Salad,sandwiches/salads,national_regional,,high
HEALTH2024-00739,WINGSTOP,4550 ELDORADO PKWY 105,4550 ELDORADO PKWY,105,2024-08-08,2026-03-05,5,HEALTH2017-002852,False,permits,Food Establishment,Issued,Biannual Inspections,0,DN,1.0,4.0,Fast Food,wings,national_regional,,high
HEALTH2024-00741,WINGSTOP,1521 N CUSTER RD 2200,1521 N CUSTER RD,2200,2024-07-22,2026-04-17,5,HEALTH2017-009477,False,permits,Food Establishment,Issued,Biannual Inspections,0,NC,0.0,4.0,Fast Food,wings,national_regional,,high
HEALTH2024-00742,FOXIIS RESTAURANT AND GRILL,301 E VIRGINIA ST 103,301 E VIRGINIA ST,103,2024-11-07,2026-03-16,4,HEALTH2018-09859,False,permits,Food Establishment,Issued,Biannual Inspections,10,DN,13.0,4.0,"American (sit-down, bars, venues)",restaurant & grill (Southern and Tex-Mex items),independent,,low
HEALTH2024-00743,SALTGRASS STEAKHOUSE,2801 CRAIG DR,2801 CRAIG DR,,2024-09-12,2026-04-08,4,HEALTH2017-000614,False,permits,Food Establishment,Issued,Biannual Inspections,11,DN,13.0,4.0,"American (sit-down, bars, venues)",steakhouse,national_regional,,high
HEALTH2024-00744,CIRCLE K #2741759,1801 ELDORADO PKWY,1801 ELDORADO PKWY,,2024-09-30,2026-04-10,3,HEALTH2017-006302,False,permits,Food Establishment,Issued,Biannual Inspections,2,UP,1.0,3.0,Convenience/Gas,convenience store / gas station,national_regional,,high
HEALTH2024-00745,SULTAN,3935 S LAKE FOREST DR 125,3935 S LAKE FOREST DR,125,2024-09-10,2026-05-27,4,HEALTH2023-00278,False,permits,Food Establishment,Issued,Biannual Inspections,10,UP,13.0,4.0,Mediterranean/Middle Eastern,Turkish/Middle Eastern,independent,,medium
HEALTH2024-00746,SHERATON MCKINNEY,1900 GATEWAY BLVD,1900 GATEWAY BLVD,,2024-08-05,2024-11-05,2,HEALTH2017-007294,False,,,,,,,,,Hotel/Caterer/Commissary,hotel,national_regional,,high
HEALTH2024-00747,CHICKEN EXPRESS,1930 N LAKE FOREST DR,1930 N LAKE FOREST DR,,2024-08-16,2026-08-03,5,HEALTH2017-001718,False,permits,Food Establishment,Issued,Biannual Inspections,6,UP,9.0,4.0,Fast Food,fried chicken,national_regional,,high
HEALTH2024-00748,BAYLOR- TOWN SQUARE CAFE,5252 W UNIVERSITY DR,5252 W UNIVERSITY DR,,2024-07-10,2026-03-24,5,HEALTH2017-005554,False,permits,Food Establishment,Issued,Biannual Inspections,0,DN,0.0,4.0,Institutional,hospital cafe,national_regional,,high
HEALTH2024-00749,Chesnut Village Coffee & Gift Shop 24 Hour Micromarket,5252 W UNIVERSITY DR,5252 W UNIVERSITY DR,,2024-07-10,2026-03-24,5,HEALTH2019-00321,False,,,,,,,,,Other non-restaurant,micro market / vending,unknown,,high
HEALTH2024-00750,54TH STREET,3645 W UNIVERSITY DR,3645 W UNIVERSITY DR,,2024-10-01,2026-03-09,4,HEALTH2020-00166,False,permits,Food Establishment,Issued,Biannual Inspections,8,NC,8.0,4.0,"American (sit-down, bars, venues)",American casual dining,national_regional,,high
HEALTH2024-00751,COSTCO BAKERY,3650 W UNIVERSITY DR,3650 W UNIVERSITY DR,,2024-09-30,2026-05-29,4,HEALTH2018-09977,False,,,,,,,,,Grocery/Market,Costco - bakery,national_regional,mainstream_supermarket,high
HEALTH2024-00752,COSTCO GROCERY,3650 W UNIVERSITY DR,3650 W UNIVERSITY DR,,2024-09-30,2026-05-29,4,HEALTH2018-09974,False,permits,Food Establishment,Issued,Biannual Inspections,0,NC,0.0,4.0,Grocery/Market,Costco - grocery,national_regional,mainstream_supermarket,high
HEALTH2024-00753,COSTCO MEAT/DELI,3650 W UNIVERSITY DR,3650 W UNIVERSITY DR,,2024-09-30,2026-05-29,4,HEALTH2018-09976,False,,,,,,,,,Grocery/Market,Costco - deli,national_regional,mainstream_supermarket,high
HEALTH2024-00754,COSTCO FOOD COURT,3650 W UNIVERSITY DR,3650 W UNIVERSITY DR,,2024-09-30,2026-05-29,4,HEALTH2018-09975,False,,,,,,,,,Grocery/Market,Costco - food court,national_regional,mainstream_supermarket,high
HEALTH2024-00755,WALMART #206 BAKERY,2041 REDBUD BLVD,2041 REDBUD BLVD,,2024-07-01,2026-03-05,5,HEALTH2017-001335,False,,,,,,,,,Grocery/Market,Walmart - bakery,national_regional,mainstream_supermarket,high
HEALTH2024-00756,WALMART #206 PRODUCE,2041 REDBUD BLVD,2041 REDBUD BLVD,,2024-07-01,2026-03-05,5,HEALTH2017-001337,False,,,,,,,,,Grocery/Market,Walmart - produce,national_regional,mainstream_supermarket,high
HEALTH2024-00757,WAL-MART #206 - DELI,2041 REDBUD BLVD,2041 REDBUD BLVD,,2024-07-01,2026-03-05,5,HEALTH2017-001336,False,,,,,,,,,Grocery/Market,Walmart - deli,national_regional,mainstream_supermarket,high
HEALTH2024-00758,WAL-MART #206 GROCERY,2041 REDBUD BLVD,2041 REDBUD BLVD,,2024-07-01,2026-03-05,5,HEALTH2017-001333,False,permits,Food Establishment,Issued,Biannual Inspections,0,NC,0.0,4.0,Grocery/Market,Walmart - grocery,national_regional,mainstream_supermarket,high
HEALTH2024-00759,ENCORE SOUTH BREAKROOM,990 S AIRPORT DR,990 S AIRPORT DR,,2024-12-20,2024-12-20,1,HEALTH2021-00222,False,,,,,,,,,Other non-restaurant,micro market (employer break room),unknown,,high
HEALTH2024-00761,BUFFALO WILD WINGS,2035 N CENTRAL EXPY,2035 N CENTRAL EXPY,,2024-09-06,2026-04-14,3,HEALTH2017-002024,False,permits,Food Establishment,Issued,Biannual Inspections,6,DN,4.0,3.0,"American (sit-down, bars, venues)",sports bar / wings,national_regional,,high
HEALTH2024-00762,SIMPSON STRONG TIE,2151 S AIRPORT DR,2151 S AIRPORT DR,,2024-12-31,2024-12-31,1,HEALTH2021-00224,False,,,,,,,,,Other non-restaurant,micro market (employer break room),unknown,,medium
HEALTH2024-00763,MEDICAL CENTER,4500 MEDICAL CENTER DR,4500 MEDICAL CENTER DR,,2025-01-14,2026-01-16,2,HEALTH2021-00223,False,,,,,,,,,Other non-restaurant,hospital micro market (Canteen),national_regional,,medium
HEALTH2024-00764,ENCORE NW BREAKROOM,990 S AIRPORT DR,990 S AIRPORT DR,,2024-12-20,2024-12-20,1,HEALTH2021-00221,False,,,,,,,,,Other non-restaurant,micro market (employer break room),unknown,,high
HEALTH2024-00765,PARK MANOR OF MCKINNEY,1801 PEARSON AVE,1801 PEARSON AVE,,2024-07-31,2026-03-02,5,HEALTH2017-005876,False,permits,Food Establishment,Issued,Biannual Inspections,1,DN,2.0,4.0,Institutional,senior living / nursing,national_regional,,high
HEALTH2024-00767,Long John Silver,1708 W UNIVERSITY DR,1708 W UNIVERSITY DR,,2024-11-27,2025-06-30,2,HEALTH2021-00266,False,,,,,,,,,Fast Food,fried fish,national_regional,,high
HEALTH2024-00768,Parlor Doughnuts,5100 STACY RD 950,5100 STACY RD,950,2024-09-27,2026-03-12,4,HEALTH2023-00186,False,permits,Food Establishment,Issued,Biannual Inspections,4,UP,6.0,4.0,Coffee/Cafe/Bakery/Dessert,donuts,national_regional,,high
HEALTH2024-00769,Shake Shack,1727 N CENTRAL EXPY,1727 N CENTRAL EXPY,,2024-07-31,2026-05-04,5,HEALTH2023-00221,False,permits,Food Establishment,Issued,Biannual Inspections,4,DN,4.0,4.0,Fast Food,burgers,national_regional,,high
HEALTH2024-00770,REDBUD PLACE,101 WILSON CREEK PKWY,101 WILSON CREEK PKWY,,2025-03-20,2026-04-14,3,HEALTH2024-00770,False,permits,Food Establishment,Issued,Biannual Inspections,4,DN,6.0,4.0,Institutional,residential care kitchen,unknown,,low
HEALTH2024-00772,QAHWAH HOUSE COFFEE SHOP,8880 SH 121 164,8880 SH 121,164,2024-10-10,2026-08-10,5,HEALTH2024-00772,False,permits,Food Establishment,Expired,Biannual Inspections,6,UP,9.0,4.0,Coffee/Cafe/Bakery/Dessert,Yemeni coffee,national_regional,,high
HEALTH2024-00773,Deviled Egg Company,111 W VIRGINIA ST,111 W VIRGINIA ST,,2024-08-06,2026-07-30,5,HEALTH2024-00773,False,permits,Food Establishment,Issued,Biannual Inspections,2,UP,3.0,4.0,"American (sit-down, bars, venues)",Southern (deviled eggs),independent,,low
HEALTH2024-00774,Seasonal Snow Cone stand,9050 FALCON VIEW DR,9050 FALCON VIEW DR,,2024-08-01,2024-08-01,1,HEALTH2024-00774,False,,,,,,,,,Coffee/Cafe/Bakery/Dessert,snow cones,independent,,high
HEALTH2024-00776,"ELDORADO COUNTRY CLUB

",2604 COUNTRY CLUB DR,2604 COUNTRY CLUB DR,,2025-02-20,2026-07-21,4,HEALTH2018-001266,False,permits,Food Establishment,Issued,4 Months Inspections,8,DN,10.0,4.0,"American (sit-down, bars, venues)",country club,independent,,high
HEALTH2024-00778,EVENTS AT THE EAST MCKINNEY- FLOUR MILL BISTRO,407 E LOUISIANA ST 102,407 E LOUISIANA ST,102,2024-09-13,2025-06-12,3,HEALTH2024-00778,False,,,,,,,,,"American (sit-down, bars, venues)",event venue bistro,independent,,medium
HEALTH2024-00779,Dolly Llama Waffle House,5100 STACY RD 800,5100 STACY RD,800,2024-10-22,2026-08-11,5,HEALTH2024-00779,False,permits,Food Establishment,Issued,Biannual Inspections,5,DN,7.0,4.0,Coffee/Cafe/Bakery/Dessert,bubble waffles and ice cream,national_regional,,high
HEALTH2024-00780,DESI SPICE CAFE,1411 N CUSTER RD 700,1411 N CUSTER RD,700,2024-10-04,2025-02-03,3,HEALTH2024-00780,False,,,,,,,,,Indian,Indian,independent,,high
HEALTH2024-00783,POPSHELF,2821 CRAIG DR 100,2821 CRAIG DR,100,2025-01-22,2026-07-01,4,HEALTH2022-00217,False,permits,Food Establishment,Issued,Biannual Inspections,0,NC,0.0,4.0,Convenience/Gas,dollar/discount store,national_regional,,high
HEALTH2024-00784,LIONHEART FELLOWSHIP,6400 HENNEMAN WAY,6400 HENNEMAN WAY,,2024-07-23,2025-07-30,3,HEALTH2024-00784,False,,,,,,,,,Institutional,church,independent,,medium
HEALTH2024-00785,MAPLE STREET,8801 ELDORADO PKWY 100,8801 ELDORADO PKWY,100,2024-10-22,2025-09-02,3,HEALTH2024-00785,False,,,,,,,,,"American (sit-down, bars, venues)",Southern breakfast (biscuits),national_regional,,high
HEALTH2024-00786,STARBUCKS COFFEE #80332,7950 ELDORADO PKWY,7950 ELDORADO PKWY,,2024-10-02,2026-07-20,5,HEALTH2024-00786,False,permits,Food Establishment,Issued,Biannual Inspections,0,NC,0.0,4.0,Coffee/Cafe/Bakery/Dessert,coffee,national_regional,,high
HEALTH2024-00790,ALDI GROCERY #47,8801 STACY RD,8801 STACY RD,,2024-09-16,2026-03-12,4,HEALTH2017-008349,False,permits,Food Establishment,Issued,Biannual Inspections,0,NC,0.0,4.0,Grocery/Market,Aldi - grocery,national_regional,mainstream_supermarket,high
HEALTH2024-00791,SHOGUN HIBACHI & SUSHI,1230 N CENTRAL EXPY,1230 N CENTRAL EXPY,,2024-10-31,2026-04-24,4,HEALTH2024-00791,False,permits,Food Establishment,Issued,Biannual Inspections,18,DN,24.0,4.0,Japanese,hibachi and sushi,independent,,high
HEALTH2024-00792,MCKINNEY MONTESSORI,513 N CENTRAL EXPY,513 N CENTRAL EXPY,,2024-09-25,2025-10-09,3,HEALTH2017-007712,False,,,,,,,,,Institutional,school/daycare,independent,,high
HEALTH2024-00793,BRAUM'S ICE CREAM #77,1800 N CENTRAL EXPY,1800 N CENTRAL EXPY,,2024-09-09,2026-07-27,5,HEALTH2017-000766,False,permits,Food Establishment,Issued,Biannual Inspections,9,UP,10.0,4.0,Fast Food,burgers / ice cream / dairy store,national_regional,,high
HEALTH2024-00794,STARBUCK'S COFFEE #6416,1787 N CENTRAL EXPY,1787 N CENTRAL EXPY,,2024-10-29,2026-04-06,4,HEALTH2024-00794,False,permits,Food Establishment,Issued,Biannual Inspections,2,NC,3.0,4.0,Coffee/Cafe/Bakery/Dessert,coffee,national_regional,,high
HEALTH2024-00795,STARBUCKS #67352,1751 N HARDIN BLVD,1751 N HARDIN BLVD,,2025-02-11,2026-08-11,4,HEALTH2022-00249,False,permits,Food Establishment,Issued,Biannual Inspections,0,DN,0.0,4.0,Coffee/Cafe/Bakery/Dessert,coffee,national_regional,,high
HEALTH2024-00796,TERESA'S HOUSE CRAIG RANCH BLDG 3,6531 COLLIN MCKINNEY PKWY,6531 COLLIN MCKINNEY PKWY,,2024-08-16,2026-03-20,4,HEALTH2020-00128,False,permits,Food Establishment,Issued,Biannual Inspections,2,DN,4.0,4.0,Institutional,residential care home,independent,,medium
HEALTH2024-00801,Chefs Classic Cuisine and Catering,4550 W UNIVERSITY DR,4550 W UNIVERSITY DR,,2024-10-18,2025-01-17,2,HEALTH2024-00801,True,,,,,,,,,Hotel/Caterer/Commissary,caterer,independent,,medium
HEALTH2024-00803,TERESA'S HOUSE CRAIG RANCH BLDG 2,6521 COLLIN MCKINNEY PKWY,6521 COLLIN MCKINNEY PKWY,,2024-08-16,2026-03-20,4,HEALTH2020-00170,False,permits,Food Establishment,Issued,Biannual Inspections,4,NC,6.0,4.0,Institutional,residential care home,independent,,medium
HEALTH2024-00804,WENDY'S,1714 W UNIVERSITY DR,1714 W UNIVERSITY DR,,2024-09-27,2026-04-06,4,HEALTH2017-000835,False,permits,Food Establishment,Issued,Biannual Inspections,3,DN,3.0,4.0,Fast Food,burgers,national_regional,,high
HEALTH2024-00805,AHA DONUTS,7500 STACY RD 120,7500 STACY RD,120,2025-03-24,2026-03-16,3,HEALTH2022-00297,False,permits,Food Establishment,Issued,Biannual Inspections,3,DN,2.0,3.0,Coffee/Cafe/Bakery/Dessert,donuts/bagels,independent,,high
HEALTH2024-00806,CULVERS,4200 ELDORADO PKWY 200,4200 ELDORADO PKWY,200,2024-10-24,2026-04-02,4,HEALTH2017-005217,False,permits,Food Establishment,Issued,Biannual Inspections,3,UP,4.0,4.0,Fast Food,burgers / frozen custard,national_regional,,high
HEALTH2024-00807,DOLLAR TREE #05875,1970 N CENTRAL EXPY,1970 N CENTRAL EXPY,,2025-02-14,2026-08-19,4,HEALTH2017-007408,False,permits,Food Establishment,Issued,Biannual Inspections,2,NC,0.0,4.0,Convenience/Gas,dollar/discount store,national_regional,,high
HEALTH2024-00808,ELDORADO COUNTRY CLUB SNACK BAR,2604 COUNTRY CLUB DR,2604 COUNTRY CLUB DR,,2025-08-27,2026-08-12,3,HEALTH2018-001267,False,permits,Food Establishment,Issued,Biannual Inspections,4,DN,4.0,3.0,Venue/Concession,country club pool snack bar,independent,,medium
HEALTH2024-00809,DOLLAR TREE #3294,8676 SH 121 104,8676 SH 121,104,2025-02-18,2026-08-24,3,HEALTH2017-003717,False,permits,Food Establishment,Issued,Biannual Inspections,0,NC,1.0,3.0,Convenience/Gas,dollar/discount store,national_regional,,high
HEALTH2024-00811,LITTLE CAESARS PIZZA,9245 VIRGINIA PKWY 900,9245 VIRGINIA PKWY,900,2024-12-06,2026-06-01,4,HEALTH2017-009236,False,permits,Food Establishment,Issued,Biannual Inspections,3,DN,3.0,4.0,Pizza/Italian,pizza,national_regional,,high
HEALTH2024-00812,LITTLE CAESARS,5100 ELDORADO PKWY 100,5100 ELDORADO PKWY,100,2024-10-08,2026-04-23,4,HEALTH2017-009237,False,permits,Food Establishment,Issued,Biannual Inspections,2,UP,1.0,4.0,Pizza/Italian,pizza,national_regional,,high
HEALTH2024-00813,DOLLAR TREEE #8264,1620 N HARDIN BLVD 1400,1620 N HARDIN BLVD,1400,2024-08-03,2026-07-02,5,HEALTH2020-00084,False,permits,Food Establishment,Issued,Biannual Inspections,1,UP,1.0,4.0,Convenience/Gas,dollar/discount store,national_regional,,high
HEALTH2024-00816,LONCHERIA HERNANDEZ,1105 N TENNESSEE ST,1105 N TENNESSEE ST,,2024-09-13,2026-07-27,5,HEALTH2024-00816,False,permits,Food Establishment,Issued,Biannual Inspections,7,UP,7.0,4.0,Mexican/Tex-Mex/Latin,loncheria,independent,,high
HEALTH2024-00817,GOODY ASIAN CUISINE,5100 ELDORADO PKWY 101,5100 ELDORADO PKWY,101,2025-01-23,2026-06-25,4,HEALTH2017-006215,False,permits,Food Establishment,Issued,Biannual Inspections,1,UP,2.0,4.0,Asian (unspecified),pan-Asian,independent,,medium
HEALTH2024-00818,YOHE SUSHI & SEAFOOD,2045 N CENTRAL EXPY 700,2045 N CENTRAL EXPY,700,2024-08-23,2026-07-14,5,HEALTH2021-00179,False,permits,Food Establishment,Issued,Biannual Inspections,6,UP,6.0,4.0,Japanese,sushi and seafood,independent,,low
HEALTH2024-00819,URBAN AIR MCKINNEY,3150 S HARDIN BLVD,3150 S HARDIN BLVD,,2024-10-18,2026-04-16,4,HEALTH2018-10403,False,permits,Food Establishment,Issued,Biannual Inspections,7,DN,10.0,4.0,Venue/Concession,trampoline park,national_regional,,high
HEALTH2024-00820,HIDEAWAY PIZZA,2101 N HARDIN BLVD,2101 N HARDIN BLVD,,2024-12-06,2026-06-17,4,HEALTH2024-00820,False,permits,Food Establishment,Issued,Biannual Inspections,4,NC,7.0,4.0,Pizza/Italian,pizza,national_regional,,high
HEALTH2024-00822,MCKINNEY HEALTHCARE AND REHABILITATION,253 ENTERPRISE DR,253 ENTERPRISE DR,,2024-09-11,2026-07-24,5,HEALTH2023-00272,False,,,,,,,,,Institutional,senior living / nursing,unknown,,high
HEALTH2024-00823,CHOP SHOP WINE BAR,7560 SH 121 150,7560 SH 121,150,2025-02-18,2026-08-26,4,HEALTH2022-00011,False,permits,Food Establishment,Issued,Biannual Inspections,10,DN,13.0,4.0,"American (sit-down, bars, venues)",wine bar,independent,,medium
HEALTH2024-00824,Leaf Cafe,405 N MCDONALD ST E,405 N MCDONALD ST,E,2024-11-05,2026-03-02,4,HEALTH2024-00824,False,permits,Food Establishment,Issued,Biannual Inspections,1,UP,2.0,4.0,Coffee/Cafe/Bakery/Dessert,cafe (pastries),independent,,medium
HEALTH2024-00825,SD DONUTS,6000 MCKINNEY RANCH PKWY 110,6000 MCKINNEY RANCH PKWY,110,2024-09-30,2026-04-01,4,HEALTH2018-09980,False,permits,Food Establishment,Issued,Biannual Inspections,4,NC,4.0,4.0,Coffee/Cafe/Bakery/Dessert,donuts/bagels,independent,,high
HEALTH2024-00826,VILLAGE ON THE PARK,265 PLATEAU DR,265 PLATEAU DR,,2024-11-22,2026-04-08,4,HEALTH2024-00826,False,permits,Food Establishment,Issued,Biannual Inspections,5,NC,9.0,4.0,Institutional,senior living / nursing,local_multi,,low
HEALTH2024-00827,CICI PIZZA,320 N CENTRAL EXPY,320 N CENTRAL EXPY,,2024-09-23,2026-08-04,5,HEALTH2024-00827,False,permits,Food Establishment,Issued,Biannual Inspections,9,UP,10.0,4.0,Pizza/Italian,pizza,national_regional,,high
HEALTH2024-00829,TACO OCHO,3041 S CUSTER RD 800,3041 S CUSTER RD,800,2024-10-09,2026-02-02,4,HEALTH2021-00220,False,,,,,,,,,Mexican/Tex-Mex/Latin,tacos (Tex-Mex),local_multi,,high
HEALTH2024-00830,BENNY'S BAGELS,5100 ELDORADO PKWY 104,5100 ELDORADO PKWY,104,2025-02-19,2026-08-06,4,HEALTH2017-004056,False,permits,Food Establishment,Issued,Biannual Inspections,9,DN,10.0,4.0,Coffee/Cafe/Bakery/Dessert,donuts/bagels,independent,,high
HEALTH2024-00831,EGGMANIA,8950 SH 121 310,8950 SH 121,310,2025-02-14,2025-08-06,2,HEALTH2023-00268,False,,,,,,,,,Indian,Indian egg dishes,local_multi,,medium
HEALTH2024-00832,GLOBE LIFE 2,3700 S STONEBRIDGE DR,3700 S STONEBRIDGE DR,,2025-07-14,2025-07-14,1,HEALTH2024-00262,False,,,,,,,,,Other non-restaurant,micro market (employer),unknown,,medium
HEALTH2024-00833,GLOBE LIFE,3700 S STONEBRIDGE DR,3700 S STONEBRIDGE DR,,2025-08-13,2025-08-13,1,HEALTH2024-00262,False,,,,,,,,,Other non-restaurant,micro market (employer),unknown,,medium
HEALTH2024-00835,NOM NOMS MEXICAN GRILL-N-CHILL,6840 VIRGINIA PKWY 125,6840 VIRGINIA PKWY,125,2024-11-21,2026-03-25,4,HEALTH2017-006879,False,permits,Food Establishment,Issued,Biannual Inspections,9,UP,12.0,4.0,Mexican/Tex-Mex/Latin,Mexican,independent,,high
HEALTH2024-00836,TOKYO GARDEN CATERING,8700 ELDORADO PKWY,8700 ELDORADO PKWY,,2024-09-05,2026-07-07,5,HEALTH2023-00230,False,permits,Food Establishment,Issued,Biannual Inspections,0,NC,0.0,4.0,Grocery/Market,sushi counter inside H-E-B,national_regional,mainstream_supermarket,medium
HEALTH2024-00837,BROOKDALE STONEBRIDGE RANCH,1650 S STONEBRIDGE DR,1650 S STONEBRIDGE DR,,2024-10-02,2026-07-29,5,HEALTH2024-00837,False,permits,Food Establishment,Issued,Biannual Inspections,0,DN,0.0,4.0,Institutional,senior living / nursing,national_regional,,high
HEALTH2024-00839,Cubana Grille,4051 S CUSTER RD 1160,4051 S CUSTER RD,1160,2024-10-29,2026-08-19,5,HEALTH2024-00839,False,permits,Food Establishment,Expired,Biannual Inspections,2,DN,3.0,4.0,Mexican/Tex-Mex/Latin,Cuban,independent,,medium
HEALTH2024-00840,EL POLLO ALEGRE,1211 N TENNESSEE ST,1211 N TENNESSEE ST,,2024-08-08,2026-06-09,5,HEALTH2017-000770,False,permits,Food Establishment,Issued,Biannual Inspections,12,NC,16.0,4.0,Mexican/Tex-Mex/Latin,Mexican grilled chicken,independent,,medium
HEALTH2024-00841,LA MADELEINE,3625 W UNIVERSITY DR 200,3625 W UNIVERSITY DR,200,2024-09-24,2026-07-08,5,HEALTH2024-00841,False,permits,Food Establishment,Issued,Biannual Inspections,4,DN,7.0,4.0,Coffee/Cafe/Bakery/Dessert,French bakery-cafe,national_regional,,medium
HEALTH2024-00842,YO YO BEST THAI,1720 N CENTRAL EXPY 170,1720 N CENTRAL EXPY,170,2024-10-30,2026-08-28,5,HEALTH2022-00304,False,permits,Food Establishment,Issued,Biannual Inspections,8,UP,10.0,4.0,Thai,Thai,independent,,high
HEALTH2024-00845,JUAREZ,311 E LOUISIANA ST,311 E LOUISIANA ST,,2025-04-10,2026-03-26,3,HEALTH2024-00845,False,permits,Food Establishment,Issued,Biannual Inspections,13,UP,12.0,3.0,Mexican/Tex-Mex/Latin,Mexican,independent,,medium
HEALTH2024-00847,COLD STONE CREAMERY,4020 W UNIVERSITY DR 200,4020 W UNIVERSITY DR,200,2025-02-06,2026-08-11,4,HEALTH2024-00847,False,permits,Food Establishment,Issued,Biannual Inspections,4,NC,7.0,4.0,Coffee/Cafe/Bakery/Dessert,ice cream,national_regional,,high
HEALTH2024-00848,Anamia's Tex-Mex,1821 N LAKE FOREST DR 100,1821 N LAKE FOREST DR,100,2024-10-01,2026-08-05,5,HEALTH2019-00199,False,permits,Food Establishment,Issued,Biannual Inspections,15,DN,19.0,4.0,Mexican/Tex-Mex/Latin,Tex-Mex,local_multi,,high
HEALTH2024-00849,CAVALLI PIZZA,6851 VIRGINIA PKWY 105 1,6851 VIRGINIA PKWY,105 1,2024-11-26,2025-04-16,2,HEALTH2017-008415,False,,,,,,,,,Pizza/Italian,pizza,local_multi,,high
HEALTH2024-00850,SNOWFRUIT 488,1407 W UNIVERSITY DR,1407 W UNIVERSITY DR,,2025-04-22,2025-04-22,1,HEALTH2024-00850,False,,,,,,,,,Grocery/Market,cut-fruit counter inside Kroger #488 (address typo),national_regional,mainstream_supermarket,medium
HEALTH2024-00851,IVY KIDS,300 N COIT RD,300 N COIT RD,,2025-01-13,2025-07-25,2,HEALTH2020-00132,False,,,,,,,,,Institutional,school/daycare,national_regional,,high
HEALTH2024-00852,STARBUCKS COFFEE #10088,6841 VIRGINIA PKWY,6841 VIRGINIA PKWY,,2025-04-10,2026-03-04,3,HEALTH2017-001519,False,permits,Food Establishment,Issued,Biannual Inspections,1,DN,1.0,3.0,Coffee/Cafe/Bakery/Dessert,coffee,national_regional,,high
HEALTH2024-00853,The Prep School McKinney,5317 W UNIVERSITY DR,5317 W UNIVERSITY DR,,2024-12-02,2025-06-30,2,HEALTH2018-10402,False,,,,,,,,,Institutional,school/daycare,independent,,high
HEALTH2024-00854,SUGARBACON,216 W VIRGINIA ST 101,216 W VIRGINIA ST,101,2025-02-07,2026-08-25,4,HEALTH2020-00126,False,permits,Food Establishment,Issued,Biannual Inspections,16,UP,22.0,4.0,"American (sit-down, bars, venues)",American brunch/dinner,independent,,high
HEALTH2024-00855,HEB Grocery,8700 ELDORADO PKWY,8700 ELDORADO PKWY,,2024-09-05,2026-07-07,5,HEALTH2023-00191,False,permits,Food Establishment,Issued,Biannual Inspections,0,NC,0.0,4.0,Grocery/Market,H-E-B - grocery,national_regional,mainstream_supermarket,high
HEALTH2024-00856,HEB -Seafood,8700 ELDORADO PKWY,8700 ELDORADO PKWY,,2024-09-05,2026-07-07,5,HEALTH2023-00241,False,,,,,,,,,Grocery/Market,H-E-B - seafood,national_regional,mainstream_supermarket,high
HEALTH2024-00857,HEB - Produce,8700 ELDORADO PKWY,8700 ELDORADO PKWY,,2024-09-05,2026-07-07,5,HEALTH2023-00242,False,,,,,,,,,Grocery/Market,H-E-B - produce,national_regional,mainstream_supermarket,high
HEALTH2024-00858,HEB -Bakery,8700 ELDORADO PKWY,8700 ELDORADO PKWY,,2024-09-05,2026-07-07,5,HEALTH2023-00239,False,,,,,,,,,Grocery/Market,H-E-B - bakery,national_regional,mainstream_supermarket,high
HEALTH2024-00859,HEB- Deli,8700 ELDORADO PKWY,8700 ELDORADO PKWY,,2024-09-05,2026-07-07,5,HEALTH2023-00238,False,,,,,,,,,Grocery/Market,H-E-B - deli,national_regional,mainstream_supermarket,high
HEALTH2024-00862,KOBE STEAK & SUSHI,3300 ELDORADO PKWY 100,3300 ELDORADO PKWY,100,2025-02-04,2025-08-21,2,HEALTH2017-001756,False,,,,,,,,,Japanese,hibachi steakhouse and sushi,independent,,high
HEALTH2024-00863,SUSHI KOSHI,1910 N STONEBRIDGE DR 150,1910 N STONEBRIDGE DR,150,2024-11-22,2026-04-03,4,HEALTH2019-00379,False,permits,Food Establishment,Issued,Biannual Inspections,9,DN,13.0,4.0,Japanese,sushi,independent,,high
HEALTH2024-00864,Graze Craze Charcuterie Retail Store,3755 S LAKE FOREST DR 300,3755 S LAKE FOREST DR,300,2025-07-22,2026-06-01,3,HEALTH2024-00864,False,permits,Food Establishment,Issued,Biannual Inspections,2,NC,3.0,3.0,Deli/Sandwich/Salad,charcuterie boards,national_regional,,medium
HEALTH2024-00865,7-11 #37296,3911 MEDICAL CENTER DR,3911 MEDICAL CENTER DR,,2024-09-17,2025-10-31,3,HEALTH2017-008551,False,,,,,,,,,Convenience/Gas,convenience store / gas station,national_regional,,high
HEALTH2024-00868,Pho Que Huong Noodle & Grill,1720 ELDORADO PKWY 101,1720 ELDORADO PKWY,101,2024-10-30,2026-03-04,4,HEALTH2017-006246,False,permits,Food Establishment,Issued,Biannual Inspections,11,UP,13.0,4.0,Vietnamese,Vietnamese,independent,,high
HEALTH2024-00869,Vitality Bowls,3610 W UNIVERSITY DR 100,3610 W UNIVERSITY DR,100,2025-08-12,2026-08-12,3,HEALTH2020-00065,False,permits,Food Establishment,Issued,Biannual Inspections,7,UP,8.0,3.0,Coffee/Cafe/Bakery/Dessert,acai bowls,national_regional,,high
HEALTH2024-00871,VILLAGE GREEN,3149 MEDICAL CENTER DR,3149 MEDICAL CENTER DR,,2024-11-18,2026-04-28,4,HEALTH2022-00291,False,permits,Food Establishment,Issued,Biannual Inspections,5,UP,8.0,4.0,Institutional,memory care home,unknown,,medium
HEALTH2024-00874,PATINA GREEN HOME AND MARKET,116 N TENNESSEE ST 102,116 N TENNESSEE ST,102,2025-03-21,2026-03-31,3,HEALTH2017-003970,False,permits,Food Establishment,Issued,Biannual Inspections,2,UP,3.0,3.0,Deli/Sandwich/Salad,cafe and home-goods market,independent,,medium
HEALTH2024-00877,BLUE GOOSE,2020 N CENTRAL EXPY,2020 N CENTRAL EXPY,,2024-10-30,2026-08-18,5,HEALTH2017-006230,False,permits,Food Establishment,Issued,Biannual Inspections,5,DN,7.0,4.0,Mexican/Tex-Mex/Latin,Tex-Mex,local_multi,,high
HEALTH2024-00878,CICCIO TRATTORIA,7901 ELDORADO PKWY 155,7901 ELDORADO PKWY,155,2024-10-02,2026-07-31,5,HEALTH2022-00300,False,permits,Food Establishment,Issued,Biannual Inspections,6,UP,8.0,4.0,Pizza/Italian,Italian,independent,,high
HEALTH2024-00879,McKinney Soccer,6375 COLLIN MCKINNEY PKWY,6375 COLLIN MCKINNEY PKWY,,2024-10-25,2026-08-05,5,HEALTH2024-00879,False,,,,,,,,,Venue/Concession,youth soccer concession,independent,,high
HEALTH2024-00880,Yummi Sushi,3001 S CENTRAL EXPY,3001 S CENTRAL EXPY,,2025-11-17,2025-11-17,1,HEALTH2024-00880,False,permits,Food Establishment,Issued,Biannual Inspections,0,DN,0.0,1.0,Grocery/Market,sushi counter inside Albertsons #4234,national_regional,mainstream_supermarket,medium
HEALTH2024-00883,The Cotton Mill Coffee Shop,610 ELM ST 1340,610 ELM ST,1340,2024-09-25,2026-04-21,4,HEALTH2023-00271,False,permits,Food Establishment,Issued,Biannual Inspections,2,DN,3.0,4.0,Coffee/Cafe/Bakery/Dessert,coffee,independent,,high
HEALTH2024-00884,WESTRIDGE GOLF COURSE,9055 COTTON RIDGE RD,9055 COTTON RIDGE RD,,2025-01-27,2026-07-31,4,HEALTH2017-000683,False,permits,Food Establishment,Issued,Biannual Inspections,14,UP,18.0,4.0,"American (sit-down, bars, venues)",golf course grill,independent,,medium
HEALTH2024-00886,Sprouts Farmers Market Grocery,2201 VIRGINIA PKWY,2201 VIRGINIA PKWY,,2024-11-12,2026-03-13,4,HEALTH2024-00886,False,permits,Food Establishment,Issued,Biannual Inspections,1,DN,1.0,4.0,Grocery/Market,Sprouts - grocery,national_regional,mainstream_supermarket,high
HEALTH2024-00887,SICILY'S PASTA & PIZZA,1502 W UNIVERSITY DR,1502 W UNIVERSITY DR,,2024-09-19,2026-08-18,5,HEALTH2024-00887,False,permits,Food Establishment,Expired,Biannual Inspections,13,DN,17.0,4.0,Pizza/Italian,pizza and pasta,independent,,high
HEALTH2024-00888,The Horse's Axe,212 E LOUISIANA ST,212 E LOUISIANA ST,,2024-12-20,2026-01-30,3,HEALTH2023-00327,False,,,,,,,,,"American (sit-down, bars, venues)",axe-throwing bar with snacks,independent,,medium
HEALTH2024-00889,SPANISH SCHOOLHOUSE MCKINNEY,2421 VIRGINIA PKWY,2421 VIRGINIA PKWY,,2025-01-16,2026-01-15,3,HEALTH2017-003080,False,,,,,,,,,Institutional,school/daycare,national_regional,,high
HEALTH2024-00890,MCKINNEY CHRISTIAN ACADEMY,3601 BOIS D'ARC RD,3601 BOIS D'ARC RD,,2024-10-24,2026-04-13,4,HEALTH2017-002983,False,permits,Food Establishment,Issued,Biannual Inspections,1,UP,2.0,4.0,Institutional,school/daycare,independent,,high
HEALTH2024-00892,McKinney Soccer,1986 PARK VIEW AVE,1986 PARK VIEW AVE,,2024-10-25,2026-02-17,3,HEALTH2024-00892,False,permits,Concession Stand,Expired,Biannual Inspections,0,NC,0.0,3.0,Venue/Concession,youth soccer concession,independent,,high
HEALTH2024-00893,McKinney Soccer,6375 COLLIN MCKINNEY PKWY,6375 COLLIN MCKINNEY PKWY,,2024-10-25,2026-08-05,5,HEALTH2024-00879,False,permits,Concession Stand,Expired,Biannual Inspections,3,NC,6.0,4.0,Venue/Concession,youth soccer concession,independent,,high
HEALTH2024-00895,DOLLAR TREE #7341,5151 MCKINNEY RANCH PKWY 100,5151 MCKINNEY RANCH PKWY,100,2025-02-17,2026-03-03,4,HEALTH2018-10101,False,permits,Food Establishment,Issued,Biannual Inspections,1,UP,0.0,4.0,Convenience/Gas,dollar/discount store,national_regional,,high
HEALTH2024-00897,SIMPLY PHO HOUSE,3540 W UNIVERSITY DR 100,3540 W UNIVERSITY DR,100,2024-10-03,2026-08-12,5,HEALTH2024-00897,False,permits,Food Establishment,Issued,Biannual Inspections,5,NC,7.0,4.0,Vietnamese,Vietnamese,independent,,high
HEALTH2024-00898,CRUMBL,3194 W UNIVERSITY DR 200,3194 W UNIVERSITY DR,200,2025-01-15,2026-01-29,2,HEALTH2021-00254,False,permits,Food Establishment,Issued,Annual Inspection,1,DN,0.0,2.0,Coffee/Cafe/Bakery/Dessert,cookies,national_regional,,high
HEALTH2024-00899,"TACO BUENO
 


",302 N CENTRAL EXPY,302 N CENTRAL EXPY,,2024-11-14,2026-03-04,3,HEALTH2017-002064,False,permits,Food Establishment,Expired,Biannual Inspections,10,UP,9.0,3.0,Fast Food,Taco Bueno,national_regional,,high
HEALTH2024-00900,The Goddard School,1801 N RIDGE RD,1801 N RIDGE RD,,2024-12-03,2025-06-30,2,HEALTH2019-00372,False,,,,,,,,,Institutional,school/daycare,national_regional,,high
HEALTH2024-00903,Independent Financial 1st Floor,7777 HENNEMAN WAY,7777 HENNEMAN WAY,,2025-03-10,2026-03-06,2,HEALTH2024-00903,False,,,,,,,,,Other non-restaurant,employer coffee station / micro market,unknown,,low
HEALTH2024-00905,AMORE LOUNGE,301 E VIRGINIA ST 102,301 E VIRGINIA ST,102,2025-01-24,2026-07-24,4,HEALTH2020-00147,False,permits,Food Establishment,Issued,Biannual Inspections,1,NC,1.0,4.0,"American (sit-down, bars, venues)",lounge/bar,independent,,low
HEALTH2024-00906,7-ELEVEN STORE #33697,3975 S LAKE FOREST DR,3975 S LAKE FOREST DR,,2025-02-13,2026-03-16,3,HEALTH2019-00053,False,permits,Food Establishment,Expired,Biannual Inspections,4,UP,4.0,3.0,Convenience/Gas,convenience store / gas station,national_regional,,high
HEALTH2024-00914,Cocktail Creamery,205 E VIRGINIA ST,205 E VIRGINIA ST,,2024-12-23,2026-06-25,4,HEALTH2023-00301,False,permits,Food Establishment,Issued,Biannual Inspections,0,NC,0.0,4.0,Coffee/Cafe/Bakery/Dessert,alcohol-infused ice cream,independent,,medium
HEALTH2024-00916,Hamms,307 W LOUISIANA ST,307 W LOUISIANA ST,,2024-10-03,2026-08-26,5,HEALTH2021-00161,False,permits,Food Establishment,Expired,Biannual Inspections,4,UP,5.0,4.0,Grocery/Market,meat market,independent,independent_specialty,high
HEALTH2024-00917,Sprouts Farmers Market - Seafood Department,2201 VIRGINIA PKWY,2201 VIRGINIA PKWY,,2024-11-12,2026-03-13,4,HEALTH2024-00917,False,,,,,,,,,Grocery/Market,Sprouts - seafood,national_regional,mainstream_supermarket,high
HEALTH2024-00918,Sprouts Farmers Market - Produce,2201 VIRGINIA PKWY,2201 VIRGINIA PKWY,,2024-11-12,2026-03-13,4,HEALTH2024-00918,False,,,,,,,,,Grocery/Market,Sprouts - produce,national_regional,mainstream_supermarket,high
HEALTH2024-00919,Sprouts Farmers Market - Deli,2201 VIRGINIA PKWY,2201 VIRGINIA PKWY,,2024-11-12,2026-03-13,4,HEALTH2024-00919,False,,,,,,,,,Grocery/Market,Sprouts - deli,national_regional,mainstream_supermarket,high
HEALTH2024-00920,Sprouts Farmers Market - Meat,2201 VIRGINIA PKWY,2201 VIRGINIA PKWY,,2024-11-12,2026-03-13,4,HEALTH2024-00920,False,,,,,,,,,Grocery/Market,Sprouts - meat,national_regional,mainstream_supermarket,high
HEALTH2024-00923,BIG TACO,1620 N HARDIN BLVD 100,1620 N HARDIN BLVD,100,2025-03-06,2026-03-10,3,HEALTH2022-00303,False,,,,,,,,,Mexican/Tex-Mex/Latin,tacos,independent,,medium
HEALTH2024-00924,7-11,1550 N HARDIN BLVD,1550 N HARDIN BLVD,,2025-06-06,2025-06-06,1,HEALTH2020-00200,False,,,,,,,,,Convenience/Gas,convenience store / gas station,national_regional,,high
HEALTH2024-00925,SALI'S ITALIAN,6710 VIRGINIA PKWY 230,6710 VIRGINIA PKWY,230,2024-10-09,2025-06-03,3,HEALTH2017-008528,False,,,,,,,,,Pizza/Italian,Italian,independent,,high
HEALTH2024-00926,HEARTLAND MONTESSORI ACADEMY,6150 MCKINNEY RANCH PKWY,6150 MCKINNEY RANCH PKWY,,2024-11-21,2025-10-20,3,HEALTH2017-007749,False,,,,,,,,,Institutional,school/daycare,independent,,high
HEALTH2024-00927,MOD PIZZA,3009 S CUSTER RD 100,3009 S CUSTER RD,100,2025-01-31,2026-01-15,3,HEALTH2018-10073,False,,,,,,,,,Pizza/Italian,pizza,national_regional,,high
HEALTH2024-00928,CHILI'S GRILL & BAR,7675 S CUSTER RD,7675 S CUSTER RD,,2024-12-26,2026-08-10,4,HEALTH2024-00928,False,permits,Food Establishment,Issued,Biannual Inspections,4,DN,5.0,4.0,"American (sit-down, bars, venues)",American casual dining,national_regional,,high
HEALTH2024-00932,EVERBROOK ACADEMY,2854 ORCHID DR,2854 ORCHID DR,,2024-10-30,2026-02-09,4,HEALTH2022-00305,False,,,,,,,,,Institutional,school/daycare,national_regional,,high
HEALTH2024-00936,EGG-CITED BRUNCH HOUSE,7200 W UNIVERSITY DR 190,7200 W UNIVERSITY DR,190,2024-11-21,2026-03-04,4,HEALTH2024-00936,False,permits,Food Establishment,Issued,Biannual Inspections,1,NC,2.0,4.0,"American (sit-down, bars, venues)",breakfast/brunch,independent,,medium
HEALTH2024-00937,HEB -Meat Market,8700 ELDORADO PKWY,8700 ELDORADO PKWY,,2025-01-02,2026-07-07,4,HEALTH2023-00240,False,,,,,,,,,Grocery/Market,H-E-B - meat,national_regional,mainstream_supermarket,high
HEALTH2024-00938,HEB -TTBBQ Restaurant,8700 ELDORADO PKWY,8700 ELDORADO PKWY,,2025-01-02,2026-07-07,4,HEALTH2023-00234,False,,,,,,,,,Grocery/Market,H-E-B - in-store restaurant,national_regional,mainstream_supermarket,high
HEALTH2024-00939,HEB - Cheese Shop,8700 ELDORADO PKWY,8700 ELDORADO PKWY,,2025-01-02,2026-07-07,4,HEALTH2023-00252,False,,,,,,,,,Grocery/Market,H-E-B - cheese shop,national_regional,mainstream_supermarket,high
HEALTH2024-00940,HEB -Cooking Connection,8700 ELDORADO PKWY,8700 ELDORADO PKWY,,2025-01-02,2026-07-07,4,HEALTH2023-00235,False,,,,,,,,,Grocery/Market,H-E-B - cooking demo kitchen,national_regional,mainstream_supermarket,high
HEALTH2024-00944,TRADER JOES,2851 CRAIG DR,2851 CRAIG DR,,2025-01-07,2026-06-09,4,HEALTH2017-007032,False,permits,Food Establishment,Issued,Biannual Inspections,0,DN,1.0,4.0,Grocery/Market,Trader Joe's,national_regional,mainstream_supermarket,high
HEALTH2024-00946,FIRST WATCH #292,3009 S CUSTER RD 600,3009 S CUSTER RD,600,2024-09-16,2026-07-14,4,HEALTH2024-00946,False,permits,Food Establishment,Issued,Biannual Inspections,4,DN,4.0,4.0,"American (sit-down, bars, venues)",breakfast/brunch,national_regional,,high
HEALTH2024-00947,THE LEARNING EXPERIENCE,4501 S RIDGE RD,4501 S RIDGE RD,,2025-02-06,2025-08-18,2,HEALTH2019-00391,False,,,,,,,,,Institutional,school/daycare,national_regional,,high
HEALTH2024-00948,WHATABURGER #1105,6151 ELDORADO PKWY,6151 ELDORADO PKWY,,2025-01-07,2026-08-19,4,HEALTH2017-008515,False,permits,Food Establishment,Expired,Biannual Inspections,0,NC,1.0,4.0,Fast Food,burgers,national_regional,,high
HEALTH2024-00952,TWIN PEAKS,3750 W UNIVERSITY DR,3750 W UNIVERSITY DR,,2025-01-14,2026-07-22,4,HEALTH2024-00952,False,permits,Food Establishment,Issued,Biannual Inspections,6,DN,7.0,4.0,"American (sit-down, bars, venues)",sports bar,national_regional,,high
HEALTH2024-00953,NULIFE NUTRITION,1330 N MCDONALD ST 109 2,1330 N MCDONALD ST,109 2,2025-02-24,2026-03-19,3,HEALTH2024-00953,False,permits,Food Establishment,Expired,Biannual Inspections,1,NC,2.0,3.0,Coffee/Cafe/Bakery/Dessert,nutrition shakes,independent,,medium
HEALTH2024-00955,SUBWAY #43170,400 N CENTRAL EXPY 100,400 N CENTRAL EXPY,100,2025-07-24,2026-07-06,3,HEALTH2017-004120,False,,,,,,,,,Deli/Sandwich/Salad,sub sandwiches,national_regional,,high
HEALTH2024-00958,Boba Bros.,6951 S CUSTER RD 500,6951 S CUSTER RD,500,2024-09-20,2024-09-20,1,HEALTH2023-00282,False,,,,,,,,,Coffee/Cafe/Bakery/Dessert,boba tea,independent,,high
HEALTH2024-00966,Tiger Ramen,4041 S CUSTER RD 2110,4041 S CUSTER RD,2110,2025-07-23,2026-06-02,3,HEALTH2024-00966,False,permits,Food Establishment,Issued,Biannual Inspections,8,NC,6.0,3.0,Japanese,ramen,independent,,high
HEALTH2024-00969,HAMPTON INN & SUITES,2008 N CENTRAL EXPY,2008 N CENTRAL EXPY,,2025-04-01,2026-03-23,3,HEALTH2019-00250,False,permits,Food Establishment,Issued,Biannual Inspections,5,DN,6.0,3.0,Hotel/Caterer/Commissary,hotel,national_regional,,high
HEALTH2024-00970,Collective Coffee,301 W LOUISIANA ST 200,301 W LOUISIANA ST,200,2025-03-24,2026-08-06,4,HEALTH2023-00366,False,permits,Food Establishment,Issued,Biannual Inspections,2,DN,1.0,4.0,Coffee/Cafe/Bakery/Dessert,coffee,independent,,high
HEALTH2024-00971,BURGER KING #21619,6510 SH 121,6510 SH 121,,2024-12-17,2026-06-10,3,HEALTH2017-009456,False,permits,Food Establishment,Issued,Biannual Inspections,4,DN,2.0,3.0,Fast Food,burgers,national_regional,,high
HEALTH2024-00975,EINSTEIN BROS BAGELS,7645 S CUSTER RD 400,7645 S CUSTER RD,400,2025-02-14,2026-08-21,4,HEALTH2018-004272,False,permits,Food Establishment,Issued,Biannual Inspections,4,UP,6.0,4.0,Coffee/Cafe/Bakery/Dessert,bagels,national_regional,,high
HEALTH2024-00976,THE DONUT KITCHEN,7250 VIRGINIA PKWY 140,7250 VIRGINIA PKWY,140,2024-09-25,2026-03-17,4,HEALTH2017-006896,False,permits,Food Establishment,Issued,Biannual Inspections,7,DN,9.0,4.0,Coffee/Cafe/Bakery/Dessert,donuts/bagels,independent,,high
HEALTH2024-00978,MCKINNEY HORIZONS,6601 W UNIVERSITY DR,6601 W UNIVERSITY DR,,2024-12-27,2026-04-21,4,HEALTH2024-00978,False,permits,Food Establishment,Issued,Biannual Inspections,1,NC,3.0,4.0,Institutional,institutional kitchen (hot box meal service),unknown,,low
HEALTH2024-00982,ADVENTURE KIDS PLAYCARE,2950 CRAIG DR 100,2950 CRAIG DR,100,2025-02-27,2025-08-26,2,HEALTH2017-007852,False,,,,,,,,,Institutional,school/daycare,local_multi,,low
HEALTH2024-00983,STONEFIELD ASSISTED LIVING,2701 ALMA RD,2701 ALMA RD,,2024-10-29,2026-08-14,5,HEALTH2017-004189,False,permits,Food Establishment,Issued,Biannual Inspections,5,DN,5.0,4.0,Institutional,senior living / nursing,unknown,,high
HEALTH2024-00990,RAZZOO'S CAJUN CAFE,3270 S CENTRAL EXPY,3270 S CENTRAL EXPY,,2025-01-27,2026-01-05,3,HEALTH2017-004921,False,,,,,,,,,"American (sit-down, bars, venues)",Cajun,national_regional,,high
HEALTH2024-00991,TEXAS ROADHOUSE,3101 S CENTRAL EXPY,3101 S CENTRAL EXPY,,2024-11-27,2026-03-30,4,HEALTH2017-001179,False,permits,Food Establishment,Issued,Biannual Inspections,0,NC,0.0,4.0,"American (sit-down, bars, venues)",steakhouse,national_regional,,high
HEALTH2024-00992,HUGS CAFE,224 E VIRGINIA ST,224 E VIRGINIA ST,,2025-04-11,2026-04-29,3,HEALTH2017-007805,False,,,,,,,,,Deli/Sandwich/Salad,"cafe: sandwiches, salads",independent,,medium
HEALTH2024-00993,SAN MIGUEL GRILL,506 W UNIVERSITY DR,506 W UNIVERSITY DR,,2024-10-01,2026-07-31,5,HEALTH2024-00993,False,permits,Food Establishment,Issued,Biannual Inspections,3,UP,2.0,4.0,Mexican/Tex-Mex/Latin,Mexican,independent,,medium
HEALTH2024-00994,HERITAGE LEARNING CENTER,200 N JORDAN RD,200 N JORDAN RD,,2024-12-20,2025-09-09,3,HEALTH2017-000228,False,,,,,,,,,Institutional,school/daycare,independent,,high
HEALTH2024-00996,THE COFFEE CONNECTION,6101 STACY RD,6101 STACY RD,,2025-10-02,2025-10-02,1,HEALTH2024-00996,False,,,,,,,,,Coffee/Cafe/Bakery/Dessert,coffee,independent,,medium
HEALTH2024-00997,COMPANY KITCHEN,7677 HENNEMAN WAY,7677 HENNEMAN WAY,,2025-03-10,2025-11-19,2,HEALTH2022-00274,False,,,,,,,,,Other non-restaurant,micro market,national_regional,,medium
HEALTH2024-00998,CHIPTOLE MEXICAN GRILL,2811 CRAIG DR,2811 CRAIG DR,,2024-10-11,2026-08-06,5,HEALTH2017-001207,False,permits,Food Establishment,Issued,Biannual Inspections,0,NC,0.0,4.0,Mexican/Tex-Mex/Latin,Mexican fast casual,national_regional,,high
HEALTH2024-00999,WHATABURGER #1018,9053 W UNIVERSITY DR,9053 W UNIVERSITY DR,,2025-01-27,2026-06-15,4,HEALTH2017-004970,False,permits,Food Establishment,Issued,Biannual Inspections,4,DN,2.0,4.0,Fast Food,burgers,national_regional,,high
HEALTH2024-01003,SUBWAY #15420,4900 ELDORADO PKWY 112,4900 ELDORADO PKWY,112,2024-12-30,2026-06-03,4,HEALTH2017-002118,False,permits,Food Establishment,Issued,Biannual Inspections,5,DN,6.0,4.0,Deli/Sandwich/Salad,sub sandwiches,national_regional,,high
HEALTH2024-01004,CHILI'S BAR & GRILL,1940 N CENTRAL EXPY,1940 N CENTRAL EXPY,,2024-11-11,2026-03-26,4,HEALTH2017-000306,False,permits,Food Establishment,Issued,Biannual Inspections,3,NC,4.0,4.0,"American (sit-down, bars, venues)",American casual dining,national_regional,,high
HEALTH2024-01005,CIRCLE K #2741585,5010 ALMA RD,5010 ALMA RD,,2025-01-23,2026-07-08,4,HEALTH2017-008341,False,permits,Food Establishment,Issued,Biannual Inspections,1,UP,2.0,4.0,Convenience/Gas,convenience store / gas station,national_regional,,high
HEALTH2024-01006,IMPERIAL GARDEN GRILL,4610 ELDORADO PKWY 200,4610 ELDORADO PKWY,200,2024-12-09,2026-06-23,5,HEALTH2018-000664,False,permits,Food Establishment,Issued,Biannual Inspections,21,DN,23.0,4.0,Chinese,Chinese,independent,,low
HEALTH2024-01007,HOOTERS,1775 N CENTRAL EXPY,1775 N CENTRAL EXPY,,2024-12-02,2025-10-15,3,HEALTH2018-000843,False,,,,,,,,,"American (sit-down, bars, venues)",sports bar,national_regional,,high
HEALTH2024-01008,CVS #5380,8953 VIRGINIA PKWY,8953 VIRGINIA PKWY,,2024-11-06,2026-09-01,5,HEALTH2017-002073,False,permits,Food Establishment,Issued,Biannual Inspections,1,NC,2.0,4.0,Convenience/Gas,pharmacy,national_regional,,high
HEALTH2024-01009,CVS #5799,6301 ELDORADO PKWY,6301 ELDORADO PKWY,,2025-01-24,2026-07-14,4,HEALTH2017-001023,False,permits,Food Establishment,Issued,Biannual Inspections,1,NC,2.0,4.0,Convenience/Gas,pharmacy,national_regional,,high
HEALTH2024-01015,ELIS AFRICAN MARKET,1434 N CENTRAL EXPY 102,1434 N CENTRAL EXPY,102,2025-07-28,2026-07-08,3,HEALTH2020-00186,False,permits,Food Establishment,Issued,Biannual Inspections,12,DN,11.0,3.0,Grocery/Market,African grocery,independent,independent_specialty,high
HEALTH2024-01016,EXOTIC BLENDZ BUBBLE TEA CO.,3540 W UNIVERSITY DR 300,3540 W UNIVERSITY DR,300,2024-11-12,2025-09-29,3,HEALTH2018-10411,False,,,,,,,,,Coffee/Cafe/Bakery/Dessert,boba tea,independent,,high
HEALTH2024-01017,SWIG,5225 W UNIVERSITY DR,5225 W UNIVERSITY DR,,2025-01-14,2026-07-02,4,HEALTH2022-00369,False,permits,Food Establishment,Issued,Biannual Inspections,3,DN,2.0,4.0,Coffee/Cafe/Bakery/Dessert,soda/drinks,national_regional,,high
HEALTH2024-01019,STARBUCKS #561,6100 ELDORADO PKWY,6100 ELDORADO PKWY,,2024-11-01,2026-05-28,4,HEALTH2017-09611,False,permits,Food Establishment,Issued,Biannual Inspections,1,UP,3.0,4.0,Grocery/Market,Starbucks/coffee counter inside Market Street #561,national_regional,mainstream_supermarket,medium
HEALTH2024-01020,DONUT HOPE,1504 W UNIVERSITY DR A,1504 W UNIVERSITY DR,A,2024-10-15,2026-04-06,4,HEALTH2023-00017,False,permits,Food Establishment,Issued,Biannual Inspections,4,UP,4.0,4.0,Coffee/Cafe/Bakery/Dessert,donuts/bagels,independent,,high
HEALTH2024-01021,THE COMMON TABLE,6651 ALMA RD 350,6651 ALMA RD,350,2024-12-12,2026-04-20,4,HEALTH2023-00337,False,permits,Food Establishment,Issued,Biannual Inspections,12,DN,16.0,4.0,"American (sit-down, bars, venues)",gastropub,local_multi,,medium
HEALTH2024-01022,MAAR LLC,1009 S MCDONALD ST,1009 S MCDONALD ST,,2025-09-12,2025-09-12,1,HEALTH2022-00357,False,,,,,,,,,Mexican/Tex-Mex/Latin,"Mexican (beans, rice)",independent,,low
HEALTH2024-01023,THE IVY OF MCKINNEY,3392 MEDICAL CENTER DR,3392 MEDICAL CENTER DR,,2025-02-14,2026-08-24,4,HEALTH2017-004634,False,permits,Food Establishment,Issued,Biannual Inspections,8,NC,9.0,4.0,Institutional,senior living / nursing,unknown,,high
HEALTH2024-01024,THE IVY OF MCKINNEY - MEMORY CARE,3352 MEDICAL CENTER DR,3352 MEDICAL CENTER DR,,2025-02-14,2026-08-24,4,HEALTH2018-09745,False,permits,Food Establishment,Issued,Biannual Inspections,11,UP,14.0,4.0,Institutional,senior living / nursing,unknown,,high
HEALTH2024-01026,SPRING CREEK BBQ,1993 N CENTRAL EXPY,1993 N CENTRAL EXPY,,2025-02-06,2026-08-21,4,HEALTH2018-002109,False,permits,Food Establishment,Issued,Biannual Inspections,11,DN,13.0,4.0,"American (sit-down, bars, venues)",BBQ,national_regional,,low
HEALTH2024-01029,EVERBOWL,3009 S CUSTER RD 150,3009 S CUSTER RD,150,2025-01-17,2026-05-21,4,HEALTH2022-00434,False,permits,Food Establishment,Issued,Biannual Inspections,6,DN,9.0,4.0,Coffee/Cafe/Bakery/Dessert,acai bowls,national_regional,,high
HEALTH2024-01030,KIDS 'R' KIDS,2910 ELDORADO PKWY,2910 ELDORADO PKWY,,2025-04-02,2025-10-14,2,HEALTH2018-000232,False,,,,,,,,,Institutional,school/daycare,national_regional,,high
HEALTH2024-01031,SPICE AND TEA MERCHANTS,110 S TENNESSEE ST,110 S TENNESSEE ST,,2024-12-16,2026-03-02,4,HEALTH2018-10389,False,permits,Food Establishment,Issued,Biannual Inspections,4,UP,7.0,4.0,Other non-restaurant,packaged spices and teas,national_regional,,medium
HEALTH2024-01037,THE CHATEAU,5701 VIRGINIA PKWY,5701 VIRGINIA PKWY,,2024-11-18,2026-07-20,5,HEALTH2017-004936,False,permits,Food Establishment,Expired,4 Months Inspections,10,UP,10.0,4.0,Institutional,residential facility kitchen (likely senior living),unknown,,low
HEALTH2024-01039,DING TEA,2050 W UNIVERSITY DR 145,2050 W UNIVERSITY DR,145,2025-01-27,2026-07-07,4,HEALTH2020-00234,False,permits,Food Establishment,Issued,Biannual Inspections,5,NC,6.0,4.0,Coffee/Cafe/Bakery/Dessert,boba tea,national_regional,,high
HEALTH2024-01041,TARGET STORE #2142,8900 SH 121,8900 SH 121,,2025-03-12,2026-03-06,3,HEALTH2017-001557,False,permits,Food Establishment,Issued,Biannual Inspections,1,DN,1.0,3.0,Grocery/Market,Target,national_regional,mainstream_supermarket,high
HEALTH2024-01042,Springhill Suites,2660 S CENTRAL EXPY,2660 S CENTRAL EXPY,,2025-01-29,2026-08-04,4,HEALTH2019-00479,False,permits,Food Establishment,Issued,Biannual Inspections,1,UP,3.0,4.0,Hotel/Caterer/Commissary,hotel,national_regional,,high
HEALTH2024-01043,CHILDCARE NETWORK #265,4095 ELDORADO PKWY,4095 ELDORADO PKWY,,2024-10-30,2025-08-25,3,HEALTH2017-007707,False,,,,,,,,,Institutional,school/daycare,national_regional,,high
HEALTH2024-01056,BIG BITES,7820 ELDORADO PKWY 120,7820 ELDORADO PKWY,120,2025-01-13,2026-07-31,4,HEALTH2024-01056,False,permits,Food Establishment,Issued,Biannual Inspections,12,DN,13.0,4.0,Korean,"Korean (kimchi, noodles, rice)",independent,,medium
HEALTH2024-01058,CAFE OSMANIA,3851 S STONEBRIDGE DR 800,3851 S STONEBRIDGE DR,800,2025-01-13,2026-07-15,4,HEALTH2024-01058,False,permits,Food Establishment,Issued,Biannual Inspections,25,DN,32.0,4.0,Indian,Hyderabadi cafe,independent,,medium
HEALTH2024-01063,ELOTES LOCOS,821 N MCDONALD ST,821 N MCDONALD ST,,2025-01-06,2026-06-17,4,HEALTH2018-10310,False,permits,Food Establishment,Issued,Biannual Inspections,7,DN,10.0,4.0,Mexican/Tex-Mex/Latin,elotes (Mexican street snacks),independent,,high
HEALTH2024-01064,THE GUAVA TREE CUBAN CAFE AND CANTINA,104 S CHESTNUT ST,104 S CHESTNUT ST,,2025-01-22,2026-08-03,4,HEALTH2020-00222,False,permits,Food Establishment,Issued,Biannual Inspections,0,UP,0.0,4.0,Mexican/Tex-Mex/Latin,Cuban,independent,,high
HEALTH2024-01065,MOVIEHOUSE & EATERY,8450 SH 121,8450 SH 121,,2024-10-16,2026-08-24,5,HEALTH2017-008573,False,permits,Food Establishment,Issued,Biannual Inspections,7,DN,7.0,4.0,Venue/Concession,dine-in movie theater,national_regional,,medium
HEALTH2024-01066,AMAZON BREAKROOM,1398 INDUSTRIAL BLVD,1398 INDUSTRIAL BLVD,,2024-12-31,2025-11-18,2,HEALTH2021-00346,False,permits,Micro Market - Vending Machine,Issued,Annual Inspection,2,NC,2.0,2.0,Other non-restaurant,micro market (employer break room),unknown,,high
HEALTH2024-01067,LOCAL YOCAL BBQ AND GRILL,350 E LOUISIANA ST A,350 E LOUISIANA ST,A,2025-01-15,2026-06-17,4,HEALTH2018-10098,False,permits,Food Establishment,Issued,Biannual Inspections,17,DN,22.0,4.0,"American (sit-down, bars, venues)",BBQ,independent,,medium
HEALTH2024-01068,"LOCAL YOCAL (Event center)
Catering Event Space",350 E LOUISIANA ST B,350 E LOUISIANA ST,B,2025-01-15,2026-07-28,4,HEALTH2023-00444,False,permits,Food Establishment,Issued,Biannual Inspections,3,DN,3.0,4.0,"American (sit-down, bars, venues)",event venue / catering space,independent,,medium
HEALTH2024-01069,LoYo Burger,216 W VIRGINIA ST 102,216 W VIRGINIA ST,102,2025-03-11,2026-02-11,3,HEALTH2023-00296,False,,,,,,,,,"American (sit-down, bars, venues)",burgers,independent,,medium
HEALTH2024-01070,WINGSTOP #964,7645 S CUSTER RD 410,7645 S CUSTER RD,410,2025-02-11,2026-08-12,4,HEALTH2017-008684,False,permits,Food Establishment,Issued,Biannual Inspections,4,DN,5.0,4.0,Fast Food,wings,national_regional,,high
HEALTH2024-01071,LITTLE CAESARS,1321 N TENNESSEE ST 107,1321 N TENNESSEE ST,107,2024-12-19,2026-06-09,4,HEALTH2017-006402,False,permits,Food Establishment,Issued,Biannual Inspections,2,UP,2.0,4.0,Pizza/Italian,pizza,national_regional,,high
HEALTH2024-01072,FIRST WATCH #291,3530 W UNIVERSITY DR 100,3530 W UNIVERSITY DR,100,2025-01-28,2026-07-22,4,HEALTH2019-00499,False,permits,Food Establishment,Issued,Biannual Inspections,4,UP,4.0,4.0,"American (sit-down, bars, venues)",breakfast/brunch,national_regional,,high
HEALTH2024-01073,INDIA METRO HYPERMARKET,1480 S INDEPENDENCE PKWY 220,1480 S INDEPENDENCE PKWY,220,2025-01-30,2026-07-15,4,HEALTH2024-01073,False,permits,Food Establishment,Issued,Biannual Inspections,2,UP,3.0,4.0,Grocery/Market,Indian grocery,local_multi,independent_specialty,high
HEALTH2024-01074,Domino's Pizza #8791,4550 ELDORADO PKWY 100,4550 ELDORADO PKWY,100,2024-12-09,2026-06-05,4,HEALTH2021-00269,False,permits,Food Establishment,Issued,Biannual Inspections,1,DN,1.0,4.0,Pizza/Italian,pizza,national_regional,,high
HEALTH2024-01075,The Stix Icehouse Restaurant,301 ELDORADO PKWY 100,301 ELDORADO PKWY,100,2025-05-02,2026-06-02,3,HEALTH2021-00225,False,permits,Food Establishment,Issued,Biannual Inspections,18,DN,16.0,3.0,"American (sit-down, bars, venues)",icehouse bar & grill,independent,,high
HEALTH2024-01076,HUTCHINS BBQ & GRILL,1301 N TENNESSEE ST,1301 N TENNESSEE ST,,2025-07-30,2026-07-22,3,HEALTH2018-000832,False,permits,Food Establishment,Issued,Biannual Inspections,10,DN,10.0,3.0,"American (sit-down, bars, venues)",BBQ,local_multi,,high
HEALTH2024-01080,SPOON'S CAFE,100 E LOUISIANA ST,100 E LOUISIANA ST,,2024-12-10,2026-04-28,4,HEALTH2017-001805,False,permits,Food Establishment,Issued,Biannual Inspections,7,DN,7.0,4.0,"American (sit-down, bars, venues)",Southern cafe,independent,,medium
HEALTH2024-01081,DRIP N ROLL,1681 N CENTRAL EXPY 700,1681 N CENTRAL EXPY,700,2025-02-24,2026-08-17,4,HEALTH2018-10069,False,permits,Food Establishment,Issued,Biannual Inspections,13,NC,16.0,4.0,Coffee/Cafe/Bakery/Dessert,rolled ice cream / coffee,independent,,medium
HEALTH2024-01082,SMOOTHIE KING,1920 ELDORADO PKWY 700,1920 ELDORADO PKWY,700,2025-02-06,2026-07-06,4,HEALTH2017-009550,False,permits,Food Establishment,Issued,Biannual Inspections,7,DN,8.0,4.0,Coffee/Cafe/Bakery/Dessert,smoothies/juice,national_regional,,high
HEALTH2024-01083,JOE'S INTERNATIONAL MARKET - MEAT & BAKERY,153 S CENTRAL EXPY,153 S CENTRAL EXPY,,2024-12-26,2026-04-14,3,HEALTH2022-00371,False,,,,,,,,,Grocery/Market,"international/halal market (meat, bakery)",independent,independent_specialty,medium
HEALTH2024-01084,SNOWFRUIT 565,1801 N LAKE FOREST DR,1801 N LAKE FOREST DR,,2025-07-03,2026-06-29,3,HEALTH2022-00406,False,permits,Food Establishment,Issued,Biannual Inspections,0,NC,0.0,3.0,Grocery/Market,cut-fruit counter inside Kroger #565,national_regional,mainstream_supermarket,medium
HEALTH2024-01085,Umai Sushi,470 ADRIATIC PKWY 1106,470 ADRIATIC PKWY,1106,2024-11-05,2026-04-17,4,HEALTH2018-09985,False,,,,,,,,,Japanese,sushi,independent,,high
HEALTH2024-01087,A & D BUFFALO,1601 S MCDONALD ST,1601 S MCDONALD ST,,2024-12-18,2026-04-24,4,HEALTH2022-00487,False,permits,Food Establishment,Issued,Biannual Inspections,4,DN,5.0,4.0,"American (sit-down, bars, venues)",wings,independent,,medium
HEALTH2024-01093,MARY'S MOUNTAIN COOKIES,107 W LOUISIANA ST,107 W LOUISIANA ST,,2025-01-31,2026-07-28,4,HEALTH2020-00224,False,permits,Food Establishment,Issued,Biannual Inspections,0,DN,1.0,4.0,Coffee/Cafe/Bakery/Dessert,cookies,national_regional,,high
HEALTH2024-01094,"Dairy Queen # 14406
",1835 W LOUISIANA ST,1835 W LOUISIANA ST,,2024-11-08,2026-03-04,4,HEALTH2018-000033,False,permits,Food Establishment,Issued,Biannual Inspections,1,NC,0.0,4.0,Fast Food,burgers / ice cream,national_regional,,high
HEALTH2024-01095,PATEL BROTHERS GROCERY,8720 SH 121 112,8720 SH 121,112,2025-04-15,2026-03-02,3,HEALTH2024-01095,False,permits,Food Establishment,Issued,Biannual Inspections,3,UP,2.0,3.0,Grocery/Market,Indian grocery,national_regional,independent_specialty,high
HEALTH2024-01098,PHO LANE RESTAURANT,7551 ELDORADO PKWY 500,7551 ELDORADO PKWY,500,2024-12-31,2026-08-14,4,HEALTH2023-00304,False,permits,Food Establishment,Issued,Biannual Inspections,0,NC,0.0,4.0,Vietnamese,Vietnamese,independent,,high
HEALTH2024-01099,TERESA'S HOUSE BUILDING #6,6751 WELLNESS WAY,6751 WELLNESS WAY,,2025-03-28,2026-03-20,3,HEALTH2024-01099,False,,,,,,,,,Institutional,residential care home,independent,,medium
HEALTH2024-01100,GOODIES TEXAS,114 N TENNESSEE ST,114 N TENNESSEE ST,,2025-03-21,2026-03-06,3,HEALTH2017-005101,False,permits,Food Establishment,Issued,Biannual Inspections,0,NC,0.0,3.0,Unknown,,unknown,,low
HEALTH2024-01101,Jersey Mike's Subs,4200 ELDORADO PKWY 400,4200 ELDORADO PKWY,400,2024-12-06,2026-06-30,4,HEALTH2024-01101,False,,,,,,,,,Deli/Sandwich/Salad,sub sandwiches,national_regional,,high
HEALTH2024-01103,Life Time - Life Cafe,7910 COLLIN MCKINNEY PKWY,7910 COLLIN MCKINNEY PKWY,,2025-06-26,2026-06-23,3,HEALTH2022-00468,False,permits,Food Establishment,Issued,Biannual Inspections,6,DN,7.0,3.0,Coffee/Cafe/Bakery/Dessert,gym cafe,national_regional,,medium
HEALTH2024-01104,OXFORD GRAND MCKINNEY,2851 ORCHID DR,2851 ORCHID DR,,2024-10-30,2026-08-12,5,HEALTH2017-008626,False,permits,Food Establishment,Issued,Biannual Inspections,5,UP,6.0,4.0,Institutional,senior living / nursing,national_regional,,high
HEALTH2024-01105,HANDEL'S ICE CREAM,4700 ELDORADO PKWY 210,4700 ELDORADO PKWY,210,2025-03-14,2026-03-09,3,HEALTH2020-00196,False,permits,Food Establishment,Issued,Biannual Inspections,2,UP,2.0,3.0,Coffee/Cafe/Bakery/Dessert,ice cream,national_regional,,high
HEALTH2024-01108,PSA MCKINNEY,7205 ELDORADO PKWY,7205 ELDORADO PKWY,,2025-01-30,2026-07-06,4,HEALTH2017-007152,False,permits,Food Establishment,Issued,Biannual Inspections,1,NC,1.0,4.0,Venue/Concession,sports facility concession,independent,,low
HEALTH2024-01110,Hissho Sushi sushi bar inside Target 2335,2025 N CENTRAL EXPY,2025 N CENTRAL EXPY,,2024-12-17,2026-04-21,4,HEALTH2021-00264,False,permits,Food Establishment,Issued,Biannual Inspections,1,DN,2.0,4.0,Grocery/Market,sushi counter inside Target T-2335,national_regional,mainstream_supermarket,medium
HEALTH2024-01111,Akshaya Pathra ,210 N COIT RD 200,210 N COIT RD,200,2025-01-28,2026-07-01,4,HEALTH2023-00333,False,permits,Food Establishment,Issued,Biannual Inspections,7,UP,10.0,4.0,Indian,Indian,independent,,medium
HEALTH2024-01115,MIKE'S HEALTH COLLECTION,1434 N CENTRAL EXPY 108,1434 N CENTRAL EXPY,108,2024-11-14,2026-09-01,5,HEALTH2017-000205,False,permits,Food Establishment,Issued,Biannual Inspections,0,UP,1.0,4.0,Other non-restaurant,health products store,independent,,low
HEALTH2024-01118,PATEL BROTHERS,8720 SH 121 112,8720 SH 121,112,2025-04-15,2026-03-02,3,HEALTH2018-10142,False,,,,,,,,,Grocery/Market,Indian grocery,national_regional,independent_specialty,high
HEALTH2024-01120,JOE'S INTERNATIONAL MARKET - GROCERY,153 S CENTRAL EXPY,153 S CENTRAL EXPY,,2024-12-26,2026-04-14,3,HEALTH2024-01120,False,permits,Food Establishment,Issued,Biannual Inspections,12,DN,11.0,3.0,Grocery/Market,international/halal market,independent,independent_specialty,medium
HEALTH2024-01121,JOE'S INTERNATIONAL MARKET - RESTAURTANT,153 S CENTRAL EXPY,153 S CENTRAL EXPY,,2024-12-26,2026-01-21,2,HEALTH2024-01121,False,,,,,,,,,Grocery/Market,restaurant counter in international market,independent,independent_specialty,medium
HEALTH2024-01123,El Primo Food,403 SHORT ST,403 SHORT ST,,2025-01-08,2026-05-28,4,HEALTH2024-01123,False,permits,Food Establishment,Issued,Biannual Inspections,7,DN,8.0,4.0,Grocery/Market,Mexican meat market (carniceria) with barbacoa,independent,independent_specialty,medium
HEALTH2024-01124,PIZZA HUT,230 S HARDIN BLVD 100,230 S HARDIN BLVD,100,2025-07-03,2026-06-04,3,HEALTH2024-01124,False,permits,Food Establishment,Issued,Biannual Inspections,4,DN,5.0,4.0,Pizza/Italian,pizza,national_regional,,high
HEALTH2024-01126,Sweetwaters Coffee & Tea,4701 S CUSTER RD 500,4701 S CUSTER RD,500,2024-11-18,2026-06-11,4,HEALTH2019-00458,False,permits,Food Establishment,Issued,Biannual Inspections,3,DN,4.0,4.0,Coffee/Cafe/Bakery/Dessert,coffee and tea,national_regional,,medium
HEALTH2024-01127,King Kong Tacos and Wings,1720 BRAY CENTRAL DR 200,1720 BRAY CENTRAL DR,200,2025-01-06,2026-07-30,4,HEALTH2024-01127,False,permits,Food Establishment,Issued,Biannual Inspections,4,UP,6.0,4.0,Mexican/Tex-Mex/Latin,tacos and wings,independent,,medium
HEALTH2024-01129,LONE STAR FOOD STORE #4488,101 S CENTRAL EXPY,101 S CENTRAL EXPY,,2025-04-02,2026-04-08,3,HEALTH2017-007260,False,permits,Food Establishment,Issued,Biannual Inspections,2,DN,3.0,3.0,Convenience/Gas,convenience store / gas station,local_multi,,high
HEALTH2024-01130,LONE STAR FOOD STORE #4489,1815 N CENTRAL EXPY,1815 N CENTRAL EXPY,,2025-03-07,2026-03-16,3,HEALTH2017-007259,False,permits,Food Establishment,Issued,Biannual Inspections,1,DN,1.0,3.0,Convenience/Gas,convenience store / gas station,local_multi,,high
HEALTH2024-01132,Sprouts Farmers Market - Grocery,9241 VIRGINIA PKWY,9241 VIRGINIA PKWY,,2025-02-03,2026-08-07,4,HEALTH2017-006336,False,permits,Food Establishment,Issued,Biannual Inspections,1,UP,2.0,4.0,Grocery/Market,Sprouts - grocery,national_regional,mainstream_supermarket,high
HEALTH2024-01133,Touchmark at Emerald Lake - Senior Living Community,350 S HARDIN BLVD,350 S HARDIN BLVD,,2025-02-10,2026-08-10,4,HEALTH2023-00390,False,permits,Food Establishment,Issued,Biannual Inspections,7,UP,9.0,4.0,Institutional,senior living / nursing,national_regional,,high
HEALTH2024-01134,Touchmark at Emerald Lake - Terrace Bldg,300 S HARDIN BLVD,300 S HARDIN BLVD,,2025-02-10,2026-08-10,4,HEALTH2023-00501,False,,,,,,,,,Institutional,senior living / nursing,national_regional,,high
HEALTH2024-01135,HAT CREEK BURGER,3321 S CUSTER RD,3321 S CUSTER RD,,2024-12-23,2026-07-02,4,HEALTH2024-01135,False,permits,Food Establishment,Issued,Biannual Inspections,11,UP,15.0,4.0,Fast Food,burgers,national_regional,,high
HEALTH2024-01136,CHRIST FELLOWSHIP CHURCH - CAFE,2801 ORCHID DR,2801 ORCHID DR,,2025-06-30,2026-06-18,3,HEALTH2018-008396,False,permits,Food Establishment,Issued,Biannual Inspections,3,DN,3.0,3.0,Institutional,church,independent,,medium
HEALTH2024-01138,DONUT BOX,210 N COIT RD 240,210 N COIT RD,240,2025-04-04,2025-10-29,2,HEALTH2024-01138,False,,,,,,,,,Coffee/Cafe/Bakery/Dessert,donuts/bagels,local_multi,,high
HEALTH2024-01139,LANDON WINERY,101 N KENTUCKY ST,101 N KENTUCKY ST,,2025-02-20,2026-08-03,4,HEALTH2017-001399,False,permits,Food Establishment,Issued,Biannual Inspections,6,DN,8.0,4.0,"American (sit-down, bars, venues)",winery tasting room with small plates,local_multi,,medium
HEALTH2024-01140,KROGER FOOD STORE #488,1707 W UNIVERSITY DR,1707 W UNIVERSITY DR,,2025-04-22,2025-04-22,1,HEALTH2017-000540,False,,,,,,,,,Grocery/Market,Kroger - grocery,national_regional,mainstream_supermarket,high
HEALTH2024-01141,Rice Garden,7650 STACY RD 260,7650 STACY RD,260,2024-11-26,2026-04-01,4,HEALTH2023-00407,False,permits,Food Establishment,Issued,Biannual Inspections,22,DN,27.0,4.0,Asian (unspecified),Chinese and sushi,independent,,medium
HEALTH2024-01143,LUCKY's,210 W UNIVERSITY DR,210 W UNIVERSITY DR,,2024-11-18,2026-03-30,4,HEALTH2017-001067,False,permits,Food Establishment,Issued,Biannual Inspections,3,DN,4.0,4.0,Other non-restaurant,"store, no food prep noted",independent,,low
HEALTH2024-01144,ZEN SUSHI & GRILL,3751 S STONEBRIDGE DR 500,3751 S STONEBRIDGE DR,500,2024-11-20,2026-03-25,4,HEALTH2017-09606,False,permits,Food Establishment,Issued,Biannual Inspections,1,DN,1.0,4.0,Japanese,sushi,independent,,high
HEALTH2024-01145,MCDONALDS,402 N CENTRAL EXPY,402 N CENTRAL EXPY,,2025-06-27,2026-06-11,3,HEALTH2017-003583,False,permits,Food Establishment,Issued,Biannual Inspections,1,DN,1.0,3.0,Fast Food,burgers,national_regional,,high
HEALTH2024-01149,MCKINNEY EXXON MART,202 N CENTRAL EXPY,202 N CENTRAL EXPY,,2024-12-09,2026-08-26,4,HEALTH2017-000848,False,permits,Food Establishment,Issued,Biannual Inspections,1,UP,2.0,4.0,Convenience/Gas,convenience store / gas station,independent,,high
HEALTH2024-01150,SPROUTS FARMERS MARKET-MEAT,9241 VIRGINIA PKWY,9241 VIRGINIA PKWY,,2025-02-03,2026-08-07,4,HEALTH2017-006337,False,,,,,,,,,Grocery/Market,Sprouts - meat,national_regional,mainstream_supermarket,high
HEALTH2024-01151,SPROUTS FARMERS MARKET-BAKERY,9241 VIRGINIA PKWY,9241 VIRGINIA PKWY,,2025-02-03,2025-08-25,2,HEALTH2017-006340,False,,,,,,,,,Grocery/Market,Sprouts - bakery,national_regional,mainstream_supermarket,high
HEALTH2024-01152,WONDERLAND MONTESSORI ACADEDMY,3132 HUDSON CROSSING,3132 HUDSON CROSSING,,2024-12-18,2025-06-26,2,HEALTH2018-10412,False,,,,,,,,,Institutional,school/daycare,independent,,high
HEALTH2024-01154,Target Store T-2335 Grocery,2025 N CENTRAL EXPY,2025 N CENTRAL EXPY,,2024-12-17,2026-04-21,4,HEALTH2017-001811,False,permits,Food Establishment,Issued,Biannual Inspections,1,UP,2.0,4.0,Grocery/Market,Target - grocery,national_regional,mainstream_supermarket,high
HEALTH2024-01155,Target Store T-2335 Restaurant,2025 N CENTRAL EXPY,2025 N CENTRAL EXPY,,2024-12-17,2026-04-21,3,HEALTH2017-001818,False,,,,,,,,,Grocery/Market,Target - in-store restaurant,national_regional,mainstream_supermarket,high
HEALTH2024-01156,DENIZEN HOTEL,7200 SH 121,7200 SH 121,,2025-01-27,2026-06-23,4,HEALTH2024-01156,False,permits,Food Establishment,Issued,Biannual Inspections,0,NC,0.0,4.0,Hotel/Caterer/Commissary,hotel,unknown,,low
HEALTH2024-01158,Home2suites by Hilton,2630 S CENTRAL EXPY,2630 S CENTRAL EXPY,,2025-02-26,2026-08-11,4,HEALTH2024-01158,False,permits,Food Establishment,Issued,Biannual Inspections,1,UP,2.0,4.0,Hotel/Caterer/Commissary,hotel,national_regional,,high
HEALTH2024-01159,XPLOR MCKINNEY,3153 S STONEBRIDGE DR,3153 S STONEBRIDGE DR,,2024-11-18,2025-04-03,2,HEALTH2024-01159,False,,,,,,,,,Institutional,school/daycare,national_regional,,high
HEALTH2024-01160,SPROUTS FARMERS MARKET-PRODUCE,9241 VIRGINIA PKWY,9241 VIRGINIA PKWY,,2025-02-03,2026-08-07,4,HEALTH2017-006341,False,,,,,,,,,Grocery/Market,Sprouts - produce,national_regional,mainstream_supermarket,high
HEALTH2024-01162,POPEYE'S,6520 SH 121,6520 SH 121,,2025-01-16,2026-07-09,4,HEALTH2017-09614,False,permits,Food Establishment,Issued,Biannual Inspections,2,DN,4.0,4.0,Fast Food,fried chicken,national_regional,,high
HEALTH2024-01163,PAPA JOHN'S PIZZA #1304,2310 VIRGINIA PKWY 160,2310 VIRGINIA PKWY,160,2025-01-22,2026-06-03,4,HEALTH2017-09583,False,permits,Food Establishment,Issued,Biannual Inspections,7,UP,6.0,4.0,Pizza/Italian,pizza,national_regional,,high
HEALTH2024-01164,BEEHIVE HOMES OF MCKINNEY,8720 SILVERADO TRL,8720 SILVERADO TRL,,2025-01-31,2026-06-01,4,HEALTH2024-01164,False,permits,Food Establishment,Issued,Biannual Inspections,3,UP,6.0,4.0,Institutional,senior living / nursing,national_regional,,high
HEALTH2024-01165,BELTERRA HEALTH AND REHAB,2170 N LAKE FOREST DR,2170 N LAKE FOREST DR,,2025-04-05,2026-04-16,3,HEALTH2018-09727,False,permits,Food Establishment,Issued,Biannual Inspections,7,UP,6.0,3.0,Institutional,senior living / nursing,unknown,,high
HEALTH2024-01166,RACETRAC #130,1608 S MCDONALD ST,1608 S MCDONALD ST,,2025-01-03,2026-07-20,4,HEALTH2019-00650,False,permits,Food Establishment,Issued,Biannual Inspections,6,UP,5.0,4.0,Convenience/Gas,convenience store / gas station,national_regional,,high
HEALTH2024-01167,Target Store T-2335 Starbuck's,2025 N CENTRAL EXPY,2025 N CENTRAL EXPY,,2024-12-17,2026-04-21,4,HEALTH2024-01167,False,,,,,,,,,Grocery/Market,Starbucks/coffee counter inside Target T-2335,national_regional,mainstream_supermarket,medium
HEALTH2024-01171,NEIGHORHOOD NOSH,4100 S RIDGE RD 110,4100 S RIDGE RD,110,2025-02-04,2025-02-04,1,HEALTH2024-01171,False,,,,,,,,,Deli/Sandwich/Salad,cafe/sandwiches,independent,,low
HEALTH2024-01172,STACY MONTESSORI,5400 STACY RD,5400 STACY RD,,2025-04-22,2025-10-01,2,HEALTH2022-00322,False,,,,,,,,,Institutional,school/daycare,independent,,high
HEALTH2024-01173,THE ROOK,6952 MEDITERRANEAN DR,6952 MEDITERRANEAN DR,,2025-03-24,2026-03-04,3,HEALTH2024-01173,False,permits,Food Establishment,Issued,Biannual Inspections,4,DN,3.0,3.0,Unknown,,independent,,low
HEALTH2024-01174,DUNKIN' DONUTS,2761 VIRGINIA PKWY 100,2761 VIRGINIA PKWY,100,2024-11-13,2026-03-03,3,HEALTH2023-00500,False,permits,Food Establishment,Issued,Biannual Inspections,6,DN,4.0,3.0,Coffee/Cafe/Bakery/Dessert,donuts/coffee,national_regional,,high
HEALTH2024-01175,MOM & POPCORN,215 E LOUISIANA ST,215 E LOUISIANA ST,,2025-01-31,2026-07-28,4,HEALTH2017-09592,False,permits,Food Establishment,Issued,Biannual Inspections,1,DN,1.0,4.0,Coffee/Cafe/Bakery/Dessert,gourmet popcorn shop,independent,,medium
HEALTH2024-01176,Wing Chow,1500 W UNIVERSITY DR A,1500 W UNIVERSITY DR,A,2025-02-17,2026-08-24,4,HEALTH2023-00312,False,permits,Food Establishment,Expired,Biannual Inspections,10,DN,7.0,4.0,Chinese,wings and Chinese-American takeout,independent,,medium
HEALTH2024-01177,The Goddard School of McKinney,3952 S RIDGE RD,3952 S RIDGE RD,,2024-11-21,2025-10-20,3,HEALTH2017-007830,False,,,,,,,,,Institutional,school/daycare,national_regional,,high
HEALTH2024-01178,ALON,1101 N TENNESSEE ST,1101 N TENNESSEE ST,,2025-03-10,2026-09-01,4,HEALTH2017-004200,False,permits,Food Establishment,Issued,Biannual Inspections,5,DN,6.0,4.0,Convenience/Gas,gas station/convenience store (Alon fuel brand),independent,,medium
HEALTH2024-01179,CHIPOTLE,5151 W UNIVERSITY DR,5151 W UNIVERSITY DR,,2025-03-17,2026-09-01,4,HEALTH2020-00243,False,permits,Food Establishment,Issued,Biannual Inspections,1,NC,1.0,4.0,Mexican/Tex-Mex/Latin,Mexican fast casual,national_regional,,high
HEALTH2024-01180,CVS PHARMACY #8321,2100 ELDORADO PKWY,2100 ELDORADO PKWY,,2025-01-29,2026-06-12,4,HEALTH2017-001192,False,permits,Food Establishment,Issued,Biannual Inspections,0,NC,1.0,4.0,Convenience/Gas,pharmacy,national_regional,,high
HEALTH2024-01181,TWO CRZY GUYS SPORTS BAR,1751 ELDORADO PKWY 310,1751 ELDORADO PKWY,310,2025-03-11,2026-08-21,4,HEALTH2021-00065,False,permits,Food Establishment,Issued,Biannual Inspections,6,UP,9.0,4.0,"American (sit-down, bars, venues)",sports bar,independent,,low
HEALTH2024-01182,CVS #334,8995 STACY RD,8995 STACY RD,,2024-12-17,2026-06-16,4,HEALTH2017-001864,False,permits,Food Establishment,Issued,Biannual Inspections,0,UP,0.0,4.0,Convenience/Gas,pharmacy,national_regional,,high
HEALTH2024-01183,7-11 #38091A,2689 N LAKE FOREST DR,2689 N LAKE FOREST DR,,2025-02-13,2026-07-07,4,HEALTH2017-09585,False,permits,Food Establishment,Issued,Biannual Inspections,4,DN,6.0,4.0,Convenience/Gas,convenience store / gas station,national_regional,,high
HEALTH2024-01185,LIFE FELLOWSHIP CHURCH CAFE,6400 HENNEMAN WAY,6400 HENNEMAN WAY,,2025-01-15,2025-07-30,2,HEALTH2016-008771,False,,,,,,,,,Institutional,church,independent,,medium
HEALTH2024-01186,Teresa's House - Craig Ranch Building #1,6511 COLLIN MCKINNEY PKWY,6511 COLLIN MCKINNEY PKWY,,2025-03-28,2026-03-20,3,HEALTH2020-00206,False,permits,Food Establishment,Issued,Biannual Inspections,0,NC,0.0,3.0,Institutional,residential care home,independent,,medium
HEALTH2024-01188,SMOOTHIE KING,3520 W UNIVERSITY DR 300,3520 W UNIVERSITY DR,300,2025-10-13,2026-04-03,2,HEALTH2018-10079,False,permits,Food Establishment,Issued,Biannual Inspections,6,UP,4.0,2.0,Coffee/Cafe/Bakery/Dessert,smoothies/juice,national_regional,,high
HEALTH2024-01196,SALOMAY,5121 COLLIN MCKINNEY PKWY 100,5121 COLLIN MCKINNEY PKWY,100,2025-04-15,2026-04-14,3,HEALTH2021-00320,False,permits,Food Establishment,Issued,Biannual Inspections,3,UP,4.0,3.0,Unknown,unclear,independent,,low
HEALTH2024-01198,SONIC,420 N CUSTER RD,420 N CUSTER RD,,2025-07-24,2026-07-07,3,HEALTH2017-001241,False,permits,Food Establishment,Issued,Biannual Inspections,6,DN,6.0,3.0,Fast Food,burgers/drive-in,national_regional,,high
HEALTH2024-01199,SONIC,6481 ELDORADO PKWY,6481 ELDORADO PKWY,,2025-04-25,2026-04-03,3,HEALTH2024-00668,False,permits,Food Establishment,Issued,Biannual Inspections,3,NC,3.0,4.0,Fast Food,burgers/drive-in,national_regional,,high
HEALTH2024-01200,SONIC,7221 S CUSTER RD,7221 S CUSTER RD,,2025-11-03,2026-05-20,2,HEALTH2017-004820,False,permits,Food Establishment,Issued,Biannual Inspections,0,NC,0.0,2.0,Fast Food,burgers/drive-in,national_regional,,high
HEALTH2024-01201,McDonald's #40757,12081 W UNIVERSITY DR,12081 W UNIVERSITY DR,,2025-01-24,2026-06-01,4,HEALTH2024-01201,False,permits,Food Establishment,Issued,Biannual Inspections,6,DN,7.0,4.0,Fast Food,burgers,national_regional,,high
HEALTH2024-01202,Dillas Quesadillas,3510 W UNIVERSITY DR 200,3510 W UNIVERSITY DR,200,2025-06-10,2026-05-01,3,HEALTH2018-09819,False,permits,Food Establishment,Expired,Biannual Inspections,3,UP,3.0,3.0,Mexican/Tex-Mex/Latin,quesadillas,local_multi,,high
HEALTH2024-01206,Costco Demo Food,3650 W UNIVERSITY DR,3650 W UNIVERSITY DR,,2025-06-11,2026-05-29,3,HEALTH2021-00380,False,permits,Food Establishment,Issued,Biannual Inspections,0,NC,0.0,3.0,Grocery/Market,Costco - food demo station,national_regional,mainstream_supermarket,high
HEALTH2024-01207,MABEL'S AFRICAN CUISINE & BAR,5100 STACY RD 100,5100 STACY RD,100,2024-12-18,2026-04-15,4,HEALTH2024-01207,False,permits,Food Establishment,Issued,Biannual Inspections,8,DN,10.0,4.0,Other cuisine,African,independent,,high
HEALTH2024-01208,SUPER 1 STOP,1313 N CHURCH ST,1313 N CHURCH ST,,2025-03-27,2026-03-04,3,HEALTH2017-000054,False,permits,Food Establishment,Issued,Biannual Inspections,6,DN,9.0,4.0,Convenience/Gas,convenience store / gas station,independent,,medium
HEALTH2024-01209,Chick-Fil-A,2011 W UNIVERSITY DR,2011 W UNIVERSITY DR,,2024-11-26,2026-01-07,3,HEALTH2017-000410,False,permits,Food Establishment,Issued,Biannual Inspections,6,UP,6.0,3.0,Fast Food,fried chicken,national_regional,,high
HEALTH2024-01210,SPOON & FORK,3905 W UNIVERSITY DR 500,3905 W UNIVERSITY DR,500,2024-11-26,2026-03-27,4,HEALTH2020-00218,False,permits,Food Establishment,Issued,Biannual Inspections,7,UP,10.0,4.0,Asian (unspecified),Asian (soy sauce in notes; cuisine not specified),independent,,low
HEALTH2024-01211,Cremcrittos,3755 S LAKE FOREST DR 600,3755 S LAKE FOREST DR,600,2026-06-03,2026-06-03,1,HEALTH2020-00227,False,permits,Food Establishment,Issued,Biannual Inspections,11,NC,8.0,2.0,Coffee/Cafe/Bakery/Dessert,desserts/snacks,independent,,low
HEALTH2024-01212,BEST DONUTS,902 S MCDONALD ST 100,902 S MCDONALD ST,100,2024-12-13,2026-08-05,4,HEALTH2017-000409,False,permits,Food Establishment,Issued,Biannual Inspections,4,UP,5.0,4.0,Coffee/Cafe/Bakery/Dessert,donuts/bagels,independent,,high
HEALTH2024-01213,Salad and Go,4751 S CUSTER RD,4751 S CUSTER RD,,2024-12-27,2025-12-01,3,HEALTH2022-00497,False,,,,,,,,,Deli/Sandwich/Salad,salads,national_regional,,high
HEALTH2024-01214,Arby's #5387,1706 W UNIVERSITY DR,1706 W UNIVERSITY DR,,2025-04-10,2026-04-13,3,HEALTH2017-000668,False,permits,Food Establishment,Issued,Biannual Inspections,1,NC,0.0,3.0,Fast Food,roast beef sandwiches,national_regional,,high
HEALTH2024-01217,PIE TAP PIZZA WORKSHOP & BAR,6701 ALMA RD 100,6701 ALMA RD,100,2025-03-10,2026-08-31,4,HEALTH2024-01217,False,permits,Food Establishment,Issued,Biannual Inspections,8,UP,9.0,4.0,Pizza/Italian,pizza,local_multi,,high
HEALTH2024-01218,WENDY'S #8263,1951 ELDORADO PKWY,1951 ELDORADO PKWY,,2025-03-10,2026-08-05,4,HEALTH2017-006635,False,permits,Food Establishment,Issued,Biannual Inspections,2,UP,3.0,4.0,Fast Food,burgers,national_regional,,high
HEALTH2024-01219,MEDICAL CITY MCKINNEY-MAIN KITCHEN,4500 MEDICAL CENTER DR,4500 MEDICAL CENTER DR,,2025-01-14,2026-07-01,4,HEALTH2017-000145,False,permits,Food Establishment,Issued,Biannual Inspections,0,NC,1.0,4.0,Institutional,hospital,national_regional,,high
HEALTH2024-01220,Medical City McKinney - Behavioral Health Pavilion Servery,4500 MEDICAL CENTER DR,4500 MEDICAL CENTER DR,,2025-01-14,2026-07-01,4,HEALTH2024-01220,False,,,,,,,,,Institutional,hospital,national_regional,,high
HEALTH2024-01221,Farmer's Fridge Vending Machine,4500 MEDICAL CENTER DR,4500 MEDICAL CENTER DR,,2025-01-14,2026-01-16,2,HEALTH2023-00361,False,permits,Micro Market - Vending Machine,Issued,Annual Inspection,0,NC,0.0,2.0,Other non-restaurant,micro market / vending,national_regional,,high
HEALTH2024-01222,Freddy's Frozen Custer,8850 STACY RD,8850 STACY RD,,2025-01-22,2026-07-07,4,HEALTH2019-00475,False,permits,Food Establishment,Issued,Biannual Inspections,2,DN,2.0,4.0,Fast Food,steakburgers / frozen custard,national_regional,,high
HEALTH2024-01226,BERMUDA'S GRILL & BAR,6145 ALMA RD,6145 ALMA RD,,2025-04-22,2026-04-17,3,HEALTH2017-007224,False,permits,Concession Stand,Issued,Biannual Inspections,0,DN,0.0,3.0,"American (sit-down, bars, venues)",bar & grill,independent,,medium
HEALTH2024-01227,BERMUDA'S GRILL & BAR,6145 ALMA RD,6145 ALMA RD,,2025-04-22,2026-04-17,3,HEALTH2017-007224,False,permits,Food Establishment,Issued,Biannual Inspections,1,UP,1.0,3.0,"American (sit-down, bars, venues)",bar & grill,independent,,high
HEALTH2024-01228,N & P FARM & DAIRY,315 S CHESTNUT ST,315 S CHESTNUT ST,,2026-04-11,2026-04-11,1,HEALTH2021-00208,True,permits,Farmers Market Temporary,Issued,Biannual Inspections,0,DN,0.0,1.0,Other non-restaurant,raw milk/dairy vendor (farmers market),independent,,high
HEALTH2024-01230,PIZZA HUT,8408 STACY RD 150,8408 STACY RD,150,2025-02-19,2026-02-19,3,HEALTH2017-005077,False,,,,,,,,,Pizza/Italian,pizza,national_regional,,high
HEALTH2024-01231,PIZZA HUT,1720 N CENTRAL EXPY 210,1720 N CENTRAL EXPY,210,2025-02-26,2026-02-04,3,HEALTH2017-005407,False,,,,,,,,,Pizza/Italian,pizza,national_regional,,high
HEALTH2024-01233,MARBLE SLAB CREAMERY,8930 SH 121 568,8930 SH 121,568,2024-12-13,2026-06-11,4,HEALTH2017-006193,False,permits,Food Establishment,Issued,Biannual Inspections,13,DN,17.0,4.0,Coffee/Cafe/Bakery/Dessert,ice cream,national_regional,,high
HEALTH2024-01234,TPC CRAIG RANCH-GRILL,8000 COLLIN MCKINNEY PKWY,8000 COLLIN MCKINNEY PKWY,,2026-02-20,2026-08-25,2,HEALTH2017-001197,False,permits,Food Establishment,Issued,Biannual Inspections,1,DN,1.0,2.0,"American (sit-down, bars, venues)",country club,national_regional,,high
HEALTH2024-01235,HEALTHY COOKING,3440 ELDORADO PKWY 3C4,3440 ELDORADO PKWY,3C4,2026-01-13,2026-06-03,2,HEALTH2017-09623,False,permits,Food Establishment,Issued,Biannual Inspections,0,NC,0.0,2.0,Unknown,unclear (milk/butter only),independent,,low
HEALTH2024-01236,Hissho Sushi @ Target 2142,8900 SH 121,8900 SH 121,,2025-03-12,2025-09-30,2,HEALTH2019-00672,False,,,,,,,,,Grocery/Market,sushi counter inside Target #2142,national_regional,mainstream_supermarket,medium
HEALTH2024-01237,TPC CRAIG RANCH-CLUB HOUSE,8000 COLLIN MCKINNEY PKWY,8000 COLLIN MCKINNEY PKWY,,2025-02-04,2026-08-25,4,HEALTH2017-001196,False,,,,,,,,,"American (sit-down, bars, venues)",country club,national_regional,,high
HEALTH2024-01238,FAIRFIELD INN AND SUITES BY MARRIOTT,1600 N HARDIN BLVD,1600 N HARDIN BLVD,,2024-11-22,2026-05-20,4,HEALTH2021-00419,False,permits,Food Establishment,Issued,Biannual Inspections,0,NC,0.0,4.0,Hotel/Caterer/Commissary,hotel,national_regional,,high
HEALTH2024-01243,Farmer's Market Booth,315 S CHESTNUT ST,315 S CHESTNUT ST,,2025-04-19,2025-04-19,1,HEALTH2024-01243,True,permits,Farmers Market Temporary,Issued,Farmers Market (April) Inspection,0,NC,0.0,2.0,Other non-restaurant,farmers market booth (product not identified),unknown,,low
HEALTH2024-01244,El Mejor Mexican Kitchen + Cantina,119 W VIRGINIA ST 100,119 W VIRGINIA ST,100,2025-03-21,2026-03-10,3,HEALTH2019-00544,False,permits,Food Establishment,Issued,Biannual Inspections,5,DN,5.0,3.0,Mexican/Tex-Mex/Latin,Mexican,independent,,high
HEALTH2024-01246,GENGHIS GRILL,1920 ELDORADO PKWY 400,1920 ELDORADO PKWY,400,2025-02-18,2026-08-24,3,HEALTH2017-001520,False,permits,Food Establishment,Issued,Biannual Inspections,9,UP,7.0,3.0,Asian (unspecified),Mongolian stir-fry,national_regional,,high
HEALTH2024-01247,Urban Value Corner Store,6501 MEYER WAY,6501 MEYER WAY,,2025-02-21,2026-08-31,4,HEALTH2020-00102,False,permits,Food Establishment,Issued,Biannual Inspections,1,DN,1.0,4.0,Convenience/Gas,convenience store / gas station,independent,,medium
HEALTH2024-01249,Wendy's #10650,8904 SH 121,8904 SH 121,,2025-03-29,2026-04-01,3,HEALTH2017-006634,False,permits,Food Establishment,Issued,Biannual Inspections,4,UP,3.0,3.0,Fast Food,burgers,national_regional,,high
HEALTH2024-01250,Farmers Fridge ,5252 W UNIVERSITY DR,5252 W UNIVERSITY DR,,2025-03-19,2026-03-24,3,HEALTH2024-01250,False,permits,Micro Market - Vending Machine,Issued,Biannual Inspections,0,NC,0.0,3.0,Other non-restaurant,micro market / vending,national_regional,,high
HEALTH2024-01251,MEXINDO RESTAURANT AND BAR,4051 S CUSTER RD 1110,4051 S CUSTER RD,1110,2025-06-23,2026-05-29,4,HEALTH2024-01251,False,permits,Food Establishment,Issued,Biannual Inspections,19,DN,22.0,4.0,Fusion,Mexican-Indian fusion,independent,,high
HEALTH2024-01255,TACO BELL #35445,320 N CUSTER RD,320 N CUSTER RD,,2025-04-26,2026-04-06,3,HEALTH2017-004401,False,permits,Food Establishment,Issued,Biannual Inspections,4,UP,3.0,3.0,Fast Food,Taco Bell,national_regional,,high
HEALTH2024-01256,Sushi Go,5005 MCKINNEY RANCH PKWY 200,5005 MCKINNEY RANCH PKWY,200,2025-03-18,2026-03-23,3,HEALTH2017-007757,False,permits,Food Establishment,Issued,Biannual Inspections,12,DN,12.0,3.0,Japanese,sushi,independent,,medium
HEALTH2024-01266,SHERATON MCKINNEY,1900 GATEWAY BLVD,1900 GATEWAY BLVD,,2025-04-09,2026-03-23,3,HEALTH2017-007294,False,permits,Food Establishment,Issued,Biannual Inspections,0,UP,1.0,3.0,Hotel/Caterer/Commissary,hotel,national_regional,,high
HEALTH2024-01268,EL RANCHO - GROCERY,821 N MCDONALD ST,821 N MCDONALD ST,,2025-01-06,2026-06-17,4,HEALTH2024-01268,False,permits,Food Establishment,Issued,Biannual Inspections,2,DN,3.0,4.0,Grocery/Market,Hispanic supermarket,national_regional,independent_specialty,high
HEALTH2024-01269,EL RANCHO RESTAURANT,821 N MCDONALD ST,821 N MCDONALD ST,,2025-01-06,2026-06-17,4,HEALTH2017-009567,False,,,,,,,,,Grocery/Market,Hispanic supermarket,national_regional,independent_specialty,high
HEALTH2024-01270,EL RANCHO BAKERY,821 N MCDONALD ST,821 N MCDONALD ST,,2025-01-06,2026-06-17,4,HEALTH2024-01270,False,,,,,,,,,Grocery/Market,Hispanic supermarket,national_regional,independent_specialty,high
HEALTH2024-01271,EL RANCHO PRODUCE,821 N MCDONALD ST,821 N MCDONALD ST,,2025-01-06,2026-06-17,4,HEALTH2024-01271,False,,,,,,,,,Grocery/Market,Hispanic supermarket,national_regional,independent_specialty,high
HEALTH2024-01272,EL RANCHO DELI/MEAT,821 N MCDONALD ST,821 N MCDONALD ST,,2025-01-06,2026-06-17,4,HEALTH2024-01272,False,,,,,,,,,Grocery/Market,Hispanic supermarket,national_regional,independent_specialty,high
HEALTH2024-01275,Copper Kitchen,3105 N MCDONALD ST 400,3105 N MCDONALD ST,400,2025-02-28,2025-09-25,2,HEALTH2017-008635,False,,,,,,,,,Hotel/Caterer/Commissary,shared commercial kitchen,independent,,low
HEALTH2024-01276,TACO BELL #35433,404 N CENTRAL EXPY,404 N CENTRAL EXPY,,2025-02-26,2026-08-05,4,HEALTH2017-002770,False,permits,Food Establishment,Issued,Biannual Inspections,3,UP,2.0,4.0,Fast Food,Taco Bell,national_regional,,high
HEALTH2024-01277,Encore Wire Rodmill,1329 MILLWOOD RD,1329 MILLWOOD RD,,2024-12-20,2024-12-20,1,HEALTH2019-00662,False,,,,,,,,,Other non-restaurant,micro market (employer break room),unknown,,high
HEALTH2024-01278,Encore Wire Plant 2,1329 MILLWOOD RD,1329 MILLWOOD RD,,2024-12-20,2024-12-20,1,HEALTH2019-00661,False,permits,Micro Market - Vending Machine,Issued,Annual Inspection,0,NC,0.0,1.0,Other non-restaurant,micro market (employer break room),unknown,,high
HEALTH2024-01279,Encore Wire Plant 1,1329 MILLWOOD RD,1329 MILLWOOD RD,,2024-12-20,2024-12-20,1,HEALTH2019-00660,False,permits,Micro Market - Vending Machine,Issued,Annual Inspection,0,NC,0.0,1.0,Other non-restaurant,micro market (employer break room),unknown,,high
HEALTH2024-01280,LOWES #2825,2055 N CENTRAL EXPY,2055 N CENTRAL EXPY,,2025-03-20,2026-03-19,3,HEALTH2023-00511,False,permits,Micro Market - Vending Machine,Issued,Biannual Inspections,0,NC,0.0,3.0,Other non-restaurant,micro market / vending,national_regional,,high
HEALTH2024-01281,"LOWES #2878

unattended market for employees - micro market - commercially prepackaged items – soda, candy, chips, snacks",8550 SH 121,8550 SH 121,,2025-09-22,2025-09-22,1,HEALTH2023-00510,False,permits,Micro Market - Vending Machine,Issued,Annual Inspection,0,DN,0.0,1.0,Other non-restaurant,micro market / vending,national_regional,,high
HEALTH2024-01284,STOP-N-GO GYROS,4550 ELDORADO PKWY 103,4550 ELDORADO PKWY,103,2025-01-23,2026-05-20,4,HEALTH2024-01284,False,permits,Food Establishment,Issued,Biannual Inspections,8,DN,10.0,4.0,Mediterranean/Middle Eastern,gyros,local_multi,,high
HEALTH2024-01285,MIRUKU CREAMERY & CAFE,207 N KENTUCKY ST,207 N KENTUCKY ST,,2025-01-31,2026-08-21,4,HEALTH2021-00379,False,permits,Food Establishment,Issued,Biannual Inspections,0,UP,0.0,4.0,Coffee/Cafe/Bakery/Dessert,ice cream and cafe,independent,,high
HEALTH2024-01286,PIZZA HUT,210 N CUSTER RD 160,210 N CUSTER RD,160,2024-12-16,2026-06-09,4,HEALTH2017-004373,False,permits,Food Establishment,Issued,Biannual Inspections,2,DN,2.0,4.0,Pizza/Italian,pizza,national_regional,,high
HEALTH2024-01287,UNCORK'D WINE BAR & GRILL,301 N CUSTER RD 180,301 N CUSTER RD,180,2025-02-12,2026-08-17,4,HEALTH2018-10385,False,permits,Food Establishment,Issued,Biannual Inspections,5,UP,6.0,4.0,"American (sit-down, bars, venues)",wine bar & grill,independent,,medium
HEALTH2024-01289,MESA'S MEXICAN GRILL,7820 ELDORADO PKWY 160,7820 ELDORADO PKWY,160,2025-03-03,2025-03-03,1,HEALTH2016-007161,False,,,,,,,,,Mexican/Tex-Mex/Latin,Mexican,independent,,high
HEALTH2024-01290,HABITAT PLANTS CAFE,214 N KENTUCKY ST A,214 N KENTUCKY ST,A,2025-03-18,2026-05-26,3,HEALTH2021-00235,False,permits,Food Establishment,Issued,Biannual Inspections,6,DN,6.0,3.0,Coffee/Cafe/Bakery/Dessert,coffee in plant shop,independent,,medium
HEALTH2024-01292,HOUSE OF BREAD,7551 ELDORADO PKWY 100,7551 ELDORADO PKWY,100,2025-04-24,2025-10-06,2,HEALTH2021-00423,False,,,,,,,,,Coffee/Cafe/Bakery/Dessert,bakery-cafe,national_regional,,medium
HEALTH2024-01293,MARCO'S PIZZA,4100 S RIDGE RD 102,4100 S RIDGE RD,102,2025-01-16,2025-05-14,2,HEALTH2018-10327,False,,,,,,,,,Pizza/Italian,pizza,national_regional,,high
HEALTH2024-01296,DOUGHNUT SHOP,8901 VIRGINIA PKWY 450,8901 VIRGINIA PKWY,450,2025-03-17,2026-09-01,4,HEALTH2022-00054,False,permits,Food Establishment,Issued,Biannual Inspections,3,UP,6.0,4.0,Coffee/Cafe/Bakery/Dessert,donuts/bagels,independent,,high
HEALTH2024-01297,BARRO'S PIZZA,2730 S CENTRAL EXPY,2730 S CENTRAL EXPY,,2025-04-08,2026-03-27,3,HEALTH2021-00376,False,permits,Food Establishment,Issued,Biannual Inspections,2,UP,1.0,3.0,Pizza/Italian,pizza,national_regional,,high
HEALTH2024-01298,7-Eleven Convenience Store,100 S CUSTER RD,100 S CUSTER RD,,2025-06-13,2026-06-08,3,HEALTH2024-01298,False,permits,Food Establishment,Issued,Biannual Inspections,3,DN,2.0,3.0,Convenience/Gas,convenience store / gas station,national_regional,,high
HEALTH2024-01301,PANDA EXPRESS #2396,1509 W UNIVERSITY DR,1509 W UNIVERSITY DR,,2025-01-30,2026-07-20,4,HEALTH2016-007126,False,permits,Food Establishment,Issued,Biannual Inspections,0,NC,0.0,4.0,Chinese,American Chinese,national_regional,,high
HEALTH2024-01302,GOLDEN CHICK,1001 W UNIVERSITY DR,1001 W UNIVERSITY DR,,2025-03-21,2026-03-19,3,HEALTH2017-008926,False,permits,Food Establishment,Issued,Biannual Inspections,2,DN,1.0,3.0,Fast Food,fried chicken,national_regional,,high
HEALTH2024-01303,Mah Jong Chinese Kitchen,210 N CUSTER RD 130,210 N CUSTER RD,130,2025-08-28,2026-02-26,3,HEALTH2024-01303,False,,,,,,,,,Chinese,Chinese,independent,,high
HEALTH2024-01304,Farm 2 Cook ,8720 SH 121,8720 SH 121,,2025-03-10,2026-09-01,4,HEALTH2021-00268,False,permits,Food Establishment,Issued,Biannual Inspections,9,DN,11.0,4.0,Grocery/Market,meat market,independent,independent_specialty,high
HEALTH2024-01305,MELLOW MUSHROOM,218 E LOUISIANA ST 100,218 E LOUISIANA ST,100,2025-03-06,2026-03-30,3,HEALTH2017-09613,False,permits,Food Establishment,Issued,Biannual Inspections,9,DN,8.0,3.0,Pizza/Italian,pizza,national_regional,,high
HEALTH2024-01306,PRIMROSE OF STONEBROOKE,5651 VIRGINIA PKWY,5651 VIRGINIA PKWY,,2025-03-19,2025-09-25,2,HEALTH2023-00520,False,,,,,,,,,Institutional,school/daycare,national_regional,,high
HEALTH2024-01307,NOTHING BUNDT CAKES,2110 ELDORADO PKWY,2110 ELDORADO PKWY,,2025-04-03,2026-04-08,3,HEALTH2016-008752,False,permits,Food Establishment,Issued,Biannual Inspections,2,DN,2.0,3.0,Coffee/Cafe/Bakery/Dessert,bundt cakes,national_regional,,high
HEALTH2024-01308,STARBUCKS COFFEE #8997,2811 CRAIG DR 102,2811 CRAIG DR,102,2025-02-13,2026-08-04,4,HEALTH2017-001203,False,permits,Food Establishment,Issued,Biannual Inspections,3,DN,3.0,4.0,Coffee/Cafe/Bakery/Dessert,coffee,national_regional,,high
HEALTH2024-01309,ONE AND ONLY BURGERS AND FRIES,1330 N MCDONALD ST 100,1330 N MCDONALD ST,100,2025-07-17,2026-06-12,3,HEALTH2017-009501,False,permits,Food Establishment,Issued,Biannual Inspections,14,DN,11.0,3.0,"American (sit-down, bars, venues)",burgers,independent,,medium
HEALTH2024-01311,Snowfruit,2901 S LAKE FOREST DR,2901 S LAKE FOREST DR,,2025-04-14,2025-10-30,2,HEALTH2022-00407,False,,,,,,,,,Grocery/Market,cut-fruit counter inside Kroger #567,national_regional,mainstream_supermarket,medium
HEALTH2024-01312,GLORIA'S LATIN CUISINE,3635 W UNIVERSITY DR,3635 W UNIVERSITY DR,,2025-04-02,2026-03-30,3,HEALTH2020-00226,False,permits,Food Establishment,Issued,Biannual Inspections,7,UP,9.0,3.0,Mexican/Tex-Mex/Latin,Latin (Salvadoran/Tex-Mex),national_regional,,high
HEALTH2024-01313,WALGREEN'S #07195,7080 VIRGINIA PKWY,7080 VIRGINIA PKWY,,2025-02-03,2026-08-03,4,HEALTH2017-000794,False,permits,Food Establishment,Expired,Biannual Inspections,1,DN,1.0,4.0,Convenience/Gas,pharmacy,national_regional,,high
HEALTH2024-01314,WALGREENS #4663,3001 ELDORADO PKWY,3001 ELDORADO PKWY,,2025-02-21,2026-08-18,4,HEALTH2017-000025,False,permits,Food Establishment,Issued,Biannual Inspections,1,DN,2.0,4.0,Convenience/Gas,pharmacy,national_regional,,high
HEALTH2024-01315,WALGREEN'S #11908,8996 STACY RD,8996 STACY RD,,2025-02-25,2026-08-25,4,HEALTH2018-002089,False,permits,Food Establishment,Issued,Biannual Inspections,1,DN,1.0,4.0,Convenience/Gas,pharmacy,national_regional,,high
HEALTH2024-01316,TACO BUENO #3136,3700 ELDORADO PKWY,3700 ELDORADO PKWY,,2024-12-27,2026-03-19,4,HEALTH2017-000214,False,permits,Food Establishment,Issued,Biannual Inspections,6,NC,8.0,4.0,Fast Food,Taco Bueno,national_regional,,high
HEALTH2024-01318,Arby's #8608,211 N CUSTER RD,211 N CUSTER RD,,2025-02-12,2025-02-12,1,HEALTH2018-10416,False,,,,,,,,,Fast Food,roast beef sandwiches,national_regional,,high
HEALTH2024-01319,JET'S PIZZA,1480 S INDEPENDENCE PKWY 290,1480 S INDEPENDENCE PKWY,290,2025-03-20,2026-04-06,2,HEALTH2024-01319,False,permits,Food Establishment,Issued,Biannual Inspections,3,UP,2.0,2.0,Pizza/Italian,pizza,national_regional,,high
HEALTH2024-01320,LA REAL MICHOACANA,809 N MCDONALD ST,809 N MCDONALD ST,,2025-04-02,2026-05-29,3,HEALTH2016-004976,False,permits,Food Establishment,Issued,Biannual Inspections,5,DN,5.0,3.0,Coffee/Cafe/Bakery/Dessert,"paleteria (ice cream, elotes)",local_multi,,low
HEALTH2024-01321,4R Ranch Vineyards,110 E LOUISIANA ST 100,110 E LOUISIANA ST,100,2025-01-24,2026-02-19,3,HEALTH2020-00119,False,,,,,,,,,Other non-restaurant,winery tasting room (no food noted),local_multi,,low
HEALTH2024-01322,APPLEBEE'S,1820 W UNIVERSITY DR,,,2025-01-13,2026-07-28,5,HEALTH2024-01322,False,permits,Food Establishment,Issued,Biannual Inspections,5,DN,4.0,4.0,"American (sit-down, bars, venues)",American casual dining,national_regional,,high
HEALTH2024-01326,HANDYMART FOOD & GROCERY,1000 S MCDONALD ST,1000 S MCDONALD ST,,2025-09-08,2026-03-09,2,HEALTH2022-00007,False,permits,Food Establishment,Issued,Biannual Inspections,2,DN,2.0,2.0,Convenience/Gas,convenience store / gas station,independent,,medium
HEALTH2024-01328,"WENDY""S #13146",5175 W UNIVERSITY DR,5175 W UNIVERSITY DR,,2025-04-22,2026-05-19,3,HEALTH2024-01328,False,permits,Food Establishment,Issued,Biannual Inspections,2,UP,2.0,3.0,Fast Food,burgers,national_regional,,high
HEALTH2024-01329,FUZZY'S TACO SHOP,8031 W UNIVERSITY DR 100,8031 W UNIVERSITY DR,100,2025-04-03,2025-09-11,2,HEALTH2018-09700,False,,,,,,,,,Mexican/Tex-Mex/Latin,tacos (Tex-Mex),national_regional,,high
HEALTH2024-01331,CHEPA'S MEXICAN GRILL,7500 STACY RD 150,7500 STACY RD,150,2025-03-03,2026-06-09,3,HEALTH2024-01331,False,permits,Food Establishment,Issued,Biannual Inspections,12,UP,9.0,3.0,Mexican/Tex-Mex/Latin,Mexican,independent,,high
HEALTH2024-01332,YUMMI SUSHI,6800 VIRGINIA PKWY,6800 VIRGINIA PKWY,,2025-01-13,2026-06-09,4,HEALTH2017-09609,False,permits,Food Establishment,Issued,Biannual Inspections,6,DN,9.0,4.0,Grocery/Market,sushi counter inside Tom Thumb #296,national_regional,mainstream_supermarket,medium
HEALTH2024-01333,FILTERED,218 E LOUISIANA ST 400,218 E LOUISIANA ST,400,2025-04-15,2026-04-14,3,HEALTH2024-01333,False,permits,Food Establishment,Issued,Biannual Inspections,4,UP,4.0,3.0,Coffee/Cafe/Bakery/Dessert,coffee,independent,,low
HEALTH2024-01337,TACO BELL #27875,8658 SH 121,8658 SH 121,,2025-03-29,2026-09-01,4,HEALTH2017-005151,False,permits,Food Establishment,Issued,Biannual Inspections,0,DN,0.0,4.0,Fast Food,Taco Bell,national_regional,,high
HEALTH2024-01338,Taco Bell #31798,6101 ELDORADO PKWY,6101 ELDORADO PKWY,,2025-08-08,2026-08-12,3,HEALTH2017-008808,False,permits,Food Establishment,Issued,Biannual Inspections,1,NC,2.0,3.0,Fast Food,Taco Bell,national_regional,,high
HEALTH2024-01339,FUZZY'S TACO SHOP,3190 S CENTRAL EXPY 570,3190 S CENTRAL EXPY,570,2025-04-17,2026-04-02,2,HEALTH2017-004303,False,permits,Food Establishment,Issued,Biannual Inspections,1,UP,0.0,2.0,Mexican/Tex-Mex/Latin,tacos (Tex-Mex),national_regional,,high
HEALTH2024-01342,KFC #Y351051,2030 W UNIVERSITY DR,2030 W UNIVERSITY DR,,2025-06-23,2026-05-27,3,HEALTH2024-01342,False,permits,Food Establishment,Issued,Biannual Inspections,8,DN,5.0,3.0,Fast Food,fried chicken,national_regional,,high
HEALTH2024-01343,KUMA RAMEN,5121 COLLIN MCKINNEY PKWY 800,5121 COLLIN MCKINNEY PKWY,800,2025-03-08,2026-05-27,3,HEALTH2021-00175,False,permits,Food Establishment,Issued,Biannual Inspections,10,NC,8.0,3.0,Japanese,ramen,independent,,high
HEALTH2024-01344,KFC / TACO BELL #Y351063,2920 ELDORADO PKWY,2920 ELDORADO PKWY,,2025-04-10,2026-04-10,3,HEALTH2017-004378,False,permits,Food Establishment,Issued,Biannual Inspections,7,DN,5.0,3.0,Fast Food,fried chicken / Taco Bell combo,national_regional,,high
HEALTH2024-01349,Black Rock Coffee,5101 MCKINNEY RANCH PKWY 100,5101 MCKINNEY RANCH PKWY,100,2025-08-22,2026-08-31,3,HEALTH2023-00421,False,permits,Food Establishment,Issued,Biannual Inspections,2,UP,3.0,3.0,Coffee/Cafe/Bakery/Dessert,coffee,national_regional,,high
HEALTH2024-01353,DELISH BUBBLE TEA,8930 SH 121 564,8930 SH 121,564,2025-01-23,2026-01-05,3,HEALTH2016-004958,False,,,,,,,,,Coffee/Cafe/Bakery/Dessert,boba tea,independent,,high
HEALTH2024-01354,,3201 N CENTRAL EXPY,3201 N CENTRAL EXPY,,2025-03-31,2025-09-23,2,HEALTH2024-01354,False,,,,,,,,,Unknown,unclear (reach-in only),unknown,,low
HEALTH2024-01356,DUINO COFFEE,7650 STACY RD 200,7650 STACY RD,200,2025-03-03,2026-07-22,4,HEALTH2018-10414,False,permits,Food Establishment,Issued,Biannual Inspections,8,UP,10.0,4.0,Coffee/Cafe/Bakery/Dessert,coffee,independent,,high
HEALTH2024-01359,QuikTrip #913,4151 STACY RD,4151 STACY RD,,2025-04-03,2026-06-10,3,HEALTH2017-001883,False,permits,Food Establishment,Issued,Biannual Inspections,2,NC,2.0,4.0,Convenience/Gas,convenience store / gas station,national_regional,,high
HEALTH2024-01360,QuikTrip #914,7349 S CUSTER RD,7349 S CUSTER RD,,2025-02-14,2026-08-25,4,HEALTH2017-001884,False,permits,Food Establishment,Issued,Biannual Inspections,2,DN,4.0,4.0,Convenience/Gas,convenience store / gas station,national_regional,,high
HEALTH2024-01361,Emporium Pies,107 S TENNESSEE ST,107 S TENNESSEE ST,,2025-06-30,2025-12-18,2,HEALTH2016-006461,False,,,,,,,,,Coffee/Cafe/Bakery/Dessert,pie bakery,local_multi,,high
HEALTH2024-01363,7-Eleven,8400 SH 121,8400 SH 121,,2025-06-30,2026-06-11,3,HEALTH2018-10398,False,permits,Food Establishment,Issued,Biannual Inspections,2,DN,2.0,3.0,Convenience/Gas,convenience store / gas station,national_regional,,high
HEALTH2024-01364,Elysium,7550 SH 121 100,7550 SH 121,100,2025-03-10,2026-08-26,4,HEALTH2024-01364,False,permits,Food Establishment,Issued,Biannual Inspections,15,UP,19.0,4.0,"American (sit-down, bars, venues)",bar/lounge,independent,,low
HEALTH2024-01366,KeKe's Breakfast Cafe,8701 W UNIVERSITY DR 490,8701 W UNIVERSITY DR,490,2025-07-25,2025-07-25,1,HEALTH2024-01366,False,,,,,,,,,"American (sit-down, bars, venues)",breakfast,national_regional,,high
HEALTH2024-01367,Braum's Ice Cream,1501 N CUSTER RD,1501 N CUSTER RD,,2025-02-03,2026-07-13,4,HEALTH2021-00316,False,permits,Food Establishment,Issued,Biannual Inspections,3,UP,5.0,4.0,Fast Food,burgers / ice cream / dairy store,national_regional,,high
HEALTH2024-01368,GOLDEN POT,4100 S LAKE FOREST DR 320,4100 S LAKE FOREST DR,320,2025-08-15,2026-08-21,3,HEALTH2016-007957,False,permits,Food Establishment,Issued,Biannual Inspections,17,UP,15.0,3.0,Chinese,Chinese,independent,,medium
HEALTH2024-01369,SHUN BY YAMA,6651 ALMA RD,6651 ALMA RD,,2025-04-29,2026-04-20,4,HEALTH2024-01369,False,permits,Food Establishment,Issued,Biannual Inspections,8,UP,9.0,4.0,Japanese,sushi,unknown,,low
HEALTH2024-01370,Chick-fil-A,5001 W UNIVERSITY DR,5001 W UNIVERSITY DR,,2025-07-17,2026-07-22,3,HEALTH2021-00334,False,permits,Food Establishment,Issued,Biannual Inspections,2,UP,2.0,3.0,Fast Food,fried chicken,national_regional,,high
HEALTH2024-01371,ZIO PIZZA,2014 W UNIVERSITY DR 310,2014 W UNIVERSITY DR,310,2025-03-30,2026-03-12,3,HEALTH2022-00482,False,permits,Food Establishment,Issued,Biannual Inspections,15,DN,16.0,3.0,Pizza/Italian,pizza,independent,,high
HEALTH2024-01372,"Big Blue Marble Academy, LLC",6363 ELDORADO PKWY,6363 ELDORADO PKWY,,2025-06-26,2025-12-02,2,HEALTH2024-01372,False,,,,,,,,,Institutional,school/daycare,national_regional,,high
HEALTH2024-01373,HYDEOUT CAFE,1751 ELDORADO PKWY 300,1751 ELDORADO PKWY,300,2024-12-20,2026-03-23,4,HEALTH2018-10292,False,permits,Food Establishment,Issued,Biannual Inspections,4,UP,5.0,4.0,"American (sit-down, bars, venues)",cafe,independent,,low
HEALTH2024-01374,7- ELEVEN CONVENIENCE STORE #38447A,204 N COIT RD,204 N COIT RD,,2025-01-31,2026-07-08,4,HEALTH2019-00584,False,permits,Food Establishment,Issued,Biannual Inspections,2,NC,4.0,4.0,Convenience/Gas,convenience store / gas station,national_regional,,high
HEALTH2024-01376,7-11 #34222,8885 W UNIVERSITY DR,8885 W UNIVERSITY DR,,2025-04-09,2025-04-09,1,HEALTH2017-003431,False,,,,,,,,,Convenience/Gas,convenience store / gas station,national_regional,,high
HEALTH2024-01378,TOM THUMB,6800 VIRGINIA PKWY,6800 VIRGINIA PKWY,,2025-01-13,2026-07-14,4,HEALTH2017-000847,False,permits,Food Establishment,Issued,Biannual Inspections,6,DN,6.0,4.0,Grocery/Market,Tom Thumb,national_regional,mainstream_supermarket,high
HEALTH2024-01380,KING DONUT,4180 S LAKE FOREST DR 400,4180 S LAKE FOREST DR,400,2025-07-01,2025-12-04,2,HEALTH2016-006509,False,,,,,,,,,Coffee/Cafe/Bakery/Dessert,donuts/bagels,independent,,high
HEALTH2024-01382,LAYERED,111 E VIRGINIA ST,111 E VIRGINIA ST,,2025-05-02,2026-05-14,3,HEALTH2017-09668,False,permits,Food Establishment,Issued,Biannual Inspections,2,UP,2.0,3.0,Unknown,cafe (cuisine unclear),independent,,low
HEALTH2024-01383,RACETRAC #340,5588 S LAKE FOREST DR,5588 S LAKE FOREST DR,,2025-09-10,2026-03-16,2,HEALTH2017-004412,False,permits,Food Establishment,Issued,Biannual Inspections,5,UP,2.0,2.0,Convenience/Gas,convenience store / gas station,national_regional,,high
HEALTH2024-01384,LUCKY'S LAKE FOREST,4180 S LAKE FOREST DR 420,4180 S LAKE FOREST DR,420,2025-06-30,2026-06-30,3,HEALTH2018-09711,False,permits,Food Establishment,Issued,Biannual Inspections,0,NC,0.0,3.0,Other non-restaurant,vending machine only,independent,,medium
HEALTH2024-01385,DESI DISTRICT,5400 COLLIN MCKINNEY PKWY,5400 COLLIN MCKINNEY PKWY,,2025-04-14,2026-03-02,3,HEALTH2021-00401,False,permits,Food Establishment,Issued,Biannual Inspections,14,UP,13.0,3.0,Grocery/Market,Indian grocery with food counter,national_regional,independent_specialty,medium
HEALTH2024-01386,SR GROCERY,1207 N TENNESSEE ST,1207 N TENNESSEE ST,,2025-02-25,2026-08-19,4,HEALTH2021-00424,False,permits,Food Establishment,Issued,Biannual Inspections,7,UP,13.0,4.0,Convenience/Gas,"corner store (milk, juice, bagged ice)",independent,,low
HEALTH2024-01391,BLESSLIZ CATERING & AFRICAN MARKET,1502 W UNIVERSITY DR 104,1502 W UNIVERSITY DR,104,2025-02-27,2026-08-04,4,HEALTH2021-00411,False,permits,Food Establishment,Issued,Biannual Inspections,1,NC,2.0,4.0,Grocery/Market,African grocery,independent,independent_specialty,high
HEALTH2024-01393,CHICK-FIL-A,8700 SH 121,8700 SH 121,,2025-03-29,2026-09-01,4,HEALTH2017-001606,False,permits,Food Establishment,Issued,Biannual Inspections,2,DN,2.0,4.0,Fast Food,fried chicken,national_regional,,high
HEALTH2024-01396,Marble Slab Creamery,3750 MCKINNEY RANCH PKWY 300,3750 MCKINNEY RANCH PKWY,300,2025-04-15,2026-04-24,3,HEALTH2024-01396,False,permits,Food Establishment,Issued,Biannual Inspections,4,DN,6.0,3.0,Coffee/Cafe/Bakery/Dessert,ice cream,national_regional,,high
HEALTH2024-01397,VFW LONE STAR POST 2150,1710 N CHURCH ST,1710 N CHURCH ST,,2025-07-30,2025-07-30,1,HEALTH2017-000170,False,,,,,,,,,"American (sit-down, bars, venues)",veterans club bar,independent,,medium
HEALTH2024-01398,DURKIN'S PIZZA,8930 SH 121 594,8930 SH 121,594,2025-04-14,2026-04-01,3,HEALTH2018-002106,False,permits,Food Establishment,Issued,Biannual Inspections,10,UP,8.0,3.0,Pizza/Italian,pizza,local_multi,,low
HEALTH2024-01399,THE GREAT OUTDOORS SUB SHOP,1751 ELDORADO PKWY 318,1751 ELDORADO PKWY,318,2025-06-26,2026-06-08,3,HEALTH2017-001633,False,permits,Food Establishment,Issued,Biannual Inspections,3,DN,3.0,3.0,Deli/Sandwich/Salad,sub sandwiches,local_multi,,low
HEALTH2024-01400,SHIN'S DONUT PALACE,5100 ELDORADO PKWY 109,5100 ELDORADO PKWY,109,2025-08-14,2026-07-01,3,HEALTH2017-001185,False,permits,Food Establishment,Issued,Biannual Inspections,8,DN,6.0,3.0,Coffee/Cafe/Bakery/Dessert,donuts/bagels,unknown,,low
HEALTH2024-01404,HARVEST,215 N KENTUCKY ST,215 N KENTUCKY ST,,2025-08-27,2026-08-25,3,HEALTH2023-00450,False,permits,Food Establishment,Issued,Biannual Inspections,5,UP,4.0,3.0,"American (sit-down, bars, venues)","New American, seasonal",independent,,high
HEALTH2025-00001,TANTRA,6675 MEDITERRANEAN DR 3120,6675 MEDITERRANEAN DR,3120,2025-05-01,2026-06-29,4,HEALTH2023-00507,False,permits,Food Establishment,Issued,Biannual Inspections,20,UP,23.0,4.0,Indian,Indian,independent,,low
HEALTH2025-00004,McDonald’s #5011,1810 W UNIVERSITY DR,1810 W UNIVERSITY DR,,2025-03-28,2026-03-31,3,HEALTH2017-004279,False,permits,Food Establishment,Issued,Biannual Inspections,0,UP,0.0,3.0,Fast Food,burgers,national_regional,,high
HEALTH2025-00007,DOMINO'S PIZZA #6806,1717 W UNIVERSITY DR 417,1717 W UNIVERSITY DR,417,2025-04-23,2026-04-01,3,HEALTH2017-008265,False,permits,Food Establishment,Issued,Biannual Inspections,0,NC,0.0,3.0,Pizza/Italian,pizza,national_regional,,high
HEALTH2025-00008,DOMINO'S PIZZA,8901 VIRGINIA PKWY 300,8901 VIRGINIA PKWY,300,2025-06-09,2026-05-21,3,HEALTH2017-001447,False,permits,Food Establishment,Issued,Biannual Inspections,3,DN,4.0,3.0,Pizza/Italian,pizza,national_regional,,high
HEALTH2025-00009,DOMINO'S PIZZA,7500 STACY RD 110,7500 STACY RD,110,2025-03-03,2026-03-10,3,HEALTH2018-09728,False,permits,Food Establishment,Issued,Biannual Inspections,3,NC,3.0,3.0,Pizza/Italian,pizza,national_regional,,high
HEALTH2025-00011,THAI NOODLE WAVE,2775 S CENTRAL EXPY 180,2775 S CENTRAL EXPY,180,2025-04-10,2026-04-08,4,HEALTH2017-003539,False,permits,Food Establishment,Issued,Biannual Inspections,19,UP,23.0,4.0,Thai,Thai,independent,,high
HEALTH2025-00012,BRESNAN BREAD AND PASTRY,301 E LOUISIANA ST B,301 E LOUISIANA ST,B,2025-09-10,2026-03-10,2,HEALTH2021-00398,False,permits,Food Establishment,Issued,Biannual Inspections,1,NC,0.0,2.0,Coffee/Cafe/Bakery/Dessert,bakery,independent,,high
HEALTH2025-00014,MICRO-MARKET COSTCO,3650 W UNIVERSITY DR,3650 W UNIVERSITY DR,,2025-06-11,2026-05-29,3,HEALTH2025-00014,False,permits,Micro Market - Vending Machine,Issued,Biannual Inspections,0,NC,0.0,3.0,Other non-restaurant,employee micro market,national_regional,,medium
HEALTH2025-00015,PILLARS CHRISTIAN LEARNING CENTER,1570 S INDEPENDENCE PKWY,1570 S INDEPENDENCE PKWY,,2025-04-08,2025-11-03,2,HEALTH2025-00015,False,,,,,,,,,Institutional,school/daycare,independent,,high
HEALTH2025-00017,Fish N Tails Oyster Bar,1310 N CENTRAL EXPY,1310 N CENTRAL EXPY,,2025-06-23,2026-06-29,3,HEALTH2025-00017,False,permits,Food Establishment,Issued,Biannual Inspections,13,UP,11.0,3.0,"American (sit-down, bars, venues)",seafood / oyster bar,independent,,high
HEALTH2025-00020,KINDERCARE,2901 ALMA RD,2901 ALMA RD,,2025-05-02,2025-05-02,1,HEALTH2021-00294,False,,,,,,,,,Institutional,school/daycare,national_regional,,high
HEALTH2025-00022,ANOTHER ROUND DALLAS DISC GOLF & TAPROOM,2851 CRAIG DR 206,2851 CRAIG DR,206,2025-06-09,2026-06-12,3,HEALTH2025-00022,False,permits,Food Establishment,Issued,Biannual Inspections,3,DN,4.0,3.0,"American (sit-down, bars, venues)",taproom (disc golf),independent,,medium
HEALTH2025-00023,7-Eleven #41378,3601 VIRGINIA PKWY,3601 VIRGINIA PKWY,,2025-06-26,2026-06-08,3,HEALTH2021-00354,False,permits,Food Establishment,Issued,Biannual Inspections,0,NC,1.0,3.0,Convenience/Gas,convenience store / gas station,national_regional,,high
HEALTH2025-00024,HASHTAG INDIA,3510 W UNIVERSITY DR 100,3510 W UNIVERSITY DR,100,2025-02-05,2026-08-17,3,HEALTH2023-00486,False,permits,Food Establishment,Issued,Biannual Inspections,13,UP,11.0,3.0,Indian,Indian,independent,,high
HEALTH2025-00026,THE PUB,204 W VIRGINIA ST,204 W VIRGINIA ST,,2025-08-21,2026-08-28,3,HEALTH2017-007815,False,permits,Food Establishment,Issued,Biannual Inspections,10,UP,11.0,3.0,"American (sit-down, bars, venues)",pub,independent,,high
HEALTH2025-00028,HONEY DIP FINGERZ,6710 VIRGINIA PKWY 210,6710 VIRGINIA PKWY,210,2025-01-28,2026-07-16,4,HEALTH2023-00012,False,permits,Food Establishment,Issued,Biannual Inspections,4,DN,5.0,4.0,"American (sit-down, bars, venues)",chicken fingers,independent,,low
HEALTH2025-00029,"COLLIN COUNTY COURTHOUSE CAFE
*SEE NOTES*",2100 BLOOMDALE RD,2100 BLOOMDALE RD,,2025-02-12,2025-08-04,2,HEALTH2017-005807,False,,,,,,,,,Institutional,county jail/courthouse,independent,,high
HEALTH2025-00033,COUNTRY LANE SENIOR COMMUNITY,2401 COUNTRY VIEW LN,2401 COUNTRY VIEW LN,,2025-02-21,2026-08-10,4,HEALTH2017-000495,False,permits,Food Establishment,Issued,Biannual Inspections,8,UP,8.0,4.0,Institutional,senior living / nursing,independent,,high
HEALTH2025-00036,Events at East McKinney- Garden Cafe,601 E LOUISIANA ST,601 E LOUISIANA ST,,2025-10-07,2026-04-16,2,HEALTH2023-00307,False,permits,Food Establishment,Issued,Biannual Inspections,1,DN,1.0,2.0,"American (sit-down, bars, venues)",event venue cafe,independent,,medium
HEALTH2025-00037,HOLIDAY INN EXPRESS,6601 HENNEMAN WAY,6601 HENNEMAN WAY,,2026-04-02,2026-07-09,2,HEALTH2017-008987,False,permits,Food Establishment,Issued,Quarterly Inspections,0,NC,0.0,2.0,Hotel/Caterer/Commissary,hotel,national_regional,,high
HEALTH2025-00038,WALMART#6966 FUEL STATION,3400 VIRGINIA PKWY,3400 VIRGINIA PKWY,,2025-04-25,2026-04-20,3,HEALTH2017-007990,False,,,,,,,,,Convenience/Gas,Walmart fuel station,national_regional,,high
HEALTH2025-00039,WAL-MART #6996 DELI & MEAT,3400 VIRGINIA PKWY,3400 VIRGINIA PKWY,,2025-10-14,2026-04-20,2,HEALTH2017-007991,False,,,,,,,,,Grocery/Market,Walmart - deli,national_regional,mainstream_supermarket,high
HEALTH2025-00041,WAL-MART #6966 PRODUCE & FRUIT,3400 VIRGINIA PKWY,3400 VIRGINIA PKWY,,2025-04-25,2026-04-20,3,HEALTH2017-007992,False,,,,,,,,,Grocery/Market,Walmart - produce,national_regional,mainstream_supermarket,high
HEALTH2025-00042,WAL-MART #6966 GROCERY,3400 VIRGINIA PKWY,3400 VIRGINIA PKWY,,2025-04-25,2026-04-20,3,HEALTH2017-007989,False,permits,Food Establishment,Issued,Biannual Inspections,0,NC,0.0,3.0,Grocery/Market,Walmart - grocery,national_regional,mainstream_supermarket,high
HEALTH2025-00043,VALUE MART,300 E UNIVERSITY DR,300 E UNIVERSITY DR,,2025-03-21,2026-03-13,3,HEALTH2017-005173,False,permits,Food Establishment,Issued,Biannual Inspections,12,DN,13.0,3.0,Convenience/Gas,convenience store / gas station,independent,,medium
HEALTH2025-00045,AUDI OF MCKINNEY,6650 SH 121,6650 SH 121,,2025-12-15,2025-12-15,1,HEALTH2018-09681,False,permits,Food Establishment,Issued,Annual Inspection,0,DN,0.0,1.0,Other non-restaurant,car dealership lounge,independent,,medium
HEALTH2025-00046,JALAPENO'S MEXICAN GRILL,1502 W UNIVERSITY DR 109,1502 W UNIVERSITY DR,109,2025-02-12,2026-07-08,4,HEALTH2017-000008,False,permits,Food Establishment,Issued,Biannual Inspections,19,DN,21.0,4.0,Mexican/Tex-Mex/Latin,Mexican,independent,,high
HEALTH2025-00047,FIREHOUSE SUBS,2890 CRAIG DR 100,2890 CRAIG DR,100,2025-03-19,2026-03-09,3,HEALTH2017-008378,False,permits,Food Establishment,Issued,Biannual Inspections,1,DN,2.0,3.0,Deli/Sandwich/Salad,sub sandwiches,national_regional,,high
HEALTH2025-00050,STARWOOD CAFE,470 ADRIATIC PKWY 1101,470 ADRIATIC PKWY,1101,2025-01-31,2026-07-21,4,HEALTH2017-008578,False,permits,Food Establishment,Issued,Biannual Inspections,9,UP,12.0,4.0,"American (sit-down, bars, venues)",breakfast/lunch cafe,local_multi,,medium
HEALTH2025-00051,Pei Wei Asian Diner,3000 S CENTRAL EXPY,3000 S CENTRAL EXPY,,2025-04-17,2026-04-08,3,HEALTH2017-001555,False,permits,Food Establishment,Issued,Biannual Inspections,5,NC,5.0,3.0,Asian (unspecified),pan-Asian fast casual (Pei Wei),national_regional,,high
HEALTH2025-00053,SHIPLEYS DO-NUT,3801 VIRGINIA PKWY 600,3801 VIRGINIA PKWY,600,2025-04-09,2025-10-20,2,HEALTH2025-00053,False,,,,,,,,,Coffee/Cafe/Bakery/Dessert,donuts,national_regional,,high
HEALTH2025-00057,APPLEBEE MONTESSORI ACADEMY,1770 N STONEBRIDGE DR,1770 N STONEBRIDGE DR,,2025-04-17,2025-10-08,2,HEALTH2019-00533,False,,,,,,,,,Institutional,school/daycare,independent,,high
HEALTH2025-00058,KOJI SUSHI,101 N MCDONALD ST 105B,101 N MCDONALD ST,105B,2025-08-27,2026-08-05,4,HEALTH2025-00058,False,permits,Food Establishment,Issued,Biannual Inspections,18,UP,23.0,4.0,Japanese,sushi,independent,,high
HEALTH2025-00059,WAL-MART #6996 BAKERY,3400 VIRGINIA PKWY,3400 VIRGINIA PKWY,,2025-04-25,2026-04-20,3,HEALTH2017-007988,False,,,,,,,,,Grocery/Market,Walmart - bakery,national_regional,mainstream_supermarket,high
HEALTH2025-00060,PANERA BREAD,3755 W UNIVERSITY DR,3755 W UNIVERSITY DR,,2025-07-07,2026-07-13,3,HEALTH2018-10060,False,permits,Food Establishment,Issued,Biannual Inspections,3,DN,1.0,3.0,Deli/Sandwich/Salad,sandwiches/salads,national_regional,,high
HEALTH2025-00061,ALBERTSON'S GROCERY #4234,3001 S CENTRAL EXPY 200,3001 S CENTRAL EXPY,200,2025-06-09,2026-05-28,3,HEALTH2017-000506,False,permits,Food Establishment,Issued,Biannual Inspections,3,DN,3.0,3.0,Grocery/Market,Albertsons - grocery,national_regional,mainstream_supermarket,high
HEALTH2025-00063,CESARS MEXICAN GRILL,4150 ELDORADO PKWY 500,4150 ELDORADO PKWY,500,2025-05-02,2026-03-02,3,HEALTH2019-00679,False,,,,,,,,,Mexican/Tex-Mex/Latin,Mexican,independent,,high
HEALTH2025-00065,Papa John's #5235,8710 W UNIVERSITY DR 130,8710 W UNIVERSITY DR,130,2025-07-07,2026-01-30,2,HEALTH2023-00521,False,,,,,,,,,Pizza/Italian,pizza,national_regional,,high
HEALTH2025-00066,COOKIES GROCERY,330 E LOUISIANA ST,330 E LOUISIANA ST,,2025-07-30,2026-01-27,2,HEALTH2025-00066,False,permits,Food Establishment,Issued,Biannual Inspections,5,UP,3.0,2.0,Grocery/Market,Hispanic grocery with kitchen,independent,independent_specialty,medium
HEALTH2025-00067,Little Gems Montessori,1721 COMMUNITY AVE,1721 COMMUNITY AVE,,2025-06-18,2025-12-09,2,HEALTH2018-10173,False,,,,,,,,,Institutional,school/daycare,independent,,high
HEALTH2025-00068,Zen Hibachi,2750 S CENTRAL EXPY 100,2750 S CENTRAL EXPY,100,2025-07-18,2026-06-05,3,HEALTH2024-00082,False,permits,Food Establishment,Issued,Biannual Inspections,17,DN,24.0,4.0,Japanese,hibachi and sushi,independent,,high
HEALTH2025-00069,SAM'S CLUB #4906 PRODUCE,1670 W UNIVERSITY DR,1670 W UNIVERSITY DR,,2025-07-10,2026-07-09,3,HEALTH2017-001626,False,,,,,,,,,Grocery/Market,Sam's Club - produce,national_regional,mainstream_supermarket,high
HEALTH2025-00070,SAM'S CLUB #4906-BAKERY,1670 W UNIVERSITY DR,1670 W UNIVERSITY DR,,2025-07-10,2026-07-09,3,HEALTH2017-001621,False,,,,,,,,,Grocery/Market,Sam's Club - bakery,national_regional,mainstream_supermarket,high
HEALTH2025-00071,SAM'S CLUB #4906-MEAT,1670 W UNIVERSITY DR,1670 W UNIVERSITY DR,,2025-07-10,2026-07-09,3,HEALTH2017-001623,False,,,,,,,,,Grocery/Market,Sam's Club - meat,national_regional,mainstream_supermarket,high
HEALTH2025-00072,SAM'S CLUB #4906-SEAFOOD,1670 W UNIVERSITY DR,1670 W UNIVERSITY DR,,2025-07-10,2026-07-09,3,HEALTH2017-001625,False,,,,,,,,,Grocery/Market,Sam's Club - seafood,national_regional,mainstream_supermarket,high
HEALTH2025-00073,SAM'S CLUB #4906-DELI,1670 W UNIVERSITY DR,1670 W UNIVERSITY DR,,2025-07-10,2026-07-09,3,HEALTH2017-001622,False,,,,,,,,,Grocery/Market,Sam's Club - deli,national_regional,mainstream_supermarket,high
HEALTH2025-00074,SAM'S CLUB #4906-GROCERY,1670 W UNIVERSITY DR,1670 W UNIVERSITY DR,,2025-07-10,2026-07-09,3,HEALTH2017-001620,False,permits,Food Establishment,Issued,Biannual Inspections,0,NC,0.0,3.0,Grocery/Market,Sam's Club - grocery,national_regional,mainstream_supermarket,high
HEALTH2025-00075,STARWOOD CAFE,2821 CRAIG DR 100,2821 CRAIG DR,100,2025-08-05,2026-08-18,3,HEALTH2025-00075,False,permits,Food Establishment,Issued,Biannual Inspections,9,DN,7.0,3.0,"American (sit-down, bars, venues)",breakfast/lunch cafe,local_multi,,medium
HEALTH2025-00076,POPEYE'S LOUISIANA KITCHEN,6611 ELDORADO PKWY,6611 ELDORADO PKWY,,2025-03-31,2026-03-09,3,HEALTH2022-00480,False,permits,Food Establishment,Issued,Biannual Inspections,0,NC,0.0,3.0,Fast Food,fried chicken,national_regional,,high
HEALTH2025-00077,WULF BURGER,7701 STACY RD 300,7701 STACY RD,300,2025-07-28,2026-05-28,3,HEALTH2022-00485,False,permits,Food Establishment,Issued,Biannual Inspections,10,DN,11.0,3.0,"American (sit-down, bars, venues)",burgers,independent,,medium
HEALTH2025-00078,WAL-MART #5311 MEAT,1721 N CUSTER RD,1721 N CUSTER RD,,2025-07-08,2026-07-06,3,HEALTH2017-001632,False,,,,,,,,,Grocery/Market,Walmart - meat,national_regional,mainstream_supermarket,high
HEALTH2025-00079,WAL-MART #5311 PRODUCE,1721 N CUSTER RD,1721 N CUSTER RD,,2025-07-08,2026-07-06,3,HEALTH2017-001628,False,,,,,,,,,Grocery/Market,Walmart - produce,national_regional,mainstream_supermarket,high
HEALTH2025-00080,WAL-MART #5311 GROCERY,1721 N CUSTER RD,1721 N CUSTER RD,,2025-07-08,2026-07-06,3,HEALTH2017-001627,False,permits,Food Establishment,Issued,Biannual Inspections,2,DN,2.0,3.0,Grocery/Market,Walmart - grocery,national_regional,mainstream_supermarket,high
HEALTH2025-00081,WAL-MART #5311 DELI,1721 N CUSTER RD,1721 N CUSTER RD,,2025-07-08,2026-07-06,2,HEALTH2017-001630,False,,,,,,,,,Grocery/Market,Walmart - deli,national_regional,mainstream_supermarket,high
HEALTH2025-00082,WAL-MART #5311 BAKERY,1721 N CUSTER RD,1721 N CUSTER RD,,2025-07-08,2026-07-06,3,HEALTH2017-001629,False,,,,,,,,,Grocery/Market,Walmart - bakery,national_regional,mainstream_supermarket,high
HEALTH2025-00083,Dollar General Store #3634,902 N MCDONALD ST,902 N MCDONALD ST,,2025-06-09,2025-11-14,2,HEALTH2025-00083,False,,,,,,,,,Convenience/Gas,dollar/discount store,national_regional,,high
HEALTH2025-00084,Nekter Juice Bar,2014 W UNIVERSITY DR 340,2014 W UNIVERSITY DR,340,2025-10-02,2026-04-06,2,HEALTH2025-00084,False,permits,Food Establishment,Issued,Biannual Inspections,1,UP,1.0,2.0,Coffee/Cafe/Bakery/Dessert,smoothies/juice,national_regional,,high
HEALTH2025-00085,THE OLIVE GARDEN ITALIAN RESTAURANT,1700 N CENTRAL EXPY,1700 N CENTRAL EXPY,,2025-03-06,2026-03-10,3,HEALTH2016-007888,False,permits,Food Establishment,Issued,Biannual Inspections,0,DN,0.0,3.0,Pizza/Italian,Italian,national_regional,,high
HEALTH2025-00086,RIVERA'S  SALVA TEX-MEX,1321 N TENNESSEE ST 100,1321 N TENNESSEE ST,100,2025-04-10,2026-06-11,5,HEALTH2025-00086,False,permits,Food Establishment,Expired,Biannual Inspections,21,DN,24.0,4.0,Mexican/Tex-Mex/Latin,Salvadoran / Tex-Mex,independent,,high
HEALTH2025-00087,DOLLAR GENERAL #25810,6161 W UNIVERSITY DR,6161 W UNIVERSITY DR,,2025-02-18,2026-08-04,4,HEALTH2023-00479,False,permits,Food Establishment,Issued,Biannual Inspections,0,UP,1.0,4.0,Convenience/Gas,dollar/discount store,national_regional,,high
HEALTH2025-00088,Best Western Plus McKinney Inn & Suites,480 S WILSON CREEK BLVD,480 S WILSON CREEK BLVD,,2025-02-26,2026-08-10,4,HEALTH2017-09652,False,permits,Food Establishment,Issued,Biannual Inspections,8,DN,11.0,4.0,Hotel/Caterer/Commissary,hotel,national_regional,,high
HEALTH2025-00089,THE COMEDY ARENA,305 E VIRGINIA ST 104,305 E VIRGINIA ST,104,2025-07-31,2026-07-29,3,HEALTH2020-00258,False,permits,Food Establishment,Issued,Biannual Inspections,1,UP,2.0,3.0,Venue/Concession,comedy club concessions,independent,,medium
HEALTH2025-00091,BLUE OLIVE GRILL,2414 W UNIVERSITY DR 124,2414 W UNIVERSITY DR,124,2025-05-02,2026-06-25,3,HEALTH2019-003684,False,permits,Food Establishment,Issued,Biannual Inspections,20,DN,18.0,3.0,Mediterranean/Middle Eastern,Mediterranean grill,independent,,medium
HEALTH2025-00092,TERESA'S HOUSE - BUILDING 5,6751 WELLNESS WAY,6751 WELLNESS WAY,,2025-03-28,2026-03-20,3,HEALTH2025-00092,False,,,,,,,,,Institutional,residential care home,independent,,medium
HEALTH2025-00093,TERESA’S HOUSE - MAIN PERMIT,6751 WELLNESS WAY,6751 WELLNESS WAY,,2025-03-28,2026-03-20,3,HEALTH2025-00093,False,permits,Food Establishment,Issued,Biannual Inspections,1,DN,1.0,3.0,Institutional,residential care home,independent,,medium
HEALTH2025-00094,CIRCLE K #2741583,1710 S INDEPENDENCE PKWY,1710 S INDEPENDENCE PKWY,,2025-04-08,2026-04-02,3,HEALTH2017-007996,False,permits,Food Establishment,Issued,Biannual Inspections,8,DN,6.0,3.0,Convenience/Gas,convenience store / gas station,national_regional,,high
HEALTH2025-00097,NAF NAF GRILL,1801 N HARDIN BLVD 200,1801 N HARDIN BLVD,200,2025-02-11,2025-02-11,1,HEALTH2022-00457,False,,,,,,,,,Mediterranean/Middle Eastern,Mediterranean fast casual,national_regional,,high
HEALTH2025-00098,Arcade 92,305 E VIRGINIA ST 103,305 E VIRGINIA ST,103,2025-07-21,2026-07-28,3,HEALTH2019-00322,False,permits,Food Establishment,Issued,Biannual Inspections,1,UP,0.0,3.0,"American (sit-down, bars, venues)",arcade bar,independent,,medium
HEALTH2025-00099,NEW YORK PIZZA AND PINTS II,4900 ELDORADO PKWY 140,4900 ELDORADO PKWY,140,2025-04-18,2025-04-18,1,HEALTH2018-10080,False,,,,,,,,,Pizza/Italian,pizza,local_multi,,low
HEALTH2025-00100,"ROSATI""S PIZZA",5261 MCKINNEY RANCH PKWY 600,5261 MCKINNEY RANCH PKWY,600,2026-06-30,2026-06-30,1,HEALTH2025-00100,False,permits,Food Establishment,Issued,Biannual Inspections,2,NC,0.0,1.0,Pizza/Italian,pizza,national_regional,,high
HEALTH2025-00103,MCDONALDS 22753,3200 ELDORADO PKWY,3200 ELDORADO PKWY,,2025-06-20,2026-05-27,3,HEALTH2017-001275,False,permits,Food Establishment,Issued,Biannual Inspections,3,DN,2.0,3.0,Fast Food,burgers,national_regional,,high
HEALTH2025-00105,STARBUCKS #84806,409 S MCDONALD ST,409 S MCDONALD ST,,2025-06-30,2026-03-02,3,HEALTH2025-00105,False,permits,Food Establishment,Issued,Biannual Inspections,2,DN,2.0,3.0,Coffee/Cafe/Bakery/Dessert,coffee,national_regional,,high
HEALTH2025-00107,KROGER #565 DELI,1801 N LAKE FOREST DR,1801 N LAKE FOREST DR,,2025-07-03,2025-12-22,2,HEALTH2019-00006,False,,,,,,,,,Grocery/Market,Kroger - deli,national_regional,mainstream_supermarket,high
HEALTH2025-00108,KROGER #565 GROCERY,1801 N LAKE FOREST DR,1801 N LAKE FOREST DR,,2025-07-03,2026-06-29,3,HEALTH2018-10420,False,,,,,,,,,Grocery/Market,Kroger - grocery,national_regional,mainstream_supermarket,high
HEALTH2025-00109,KROGER #565 STARBUCKS,1801 N LAKE FOREST DR,1801 N LAKE FOREST DR,,2025-07-03,2026-06-29,3,HEALTH2025-00109,False,,,,,,,,,Grocery/Market,Starbucks/coffee counter inside Kroger #565,national_regional,mainstream_supermarket,medium
HEALTH2025-00110,KORGER #565 - MEAT / SEAFOOD,1801 N LAKE FOREST DR,1801 N LAKE FOREST DR,,2025-07-03,2026-06-29,3,HEALTH2024-00125,False,,,,,,,,,Grocery/Market,Kroger - meat,national_regional,mainstream_supermarket,high
HEALTH2025-00111,KROGER #565 BAKERY,1801 N LAKE FOREST DR,1801 N LAKE FOREST DR,,2025-07-03,2026-06-29,3,HEALTH2019-00004,False,,,,,,,,,Grocery/Market,Kroger - bakery,national_regional,mainstream_supermarket,high
HEALTH2025-00112,KROGER #565 PRODUCE,1801 N LAKE FOREST DR,1801 N LAKE FOREST DR,,2025-07-03,2026-06-29,3,HEALTH2019-00005,False,,,,,,,,,Grocery/Market,Kroger - produce,national_regional,mainstream_supermarket,high
HEALTH2025-00113,COLLIN COUNTY MINIMUM SECURITY FACILITY,4800 COMMUNITY AVE,4800 COMMUNITY AVE,,2025-03-18,2025-09-29,2,HEALTH2017-000870,False,,,,,,,,,Institutional,county jail/courthouse,independent,,high
HEALTH2025-00114,COLLIN COUNTY JAIL EMPLOYEE GRILL,4300 COMMUNITY AVE,4300 COMMUNITY AVE,,2025-03-18,2025-09-29,2,HEALTH2017-000386,False,,,,,,,,,Institutional,county jail/courthouse,independent,,high
HEALTH2025-00115,COLLIN COUNTY JAIL,4300 COMMUNITY AVE,4300 COMMUNITY AVE,,2025-03-18,2025-09-29,2,HEALTH2017-000385,False,,,,,,,,,Institutional,county jail/courthouse,independent,,high
HEALTH2025-00121,Amazing Prep Academy ,3121 HUDSON CROSSING,3121 HUDSON CROSSING,,2025-06-26,2026-05-19,2,HEALTH2025-00121,False,permits,Food Establishment,Issued,Biannual Inspections,0,NC,0.0,2.0,Institutional,school/daycare,independent,,high
HEALTH2025-00122,MCKINNEY WINE MERCHANT,131 S CENTRAL EXPY,131 S CENTRAL EXPY,,2025-06-25,2026-06-12,3,HEALTH2025-00122,False,permits,Food Establishment,Issued,Biannual Inspections,0,NC,0.0,3.0,Other non-restaurant,wine shop (occasional sampling),independent,,high
HEALTH2025-00124,CHEF SUN NOODLE & DUMPLING,7540 SH 121 150,7540 SH 121,150,2025-05-01,2026-05-27,3,HEALTH2025-00124,False,permits,Food Establishment,Issued,Biannual Inspections,17,DN,17.0,3.0,Chinese,noodles and dumplings,independent,,high
HEALTH2025-00125,WHATABURGER #1115,4970 W UNIVERSITY DR,4970 W UNIVERSITY DR,,2025-04-05,2026-04-06,3,HEALTH2017-008905,False,permits,Food Establishment,Issued,Biannual Inspections,6,UP,4.0,3.0,Fast Food,burgers,national_regional,,high
HEALTH2025-00128,WALGREENS #09908,1651 W UNIVERSITY DR,1651 W UNIVERSITY DR,,2025-06-25,2026-06-10,3,HEALTH2018-001563,False,permits,Food Establishment,Issued,Biannual Inspections,2,DN,3.0,3.0,Convenience/Gas,pharmacy,national_regional,,high
HEALTH2025-00129,JAMBA/ AUNTIE ANNES,5200 STACY RD 600,5200 STACY RD,600,2025-06-30,2025-12-29,2,HEALTH2025-00129,False,,,,,,,,,Coffee/Cafe/Bakery/Dessert,smoothies and pretzels,national_regional,,high
HEALTH2025-00130,CINNAHOLIC,8930 SH 121 570,8930 SH 121,570,2025-07-09,2026-01-06,2,HEALTH2020-00118,False,,,,,,,,,Coffee/Cafe/Bakery/Dessert,cinnamon rolls,national_regional,,high
HEALTH2025-00131,MCDONALD'S,6750 VIRGINIA PKWY,6750 VIRGINIA PKWY,,2025-03-17,2026-03-16,3,HEALTH2017-003582,False,permits,Food Establishment,Issued,Biannual Inspections,5,DN,5.0,3.0,Fast Food,burgers,national_regional,,high
HEALTH2025-00133,TACO BELL #30590,4980 W UNIVERSITY DR,4980 W UNIVERSITY DR,,2025-07-15,2026-07-13,3,HEALTH2017-007333,False,permits,Food Establishment,Issued,Biannual Inspections,2,UP,2.0,3.0,Fast Food,Taco Bell,national_regional,,high
HEALTH2025-00134,Tailgators Sports Bar & Grill,4150 ELDORADO PKWY 800,4150 ELDORADO PKWY,800,2025-09-22,2026-03-30,2,HEALTH2024-00423,False,permits,Food Establishment,Issued,Biannual Inspections,9,UP,4.0,2.0,"American (sit-down, bars, venues)",sports bar,independent,,high
HEALTH2025-00137,MCKINNEY EXPRESS,103 S MCDONALD ST,103 S MCDONALD ST,,2025-07-01,2026-07-01,3,HEALTH2017-09657,False,permits,Food Establishment,Issued,Biannual Inspections,7,UP,7.0,3.0,Convenience/Gas,convenience store,independent,,medium
HEALTH2025-00139,CHICK-FIL-A,6201 ELDORADO PKWY,6201 ELDORADO PKWY,,2025-04-11,2026-04-15,3,HEALTH2017-008841,False,permits,Food Establishment,Issued,Biannual Inspections,4,UP,2.0,3.0,Fast Food,fried chicken,national_regional,,high
HEALTH2025-00140,JC'S BURGER HOUSE,6840 VIRGINIA PKWY 100,6840 VIRGINIA PKWY,100,2025-03-24,2026-03-16,3,HEALTH2017-005901,False,permits,Food Establishment,Issued,Biannual Inspections,2,DN,2.0,3.0,"American (sit-down, bars, venues)",burgers,local_multi,,medium
HEALTH2025-00141,SUMMER MOON COFFEE,6091 W UNIVERSITY DR 100,6091 W UNIVERSITY DR,100,2025-07-28,2026-06-02,3,HEALTH2023-00408,False,permits,Food Establishment,Issued,Biannual Inspections,2,DN,0.0,3.0,Coffee/Cafe/Bakery/Dessert,coffee,national_regional,,high
HEALTH2025-00142,CIRCLE K #2741879,8001 W UNIVERSITY DR,8001 W UNIVERSITY DR,,2025-02-18,2026-08-06,4,HEALTH2018-09704,False,permits,Food Establishment,Issued,Biannual Inspections,6,DN,9.0,4.0,Convenience/Gas,convenience store / gas station,national_regional,,high
HEALTH2025-00143,VELVET TACO,8565 W UNIVERSITY DR 150,8565 W UNIVERSITY DR,150,2025-07-07,2026-07-08,3,HEALTH2025-00143,False,permits,Food Establishment,Issued,Biannual Inspections,2,UP,3.0,3.0,Mexican/Tex-Mex/Latin,tacos (Tex-Mex),national_regional,,high
HEALTH2025-00146,MCKINNEY BUICK GMC,3450 S CENTRAL EXPY,3450 S CENTRAL EXPY,,2025-08-25,2025-08-25,1,HEALTH2025-00146,False,,,,,,,,,Other non-restaurant,car dealership lounge,independent,,medium
HEALTH2025-00147,,3800 S CENTRAL EXPY,3800 S CENTRAL EXPY,,2025-08-25,2025-08-25,1,HEALTH2025-00147,False,,,,,,,,,Other non-restaurant,car dealership lounge,independent,,low
HEALTH2025-00151,METHODIST MCKINNEY CAFE,8000 ELDORADO PKWY,8000 ELDORADO PKWY,,2025-06-23,2026-05-27,3,HEALTH2017-003555,False,permits,Food Establishment,Issued,Biannual Inspections,5,UP,6.0,3.0,Institutional,hospital,national_regional,,high
HEALTH2025-00152,McKinney Baseball concession,7001 ELDORADO PKWY,7001 ELDORADO PKWY,,2025-08-18,2026-02-17,2,HEALTH2025-00152,False,permits,Food Establishment,Issued,Biannual Inspections,0,NC,0.0,2.0,Venue/Concession,baseball complex concession,independent,,medium
HEALTH2025-00156,Birdcall,4702 W UNIVERSITY DR,4702 W UNIVERSITY DR,,2025-06-10,2026-06-09,3,HEALTH2025-00156,False,permits,Food Establishment,Issued,Biannual Inspections,3,UP,4.0,3.0,Fast Food,chicken sandwiches,national_regional,,medium
HEALTH2025-00159,,5400 COLLIN MCKINNEY PKWY,5400 COLLIN MCKINNEY PKWY,,2025-04-14,2026-03-02,3,HEALTH2025-00159,False,,,,,,,,,Grocery/Market,Indian grocery with food counter,national_regional,independent_specialty,low
HEALTH2025-00160,Ladybird Academy,1922 S INDEPENDENCE PKWY,1922 S INDEPENDENCE PKWY,,2025-03-20,2025-09-11,2,HEALTH2019-00578,False,,,,,,,,,Institutional,school/daycare,national_regional,,high
HEALTH2025-00161,JP Donut,1720 ELDORADO PKWY 103,1720 ELDORADO PKWY,103,2025-11-07,2026-05-28,2,HEALTH2025-00161,False,permits,Food Establishment,Issued,Biannual Inspections,0,NC,0.0,2.0,Coffee/Cafe/Bakery/Dessert,donuts/bagels,independent,,high
HEALTH2025-00162,Select food,4951 ELDORADO PKWY,4951 ELDORADO PKWY,,2025-10-07,2026-04-14,2,HEALTH2023-00290,False,permits,Food Establishment,Issued,Biannual Inspections,4,UP,3.0,2.0,Convenience/Gas,convenience store / gas station,independent,,medium
HEALTH2025-00163,El Fenix,3450 S CENTRAL EXPY,3450 S CENTRAL EXPY,,2025-03-04,2026-03-10,3,HEALTH2025-00163,False,permits,Food Establishment,Issued,Biannual Inspections,11,DN,13.0,3.0,Mexican/Tex-Mex/Latin,Tex-Mex,national_regional,,high
HEALTH2025-00164,,5400 COLLIN MCKINNEY PKWY,5400 COLLIN MCKINNEY PKWY,,2025-04-14,2026-03-02,3,HEALTH2025-00164,False,,,,,,,,,Grocery/Market,Indian grocery with food counter,national_regional,independent_specialty,low
HEALTH2025-00165,Salata,3540 W UNIVERSITY DR 400,3540 W UNIVERSITY DR,400,2025-04-25,2026-07-24,3,HEALTH2019-00046,False,permits,Food Establishment,Issued,Biannual Inspections,4,DN,3.0,3.0,Deli/Sandwich/Salad,salads,national_regional,,high
HEALTH2025-00166,Primrose School of Eldorado,3999 ELDORADO PKWY,3999 ELDORADO PKWY,,2025-03-04,2025-09-23,2,HEALTH2017-001087,False,,,,,,,,,Institutional,school/daycare,national_regional,,high
HEALTH2025-00168,SEINYAA FOODS,5160 COLLIN MCKINNEY PKWY 900,5160 COLLIN MCKINNEY PKWY,900,2025-10-10,2026-04-09,2,HEALTH2025-00168,False,permits,Food Establishment,Issued,Biannual Inspections,21,UP,15.0,2.0,Other cuisine,West African foods,independent,,low
HEALTH2025-00175,THE KOLACHE FACTORY,6451 W UNIVERSITY DR 100,6451 W UNIVERSITY DR,100,2025-07-22,2026-06-15,3,HEALTH2025-00175,False,permits,Food Establishment,Issued,Biannual Inspections,8,DN,9.0,3.0,Coffee/Cafe/Bakery/Dessert,kolaches,national_regional,,high
HEALTH2025-00178,COLLIN COUNTY JAIL MICRO-MARKET,4300 COMMUNITY AVE,4300 COMMUNITY AVE,,2025-03-18,2025-09-29,2,HEALTH2023-00514,False,,,,,,,,,Other non-restaurant,micro market / vending,unknown,,medium
HEALTH2025-00189,SMALLS SLIDERS,1681 N HARDIN BLVD,1681 N HARDIN BLVD,,2025-07-31,2026-07-08,3,HEALTH2025-00189,False,permits,Food Establishment,Issued,Biannual Inspections,1,DN,2.0,3.0,Fast Food,sliders,national_regional,,high
HEALTH2025-00191,THE VEG PALACE,4041 S CUSTER RD 2160,4041 S CUSTER RD,2160,2025-07-01,2025-12-31,2,HEALTH2025-00191,False,,,,,,,,,Indian,Indian vegetarian,independent,,low
HEALTH2025-00193,Union Bear Brewing Company,308 W VIRGINIA ST,308 W VIRGINIA ST,,2025-08-21,2026-08-25,3,HEALTH2025-00193,False,permits,Food Establishment,Issued,Biannual Inspections,6,UP,6.0,3.0,"American (sit-down, bars, venues)",brewery,local_multi,,low
HEALTH2025-00197,JASONS DELI,1681 N CENTRAL EXPY 500,1681 N CENTRAL EXPY,500,2025-04-01,2026-03-26,3,HEALTH2017-000283,False,permits,Food Establishment,Issued,Biannual Inspections,3,UP,3.0,3.0,Deli/Sandwich/Salad,"deli sandwiches, salads",national_regional,,high
HEALTH2025-00199,1 STOP FOOD STORE,103 N GRAVES ST,103 N GRAVES ST,,2025-10-03,2026-04-17,2,HEALTH2017-006504,False,,,,,,,,,Convenience/Gas,convenience store / gas station,independent,,medium
HEALTH2025-00236,KURA SUSHI,8585 W UNIVERSITY DR 150,8585 W UNIVERSITY DR,150,2025-07-01,2026-06-02,3,HEALTH2025-00236,False,permits,Food Establishment,Issued,Biannual Inspections,4,DN,4.0,3.0,Japanese,conveyor sushi,national_regional,,high
HEALTH2025-00237,NYC BAGEL,7001 S CUSTER RD 400,7001 S CUSTER RD,400,2025-07-10,2026-06-02,3,HEALTH2025-00237,False,permits,Food Establishment,Issued,Biannual Inspections,16,UP,16.0,3.0,Coffee/Cafe/Bakery/Dessert,donuts/bagels,independent,,low
HEALTH2025-00251,Fire Bowl Cafe ,4060 W UNIVERSITY DR 300,4060 W UNIVERSITY DR,300,2025-10-01,2025-10-01,1,HEALTH2025-00251,False,,,,,,,,,Unknown,,unknown,,low
HEALTH2025-00256,UGLY MUG COFFEE HOUSE,2801 S STONEBRIDGE DR 101,2801 S STONEBRIDGE DR,101,2025-12-02,2026-06-02,2,HEALTH2025-00256,False,permits,Food Establishment,Issued,Biannual Inspections,3,DN,1.0,2.0,Coffee/Cafe/Bakery/Dessert,coffee,independent,,high
HEALTH2025-00262,THE CHAAT BAR,5121 COLLIN MCKINNEY PKWY 200,5121 COLLIN MCKINNEY PKWY,200,2025-11-26,2026-05-13,2,HEALTH2025-00262,False,permits,Food Establishment,Issued,Biannual Inspections,3,UP,3.0,2.0,Indian,Indian chaat,independent,,high
HEALTH2025-00274,JACK IN THE BOX #4797,1516 S TENNESSEE ST,1516 S TENNESSEE ST,,2025-08-07,2026-08-18,3,HEALTH2017-007295,False,permits,Food Establishment,Issued,Biannual Inspections,3,UP,2.0,3.0,Fast Food,burgers,national_regional,,high
HEALTH2025-00275,TRU BY HILTON,3100 CRAIG DR,3100 CRAIG DR,,2025-12-16,2026-06-24,2,HEALTH2025-00275,False,permits,Food Establishment,Issued,Biannual Inspections,4,DN,4.0,2.0,Hotel/Caterer/Commissary,hotel,national_regional,,high
HEALTH2025-00287,GOLDEN CHICK,1545 N CUSTER RD,1545 N CUSTER RD,,2025-08-11,2026-08-05,3,HEALTH2022-00438,False,permits,Food Establishment,Issued,Biannual Inspections,2,NC,2.0,3.0,Fast Food,fried chicken,national_regional,,high
HEALTH2025-00296,JERSEY MIKE'S SUBS,1821 N LAKE FOREST DR 500,1821 N LAKE FOREST DR,500,2025-10-08,2026-04-03,2,HEALTH2019-00132,False,permits,Food Establishment,Issued,Biannual Inspections,2,UP,1.0,2.0,Deli/Sandwich/Salad,sub sandwiches,national_regional,,high
HEALTH2025-00302,Super 8,910 N CENTRAL EXPY,910 N CENTRAL EXPY,,2026-02-13,2026-08-04,2,HEALTH2025-00302,False,permits,Food Establishment,Issued,Biannual Inspections,1,UP,1.0,2.0,Hotel/Caterer/Commissary,hotel,national_regional,,high
HEALTH2025-00355,SWEET PARIS CREPERIE & CAFE,8701 W UNIVERSITY DR 100,8701 W UNIVERSITY DR,100,2025-10-06,2026-04-03,2,HEALTH2025-00355,False,permits,Food Establishment,Issued,Biannual Inspections,5,NC,5.0,3.0,Coffee/Cafe/Bakery/Dessert,crepes,national_regional,,high
HEALTH2025-00363,THE CELT,100 N TENNESSEE ST,100 N TENNESSEE ST,,2025-08-18,2026-08-28,3,HEALTH2017-002934,False,permits,Food Establishment,Issued,Biannual Inspections,18,DN,16.0,3.0,"American (sit-down, bars, venues)",Irish pub,independent,,medium
HEALTH2025-00372,Lean Kitchen Vending Machine,2200 TAYLOR-BURK DR,2200 TAYLOR-BURK DR,,2025-10-20,2025-10-20,1,HEALTH2025-00372,False,,,,,,,,,Other non-restaurant,micro market / vending,local_multi,,high
HEALTH2025-00375,CHILITO ROJO,1705 W UNIVERSITY DR 118,1705 W UNIVERSITY DR,118,2025-08-04,2026-08-18,3,HEALTH2025-00375,False,permits,Food Establishment,Issued,Biannual Inspections,8,UP,9.0,3.0,Mexican/Tex-Mex/Latin,Mexican,independent,,medium
HEALTH2025-00393,SALI'S ITALIAN,6710 VIRGINIA PKWY 230,6710 VIRGINIA PKWY,230,2025-10-14,2026-08-06,3,HEALTH2017-008528,False,permits,Food Establishment,Issued,Biannual Inspections,0,UP,1.0,3.0,Pizza/Italian,Italian,independent,,high
HEALTH2025-00413,Tom Thumb 3853 - Produce,3001 S HARDIN BLVD,3001 S HARDIN BLVD,,2025-08-28,2026-08-06,3,HEALTH2017-009155,False,,,,,,,,,Grocery/Market,Tom Thumb - produce,national_regional,mainstream_supermarket,high
HEALTH2025-00414,Tom Thumb #3853 - Bakery,3001 S HARDIN BLVD,3001 S HARDIN BLVD,,2025-08-28,2026-08-06,3,HEALTH2017-009154,False,,,,,,,,,Grocery/Market,Tom Thumb - bakery,national_regional,mainstream_supermarket,high
HEALTH2025-00415,Tom Thumb #3853 - Deli,3001 S HARDIN BLVD,3001 S HARDIN BLVD,,2025-08-28,2026-08-06,3,HEALTH2017-009157,False,,,,,,,,,Grocery/Market,Tom Thumb - deli,national_regional,mainstream_supermarket,high
HEALTH2025-00421,MARCO'S PIZZA ,4100 S RIDGE RD 102,4100 S RIDGE RD,102,2025-11-10,2026-05-11,2,HEALTH2018-10327,False,permits,Food Establishment,Issued,Biannual Inspections,9,DN,6.0,2.0,Pizza/Italian,pizza,national_regional,,high
HEALTH2025-00433,HILLSIDE COFFEE BAR,7951 COLLIN MCKINNEY PKWY,7951 COLLIN MCKINNEY PKWY,,2025-07-29,2026-01-06,2,HEALTH2025-00433,False,permits,Food Establishment,Issued,Biannual Inspections,5,UP,3.0,2.0,Coffee/Cafe/Bakery/Dessert,coffee,independent,,high
HEALTH2025-00451,COMMUNITY LIFELINE,1601 N WADDILL ST 102,1601 N WADDILL ST,102,2025-08-21,2025-08-21,1,HEALTH2025-00451,False,,,,,,,,,Institutional,nonprofit social services,independent,,high
HEALTH2025-00456,Subway,7500 STACY RD 100,7500 STACY RD,100,2026-01-07,2026-06-02,2,HEALTH2018-09790,False,permits,Food Establishment,Issued,Biannual Inspections,12,NC,9.0,2.0,Deli/Sandwich/Salad,sub sandwiches,national_regional,,high
HEALTH2025-00458,Black Rock Coffee Bar ,4001 W UNIVERSITY DR,4001 W UNIVERSITY DR,,2025-07-03,2026-07-16,3,HEALTH2025-00458,False,permits,Food Establishment,Issued,Biannual Inspections,6,UP,7.0,3.0,Coffee/Cafe/Bakery/Dessert,coffee,national_regional,,high
HEALTH2025-00467,Mesa's ,7820 ELDORADO PKWY 160,7820 ELDORADO PKWY,160,2025-09-29,2026-03-05,2,HEALTH2016-007161,False,permits,Food Establishment,Issued,Biannual Inspections,12,UP,6.0,2.0,Mexican/Tex-Mex/Latin,Mexican,independent,,high
HEALTH2025-00469,Starbucks Coffee Shop,5900 COLLIN MCKINNEY PKWY,5900 COLLIN MCKINNEY PKWY,,2025-09-24,2026-03-06,2,HEALTH2025-00469,False,permits,Food Establishment,Issued,Biannual Inspections,0,NC,0.0,2.0,Coffee/Cafe/Bakery/Dessert,coffee,national_regional,,high
HEALTH2025-00485,Tai Sushi,8408 STACY RD 100,8408 STACY RD,100,2025-08-20,2026-08-26,3,HEALTH2017-007861,False,permits,Food Establishment,Issued,Biannual Inspections,8,DN,8.0,3.0,Japanese,sushi,independent,,high
HEALTH2025-00489,PACIUGO MCKINNEY,8701 W UNIVERSITY DR 200,8701 W UNIVERSITY DR,200,2025-09-03,2026-03-05,2,HEALTH2025-00489,False,permits,Food Establishment,Issued,Biannual Inspections,4,UP,4.0,2.0,Coffee/Cafe/Bakery/Dessert,gelato,national_regional,,high
HEALTH2025-00495,Centro On The Square,112 E LOUISIANA ST A,112 E LOUISIANA ST,A,2025-07-01,2026-07-29,3,HEALTH2025-00495,False,permits,Food Establishment,Issued,Biannual Inspections,8,UP,8.0,3.0,Unknown,,independent,,low
HEALTH2025-00507,The Great Greek Mediterranean Grill,5701 S CUSTER RD 200,5701 S CUSTER RD,200,2025-12-02,2025-12-02,1,HEALTH2025-00507,False,permits,Food Establishment,Issued,Annual Inspection,3,UP,0.0,1.0,Mediterranean/Middle Eastern,Greek,national_regional,,high
HEALTH2025-00522,GENJI SUSHI,8701 W UNIVERSITY DR 300,8701 W UNIVERSITY DR,300,2025-10-02,2026-04-17,2,HEALTH2025-00522,False,permits,Food Establishment,Expired,Biannual Inspections,0,NC,0.0,2.0,Grocery/Market,sushi counter inside Whole Foods,national_regional,mainstream_supermarket,medium
HEALTH2025-00539,WHOLE FOODS - GROCERY,8701 W UNIVERSITY DR 300,8701 W UNIVERSITY DR,300,2025-10-02,2026-04-17,2,HEALTH2025-00539,False,permits,Food Establishment,Issued,Biannual Inspections,0,NC,0.0,2.0,Grocery/Market,Whole Foods - grocery,national_regional,mainstream_supermarket,high
HEALTH2025-00545,WATERMERE MCKINNEY,3351 VIRGINIA PKWY,3351 VIRGINIA PKWY,,2025-08-01,2026-08-14,3,HEALTH2025-00545,False,permits,Food Establishment,Issued,Biannual Inspections,5,UP,5.0,3.0,Institutional,senior living / nursing,local_multi,,low
HEALTH2025-00549,Black Rock Coffee Bar,9701 W UNIVERSITY DR,9701 W UNIVERSITY DR,,2025-11-03,2026-05-21,2,HEALTH2025-00549,False,permits,Food Establishment,Issued,Biannual Inspections,6,DN,5.0,2.0,Coffee/Cafe/Bakery/Dessert,coffee,national_regional,,high
HEALTH2025-00552,PINKITZEL,101 W LOUISIANA ST A,101 W LOUISIANA ST,A,2026-04-24,2026-04-24,1,HEALTH2025-00552,False,,,,,,,,,Coffee/Cafe/Bakery/Dessert,candy and cupcakes,national_regional,,low
HEALTH2025-00558,ALBARAKA BBQ GRILL,155 S CENTRAL EXPY,155 S CENTRAL EXPY,,2026-04-14,2026-04-14,1,HEALTH2025-00558,False,permits,Food Establishment,Issued,Biannual Inspections,5,UP,1.0,1.0,Mediterranean/Middle Eastern,halal grill,independent,,medium
HEALTH2025-00566,Micro Market,500 INTERCHANGE ST,500 INTERCHANGE ST,,2025-12-12,2025-12-12,1,HEALTH2025-00566,False,,,,,,,,,Other non-restaurant,micro market / vending,unknown,,high
HEALTH2025-00570,Lean Kitchen McKinney will be installing a Byte Cooler at the City Hall.  We are not sure as to what floor at the moment.  We will have our healthy meals in the cooler for the staff at City Hall.,401 E VIRGINIA ST,401 E VIRGINIA ST,,2025-09-03,2025-09-03,1,HEALTH2025-00570,False,,,,,,,,,Other non-restaurant,micro market / vending,local_multi,,high
HEALTH2025-00573,Mountain Mikes Pizza,4590 W UNIVERSITY DR 210,4590 W UNIVERSITY DR,210,2025-08-14,2026-08-06,3,HEALTH2025-00573,False,permits,Food Establishment,Issued,Biannual Inspections,6,DN,5.0,3.0,Pizza/Italian,pizza,national_regional,,high
HEALTH2025-00580,NEW YORK PIZZA AND PINTS ,4900 ELDORADO PKWY 140,4900 ELDORADO PKWY,140,2025-10-02,2026-04-22,2,HEALTH2018-10080,False,permits,Food Establishment,Issued,Biannual Inspections,7,UP,4.0,2.0,Pizza/Italian,pizza,local_multi,,low
HEALTH2025-00581,WHOLE FOODS - Bakery,8701 W UNIVERSITY DR 300,8701 W UNIVERSITY DR,300,2025-10-02,2026-04-17,2,HEALTH2025-00581,False,,,,,,,,,Grocery/Market,Whole Foods - bakery,national_regional,mainstream_supermarket,high
HEALTH2025-00582,WHOLE FOODS - Prepared Foods/Deli,8701 W UNIVERSITY DR 300,8701 W UNIVERSITY DR,300,2025-10-02,2026-04-17,2,HEALTH2025-00582,False,,,,,,,,,Grocery/Market,Whole Foods - deli,national_regional,mainstream_supermarket,high
HEALTH2025-00583,WHOLE FOODS - Produce,8701 W UNIVERSITY DR 300,8701 W UNIVERSITY DR,300,2025-10-02,2026-04-17,2,HEALTH2025-00583,False,,,,,,,,,Grocery/Market,Whole Foods - produce,national_regional,mainstream_supermarket,high
HEALTH2025-00584,WHOLE FOODS - Meat,8701 W UNIVERSITY DR 300,8701 W UNIVERSITY DR,300,2025-10-02,2026-04-17,2,HEALTH2025-00584,False,,,,,,,,,Grocery/Market,Whole Foods - meat,national_regional,mainstream_supermarket,high
HEALTH2025-00585,WHOLE FOODS - Seafood,8701 W UNIVERSITY DR 300,8701 W UNIVERSITY DR,300,2025-10-02,2026-04-17,2,HEALTH2025-00585,False,,,,,,,,,Grocery/Market,Whole Foods - seafood,national_regional,mainstream_supermarket,high
HEALTH2025-00586,WHOLE FOODS Specialty/Cheese,8701 W UNIVERSITY DR 300,8701 W UNIVERSITY DR,300,2025-10-02,2026-04-17,2,HEALTH2025-00586,False,,,,,,,,,Grocery/Market,Whole Foods - cheese shop,national_regional,mainstream_supermarket,high
HEALTH2025-00587,CHIPOTLE,8751 W UNIVERSITY DR 150,8751 W UNIVERSITY DR,150,2025-12-04,2026-06-17,2,HEALTH2025-00587,False,permits,Food Establishment,Issued,Biannual Inspections,2,DN,1.0,2.0,Mexican/Tex-Mex/Latin,Mexican fast casual,national_regional,,high
HEALTH2025-00592,Keke's Breakfast Cafe,8701 W UNIVERSITY DR 490,8701 W UNIVERSITY DR,490,2026-01-07,2026-07-01,2,HEALTH2024-01366,False,permits,Food Establishment,Issued,Biannual Inspections,6,NC,4.0,2.0,"American (sit-down, bars, venues)",breakfast,national_regional,,high
HEALTH2025-00597,HOUSO BREAD,7551 ELDORADO PKWY 100,7551 ELDORADO PKWY,100,2026-04-07,2026-07-14,2,HEALTH2025-00597,False,permits,Food Establishment,Expired,Quarterly Inspections,11,UP,7.0,2.0,Coffee/Cafe/Bakery/Dessert,bakery-cafe,national_regional,,medium
HEALTH2025-00599,YUM OF INDIA,1480 S INDEPENDENCE PKWY 280,1480 S INDEPENDENCE PKWY,280,2025-11-05,2026-04-02,2,HEALTH2025-00599,False,permits,Food Establishment,Expired,Biannual Inspections,26,DN,16.0,2.0,Indian,Indian,independent,,high
HEALTH2025-00602,LA LA LAND CAFE,8701 W UNIVERSITY DR 170,8701 W UNIVERSITY DR,170,2025-11-10,2026-05-26,2,HEALTH2025-00602,False,permits,Food Establishment,Issued,Biannual Inspections,5,DN,2.0,2.0,Coffee/Cafe/Bakery/Dessert,coffee,national_regional,,medium
HEALTH2025-00604,BRUNCH DISTRICT,4590 W UNIVERSITY DR 250,4590 W UNIVERSITY DR,250,2025-10-03,2026-04-21,2,HEALTH2025-00604,False,permits,Food Establishment,Issued,Biannual Inspections,6,UP,4.0,2.0,"American (sit-down, bars, venues)",brunch,independent,,medium
HEALTH2025-00611,Godfather's Pizza,4701 S CUSTER RD 400,4701 S CUSTER RD,400,2025-12-01,2026-06-17,2,HEALTH2021-00349,False,permits,Food Establishment,Issued,Biannual Inspections,4,DN,3.0,2.0,Pizza/Italian,pizza,national_regional,,high
HEALTH2025-00614,Broken Yolk Cafe,6651 ALMA RD 250,6651 ALMA RD,250,2026-01-21,2026-06-08,2,HEALTH2024-00625,False,permits,Food Establishment,Expired,Biannual Inspections,8,UP,5.0,2.0,"American (sit-down, bars, venues)",breakfast/brunch,national_regional,,high
HEALTH2025-00616,BAHAMA BUCKS,2783 VIRGINIA PKWY,2783 VIRGINIA PKWY,,2026-03-09,2026-03-09,1,HEALTH2016-006463,False,permits,Food Establishment,Issued,Biannual Inspections,7,UP,2.0,1.0,Coffee/Cafe/Bakery/Dessert,shaved ice,national_regional,,high
HEALTH2025-00621,Donut Station,4987 W UNIVERSITY DR 103,4987 W UNIVERSITY DR,103,2026-02-17,2026-08-06,2,HEALTH2017-004510,False,permits,Food Establishment,Issued,Biannual Inspections,8,DN,5.0,2.0,Coffee/Cafe/Bakery/Dessert,donuts/bagels,independent,,high
HEALTH2025-00632,7-11 #34222,8885 W UNIVERSITY DR,8885 W UNIVERSITY DR,,2026-02-05,2026-02-05,1,HEALTH2017-003431,False,permits,Food Establishment,Expired,Annual Inspection,0,DN,0.0,1.0,Convenience/Gas,convenience store / gas station,national_regional,,high
HEALTH2025-00636,PIZZA VIBES,5100 STACY RD 700,5100 STACY RD,700,2025-12-04,2026-06-15,2,HEALTH2025-00636,False,permits,Food Establishment,Issued,Biannual Inspections,6,DN,4.0,2.0,Pizza/Italian,pizza,independent,,high
HEALTH2025-00652,CAVALLI,6851 VIRGINIA PKWY 105,6851 VIRGINIA PKWY,105,2025-12-04,2026-06-09,2,HEALTH2025-00652,False,permits,Food Establishment,Issued,Biannual Inspections,0,NC,0.0,2.0,Pizza/Italian,pizza,local_multi,,medium
HEALTH2025-00658,SALEM RR BIRYANI ,1411 N CUSTER RD 700,1411 N CUSTER RD,700,2026-01-06,2026-07-01,3,HEALTH2025-00658,False,permits,Food Establishment,Issued,Biannual Inspections,21,UP,21.0,3.0,Indian,biryani,independent,,high
HEALTH2025-00664,stefania sempanadas,1800 S INDEPENDENCE PKWY 110,1800 S INDEPENDENCE PKWY,110,2025-12-02,2026-06-02,2,HEALTH2025-00664,False,permits,Food Establishment,Issued,Biannual Inspections,8,UP,5.0,2.0,Mexican/Tex-Mex/Latin,empanadas,independent,,medium
HEALTH2025-00673,KIMIYA JAPANESE CUISINE,1615 N CENTRAL EXPY,1615 N CENTRAL EXPY,,2025-12-02,2026-06-04,2,HEALTH2025-00673,False,permits,Food Establishment,Issued,Biannual Inspections,15,UP,9.0,2.0,Japanese,Japanese,independent,,high
HEALTH2025-00676,88 baobao,4610 W UNIVERSITY DR 130,4610 W UNIVERSITY DR,130,2026-04-06,2026-04-06,1,HEALTH2025-00676,False,permits,Food Establishment,Issued,Annual Inspection,22,UP,8.0,1.0,Chinese,Chinese buns and dishes,independent,,medium
HEALTH2025-00678,HAPPYMIX CREPERIE,113 S TENNESSEE ST,113 S TENNESSEE ST,,2026-03-04,2026-08-05,2,HEALTH2025-00678,False,permits,Food Establishment,Issued,Biannual Inspections,0,NC,0.0,2.0,Coffee/Cafe/Bakery/Dessert,crepes,independent,,high
HEALTH2025-00686,COCO MANGO,3540 W UNIVERSITY DR 300,3540 W UNIVERSITY DR,300,2025-12-29,2026-06-05,2,HEALTH2025-00686,False,permits,Food Establishment,Issued,Biannual Inspections,4,DN,3.0,2.0,Coffee/Cafe/Bakery/Dessert,dessert/drinks,independent,,low
HEALTH2025-00694,Chip City McKinney,6651 ALMA RD 100,6651 ALMA RD,100,2025-11-24,2026-05-27,2,HEALTH2025-00694,False,permits,Food Establishment,Issued,Biannual Inspections,0,NC,0.0,2.0,Coffee/Cafe/Bakery/Dessert,cookies,national_regional,,high
HEALTH2025-00717,Page 3 ,7560 SH 121 100,7560 SH 121,100,2026-01-28,2026-06-08,2,HEALTH2025-00717,False,permits,Food Establishment,Issued,Biannual Inspections,10,NC,7.0,2.0,Indian,Indian bar/lounge,independent,,medium
HEALTH2025-00736,Freddy's Frozen Custard and Steakburgers,1530 N HARDIN BLVD,1530 N HARDIN BLVD,,2025-12-26,2026-06-05,2,HEALTH2025-00736,False,permits,Food Establishment,Issued,Biannual Inspections,0,NC,0.0,2.0,Fast Food,steakburgers / frozen custard,national_regional,,high
HEALTH2025-00751,Nékter Juice Bar ,6720 ALMA RD 250,6720 ALMA RD,250,2026-03-06,2026-03-06,1,HEALTH2025-00751,False,permits,Food Establishment,Issued,Biannual Inspections,0,DN,0.0,1.0,Coffee/Cafe/Bakery/Dessert,smoothies/juice,national_regional,,high
HEALTH2025-00752,Sushi ,3400 VIRGINIA PKWY,3400 VIRGINIA PKWY,,2026-04-20,2026-04-20,1,HEALTH2025-00752,False,permits,Food Establishment,Issued,Biannual Inspections,3,NC,0.0,1.0,Grocery/Market,sushi counter inside Walmart #6966,national_regional,mainstream_supermarket,medium
HEALTH2025-00754,MCDONALD'S,2960 TAYLOR-BURK DR,2960 TAYLOR-BURK DR,,2025-12-30,2026-06-04,2,HEALTH2025-00754,False,permits,Food Establishment,Issued,Biannual Inspections,2,UP,1.0,2.0,Fast Food,burgers,national_regional,,high
HEALTH2025-00759,YONUTZ,4051 S CUSTER RD 1170,4051 S CUSTER RD,1170,2025-12-01,2026-06-16,2,HEALTH2025-00759,False,permits,Food Establishment,Issued,Biannual Inspections,8,UP,6.0,2.0,Coffee/Cafe/Bakery/Dessert,donuts and ice cream,national_regional,,medium
HEALTH2025-00761,Pizza Twist,6720 ALMA RD 400,6720 ALMA RD,400,2025-10-13,2026-04-23,2,HEALTH2021-00344,False,permits,Food Establishment,Issued,Biannual Inspections,9,DN,7.0,2.0,Pizza/Italian,Indian-style pizza,national_regional,,medium
HEALTH2025-00764,"CHEBA HUT ""TOASTED"" SUBS",4610 W UNIVERSITY DR 160,4610 W UNIVERSITY DR,160,2025-12-01,2026-06-01,2,HEALTH2025-00764,False,permits,Food Establishment,Issued,Biannual Inspections,4,UP,2.0,2.0,Deli/Sandwich/Salad,sub sandwiches,national_regional,,high
HEALTH2025-00771,BARRIO TACOS + TEQUILA + WHISKEY,9401 W UNIVERSITY DR,9401 W UNIVERSITY DR,,2026-04-23,2026-04-23,1,HEALTH2025-00771,False,permits,Food Establishment,Issued,Biannual Inspections,15,UP,4.0,1.0,Mexican/Tex-Mex/Latin,tacos,independent,,low
HEALTH2025-00777,THE MIRAGE LOUNGE HOOKAH BAR AND BITES,3750 MCKINNEY RANCH PKWY 100,3750 MCKINNEY RANCH PKWY,100,2026-07-17,2026-07-17,1,HEALTH2025-00777,False,permits,Food Establishment,Issued,Biannual Inspections,11,UP,3.0,1.0,Indian,hookah lounge with Indian food,independent,,medium
HEALTH2025-00781,FENG CHA,4610 W UNIVERSITY DR 120,4610 W UNIVERSITY DR,120,2026-01-15,2026-07-17,2,HEALTH2025-00781,False,permits,Food Establishment,Issued,Biannual Inspections,5,UP,4.0,2.0,Coffee/Cafe/Bakery/Dessert,boba tea,national_regional,,high
HEALTH2025-00783,TAO RICE ROLL,1550 S CUSTER RD 600,1550 S CUSTER RD,600,2025-12-01,2026-06-16,2,HEALTH2025-00783,False,permits,Food Establishment,Issued,Biannual Inspections,10,UP,8.0,2.0,Chinese,Cantonese rice rolls,independent,,medium
HEALTH2025-00804,HOP DADDY BURGER BAR ,8565 W UNIVERSITY DR 100,8565 W UNIVERSITY DR,100,2026-01-28,2026-07-10,2,HEALTH2025-00804,False,permits,Food Establishment,Issued,Biannual Inspections,6,DN,2.0,2.0,Fast Food,burgers (counter-service chain),national_regional,,high
HEALTH2025-00836,7-11 #37296,3911 MEDICAL CENTER DR,3911 MEDICAL CENTER DR,,2026-04-08,2026-04-08,1,HEALTH2017-008551,False,permits,Food Establishment,Issued,Annual Inspection,1,DN,0.0,1.0,Convenience/Gas,convenience store / gas station,national_regional,,high
HEALTH2025-00848,Jet Pizza,2510 N HARDIN BLVD 200,2510 N HARDIN BLVD,200,2026-03-09,2026-09-01,2,HEALTH2025-00848,False,permits,Food Establishment,Issued,Biannual Inspections,4,DN,2.0,2.0,Pizza/Italian,pizza,national_regional,,high
HEALTH2025-00851,EL POLLO LOCO,211 N CUSTER RD,211 N CUSTER RD,,2026-02-23,2026-08-05,2,HEALTH2025-00851,False,permits,Food Establishment,Issued,Biannual Inspections,4,NC,1.0,2.0,Fast Food,grilled chicken,national_regional,,high
HEALTH2025-00858,COFFEE NUTZ,6951 S CUSTER RD 500,6951 S CUSTER RD,500,2025-12-31,2026-06-05,2,HEALTH2025-00858,False,permits,Food Establishment,Issued,Biannual Inspections,2,UP,1.0,2.0,Coffee/Cafe/Bakery/Dessert,coffee,independent,,medium
HEALTH2025-00863,India Bazaar,6701 COLLIN MCKINNEY PKWY 100,6701 COLLIN MCKINNEY PKWY,100,2026-02-24,2026-08-24,2,HEALTH2025-00863,False,permits,Food Establishment,Issued,Biannual Inspections,9,UP,7.0,2.0,Grocery/Market,Indian grocery,local_multi,independent_specialty,medium
HEALTH2025-00865,Korner the Market ,7951 COLLIN MCKINNEY PKWY 1560,7951 COLLIN MCKINNEY PKWY,1560,2026-01-06,2026-07-06,2,HEALTH2025-00865,False,permits,Food Establishment,Issued,Biannual Inspections,3,DN,1.0,2.0,Convenience/Gas,neighborhood market,independent,,medium
HEALTH2025-00873,Chipotle,8201 ELDORADO PKWY 100,8201 ELDORADO PKWY,100,2026-07-27,2026-07-27,1,HEALTH2025-00873,False,permits,Food Establishment,Issued,Biannual Inspections,0,NC,0.0,1.0,Mexican/Tex-Mex/Latin,Mexican fast casual,national_regional,,high
HEALTH2025-00875,Capital Rosa Group,5960 STACY RD,5960 STACY RD,,2026-01-28,2026-07-20,2,HEALTH2025-00875,False,permits,Micro Market - Vending Machine,Issued,Biannual Inspections,1,DN,1.0,2.0,Other non-restaurant,micro market/vending,unknown,,high
HEALTH2025-00885,Bojangles,210 S CENTRAL EXPY,210 S CENTRAL EXPY,,2026-05-04,2026-05-04,1,HEALTH2025-00885,False,permits,Food Establishment,Issued,Biannual Inspections,5,DN,1.0,1.0,Fast Food,fried chicken,national_regional,,high
HEALTH2025-00888,Green Apple Catering,3105 N MCDONALD ST 400,3105 N MCDONALD ST,400,2026-03-13,2026-03-13,1,HEALTH2025-00888,False,permits,Central Preparation Facility,Issued,Biannual Inspections,14,DN,4.0,1.0,Hotel/Caterer/Commissary,caterer (central prep facility),independent,,high
HEALTH2025-00891,Simply South ,4781 S CUSTER RD,4781 S CUSTER RD,,2026-02-25,2026-08-19,2,HEALTH2025-00891,False,permits,Food Establishment,Issued,Biannual Inspections,23,DN,14.0,2.0,Indian,South Indian,local_multi,,medium
HEALTH2025-00894,Krishna Bhavan,3801 VIRGINIA PKWY 900,3801 VIRGINIA PKWY,900,2026-02-26,2026-08-25,2,HEALTH2025-00894,False,permits,Food Establishment,Issued,Biannual Inspections,15,DN,9.0,2.0,Indian,South Indian,independent,,high
HEALTH2025-00895,BREAD ZEPPELIN,3241 S CUSTER RD 107,3241 S CUSTER RD,107,2026-03-10,2026-03-10,1,HEALTH2025-00895,False,permits,Food Establishment,Issued,Biannual Inspections,6,DN,2.0,1.0,Deli/Sandwich/Salad,salads,national_regional,,high
HEALTH2025-00897,7-11,1550 N HARDIN BLVD,1550 N HARDIN BLVD,,2026-05-01,2026-05-01,1,HEALTH2020-00200,False,permits,Food Establishment,Issued,Biannual Inspections,7,UP,2.0,1.0,Convenience/Gas,convenience store / gas station,national_regional,,high
HEALTH2025-00901,7 Brew Coffee Stand,1510 W UNIVERSITY DR,1510 W UNIVERSITY DR,,2026-02-19,2026-08-19,2,HEALTH2025-00901,False,permits,Food Establishment,Issued,Biannual Inspections,2,UP,2.0,2.0,Coffee/Cafe/Bakery/Dessert,coffee,national_regional,,high
HEALTH2025-00902,TROPICAL SMOOTHIE,6675 S CUSTER RD 100,6675 S CUSTER RD,100,2026-01-05,2026-06-02,2,HEALTH2019-00456,False,permits,Food Establishment,Issued,Biannual Inspections,1,UP,1.0,2.0,Coffee/Cafe/Bakery/Dessert,smoothies/juice,national_regional,,high
HEALTH2025-00907,On the Border,8930 SH 121,8930 SH 121,,2026-06-04,2026-06-04,1,HEALTH2017-003925,False,permits,Food Establishment,Issued,Biannual Inspections,4,UP,0.0,1.0,Mexican/Tex-Mex/Latin,Tex-Mex,national_regional,,high
HEALTH2025-00917,MOD PIZZA,1871 N LAKE FOREST DR 900,1871 N LAKE FOREST DR,900,2026-02-04,2026-08-03,2,HEALTH2019-00129,False,permits,Food Establishment,Issued,Biannual Inspections,2,UP,1.0,2.0,Pizza/Italian,pizza,national_regional,,high
HEALTH2025-00919,"micromarket
Was formally at 3700 stonebridge",7677 HENNEMAN WAY,7677 HENNEMAN WAY,,2026-03-06,2026-03-06,1,HEALTH2025-00919,False,permits,Micro Market - Vending Machine,Issued,Annual Inspection,0,DN,0.0,1.0,Other non-restaurant,micro market / vending,unknown,,high
HEALTH2025-00920,Stella's Ice Cream Shop,4590 W UNIVERSITY DR 220,4590 W UNIVERSITY DR,220,2026-04-06,2026-04-06,1,HEALTH2025-00920,False,permits,Food Establishment,Issued,Biannual Inspections,2,DN,0.0,1.0,Coffee/Cafe/Bakery/Dessert,ice cream,independent,,high
HEALTH2025-00929,Mustang Momo & Grill,1550 S CUSTER RD 700,1550 S CUSTER RD,700,2026-03-10,2026-03-10,1,HEALTH2025-00929,False,permits,Food Establishment,Issued,Biannual Inspections,24,UP,7.0,1.0,Indian,Nepali momo,independent,,high
HEALTH2026-00006,Razzoo's Cajun Cafe,3270 S CENTRAL EXPY,3270 S CENTRAL EXPY,,2026-07-08,2026-07-08,1,HEALTH2017-004921,False,permits,Food Establishment,Issued,Biannual Inspections,12,UP,4.0,1.0,"American (sit-down, bars, venues)",Cajun,national_regional,,high
HEALTH2026-00007,McDONALD's,9010 VIRGINIA PKWY,9010 VIRGINIA PKWY,,2026-06-17,2026-06-17,1,HEALTH2026-00007,False,permits,Food Establishment,Issued,Biannual Inspections,2,DN,0.0,1.0,Fast Food,burgers,national_regional,,high
HEALTH2026-00017,MOD PIZZA,3009 S CUSTER RD 100,3009 S CUSTER RD,100,2026-07-15,2026-07-15,1,HEALTH2018-10073,False,permits,Food Establishment,Issued,Biannual Inspections,5,UP,1.0,1.0,Pizza/Italian,pizza,national_regional,,high
HEALTH2026-00018,Town Place Suites,1832 MARKETPLACE DR,1832 MARKETPLACE DR,,2026-05-11,2026-05-11,1,HEALTH2026-00018,False,permits,Food Establishment,Issued,Biannual Inspections,0,DN,0.0,1.0,Hotel/Caterer/Commissary,hotel,national_regional,,high
HEALTH2026-00019,Cinnaholic bakery,8930 SH 121 570,8930 SH 121,570,2026-07-13,2026-07-13,1,HEALTH2020-00118,False,permits,Food Establishment,Issued,Biannual Inspections,6,UP,2.0,1.0,Coffee/Cafe/Bakery/Dessert,cinnamon rolls,national_regional,,high
HEALTH2026-00029,Sedexo,7677 HENNEMAN WAY,7677 HENNEMAN WAY,,2026-03-06,2026-03-06,1,HEALTH2026-00029,False,permits,Food Establishment,Issued,Annual Inspection,0,DN,0.0,1.0,Institutional,corporate cafeteria,national_regional,,medium
HEALTH2026-00030,The Kebab Shop,8701 W UNIVERSITY DR 470,8701 W UNIVERSITY DR,470,2026-03-12,2026-03-12,1,HEALTH2026-00030,False,permits,Food Establishment,Issued,Biannual Inspections,8,DN,1.0,1.0,Mediterranean/Middle Eastern,kebab,national_regional,,high
HEALTH2026-00031,MAAR,1009 S MCDONALD ST,1009 S MCDONALD ST,,2026-03-31,2026-07-28,2,HEALTH2022-00357,False,permits,Food Establishment,Issued,Biannual Inspections,12,UP,4.0,2.0,Mexican/Tex-Mex/Latin,"Mexican (beans, rice)",independent,,low
HEALTH2026-00038,KROGER #565 GROCERY,1801 N LAKE FOREST DR,1801 N LAKE FOREST DR,,2026-06-16,2026-06-16,1,HEALTH2018-10420,False,permits,Food Establishment,Issued,Biannual Inspections,4,UP,1.0,1.0,Grocery/Market,Kroger - grocery,national_regional,mainstream_supermarket,high
HEALTH2026-00039,Kroger #565 Deli,1801 N LAKE FOREST DR,1801 N LAKE FOREST DR,,2026-06-16,2026-06-16,1,HEALTH2019-00006,False,,,,,,,,,Grocery/Market,Kroger - deli,national_regional,mainstream_supermarket,high
HEALTH2026-00040,KROGER #565 STARBUCKS,1801 N LAKE FOREST DR,1801 N LAKE FOREST DR,,2026-06-16,2026-06-16,1,HEALTH2025-00109,False,,,,,,,,,Grocery/Market,Starbucks/coffee counter inside Kroger #565,national_regional,mainstream_supermarket,medium
HEALTH2026-00041,Kroger #565 Bakery,1801 N LAKE FOREST DR,1801 N LAKE FOREST DR,,2026-06-16,2026-06-16,1,HEALTH2019-00004,False,,,,,,,,,Grocery/Market,Kroger - bakery,national_regional,mainstream_supermarket,high
HEALTH2026-00042,Kroger #565 Meat/Seafood,1801 N LAKE FOREST DR,1801 N LAKE FOREST DR,,2026-06-16,2026-06-16,1,HEALTH2019-00003,False,permits,Food Establishment,Issued,Biannual Inspections,3,UP,1.0,1.0,Grocery/Market,Kroger - meat,national_regional,mainstream_supermarket,high
HEALTH2026-00044,DUNKIN,5001 MCKINNEY RANCH PKWY,5001 MCKINNEY RANCH PKWY,,2026-03-09,2026-03-09,1,HEALTH2024-00174,False,permits,Food Establishment,Issued,Biannual Inspections,2,NC,0.0,1.0,Coffee/Cafe/Bakery/Dessert,donuts/coffee,national_regional,,high
HEALTH2026-00047,SHIPLEY DONUTS,3801 VIRGINIA PKWY 600,3801 VIRGINIA PKWY,600,2026-04-22,2026-04-22,1,HEALTH2026-00047,False,permits,Food Establishment,Issued,Biannual Inspections,2,UP,1.0,1.0,Coffee/Cafe/Bakery/Dessert,donuts,national_regional,,high
HEALTH2026-00058,Smokin' Jack's,315 S CHESTNUT ST,315 S CHESTNUT ST,,2026-04-11,2026-04-11,1,HEALTH2023-00071,True,trades_day_farmers_market,Farmers Market,Issued,Biannual Inspections,0,DN,0.0,1.0,Other non-restaurant,packaged smoked salmon (farmers market),independent,,medium
HEALTH2026-00061,Starbuck's #86366,7530 SH 121,7530 SH 121,,2026-04-01,2026-04-01,1,HEALTH2026-00061,False,permits,Food Establishment,Issued,Annual Inspection,4,DN,1.0,1.0,Coffee/Cafe/Bakery/Dessert,coffee,national_regional,,high
HEALTH2026-00069,SHORTY'S MCKINNEY,109 N KENTUCKY ST,109 N KENTUCKY ST,,2026-04-29,2026-04-29,1,HEALTH2026-00069,False,permits,Food Establishment,Issued,Biannual Inspections,6,UP,2.0,1.0,"American (sit-down, bars, venues)",hot dogs,independent,,medium
HEALTH2026-00072,CAFE ZUPAS,4004 W UNIVERSITY DR,4004 W UNIVERSITY DR,,2026-04-06,2026-04-06,1,HEALTH2026-00072,False,permits,Food Establishment,Issued,Annual Inspection,3,DN,1.0,1.0,Deli/Sandwich/Salad,salads,national_regional,,high
HEALTH2026-00074,LION AND CROWN,7951 COLLIN MCKINNEY PKWY 1600,7951 COLLIN MCKINNEY PKWY,1600,2026-05-01,2026-05-01,1,HEALTH2026-00074,False,permits,Food Establishment,Issued,Biannual Inspections,4,DN,0.0,1.0,"American (sit-down, bars, venues)",British pub,independent,,medium
HEALTH2026-00076,Arome Caribbean Fusion and Lounge,6851 VIRGINIA PKWY,6851 VIRGINIA PKWY,,2026-04-15,2026-04-15,1,HEALTH2026-00076,False,permits,Food Establishment,Issued,Biannual Inspections,7,UP,3.0,1.0,Other cuisine,Caribbean,independent,,high
HEALTH2026-00077,Diamond Pastry,4100 S RIDGE RD 100,4100 S RIDGE RD,100,2026-08-18,2026-08-18,1,HEALTH2026-00077,False,permits,Food Establishment,Issued,Biannual Inspections,0,DN,0.0,1.0,Coffee/Cafe/Bakery/Dessert,pastry,independent,,high
HEALTH2026-00089,MOONRISE LAKE LOUNGE,6601 MEDITERRANEAN DR 6101,6601 MEDITERRANEAN DR,6101,2026-07-10,2026-07-10,1,HEALTH2026-00089,False,permits,Food Establishment,Issued,Biannual Inspections,20,UP,6.0,1.0,Indian,Indian,independent,,medium
HEALTH2026-00100,TOASTED SIMPLE,402 E LOUISIANA ST 102,402 E LOUISIANA ST,102,2026-09-01,2026-09-01,1,HEALTH2026-00100,False,permits,Food Establishment,Issued,Biannual Inspections,5,UP,2.0,1.0,Unknown,,independent,,low
HEALTH2026-00101,Lean Kitchen,1 DUVALL ST,1 DUVALL ST,,2026-06-10,2026-06-10,1,HEALTH2026-00101,False,permits,Food Establishment,Issued,Biannual Inspections,0,DN,0.0,1.0,Other non-restaurant,vending (grab-and-go meals),local_multi,,low
HEALTH2026-00108,PARIS BAQUETTE,4660 W UNIVERSITY DR 310,4660 W UNIVERSITY DR,310,2026-04-06,2026-04-06,1,HEALTH2026-00108,False,permits,Food Establishment,Issued,Biannual Inspections,3,DN,1.0,1.0,Coffee/Cafe/Bakery/Dessert,bakery-cafe,national_regional,,high
HEALTH2026-00109,EMPORIUM PIES,107 S TENNESSEE ST,107 S TENNESSEE ST,,2026-06-04,2026-06-04,1,HEALTH2016-006461,False,permits,Food Establishment,Issued,Biannual Inspections,7,UP,2.0,1.0,Coffee/Cafe/Bakery/Dessert,pie bakery,local_multi,,high
HEALTH2026-00117,Juice Truck,4550 W UNIVERSITY DR,4550 W UNIVERSITY DR,,2026-03-11,2026-03-11,1,HEALTH2026-00117,True,,,,,,,,,Coffee/Cafe/Bakery/Dessert,juice/smoothies/ice cream truck,independent,,high
HEALTH2026-00139,MAMA'S IRON WOK,2741 VIRGINIA PKWY 500,2741 VIRGINIA PKWY,500,2026-06-08,2026-06-08,1,HEALTH2026-00139,False,permits,Food Establishment,Issued,Annual Inspection,25,UP,8.0,1.0,Chinese,Chinese,independent,,medium
HEALTH2026-00160,PIZZA HUT 788501,8408 STACY RD 150,8408 STACY RD,150,2026-08-26,2026-08-26,1,HEALTH2017-005077,False,permits,Food Establishment,Issued,Biannual Inspections,3,DN,1.0,1.0,Pizza/Italian,pizza,national_regional,,high
HEALTH2026-00213,FAMOUS SPICE,3300 ELDORADO PKWY 100,3300 ELDORADO PKWY,100,2026-06-24,2026-06-24,1,HEALTH2026-00213,False,permits,Food Establishment,Issued,Biannual Inspections,5,UP,1.0,1.0,Indian,Indian,independent,,low
HEALTH2026-00219,Trader Joe's,8101 ELDORADO PKWY,8101 ELDORADO PKWY,,2026-06-18,2026-06-18,1,HEALTH2026-00219,False,permits,Food Establishment,Issued,Biannual Inspections,1,DN,0.0,1.0,Grocery/Market,Trader Joe's,national_regional,mainstream_supermarket,high
HEALTH2026-00235,OAK & STONE,8575 W UNIVERSITY DR 150,8575 W UNIVERSITY DR,150,2026-06-01,2026-06-22,2,HEALTH2026-00235,False,permits,Food Establishment,Issued,Biannual Inspections,3,UP,1.0,2.0,Unknown,,unknown,,low
HEALTH2026-00267,MADRAS MOJO,4060 W UNIVERSITY DR 300,4060 W UNIVERSITY DR,300,2026-06-24,2026-06-24,1,HEALTH2026-00267,False,permits,Food Establishment,Issued,Biannual Inspections,19,UP,4.0,1.0,Indian,South Indian,independent,,high
HEALTH2026-00294,CHEN'S KITCHEN,6405 ELDORADO PKWY 600,6405 ELDORADO PKWY,600,2026-06-22,2026-06-22,1,HEALTH2026-00294,False,permits,Food Establishment,Issued,Biannual Inspections,11,UP,2.0,1.0,Chinese,Chinese,independent,,medium
HEALTH2026-00296,MEAT WALA,6701 COLLIN MCKINNEY PKWY 150,6701 COLLIN MCKINNEY PKWY,150,2026-06-05,2026-06-05,1,HEALTH2026-00296,False,permits,Food Establishment,Issued,Biannual Inspections,7,UP,2.0,1.0,Grocery/Market,meat market,independent,independent_specialty,high
HEALTH2026-00331, Tous Les Jours Mckinney,7645 S CUSTER RD 444,7645 S CUSTER RD,444,2026-08-21,2026-08-21,1,HEALTH2026-00331,False,permits,Food Establishment,Issued,Quarterly Inspections,0,DN,0.0,1.0,Coffee/Cafe/Bakery/Dessert,bakery-cafe,national_regional,,high
HEALTH2026-00332,Ilio's Greek & Lebanese Restaurant,210 N CUSTER RD 130,210 N CUSTER RD,130,2026-07-17,2026-07-17,1,HEALTH2026-00332,False,permits,Food Establishment,Issued,4 Months Inspections,10,DN,3.0,1.0,Mediterranean/Middle Eastern,Greek and Lebanese,independent,,high
HEALTH2026-00359,Hyderabad Wala,2414 W UNIVERSITY DR 200,2414 W UNIVERSITY DR,200,2026-07-06,2026-07-06,1,HEALTH2026-00359,False,permits,Food Establishment,Issued,Biannual Inspections,17,UP,5.0,1.0,Indian,Hyderabadi,independent,,high
HEALTH2026-00360,Mountain Mike's Pizza #466,8251 ELDORADO PKWY 100,8251 ELDORADO PKWY,100,2026-07-22,2026-07-22,1,HEALTH2026-00360,False,permits,Food Establishment,Issued,Biannual Inspections,5,UP,1.0,1.0,Pizza/Italian,pizza,national_regional,,high
HEALTH2026-00372, Mckinney Public Works-North Campus,3501 N CENTRAL EXPY,3501 N CENTRAL EXPY,,2026-07-21,2026-07-21,1,HEALTH2026-00372,False,permits,Food Establishment,Issued,Biannual Inspections,0,DN,0.0,1.0,Other non-restaurant,employee break room,independent,,medium
HEALTH2026-00378,Lelo's Coffee,402 E LOUISIANA ST 107,402 E LOUISIANA ST,107,2026-08-06,2026-08-06,1,HEALTH2026-00378,False,permits,Food Establishment,Issued,Biannual Inspections,7,UP,2.0,1.0,Coffee/Cafe/Bakery/Dessert,coffee,independent,,high
HEALTH2026-00384,Southern Steer Butcher,5100 ELDORADO PKWY 107,5100 ELDORADO PKWY,107,2026-08-04,2026-08-04,1,HEALTH2026-00384,False,permits,Food Establishment,Issued,Biannual Inspections,2,DN,0.0,1.0,Grocery/Market,meat market,national_regional,independent_specialty,high
HEALTH2026-00388,KING POT ,159 S CENTRAL EXPY,159 S CENTRAL EXPY,,2026-08-07,2026-08-07,1,HEALTH2026-00388,False,permits,Food Establishment,Issued,Annual Inspection,14,DN,4.0,1.0,Unknown,hot pot or seafood boil,unknown,,low
HEALTH2026-00389,King Donuts,4180 S LAKE FOREST DR 400,4180 S LAKE FOREST DR,400,2026-06-22,2026-06-22,1,HEALTH2026-00389,False,permits,Food Establishment,Issued,Quarterly Inspections,18,UP,6.0,1.0,Coffee/Cafe/Bakery/Dessert,donuts/bagels,independent,,high
HEALTH2026-00410,STOP-N-GO GYROS,301 N CUSTER RD 100,301 N CUSTER RD,100,2026-07-07,2026-07-07,1,HEALTH2026-00410,False,permits,Food Establishment,Issued,Annual Inspection,4,UP,1.0,1.0,Mediterranean/Middle Eastern,gyros,local_multi,,high
HEALTH2026-00416,Café LaFaye Coffee Co. Coffee Shop,407 E LOUISIANA ST 100,407 E LOUISIANA ST,100,2026-08-06,2026-08-06,1,HEALTH2026-00416,False,permits,Food Establishment,Issued,Annual Inspection,2,DN,1.0,1.0,Coffee/Cafe/Bakery/Dessert,coffee,independent,,high
HEALTH2026-00443,"Curries & Co LLC
",6701 COLLIN MCKINNEY PKWY 101A,6701 COLLIN MCKINNEY PKWY,101A,2026-08-24,2026-08-24,1,HEALTH2026-00443,False,permits,Food Establishment,Issued,Biannual Inspections,17,UP,6.0,1.0,Indian,Indian,independent,,medium
HEALTH2026-00448,Reggae Jerk Grill,7001 S CUSTER RD 600,7001 S CUSTER RD,600,2026-09-01,2026-09-01,1,HEALTH2026-00448,False,permits,Food Establishment,Issued,Biannual Inspections,12,NC,3.0,1.0,Other cuisine,Jamaican,independent,,high
