permit,establishment_name,all_names,address,all_addresses,first_inspection,last_inspection,inspections,inspections_socrata,inspections_wayback,inspections_weekly_listing,scored,unscored,mean_score,min_score,max_score,latest_score,latest_score_date,listed_in_captures,in_latest_capture,in_socrata
1006,The Forum,The Forum,"300 N Coit Rd 260, Richardson, TX 75080","300 N Coit Rd 260, Richardson, TX 75080",2015-12-31,2018-05-09,5,5,0,0,5,0,87.6,79,98,85,2018-05-09,,0,1
1015,Kroger #526 - Grocery,Kroger #526 - Grocery,536 Centennial Blvd,536 Centennial Blvd,2022-03-10,2025-08-08,4,0,4,0,4,0,98.5,96,100,99,2025-08-08,20240513021424;20240612124719;20251017180715,1,0
1016,Kroger #526 - Bakery/Deli,Kroger #526 - Bakery/Deli,536 Centennial Blvd,536 Centennial Blvd,2021-09-17,2025-08-08,8,0,8,0,8,0,93.88,90,98,93,2025-08-08,20240513021424;20240612124719;20251017180715,1,0
1017,Kroger #526 - Meat/Seafood Market,Kroger #526 - Meat/Seafood Market,536 Centennial Blvd,536 Centennial Blvd,2021-09-17,2025-08-08,8,0,8,0,8,0,93.38,91,96,93,2025-08-08,20240513021424;20240612124719;20251017180715,1,0
1023,Waffle House #1108,Waffle House | Waffle House #1108,120 W Spring Valley Rd,"120 W Spring Valley Rd | 120 W Spring Valley Rd, Richardson, TX 75081",2015-11-18,2025-10-02,17,6,11,0,14,3,87.79,74,96,95,2025-10-02,20240513021424;20240612124719;20251017180715,1,1
1033,Int'l. Buddhist Progress Society,Int'l. Buddhist Progress Society,1111 International Parkway,"1111 International Parkway | 1111 International Parkway, Richardson, TX 75081",2015-12-11,2025-03-13,12,5,7,0,12,0,93.75,84,99,96,2025-03-13,20240513021424;20240612124719;20251017180715,1,1
1036,Walgreens #3802,Walgreens #3802,2140 E Campbell Rd,2140 E Campbell Rd,2021-08-17,2025-08-28,5,0,5,0,5,0,98.4,96,100,99,2025-08-28,20240513021424;20240612124719;20251017180715,1,0
1045,Bains Brothers Petroleum #6,Bains Brothers Petroleum #6,591 W Campbell Rd,591 W Campbell Rd,2021-11-08,2024-12-02,4,0,4,0,4,0,93.5,91,96,96,2024-12-02,20240513021424;20240612124719;20251017180715,1,0
1058,Papa John's #1192,Papa John's #1192 | Papa John's Pizza,819 W. Arapaho Rd. 24A,"819 Arapaho Vlg 24A, Richardson, TX 75080 | 819 W. Arapaho Rd. 24A",2016-02-29,2025-04-11,17,7,10,0,15,2,93.6,87,100,91,2025-04-11,20240513021424;20240612124719;20251017180715,1,1
1117,Chase Place,Chase Place,1724 E Belt Line Rd,"1724 E Belt Line Rd | 1724 E Belt Line Rd, Richardson, TX 75081",2016-02-24,2025-07-10,14,6,8,0,14,0,89.36,85,92,85,2025-07-10,20240513021424;20240612124719;20251017180715,1,1
1118,Eurodelicatessen,Euro Delicatessen | Eurodelicatessen,670 N Coit Rd 2360,"670 N Coit Rd 2360 | 670 N Coit Rd 2360, Richardson, TX 75080",2016-02-12,2024-02-21,13,6,7,0,12,1,91.75,83,100,93,2024-02-14,20240513021424;20240612124719,0,1
1141,Sara's Market & Bakery,Sara's Market & Bakery,750 S Sherman St,"750 S Sherman St | 750 S Sherman St, Richardson, TX 75081",2016-03-02,2025-04-21,14,6,8,0,13,1,91.77,87,98,88,2025-04-21,20240513021424;20240612124719;20251017180715,1,1
1183,Main Street Shell,Main Street Shell,100 S Greenville Ave,100 S Greenville Ave,2021-09-21,2023-11-16,3,0,3,0,3,0,97.33,94,100,98,2023-11-16,20240513021424;20240612124719,0,0
1202,"J-Marquez & Sons, Berkner (Outdoor)","J-Marquez & Sons, Berkner (Outdoor)",1600 E Spring Valley Rd,1600 E Spring Valley Rd,2021-09-09,2024-05-09,5,0,5,0,5,0,95.6,93,98,96,2024-05-09,20240513021424;20240612124719,0,0
1203,"J-Marquez & Sons, Berkner (Indoor)","J-Marquez & Sons, Berkner (Indoor)",1600 E Spring Valley Rd,1600 E Spring Valley Rd,2021-09-17,2024-05-01,3,0,3,0,3,0,95.33,93,100,93,2024-05-01,20240513021424;20240612124719,0,0
1204,"J-Marquez & Sons, JJ Pearce (Field)","J-Marquez & Sons, JJ Pearce (Field)",1600 N Coit Rd,1600 N Coit Rd,2021-09-28,2024-05-22,3,0,3,0,3,0,95,90,98,97,2024-05-22,20240513021424;20240612124719,0,0
1205,"J-Marquez & Sons, JJ Pearce (Gym)","J-Marquez & Sons, JJ Pearce (Gym)",1600 N Coit Rd,1600 N Coit Rd,2021-10-08,2024-05-22,4,0,4,0,4,0,92.25,81,97,97,2024-05-22,20240513021424;20240612124719,0,0
1207,"J-Marquez & Sons, RHS-East (3)","J-Marquez & Sons, RHS-East (3)",1250 W Belt Line Rd,1250 W Belt Line Rd,2019-04-25,2023-11-30,5,0,4,1,5,0,95.4,92,100,92,2023-11-30,20240513021424;20240612124719,0,0
1208,"J-Marquez & Sons, RHS-West (2)","J-Marquez & Sons, RHS-West (2)",1250 W Belt Line Rd,1250 W Belt Line Rd,2019-04-25,2023-11-30,6,0,5,1,6,0,96.17,94,100,95,2023-11-30,20240513021424;20240612124719,0,0
1227,Tom Thumb #3637 - Grocery,Tom Thumb #3637 - Grocery,1380 W Campbell Rd,1380 W Campbell Rd,2021-12-01,2025-08-26,5,0,5,0,5,0,95,88,100,90,2025-08-26,20240513021424;20240612124719;20251017180715,1,0
1228,Tom Thumb #3637 - Meat Market,Tom Thumb #3637 - Meat Market,1380 W Campbell Rd,1380 W Campbell Rd,2021-07-13,2025-08-26,8,0,8,0,8,0,95.12,90,98,94,2025-08-26,20240513021424;20240612124719;20251017180715,1,0
1229,Tom Thumb #3637 - Bakery/Deli,Tom Thumb #3637 - Bakery/Deli,1380 W Campbell Rd,1380 W Campbell Rd,2021-07-13,2025-08-26,9,0,9,0,8,1,91.62,84,96,93,2025-08-26,20240513021424;20240612124719;20251017180715,1,0
1236,International House of Pancakes,International House of Pancakes,1010 S Central Expy,"1010 S Central Expy | 1010 S Central Expy, Richardson, TX 75080",2015-11-25,2025-07-14,14,5,9,0,12,2,93,78,100,100,2025-07-14,20240513021424;20240612124719;20251017180715,1,1
1245,Grand Cafe,Grand Cafe,1887 N Plano Rd,"1887 N Plano Rd | 1887 N Plano Rd, Richardson, TX 75081",2016-05-11,2025-10-15,14,5,9,0,13,1,83.77,74,93,75,2025-10-15,20240513021424;20240612124719;20251017180715,1,1
1258,La Madeleine,La Madeleine,1320 W Campbell Rd,"1320 W Campbell Rd | 1320 W Campbell Rd, Richardson, TX 75080",2016-02-09,2025-07-08,14,6,8,0,13,1,86.69,76,97,76,2025-07-08,20240513021424;20240612124719;20251017180715,1,1
1272,Mi Cocina,Mi Cocina,1370 W Campbell Rd,"1370 W Campbell Rd | 1370 W Campbell Rd, Richardson, TX 75080",2015-12-22,2025-05-29,14,6,8,0,14,0,89.36,76,95,92,2025-05-29,20240513021424;20240612124719;20251017180715,1,1
1275,International Bakery,International Bakery,405 N Interurban St,"405 N Interurban St | 405 N Interurban St, Richardson, TX 75081",2016-04-21,2025-07-10,14,5,9,0,14,0,96.57,87,100,97,2025-07-10,20240513021424;20240612124719;20251017180715,1,1
1281,Cake Carousel,Cake Carousel,"1002 N Central Expy 511, Richardson, TX 75080","1002 N Central Expy 511, Richardson, TX 75080",2016-02-25,2018-07-31,5,5,0,0,5,0,99.2,97,100,97,2018-07-31,,0,1
1288,McDonald's,McDonald's,"105 S Coit Rd, Richardson, TX 75080","105 S Coit Rd, Richardson, TX 75080",2015-11-17,2018-10-11,8,8,0,0,7,1,98.29,93,100,100,2018-10-11,,0,1
1293,Sonny Bryan's Smokehouse,Sonny Bryan's Smokehouse,1251 W Campbell Rd,"1251 W Campbell Rd | 1251 W Campbell Rd, Richardson, TX 75080",2015-11-25,2025-04-08,13,6,7,0,13,0,93.46,86,98,96,2025-04-08,20240513021424;20240612124719;20251017180715,1,1
1321,Christa McAuliffe Learning Center,Christa McAuliffe Learning Center,900 S Greenville Ave,900 S Greenville Ave,2021-10-28,2024-05-01,6,0,6,0,6,0,100,100,100,100,2024-05-01,20240513021424;20240612124719,0,0
1329,First Emperor,First Emperor,200 W Polk St A,"200 W Polk St A | 200 W Polk St A, Richardson, TX 75081",2015-12-22,2025-07-28,14,6,8,0,13,1,88.15,69,96,84,2025-07-28,20240513021424;20240612124719;20251017180715,1,1
1356,Tom Thumb #3641 - Grocery,Tom Thumb #3641 - Grocery,3411 Custer Pky,3411 Custer Pky,2021-06-30,2025-01-07,5,0,5,0,5,0,96.6,91,100,99,2025-01-07,20240513021424;20240612124719;20251017180715,1,0
1357,Tom Thumb #3641 - Meat Market,Tom Thumb #3641 - Meat Market,3411 Custer Pky,3411 Custer Pky,2021-06-30,2025-10-10,9,0,9,0,9,0,94.44,85,99,95,2025-10-10,20240513021424;20240612124719;20251017180715,1,0
1358,Tom Thumb #3641 - Bakery/Deli,Tom Thumb #3641 - Bakery/Deli,3411 Custer Pky,3411 Custer Pky,2021-06-30,2025-10-10,9,0,9,0,9,0,90.67,72,98,92,2025-10-10,20240513021424;20240612124719;20251017180715,1,0
1363,Ino Japanese Bistro,Ino Japanese Bistro,"1920 N. Coit Rd 250, Richardson, TX 75080","1920 N. Coit Rd 250, Richardson, TX 75080",2015-12-21,2018-08-15,6,6,0,0,6,0,89.33,81,93,87,2018-08-15,,0,1
1370,The House Cafe,House Cafe (The) | The House Cafe,801 Alpha Dr 101,"801 Alpha Dr 101 | 801 Alpha Dr 101, Richardson, TX 75081",2016-01-27,2025-08-11,13,5,8,0,13,0,95,86,100,92,2025-08-11,20240513021424;20240612124719;20251017180715,1,1
1380,Starbucks Coffee #6327,Starbucks Coffee | Starbucks Coffee #6327,710 W Renner Rd 220,"710 W Renner Rd 220 | 710 W Renner Rd 220, Richardson, TX 75080",2016-02-22,2024-03-06,12,6,6,0,12,0,95.75,92,99,93,2024-03-06,20240513021424;20240612124719,0,1
1412,Chili Gordos,Chili Gordos,"1151 N Jupiter 119, Richardson, TX 75081","1151 N Jupiter 119, Richardson, TX 75081",2016-05-13,2018-09-27,5,5,0,0,5,0,87.4,81,93,81,2018-09-27,,0,1
1436,Oakhill Inc. (BINGO),Oakhill Inc. (BINGO),2120 E Belt Line Rd,2120 E Belt Line Rd,2019-06-24,2025-07-07,9,0,8,1,9,0,94.89,90,98,93,2025-07-07,20240513021424;20240612124719;20251017180715,1,0
1441,Stinson Elementary,Stinson Elementary,4201 Greenfield Dr,4201 Greenfield Dr,2021-10-20,2025-05-06,8,0,8,0,8,0,99,95,100,100,2025-05-06,20240513021424;20240612124719;20251017180715,1,0
1460,Smoothie King,Smoothie King,342 W Campbell Rd,"342 W Campbell Rd | 342 W Campbell Rd, Richardson, TX 75080",2016-02-26,2025-09-15,11,6,5,0,11,0,97.18,92,100,96,2025-09-15,20240513021424;20240612124719;20251017180715,1,1
1463,Benny's Bagels,Benny's Bagels,955 E Campbell Rd 400,"955 E Campbell Rd 400 | 955 E Campbell Rd 400, Richardson, TX 75081",2016-04-28,2024-04-05,11,5,6,0,11,0,91.91,87,98,98,2024-04-05,20240513021424;20240612124719,0,1
1468,Tam's Restaurant,Tam's Restaurant,"714 W Spring Valley Rd, Richardson, TX 75080","714 W Spring Valley Rd, Richardson, TX 75080",2016-02-29,2018-09-24,7,7,0,0,6,1,80.33,72,86,84,2018-09-24,,0,1
1478,Gourmet Room,Gourmet Room,"1144 N Plano Rd 115, Richardson, TX 75081","1144 N Plano Rd 115, Richardson, TX 75081",2016-10-26,2018-08-30,4,4,0,0,4,0,89.25,87,91,91,2018-08-30,,0,1
1499,Starbucks Coffee,Starbucks Coffee,"2191 E Buckingham Rd, Richardson, TX 75081","2191 E Buckingham Rd, Richardson, TX 75081",2016-01-20,2018-10-03,6,6,0,0,6,0,97.5,96,100,96,2018-10-03,,0,1
1515,Indo Pak Supermarket,Indo Pak Supermarket,323 E Polk St,323 E Polk St,2021-06-24,2025-08-19,5,0,5,0,5,0,93.6,90,100,90,2025-08-19,20240513021424;20240612124719;20251017180715,1,0
1516,Indo Pak Market,Indo Pak Market,323 E Polk St,323 E Polk St,2021-06-24,2025-08-19,9,0,9,0,8,1,89.12,81,95,81,2025-08-19,20240513021424;20240612124719;20251017180715,1,0
1523,Thai Soon,Thai Soon | Thaisoon Restaurant,101 S Coit Rd 401,"101 S Coit Rd 401 | 101 S Coit Rd 401, Richardson, TX 75080",2016-01-19,2025-06-05,16,6,10,0,12,4,84.75,71,100,83,2025-05-14,20240513021424;20240612124719;20251017180715,1,1
1529,Walmart Neighborhood Market #2974 - Grocery,Walmart Neighborhood Market #2974 - Grocery,1501 E Buckingham Rd,1501 E Buckingham Rd,2022-03-11,2025-08-05,4,0,4,0,4,0,92.75,89,97,97,2025-08-05,20240513021424;20240612124719;20251017180715,1,0
1530,Walmart Neighborhood Market #2974 - Deli,Walmart Neighborhood Market #2974 - Deli,1501 E Buckingham Rd,1501 E Buckingham Rd,2021-09-17,2025-08-05,8,0,8,0,7,1,89.86,85,94,85,2025-08-05,20240513021424;20240612124719;20251017180715,1,0
1540,Subway #10640,Subway | Subway #10640,2000 N Plano Rd 104,"2000 N Plano Rd 104 | 2000 N Plano Rd 140 | 2000 N Plano Rd 140, Richardson, TX 75082",2016-03-29,2025-09-10,13,5,8,0,13,0,93.31,85,100,97,2025-09-10,20240513021424;20240612124719;20251017180715,1,1
1542,Pho Bac Restaurant,Pho Bac Restaurant,153 N Plano Rd,"153 N Plano Rd | 153 N Plano Rd, Richardson, TX 75081",2015-11-24,2025-08-27,20,6,14,0,13,7,78.38,67,87,80,2025-08-27,20240513021424;20240612124719;20251017180715,1,1
1562,Donut Place,Donut Place,"1151 N Jupiter 123, Richardson, TX 75081","1151 N Jupiter 123, Richardson, TX 75081",2016-01-05,2018-07-06,5,5,0,0,5,0,96.2,91,98,91,2018-07-06,,0,1
1584,Glory Chinese Restaurant,Glory Chinese Restaurant,"1240 E Belt Line Rd, Richardson, TX 75081","1240 E Belt Line Rd, Richardson, TX 75081",2015-11-16,2018-08-22,6,6,0,0,6,0,85,80,91,85,2018-08-22,,0,1
1594,Arapaho Bingo,Arapaho Bingo,580 W Arapaho Rd,580 W Arapaho Rd,2021-06-10,2025-05-01,7,0,7,0,7,0,91.86,88,97,89,2025-05-01,20240513021424;20240612124719;20251017180715,1,0
1598,Dollar General #584,Dollar General #584,1455 Buckingham Rd 200,1455 Buckingham Rd 200,2022-03-03,2025-04-01,4,0,4,0,4,0,96.75,95,100,95,2025-04-01,20240513021424;20240612124719;20251017180715,1,0
1600,The Wellington at Arapaho,The Wellington at Arapaho | Wellington at Arapaho,600 W Arapaho Rd,600 W Arapaho Rd,2019-06-25,2025-05-06,11,0,10,1,8,3,91.88,85,99,91,2025-05-06,20240513021424;20240612124719;20251017180715,1,0
1602,Indo Pak Cafe,Indo Pak Cafe,323 E Polk St,"323 E Polk St | 323 E Polk St, Richardson, TX 75081",2015-12-18,2025-08-19,21,9,12,0,15,6,80.2,68,94,79,2025-08-19,20240513021424;20240612124719;20251017180715,1,1
1605,Cafe Max,Cafe Max,1600 Alma Rd,"1600 Alma Rd | 1600 Alma Rd, Richardson, TX 75081",2016-02-04,2025-10-07,17,5,12,0,14,3,91.43,86,95,95,2025-10-07,20240513021424;20240612124719;20251017180715,1,1
1626,Braums #57,Braums | Braums #57,518 Centennial Blvd,"518 Centennial Blvd | 518 Centennial Blvd, Richardson, TX 75081",2016-03-25,2025-05-13,14,5,9,0,13,1,91.46,86,97,90,2025-05-13,20240513021424;20240612124719;20251017180715,1,1
1628,Royal Sweets,Royal Sweets,524 W Belt Line Rd,"524 W Belt Line Rd | 524 W Belt Line Rd, Richardson, TX 75080",2015-11-23,2025-07-29,18,7,11,0,16,2,84.62,73,93,88,2025-07-29,20240513021424;20240612124719;20251017180715,1,1
1633,Target Stores #1430 - Bakery,Target Stores #1430 - Bakery,601 S Plano Rd,601 S Plano Rd,2021-09-17,2025-09-15,9,0,9,0,9,0,99.33,98,100,98,2025-09-15,20240513021424;20240612124719;20251017180715,1,0
1634,Target Stores #1430 - Deli,Target Stores #1430 - Deli,601 S Plano Rd,601 S Plano Rd,2021-09-17,2025-09-15,8,0,8,0,8,0,96.88,92,99,98,2025-09-15,20240513021424;20240612124719;20251017180715,1,0
1635,Target Stores #1430 - Grocery,Target Stores #1430 - Grocery,601 S Plano Rd,601 S Plano Rd,2022-03-15,2025-08-05,4,0,4,0,4,0,98.75,97,100,100,2025-08-05,20240513021424;20240612124719;20251017180715,1,0
1636,Target Stores #1430 - Meat Market,Target Stores #1430 - Meat Market,601 S Plano Rd,601 S Plano Rd,2021-09-17,2025-09-15,5,0,5,0,5,0,98.8,98,100,98,2025-09-15,20240513021424;20240612124719;20251017180715,1,0
1637,Target Stores #1430 - Produce,Target Stores #1430 - Produce,601 S Plano Rd,601 S Plano Rd,2021-09-17,2025-09-15,5,0,5,0,5,0,99,98,100,98,2025-09-15,20240513021424;20240612124719;20251017180715,1,0
1638,Target Stores #1430 - Restaurant/Food Avenue,Target Stores #1430 - Restaurant/Food Avenue,601 S Plano Rd,601 S Plano Rd,2021-09-17,2025-09-15,8,0,8,0,8,0,98.75,98,100,98,2025-09-15,20240513021424;20240612124719;20251017180715,1,0
1639,Target Stores #1430 - Starbucks,Target Stores #1430 - Starbucks,601 S Plano Rd,601 S Plano Rd,2021-09-17,2025-08-05,8,0,8,0,8,0,98.75,98,100,100,2025-08-05,20240513021424;20240612124719;20251017180715,1,0
1647,Cappuccino Italian Bistro,Cappuccino Italian Bistro,1310 W Campbell Rd 135,"1310 W Campbell Rd 135 | 1310 W Campbell Rd 135, Richardson, TX 75080",2016-01-29,2025-09-24,15,6,9,0,14,1,87.21,72,94,87,2025-09-24,20240513021424;20240612124719;20251017180715,1,1
1661,Walgreens #06663,Walgreens #06663,4201 E Renner Rd,4201 E Renner Rd,2021-09-02,2025-09-22,5,0,5,0,5,0,99.2,97,100,100,2025-09-22,20240513021424;20240612124719;20251017180715,1,0
1682,Masala Wok,Masala Wok,1310 W Campbell Rd 110,"1310 W Campbell Rd 110 | 1310 W Campbell Rd 110, Richardson, TX 75080",2016-04-06,2025-06-26,17,6,11,0,15,2,79.67,69,92,89,2025-06-26,20240513021424;20240612124719;20251017180715,1,1
1688,Noodle Wave,Noodle Wave,1490 W Spring Valley Rd,"1490 W Spring Valley Rd | 1490 W Spring Valley Rd, Richardson, TX 75080",2016-01-27,2025-07-15,20,5,15,0,15,5,80.6,61,95,83,2025-07-15,20240513021424;20240612124719;20251017180715,1,1
1693,Chick-Fil-A,Chick-Fil-A,603 S Plano Rd,"603 S Plano Rd | 603 S Plano Rd, Richardson, TX 75081",2016-03-21,2025-06-13,16,6,10,0,13,3,93.85,89,99,96,2025-06-13,20240513021424;20240612124719;20251017180715,1,1
1704,Pho Tay Do,Pho Tay Do,"1403 E Campbell Rd 104, Richardson, TX 75081","1403 E Campbell Rd 104, Richardson, TX 75081",2015-11-24,2018-09-13,6,6,0,0,6,0,86.33,83,92,85,2018-09-13,,0,1
1717,CVS Pharmacy #5259,CVS Pharmacy #5259,2129 E Belt Line Rd,2129 E Belt Line Rd,2021-07-06,2025-10-06,5,0,5,0,5,0,98.4,96,100,98,2025-10-06,20240513021424;20240612124719;20251017180715,1,0
1723,Habibi Cafe,Habibi Cafe,"201 E Main St, Richardson, TX 75081","201 E Main St, Richardson, TX 75081",2016-01-21,2018-06-13,4,4,0,0,4,0,95.25,91,100,91,2018-06-13,,0,1
1728,UTD - The Pub,UTD - The Pub,"800 W Campbell Road, Richardson, TX 75080","800 W Campbell Road, Richardson, TX 75080",2016-01-27,2018-10-30,6,6,0,0,6,0,96.33,92,98,92,2018-10-30,,0,1
1734,Chipotle Mexican Grill - 0396,Chipotle Mexican Grill | Chipotle Mexican Grill - 0396,283 W Campbell Rd,"283 W Campbell Rd | 283 W Campbell Rd, Richardson, TX 75080",2016-01-14,2025-05-01,14,6,8,0,14,0,96.64,91,100,91,2025-05-01,20240513021424;20240612124719;20251017180715,1,1
1741,Pho Pasteur Restaurant,Pho Pasteur Restaurant,1342 E Belt Line Rd,"1342 E Belt Line Rd | 1342 E Belt Line Rd, Richardson, TX 75081",2016-02-24,2025-07-31,18,7,11,0,14,4,81.36,76,90,82,2025-07-31,20240513021424;20240612124719;20251017180715,1,1
1748,Lonestar Grill & Sports Cafe,Lonestar Grill & Sports Cafe,1144 N Plano Rd 123,"1144 N Plano Rd 123 | 1144 N Plano Rd 123, Richardson, TX 75081",2015-12-28,2025-08-04,17,5,12,0,12,5,88.25,79,99,96,2025-08-04,20240513021424;20240612124719;20251017180715,1,1
1749,St. Joseph's Catholic Church School,St. Joseph's Catholic Church School,600 S Jupiter Rd,600 S Jupiter Rd,2021-10-26,2025-04-04,7,0,7,0,7,0,95.14,94,96,96,2025-04-04,20240513021424;20240612124719;20251017180715,1,0
1756,Subway #5750,Subway | Subway #5750,512 N Coit 2055,"512 N Coit 2055 | 512 N Coit 2055, Richardson, TX 75080",2015-11-20,2025-07-14,17,6,11,0,16,1,91.25,76,100,88,2025-07-14,20240513021424;20240612124719;20251017180715,1,1
1767,UTD - AFC Sushi Bar,UTD - AFC Sushi Bar | UTD - Sushi Bar,2601 N Floyd Rd,"2601 N Floyd Rd | 800 W Campbell Road | 800 W Campbell Road, Richardson, TX 75080",2016-01-27,2025-09-30,14,6,8,0,14,0,99.14,95,100,97,2025-09-30,20240513021424;20240612124719;20251017180715,1,1
9184,St. Paul School Cafeteria,St. Paul School Cafeteria,720 S Floyd Rd,720 S Floyd Rd,2019-04-24,2019-04-24,1,0,0,1,1,0,100,100,100,100,2019-04-24,,0,0
9205,Jess Harben Elementary,Jess Harben Elementary,600 S Glenville Dr,600 S Glenville Dr,2021-10-28,2025-05-15,8,0,8,0,8,0,99.38,97,100,100,2025-05-15,20240513021424;20240612124719;20251017180715,1,0
9220,Arapaho Classical Magnet Elementary,Arapaho Classical Magnet Elementary,1300 Cypress Dr,1300 Cypress Dr,2019-04-23,2025-04-29,9,0,8,1,9,0,99.11,98,100,100,2025-04-29,20240513021424;20240612124719;20251017180715,1,0
9221,Canyon Creek Elementary,Canyon Creek Elementary,2100 Copper Ridge Dr,2100 Copper Ridge Dr,2021-10-15,2025-05-15,8,0,8,0,8,0,98.25,96,100,100,2025-05-15,20240513021424;20240612124719;20251017180715,1,0
9222,Dover Elementary,Dover Elementary,700 Dover Dr,700 Dover Dr,2019-04-24,2024-10-18,8,0,7,1,8,0,95.25,89,99,89,2024-10-18,20240513021424;20240612124719;20251017180715,1,0
9223,Greenwood Hills Elementary,Greenwood Hills Elementary,1313 West Shore Dr,1313 West Shore Dr,2019-04-23,2024-05-21,7,0,6,1,7,0,99.14,97,100,97,2024-05-21,20240513021424;20240612124719,0,0
9224,Mark Twain Elementary,Mark Twain Elementary,"1300 Larkspur Dr,","1300 Larkspur Dr,",2021-11-04,2025-05-15,9,0,9,0,9,0,97.22,84,100,100,2025-05-15,20240513021424;20240612124719;20251017180715,1,0
9225,Mohawk Elementary,Mohawk Elementary,1500 Mimosa Dr,1500 Mimosa Dr,2019-04-26,2025-05-15,9,0,8,1,9,0,97.89,95,100,96,2025-05-15,20240513021424;20240612124719;20251017180715,1,0
9226,Northrich Elementary,Northrich Elementary,1301 Custer Rd,1301 Custer Rd,2019-04-23,2025-05-16,9,0,8,1,9,0,97.44,92,100,100,2025-05-16,20240513021424;20240612124719;20251017180715,1,0
9227,Richardson Heights Elementary,Richardson Heights Elementary,101 N Floyd Rd,101 N Floyd Rd,2021-10-18,2025-05-08,8,0,8,0,8,0,97.75,93,100,100,2025-05-08,20240513021424;20240612124719;20251017180715,1,0
9228,Math Science Tech Magnet,Math Science Tech Magnet,450 Abrams Rd,450 Abrams Rd,2021-10-28,2025-05-15,8,0,8,0,8,0,99.38,97,100,100,2025-05-15,20240513021424;20240612124719;20251017180715,1,0
9229,Richardson High School,Richardson High School,1250 W Belt Line Rd,1250 W Belt Line Rd | 1309 Holly Dr,2021-10-07,2025-04-14,8,0,8,0,8,0,98.5,95,100,100,2025-04-14,20240513021424;20240612124719;20251017180715,1,0
9230,Richardson North Junior High School,Richardson North Junior High School,1820 N Floyd Rd,1820 N Floyd Rd,2021-10-19,2025-05-16,8,0,8,0,8,0,98.88,95,100,100,2025-05-16,20240513021424;20240612124719;20251017180715,1,0
9231,Terrace Elementary,Terrace Elementary,300 N Dorothy Dr,300 N Dorothy Dr,2021-10-28,2025-04-04,9,0,9,0,9,0,99,95,100,100,2025-04-04,20240513021424;20240612124719;20251017180715,1,0
9232,Richardson West Junior High School,Richardson West Junior High School,1309 Holly Dr,1309 Holly Dr,2021-10-18,2025-05-16,8,0,8,0,8,0,97.62,96,99,98,2025-05-16,20240513021424;20240612124719;20251017180715,1,0
9234,Spring Creek B.B.Q.,Spring Creek B.B.Q. | Spring Creek Barbeque,270 N Central Expy,"270 N Central Expy | 270 N Central Expy, Richardson, TX 75080",2015-12-17,2025-09-25,14,5,9,0,13,1,88.85,83,94,92,2025-09-25,20240513021424;20240612124719;20251017180715,1,1
9252,Jason's Deli,Jason's Deli,101 S Coit Rd 385,"101 S Coit Rd 385 | 101 S Coit Rd 385, Richardson, TX 75080",2015-12-09,2025-04-02,13,6,7,0,13,0,95.38,87,100,98,2025-04-02,20240513021424;20240612124719;20251017180715,1,1
9282,Oriental Express,Oriental Express,1600 N Plano Rd 2000,"1600 N Plano Rd 2000 | 1600 N Plano Rd 2000, Richardson, TX 75081",2015-12-08,2025-10-16,15,5,10,0,13,2,82.31,74,92,85,2025-10-16,20240513021424;20240612124719;20251017180715,1,1
9294,"Royal Catering, Inc.","Royal Catering, Inc.",800 S Central Expy,800 S Central Expy,2021-08-24,2025-08-27,13,0,13,0,10,3,86.5,75,100,89,2025-08-27,20240513021424;20240612124719;20251017180715,1,0
9308,Chili's #20,Chili's | Chili's #20,329 W Spring Valley Rd,"329 W Spring Valley Rd | 329 W Spring Valley Rd, Richardson, TX 75081",2015-11-12,2025-05-13,15,6,9,0,14,1,93.21,84,98,97,2025-05-13,20240513021424;20240612124719;20251017180715,1,1
9313,Canyon Creek Country Club Main Kitchen,Canyon Creek Country Club Main Kitchen,625 W Lookout Dr,"625 W Lookout Dr | 625 W Lookout Dr, Richardson, TX 75080",2016-01-28,2025-06-18,13,6,7,0,13,0,89.85,81,98,81,2025-06-18,20240513021424;20240612124719;20251017180715,1,1
9322,777 Club,777 Club,777 S Central Expy 2D,"777 S Central Expy 2D | 777 S Central Expy 2D, Richardson, TX 75080",2016-03-03,2025-10-07,16,6,10,0,15,1,94.6,82,100,94,2025-10-07,20240513021424;20240612124719;20251017180715,1,1
9362,Richardson VFW Post #8627,Richardson VFW Post #8627,1040 Hampshire Ln,1040 Hampshire Ln,2021-08-30,2025-07-01,8,0,8,0,8,0,94.38,90,97,90,2025-07-01,20240513021424;20240612124719;20251017180715,1,0
9381,Maria's Bakery,Maria's Bakery,117 S Central Expy,"117 S Central Expy | 117 S Central Expy, Richardson, TX 75080",2015-12-11,2025-05-05,14,6,8,0,13,1,97.46,92,100,92,2025-05-05,20240513021424;20240612124719;20251017180715,1,1
9418,Yale Elementary Cafeteria,Yale Elementary Cafeteria,1900 E Collins Blvd,1900 E Collins Blvd,2021-10-21,2025-05-07,8,0,8,0,8,0,98.38,95,100,100,2025-05-07,20240513021424;20240612124719;20251017180715,1,0
9436,Methodist Richardson Medical Center - Campbell,Methodist Richardson Medical Center - Campbell,401 W Campbell Rd,401 W Campbell Rd,2021-09-09,2025-06-09,7,0,7,0,7,0,91.71,85,97,87,2025-06-09,20240513021424;20240612124719;20251017180715,1,0
9443,EZ Shop #2,EZ Shop #2,818 S Central Expy 21,818 S Central Expy 21,2021-08-13,2025-08-11,8,0,8,0,8,0,92.5,87,100,95,2025-08-11,20240513021424;20240612124719;20251017180715,1,0
9450,EZ Shop #8,EZ Shop #8,504 W Arapaho Rd,504 W Arapaho Rd,2021-05-26,2025-09-17,9,0,9,0,9,0,94,85,100,92,2025-09-17,20240513021424;20240612124719;20251017180715,1,0
9469,Sugarless deLite,Sugarless deLite,1389 W Campbell Rd,"1389 W Campbell Rd | 1389 W Campbell Rd, Richardson, TX 75080",2016-02-01,2024-01-26,12,6,6,0,11,1,95.09,91,98,93,2024-01-26,20240513021424;20240612124719,0,1
9500,Berkner High School,Berkner High School,1600 E Spring Valley Rd,1600 E Spring Valley Rd,2021-10-26,2025-05-16,8,0,8,0,8,0,97.88,96,100,100,2025-05-16,20240513021424;20240612124719;20251017180715,1,0
9501,Apollo Jr. High School,Apollo Jr. High School,1600 Apollo Rd,1600 Apollo Rd,2021-10-29,2025-05-16,8,0,8,0,8,0,99.5,97,100,100,2025-05-16,20240513021424;20240612124719;20251017180715,1,0
9518,Pappadeaux Seafood Kitchen,Pappadeaux Seafood Kitchen,725 S Central Expy,"725 S Central Expy | 725 S Central Expy, Richardson, TX 75080",2016-04-07,2025-05-19,13,5,8,0,13,0,95.38,86,99,95,2025-05-19,20240513021424;20240612124719;20251017180715,1,1
9526,AMF Richardson Bowl,AMF Richardson Bowl,2101 N Central Expy,2101 N Central Expy,2021-06-23,2025-09-26,8,0,8,0,8,0,89.5,77,97,91,2025-09-26,20240513021424;20240612124719;20251017180715,1,0
9536,Pappasitos Cantina,Pappasitos Cantina,723 S Central Expy,"723 S Central Expy | 723 S Central Expy, Richardson, TX 75080",2016-04-07,2025-07-14,10,6,4,0,9,1,94.11,88,98,95,2025-07-14,20240513021424;20240612124719;20251017180715,1,1
9546,Donut Depot,Donut Depot,1455 E Buckingham Rd 104,"1455 E Buckingham Rd 104 | 1455 E Buckingham Rd 104, Richardson, TX 75081",2015-12-23,2024-01-09,12,6,6,0,12,0,96.67,94,100,97,2024-01-09,20240513021424;20240612124719,0,1
9560,Chien Garden,Chien Garden,"1144 N Plano Rd 121, Richardson, TX 75081","1144 N Plano Rd 121, Richardson, TX 75081",2015-12-28,2018-07-18,5,5,0,0,5,0,82.2,72,91,72,2018-07-18,,0,1
9565,First Chinese B.B.Q.,First Chinese B.B.Q.,111 S Greenville Ave,"111 S Greenville Ave | 111 S Greenville Ave, Richardson, TX 75081 | 1475 E Belt Line Rd 260",2015-11-18,2025-06-12,16,6,10,0,13,3,85.54,79,92,86,2025-06-12,20240513021424;20240612124719;20251017180715,1,1
9576,Sherrill Park Concession,Sherrill Park Concession,2001 E Lookout Dr,2001 E Lookout Dr,2021-09-03,2025-04-17,8,0,8,0,8,0,96.25,90,100,100,2025-04-17,20240513021424;20240612124719;20251017180715,1,0
9586,Great Outdoor Sub Shop,Great Outdoor Sub Shop,"242 W Campbell Rd, Richardson, TX 75080","242 W Campbell Rd, Richardson, TX 75080",2015-12-11,2018-09-04,6,6,0,0,6,0,97,91,99,99,2018-09-04,,0,1
9622,J. J. Pearce High School,J. J. Pearce High School,1600 N Coit Rd,1600 N Coit Rd,2021-10-14,2025-05-14,7,0,7,0,7,0,98.71,96,100,96,2025-05-14,20240513021424;20240612124719;20251017180715,1,0
9623,Richland Elementary School,Richland Elementary School,550 Park Bend Dr,550 Park Bend Dr,2021-10-28,2025-05-15,7,0,7,0,7,0,99.29,97,100,100,2025-05-15,20240513021424;20240612124719;20251017180715,1,0
9624,Dartmouth Elementary,Dartmouth Elementary,417 Dartmouth Ln,417 Dartmouth Ln,2021-11-04,2025-04-04,7,0,7,0,7,0,97.86,95,100,98,2025-04-04,20240513021424;20240612124719;20251017180715,1,0
9625,Springridge Elementary,Springridge Elementary,1801 E Spring Valley Rd,1801 E Spring Valley Rd,2021-10-26,2024-04-17,5,0,5,0,5,0,98.8,96,100,100,2024-04-17,20240513021424;20240612124719;20251017180715,1,0
9642,W. P. Aldridge Elementary,W. P. Aldridge Elementary,720 Pleasant Valley Ln,720 Pleasant Valley Ln,2021-10-19,2025-05-15,8,0,8,0,8,0,97.25,93,100,100,2025-05-15,20240513021424;20240612124719;20251017180715,1,0
9680,Taco Bueno #3021,Taco Bueno | Taco Bueno #3021,2113 E Belt Line Rd,"2113 E Belt Line Rd | 2113 E Belt Line Rd, Richardson, TX 75081",2016-04-26,2025-10-09,19,5,14,0,15,4,90.07,84,97,90,2025-10-09,20240513021424;20240612124719;20251017180715,1,1
9681,Honeybaked Ham,Honeybaked Ham,101 S Coit Rd 369,101 S Coit Rd 369,2021-11-23,2025-04-15,4,0,4,0,4,0,95.25,92,99,97,2025-04-15,20240513021424;20240612124719;20251017180715,1,0
9686,Burger Street,Burger Street,514 W Belt Line Rd,"514 W Belt Line Rd | 514 W Belt Line Rd, Richardson, TX 75080",2015-12-14,2025-05-12,16,7,8,1,16,0,93.62,84,100,91,2025-05-12,20240513021424;20240612124719;20251017180715,1,1
9694,Courtyard by Marriott (Sherman),Courtyard by Marriott (Sherman),1000 S Sherman St,1000 S Sherman St,2021-08-19,2025-09-02,8,0,8,0,8,0,94.88,92,97,95,2025-09-02,20240513021424;20240612124719;20251017180715,1,0
9706,"The Leaves, Inc.","The Leaves, Inc.",1230 W Spring Valley Rd,1230 W Spring Valley Rd,2021-07-27,2025-05-01,8,0,8,0,8,0,94.5,90,100,100,2025-05-01,20240513021424;20240612124719;20251017180715,1,0
9710,Albertson's #4260 - Grocery,Albertson's #4260 - Grocery,2165 E Buckingham Rd,2165 E Buckingham Rd,2021-06-23,2025-08-11,5,0,5,0,5,0,96.4,93,99,98,2025-08-11,20240513021424;20240612124719;20251017180715,1,0
9711,Albertson's #4260 - Bakery/Deli,Albertson's #4260 - Bakery/Deli,2165 E Buckingham Rd,2165 E Buckingham Rd,2019-04-24,2025-09-15,10,0,9,1,9,1,95.44,92,99,95,2025-09-15,20240513021424;20240612124719;20251017180715,1,0
9712,Albertson's #4260 - Meat Market,Albertson's #4260 - Meat Market,2165 E Buckingham Rd,2165 E Buckingham Rd,2019-04-24,2025-09-15,9,0,8,1,9,0,98.33,96,100,98,2025-09-15,20240513021424;20240612124719;20251017180715,1,0
9727,Tom Thumb #2526 - Grocery,Tom Thumb #2526 - Grocery,39 Arapaho Vlg,39 Arapaho Vlg,2022-01-28,2025-03-07,4,0,4,0,4,0,99.5,99,100,100,2025-03-07,20240513021424;20240612124719;20251017180715,1,0
9728,Tom Thumb #2526 - Meat Market,Tom Thumb #2526 - Meat Market,39 Arapaho Vlg,39 Arapaho Vlg,2021-08-20,2025-06-23,9,0,9,0,8,1,96.25,92,98,97,2025-06-23,20240513021424;20240612124719;20251017180715,1,0
9729,Tom Thumb #2526 - Bakery/Deli,Tom Thumb #2526 - Bakery/Deli,39 Arapaho Vlg,39 Arapaho Vlg,2021-08-20,2025-06-23,8,0,8,0,8,0,94.5,87,100,99,2025-06-23,20240513021424;20240612124719;20251017180715,1,0
9744,Dos Charros,Dos Charros,1425 E. Beltline Rd. 108,"108 University Village Dr., Richardson, TX 75080 | 1425 E. Beltline Rd. 108",2016-02-01,2025-07-28,15,5,10,0,13,2,85.62,71,94,90,2025-07-28,20240513021424;20240612124719;20251017180715,1,1
9788,Golden Chick,Golden Chick,445 W Arapaho Rd,"445 W Arapaho Rd | 445 W Arapaho Rd, Richardson, TX 75080",2015-12-08,2025-06-19,13,6,7,0,13,0,92.62,83,97,95,2025-06-19,20240513021424;20240612124719;20251017180715,1,1
9893,American Legion Post #368,American Legion Post #368,940 E Belt Line Rd 164,940 E Belt Line Rd 164,2021-10-26,2025-07-08,8,0,8,0,8,0,97.25,92,100,100,2025-07-08,20240513021424;20240612124719;20251017180715,1,0
9895,"Penalty Box, Inc.","Penalty Box, Inc.","1251 Digital Dr, Richardson, TX 75081","1251 Digital Dr, Richardson, TX 75081",2016-01-28,2018-09-27,5,5,0,0,5,0,98.2,91,100,91,2018-09-27,,0,1
9902,Kebab-N-Kurry,Kebab-N-Kurry,401 N Central Expy 300,"401 N Central Expy 300 | 401 N Central Expy 300, Richardson, TX 75080",2015-11-24,2024-04-23,14,7,7,0,10,4,84.3,72,95,95,2024-04-11,20240513021424;20240612124719,0,1
9909,Whataburger #209,Whataburger | Whataburger #209,1910 N Coit Rd,"1910 N Coit Rd | 1910 N Coit Rd, Richardson, TX 75080",2016-02-01,2025-08-15,14,6,8,0,14,0,93.86,83,100,83,2025-08-15,20240513021424;20240612124719;20251017180715,1,1
9919,Ci Ci's Pizza,Ci Ci's Pizza,"635 W Campbell Rd 300, Richardson, TX 75080","635 W Campbell Rd 300, Richardson, TX 75080",2016-02-26,2018-08-08,6,6,0,0,6,0,93.17,90,99,90,2018-08-08,,0,1
9963,Miller Elementary,Miller Elementary,5651 Coventry Dr,5651 Coventry Dr,2021-10-20,2025-05-06,8,0,8,0,8,0,99.38,97,100,97,2025-05-06,20240513021424;20240612124719;20251017180715,1,0
9966,Wizards Sports Cafe,Wizards Sports Cafe,747 S Central Expy,"747 S Central Expy | 747 S Central Expy, Richardson, TX 75080",2015-12-14,2025-06-09,18,6,12,0,14,4,82.79,72,100,86,2025-06-09,20240513021424;20240612124719;20251017180715,1,1
9979,Canton Chinese Restaurant,Canton Chinese Restaurant,400 N Greenville Ave 25,"400 N Greenville Ave 25 | 400 N Greenville Ave 25, Richardson, TX 75081",2015-12-08,2025-08-07,16,5,11,0,13,3,82.85,73,97,73,2025-07-31,20240513021424;20240612124719;20251017180715,1,1
9984,Kroger #517 - Grocery,Kroger #517 - Grocery,160 N Coit Rd,160 N Coit Rd,2021-05-27,2025-08-12,5,0,5,0,5,0,94.6,86,99,98,2025-08-12,20240513021424;20240612124719;20251017180715,1,0
9985,Kroger #517 - Bakery/Deli,Kroger #517 - Bakery/Deli,160 N Coit Rd,160 N Coit Rd,2021-05-27,2025-09-12,13,0,13,0,9,4,92,88,97,97,2025-09-12,20240513021424;20240612124719;20251017180715,1,0
9986,Kroger #517 - Meat Market/Seafood,Kroger #517 - Meat Market/Seafood,160 N Coit Rd,160 N Coit Rd,2021-05-27,2025-09-12,12,0,12,0,9,3,93.56,89,98,98,2025-09-12,20240513021424;20240612124719;20251017180715,1,0
9996,Lindan Park,Lindan Park,1510 N Plano Rd,1510 N Plano Rd,2021-10-19,2025-04-08,7,0,7,0,7,0,91.57,80,98,97,2025-04-08,20240513021424;20240612124719;20251017180715,1,0
10004,Dollar Tree #1137,Dollar Tree #1137,1750 E Belt Line Rd,1750 E Belt Line Rd,2022-03-03,2025-04-07,5,0,5,0,4,1,97.75,93,100,93,2025-04-01,20240513021424;20240612124719;20251017180715,1,0
10093,Kirin Court Restaurant,Kirin Court | Kirin Court Restaurant,221 W Polk St 201,"221 W Polk St 201 | 221 W Polk St 201, Richardson, TX 75081",2015-12-14,2025-04-23,15,6,9,0,13,2,80.38,64,91,71,2025-04-23,20240513021424;20240612124719;20251017180715,1,1
10095,Wing Stop,Wing Stop,908 Audelia Rd 600,"908 Audelia Rd 600 | 908 Audelia Rd 600, Richardson, TX 75081",2016-05-09,2025-09-11,14,5,9,0,14,0,93.43,85,99,95,2025-09-11,20240513021424;20240612124719;20251017180715,1,1
10104,Prince Food Systems @Fujitsu,Prince Food Systems @Fujitsu,"2801 Telecom Pky, Richardson, TX 75082","2801 Telecom Pky, Richardson, TX 75082",2015-11-19,2018-10-18,6,6,0,0,6,0,96,92,100,95,2018-10-18,,0,1
10105,Big Lots #4143,Big Lots #4143,1322 S Plano Rd 200,1322 S Plano Rd 200,2021-07-02,2022-07-27,2,0,2,0,2,0,98.5,98,99,98,2022-07-27,20240513021424;20240612124719,0,0
10108,Dollar General #3560,Dollar General #3560,531 W Arapaho Rd,531 W Arapaho Rd,2021-05-26,2025-06-10,5,0,5,0,5,0,96.6,89,99,99,2025-06-10,20240513021424;20240612124719;20251017180715,1,0
10109,Jasmine Market & Cafe,Jasmine Market & Cafe,"107 E Main St, Richardson, TX 75081","107 E Main St, Richardson, TX 75081",2016-05-25,2018-02-23,4,4,0,0,4,0,87.25,82,91,91,2018-02-23,,0,1
10110,Little Caesars Pizza,Little Caesars Pizza,"101 S Coit Rd 397, Richardson, TX 75080","101 S Coit Rd 397, Richardson, TX 75080",2015-11-17,2018-10-11,8,8,0,0,8,0,95.62,92,98,96,2018-10-11,,0,1
10114,Prairie Creek Elementary,Prairie Creek Elementary,2120 Prairie Creek Dr,2120 Prairie Creek Dr,2021-10-15,2025-05-16,8,0,8,0,8,0,98.88,97,100,97,2025-05-16,20240513021424;20240612124719;20251017180715,1,0
10120,Del's Charcoal Burgers,Del's Charcoal Burgers,110 S McKinney St,"110 S McKinney St | 110 S McKinney St, Richardson, TX 75081",2015-11-18,2025-07-10,19,7,12,0,15,4,91.2,84,96,95,2025-07-10,20240513021424;20240612124719;20251017180715,1,1
10121,Amigos,Amigos,"940 E Belt Line Rd 142, Richardson, TX 75081","940 E Belt Line Rd 142, Richardson, TX 75081",2016-03-25,2018-08-22,5,5,0,0,5,0,86.2,82,95,82,2018-08-22,,0,1
10122,"J-Marquez & Sons, RHS-Gym (1)","J-Marquez & Sons, RHS-Gym (1)",1250 W Belt Line Rd,1250 W Belt Line Rd,2019-04-25,2023-11-17,5,0,4,1,5,0,95.6,92,100,92,2023-11-17,20240513021424;20240612124719,0,0
10141,Dollar General #4203,Dollar General #4203,521 W Campbell Rd,521 W Campbell Rd,2021-08-09,2025-09-24,5,0,5,0,5,0,95.8,94,98,95,2025-09-24,20240513021424;20240612124719;20251017180715,1,0
10159,Aboca's Italian Grill,Aboca's Italian Grill,100 S Central Expy 63,"100 S Central Expy 63 | 100 S Central Expy 63, Richardson, TX 75080",2015-11-17,2025-07-09,18,7,11,0,15,3,86,73,95,93,2025-07-09,20240513021424;20240612124719;20251017180715,1,1
10172,Subway #28456,Subway | Subway #28456,1332 S Plano Rd 650,"1332 S Plano Rd 650 | 1332 S Plano Rd 650, Richardson, TX 75081",2016-02-11,2025-09-25,17,6,11,0,17,0,94.18,81,100,96,2025-09-25,20240513021424;20240612124719;20251017180715,1,1
10173,Subway,Subway,"515 W Campbell Rd 109, Richardson, TX 75080","515 W Campbell Rd 109, Richardson, TX 75080",2015-12-04,2018-08-09,6,6,0,0,6,0,97.83,96,100,98,2018-08-09,,0,1
10174,Subway #13374,Subway | Subway #13374,800 E Arapaho Rd 118,"800 E Arapaho Rd 118 | 800 E Arapaho Rd 118, Richardson, TX 75081",2016-02-25,2025-09-11,17,5,12,0,15,2,92.8,82,100,100,2025-09-11,20240513021424;20240612124719;20251017180715,1,1
10177,Cafe Brazil,Cafe Brazil,2071 N Central Expy,"2071 N Central Expy | 2071 N Central Expy, Richardson, TX 75080",2016-03-24,2025-09-17,15,6,9,0,14,1,86.71,71,96,91,2025-09-17,20240513021424;20240612124719;20251017180715,1,1
10179,Chocolate Angel Confections,Chocolate Angel Cafe & Tearoom | Chocolate Angel Confections,635 W Campbell Rd 310,"635 W Campbell Rd 310 | 635 W Campbell Rd 310, Richardson, TX 75080",2015-11-25,2025-04-11,14,6,8,0,13,1,88.77,82,96,86,2025-04-11,20240513021424;20240612124719;20251017180715,1,1
10185,CVS Pharmacy #6967,CVS Pharmacy #6967,1425 E Buckingham Rd,1425 E Buckingham Rd,2021-07-12,2025-08-05,5,0,5,0,5,0,96.6,91,100,91,2025-08-05,20240513021424;20240612124719;20251017180715,1,0
10193,Holy Frijoles Tex Mex Restaurant,Holy Frijoles Tex Mex Restaurant,580 W Arapaho Rd 442,"580 W Arapaho Rd 442 | 580 W Arapaho Rd 442, Richardson, TX 75080",2016-02-06,2025-09-04,19,7,12,0,13,6,83,68,97,81,2025-09-04,20240513021424;20240612124719;20251017180715,1,1
10199,Subway #7490,Subway | Subway #7490,64 Richardson Heights Shopping Center,"100 S Central Expressway Ste. 64 64 Richardson Height Villa | 64 Richardson Heights Shopping Center | 64 Richardson Heights Shopping Center, Richardson, TX 75080",2016-01-29,2025-07-03,15,6,9,0,14,1,94.86,86,100,92,2025-07-03,20240513021424;20240612124719;20251017180715,1,1
10203,Subway,Subway,"102 E Arapaho Rd, Richardson, TX 75081","102 E Arapaho Rd, Richardson, TX 75081",2016-01-26,2018-05-01,5,5,0,0,5,0,99,95,100,100,2018-05-01,,0,1
10204,Circle K #2741199,Circle K #2741199,102 E Arapaho Rd,102 E Arapaho Rd,2021-06-01,2025-09-02,9,0,9,0,9,0,94,84,99,95,2025-09-02,20240513021424;20240612124719;20251017180715,1,0
10205,Richardson Senior Center,Richardson Senior Center,820 W Arapaho Rd,820 W Arapaho Rd,2021-06-04,2025-08-20,9,0,9,0,9,0,97.67,94,100,100,2025-08-20,20240513021424;20240612124719;20251017180715,1,0
10212,Qdoba Mexican Grill,Qdoba Mexican Grill,1930 N Coit Rd 150,"1930 N Coit Rd 150 | 1930 N Coit Rd 150, Richardson, TX 75080",2016-04-06,2025-04-30,15,6,8,1,15,0,93.73,88,98,92,2025-04-30,20240513021424;20240612124719;20251017180715,1,1
10228,CVS Pharmacy #7156,CVS Pharmacy #7156,605 W Campbell Rd,605 W Campbell Rd,2021-08-09,2025-09-16,5,0,5,0,5,0,97.2,94,100,96,2025-09-16,20240513021424;20240612124719;20251017180715,1,0
10231,Restaurant Depot - Grocery,Restaurant Depot - Grocery,1300 N Glenville Dr,1300 N Glenville Dr,2021-09-01,2025-10-08,9,0,9,0,9,0,97.56,95,100,97,2025-10-08,20240513021424;20240612124719;20251017180715,1,0
10232,Restaurant Depot - Deli,Restaurant Depot - Deli,1300 N Glenville Dr,1300 N Glenville Dr,2021-09-01,2025-10-08,10,0,10,0,9,1,98.67,95,100,100,2025-10-08,20240513021424;20240612124719;20251017180715,1,0
10236,Jay's Donuts,Jay's Donuts,4251 E Renner Rd 118,"4251 E Renner Rd 118 | 4251 E Renner Rd 118, Richardson, TX 75082",2015-11-23,2024-03-15,13,6,7,0,12,1,96,92,100,100,2024-03-15,20240513021424;20240612124719,0,1
10243,Starbucks Coffee #9669,Starbucks Coffee | Starbucks Coffee #9669,101 W Campbell Rd.,"101 W Campbell Rd. | 101 W Campbell, Richardson, TX 75080",2016-03-24,2025-07-28,15,6,9,0,14,1,93.64,85,99,94,2025-07-28,20240513021424;20240612124719;20251017180715,1,1
10249,Potbelly Sandwich Works,Potbelly Sandwich Works,101 W Campbell Rd 300,"101 W Campbell Rd 300 | 101 W Campbell Rd 300, Richardson, TX 75080",2016-03-24,2025-07-28,13,6,7,0,12,1,95.17,85,100,85,2025-07-28,20240513021424;20240612124719;20251017180715,1,1
10260,Tapioca House,Tapioca House,"400 N Greenville Ave 23, Richardson, TX 75081","400 N Greenville Ave 23, Richardson, TX 75081",2015-11-19,2018-06-06,6,6,0,0,5,1,79.2,70,88,70,2018-06-06,,0,1
10266,Sushi Sake Japanese Restaurant,Sushi Sake Japanese Restaurant,2150 N Collins Blvd,"2150 N Collins Blvd | 2150 N Collins Blvd, Richardson, TX 75080",2016-02-01,2025-08-18,13,6,7,0,13,0,88.38,79,97,89,2025-08-18,20240513021424;20240612124719;20251017180715,1,1
10270,Taco Cabana #282,Taco Cabana | Taco Cabana #282,2041 N Central Expy,"2041 N Central Expy | 2041 N Central Expy, Richardson, TX 75080",2016-04-30,2025-09-04,14,5,9,0,14,0,91,83,98,91,2025-09-04,20240513021424;20240612124719;20251017180715,1,1
10274,King's Noodles,King's Noodles,201 S Greenville Ave 103,"201 S Greenville Ave 103 | 201 S Greenville Ave 103, Richardson, TX 75081",2016-03-10,2025-07-28,14,6,8,0,14,0,92.36,88,97,90,2025-07-28,20240513021424;20240612124719;20251017180715,1,1
10283,The Plaza At Richardson,The Plaza At Richardson,1301 Richardson Dr.,1301 Richardson Dr.,2021-09-09,2025-08-29,9,0,9,0,9,0,89.33,84,96,88,2025-08-29,20240513021424;20240612124719;20251017180715,1,0
10309,Richardson Bar & Grill,Richardson Bar & Grill,1411 E Campbell Rd 101,"1411 E Campbell Rd 101 | 1411 E Campbell Rd 101, Richardson, TX 75081",2016-04-28,2025-09-08,14,5,9,0,13,1,92.46,88,100,95,2025-09-08,20240513021424;20240612124719;20251017180715,1,1
10313,Olive Oils Pizzeria & More,Olive Oils Pizzeria & More,"581 W Campbell Rd 129, Richardson, TX 75080","581 W Campbell Rd 129, Richardson, TX 75080",2015-12-03,2018-08-03,6,6,0,0,6,0,97,92,100,97,2018-08-03,,0,1
10315,Shishkabob's,Shishkabob's,"1498 W Spring Valley Rd, Richardson, TX 75080","1498 W Spring Valley Rd, Richardson, TX 75080",2016-02-23,2018-04-27,5,5,0,0,5,0,93.2,91,95,93,2018-04-27,,0,1
10322,Kung Pow Asian Diner,Kung Pow Asian Diner,"4251 E Renner Rd 106, Richardson, TX 75082","4251 E Renner Rd 106, Richardson, TX 75082",2015-11-23,2018-07-18,6,6,0,0,6,0,88.17,84,92,84,2018-07-18,,0,1
10326,Chameli Biryani Restaurant,Chameli Biryani Restaurant,"201 S Greenville Ave 203, Richardson, TX 75081","201 S Greenville Ave 203, Richardson, TX 75081",2016-03-29,2018-06-28,8,8,0,0,5,3,76.2,72,82,77,2018-05-14,,0,1
10328,Culinary Affairs @ Canyon Creek Presbyterian Church,Culinary Affairs @ Canyon Creek Presbyterian Church,"3901 North Star, Richardson, TX 75082","3901 North Star, Richardson, TX 75082",2016-06-15,2018-09-17,5,5,0,0,5,0,97,95,98,95,2018-09-17,,0,1
10334,Big Shucks,Big Shucks,103 S Coit Rd,"103 S Coit Rd | 103 S Coit Rd, Richardson, TX 75080",2016-05-11,2025-04-15,12,5,7,0,12,0,93.58,77,100,97,2025-04-15,20240513021424;20240612124719;20251017180715,1,1
10337,Smoothie Factory,Smoothie Factory,"2000 N Plano Rd 103, Richardson, TX 75082","2000 N Plano Rd 103, Richardson, TX 75082",2016-01-15,2018-10-17,6,6,0,0,6,0,97.83,97,100,98,2018-10-17,,0,1
10344,Sultan Cafe,Sultan Cafe,201 S Greenville Ave 211,"201 S Greenville Ave 211 | 201 S Greenville Ave 211, Richardson, TX 75081",2016-04-29,2025-08-27,15,5,10,0,12,3,79.08,63,92,82,2025-08-27,20240513021424;20240612124719;20251017180715,1,1
10360,Baleadas Express Restaurant,Baleadas Express Restaurant,1486 W Spring Valley Rd,"1486 W Spring Valley Rd | 1486 W Spring Valley Rd, Richardson, TX 75080",2016-02-09,2025-08-19,21,5,16,0,15,6,83.8,70,99,84,2025-08-19,20240513021424;20240612124719;20251017180715,1,1
10367,The Billiard Den,Billiard Den (The) | The Billiard Den,580 W Arapaho Rd 136,"580 W Arapaho Rd 136 | 580 W Arapaho Rd 136, Richardson, TX 75080",2015-11-23,2025-09-09,13,5,8,0,13,0,98.69,95,100,96,2025-09-09,20240513021424;20240612124719;20251017180715,1,1
10371,Jack-in-the-Box #3838,Jack-in-the-Box | Jack-in-the-Box #3838,2230 N Coit Rd,"2230 N Coit Rd | 2230 N Coit Rd, Richardson, TX 75080",2015-11-11,2025-04-30,14,6,8,0,14,0,95.29,89,99,92,2025-04-30,20240513021424;20240612124719;20251017180715,1,1
10379,Little Caesars Pizza,Little Caesars Pizza,"1220 E Belt Line Rd, Richardson, TX 75081","1220 E Belt Line Rd, Richardson, TX 75081",2015-12-08,2018-08-18,5,5,0,0,5,0,95.4,91,98,96,2018-08-18,,0,1
10383,Starbucks Coffee #11567,Starbucks Coffee | Starbucks Coffee #11567,4151 E Renner Rd,"4151 E Renner Rd | 4151 E Renner Rd, Richardson, TX 75082",2015-12-15,2025-06-30,16,6,10,0,15,1,96.53,91,100,100,2025-06-30,20240513021424;20240612124719;20251017180715,1,1
10389,Paris Donuts,Paris Donuts,230 W Campbell Rd,"230 W Campbell Rd | 230 W Campbell Rd, Richardson, TX 75080",2016-02-22,2019-04-22,8,7,0,1,8,0,93.5,87,98,98,2019-04-22,,0,1
10397,"Milk & Honey/Cohen's Kosher Market,Inc.","Milk & Honey/Cohen's Kosher Market,Inc.",420 N Coit Rd 2023,420 N Coit Rd 2023,2021-05-25,2025-05-29,9,0,9,0,8,1,91.88,84,99,90,2025-05-29,20240513021424;20240612124719;20251017180715,1,0
10406,7-Eleven #21287A,7-Eleven #21287A,1602 N Plano Rd,1602 N Plano Rd,2021-08-17,2025-10-01,9,0,9,0,9,0,92.11,85,97,93,2025-10-01,20240513021424;20240612124719;20251017180715,1,0
10408,Bryles Research,Bryles Research,3308 Essex Dr,3308 Essex Dr,2021-08-02,2025-04-01,8,0,8,0,8,0,99.62,97,100,100,2025-04-01,20240513021424;20240612124719;20251017180715,1,0
10409,Schiano's Pizza,Schiano's Pizza,4011 E Renner Rd 118,"4011 E Renner Rd 118 | 4011 E Renner Rd 118, Richardson, TX 75082",2015-11-23,2025-09-24,16,6,10,0,15,1,86.2,76,97,97,2025-09-24,20240513021424;20240612124719;20251017180715,1,1
10413,Schell Elementary School,Schell Elementary School,5301 E Renner Rd,5301 E Renner Rd,2021-10-19,2025-04-23,8,0,8,0,8,0,98.38,93,100,100,2025-04-23,20240513021424;20240612124719;20251017180715,1,0
10417,Freebirds World Burrito #20618,Freebirds World Burrito | Freebirds World Burrito #20618,238 W Campbell Rd.,"238 W Campbell Rd. | 238 W Campbell Rd., Richardson, TX 75080",2015-12-11,2024-02-13,13,6,7,0,12,1,91.75,79,98,93,2024-02-13,20240513021424;20240612124719,0,1
10421,Ali Baba,Ali Baba | Ali Baba Mediterranean Grill,2103 N Central Expy,"2103 N Central Expy | 2103 N Central Expy, Richardson, TX 75080",2016-01-28,2025-05-23,14,6,8,0,13,1,86.23,77,95,77,2025-05-13,20240513021424;20240612124719;20251017180715,1,1
10423,Shuck N Jive,Shuck N Jive,"401 W Pres. George Bush Hwy 126, Richardson, TX 75074","401 W Pres. George Bush Hwy 126, Richardson, TX 75074",2015-12-07,2018-09-14,6,6,0,0,6,0,89.5,76,100,76,2018-09-14,,0,1
10425,Masami Japanese Restaurant,Masami Japanese Restaurant,501 W Belt Line Rd 116,"501 W Belt Line Rd 116 | 501 W Belt Line Rd 116, Richardson, TX 75080",2016-01-27,2025-08-28,14,6,8,0,13,1,83.77,71,96,71,2025-08-28,20240513021424;20240612124719;20251017180715,1,1
10426,MainStreet Bistro and Bakery,MainStreet Bistro and Bakery,"3600 Shire Blvd 100, Richardson, TX 75082","3600 Shire Blvd 100, Richardson, TX 75082",2015-12-22,2018-08-28,5,5,0,0,5,0,81.8,78,84,84,2018-08-28,,0,1
10429,Cerveceria El Rancho,Cerveceria El Rancho,"1264 W Spring Valley Rd, Richardson, TX 75080","1264 W Spring Valley Rd, Richardson, TX 75080",2016-06-29,2018-07-27,5,5,0,0,5,0,95.6,91,98,96,2018-07-27,,0,1
10431,Silver Fox Steak House,Silver Fox Steak House,3650 Shire Blvd,"3650 Shire Blvd | 3650 Shire Blvd, Richardson, TX 75082",2015-12-08,2025-06-09,12,5,7,0,12,0,92.5,89,95,94,2025-06-09,20240513021424;20240612124719;20251017180715,1,1
10449,Mumtaz Indian Restaurant & Bar,Mumtaz Indian Restaurant | Mumtaz Indian Restaurant & Bar,216 W Campbell Rd,"216 W Campbell Rd | 216 W Campbell Rd, Richardson, TX 75080",2016-04-30,2025-09-16,18,6,12,0,16,2,87.5,71,95,95,2025-09-16,20240513021424;20240612124719;20251017180715,1,1
10451,Arden Courts of Richardson,Arden Courts of Richardson,410 E Buckingham Rd,410 E Buckingham Rd,2021-10-19,2025-07-09,8,0,8,0,8,0,94.62,84,99,98,2025-07-09,20240513021424;20240612124719;20251017180715,1,0
10464,Callisto Bar,Callisto Bar,"1680 E Belt Line Rd, Richardson, TX 75081","1680 E Belt Line Rd, Richardson, TX 75081",2016-01-22,2018-08-27,6,6,0,0,6,0,89.5,80,99,89,2018-08-27,,0,1
10465,Austin Avenue Grill & Sports Bar,Austin Avenue Grill & Sports Bar,"1801 N Plano Rd, Richardson, TX 75081","1801 N Plano Rd, Richardson, TX 75081",2016-05-13,2018-08-08,5,5,0,0,5,0,89.8,84,96,92,2018-08-08,,0,1
10468,Walgreens #10819,Walgreens #10819,500 Centennial Blvd,500 Centennial Blvd,2022-03-28,2025-06-09,3,0,3,0,3,0,98.67,97,100,97,2025-06-09,20240513021424;20240612124719;20251017180715,1,0
10469,Saigon Block Restaurant,Saigon Block Restaurant,2150 E Arapaho Rd 200,"2150 E Arapaho Rd 200 | 2150 E Arapaho Rd 200, Richardson, TX 75081",2015-11-30,2025-06-25,19,6,13,0,15,4,78.53,65,89,80,2025-06-25,20240513021424;20240612124719;20251017180715,1,1
10471,Wing Stop,Wing Stop,900 N Coit Rd 2700,"900 N Coit Rd 2700 | 900 N Coit Rd 2700, Richardson, TX 75080",2015-12-09,2025-07-01,16,7,9,0,15,1,95.4,83,100,95,2025-07-01,20240513021424;20240612124719;20251017180715,1,1
10472,Evolution Academy Charter School,Evolution Academy Charter School,1099 S Sherman St,1099 S Sherman St,2021-10-26,2025-05-16,8,0,8,0,8,0,97.12,94,100,94,2025-05-16,20240513021424;20240612124719;20251017180715,1,0
10478,Texas Smokehouse Barbeque,Texas Smokehouse Bar-B-Que | Texas Smokehouse Barbeque,800 E Arapaho Rd 101,"800 E Arapaho Rd 101 | 800 E Arapaho Rd 101, Richardson, TX 75081",2016-01-26,2025-09-11,15,5,10,0,14,1,93.29,88,99,94,2025-09-11,20240513021424;20240612124719;20251017180715,1,1
10484,Nico's Tex Mex Cantina,Nico's Tex Mex Cantina,4101 E Renner Rd 100,"4101 E Renner Rd 100 | 4101 E Renner Rd 100, Richardson, TX 75082",2015-11-23,2025-06-30,18,6,12,0,14,4,84.14,77,92,88,2025-06-30,20240513021424;20240612124719;20251017180715,1,1
10503,Sprouts - Bakery/Deli,Sprouts - Bakery/Deli,1343 W Campbell Rd,1343 W Campbell Rd,2021-06-09,2025-08-08,9,0,9,0,9,0,95.33,91,99,91,2025-08-08,20240513021424;20240612124719;20251017180715,1,0
10504,Sprouts - Grocery,Sprouts - Grocery,1343 W Campbell Rd,1343 W Campbell Rd,2021-11-02,2025-08-08,5,0,5,0,5,0,95.6,91,100,91,2025-08-08,20240513021424;20240612124719;20251017180715,1,0
10505,Sprouts - Meat Market,Sprouts - Meat Market,1343 W Campbell Rd,1343 W Campbell Rd,2021-06-09,2025-08-08,8,0,8,0,8,0,96.38,92,100,92,2025-08-08,20240513021424;20240612124719;20251017180715,1,0
10507,Indian Superstore,Indian Superstore,3555 Murphy Rd 102,3555 Murphy Rd 102,2021-09-07,2025-09-09,8,0,8,0,8,0,94,83,97,94,2025-09-09,20240513021424;20240612124719;20251017180715,1,0
10508,Dollar Tree #3939,Dollar Tree #3939,101 S Coit Rd 80,101 S Coit Rd 80,2021-08-25,2024-10-07,4,0,4,0,4,0,95,91,99,94,2024-10-07,20240513021424;20240612124719;20251017180715,1,0
10509,Ye Shire Tavern,Ye Shire Tavern,3600 Shire Blvd 112,"3600 Shire Blvd 112 | 3600 Shire Blvd 112, Richardson, TX 75082",2015-12-22,2019-06-27,6,5,0,1,6,0,95.83,90,99,95,2019-06-27,,0,1
10511,UTD - Comet Cafe,UTD - Comet Cafe,800 W Campbell Road,"800 W Campbell Road | 800 W Campbell Road, Richardson, TX 75080",2016-01-27,2025-09-30,14,6,8,0,14,0,97.21,92,100,99,2025-09-30,20240513021424;20240612124719;20251017180715,1,1
10513,Panera Bread #1146,Panera Bread | Panera Bread #1146,730 E Campbell Rd 300,"730 E Campbell Rd 300 | 730 E Campbell Rd 300, Richardson, TX 75081",2016-04-28,2025-04-14,14,5,9,0,13,1,94.77,90,100,100,2025-04-14,20240513021424;20240612124719;20251017180715,1,1
10530,Long John Silver's,Long John Silver's,"1604 E Belt Line Rd, Richardson, TX 75081","1604 E Belt Line Rd, Richardson, TX 75081",2015-11-11,2018-05-30,6,6,0,0,6,0,98.5,95,100,98,2018-05-30,,0,1
10537,Jimmy John's Gourmet Sandwiches,Jimmy John's Gourmet Sandwiches,4101 E Renner Rd 104,"4101 E Renner Rd 104 | 4101 E Renner Rd 104, Richardson, TX 75082",2015-12-15,2025-09-23,15,6,9,0,15,0,94.6,88,99,96,2025-09-23,20240513021424;20240612124719;20251017180715,1,1
10540,Jersey Mike's Subs,Jersey Mike's Subs,"700 E Campbell Rd 120, Richardson, TX 75081","700 E Campbell Rd 120, Richardson, TX 75081",2016-01-28,2018-07-30,5,5,0,0,5,0,98.6,97,100,97,2018-07-30,,0,1
10541,Canyon Creek Country Club Grill,Canyon Creek Country Club Grill,625 W Lookout Dr,625 W Lookout Dr,2021-09-22,2025-06-18,8,0,8,0,7,1,92.14,83,99,94,2025-06-18,20240513021424;20240612124719;20251017180715,1,0
10542,7-Eleven #32917,7-Eleven #32917,1360 S Plano Rd,1360 S Plano Rd,2021-08-25,2024-01-08,5,0,5,0,5,0,95.6,86,100,98,2024-01-08,20240513021424;20240612124719,0,0
10546,Jimmy John's Gourmet Sandwiches,Jimmy John's Gourmet Sandwiches,285 W Campbell Rd,"285 W Campbell Rd | 285 W Campbell Rd, Richardson, TX 75080",2016-01-06,2025-08-29,15,6,9,0,14,1,93.57,87,99,92,2025-08-29,20240513021424;20240612124719;20251017180715,1,1
10550,Golden Joy BBQ,Golden Joy BBQ,1475 E Belt Line Rd 260,"1475 E Belt Line Rd 260 | 1475 E Belt Line Rd 260, Richardson, TX 75081",2016-05-05,2025-08-27,19,6,13,0,14,5,81.29,68,89,82,2025-08-27,20240513021424;20240612124719;20251017180715,1,1
10551,Zaxby's,Zaxby's,"526 Centennial Blvd, Richardson, TX 75081","526 Centennial Blvd, Richardson, TX 75081",2016-03-15,2018-04-25,5,5,0,0,5,0,96,94,98,96,2018-04-25,,0,1
10556,Twisted Root Burger Co.,Twisted Root Burger Co.,"730 E Campbell Rd 330, Richardson, TX 75081","730 E Campbell Rd 330, Richardson, TX 75081",2015-11-25,2018-07-24,5,5,0,0,5,0,96.4,93,99,94,2018-07-24,,0,1
10569,UTD - Coffee Corner,UTD - Coffee Corner,800 W Campbell Road,"800 W Campbell Road | 800 W Campbell Road, Richardson, TX 75080",2016-01-27,2025-09-30,13,6,7,0,13,0,97.69,94,100,97,2025-09-30,20240513021424;20240612124719;20251017180715,1,1
10573,UAC International Foods,UAC International Foods,940 E Belt Line Rd 122,940 E Belt Line Rd 122,2021-08-12,2025-10-06,8,0,8,0,8,0,96.38,95,99,95,2025-10-06,20240513021424;20240612124719;20251017180715,1,0
10579,Dickey's BBQ Pit,Dickey's BBQ Pit | Dickey's Barbeque Pit,1150 N Plano Rd,"1150 N Plano Rd | 1150 N Plano Rd, Richardson, TX 75081",2015-11-23,2025-06-19,15,6,9,0,14,1,92.43,87,97,94,2025-06-19,20240513021424;20240612124719;20251017180715,1,1
10583,Braum's Ice Cream #120,Braum's | Braum's Ice Cream #120,1260 W Campbell Rd,"1260 W Campbell Rd | 1260 W Campbell Rd, Richardson, TX 75081",2016-02-09,2025-06-06,13,6,7,0,13,0,88.69,76,98,78,2025-06-06,20240513021424;20240612124719;20251017180715,1,1
10587,The Festive Kitchen,The Festive Kitchen,515 W Campbell Rd 106,515 W Campbell Rd 106,2021-10-15,2025-08-28,9,0,9,0,7,2,94.57,91,100,96,2025-08-28,20240513021424;20240612124719;20251017180715,1,0
10590,UTD - Student Union Food Court,UTD - Student Union Food Court,800 W Campbell Road,"800 W Campbell Road | 800 W Campbell Road, Richardson, TX 75080",2016-05-05,2025-09-30,13,5,8,0,13,0,95.85,84,100,98,2025-09-30,20240513021424;20240612124719;20251017180715,1,1
10591,Lakeside Cafe,Lake Side Cafe | Lakeside Cafe,2270 Lakeside Blvd,"2270 Lakeside Blvd | 2270 Lakeside Blvd, Richardson, TX 75082",2015-12-30,2024-08-29,13,5,8,0,12,1,87.08,76,98,76,2024-08-29,20240513021424;20240612124719;20251017180715,1,1
10592,Royal Sichuan,Royal Sichuan,400 N Greenville Ave 16a,"400 N Greenville Ave 16a | 400 N Greenville Ave 16a, Richardson, TX 75081",2015-12-29,2025-09-23,17,6,11,0,15,2,81.27,64,90,82,2025-09-23,20240513021424;20240612124719;20251017180715,1,1
10596,J Arapaho Deli,J Arapaho Deli,"1130 E Arapaho Rd 155, Richardson, TX 75081","1130 E Arapaho Rd 155, Richardson, TX 75081",2016-01-13,2018-07-06,5,5,0,0,5,0,91,85,95,85,2018-07-06,,0,1
10597,Fiesta Mart #75 - Meat & Seafood Market,Fiesta Mart #75 - Meat & Seafood Market,1332 S Plano Rd 600,1332 S Plano Rd 600,2021-07-07,2025-06-20,8,0,8,0,8,0,94.12,88,100,88,2025-06-20,20240513021424;20240612124719;20251017180715,1,0
10598,Fiesta Mart #75 - Cold and Hot Deli,Fiesta Mart #75 - Cold and Hot Deli,1332 S Plano Rd 600,1332 S Plano Rd 600,2021-07-07,2025-06-23,9,0,9,0,8,1,91.75,81,100,81,2025-06-20,20240513021424;20240612124719;20251017180715,1,0
10599,Fiesta Mart #75 - Grocery and Produce,Fiesta Mart #75 - Grocery and Produce,1332 S Plano Rd 600,1332 S Plano Rd 600,2019-06-24,2025-06-20,9,0,8,1,8,1,94,85,100,92,2025-06-20,20240513021424;20240612124719;20251017180715,1,0
10600,Fiesta Mart #75- Bakery,Fiesta Mart #75- Bakery,1332 S Plano Rd 600,1332 S Plano Rd 600,2021-07-07,2025-06-20,9,0,9,0,8,1,92.38,85,96,92,2025-06-20,20240513021424;20240612124719;20251017180715,1,0
10611,Dimassi's Mediterranean Buffet,Dimassi's Mediterranean Buffet | Dimassis Mediterranean Buffet,180 W Campbell Rd,"180 W Campbell Rd | 180 W Campbell Rd, Richardson, TX 75080",2015-12-14,2025-08-28,18,6,12,0,15,3,79.33,65,92,88,2025-08-28,20240513021424;20240612124719;20251017180715,1,1
10612,Blue Cross Blue Shield of Texas,Blue Cross Blue Shield of Texas,1001 E Lookout Dr.,"1001 E Lookout Dr. | 1001 E Lookout Dr., Richardson, TX 75081",2016-02-29,2025-05-13,12,5,7,0,12,0,94.5,86,100,97,2025-05-13,20240513021424;20240612124719;20251017180715,1,1
10615,Gojo Ethiopian Restaurant,Gojo Ethiopian Restaurant,"2189 E Buckingham Rd, Richardson, TX 75081","2189 E Buckingham Rd, Richardson, TX 75081",2016-02-12,2018-10-06,6,6,0,0,6,0,85.67,82,91,91,2018-10-06,,0,1
10622,McDonald's,McDonald's,550 Centennial Blvd,"550 Centennial Blvd | 550 Centennial Blvd, Richardson, TX 75081",2015-12-17,2025-09-11,16,6,10,0,16,0,96.38,92,100,97,2025-09-11,20240513021424;20240612124719;20251017180715,1,1
10623,McDonald's,McDonald's | McDonlad's,120 S Central Expy,"120 S Central Expy | 120 S Central Expy, Richardson, TX 75080",2015-11-17,2025-05-02,16,7,9,0,16,0,97.06,94,100,100,2025-05-02,20240513021424;20240612124719;20251017180715,1,1
10631,Gopal Vegetarian Restaurant,Gopal Vegetarian Restaurant,125 S Central Expy,"125 S Central Expy | 125 S Central Expy, Richardson, TX 75080",2016-03-16,2025-06-23,13,5,8,0,12,1,87.17,77,95,85,2025-06-23,20240513021424;20240612124719;20251017180715,1,1
10635,Frankie's Mexican Cuisine,Frankie's Mexican Cuisine,"2701 Custer Pkwy 807, Richardson, TX 75080","2701 Custer Pkwy 807, Richardson, TX 75080",2015-12-31,2018-07-03,6,6,0,0,6,0,88,82,97,82,2018-07-03,,0,1
10636,McDonald's #7248,McDonald's | McDonald's #7248,2198 E Arapaho Rd,"2198 E Arapaho Rd | 2198 E Arapaho Rd, Richardson, TX 75081",2016-04-13,2024-06-11,14,7,7,0,13,1,93.77,85,100,96,2024-06-11,20240513021424;20240612124719,0,1
10652,Aldi,Aldi,1549 E Belt Line Rd,1549 E Belt Line Rd,2022-02-08,2025-02-03,4,0,4,0,4,0,97,95,98,98,2025-02-03,20240513021424;20240612124719;20251017180715,1,0
10658,San Remo,San Remo,3550 Shiloh Road,3550 Shiloh Road,2021-07-15,2025-04-07,8,0,8,0,8,0,95.62,93,100,94,2025-04-07,20240513021424;20240612124719;20251017180715,1,0
10659,String Bean (The),String Bean (The),"1310 W Campbell Rd 101, Richardson, TX 75080","1310 W Campbell Rd 101, Richardson, TX 75080",2015-11-23,2018-07-18,6,6,0,0,6,0,92.83,84,98,84,2018-07-18,,0,1
10663,Jimmy John's Gourmet Sandwiches,Jimmy John's Gourmet Sandwiches,"1425 E Belt Line Rd 100, Richardson, TX 75081","1425 E Belt Line Rd 100, Richardson, TX 75081",2015-11-23,2018-06-05,6,6,0,0,6,0,95.17,90,98,95,2018-06-05,,0,1
10670,"Tineo Peruvian Cafe, LLC","Tineo Peruvian Cafe | Tineo Peruvian Cafe, LLC",525 W Arapaho Rd 1,"525 W Arapaho Rd 1 | 525 W Arapaho Rd 1, Richardson, TX 75080",2015-11-25,2025-07-14,16,6,10,0,14,2,88.21,76,100,89,2025-07-14,20240513021424;20240612124719;20251017180715,1,1
10672,UTD - Novel Brew,UTD - Novel Brew,"800 W Campbell Road, Richardson, TX 75080","800 W Campbell Road, Richardson, TX 75080",2016-05-05,2018-08-30,5,5,0,0,5,0,97.2,96,99,96,2018-08-30,,0,1
10673,UTD - Student Union Main Kitchen,UTD - Student Union Main Kitchen,800 W Campbell Road,"800 W Campbell Road | 800 W Campbell Road, Richardson, TX 75080",2016-01-27,2025-09-30,14,6,8,0,14,0,92.64,88,97,88,2025-09-30,20240513021424;20240612124719;20251017180715,1,1
10676,Bambu Asian Cuisine,Bambu Asian Cuisine,1930 N Coit Rd 100,"1930 N Coit Rd 100 | 1930 N Coit Rd 100, Richardson, TX 75080",2015-12-21,2025-05-28,14,6,8,0,13,1,93.62,87,98,96,2025-05-28,20240513021424;20240612124719;20251017180715,1,1
10677,Little Greek Restaurant,Little Greek Restaurant,1920 N Coit Rd 241,"1920 N Coit Rd 241 | 1920 N Coit Rd 241, Richardson, TX 75080",2015-12-21,2025-05-28,14,6,8,0,14,0,91.36,83,98,93,2025-05-28,20240513021424;20240612124719;20251017180715,1,1
10687,Aramark @Lennox International,Aramark @Lennox International,2100 Lake Park Blvd,"2100 Lake Park Blvd | 2100 Lake Park Blvd, Richardson, TX 75080",2016-02-09,2025-04-11,14,6,8,0,14,0,95.14,91,100,91,2025-04-11,20240513021424;20240612124719;20251017180715,1,1
10696,Woody B's BBQ,Woody B's BBQ,"1980 Nantucket Dr. 103, Richardson, TX 75080","1980 Nantucket Dr. 103, Richardson, TX 75080",2015-12-11,2018-05-24,5,5,0,0,5,0,98.2,95,100,100,2018-05-24,,0,1
10699,Kentucky Fried Chicken,Kentucky Fried Chicken,"1776 E Belt Line Rd, Richardson, TX 75081","1776 E Belt Line Rd, Richardson, TX 75081",2016-02-09,2018-05-15,6,6,0,0,6,0,94.33,86,98,95,2018-05-15,,0,1
10701,Pizza Hut #027267,Pizza Hut #027267 | Pizza Hut Delivery,1602 E Belt Line Rd,"1602 E Belt Line Rd | 1602 E Belt Line Rd, Richardson, TX 75081",2016-04-26,2025-07-14,14,5,9,0,14,0,95.64,91,100,97,2025-07-14,20240513021424;20240612124719;20251017180715,1,1
10709,Whataburger #1003,Whataburger | Whataburger #1003,505 S Plano Rd,"505 S Plano Rd | 505 S Plano Rd, Richardson, TX 75081",2016-04-26,2025-10-10,14,5,9,0,13,1,96.54,91,100,100,2025-10-10,20240513021424;20240612124719;20251017180715,1,1
10710,Genroku Sushi Bar & Grill,Genroku Sushi Bar & Grill,400 N Greenville Ave 8,"400 N Greenville Ave 8 | 400 N Greenville Ave 8, Richardson, TX 75081",2015-11-19,2025-05-29,19,6,13,0,15,4,82.2,70,92,88,2025-05-29,20240513021424;20240612124719;20251017180715,1,1
10715,Urban Eatz,Urban Eatz,1811 N Greenville Ave 100,"1811 N Greenville Ave 100 | 1811 N Greenville Ave 100, Richardson, TX 75081",2016-05-10,2025-08-11,14,5,9,0,13,1,85.31,78,91,91,2025-08-11,20240513021424;20240612124719;20251017180715,1,1
10719,Chiloso Mexican Bistro,Chiloso Mexican Bistro,"700 E Campbell Rd 190, Richardson, TX 75081","700 E Campbell Rd 190, Richardson, TX 75081",2015-12-11,2018-07-06,5,5,0,0,5,0,94.6,90,98,90,2018-07-06,,0,1
10723,Yumilicious,Yumilicious,700 E Campbell Rd 150,"700 E Campbell Rd 150 | 700 E Campbell Rd 150, Richardson, TX 75081",2016-05-13,2025-09-30,14,5,9,0,14,0,94.21,88,100,100,2025-09-30,20240513021424;20240612124719;20251017180715,1,1
10727,Eiland Coffee Roasters,Eiland Coffee | Eiland Coffee Roasters,532 N Interurban St,"532 N Interuban St | 532 N Interurban St | 532 N Interurban St, Richardson, TX 75081",2016-01-20,2025-05-07,12,5,7,0,12,0,97.75,94,100,94,2025-05-07,20240513021424;20240612124719;20251017180715,1,1
10732,Panda Express #1955,Panda Express | Panda Express #1955,507 S Plano Rd,"507 S Plano Rd | 507 S Plano Rd, Richardson, TX 75081",2016-04-21,2025-05-05,13,5,8,0,13,0,96,87,100,93,2025-05-05,20240513021424;20240612124719;20251017180715,1,1
10741,Taco Ocho,Taco Ocho,930 E Campbell Rd 109,"930 E Campbell Rd 109 | 930 E Campbell Rd 109, Richardson, TX 75081",2016-05-09,2025-07-16,16,5,11,0,14,2,90.21,75,96,94,2025-07-16,20240513021424;20240612124719;20251017180715,1,1
10747,Salvadorian Cuisine,Salvadorian Cuisine,580 W Arapaho Rd 241,"580 W Arapaho Rd 241 | 580 W Arapaho Rd 241, Richardson, TX 75080",2016-03-18,2025-06-02,16,6,10,0,13,3,86.69,78,100,81,2025-05-15,20240513021424;20240612124719;20251017180715,1,1
10751,Texas,Texas,3609 Shire Blvd,"3609 Shire | 3609 Shire Blvd | 3609 Shire Blvd, Richardson, TX 75082",2015-12-08,2025-06-23,15,6,9,0,14,1,95.57,90,100,98,2025-06-23,20240513021424;20240612124719;20251017180715,1,1
10758,American Food & Vending @ Qorvo Cafeteria,American Food & Vending @ Qorvo Cafeteria,500 W Renner Rd,"500 W Renner Rd | 500 W Renner Rd, Richardson, TX 75080",2016-02-01,2025-12-01,16,6,10,0,15,1,96.47,89,100,97,2025-12-01,20240513021424;20240612124719;20251017180715,1,1
10770,UTD - Visitors Center Coffee Shop,UTD - Visitors Center Coffee Shop,"800 W Campbell Road, Richardson, TX 75080","800 W Campbell Road, Richardson, TX 75080",2016-05-05,2018-08-30,5,5,0,0,5,0,97.6,93,100,93,2018-08-30,,0,1
10776,Richardson High School Culinary Arts Kitchen,Richardson High School Culinary Arts Kitchen,1250 W Belt Line Rd,1250 W Belt Line Rd,2021-10-07,2025-04-14,8,0,8,0,8,0,95.25,88,100,96,2025-04-14,20240513021424;20240612124719;20251017180715,1,0
10781,Pizza Hut #027265,Pizza Hut | Pizza Hut #027265,515 W Campbell Rd 113,"515 W Campbell Rd 113 | 515 W Campbell Rd 113, Richardson, TX 75080",2016-01-15,2025-08-28,16,7,9,0,14,2,94.43,89,100,95,2025-08-28,20240513021424;20240612124719;20251017180715,1,1
10786,"Sweet Firefly, LLC","Sweet Firefly Gourmet Ice Cream & Candied Treats | Sweet Firefly, LLC",2701 Custer Pkwy 810,"2701 Custer Pkwy 810 | 2701 Custer Pkwy 810, Richardson, TX 75080",2016-02-12,2025-05-23,14,6,8,0,14,0,97.29,93,100,98,2025-05-23,20240513021424;20240612124719;20251017180715,1,1
10791,Mooyah Burgers & Fries,Mooyah Burgers & Fries,2160 N Coit Rd 130,"2160 N Coit Rd 130 | 2160 N Coit Rd 130, Richardson, TX 75080",2016-04-30,2019-04-24,7,6,0,1,7,0,92.57,89,97,90,2019-04-24,,0,1
10802,Renner Shell,Renner Shell,699 W Renner Rd,699 W Renner Rd,2021-06-30,2024-04-04,6,0,6,0,6,0,81,73,94,94,2024-04-04,20240513021424;20240612124719,0,0
10807,Eurest Dining Services @ Fossil HQ,Eurest Dining Services @ Fossil HQ,901 S Central Expy,"901 S Central Expy | 901 S Central Expy, Richardson, TX 75080",2015-12-23,2025-10-08,13,6,7,0,13,0,93.92,88,100,94,2025-10-08,20240513021424;20240612124719;20251017180715,1,1
10808,Venezia Italian Cafe,Venezia Italian Cafe | Venezia Pizza Cafe,3555 Murphy Rd 107,"3555 Murphy Rd 107 | 3555 Murphy Rd 107, Richardson, TX 75082",2015-11-19,2025-09-02,16,6,10,0,14,2,91.21,86,97,92,2025-09-02,20240513021424;20240612124719;20251017180715,1,1
10809,Tiff's Treats Cookie Delivery,Tiff's Treats Cookie Delivery,"720 E Campbell Rd 420, Richardson, TX 75081","720 E Campbell Rd 420, Richardson, TX 75081",2016-01-28,2018-08-22,5,5,0,0,5,0,98.8,97,100,98,2018-08-22,,0,1
10812,Tavern on Main Street,Tavern on Main Street,115 E Main St,"115 E Main St | 115 E Main St, Richardson, TX 75081",2015-11-18,2025-10-07,18,6,12,0,14,4,88.07,76,98,89,2025-10-07,20240513021424;20240612124719;20251017180715,1,1
10813,Venezia Italian Cafe,Venezia Italian Cafe,"908 Audelia Rd 500, Richardson, TX 75081","908 Audelia Rd 500, Richardson, TX 75081",2016-05-09,2018-06-29,7,7,0,0,5,2,82,80,84,80,2018-06-28,,0,1
10814,Sweet Donuts,Sweet Donuts,"800 E Arapaho Rd 112A, Richardson, TX 75081","800 E Arapaho Rd 112A, Richardson, TX 75081",2016-02-25,2018-07-19,5,5,0,0,5,0,95.4,92,98,92,2018-07-19,,0,1
10826,Jack-in-the Box # 4818,Jack-in-the Box | Jack-in-the Box # 4818,510 W Arapaho Rd,"510 W Arapaho Rd | 510 W Arapaho Rd, Richardson, TX 75080",2015-11-24,2025-05-20,14,6,8,0,14,0,96.07,89,100,96,2025-05-20,20240513021424;20240612124719;20251017180715,1,1
10830,Springhill Suites,Springhill Suites,3251 E Pres George Bush Turnpike,3251 E Pres George Bush Turnpike,2021-05-13,2025-08-18,9,0,9,0,9,0,95.44,82,99,94,2025-08-18,20240513021424;20240612124719;20251017180715,1,0
10832,Taco Bell #27868,Taco Bell | Taco Bell #27868,517 W Arapaho Rd,"517 W Arapaho Rd | 517 W Arapaho Rd, Richardson, TX 75080",2016-03-03,2025-05-15,9,5,4,0,9,0,96.78,91,100,94,2025-05-15,20240513021424;20240612124719;20251017180715,1,1
10837,L & J Deli & Sweets,L & J Deli & Sweets,"801 E Campbell Rd 175, Richardson, TX 75081","801 E Campbell Rd 175, Richardson, TX 75081",2016-04-13,2018-09-25,5,5,0,0,5,0,99,99,99,99,2018-09-25,,0,1
10841,Thai's Thumbz Urban Kitchen,Thai's Thumbz Urban Kitchen,3610 Shire Blvd 112,"3610 Shire Blvd 112 | 3610 Shire Blvd 112, Richardson, TX 75082",2016-05-27,2025-10-03,15,5,10,0,13,2,84.15,78,93,93,2025-10-03,20240513021424;20240612124719;20251017180715,1,1
10844,Olive Burger,Olive Burger,451 W Arapaho Rd 100,"451 W Arapaho Rd 100 | 451 W Arapaho Rd 100, Richardson, TX 75080",2015-12-08,2025-08-27,16,5,11,0,13,3,88.85,75,100,89,2025-08-27,20240513021424;20240612124719;20251017180715,1,1
10847,Bilad Bakery and Restaurant,Bilad Bakery and Restaurant,850 S Greenville Ave 110,"850 S Greenville Ave 110 | 850 S Greenville Ave 110, Richardson, TX 75081",2016-01-08,2025-08-27,18,7,11,0,13,5,82.38,71,93,81,2025-08-27,20240513021424;20240612124719;20251017180715,1,1
10849,Royal Chopstix,Royal Chopstix,"202 W Campbell Rd B, Richardson, TX 75080","202 W Campbell Rd B, Richardson, TX 75080",2015-12-10,2018-09-04,6,6,0,0,6,0,93.17,87,97,93,2018-09-04,,0,1
10850,QuikTrip #960,QuikTrip #960,522 W Belt Line Rd,522 W Belt Line Rd,2019-04-23,2019-04-23,1,0,0,1,1,0,99,99,99,99,2019-04-23,,0,0
10851,Joe's Corner,Joe's Corner,"1050 N Coit Rd, Richardson, TX 75080","1050 N Coit Rd, Richardson, TX 75080",2016-03-30,2018-07-10,5,5,0,0,5,0,98.6,97,100,100,2018-07-10,,0,1
10857,Subway #54578,Subway | Subway #54578,710 W Renner Rd 200,"710 W Renner Rd 200 | 710 W Renner Rd 200, Richardson, TX 75080",2015-12-02,2025-10-14,16,6,10,0,15,1,93.87,87,99,95,2025-10-14,20240513021424;20240612124719;20251017180715,1,1
10859,Kasra Restaurant,Kasra Restaurant,"525 W Arapaho Rd 21, Richardson, TX 75080","525 W Arapaho Rd 21, Richardson, TX 75080",2015-12-30,2018-08-10,6,6,0,0,6,0,88.5,82,97,97,2018-08-10,,0,1
10862,Shell,Shell,1331 S Plano Rd,1331 S Plano Rd,2022-03-11,2025-04-01,5,0,5,0,5,0,95.8,90,100,94,2025-04-01,20240513021424;20240612124719;20251017180715,1,0
10867,Chilly Mart,Chilly Mart,540 Centennial Blvd,540 Centennial Blvd,2021-10-08,2024-12-12,7,0,7,0,4,3,92,89,95,89,2024-12-12,20240513021424;20240612124719;20251017180715,1,0
10873,Subway,Subway,"2160 N Coit Rd 144, Richardson, TX 75080","2160 N Coit Rd 144, Richardson, TX 75080",2016-07-20,2018-07-05,5,5,0,0,5,0,95.4,93,98,98,2018-07-05,,0,1
10882,Ca Nuong Mien Tay,Ca Nuong Mien Tay | Saigon Noodle & Steak House,1718 E Belt Line Rd,"1718 E Belt Line Rd | 1718 E Belt Line Rd, Richardson, TX 75081",2016-02-29,2025-07-10,10,6,4,0,10,0,86.9,83,92,83,2025-07-10,20240513021424;20240612124719;20251017180715,1,1
10892,Dollar Tree #06928,Dollar Tree #06928,524 W Belt Line Road 10,524 W Belt Line Road 10 | 524 W Beltline Road | 524 W Beltline Road 10,2021-05-25,2025-04-28,4,0,4,0,4,0,96.25,95,98,95,2025-04-28,20240513021424;20240612124719;20251017180715,1,0
10898,Papa John's #4203,Papa John's | Papa John's #4203,2105 E Buckingham Rd,"2105 Buckingham Road, Richardson, TX 75081 | 2105 E Buckingham Rd",2016-03-21,2025-06-17,15,6,9,0,14,1,94,88,97,97,2025-06-17,20240513021424;20240612124719;20251017180715,1,1
10902,Mezza Cafe,Mezza Cafe,581 W Campbell Rd 114,"581 W Campbell Rd 114 | 581 W Campbell Rd 114, Richardson, TX 75080",2016-04-21,2024-03-27,11,6,5,0,11,0,90.18,82,96,82,2024-03-27,20240513021424;20240612124719,0,1
10905,Taqueria La Candelaria,Taqueria La Candelaria,200 N Coit Rd 394,"200 N Coit Rd 394 | 200 N Coit Rd 394, Richardson, TX 75080",2015-12-09,2025-07-07,12,5,7,0,12,0,90.75,83,100,90,2025-07-07,20240513021424;20240612124719;20251017180715,1,1
10906,Spice N' Rice Indian Cuisine,Spice N' Rice Indian Cuisine,300 Terrace Dr 310,"300 Terrace Dr 310 | 300 Terrace Dr 310, Richardson, TX 75081",2015-11-18,2025-10-01,23,7,16,0,17,6,76.47,62,90,76,2025-09-24,20240513021424;20240612124719;20251017180715,1,1
10909,Gonzo's Cocina Mexican Grill,Gonzo's Cocina Mexican Grill,818 S Central Expy 16,"818 S Central Expy 16 | 818 S Central Expy 16, Richardson, TX 75080",2016-10-31,2025-07-09,14,4,10,0,12,2,91.25,78,100,90,2025-07-09,20240513021424;20240612124719;20251017180715,1,1
10910,Kabobi Fresh Mediterranean,Kabobi Fresh Mediterranean,"100 S Central Expy 49, Richardson, TX 75080","100 S Central Expy 49, Richardson, TX 75080",2015-11-23,2018-06-15,6,6,0,0,6,0,86.67,78,100,85,2018-06-15,,0,1
10913,Gateway #39,Gateway #39,2750 E Pres George Bush Hwy,2750 E Pres George Bush Hwy,2021-08-02,2025-09-29,9,0,9,0,9,0,94.33,87,98,97,2025-09-29,20240513021424;20240612124719;20251017180715,1,0
10919,Snappy Salads Richardson,Snappy Salads | Snappy Salads Richardson,320 W Campbell Rd,"320 W Campbell Rd | 320 W Campbell Rd, Richardson, TX 75080",2015-11-30,2025-04-25,14,6,8,0,14,0,94.5,87,100,87,2025-04-25,20240513021424;20240612124719;20251017180715,1,1
10920,Baskin Robbins,Baskin Robbins,1748 E Belt Line Rd,"1748 E Belt Line Rd | 1748 E Belt Line Rd, Richardson, TX 75081",2016-02-24,2025-10-06,15,6,9,0,15,0,96.93,94,99,94,2025-10-06,20240513021424;20240612124719;20251017180715,1,1
10925,A-Z Food Grocery,A-Z Food Grocery,1551 E Spring Valley Rd 135,1551 E Spring Valley Rd 135,2021-06-03,2025-10-07,11,0,11,0,9,2,86.33,81,94,90,2025-10-07,20240513021424;20240612124719;20251017180715,1,0
10928,Monster Yogurt,Monster Yogurt,1360 W Campbell Rd. 101,"1360 W Campbell Rd. 101 | 1360 W Campbell Rd. 101, Richardson, TX 75080",2015-11-10,2025-05-29,14,6,8,0,14,0,92.71,81,99,91,2025-05-29,20240513021424;20240612124719;20251017180715,1,1
10932,Arby's Roast Beef #6381,Arby's | Arby's Roast Beef #6381,1820 N Plano Rd,"1820 N Plano Rd | 1820 N Plano Rd, Richardson, TX 75081",2016-01-28,2025-09-22,15,5,10,0,14,1,94.93,89,100,98,2025-09-22,20240513021424;20240612124719;20251017180715,1,1
10934,Fisn N' Tails Oyster Bar,Fisn N' Tails Oyster Bar,"221 W Polk St 101, Richardson, TX 75081","221 W Polk St 101, Richardson, TX 75081",2015-12-22,2018-06-26,6,6,0,0,6,0,88.83,83,93,90,2018-06-26,,0,1
10937,Shady's,Shady's | Shady's Burger Joint,2701 Custer Pkwy 915,"2701 Custer Pkwy 915 | 2701 Custer Pkwy 915, Richardson, TX 75080",2016-02-11,2025-04-22,14,6,8,0,13,1,86.69,75,94,94,2025-04-22,20240513021424;20240612124719;20251017180715,1,1
10941,Jeng Chi Restaurant and Bakery,Jeng Chi Restaurant and Bakery,400 N Greenville Ave 11,"400 N Greenville Ave 11 | 400 N Greenville Ave 11, Richardson, TX 75081",2015-12-15,2025-08-25,17,5,12,0,14,3,88.21,74,98,91,2025-08-25,20240513021424;20240612124719;20251017180715,1,1
10944,Haystack Burgers and Barley,Haystack Burgers and Barley,100 S Central Expy 17,"100 S Central Expy 17 | 100 S Central Expy 17, Richardson, TX 75081",2015-11-23,2025-07-10,15,5,10,0,13,2,89.54,82,98,82,2025-07-10,20240513021424;20240612124719;20251017180715,1,1
10948,The Festive Kitchen,The Festive Kitchen,1300 E Arapaho Rd 105,"1300 E Arapaho Rd 105 | 1300 E Arapaho Rd 105, Richardson, TX 75081",2015-12-07,2025-04-16,13,5,8,0,13,0,94.92,88,100,88,2025-04-16,20240513021424;20240612124719;20251017180715,1,1
10963,Sichuan Kings Restaurant,Sichuan Kings Restaurant,"400 N Greenville Ave 17, Richardson, TX 75081","400 N Greenville Ave 17, Richardson, TX 75081",2015-12-07,2018-08-29,6,6,0,0,6,0,90.5,84,96,94,2018-08-29,,0,1
10964,Ice House Beverage,Ice House Beverage,940 E Belt Line Rd 100,940 E Belt Line Rd 100,2021-08-12,2023-11-03,6,0,6,0,4,2,96.25,89,100,89,2023-10-31,20240513021424;20240612124719,0,0
10968,Alamo Drafthouse Cinemas,Alamo Drafthouse Cinemas,100 S Central Expy 14,"100 S Central Expy 14 | 100 S Central Expy 14, Richardson, TX 75080",2015-12-14,2024-01-09,12,7,5,0,12,0,95.25,86,98,98,2024-01-09,20240513021424;20240612124719,0,1
10977,Burger King #4599,Burger King | Burger King #4599,177 W Campbell Rd,"177 W Campbell Rd | 177 W Campbell Rd, Richardson, TX 75080",2016-01-06,2025-09-17,15,6,9,0,15,0,93.27,84,98,95,2025-09-17,20240513021424;20240612124719;20251017180715,1,1
10979,Reverie Bakeshop,Reverie Bakeshop,"1930 N Coit Rd 140, Richardson, TX 75080","1930 N Coit Rd 140, Richardson, TX 75080",2016-01-04,2018-08-15,6,6,0,0,6,0,99,97,100,100,2018-08-15,,0,1
10982,Blue Charcoal Grill,Blue Charcoal Grill,"518 W Arapaho Rd 133, Richardson, TX 75080","518 W Arapaho Rd 133, Richardson, TX 75080",2016-02-06,2018-06-21,5,5,0,0,5,0,90.2,79,98,79,2018-06-21,,0,1
10992,Jumbo Super Buffet,Jumbo Super Buffet,"730 W Spring Valley Rd, Richardson, TX 75080","730 W Spring Valley Rd, Richardson, TX 75080",2016-02-03,2018-06-13,9,9,0,0,7,2,71,56,82,56,2018-06-13,,0,1
10995,Albaghdady,Albaghdady,"116 S Greenville Ave, Richardson, TX 75081","116 S Greenville Ave, Richardson, TX 75081",2015-12-18,2018-08-20,6,6,0,0,6,0,89.33,81,93,90,2018-08-20,,0,1
10996,Zoes Kitchen,Zoes Kitchen,"222 W Campbell Rd., Richardson, TX 75080","222 W Campbell Rd., Richardson, TX 75080",2016-02-24,2018-07-23,6,6,0,0,5,1,95.6,93,100,93,2018-07-23,,0,1
10997,Sababa Mediterranean Cuisine,Sababa Mediterranean Cuisine,"743 Brick Row 100, Richardson, TX 75081","743 Brick Row 100, Richardson, TX 75081",2016-01-25,2018-10-03,6,6,0,0,6,0,85.17,83,90,88,2018-10-03,,0,1
10998,Holiday Inn,Holiday Inn,1655 N Central Expy,1655 N Central Expy,2019-04-24,2025-05-20,10,0,9,1,9,1,83.44,75,94,88,2025-05-20,20240513021424;20240612124719;20251017180715,1,0
11000,Maru Ramen,Maru Ramen,400 N Greenville Ave 26,"400 N Greenville Ave 26 | 400 N Greenville Ave 26, Richardson, TX 75081",2015-11-19,2025-06-23,18,8,10,0,15,3,86.4,79,97,82,2025-06-23,20240513021424;20240612124719;20251017180715,1,1
11003,The El Dorado,El Dorado | The El Dorado,714 W Arapaho Rd,714 W Arapaho Rd,2021-10-27,2025-07-01,7,0,7,0,7,0,93.71,83,100,98,2025-07-01,20240513021424;20240612124719;20251017180715,1,0
11004,Papa Murphy's Take 'N Bake Pizza,Papa Murphy's Take 'N Bake Pizza,3501 Custer Pkwy 111,"3501 Custer Pkwy 111 | 3501 Custer Pkwy 111, Richardson, TX 75080",2016-01-06,2025-08-20,14,6,8,0,13,1,94.62,88,99,93,2025-08-20,20240513021424;20240612124719;20251017180715,1,1
11005,7-Eleven #35475A,7-Eleven #35475A,170 E Spring Valley Rd,170 E Spring Valley Rd,2021-07-16,2025-07-21,10,0,10,0,9,1,97.56,93,100,97,2025-07-21,20240513021424;20240612124719;20251017180715,1,0
11007,Richardson Cafe & Grill,Richardson Cafe & Grill,"2435 N Central Expy, 100, Richardson, TX 75080","2435 N Central Expy, 100, Richardson, TX 75080",2016-03-24,2018-10-31,6,6,0,0,6,0,79.83,71,87,77,2018-10-31,,0,1
11010,McDonald's,McDonald's,1251 E Belt Line Rd,"1251 E Belt Line Rd | 1251 E Belt Line Rd, Richardson, TX 75081",2015-12-02,2025-10-13,17,5,12,0,15,2,95.53,91,99,98,2025-10-13,20240513021424;20240612124719;20251017180715,1,1
11012,Subway,Subway,"3601 N Jupiter Rd 100, Richardson, TX 75082","3601 N Jupiter Rd 100, Richardson, TX 75082",2016-02-26,2018-05-07,5,5,0,0,5,0,91.6,88,94,92,2018-05-07,,0,1
11015,Subway #52203,Subway | Subway #52203,819 W Arapaho Rd 58,"819 W Arapaho Rd 58 | 819 W Arapaho Rd 58E | 819 W Arapaho Rd 58E, Richardson, TX 75080",2016-05-06,2025-10-16,16,5,10,1,15,1,94.93,89,100,95,2025-10-16,20240513021424;20240612124719;20251017180715,1,1
11016,Mena's Tex-Mex Grill,Mena's Tex-Mex Grill,1851 N Greenville Ave 500,"1851 N Greenville Ave 500 | 1851 N Greenville Ave 500, Richardson, TX 75081",2016-04-28,2025-09-02,14,5,9,0,13,1,83.85,70,95,93,2025-09-02,20240513021424;20240612124719;20251017180715,1,1
11017,The Line Sports Bar & Grill,The Line | The Line Sports Bar & Grill,940 E Belt Line Rd 154,"940 E Belt Line Rd 154 | 940 E Belt Line Rd 154, Richardson, TX 75081",2015-11-23,2025-07-08,13,5,8,0,13,0,88.85,80,100,90,2025-07-08,20240513021424;20240612124719;20251017180715,1,1
11019,Campbell Donut,Campbell Donut,581 W Campbell Rd 107,"581 W Campbell Rd 107 | 581 W Campbell Rd 107, Richardson, TX 75080",2016-04-21,2025-08-08,16,7,9,0,15,1,95.6,83,100,98,2025-08-08,20240513021424;20240612124719;20251017180715,1,1
11022,Yoshi Shabu Shabu,Yoshi Shabu Shabu,1801 N Greenville Ave. 400,"1801 N Greenville Ave. 400 | 1801 N Greenville Ave. 400, Richardson, TX 75081",2015-12-29,2024-02-29,12,5,7,0,11,1,89.09,80,93,89,2024-02-29,20240513021424;20240612124719,0,1
11023,Kabob Cowboy,Kabob Cowboy,"1608 E Belt Line Rd, Richardson, TX 75081","1608 E Belt Line Rd, Richardson, TX 75081",2015-11-16,2018-05-30,6,6,0,0,6,0,90.33,81,96,81,2018-05-30,,0,1
11024,Apollonia's Italian Kitchen,Apollonia's Italian Kitchen,3610 Shire Blvd 108,"3610 Shire Blvd 108 | 3610 Shire Blvd 108, Richardson, TX 75082",2016-04-29,2024-05-21,17,5,12,0,12,5,88,77,97,84,2024-05-07,20240513021424;20240612124719,0,1
11027,Aramark @ Collins Aerospace Cafe,Aramark @ Collins Aerospace Cafe | Aramark @Rockwell Collins,3200 E Renner Rd,"3200 E Renner Rd | 3200 E Renner Rd, Richardson, TX 75082",2015-11-19,2025-09-30,11,5,6,0,11,0,97.55,92,100,100,2025-09-30,20240513021424;20240612124719;20251017180715,1,1
11028,Samsung,Samsung,"1301 E Lookout Dr, Richardson, TX 75082","1301 E Lookout Dr, Richardson, TX 75082",2015-12-07,2018-10-24,6,6,0,0,6,0,93.33,87,98,87,2018-10-24,,0,1
11031,Wendy's,Wendy's,"935 E Campbell Rd, Richardson, TX 75081","935 E Campbell Rd, Richardson, TX 75081",2016-05-06,2018-09-05,5,5,0,0,5,0,92.6,89,95,89,2018-09-05,,0,1
11032,Murphy's Deli 190,Murphy's Deli 190,1301 W Pres. George Bush Hwy 175,"1301 W Pres. George Bush Hwy 175 | 1301 W Pres. George Bush Hwy 175, Richardson, TX 75080",2016-05-11,2025-09-02,13,5,8,0,13,0,93.23,80,100,90,2025-09-02,20240513021424;20240612124719;20251017180715,1,1
11036,Methodist Richardson Medical Center - PGB,Methodist Richardson Medical Center - PGB,2831 E President George Bush Hwy,2831 E President George Bush Hwy,2021-07-07,2025-05-15,9,0,9,0,9,0,90.22,72,100,100,2025-05-15,20240513021424;20240612124719;20251017180715,1,0
11040,Isabelly's Sweet Treats,Isabelly's Sweet Treats,"200 E Main St, Richardson, TX 75081","200 E Main St, Richardson, TX 75081",2015-12-10,2018-10-31,5,5,0,0,5,0,94.6,91,100,91,2018-10-31,,0,1
11041,Joy Donuts,Joy Donuts,1052 E Belt Line Rd,"1052 E Belt Line Rd | 1052 E Belt Line Rd, Richardson, TX 75081",2016-03-15,2025-06-13,14,5,9,0,13,1,93.92,78,99,96,2025-06-13,20240513021424;20240612124719;20251017180715,1,1
11043,Wendy's,Wendy's,"200 W Spring Valley Rd, Richardson, TX 75081","200 W Spring Valley Rd, Richardson, TX 75081",2015-11-25,2018-06-14,6,6,0,0,6,0,96.33,89,100,89,2018-06-14,,0,1
11044,Wendy's,Wendy's,"3521 Custer Pky, Richardson, TX 75080","3521 Custer Pky, Richardson, TX 75080",2016-02-22,2018-07-11,6,6,0,0,6,0,93.17,91,96,94,2018-07-11,,0,1
11045,Wendy's,Wendy's,"1345 E Belt Line Rd, Richardson, TX 75081","1345 E Belt Line Rd, Richardson, TX 75081",2016-03-21,2018-10-03,5,5,0,0,5,0,94.2,88,99,89,2018-10-03,,0,1
11056,Raising Cane's Chicken Fingers,Raising Cane's Chicken Fingers,320 S Plano Rd,"320 S Plano Rd | 320 S Plano Rd, Richardson, TX 75081",2016-03-10,2025-09-11,14,5,9,0,14,0,97.86,94,100,97,2025-09-11,20240513021424;20240612124719;20251017180715,1,1
11060,Shahrzad Mediterranean Meat Market,Shahrzad Mediterranean Meat Market,970 N Coit Rd 3025,970 N Coit Rd 3025,2021-08-20,2025-07-08,8,0,8,0,8,0,93.12,87,98,98,2025-07-08,20240513021424;20240612124719;20251017180715,1,0
11061,Shahrzad Mediterranean Grocery & Restaurant,Shahrzad Mediterranean Grocery & Restaurant,970 N Coit Rd 3025,970 N Coit Rd 3025,2021-08-20,2025-07-08,10,0,10,0,8,2,82.12,65,91,85,2025-07-08,20240513021424;20240612124719;20251017180715,1,0
11062,Shahrzad Mediterranean Bakery/Deli,Shahrzad Mediterranean Bakery/Deli,970 N Coit Rd 3025,"970 N Coit Rd 3025 | 970 N Coit Rd 3025, Richardson, TX 75080",2015-12-14,2025-07-08,14,5,9,0,13,1,94.23,86,99,97,2025-07-08,20240513021424;20240612124719;20251017180715,1,1
11069,Pho Truong,Pho Truong,516 W Arapaho Rd 112,"516 W Arapaho Rd 112 | 516 W Arapaho Rd 112, Richardson, TX 75080",2015-11-24,2025-05-20,13,6,7,0,13,0,90.23,82,100,91,2025-05-20,20240513021424;20240612124719;20251017180715,1,1
11070,Tacos y Mas,Tacos y Mas | Tacosymas,1600 N Plano Rd 900,"1600 N Plano Rd 900 | 1600 N Plano Rd 900, Richardson, TX 75081",2016-03-29,2025-06-18,14,5,9,0,13,1,87.38,80,93,90,2025-06-18,20240513021424;20240612124719;20251017180715,1,1
11079,Taco Joint,Taco Joint,"100 S Central Expy 36, Richardson, TX 75080","100 S Central Expy 36, Richardson, TX 75080",2015-12-11,2018-05-01,5,5,0,0,5,0,97,92,100,100,2018-05-01,,0,1
11080,FS Fruit Arrangements & Snacks,FS Fruit Arrangements & Snacks,581 W Campbell Rd 121,"581 W Campbell Rd 121 | 581 W Campbell Rd 121, Richardson, TX 75080",2015-12-03,2025-09-18,14,6,8,0,14,0,96.21,86,100,96,2025-09-18,20240513021424;20240612124719;20251017180715,1,1
11081,Fadi's,Fadi's,"1601 N Central Expy, Richardson, TX 75080","1601 N Central Expy, Richardson, TX 75080",2017-04-20,2018-04-10,3,3,0,0,3,0,84,80,92,80,2018-04-10,,0,1
11082,Rajula's Kitchen Express,Rajula's Kitchen Express,"1425 E Belt Line Rd 110, Richardson, TX 75081","1425 E Belt Line Rd 110, Richardson, TX 75081",2016-04-21,2018-06-05,5,5,0,0,5,0,85.6,79,94,88,2018-06-05,,0,1
11085,Ten 50 BBQ,Ten 50 BBQ,1050 N Central Expy,"1050 N Central Expy | 1050 N Central Expy, Richardson, TX 75080",2015-12-08,2025-08-11,15,5,10,0,13,2,91.38,82,98,97,2025-08-11,20240513021424;20240612124719;20251017180715,1,1
11086,Wok & Grill,Wok & Grill,"1891 N Plano Rd, Richardson, TX 75081","1891 N Plano Rd, Richardson, TX 75081",2016-05-11,2018-08-15,5,5,0,0,5,0,84.8,75,95,84,2018-08-15,,0,1
11088,Applebee's,Applebee's,125 N Plano Rd,"125 N Plano Rd | 125 N Plano Rd, Richardson, TX 75081",2016-04-26,2025-06-12,16,5,11,0,14,2,95.07,88,100,93,2025-06-12,20240513021424;20240612124719;20251017180715,1,1
11093,Fruteria Cano,Fruteria Cano,"400 N Coit Rd 1901, Richardson, TX 75080","400 N Coit Rd 1901, Richardson, TX 75080",2015-11-20,2018-08-15,8,8,0,0,8,0,89.88,83,98,89,2018-08-15,,0,1
11096,Tribal Juicery,Tribal Juicery,"580 W Arapaho Rd 230, Richardson, TX 75080","580 W Arapaho Rd 230, Richardson, TX 75080",2015-11-23,2018-07-02,6,6,0,0,6,0,98.83,96,100,100,2018-07-02,,0,1
11098,I Fratelli Pizza,I Fratelli Pizza,226 W Campbell Rd,"226 W Campbell Rd | 226 W Campbell Rd, Richardson, TX 75080",2016-01-29,2025-07-28,15,6,9,0,15,0,91.67,82,100,86,2025-07-28,20240513021424;20240612124719;20251017180715,1,1
11100,UTD - Jason's Deli,UTD - Jason's Deli,"800 W Campbell Road, Richardson, TX 75080","800 W Campbell Road, Richardson, TX 75080",2016-05-05,2018-08-30,5,5,0,0,5,0,99.4,97,100,100,2018-08-30,,0,1
11101,Dire Dawa Cafe & Restaurant,Dire Dawa Cafe & Restaurant,2119 E Buckingham Rd,"2119 E Buckingham Rd | 2119 E Buckingham Rd, Richardson, TX 75081",2016-01-20,2023-11-28,10,5,5,0,9,1,89,80,94,91,2023-11-17,20240513021424;20240612124719,0,1
11108,Kona Ice of Central Plano,Kona Ice of Central Plano,1351 T I Blvd 109,1351 T I Blvd 109,2021-09-29,2023-11-21,3,0,3,0,3,0,100,100,100,100,2023-11-21,20240513021424;20240612124719,0,0
11111,Tandoori Renner Pizza & Grill,Renner Pizza & Grill | Tandoori Renner Pizza & Grill,3601 N Jupiter Rd 450,"1050 N Central Expy | 3601 N Jupiter Rd 450 | 3601 N Jupiter Rd 450, Richardson, TX 75082",2016-01-26,2025-07-28,15,5,9,1,14,1,84.79,70,95,89,2025-07-28,20240513021424;20240612124719;20251017180715,1,1
11112,Bawarchi Biryani Point,Bawarchi Biryani Point,1801 N Greenville Ave 250,"1801 N Greenville Ave 250 | 1801 N Greenville Ave 250, Richardson, TX 75081",2016-01-28,2025-04-29,22,5,17,0,14,8,77,64,87,81,2025-04-29,20240513021424;20240612124719;20251017180715,1,1
11113,Hometown Cafe,Hometown Cafe,328 N Greenville Ave,"310 Terrace Dr B, Richardson, TX 75081 | 328 N Greenville Ave",2016-01-27,2023-12-18,10,6,4,0,10,0,83.6,73,99,95,2023-12-18,20240513021424;20240612124719,0,1
11115,Fleurs & Events Bakery,Fleurs & Events Bakery,580 W Arapaho Rd 218,"580 W Arapaho Rd 218 | 580 W Arapaho Rd 218, Richardson, TX 75080",2016-06-29,2024-01-10,10,5,5,0,10,0,95.5,80,100,100,2024-01-10,20240513021424;20240612124719,0,1
11117,Fuzzy's Taco Shop,Fuzzy's Taco Shop,561 W Campbell Rd,"561 W Campbell Rd | 561 W Campbell Rd, Richardson, TX 75080",2016-02-26,2025-05-30,15,6,9,0,14,1,91.71,82,99,94,2025-05-30,20240513021424;20240612124719;20251017180715,1,1
11118,7-Eleven #34360B,7-Eleven #34360B,700 E Campbell Rd 145,700 E Campbell Rd 145,2021-08-12,2025-10-01,9,0,9,0,9,0,93.44,89,97,94,2025-10-01,20240513021424;20240612124719;20251017180715,1,0
11126,Zuki Japanese Restaurant,Zuki Japanese Restaurant,"1401 E Arapaho Rd F, Richardson, TX 75081","1401 E Arapaho Rd F, Richardson, TX 75081",2016-09-30,2018-07-24,4,4,0,0,4,0,80.75,77,84,81,2018-07-24,,0,1
11127,Krispy Kreme,Krispy Kreme,507 W Belt Line Rd,"507 W Belt Line Rd | 507 W Belt Line Rd, Richardson, TX 75080",2016-02-01,2019-06-24,8,7,0,1,8,0,98.88,94,100,100,2019-06-24,,0,1
11156,Spin Neapolitan Pizza,Spin Neapolitan Pizza,348 W Campbell Rd,"348 W Campbell Rd | 348 W Campbell Rd, Richardson, TX 75080",2016-04-30,2025-04-25,15,6,8,1,15,0,92.2,86,100,86,2025-04-25,20240513021424;20240612124719;20251017180715,1,1
11193,"Four Bullets Brewery, LLC","Four Bullets Brewery, LLC",640 N Interurban St,640 N Interurban St,2021-10-11,2025-06-11,8,0,8,0,8,0,97.5,94,99,97,2025-06-11,20240513021424;20240612124719;20251017180715,1,0
11202,Liberty Burger,Liberty Burger,3617 Shire Blvd 300,"3617 Shire Blvd 300 | 3617 Shire Blvd 300, Richardson, TX 75082",2016-01-26,2025-10-06,15,5,10,0,14,1,94.29,86,100,100,2025-10-06,20240513021424;20240612124719;20251017180715,1,1
11215,Hot Pancakes,Hot Pancakes,3601 N Jupiter Rd 200,"3601 N Jupiter Rd 200 | 3601 N Jupiter Rd 200, Richardson, TX",2015-11-19,2024-03-12,14,6,8,0,12,2,88.75,82,94,82,2024-03-12,20240513021424;20240612124719,0,1
11217,Tuscany Italian Bistro,Tuscany Italian Bistro,743 Brick Row 400,"743 Brick Row 400 | 743 Brick Row 400, Richardson, TX 75081",2015-12-18,2025-09-30,16,7,9,0,14,2,84.21,73,90,88,2025-09-30,20240513021424;20240612124719;20251017180715,1,1
11227,Magic Cup,Magic Cup,901 N Jupiter Rd 150,"901 N Jupiter Rd 150 | 901 N Jupiter Rd 150, Richardson, TX 75081",2016-01-05,2025-06-16,13,5,8,0,13,0,92.54,86,97,96,2025-06-16,20240513021424;20240612124719;20251017180715,1,1
11229,Afrah Restaurant,Afrah Restaurant,318 E Main St,"318 E Main St | 318 E Main St, Richardson, TX 75081",2016-02-16,2025-09-02,17,5,12,0,13,4,84.62,76,92,86,2025-08-27,20240513021424;20240612124719;20251017180715,1,1
11230,Murphy's Deli,Murphy's Deli,2350 Lakeside Blvd 170,"2350 Lakeside Blvd 170 | 2350 Lakeside Blvd 170, Richardson, TX 75082",2016-01-28,2023-12-07,13,5,8,0,10,3,87.7,82,92,90,2023-12-07,20240513021424,0,1
11242,Pho Que Huong,Pho Que Huong,"400 N Greenville Ave 15, Richardson, TX 75081","400 N Greenville Ave 15, Richardson, TX 75081",2015-12-17,2018-08-29,6,6,0,0,6,0,89.83,84,99,92,2018-08-29,,0,1
11244,Monta Japanese Noodle House,Monta Japanese Noodle House,"800 N Coit Rd 2550B, Richardson, TX 75080","800 N Coit Rd 2550B, Richardson, TX 75080",2015-12-09,2018-08-30,8,8,0,0,8,0,88.88,78,95,94,2018-08-30,,0,1
11269,Cana Cafe,Cana Cafe,"800 E Campbell Rd 151, Richardson, TX 75081","800 E Campbell Rd 151, Richardson, TX 75081",2016-02-25,2018-10-11,5,5,0,0,5,0,90.8,84,98,88,2018-10-11,,0,1
11292,Teriyaki Sensei,Teriyaki Sensei,"930 E Campbell Rd 103, Richardson, TX 75081","930 E Campbell Rd 103, Richardson, TX 75081",2016-02-29,2018-07-12,5,5,0,0,5,0,92,85,96,89,2018-07-12,,0,1
11301,Aramark KDC,Aramark KDC,"1201 State St 250, Richardson, TX 75082","1201 State St 250, Richardson, TX 75082",2016-06-22,2018-09-26,5,5,0,0,5,0,95,91,99,91,2018-09-26,,0,1
11303,Spring Valley Gas & More,Spring Valley Gas & More,701 W Spring Valley Rd,701 W Spring Valley Rd,2021-05-25,2025-10-02,9,0,9,0,9,0,94.22,89,100,98,2025-10-02,20240513021424;20240612124719;20251017180715,1,0
11311,Bilad Grocery,Bilad Grocery,850 S Greenville Ave 108,850 S Greenville Ave 108,2021-07-20,2025-04-07,5,0,5,0,5,0,93.2,92,95,94,2025-04-07,20240513021424;20240612124719;20251017180715,1,0
11313,Fish Shack 2,Fish Shack 2,1840 N Plano Rd,"1840 N Plano Rd | 1840 N Plano Rd, Richardson, TX 75081",2016-05-24,2024-04-08,13,5,8,0,11,2,93.45,85,97,85,2024-04-08,20240513021424;20240612124719,0,1
11314,Cottonwood Creek Healthcare Community,Cottonwood Creek Healthcare Community,1111 West Shore Dr,1111 West Shore Dr,2021-06-22,2025-05-30,9,0,9,0,8,1,93.5,85,99,90,2025-05-30,20240513021424;20240612124719;20251017180715,1,0
11318,Powerback Rehabilitation,Powerback Rehabilitation,"1350 E Lookout Dr, Richardson, TX 75082","1350 E Lookout Dr, Richardson, TX 75082",2015-12-16,2018-10-11,6,6,0,0,6,0,94.17,92,97,96,2018-10-11,,0,1
11320,Starbucks Coffee #6305,Starbucks Coffee | Starbucks Coffee #6305,1401 W Campbell Rd 100,"1401 W Campbell Rd 100 | 1401 W Campbell Rd 100, Richardson, TX 75080",2016-07-06,2025-04-30,13,5,8,0,13,0,92.92,84,99,92,2025-04-30,20240513021424;20240612124719;20251017180715,1,1
11323,Masala Twist,Masala Twist,955 E Campbell Rd 200,955 E Campbell Rd 200,2021-08-18,2025-08-19,9,0,9,0,8,1,83.25,80,87,81,2025-08-19,20240513021424;20240612124719;20251017180715,1,0
11326,Parks Donut,Parks Donut,100 S Central Expy 75,"100 S Central Expy 75 | 100 S Central Expy 75, Richardson, TX 75080",2016-05-06,2025-07-09,14,5,9,0,14,0,96,83,100,96,2025-07-09,20240513021424;20240612124719;20251017180715,1,1
11342,El Paisano Restaurant,El Paisano Restaurant | Taqueria El Paisano,1478 W Spring Valley Rd,"1478 W Spring Valley Rd | 1478 W Spring Valley Rd, Richardson, TX 75080 | 200 N Coit Rd 394",2015-12-09,2024-02-05,11,6,5,0,11,0,88.09,79,97,90,2024-02-05,20240513021424;20240612124719,0,1
11344,The Dinner Table,The Dinner Table,"580 W Arapaho Rd 130, Richardson, TX 75080","580 W Arapaho Rd 130, Richardson, TX 75080",2015-12-22,2018-05-09,6,6,0,0,6,0,93.17,85,100,92,2018-05-09,,0,1
11348,UTD - West Dining Hall,UTD - West Dining Hall,2770 Waterview Dr.,"2770 Waterview Dr. | 2770 Waterview Dr., Richardson, TX 75080",2015-11-20,2025-09-29,14,6,8,0,14,0,93.71,87,100,87,2025-09-29,20240513021424;20240612124719;20251017180715,1,1
11349,UTD - Papa John's/C-Store,UTD - Papa John's/C-Store,2770 Waterview Dr.,"2770 Waterview Dr. | 2770 Waterview Dr., Richardson, TX 75080",2015-11-20,2025-09-30,14,6,8,0,14,0,97.29,93,100,97,2025-09-30,20240513021424;20240612124719;20251017180715,1,1
11352,UTD - Einstein's,UTD - Einstein's,800 W Campbell Road,"800 W Campbell Road | 800 W Campbell Road, Richardson, TX 75080",2015-11-20,2025-09-29,14,6,8,0,14,0,95.36,92,100,94,2025-09-29,20240513021424;20240612124719;20251017180715,1,1
11353,UTD - IHOP Express,UTD - IHOP Express,"800 W Campbell Road, Richardson, TX 75080","800 W Campbell Road, Richardson, TX 75080",2015-11-20,2018-08-30,6,6,0,0,6,0,95.67,92,100,95,2018-08-30,,0,1
11355,Pei Wei Fresh Kitchen,Pei Wei Fresh Kitchen,1401 W Campbell Rd 200,"1401 W Campbell Rd 200 | 1401 W Campbell Rd 200, Richardson, TX 75080",2015-11-10,2024-02-23,10,5,5,0,10,0,91.6,86,98,88,2024-02-23,20240513021424;20240612124719,0,1
11356,OMG Tacos,OMG Tacos,"141 N Plano Rd, Richardson, TX 75081","141 N Plano Rd, Richardson, TX 75081",2015-11-24,2018-10-08,6,6,0,0,6,0,91.67,86,96,89,2018-10-08,,0,1
11369,Flavors of Ice Cream,Flavors of Ice Cream,"100 S Central Expy 16A, Richardson, TX 75081","100 S Central Expy 16A, Richardson, TX 75081",2015-12-10,2018-10-09,7,7,0,0,7,0,97.86,92,100,99,2018-10-09,,0,1
11371,Torchy's Tacos,Torchy's Tacos,300 W Campbell Rd 160,"300 W Campbell Rd 160 | 300 W Campbell Rd 160, Richardson, TX 75080",2015-12-31,2025-04-08,14,6,8,0,13,1,92.62,86,98,86,2025-04-08,20240513021424;20240612124719;20251017180715,1,1
11378,Cafe Amore,Cafe Amore,600 N Coit Rd 2050,"600 N Coit Rd 2050 | 600 N Coit Rd 2050, Richardson, TX 75080",2016-01-20,2025-08-26,15,5,10,0,14,1,90,83,100,91,2025-08-26,20240513021424;20240612124719;20251017180715,1,1
11379,Top Pot Doughnuts,Top Pot Doughnuts,"1251 State St 700, Richardson, TX 75080","1251 State St 700, Richardson, TX 75080",2015-12-22,2018-10-11,6,6,0,0,6,0,92.67,85,97,85,2018-10-11,,0,1
11380,Yummy Burgers & BBQ,Yummy Burgers & BBQ,"118 E Main St 106, Richardson, TX 75081","118 E Main St 106, Richardson, TX 75081",2015-12-15,2018-11-06,5,5,0,0,5,0,92.2,87,99,87,2018-11-06,,0,1
11382,Wingbucket,Wingbucket,101 S Coit Rd 10,"101 S Coit Rd 10 | 101 S Coit Rd 10, Richardson, TX 75080",2015-12-10,2024-01-05,14,6,8,0,11,3,92.82,82,100,100,2024-01-05,20240513021424;20240612124719,0,1
11383,Nestle Toll House Cafe/Red Mango,Nestle Toll House Cafe/Red Mango,"1201 State St 500, Richardson, TX 75082","1201 State St 500, Richardson, TX 75082",2016-01-26,2018-07-26,5,5,0,0,5,0,95.6,95,96,95,2018-07-26,,0,1
11385,Wing-Nutz Bar and Grille,Wing-Nutz Bar and Grille,720 E Campbell Rd 400,"720 E Campbell Rd 400 | 720 E Campbell Rd 400, Richardson, TX 75081",2015-12-29,2025-09-03,16,5,11,0,13,3,90.46,82,97,96,2025-09-03,20240513021424;20240612124719;20251017180715,1,1
11387,McDonald's,McDonald's,170 W Campbell Rd,"170 W Campbell Rd | 170 W Campbell Rd, Richardson, TX 75080",2015-11-19,2025-04-15,14,6,8,0,14,0,93.07,80,99,94,2025-04-15,20240513021424;20240612124719;20251017180715,1,1
11388,Bangkok at Beltline,Bangkok at Beltline,"100 S Central Expy 108, Richardson, TX 75080","100 S Central Expy 108, Richardson, TX 75080",2016-01-28,2018-09-13,6,6,0,0,6,0,95.67,94,98,96,2018-09-13,,0,1
11389,Pho Long,Pho Long,"1851 N Plano Rd, Richardson, TX 75081","1851 N Plano Rd, Richardson, TX 75081",2016-02-03,2018-08-14,5,5,0,0,5,0,81.4,77,88,81,2018-08-14,,0,1
11390,Casa Cha Cha,Casa Cha Cha,"3613 Shire Blvd 180, Richardson, TX 75082","3613 Shire Blvd 180, Richardson, TX 75082",2016-04-29,2018-08-27,5,5,0,0,5,0,83.8,77,92,83,2018-08-27,,0,1
11391,"Free Play, Inc.","Free Play, Inc.",1730 E Belt Line Rd,1730 E Belt Line Rd,2021-09-21,2025-09-16,9,0,9,0,8,1,96,86,100,99,2025-09-16,20240513021424;20240612124719;20251017180715,1,0
11392,Java Land Coffee Haus,Java Land Coffee Haus,"400 N Greenville Ave 20, Richardson, TX 75081","400 N Greenville Ave 20, Richardson, TX 75081",2016-01-28,2018-08-13,5,5,0,0,5,0,91,84,97,97,2018-08-13,,0,1
11394,Starbucks Coffee - Cityline,Starbucks Coffee - Cityline,"1201 State St 550, Richardson, TX 75082","1201 State St 550, Richardson, TX 75082",2016-02-29,2018-07-30,5,5,0,0,5,0,99.2,98,100,98,2018-07-30,,0,1
11413,Good Union Urban BBQ,Good Union Urban BBQ,1150 State St 150,"1150 State St 150 | 1150 State St 150, Richardson, TX 75082",2016-02-29,2025-04-28,15,5,10,0,14,1,91,84,96,93,2025-04-28,20240513021424;20240612124719;20251017180715,1,1
11418,Smashburger #1501,Smashburger | Smashburger #1501,1425 E Renner Rd 600,"1425 E Renner Rd 600 | 1425 E Renner Rd 600, Richardson, TX 75082",2016-05-10,2025-05-30,14,5,9,0,13,1,95.23,89,100,100,2025-05-30,20240513021424;20240612124719;20251017180715,1,1
11420,Wildflower Patio and Grill,Wildflower Patio and Grill,"2701 Custer Pkwy 700, Richardson, TX 75080","2701 Custer Pkwy 700, Richardson, TX 75080",2016-04-05,2018-10-23,6,6,0,0,6,0,88.67,81,98,86,2018-10-23,,0,1
11421,Japanese Bistro Ken,Japanese Bistro Ken,"1899 N Plano Rd, Richardson, TX 75081","1899 N Plano Rd, Richardson, TX 75081",2016-10-25,2018-08-17,4,4,0,0,4,0,88.5,85,92,90,2018-08-17,,0,1
11426,Snap Kitchen,Snap Kitchen,"1930 N Coit Rd 131, Richardson, TX 75080","1930 N Coit Rd 131, Richardson, TX 75080",2016-06-29,2018-06-08,5,5,0,0,5,0,99,97,100,97,2018-06-08,,0,1
11430,Bukri's Taste of Ethiopia,Bukri's Taste of Ethiopia,2148 E Belt Line Rd,2148 E Belt Line Rd,2019-04-24,2019-04-24,1,0,0,1,1,0,85,85,85,85,2019-04-24,,0,0
11432,Starbucks Coffee #22561,Starbucks Coffee | Starbucks Coffee #22561,501 W Belt Line Rd,"501 W Belt Line Rd | 501 W Belt Line Rd, Richardson, TX 75080",2016-05-03,2025-07-01,15,5,9,1,14,1,94.86,86,100,98,2025-07-01,20240513021424;20240612124719;20251017180715,1,1
11435,Modmarket,Modmarket,1419 E Renner Rd. 500,"1419 E Renner Rd. 500 | 1419 E Renner Rd. 500, Richardson, TX 75082",2016-05-24,2025-07-28,13,5,8,0,13,0,91.31,81,98,93,2025-07-28,20240513021424;20240612124719;20251017180715,1,1
11436,Raytheon Cityline #14559 dba Eurest Dining,Raytheon Cityline | Raytheon Cityline #14559 dba Eurest Dining,1727 E Cityline Dr,"1727 E Cityline Dr | 1727 E Cityline Dr, Richardson, TX 75082",2016-05-26,2025-04-29,13,5,8,0,13,0,96.08,89,100,98,2025-04-29,20240513021424;20240612124719;20251017180715,1,1
11437,Geico,Geico,"2280 N Greenville Ave, Richardson, TX 75082","2280 N Greenville Ave, Richardson, TX 75082",2016-06-08,2018-09-11,5,5,0,0,5,0,94.2,93,96,93,2018-09-11,,0,1
11438,Taco Diner,Taco Diner,"1417 E Renner Rd 300, Richardson, TX 75082","1417 E Renner Rd 300, Richardson, TX 75082",2016-05-24,2018-09-20,5,5,0,0,5,0,88.6,85,91,90,2018-09-20,,0,1
11447,Kung Fu Tea,Kung Fu Tea,2067 N Central Expy 100,"2067 N Central Expy 100 | 2067 N Central Expy 100, Richardson, TX 75080",2016-07-19,2025-04-28,14,6,8,0,13,1,86.69,70,96,87,2025-04-28,20240513021424;20240612124719;20251017180715,1,1
11449,Fish City Grill,Fish City Grill,1415 E Renner Rd 260,"1415 E Renner Rd 260 | 1415 E Renner Rd 260, Richardson, TX 75082",2016-05-24,2025-07-30,14,6,8,0,14,0,92.86,80,99,90,2025-07-30,20240513021424;20240612124719;20251017180715,1,1
11473,Whole Foods Market - Cityline - Grocery,Whole Foods Market - Cityline - Grocery,1411 E Renner Rd,1411 E Renner Rd,2022-03-03,2024-10-02,4,0,4,0,4,0,100,100,100,100,2024-10-02,20240513021424;20240612124719;20251017180715,1,0
11474,Whole Foods Market - Cityline - Bar,Whole Foods Market - Cityline - Bar,1411 E Renner Rd,1411 E Renner Rd,2021-06-30,2025-05-09,9,0,9,0,9,0,98,90,100,100,2025-05-09,20240513021424;20240612124719;20251017180715,1,0
11475,Whole Foods Market - Cityline - Meat/Seafood Market,Whole Foods Market - Cityline - Meat/Seafood Market,1411 E Renner Rd,1411 E Renner Rd,2021-09-22,2025-05-09,8,0,8,0,8,0,99.5,98,100,100,2025-05-09,20240513021424;20240612124719;20251017180715,1,0
11476,Whole Foods Market - Cityline - Bakery/Cheese/Juice Bar,Whole Foods Market - Cityline - Bakery/Cheese/Juice Bar,1411 E Renner Rd,1411 E Renner Rd,2021-09-22,2025-05-09,8,0,8,0,8,0,98,96,100,100,2025-05-09,20240513021424;20240612124719;20251017180715,1,0
11477,Whole Foods Market - Cityline - Deli/Prepared Foods,Whole Foods Market - Cityline - Deli/Prepared Foods,1411 E Renner Rd,1411 E Renner Rd,2021-09-22,2025-05-09,8,0,8,0,8,0,98.25,92,100,100,2025-05-09,20240513021424;20240612124719;20251017180715,1,0
11484,CVS Pharmacy #10665,CVS Pharmacy #10665,1555 E Renner Rd,1555 E Renner Rd,2021-08-23,2025-09-03,5,0,5,0,5,0,97.8,95,100,98,2025-09-03,20240513021424;20240612124719;20251017180715,1,0
11485,Russo's,Russo's,"700 E Campbell Rd 100, Richardson, TX 75081","700 E Campbell Rd 100, Richardson, TX 75081",2016-06-01,2018-08-27,5,5,0,0,5,0,91,87,95,92,2018-08-27,,0,1
11486,Texadelphia - Richardson Heights,Texadelphia - Richardson Heights,100 S Central Expy 44,"100 S Central Expy 44 | 100 S Central Expy 44, Richardson, TX 75080",2016-08-09,2019-04-22,6,5,0,1,5,1,95.2,92,98,94,2018-10-24,,0,1
11489,Jaspers Cityline,Jasper's | Jaspers Cityline,1251 State St 950,"1251 State St 950 | 1251 State St 950, Richardson, TX 75082",2016-09-27,2024-05-15,16,5,11,0,10,6,87,78,92,78,2024-05-15,20240513021424;20240612124719,0,1
11490,K1 Speed,K1 Speed,677 W Campbell Rd,677 W Campbell Rd,2021-09-10,2025-06-24,7,0,7,0,7,0,94.29,88,100,88,2025-06-24,20240513021424;20240612124719;20251017180715,1,0
11500,Starbucks Coffee #28761,Starbucks Coffee | Starbucks Coffee #28761,1405 E Renner Rd,"1405 E Renner Rd | 1405 E Renner Rd, Richardson, TX 75082",2016-09-22,2025-07-28,13,4,9,0,13,0,95.85,90,99,98,2025-07-28,20240513021424;20240612124719;20251017180715,1,1
11501,Coal Vines,Coal Vines,"1251 State St 650, Richardson, TX 75082","1251 State St 650, Richardson, TX 75082",2016-09-26,2018-05-24,4,4,0,0,4,0,82.5,80,86,81,2018-05-24,,0,1
11502,Mo's To Go,Mo's To Go,"4251 E Renner Rd. 122, Richardson, TX 75082","4251 E Renner Rd. 122, Richardson, TX 75082",2016-08-01,2018-08-30,5,5,0,0,5,0,98.6,97,100,100,2018-08-30,,0,1
11503,Honey Donuts,Honey Donuts,2141 E Arapaho Rd,"2141 E Arapaho Rd | 2141 E Arapaho Rd, Richardson, TX 75081",2016-09-20,2024-01-09,9,4,5,0,9,0,94.56,71,100,71,2024-01-09,20240513021424;20240612124719,0,1
11506,Salt & Pepper Catering,Salt & Pepper Catering,221 W Polk St 104a,221 W Polk St 104a,2021-09-03,2024-04-09,5,0,5,0,5,0,97.2,95,99,95,2024-04-09,20240513021424;20240612124719,0,0
11508,"Donuts, Inc.","Donuts, Inc.",1470 W Spring Valley Rd,"1470 W Spring Valley Rd | 1470 W Spring Valley Rd, Richardson, TX 75080",2016-08-25,2025-05-01,14,5,9,0,13,1,95.69,91,100,98,2025-05-01,20240513021424;20240612124719;20251017180715,1,1
11525,Snuffer's Restaurant,Snuffer's Restaurant,300 W Campbell Rd 120,"300 W Campbell Rd 120 | 300 W Campbell Rd 120, Richardson, TX 75080",2016-08-18,2025-04-04,12,5,7,0,12,0,88.08,78,96,90,2025-04-04,20240513021424;20240612124719;20251017180715,1,1
11526,Chang Jing Korean Cuisine,Chang Jing Korean Cuisine,"400 N Greenville Ave 11b, Richardson, TX 75081","400 N Greenville Ave 11b, Richardson, TX 75081",2016-09-26,2018-08-23,4,4,0,0,4,0,81.75,78,85,78,2018-08-23,,0,1
11544,Guckenheimer Services MarketPlace @RealPage 3366.01,Guckenheimer Services MarketPlace @RealPage 3366.01,"2201 Lakeside Blvd, Richardson, TX 75082","2201 Lakeside Blvd, Richardson, TX 75082",2016-12-13,2018-08-15,4,4,0,0,4,0,90.25,87,92,92,2018-08-15,,0,1
11550,Edoko Sushi,Edoko Sushi,"1250 State St 600, Richardson, TX 75082","1250 State St 600, Richardson, TX 75082",2016-10-20,2018-07-25,4,4,0,0,4,0,89.75,86,95,90,2018-07-25,,0,1
11551,Domino's Pizza #6928,Domino's Pizza | Domino's Pizza #6928,1332 S Plano Rd 100,"1332 S Plano Rd 100 | 1332 S Plano Rd 100, Richardson, TX 75081",2016-08-02,2025-06-17,16,5,11,0,14,2,95.29,90,100,94,2025-06-17,20240513021424;20240612124719;20251017180715,1,1
11552,Imperial Noodle,Imperial Noodle,"101 S Coit Rd 84, Richardson, TX 75080","101 S Coit Rd 84, Richardson, TX 75080",2016-08-31,2018-11-06,7,7,0,0,7,0,89,77,100,83,2018-11-06,,0,1
11553,Mr. Gatti's Pizza,Mr. Gatti's Pizza,"1312 E Belt Line Rd, Richardson, TX 75080","1312 E Belt Line Rd, Richardson, TX 75080",2016-08-19,2018-08-29,4,4,0,0,4,0,95.75,90,100,90,2018-08-29,,0,1
11558,Jimmy John's,Jimmy John's,"1551 E Renner Rd 810, Richardson, TX 75082","1551 E Renner Rd 810, Richardson, TX 75082",2016-11-09,2018-08-08,4,4,0,0,4,0,97.5,97,98,98,2018-08-08,,0,1
11563,The Crab Shed,The Crab Shed,"1332 S Plano Rd 670, Richardson, TX 75081","1332 S Plano Rd 670, Richardson, TX 75081",2016-09-12,2018-10-09,7,7,0,0,7,0,85.29,76,92,84,2018-10-09,,0,1
11565,AFC Sushi @ Tom Thumb #3641,AFC Sushi @ Tom Thumb #3641,3411 Custer Pkwy,3411 Custer Pkwy,2021-06-30,2025-10-10,9,0,9,0,9,0,98.44,97,100,100,2025-10-10,20240513021424;20240612124719;20251017180715,1,0
11568,Pollo Campero,Pollo Campero,1380 W Belt Line Rd,"1380 W Belt Line Rd | 1380 W Belt Line Rd, Richardson, TX 75080",2016-09-27,2025-06-18,13,5,8,0,12,1,96.42,89,100,96,2025-06-18,20240513021424;20240612124719;20251017180715,1,1
11573,Big Dash,Big Dash | Bigdash,717 Lingco Dr 210,"717 Lingco Dr 210 | 717 Lingco Dr 210, Richardson, TX 75081",2016-10-06,2025-10-02,15,6,9,0,15,0,93.87,88,100,94,2025-10-02,20240513021424;20240612124719;20251017180715,1,1
11574,Super Chix,Super Chix,"1551 E Renner Rd 830, Richardson, TX 75082","1551 E Renner Rd 830, Richardson, TX 75082",2016-11-15,2018-08-08,4,4,0,0,4,0,89.5,82,97,84,2018-08-08,,0,1
11575,Firehouse Subs in Richardson,Firehouse Subs in Richardson,1390 E Belt Line Rd,"1390 E Belt Line Rd | 1390 E Belt Line Rd, Richardson, TX 75081",2016-10-05,2025-09-09,16,6,10,0,15,1,93.93,86,99,86,2025-09-09,20240513021424;20240612124719;20251017180715,1,1
11578,Piada Italian,Piada Italian | Piada Italian Street Food,1551 E Renner Rd 800,"1551 E Renner Rd 800 | 1551 E Renner Rd 800, Richardson, TX 75082",2016-11-15,2025-07-16,13,4,9,0,12,1,94.58,86,100,97,2025-07-16,20240513021424;20240612124719;20251017180715,1,1
11614,Hilton Richardson - Dallas (Main and Banquet),Hilton Richardson - Dallas (Main and Banquet),701 E Campbell Rd,701 E Campbell Rd,2021-09-15,2025-06-16,9,0,9,0,8,1,92,86,98,93,2025-06-16,20240513021424;20240612124719;20251017180715,1,0
11615,Hilton Richardson - Dallas (Front of House),Hilton Richardson - Dallas (Front of House),701 E Campbell Rd,701 E Campbell Rd,2021-09-01,2025-06-16,10,0,10,0,8,2,94.5,91,99,99,2025-06-16,20240513021424;20240612124719;20251017180715,1,0
11619,Tom Thumb #3641 - Advantage Sales & Marketing LLC,Tom Thumb #3641 - Advantage Sales & Marketing LLC,3411 Custer Parkway,3411 Custer Parkway,2023-08-17,2025-10-10,3,0,3,0,3,0,98.33,97,100,98,2025-10-10,20240513021424;20240612124719;20251017180715,1,0
11621,Hunger N Thirst,Hunger N Thirst,"212 E Spring Valley Rd, Richardson, TX 75081","212 E Spring Valley Rd, Richardson, TX 75081",2016-10-31,2018-06-06,5,5,0,0,5,0,91,86,94,89,2018-06-06,,0,1
11622,The Creamy Donut,The Creamy Donut,"1869 N Plano Rd, Richardson, TX 75081","1869 N Plano Rd, Richardson, TX 75081",2016-11-23,2018-09-12,4,4,0,0,4,0,93.75,91,97,91,2018-09-12,,0,1
11624,Guckenheimer Services Boost Bar @RealPage 3366.01,Guckenheimer Services Boost Bar @RealPage 3366.01,"2201 Lakeside Blvd, Richardson, TX 75082","2201 Lakeside Blvd, Richardson, TX 75082",2016-12-13,2018-08-15,4,4,0,0,4,0,95.25,94,97,95,2018-08-15,,0,1
11625,Eminent Medical Center,Eminent Medical Center,1351 W President George Bush Hwy,"1351 W President George Bush Hwy | 1351 W President George Bush Hwy, Richardson, TX 75082",2016-12-14,2025-09-09,12,4,8,0,12,0,97.67,92,100,97,2025-09-09,20240513021424;20240612124719;20251017180715,1,1
11629,LIV Nutrition,LIV Nutrition,"300 N Coit Rd 178, Richardson, TX 75080","300 N Coit Rd 178, Richardson, TX 75080",2016-11-30,2018-06-04,4,4,0,0,4,0,98.5,95,100,100,2018-06-04,,0,1
11630,Nothing Bundt Cakes,Nothing Bundt Cakes,324 W Campbell Rd,"324 W Campbell Rd | 324 W Campbell Rd, Richardson, TX 75080",2016-11-16,2025-04-25,14,5,8,1,14,0,97.5,93,100,93,2025-04-25,20240513021424;20240612124719;20251017180715,1,1
11631,Fox & Hound,Fox & Hound | Fox & Hound Sports Tavern,112 W Campbell Rd,"112 W Campbell Rd | 112 W Campbell Rd, Richardson, TX 75080",2017-03-06,2023-12-12,9,4,5,0,9,0,87.44,77,94,81,2023-12-12,20240513021424;20240612124719,0,1
11655,Cajun Corner Seafood Kitchen,Cajun Corner Seafood Kitchen,"1600 N Plano Rd 800, Richardson, TX 75081","1600 N Plano Rd 800, Richardson, TX 75081",2016-12-01,2018-07-25,4,4,0,0,4,0,88.75,87,91,90,2018-07-25,,0,1
11658,FrontLine Food Services @ Geico (1st FL Central Market),FrontLine Food Services @ Geico (1st FL Central Market),2280 N Greenville Ave,2280 N Greenville Ave,2022-01-10,2024-01-23,3,0,3,0,3,0,98.67,98,100,98,2024-01-23,20240513021424;20240612124719,0,0
11659,InReach - Honeywell,FrontLine Food Services @ Honeywell | InReach - Honeywell,830 E Arapaho Rd,830 E Arapaho Rd,2021-07-30,2025-10-01,5,0,5,0,5,0,98.4,98,100,100,2025-10-01,20240513021424;20240612124719;20251017180715,1,0
11661,Snowflake Cafe,Snowflake Cafe,"312 N Greenville Ave 100, Richardson, TX 75081","312 N Greenville Ave 100, Richardson, TX 75081",2016-12-20,2018-09-21,5,5,0,0,5,0,96.8,93,100,100,2018-09-21,,0,1
11662,Fernando's Mexican Cuisine,Fernando's Mexican Cuisine,1250 State St 100,"1250 State St 100 | 1250 State St 100, Richardson, TX 75082",2016-12-30,2024-03-19,14,4,10,0,10,4,92.5,89,99,90,2024-03-19,20240513021424;20240612124719,0,1
11664,Cinnaholic,Cinnaholic,"100 S Central Expy 15, Richardson, TX 75080","100 S Central Expy 15, Richardson, TX 75080",2016-12-28,2018-05-10,4,4,0,0,4,0,99.75,99,100,99,2018-05-10,,0,1
11665,Tricky Fish,Tricky Fish,"1251 State St 750, Richardson, TX 75082","1251 State St 750, Richardson, TX 75082",2016-12-30,2018-09-26,4,4,0,0,4,0,92,89,99,89,2018-09-26,,0,1
11666,Pei Wei Fresh Kitchen,Pei Wei Fresh Kitchen,1425 E Renner Rd 610,"1425 E Renner Rd 610 | 1425 E Renner Rd 610, Richardson, TX 75082",2016-05-24,2025-08-06,19,5,14,0,13,6,85.54,71,99,92,2025-08-06,20240513021424;20240612124719;20251017180715,1,1
11667,Long Time Ago,Long Time Ago,"400 N Coit Rd 1910, Richardson, TX 75080","400 N Coit Rd 1910, Richardson, TX 75080",2017-02-07,2018-07-18,5,5,0,0,5,0,86,73,99,82,2018-07-18,,0,1
11668,Milano Pizza Restaurant,Milano Pizza Restaurant,"224 E Spring Valley Rd, Richardson, TX 75081","224 E Spring Valley Rd, Richardson, TX 75081",2016-12-16,2018-10-03,5,5,0,0,5,0,92.2,87,96,87,2018-10-03,,0,1
11673,Zak's Donuts,Zak's Donuts,580 W Arapaho Rd 370,"580 W Arapaho Rd 370 | 580 W Arapaho Rd 370, Richardson, TX 75080",2016-12-27,2025-06-18,14,4,10,0,13,1,92.69,72,100,96,2025-06-18,20240513021424;20240612124719;20251017180715,1,1
11694,Silver Grill,Silver Grill,"218 E Spring Valley Rd, Richardson, TX 75081","218 E Spring Valley Rd, Richardson, TX 75081",2017-01-05,2018-03-13,3,3,0,0,3,0,92.67,92,93,93,2018-03-13,,0,1
11696,Pho is for Lovers,Pho is for Lovers,1551 E Renner Rd 820,"1551 E Renner Rd 820 | 1551 E Renner Rd 820, Richardson, TX 75082",2017-01-23,2025-07-15,14,4,10,0,12,2,93.25,88,98,92,2025-07-15,20240513021424;20240612124719;20251017180715,1,1
11697,Burger Island,Burger Island,"525 W Arapaho Rd 8, Richardson, TX 75080","525 W Arapaho Rd 8, Richardson, TX 75080",2017-02-14,2018-05-17,3,3,0,0,3,0,95,93,97,97,2018-05-17,,0,1
11699,Boba Latte,Boba Latte,115 S Greenville Ave 113,"115 S Greenville Ave 113 | 115 S Greenville Ave 113, Richardson, TX 75081",2016-06-06,2025-09-03,15,5,10,0,15,0,89.07,81,98,85,2025-09-03,20240513021424;20240612124719;20251017180715,1,1
11701,I Love U A-Latte,I Love U A-Latte,"581 W Campbell Rd 125, Richardson, TX 75080","581 W Campbell Rd 125, Richardson, TX 75080",2017-01-20,2018-07-10,4,4,0,0,4,0,95,92,98,92,2018-07-10,,0,1
11702,Luna Grill,Luna Grill,1419 E Renner Rd 510,"1419 E Renner Rd 510 | 1419 E Renner Rd 510, Richardson, TX 75082",2017-01-31,2025-08-26,16,4,12,0,13,3,94,86,100,100,2025-08-26,20240513021424;20240612124719;20251017180715,1,1
11703,Tacqui,Tacqui,"744 S Central Expy 220, Richardson, TX 75080","744 S Central Expy 220, Richardson, TX 75080",2017-01-09,2018-06-05,4,4,0,0,4,0,95.25,88,99,88,2018-06-05,,0,1
11705,InReach - XPS Solutions,FrontLine Food Services @ XPS Solutions | InReach - XPS Solutions,2703 Telecom Pkwy 140B,2703 Telecom Pkwy 140B,2022-04-26,2025-07-02,4,0,4,0,4,0,97.75,95,100,100,2025-07-02,20240513021424;20240612124719;20251017180715,1,0
11706,UTD - Outtakes SSBA,UTD - Outtakes SSBA,800 W Campbell Road,800 W Campbell Road,2021-08-24,2024-04-19,4,0,4,0,4,0,95.25,90,100,93,2024-04-19,20240513021424;20240612124719,0,0
11708,The Halal Guys,The Halal Guys,746 S Central Expy 120,"746 S Central Expy 120 | 746 S Central Expy 120, Richardson, TX 75080",2017-02-09,2024-01-26,9,4,5,0,9,0,95.33,89,100,95,2024-01-26,20240513021424,0,1
11709,Jimmy John's,Jimmy John's,"3000 Northside Blvd 700, Richardson, TX 75080","3000 Northside Blvd 700, Richardson, TX 75080",2017-02-10,2018-08-13,4,4,0,0,4,0,98.75,98,100,99,2018-08-13,,0,1
11713,Nam Noodles and More,Nam Noodles and More,"2069 N Central Expy 100, Richardson, TX 75080","2069 N Central Expy 100, Richardson, TX 75080",2017-02-24,2018-09-21,4,4,0,0,4,0,94.5,87,99,99,2018-09-21,,0,1
11715,Tacos y Mas,Tacos y Mas | Tacosymas,101 S Coit Rd 404,"101 S Coit Rd 404 | 101 S Coit Rd 404, Richardson, TX 75080",2017-04-13,2025-06-24,16,3,13,0,11,5,88.73,81,97,90,2025-06-24,20240513021424;20240612124719;20251017180715,1,1
11716,Chicken Moto,Chicken Moto,"2069 N Central Expy 200, Richardson, TX 75080","2069 N Central Expy 200, Richardson, TX 75080",2017-02-24,2018-09-14,4,4,0,0,4,0,97.5,95,100,99,2018-09-14,,0,1
11717,Medina Moroccan and Mediterranean Infusion,Madina Moroccan and Mediterranean Infusion | Medina Moroccan and Mediterranean Infusion,114 E Main St,"114 E Main St | 114 E Main St, Richardson, TX 75081",2017-04-26,2025-09-24,14,3,11,0,11,3,82,73,91,85,2025-09-24,20240513021424;20240612124719;20251017180715,1,1
11718,Fratello Pizza,Fratello Pizza,"201 S Greenville Ave 101, Richardson, TX 75081","201 S Greenville Ave 101, Richardson, TX 75081",2017-03-02,2018-11-01,5,5,0,0,4,1,87.25,82,89,82,2018-10-04,,0,1
11728,Double Tree Dallas North/Lounge,Double Tree Dallas North/Lounge,1981 N Central Expy,1981 N Central Expy,2021-07-23,2025-04-28,8,0,8,0,8,0,94.75,90,99,96,2025-04-28,20240513021424;20240612124719;20251017180715,1,0
11729,Gong Cha,Gong Cha,1425 E Belt Line Rd 102,"1425 E Belt Line Rd 102 | 1425 E Belt Line Rd 102, Richardson, TX 75081",2017-03-02,2024-03-13,12,6,6,0,12,0,88.25,75,96,78,2024-03-13,20240513021424,0,1
11731,Hampton Inn & Suites Dallas/Richardson,Hampton Inn & Suites Dallas/Richardson,2250 N Glenville Dr,2250 N Glenville Dr,2021-08-18,2025-09-29,9,0,9,0,9,0,95.67,88,100,100,2025-09-29,20240513021424;20240612124719;20251017180715,1,0
11738,Chick-Fil-A,Chick-Fil-A,1400 E Renner Rd,"1400 E Renner Rd | 1400 E Renner Rd, Richardson, TX 75082",2017-04-21,2025-09-09,12,3,9,0,12,0,96.33,88,100,99,2025-09-09,20240513021424;20240612124719;20251017180715,1,1
11739,Mantra Leaf,Mantra Leaf,"819 W Arapaho Rd 56, Richardson, TX 75080","819 W Arapaho Rd 56, Richardson, TX 75080",2017-04-18,2018-07-12,3,3,0,0,3,0,97.33,97,98,97,2018-07-12,,0,1
11754,Delish Bubble Tea,Delish Bubble Tea,3000 Northside Blvd 600,"3000 Northside Blvd 600 | 3000 Northside Blvd 600, Richardson, TX 75080",2017-04-21,2019-04-25,5,4,0,1,5,0,98.4,96,100,99,2019-04-25,,0,1
11758,The Pearl Cup,The Pearl Cup,"2701 Custer Pkwy 917, Richardson, TX 75080","2701 Custer Pkwy 917, Richardson, TX 75080",2017-08-21,2018-08-21,3,3,0,0,3,0,94.67,94,96,94,2018-08-21,,0,1
11759,Palio's Pizza Cafe,Palio's Pizza Cafe,"1469 W Campbell Rd, Richardson, TX 75080","1469 W Campbell Rd, Richardson, TX 75080",2017-08-17,2018-08-13,3,3,0,0,3,0,90.67,89,93,89,2018-08-13,,0,1
11760,Hoki Poki,Hoki Poki,581 W Campbell Rd 105,"581 W Campbell Rd 105 | 581 W Campbell Rd 105, Richardson, TX 75080",2017-06-06,2025-09-23,11,3,8,0,11,0,91.73,84,97,88,2025-09-23,20240513021424;20240612124719;20251017180715,1,1
11761,Taqueria American Grill,Taqueria American Grill,100 S Greenville Ave,100 S Greenville Ave,2021-10-28,2025-10-02,6,0,6,0,6,0,87.17,82,93,93,2025-10-02,20240513021424;20240612124719;20251017180715,1,0
11762,Twin's Hot Tofu Restaurant,Twin's Hot Tofu Restaurant,"169 N Plano Rd, Richardson, TX 75081","169 N Plano Rd, Richardson, TX 75081",2017-06-27,2018-11-03,3,3,0,0,3,0,92.67,92,94,92,2018-11-03,,0,1
11767,Wildflower Cafe,Wildflower Cafe,2375 N Glenville,"2375 N Glenville | 2375 N Glenville, Richardson, TX",2017-08-18,2025-08-27,12,3,9,0,12,0,94,88,99,99,2025-08-27,20240513021424;20240612124719;20251017180715,1,1
11768,Chopped Halal Grill,Chopped Halal Grill,"3000 Northside Blvd 500, Richardson, TX 75080","3000 Northside Blvd 500, Richardson, TX 75080",2017-06-05,2018-07-16,3,3,0,0,3,0,93,90,95,90,2018-07-16,,0,1
11787,Good Fortune Supermarket,Good Fortune Supermarket,400 N Greenville Ave 1,400 N Greenville Ave 1,2021-10-19,2025-06-23,8,0,8,0,7,1,82.43,81,84,84,2025-06-23,20240513021424;20240612124719;20251017180715,1,0
11788,Anatolia Mart,Anatolia Mart,1144 N Plano Rd 107,1144 N Plano Rd 107,2021-08-12,2024-03-26,7,0,7,0,5,2,94.8,90,98,98,2024-03-26,20240513021424;20240612124719,0,0
11789,Kabobi Fresh Express,Kabobi Fresh Express,"526 W Arapaho Rd, Richardson, TX 75080","526 W Arapaho Rd, Richardson, TX 75080",2017-06-22,2018-07-31,3,3,0,0,3,0,96,92,99,92,2018-07-31,,0,1
11791,Jack In The Box,Jack In The Box | Jack-in-the-Box,1350 S Plano Rd,"1350 S Plano Rd | 1350 S Plano Rd, Richardson, TX 75081",2017-06-02,2025-05-07,10,3,7,0,10,0,94.8,87,99,87,2025-05-07,20240513021424;20240612124719;20251017180715,1,1
11792,Jersey Mike's Subs,Jersey Mike's Subs,1920 N Coit Rd 221,"1920 N Coit Rd 221 | 1920 N Coit Rd 221, Richardson, TX 75080",2017-06-13,2025-08-26,11,3,8,0,11,0,88.55,78,95,94,2025-08-26,20240513021424;20240612124719;20251017180715,1,1
11793,Addis Abeba Ethiopian Restaurant,Addis Abeba Ethiopian Restaurant,100 S Central Expy 65,"100 S Central Expy 65 | 100 S Central Expy 65, Richardson, TX 75080",2017-10-10,2025-06-25,13,3,10,0,10,3,80.5,70,95,78,2025-06-25,20240513021424;20240612124719;20251017180715,1,1
11794,Sweet Daze Dessert Bar,Sweet Daze Dessert Bar,"581 W Campbell Rd, Suite 127, Richardson, TX 75080","581 W Campbell Rd, Suite 127, Richardson, TX 75080",2017-07-31,2018-07-10,3,3,0,0,3,0,93,90,96,90,2018-07-10,,0,1
11797,Bethany Cafe,Bethany Cafe,"430 N Coit Rd 200, Richardson, TX 75080","430 N Coit Rd 200, Richardson, TX 75080",2017-07-07,2018-09-06,3,3,0,0,3,0,92.33,88,97,97,2018-09-06,,0,1
11798,85 C Bakery Cafe,85 C Bakery Cafe,400 N Greenville Ave 9,"400 N Greenville Ave 9 | 400 N Greenville Ave 9, Richardson, TX 75081",2017-10-03,2025-09-19,12,3,9,0,12,0,96.92,94,100,94,2025-09-19,20240513021424;20240612124719;20251017180715,1,1
11800,Twister Street Tacos,Twister Street Tacos,"300 N Coit Rd 130, Richardson, TX 75080","300 N Coit Rd 130, Richardson, TX 75080",2017-11-08,2018-11-06,4,4,0,0,4,0,88.75,82,99,82,2018-11-06,,0,1
11802,Guitars & Growlers,Guitars & Growlers,581 W Campbell Rd 101,"581 W Campbell Rd 101 | 581 W Campbell Rd 101, Richardson, TX 75080",2017-08-31,2025-09-23,12,3,9,0,12,0,94.17,88,100,94,2025-09-23,20240513021424;20240612124719;20251017180715,1,1
11804,Custer Wok,Custer Wok,900 Custer Rd,"900 Custer Rd | 900 Custer Rd, Richardson, TX 75080",2017-11-01,2025-09-05,15,3,12,0,11,4,83.91,74,94,80,2025-09-05,20240513021424;20240612124719;20251017180715,1,1
11805,Dog Haus Biergarten,Dog Haus Biergarten,744 S Central Expy 210,"744 S Central Expy #210, Richardson, TX 75080 | 744 S Central Expy 210",2017-10-23,2024-01-25,10,3,7,0,8,2,89.12,78,100,97,2024-01-25,20240513021424;20240612124719,0,1
11808,Tasty Tails,Tasty Tails,"100 S Central Expy 21, Richardson, TX 75080","100 S Central Expy 21, Richardson, TX 75080",2017-11-17,2018-05-10,2,2,0,0,2,0,91,89,93,93,2018-05-10,,0,1
11815,Cha Bar Thai,Cha Bar Thai,"1811 N Greenville Ave 400, Richardson, TX 75081","1811 N Greenville Ave 400, Richardson, TX 75081",2017-11-07,2018-05-31,2,2,0,0,2,0,89.5,85,94,85,2018-05-31,,0,1
11816,Tantuni Mediterranean,Tantuni Mediterranean,"925 Abrams Rd, Richardson, TX 75081","925 Abrams Rd, Richardson, TX 75081",2017-09-22,2018-05-01,2,2,0,0,2,0,86,83,89,89,2018-05-01,,0,1
11818,North Dallas Adventist Academy,North Dallas Adventist Academy,2800 Custer Parkway,2800 Custer Parkway,2021-10-13,2025-05-22,8,0,8,0,8,0,97.25,93,100,97,2025-05-22,20240513021424;20240612124719;20251017180715,1,0
11820,Sweet Frog,Sweet Frog,101 S Coit Rd 8,101 S Coit Rd 8,2021-08-10,2024-06-05,7,0,7,0,7,0,92,84,97,95,2024-06-05,20240513021424;20240612124719,0,0
11821,Little Kaiping,Little Kaiping,"4011 E Renner Rd 128, Richardson, TX 75082","4011 E Renner Rd 128, Richardson, TX 75082",2017-11-01,2018-05-29,2,2,0,0,2,0,87,85,89,85,2018-05-29,,0,1
11822,Aloft Richardson,Aloft Richardson,1160 State St,1160 State St,2021-06-30,2025-08-19,12,0,12,0,8,4,89.88,79,94,94,2025-08-19,20240513021424;20240612124719;20251017180715,1,0
11826,Thai Asian Fusion Cafe,Thai Asian Fusion Cafe,"1370 E Belt Line Rd, Richardson, TX 75081","1370 E Belt Line Rd, Richardson, TX 75081",2017-10-13,2018-06-14,2,2,0,0,2,0,93,92,94,94,2018-06-14,,0,1
11828,Fordtres Bar & Grill,Fordtres Bar & Grill,"215 N Central Expy, Richardson, TX 75080","215 N Central Expy, Richardson, TX 75080",2017-12-07,2018-07-26,2,2,0,0,2,0,99.5,99,100,99,2018-07-26,,0,1
11834,Even Stevens Sandwiches,Even Stevens Sandwiches,"744 S Central Expy, Richardson, TX 75080","744 S Central Expy, Richardson, TX 75080",2017-11-09,2018-06-05,2,2,0,0,2,0,97,96,98,98,2018-06-05,,0,1
11835,Fish and Tails Oyster Bar,Fish and Tails Oyster Bar,807 S Central Expy,"807 S Central Expy | 807 S Central Expy, Richardson, TX 75080",2017-11-29,2025-08-27,10,2,8,0,9,1,86.78,75,91,90,2025-08-27,20240513021424;20240612124719;20251017180715,1,1
11841,Six Springs Tavern,Six Springs Tavern,"147 N Plano Rd, Richardson, TX 75081","147 N Plano Rd, Richardson, TX 75081",2018-02-06,2018-08-22,2,2,0,0,2,0,93.5,93,94,93,2018-08-22,,0,1
11843,American Tap Room,American Tap Room,"3000 Northside Blvd Bl2 #900, Richardson, TX 75080","3000 Northside Blvd Bl2 #900, Richardson, TX 75080",2017-11-21,2018-11-06,3,3,0,0,3,0,91.33,88,95,91,2018-11-06,,0,1
11847,Cafe Gecko,Cafe Gecko,1381 W Campbell Rd,"1381 W Campbell Rd | 1381 W Campbell Rd, Richardson, TX 75080",2017-11-29,2025-04-07,10,2,8,0,9,1,92.11,83,97,93,2025-04-07,20240513021424;20240612124719;20251017180715,1,1
11849,Tandoori Nights Indian Cuisine,Tandoori Nights Indian Cuisine,"1403 E Campbell Rd. 101C, Richardson, TX 75081","1403 E Campbell Rd. 101C, Richardson, TX 75081",2018-02-01,2018-08-28,2,2,0,0,2,0,84.5,81,88,81,2018-08-28,,0,1
11852,UTD - Starbucks #51690,UTD - Starbucks | UTD - Starbucks #51690,800 W Campbell Road,"800 W Campbell Road | 800 W Campbell Road, Richardson, TX 75080",2017-12-15,2025-09-30,10,2,8,0,10,0,97.2,93,100,99,2025-09-30,20240513021424;20240612124719;20251017180715,1,1
11853,JC's Burger Bar,JC's Burger Bar,"101 S Coit Rd #1, Richardson, TX 75080","101 S Coit Rd #1, Richardson, TX 75080",2018-02-23,2018-08-22,2,2,0,0,2,0,98,97,99,99,2018-08-22,,0,1
11856,Murphy's Deli,Murphy's Deli,"2600 N Central Expy 190, Richardson, TX 75080","2600 N Central Expy 190, Richardson, TX 75080",2018-02-01,2018-08-29,2,2,0,0,2,0,91,90,92,90,2018-08-29,,0,1
11877,The Flying Biscuit,The Flying Biscuit,"746 S Central Expy Suite 100, Richardson, TX 75080","746 S Central Expy Suite 100, Richardson, TX 75080",2017-12-15,2018-06-05,2,2,0,0,2,0,100,100,100,100,2018-06-05,,0,1
11878,"Communion Coffee, LLC","Communion Cafe, LLC | Communion Coffee, LLC | Communion Restaurant Group, LLC",514 Lockwood Dr,"514 Lockwood Dr | 514 Lockwood Dr, Richardson, TX 75080",2017-12-15,2025-05-05,12,2,10,0,10,2,88.7,80,98,91,2025-05-05,20240513021424;20240612124719;20251017180715,1,1
11880,Texaco - Cocina Economica Chepita DBA - Diego's Taqueria,Texaco - Cocina Economica Chepita DBA - Diego's Taqueria,1401 E Belt Line Rd,"1401 E Belt Line Rd | 1401 E Belt Line Rd, Richardson, TX 75081",2017-12-12,2024-02-14,8,2,6,0,7,1,89.14,82,99,90,2024-02-14,20240513021424;20240612124719,0,1
11882,Which Wich,Which Wich,232 W Campbell Rd,"232 W Campbell Rd | 232 W Campbell Rd, Richardson, TX 75080",2017-12-14,2023-12-12,9,2,7,0,7,2,85.71,74,96,87,2023-12-12,20240513021424;20240612124719,0,1
11884,Funasia (upstairs),Funasia (upstairs),1210 E Belt Line Rd,"1210 E Belt Line Rd | 1210 E Belt Line Rd, Richardson, TX 75081",2017-11-30,2024-03-18,9,2,6,1,9,0,91.89,78,100,88,2024-03-18,20240513021424;20240612124719,0,1
11885,Funasia (downstairs),Funasia (downstairs),1210 E Belt Line Rd,"1210 E Belt Line Rd | 1210 E Belt Line Rd, Richardson, TX 75081",2017-11-30,2023-12-28,8,2,5,1,8,0,92.88,88,96,95,2023-12-28,20240513021424;20240612124719,0,1
11888,Feng Cha Teahouse,Feng Cha Teahouse,"2701 Custer Pkwy 823, Richardson, TX 75080","2701 Custer Pkwy 823, Richardson, TX 75080",2018-01-10,2018-07-18,2,2,0,0,2,0,87.5,84,91,91,2018-07-18,,0,1
11890,Northside Drafthouse & Eatery,Northside Drafthouse & Eatery,3000 Northside Blvd Suite 800,"3000 Northside Blvd Suite 800 | 3000 Northside Blvd Suite 800, Richardson, TX 75080",2018-01-12,2024-11-13,10,3,7,0,9,1,88.11,84,93,85,2024-11-13,20240513021424;20240612124719;20251017180715,1,1
11891,Sharetea,Sharetea,"1386 E Belt Line Rd, Richardson, TX 75081","1386 E Belt Line Rd, Richardson, TX 75081",2018-02-13,2018-07-25,2,2,0,0,2,0,94.5,93,96,93,2018-07-25,,0,1
11892,M2M Bakery,M2M Bakery,115 S Greenville Ave 112,"115 S Greenville Ave 112 | 115 S Greenville Ave 112, Richardson, TX 75081",2018-03-13,2025-09-03,11,2,9,0,11,0,95.45,92,100,95,2025-09-03,20240513021424;20240612124719;20251017180715,1,1
11893,Harbor Point Club & Grill,Harbor Point Club & Grill,"2121 E Buckingham Rd, Richardson, TX 75081","2121 E Buckingham Rd, Richardson, TX 75081",2018-03-12,2018-10-06,2,2,0,0,2,0,93.5,91,96,91,2018-10-06,,0,1
11894,Domino's Pizza #6934,Domino's Pizza | Domino's Pizza #6934,518 W Arapaho Rd 103,"518 W Arapaho Rd | 518 W Arapaho Rd 103 | 518 W Arapaho Rd, Richardson, TX 75080",2018-02-21,2025-06-26,11,2,9,0,10,1,95.4,90,100,93,2025-06-26,20240513021424;20240612124719;20251017180715,1,1
11897,Encompass Health Rehabilitation Hospital of Richardson,Encompass Health Rehabilitation Hospital of Richardson,3351 Waterview Pky,3351 Waterview Pky,2021-11-15,2025-02-14,7,0,7,0,7,0,90.71,86,97,86,2025-02-14,20240513021424;20240612124719;20251017180715,1,0
11898,Domino's Pizza,Domino's Pizza,1600 N Plano Rd 2300,"1600 N Plano Rd 2300 | 1600 N Plano Rd 2300, Richardson, TX 75081",2018-02-06,2025-08-07,11,2,9,0,11,0,97.18,92,100,100,2025-08-07,20240513021424;20240612124719;20251017180715,1,1
11899,Tasty Egg Roll,Tasty Egg Roll,"710 W Renner Rd 216, Richardson, TX 75080","710 W Renner Rd 216, Richardson, TX 75080",2018-02-28,2018-08-22,2,2,0,0,2,0,93,92,94,92,2018-08-22,,0,1
11900,First Watch Restaurant,First Watch Cafe | First Watch Restaurant,930 E Campbell Rd 101,"930 E Campbell Rd 101 | 930 E Campbell Rd 101, Richardson, TX 75081",2018-02-08,2025-08-18,12,2,10,0,12,0,94,89,100,97,2025-08-18,20240513021424;20240612124719;20251017180715,1,1
11902,Rose House,Rose House,"400 N Greenville Ave 14, Richardson, TX 75081","400 N Greenville Ave 14, Richardson, TX 75081",2018-06-01,2018-07-31,2,2,0,0,1,1,92,92,92,92,2018-06-01,,0,1
11903,Sonic Drive-in #3516,Sonic Drive-In | Sonic Drive-in #3516,520 Centennial Blvd,"520 Centennial Blvd | 520 Centennial Blvd, Richardson, TX 75081",2018-05-24,2025-06-17,11,1,10,0,10,1,94.2,89,100,93,2025-06-17,20240513021424;20240612124719;20251017180715,1,1
11904,Sonic Drive-In #4853,Sonic Drive-In | Sonic Drive-In #4853,605 S Plano Rd,"605 S Plano Rd | 605 S Plano Rd, Richardson, TX 75081",2018-05-15,2025-06-13,12,1,10,1,11,1,93.09,85,100,95,2025-06-13,20240513021424;20240612124719;20251017180715,1,1
11905,The Brasa Bar & Grill,The Brasa Bar & Grill,"430 N Coit Rd #400, Richardson, TX 75080","430 N Coit Rd #400, Richardson, TX 75080",2018-04-10,2018-10-24,2,2,0,0,2,0,90.5,90,91,91,2018-10-24,,0,1
11906,Akaya Izakaya & Ramen,Akaya Izakaya & Ramen,1310 W Campbell Rd 114,"1310 W Campbell Rd 114 | 1310 W Campbell Rd 114, Richardson, TX 75080",2018-06-15,2025-06-26,8,1,7,0,7,1,81,68,92,90,2025-06-26,20240513021424;20240612124719;20251017180715,1,1
11907,Curry Bliss,Curry Bliss | Sigree Grill Bar & Restaurant,101 S Coit Rd 359,"101 S Coit Rd 359 | 101 S Coit Rd 359, Richardson, TX 75080",2018-04-10,2025-08-26,12,2,10,0,9,3,83.67,67,94,72,2025-08-26,20240513021424;20240612124719;20251017180715,1,1
11921,El Pollo Loco,El Pollo Loco,"1400 E Belt Line Rd, Richardson, TX 75081","1400 E Belt Line Rd, Richardson, TX 75081",2018-06-15,2018-06-15,1,1,0,0,1,0,97,97,97,97,2018-06-15,,0,1
11922,Vegvana,Vegvana,100 S Central Expy 35,"100 S Central Expy 35 | 100 S Central Expy 35, Richardson, TX 75080",2018-04-30,2019-04-25,4,2,0,2,3,1,91.33,86,94,86,2019-04-24,,0,1
11925,The Reserve at Richardson,The Reserve at Richardson,1610 Richardson Dr,1610 Richardson Dr,2021-09-24,2025-05-27,8,0,8,0,8,0,94.62,87,100,87,2025-05-27,20240513021424;20240612124719;20251017180715,1,0
11929,Neighbors Food N Brews,Neighbors Food N Brews,"508 W Lookout Dr., Suite 12","508 W Lookout Dr., Suite 12",2019-04-22,2019-04-22,1,0,0,1,1,0,95,95,95,95,2019-04-22,,0,0
11933,Da Good Eats LLC DBA Chubby Tuna,Da Good Eats LLC DBA Chubby Tuna,"901 N Jupiter Rd 100, Richardson, TX 75081","901 N Jupiter Rd 100, Richardson, TX 75081",2018-05-23,2018-05-23,1,1,0,0,1,0,94,94,94,94,2018-05-23,,0,1
11935,Spring Valley Mart,Spring Valley Mart,710 W Spring Valley Rd,"710 W Spring Valley Rd | 710 W Spring Valley Rd, Richardson, TX 75080",2018-07-12,2025-05-05,8,1,7,0,8,0,95.88,90,100,94,2025-05-05,20240513021424;20240612124719;20251017180715,1,1
11937,Chatime & ZenQ,Chatime & ZenQ,"1310 W Campbell Rd #108, Richardson, TX 75080","1310 W Campbell Rd #108, Richardson, TX 75080",2018-06-19,2018-06-19,1,1,0,0,1,0,97,97,97,97,2018-06-19,,0,1
11939,Peru Cafe Bistro Snack Bar,Peru Cafe Bistro Snack Bar,"300 N Coit Rd 270, Richardson, TX 75080","300 N Coit Rd 270, Richardson, TX 75080",2018-06-21,2018-06-21,1,1,0,0,1,0,86,86,86,86,2018-06-21,,0,1
11966,Posh Panini,Posh Panini,"101 S Coit Rd #50, Richardson, TX 75080","101 S Coit Rd #50, Richardson, TX 75080",2018-06-19,2018-06-19,1,1,0,0,1,0,97,97,97,97,2018-06-19,,0,1
11969,Pepper Trade Cafe,Pepper Trade Cafe,1801 N Greenville Ave. 100,"1801 N Greenville Ave. 100 | 1801 N Greenville Ave. 100, Richardson, TX 75081",2018-06-19,2019-06-26,2,1,0,1,2,0,86.5,83,90,83,2019-06-26,,0,1
11970,Pho OK Restaurant,Pho OK Restaurant | Pho Ok Restaurant,955 E Campbell Rd 100,"955 E Campbell Rd 100 | 955 E Campbell Rd 100, Richardson, TX 75081",2018-06-26,2025-08-26,11,1,10,0,8,3,79,73,83,83,2025-08-26,20240513021424;20240612124719;20251017180715,1,1
11972,Chai Khanah,Chai Khanah,"580 W Arapaho Rd 406, Richardson, TX 75080","580 W Arapaho Rd 406, Richardson, TX 75080",2018-08-13,2018-08-13,1,1,0,0,1,0,94,94,94,94,2018-08-13,,0,1
11973,Far East Pizza,Far East Pizza | La Cuisine Cafe,1500 N Greenville Ave. 110,"1500 N Greenville Ave. 110 | 1500 N Greenville Ave. 110, Richardson, TX 75081",2018-06-19,2023-12-18,8,1,7,0,7,1,94.14,89,98,98,2023-12-18,20240513021424;20240612124719,0,1
11975,Parks Coffee @ North Central Ford,Parks Coffee @ North Central Ford,1819 N Central Expy,1819 N Central Expy,2021-08-20,2024-11-19,4,0,4,0,4,0,98.75,97,100,97,2024-11-19,20240513021424;20240612124719;20251017180715,1,0
11977,Parks Coffee @ Peloton,Parks Coffee @ Peloton,3300 E Renner Rd,3300 E Renner Rd,2019-06-24,2019-06-24,1,0,0,1,1,0,100,100,100,100,2019-06-24,,0,0
11978,Parks Coffee @ Lute Riley Honda,Parks Coffee @ Lute Riley Honda,1331 N Central Expy,1331 N Central Expy,2019-06-24,2024-10-07,5,0,4,1,5,0,99.4,98,100,100,2024-10-07,20240513021424;20240612124719;20251017180715,1,0
11983,Parks Coffee @ Courtesy Nissan,Parks Coffee @ Courtesy Nissan,1777 N Central Expy,1777 N Central Expy,2021-08-20,2025-10-13,5,0,5,0,5,0,98.2,95,100,95,2025-10-13,20240513021424;20240612124719;20251017180715,1,0
11994,Collins Square Cafe & Grill,Collins Square Cafe & Grill,"1301 E Collins Blvd 175, Richardson, TX 75081","1301 E Collins Blvd 175, Richardson, TX 75081",2018-06-26,2018-06-26,1,1,0,0,1,0,86,86,86,86,2018-06-26,,0,1
11995,Asian Mint,Asian Mint | Enjoymint,300 W Campbell Rd 140,"300 W Campbell Rd 140 | 300 W Campbell Rd 140, Richardson, TX 75080",2018-06-18,2025-09-15,10,1,9,0,9,1,88.78,70,98,98,2025-09-15,20240513021424;20240612124719;20251017180715,1,1
11996,Sun's Kitchen,Sun's Kitchen,"800 E Arapaho Rd 120, Richardson, TX 75081","800 E Arapaho Rd 120, Richardson, TX 75081",2018-06-26,2018-06-26,1,1,0,0,1,0,78,78,78,78,2018-06-26,,0,1
11997,Fire Star,Fire Star,"2115 E Belt Line Rd, Richardson, TX 75081","2115 E Belt Line Rd, Richardson, TX 75081",2018-11-01,2018-11-01,1,1,0,0,1,0,92,92,92,92,2018-11-01,,0,1
11998,Taiwan Cafe,Taiwan Cafe,"300 Terrace Dr 312, Richardson, TX 75081","300 Terrace Dr 312, Richardson, TX 75081",2018-07-31,2018-07-31,1,1,0,0,1,0,92,92,92,92,2018-07-31,,0,1
11999,Pinto Urban Thai Diner,Pinto Urban Thai Diner,3000 Northside Blvd #400,"3000 Northside Blvd #400 | 3000 Northside Blvd #400, Richardson, TX 75080",2018-07-11,2025-08-21,9,1,8,0,9,0,94.11,88,97,95,2025-08-21,20240513021424;20240612124719;20251017180715,1,1
12001,Joy Kitchen,Joy Kitchen,1455 Buckingham Sq 112,1455 Buckingham Sq 112,2021-07-20,2025-07-28,9,0,9,0,8,1,90.75,84,97,93,2025-07-28,20240513021424;20240612124719;20251017180715,1,0
12004,Las Ranitas Grill Y Bar,Las Ranitas Grill Y Bar,"812 S Central Expy, Richardson, TX 75080","812 S Central Expy, Richardson, TX 75080",2018-08-14,2018-08-21,2,2,0,0,2,0,98.5,97,100,100,2018-08-21,,0,1
12005,Mubrooka,Mubrooka,"904 Audelia Rd 300, Richardson, TX 75081","904 Audelia Rd 300, Richardson, TX 75081",2018-11-02,2018-11-02,1,1,0,0,1,0,90,90,90,90,2018-11-02,,0,1
12006,Dickey's Barbeque Pit,Dickey's Barbeque Pit,"2160 N Coit Rd 146, Richardson, TX 75080","2160 N Coit Rd 146, Richardson, TX 75080",2018-06-20,2018-06-20,1,1,0,0,1,0,98,98,98,98,2018-06-20,,0,1
12008,Natural Grocers,Natural Grocers,677 W Campbell Rd 100,677 W Campbell Rd 100,2021-09-13,2025-04-11,8,0,8,0,8,0,97.75,91,100,91,2025-04-11,20240513021424;20240612124719;20251017180715,1,0
12012,JC's Burger House,JC's Burger House,"401 W Pres George Bush Hwy. 119, Richardson, TX 75080","401 W Pres George Bush Hwy. 119, Richardson, TX 75080",2018-07-19,2018-07-19,1,1,0,0,1,0,90,90,90,90,2018-07-19,,0,1
12014,Bulldog Katsu,Bulldog Katsu,2010 N Plano Rd Suite 104,"2010 N Plano Rd Suite 104 | 2010 N Plano Rd Suite 104, Richardson, TX 75082",2018-08-08,2024-05-07,8,1,7,0,7,1,93.43,79,100,79,2024-04-25,20240513021424;20240612124719,0,1
12015,The China Express,The China Express,819 W. Arapaho Rd. 58E,"819 W. Arapaho Rd. 58E | 819 W. Arapaho Rd. 58E, Richardson, TX 75080",2018-10-04,2025-08-21,13,2,11,0,9,4,85,70,95,70,2025-07-29,20240513021424;20240612124719;20251017180715,1,1
12019,Melones Sports Bar,Melones Sports Bar,"1610 E Belt Line Rd, Richardson, TX 75081","1610 E Belt Line Rd, Richardson, TX 75081",2018-08-27,2018-08-27,1,1,0,0,1,0,82,82,82,82,2018-08-27,,0,1
12020,HIS Tea,HIS Tea,221 W Polk St 105,221 W Polk St 105,2021-09-03,2025-06-03,8,0,8,0,8,0,96.12,90,100,100,2025-06-03,20240513021424;20240612124719;20251017180715,1,0
12023,Renaissance - Before 5 and After 5,Renaissance - Before 5 and After 5,900 E Lookout Dr,900 E Lookout Dr,2021-11-01,2025-05-20,9,0,9,0,8,1,94.75,91,100,100,2025-05-20,20240513021424;20240612124719;20251017180715,1,0
12024,Renaissance -Concierge Lounge,Renaissance -Concierge Lounge,900 E Lookout Dr,900 E Lookout Dr,2023-05-08,2025-05-20,5,0,5,0,5,0,99,97,100,97,2025-05-20,20240513021424;20240612124719;20251017180715,1,0
12025,Renaissance Hotel Main Kitchen,Renaissance Hotel Main Kitchen,900 E Lookout Dr,900 E Lookout Dr,2022-02-10,2025-05-20,8,0,8,0,7,1,93.43,88,100,91,2025-05-20,20240513021424;20240612124719;20251017180715,1,0
12028,Yummi Sushi @ Kroger,Yummi Sushi @ Kroger,536 Centennial Blvd,536 Centennial Blvd,2021-07-16,2025-08-08,9,0,9,0,9,0,99.11,97,100,100,2025-08-08,20240513021424;20240612124719;20251017180715,1,0
12029,India Bazaar,India Bazaar,1425 E Belt Line Rd 110,1425 E Belt Line Rd 110,2021-06-24,2025-08-04,8,0,8,0,8,0,92.25,88,99,92,2025-08-04,20240513021424;20240612124719;20251017180715,1,0
12031,Fish & Fizz,Fish & Fizz,"400 N Coit Rd 1908, Richardson, TX 75080","400 N Coit Rd 1908, Richardson, TX 75080",2018-09-21,2018-10-24,2,2,0,0,2,0,97.5,97,98,97,2018-10-24,,0,1
12033,Quizno's Classic Subs,Quizno's Classic Subs,"1545 E Belt Line Rd, Richardson, TX 75081","1545 E Belt Line Rd, Richardson, TX 75081",2018-11-01,2018-11-01,1,1,0,0,1,0,94,94,94,94,2018-11-01,,0,1
12034,Al Nimer Roastery,Al Nimer Roastery,815 S Sherman St,"815 S Sherman St | 815 S Sherman St, Richardson, TX 75081",2018-11-02,2025-04-02,8,1,7,0,8,0,91.38,83,95,90,2025-04-02,20240513021424;20240612124719;20251017180715,1,1
12036,Sweet Mix,Sweet Mix | Sweet Mix Desserts,1811 N Greenville Ave 300,"1811 N Greenville Ave 300 | 1811 N Greenville Ave 300, Richardson, TX 75081",2018-10-08,2019-04-22,2,1,0,1,2,0,90,88,92,88,2019-04-22,,0,1
12041,L.A. Burger,L.A. Burger | LA Burger,2000 N Plano Rd 115,"2000 N Plano Rd 115 | 2000 N Plano Rd 115, Richardson, TX 75082",2018-10-17,2025-09-25,12,1,11,0,10,2,88.9,85,91,90,2025-09-25,20240513021424;20240612124719;20251017180715,1,1
12043,American Food & Vending @ Qorvo RFX,American Food & Vending @ Qorvo RFX,500 W Renner Rd,500 W Renner Rd,2021-07-28,2025-09-26,5,0,5,0,5,0,99.4,98,100,98,2025-09-26,20240513021424;20240612124719;20251017180715,1,0
12044,American Food & Vending @Associa RFX,American Food & Vending @Associa RFX,1225 Alma Rd,1225 Alma Rd,2021-08-19,2023-08-21,3,0,3,0,3,0,98.67,97,100,100,2023-08-21,20240513021424;20240612124719,0,0
12045,American Food & Vending @Texas Instruments RFAB RFX,American Food & Vending @Texas Instruments RFAB RFX,3601 Alma Rd,3601 Alma Rd,2021-09-28,2025-09-26,4,0,4,0,4,0,98,97,100,97,2025-09-26,20240513021424;20240612124719;20251017180715,1,0
12047,UTD - Engineering Market,UTD - Engineering Market,800 W Campbell Road,800 W Campbell Road,2021-08-24,2025-03-31,6,0,6,0,6,0,99.17,95,100,100,2025-03-31,20240513021424;20240612124719;20251017180715,1,0
12048,Bunkies Donuts,Bunkies Donuts,504 W Lookout Dr #410,"504 W Lookout Dr #410 | 504 W Lookout Dr #410, Richardson, TX 75080",2018-10-16,2025-05-22,10,1,8,1,10,0,93,84,98,95,2025-05-22,20240513021424;20240612124719;20251017180715,1,1
12067,Smoothie King,Smoothie King,1325 E Belt Line Rd,1325 E Belt Line Rd,2021-08-19,2025-05-05,8,0,8,0,8,0,94,90,100,94,2025-05-05,20240513021424;20240612124719;20251017180715,1,0
12069,Donut Therapy,Donut Therapy,"1401 E Arapaho Rd #C, Richardson, TX 75081","1401 E Arapaho Rd #C, Richardson, TX 75081",2018-10-12,2018-10-12,1,1,0,0,1,0,96,96,96,96,2018-10-12,,0,1
12073,Kolache Factory,Kolache Factory,"2051 N Central Expy 101, Richardson, TX 75080","2051 N Central Expy 101, Richardson, TX 75080",2018-10-25,2018-10-25,1,1,0,0,1,0,96,96,96,96,2018-10-25,,0,1
12077,El Jeffe Mexican Taste,El Jeffe Mexican Taste,2148 E Belt Line Rd,2148 E Belt Line Rd,2019-04-24,2019-04-24,1,0,0,1,1,0,97,97,97,97,2019-04-24,,0,0
12081,Taco Bell #35432,Taco Bell #35432,1606 E Belt Line Rd,1606 E Belt Line Rd,2021-08-18,2025-08-14,8,0,8,0,8,0,94.62,90,97,96,2025-08-14,20240513021424;20240612124719;20251017180715,1,0
12082,Tamaleria Nuevo Leon,Tamaleria Nuevo Leon,2139 E Buckingham Rd,2139 E Buckingham Rd,2019-04-24,2025-07-15,9,0,8,1,9,0,88.67,78,98,87,2025-07-15,20240513021424;20240612124719;20251017180715,1,0
12089,Papa Murphy's Take 'N Bake Pizza,Papa Murphy's Take 'N Bake Pizza,900 N Coit Rd 2701,900 N Coit Rd 2701,2021-08-12,2024-03-06,6,0,6,0,6,0,92.5,84,98,96,2024-03-06,20240513021424;20240612124719,0,0
12093,Remington Transitional Care,Remington Transitional Care,1350 E Lookout Dr,1350 E Lookout Dr,2021-09-16,2025-04-25,8,0,8,0,8,0,95.38,91,99,99,2025-04-25,20240513021424;20240612124719;20251017180715,1,0
12095,Pho An,Pho An,1851 N Plano Rd,1851 N Plano Rd,2021-08-30,2025-08-07,12,0,12,0,8,4,83.25,76,91,91,2025-08-07,20240513021424;20240612124719;20251017180715,1,0
12128,FrontLine Food Services @ Geico (Front 1st Fl),FrontLine Food Services @ Geico (Front 1st Fl),2280 N Greenville Ave,2280 N Greenville Ave,2021-06-28,2024-01-23,4,0,4,0,4,0,98.5,98,100,98,2024-01-23,20240513021424;20240612124719,0,0
12129,FrontLine Food Services @ Geico (Back 2nd Fl),FrontLine Food Services @ Geico (Back 2nd Fl),2280 N Greenville Ave,2280 N Greenville Ave,2021-06-28,2024-01-23,4,0,4,0,4,0,98.5,98,100,98,2024-01-23,20240513021424;20240612124719,0,0
12130,FrontLine Food Services @ Geico (Front 2nd Fl),FrontLine Food Services @ Geico (Front 2nd Fl),2280 N Greenville Ave,2280 N Greenville Ave,2022-01-10,2024-01-23,3,0,3,0,3,0,98.67,98,100,98,2024-01-23,20240513021424;20240612124719,0,0
12131,FrontLine Food Services @ Geico (Hybrid Market),FrontLine Food Services @ Geico (Hybrid Market),2280 N Greenville Ave,2280 N Greenville Ave,2021-06-28,2024-01-23,4,0,4,0,4,0,99,98,100,98,2024-01-23,20240513021424;20240612124719,0,0
12132,Double Tree Dallas North Cafe,Double Tree Dallas North Cafe,1981 N Central Expy,1981 N Central Expy,2021-07-23,2025-04-28,8,0,8,0,8,0,86.75,74,93,89,2025-04-28,20240513021424;20240612124719;20251017180715,1,0
12133,Kung Pow Asian Diner,Kung Pow Asian Diner,4251 E Renner Rd 106,4251 E Renner Rd 106,2021-10-05,2023-12-13,5,0,5,0,5,0,85.4,80,90,80,2023-12-13,20240513021424;20240612124719,0,0
12136,Panda Express #3067,Panda Express #3067,1240 W Campbell Rd,1240 W Campbell Rd,2021-09-02,2025-05-30,8,0,8,0,8,0,97,95,100,95,2025-05-30,20240513021424;20240612124719;20251017180715,1,0
12138,Canteen Vending @ Boeing,Canteen Vending @ Boeing,3373 Breckinridge Blvd,3373 Breckinridge Blvd,2021-08-18,2024-10-07,4,0,4,0,4,0,100,100,100,100,2024-10-07,20240513021424;20240612124719;20251017180715,1,0
12143,Canteen Vending @ Frontier-Comm Richardson,Canteen Vending @ Frontier-Comm Richardson,400 International Pkwy,400 International Pkwy,2023-07-28,2025-07-02,3,0,3,0,3,0,100,100,100,100,2025-07-02,20240513021424;20240612124719;20251017180715,1,0
12148,Canteen Vending @ Raytheon Bld. 37,Canteen Vending @ Raytheon Bld B | Canteen Vending @ Raytheon Bld. 37,1737 E Cityline Dr,1737 E Cityline Dr,2021-07-29,2024-10-09,4,0,4,0,4,0,98.5,98,100,100,2024-10-09,20240513021424;20240612124719;20251017180715,1,0
12149,Canteen Vending @ Raytheon Bld. 17,Canteen Vending @ Raytheon Bld. 17 | Canteen Vending @ Raytheon Bld. C,1717 E Cityline Dr,1717 E Cityline Dr,2021-07-29,2024-10-09,4,0,4,0,4,0,98,96,100,100,2024-10-09,20240513021424;20240612124719;20251017180715,1,0
12151,FrontLine Food Services @ The Chicago School of Professional Psychology,FrontLine Food Services @ The Chicago School of Professional Psychology,2101 Waterview Pkwy,2101 Waterview Pkwy,2021-09-07,2023-11-20,3,0,3,0,3,0,97.67,97,98,98,2023-11-20,20240513021424;20240612124719,0,0
12160,Andy's Catering Co,Andy's Catering Co,2122 E Belt Line Rd,2122 E Belt Line Rd,2021-08-02,2025-05-27,9,0,9,0,9,0,91.67,81,100,88,2025-05-27,20240513021424;20240612124719;20251017180715,1,0
12161,Danang Souphouse,Danang Souphouse,1600 E Belt Line Rd,1600 E Belt Line Rd,2021-08-13,2023-12-01,4,0,4,0,4,0,92.5,91,97,97,2023-12-01,20240513021424,0,0
12166,Sueno Modern Mex-Tex,Sueno Modern Mex-Tex,800 W Arapaho Rd,800 W Arapaho Rd,2022-01-31,2025-06-16,7,0,7,0,6,1,88,78,100,78,2025-06-16,20240513021424;20240612124719;20251017180715,1,0
12185,Aramark POD Market Collins Aerospace,Aramark POD Market Collins Aerospace,3200 E Renner Rd 600,3200 E Renner Rd 600,2022-02-07,2025-03-20,4,0,4,0,4,0,98.25,96,100,97,2025-03-20,20240513021424;20240612124719;20251017180715,1,0
12188,UTD - Kalachandji's,UTD - Kalachandji's,800 W Campbell Road,800 W Campbell Road,2021-08-24,2025-09-30,7,0,7,0,6,1,97.83,95,100,97,2025-09-30,20240513021424;20240612124719;20251017180715,1,0
12190,The Fifth,The Fifth,2701 Custer Pkwy 700,2701 Custer Pkwy 700,2021-09-16,2025-04-22,7,0,7,0,7,0,83.43,77,88,83,2025-04-22,20240513021424;20240612124719;20251017180715,1,0
12192,Jersey Mike's Subs,Jersey Mike's Subs,2040 E President George Bush Hwy 130,2040 E President George Bush Hwy | 2040 E President George Bush Hwy 130,2019-04-23,2025-09-17,10,0,9,1,10,0,91,75,98,94,2025-09-17,20240513021424;20240612124719;20251017180715,1,0
12202,Industrial Pizza & Brew,Industrial Pizza & Brew,100 S Central Expy. 72,100 S Central Expy. 72,2021-07-28,2025-09-10,8,0,8,0,8,0,94.25,90,100,99,2025-09-10,20240513021424;20240612124719;20251017180715,1,0
12204,Sake Japanese & Korean,Sake Japanese & Korean,300 N Coit Rd 270,300 N Coit Rd 270,2019-04-23,2019-04-23,1,0,0,1,1,0,88,88,88,88,2019-04-23,,0,0
12207,Chick-Fil-A,Chick-Fil-A,106 W Campbell Rd,106 W Campbell Rd,2021-07-01,2025-08-28,9,0,9,0,9,0,93,87,100,92,2025-08-28,20240513021424;20240612124719;20251017180715,1,0
12220,Canteen Vending @ Goldman Sachs Richardson,Canteen Vending @ Goldman Sachs Richardson,1011 Galatyn Pkwy,1011 Galatyn Pkwy,2021-07-12,2024-10-07,4,0,4,0,4,0,98,96,100,100,2024-10-07,20240513021424;20240612124719;20251017180715,1,0
12222,Burger im,Burger im,120 W Cityline Dr 600,120 W Cityline Dr 600,2019-04-23,2019-04-23,1,0,0,1,1,0,98,98,98,98,2019-04-23,,0,0
12223,Sushi Go,Sushi Go,3600 North Star Rd 105,3600 North Star Rd 105,2019-04-25,2019-04-25,1,0,0,1,1,0,94,94,94,94,2019-04-25,,0,0
12242,Cream & Crepes Cafe,Cream & Crepes Cafe,100 S Central Expy 16A,100 S Central Expy 16A,2021-07-06,2025-06-25,8,0,8,0,8,0,94.12,87,99,91,2025-06-25,20240513021424;20240612124719;20251017180715,1,0
12264,Pinedas Mexican Restaurant,Pinedas Mexican Restaurant,1144 N Plano Rd 119,1144 N Plano Rd 119,2021-08-12,2025-07-14,11,0,11,0,8,3,85.5,68,100,91,2025-07-14,20240513021424;20240612124719;20251017180715,1,0
12271,Joey's Corner,Joey's Corner,1050 N Coit Rd,1050 N Coit Rd,2021-07-09,2025-06-20,9,0,9,0,8,1,94.75,90,100,99,2025-06-20,20240513021424;20240612124719;20251017180715,1,0
12273,Below 40 Fresh Kitchen,Below 40 Fresh Kitchen,220 W Campbell Rd,220 W Campbell Rd,2021-08-11,2024-04-26,6,0,6,0,6,0,88.5,83,95,83,2024-04-26,20240513021424,0,0
12275,Char'd Southeast Asian Kitchen,Char'd Southeast Asian Kitchen,1251 State St 800,1251 State St 800,2021-08-04,2024-04-19,8,0,8,0,6,2,90,87,92,92,2024-04-19,20240513021424;20240612124719,0,0
12278,Fatayer,Fatayer,709 Lingco Dr 103,709 Lingco Dr 103,2023-10-02,2025-06-25,6,0,6,0,4,2,82,73,90,85,2025-06-25,20240513021424;20240612124719;20251017180715,1,0
12279,Gopuff,Gopuff | gopuff,670 N Coit Rd 2330,670 N Coit Rd 2330,2021-08-25,2025-01-30,4,0,4,0,4,0,96.75,94,100,94,2025-01-30,20240513021424;20240612124719;20251017180715,1,0
12284,Asian Buffet,Asian Buffet,730 W Spring Valley Rd,730 W Spring Valley Rd,2021-08-25,2024-02-08,10,0,10,0,6,4,73.5,58,81,70,2024-01-31,20240513021424;20240612124719,0,0
12291,Fat Straws,Fat Straws,1251 W Campbell Rd 230,1251 W Campbell Rd 230,2021-10-08,2025-05-30,8,0,8,0,8,0,92.75,87,96,93,2025-05-30,20240513021424;20240612124719;20251017180715,1,0
12293,The Forum Pub,The Forum Pub,300 N Coit Rd 260,300 N Coit Rd 260,2021-09-22,2025-07-07,7,0,7,0,7,0,90.86,83,96,93,2025-07-07,20240513021424;20240612124719;20251017180715,1,0
12298,TG Brazilian Steakhouse,TG Brazilian Steakhouse,518 W Arapaho Rd 133,518 W Arapaho Rd 133,2021-10-17,2025-04-07,8,0,8,0,7,1,86.71,76,94,87,2025-04-07,20240513021424;20240612124719;20251017180715,1,0
12300,OMG Tacos,OMG Tacos,744 S Central Expy 220,215 N Central Expy | 744 S Central Expy 220,2021-07-27,2025-07-28,10,0,10,0,8,2,85.5,79,93,80,2025-07-28,20240513021424;20240612124719;20251017180715,1,0
12301,MAS Islamic Center of Dallas,MAS Islamic Center of Dallas,1515 Blake Dr,1515 Blake Dr,2022-04-14,2025-05-20,4,0,4,0,4,0,95,91,98,95,2025-05-20,20240513021424;20240612124719;20251017180715,1,0
12311,ZDAR Deli,ZDAR Deli,214 E Spring Valley Rd,214 E Spring Valley Rd,2021-10-05,2025-05-29,11,0,11,0,9,2,87.11,80,100,90,2025-05-29,20240513021424;20240612124719;20251017180715,1,0
12312,ZDAR Market,ZDAR Market,214 E Spring Valley Rd,214 E Spring Valley Rd,2021-10-05,2025-05-29,7,0,7,0,7,0,97.14,94,100,98,2025-05-29,20240513021424;20240612124719;20251017180715,1,0
12316,Hissho Sushi @ Target,Hissho Sushi @ Target,601 S Plano Rd,601 S Plano Rd,2021-09-17,2025-09-15,11,0,11,0,10,1,95.8,94,98,94,2025-09-15,20240513021424;20240612124719;20251017180715,1,0
12326,Aramark Refreshment at Genpact,Aramark Refreshment at Genpact,3300 E Renner Rd 300,3300 E Renner Rd 300,2022-06-06,2025-06-20,4,0,4,0,4,0,99.5,98,100,100,2025-06-20,20240513021424;20240612124719;20251017180715,1,0
12327,Burning Rice,Burning Rice,2069 N Central Expy #200,2069 N Central Expy #200,2021-10-13,2023-08-15,6,0,6,0,4,2,80.25,71,86,71,2023-08-15,20240513021424;20240612124719,0,0
12328,4JJ Corp dba City Walk Deli,4JJ Corp dba City Walk Deli,3400 N Central Expy #1208,3400 N Central Expy #1208,2021-10-07,2025-06-09,8,0,8,0,8,0,96.12,92,100,100,2025-06-09,20240513021424;20240612124719;20251017180715,1,0
12330,Andalous Mediterranean,Andalous Mediterranean,1601 N Central Expy,1601 N Central Expy,2021-09-09,2025-05-27,7,0,7,0,6,1,78.83,68,86,86,2025-05-27,20240513021424;20240612124719;20251017180715,1,0
12334,Yummi Sushi,Yummi Sushi,160 N Coit Rd,160 N Coit Rd,2021-07-28,2025-07-17,8,0,8,0,8,0,97.88,93,100,100,2025-07-17,20240513021424;20240612124719;20251017180715,1,0
12335,Tongue in Cheek Ice Cream,Tongue in Cheek Ice Cream,526 W Arapaho Rd,526 W Arapaho Rd,2021-08-23,2025-06-13,10,0,10,0,8,2,94.25,84,98,98,2025-06-13,20240513021424;20240612124719;20251017180715,1,0
12336,Sweetwaters Coffee & Tea,Sweetwaters Coffee & Tea,3613 Shire Blvd 110,3613 Shire Blvd 110,2021-10-06,2025-04-11,8,0,8,0,8,0,94.88,86,100,95,2025-04-11,20240513021424;20240612124719;20251017180715,1,0
12343,Teriyaki Sensei,Teriyaki Sensei,930 E Campbell Rd 103,930 E Campbell Rd 103,2021-09-16,2025-07-16,10,0,10,0,9,1,90.11,74,100,100,2025-07-16,20240513021424;20240612124719;20251017180715,1,0
12360,Cerveceria El Rancho,Cerveceria El Rancho,1264 W Spring Valley Rd,1264 W Spring Valley Rd,2021-08-25,2025-05-29,8,0,8,0,8,0,81.12,70,96,70,2025-05-29,20240513021424;20240612124719;20251017180715,1,0
12377,Ramallah Bakery Inc.,Ramallah Bakery Inc.,605 S Sherman St 705A,605 S Sherman St 705A,2021-08-05,2025-09-29,11,0,11,0,8,3,81.62,76,98,81,2025-09-22,20240513021424;20240612124719;20251017180715,1,0
12379,Lucky Bamboo Kitchen,Lucky Bamboo Kitchen,430 N Coit Rd 200,430 N Coit Rd 200,2021-07-16,2025-06-11,8,0,8,0,8,0,90.75,82,94,92,2025-06-11,20240513021424;20240612124719;20251017180715,1,0
12389,Lockwood Distilling Co.,Lockwood Distilling Co.,506 Lockwood Dr 100,506 Lockwood Dr 100,2021-05-27,2025-06-04,12,0,12,0,8,4,88.25,81,94,87,2025-05-13,20240513021424;20240612124719;20251017180715,1,0
12396,Cambria Richardson,Cambria Richardson,3605 Shire Blvd,3605 Shire Blvd,2021-10-07,2024-04-09,6,0,6,0,6,0,89.17,74,95,74,2024-04-09,20240513021424;20240612124719,0,0
12401,The Dive on 75 Bar & Grill,The Dive on 75 Bar & Grill,215 N Central Expy,215 N Central Expy,2021-07-28,2025-06-10,10,0,10,0,8,2,86.75,80,97,81,2025-06-10,20240513021424;20240612124719;20251017180715,1,0
12405,Flaming Buffet,Flaming Buffet,1300 E Belt Line Rd 100,1300 E Belt Line Rd 100,2021-10-11,2025-06-25,8,0,8,0,7,1,80.71,72,98,75,2025-06-25,20240513021424;20240612124719;20251017180715,1,0
12415,Tricky Fish Inc.,Tricky Fish Inc.,1251 State St 750,1251 State St 750,2021-09-09,2025-07-21,11,0,11,0,8,3,88.75,80,96,83,2025-07-21,20240513021424;20240612124719;20251017180715,1,0
12419,Texaco (D & Z United LLC),Texaco (D & Z United LLC),1401 E Belt Line Rd,1401 E Belt Line Rd,2021-12-06,2025-01-07,4,0,4,0,4,0,93.5,92,94,94,2025-01-07,20240513021424;20240612124719;20251017180715,1,0
12424,Milano Pizza Restaurant,Milano Pizza Restaurant,224 E Spring Valley Rd,224 E Spring Valley Rd,2021-10-29,2025-10-09,10,0,10,0,9,1,92.89,84,97,95,2025-10-09,20240513021424;20240612124719;20251017180715,1,0
12438,Sababa Mediterranean Cuisine,Sababa Mediterranean Cuisine,743 Brick Row 100,743 Brick Row 100,2021-07-20,2025-09-22,11,0,11,0,8,3,81.88,71,86,86,2025-09-22,20240513021424;20240612124719;20251017180715,1,0
12440,Salata,Salata,2160 N Coit Rd 154,2160 N Coit Rd 154,2021-09-24,2024-02-23,5,0,5,0,5,0,90.8,83,100,90,2024-02-23,20240513021424;20240612124719,0,0
12442,Ricky's Hot Chicken,Ricky's Hot Chicken,100 S Central Expy 18,100 S Central Expy 18,2021-09-23,2025-03-13,7,0,7,0,7,0,92.29,87,97,91,2025-03-13,20240513021424;20240612124719;20251017180715,1,0
12445,First Watch,First Watch,202 W Campbell Rd 200,202 W Campbell Rd 200,2021-09-15,2025-08-29,8,0,8,0,8,0,91,86,98,86,2025-08-29,20240513021424;20240612124719;20251017180715,1,0
12448,El Pollo Loco #6169,El Pollo Loco #6169,1400 E Belt Line Rd,1400 E Belt Line Rd,2021-06-03,2025-10-10,10,0,10,0,9,1,92.44,87,97,97,2025-10-10,20240513021424;20240612124719;20251017180715,1,0
12450,Drury Plaza Hotel - Dallas/Richardson,Drury Plaza Hotel - Dallas/Richardson,165 W Cityline Dr,165 W Cityline Dr,2021-10-05,2025-08-19,8,0,8,0,8,0,98,96,100,97,2025-08-19,20240513021424;20240612124719;20251017180715,1,0
12454,Fiction Coffee,Fiction Coffee,3400 N Central Expy Suite 110,3400 N Central Expy Suite 110,2021-10-07,2025-04-14,8,0,8,0,8,0,96.12,93,99,96,2025-04-14,20240513021424;20240612124719;20251017180715,1,0
12455,The Monarch at Richardson,The Monarch at Richardson,1493 Richardson Dr,1493 Richardson Dr,2021-10-01,2025-08-28,9,0,9,0,9,0,90.67,82,100,92,2025-08-28,20240513021424;20240612124719;20251017180715,1,0
12458,Abu Omar Halal,Abu Omar Halal,800 E Arapaho Rd 120,800 E Arapaho Rd 120,2021-06-07,2025-06-23,9,0,9,0,8,1,83.38,75,90,84,2025-06-23,20240513021424;20240612124719;20251017180715,1,0
12465,American Food & Vending @ Qorvo,American Food & Vending @ Qorvo,1201 E Campbell Rd,1201 E Campbell Rd,2021-09-15,2025-10-09,6,0,6,0,6,0,99,96,100,100,2025-10-09,20240513021424;20240612124719;20251017180715,1,0
12470,Starbucks,Starbucks,800 Synergy Park Blvd 101,800 Synergy Park Blvd 101,2021-07-19,2025-08-21,9,0,9,0,9,0,94.44,93,96,93,2025-08-21,20240513021424;20240612124719;20251017180715,1,0
12472,Twin Rivers Assisted Living & Memory Care,Twin Rivers Assisted Living & Memory Care,1720 N Plano Rd,1720 N Plano Rd,2024-01-25,2024-02-12,2,0,2,0,1,1,83,83,83,83,2024-01-25,20240513021424;20240612124719,0,0
12474,Tofu Factory Korean Cuisine,Tofu Factory Korean Cuisine,400 N Greenville Ave 11b,400 N Greenville Ave 11b,2021-07-07,2025-09-24,14,0,14,0,8,6,82,73,93,87,2025-09-24,20240513021424;20240612124719;20251017180715,1,0
12475,Trouvi Cookies,Trouvi Cookies,580 W Arapaho Rd 163,580 W Arapaho Rd 163,2021-06-10,2025-08-19,9,0,9,0,9,0,96.78,91,100,97,2025-08-19,20240513021424;20240612124719;20251017180715,1,0
12481,Chiloso Mexican Bistro,Chiloso Mexican Bistro,"100 S Central Expy,104","100 S Central Expy, Refuse 104 | 100 S Central Expy,104",2021-06-02,2025-09-23,10,0,10,0,9,1,90.56,84,99,93,2025-09-23,20240513021424;20240612124719;20251017180715,1,0
12485,Fusion Vibes Kitchen & Bar,Fusion Vibes Kitchen & Bar,100 S Central Expy 50,100 S Central Expy 50,2021-06-02,2025-06-30,11,0,11,0,8,3,85,81,94,82,2025-06-30,20240513021424;20240612124719;20251017180715,1,0
12486,Albaghdady (Original Restr & Bakery),Albaghdady (Original Restr & Bakery),327 N Greenville Ave,327 N Greenville Ave,2021-06-01,2025-08-25,10,0,10,0,8,2,90.38,84,100,87,2025-08-25,20240513021424;20240612124719;20251017180715,1,0
12490,QuikTrip #960,QuikTrip #960,522 W Belt Line Rd,522 W Belt Line Rd,2021-08-03,2025-09-23,8,0,8,0,8,0,92.5,84,96,96,2025-09-23,20240513021424;20240612124719;20251017180715,1,0
12500,FrontLine Food Services @ Steward Health Care,FrontLine Food Services @ Steward Health Care,2375 N Glenville Dr Bldg B,2375 N Glenville Dr Bldg B,2021-08-24,2023-08-21,3,0,3,0,3,0,98,98,98,98,2023-08-21,20240513021424;20240612124719,0,0
12502,McDonald's,McDonald's,105 S Coit Rd,105 S Coit Rd,2021-08-10,2025-06-20,8,0,8,0,8,0,96.75,93,100,99,2025-06-20,20240513021424;20240612124719;20251017180715,1,0
12506,Refuel Nutrition Lounge,Refuel Nutrition Lounge,1551 E Spring Valley Rd 181,1551 E Spring Valley Rd 181,2021-07-30,2025-06-02,8,0,8,0,8,0,94.88,93,96,93,2025-06-02,20240513021424;20240612124719;20251017180715,1,0
12507,Tasty Paella Catering,Tasty Paella Catering,2100 N Greenville Ave 800,2100 N Greenville Ave 800,2022-10-03,2025-08-27,6,0,6,0,6,0,93.67,89,99,99,2025-08-27,20240513021424;20240612124719;20251017180715,1,0
12508,Sakhuu Thai (88 The Singthin Inc),Sakhuu Thai (88 The Singthin Inc),1811 N Greenville Ave 400,1811 N Greenville Ave 400,2021-10-08,2025-08-11,9,0,9,0,8,1,86,76,93,93,2025-08-11,20240513021424;20240612124719;20251017180715,1,0
12512,Dos Arroyos Comida Casera,Dos Arroyos Comida Casera,2701 Custer Pkwy 807,2701 Custer Pkwy 807,2021-06-24,2025-04-22,7,0,7,0,7,0,81.71,68,89,88,2025-04-22,20240513021424;20240612124719;20251017180715,1,0
12513,BAL,BAL,2400 N Glenville Dr 100,2400 N Glenville Dr 100,2021-09-03,2025-10-09,5,0,5,0,5,0,99.6,98,100,100,2025-10-09,20240513021424;20240612124719;20251017180715,1,0
12514,Pho Tay Do,Pho Tay Do,1403 E Campbell Rd 104,1403 E Campbell Rd 104,2021-08-12,2025-08-04,9,0,9,0,8,1,81.88,73,89,84,2025-08-04,20240513021424;20240612124719;20251017180715,1,0
12518,Sweetstop,Sweetstop,201 S Greenville Ave 107,201 S Greenville Ave 107,2021-09-21,2025-09-19,8,0,8,0,8,0,93.38,89,97,97,2025-09-19,20240513021424;20240612124719;20251017180715,1,0
12524,EZ Trip Foodstore #22,EZ Trip Foodstore #22,1031 Frances Way,1031 Frances Way,2021-10-15,2025-06-09,12,0,12,0,10,2,90.8,79,99,90,2025-06-09,20240513021424;20240612124719;20251017180715,1,0
12529,UTD - Taco Bell #37101,UTD - Taco Bell #37101,2800 Rutford Ave 4,2800 Rutford Ave 4,2021-08-30,2025-09-29,7,0,7,0,7,0,97.43,95,99,97,2025-09-29,20240513021424;20240612124719;20251017180715,1,0
12530,Rocco's Italian Cafe,Rocco's Italian Cafe,908 Audelia Rd 500,908 Audelia Rd 500,2021-10-28,2025-10-13,11,0,11,0,8,3,83.5,74,90,84,2025-10-13,20240513021424;20240612124719;20251017180715,1,0
12533,Hot Crab,Hot Crab,714 W Spring Valley Rd,714 W Spring Valley Rd,2021-10-16,2025-08-11,11,0,11,0,7,4,80.71,70,91,70,2025-08-11,20240513021424;20240612124719;20251017180715,1,0
12538,Tapioca House Richardson,Tapioca House Richardson,400 N Greenville Ave 23,400 N Greenville Ave 23,2021-10-25,2024-04-16,5,0,5,0,5,0,81.2,74,86,83,2024-04-16,20240513021424;20240612124719,0,0
12540,Keren Bar & Restaurant,Keren Bar & Restaurant,107 E Polk St B,107 E Polk St B,2021-05-12,2025-04-09,10,0,10,0,9,1,91.44,82,100,94,2025-04-09,20240513021424;20240612124719;20251017180715,1,0
12541,Taqueria Garcias,Taqueria Garcias,710 W Spring Valley Rd,710 W Spring Valley Rd,2021-10-16,2025-10-02,9,0,9,0,8,1,87.38,83,93,93,2025-10-02,20240513021424;20240612124719;20251017180715,1,0
12542,Truckers Cafe,Truckers Cafe,580 W Arapaho Rd 406,580 W Arapaho Rd 406,2021-10-16,2025-05-08,9,0,9,0,7,2,89.43,80,97,88,2025-05-08,20240513021424;20240612124719;20251017180715,1,0
12546,Good Vibes Bar and Grill,Good Vibes Bar and Grill,2121 E Buckingham Rd,2121 E Buckingham Rd,2021-11-17,2025-10-13,8,0,8,0,8,0,96.38,93,100,99,2025-10-13,20240513021424;20240612124719;20251017180715,1,0
12547,Feng Cha Teahouse,Feng Cha Teahouse,2701 Custer Pkwy 823,2701 Custer Pkwy 823,2021-09-16,2025-08-21,8,0,8,0,8,0,84,73,94,90,2025-08-21,20240513021424;20240612124719;20251017180715,1,0
12549,Friends Place Adult Day Services,Friends Place Adult Day Services,1960 Nantucket Dr,1960 Nantucket Dr,2021-11-15,2025-08-06,8,0,8,0,8,0,96.12,92,99,97,2025-08-06,20240513021424;20240612124719;20251017180715,1,0
12561,Chameli Restaurant,Chameli Restaurant,201 S Greenville Ave 203,201 S Greenville Ave 203,2021-11-15,2025-06-12,10,0,10,0,7,3,82,77,88,83,2025-06-12,20240513021424;20240612124719;20251017180715,1,0
12563,Pokeworks,Pokeworks,746 S Central Expy 110,746 S Central Expy 110,2021-06-10,2025-07-28,11,0,11,0,8,3,91.25,82,98,98,2025-07-28,20240513021424;20240612124719;20251017180715,1,0
12576,Velvet Taco,Velvet Taco,102 W Campbell Rd,102 W Campbell Rd,2021-07-14,2025-08-28,10,0,10,0,8,2,87.62,81,92,88,2025-08-28,20240513021424;20240612124719;20251017180715,1,0
12577,Chipotle Mexican Grill #3450,Chipotle Mexican Grill #3450,1420 E Belt Line Rd,1420 E Belt Line Rd,2021-07-13,2025-09-09,9,0,9,0,9,0,97.67,93,100,93,2025-09-09,20240513021424;20240612124719;20251017180715,1,0
12579,Anaya's Seafood,Anaya's Seafood,3600 Shire Blvd 100,3600 Shire Blvd 100,2021-06-11,2025-05-29,12,0,12,0,9,3,89.11,85,96,91,2025-05-29,20240513021424;20240612124719;20251017180715,1,0
12586,Pho Sen Noodle and Grill,Pho Sen Noodle and Grill,400 N Greenville Ave 15,400 N Greenville Ave 15,2021-08-04,2025-07-31,9,0,9,0,8,1,86.62,80,92,86,2025-07-31,20240513021424;20240612124719;20251017180715,1,0
12587,Richardson Texas Nutrition,Richardson Texas Nutrition,451 W Arapaho Rd 115,451 W Arapaho Rd 115,2021-07-09,2025-04-09,8,0,8,0,8,0,95.38,90,100,100,2025-04-09,20240513021424;20240612124719;20251017180715,1,0
12594,Texadelphia,Texadelphia,746 S Central Expy 100,746 S Central Expy 100,2021-08-20,2025-07-07,9,0,9,0,8,1,92.5,88,96,92,2025-07-07,20240513021424;20240612124719;20251017180715,1,0
12595,7-Eleven #38342A,7-Eleven #38342A,3000 Northside Blvd #100,3000 Northside Blvd #100,2021-08-20,2025-06-12,8,0,8,0,8,0,92.25,85,100,96,2025-06-12,20240513021424;20240612124719;20251017180715,1,0
12596,Starbucks Coffee Company,Starbucks Coffee Company,205 S Plano Rd 100,205 S Plano Rd 100,2021-08-25,2025-05-05,12,0,12,0,11,1,93.91,90,100,96,2025-05-05,20240513021424;20240612124719;20251017180715,1,0
12605,Sticky Rice,Sticky Rice,120 W Cityline Dr,120 W Cityline Dr | 120 W Cityline Dr 500,2021-09-13,2025-08-07,8,0,8,0,8,0,88.5,82,94,94,2025-08-07,20240513021424;20240612124719;20251017180715,1,0
12607,Scooter's Coffee,Scooter's Coffee,1451 Buckingham Rd,1451 Buckingham Rd,2021-10-08,2025-06-05,9,0,9,0,9,0,96.11,79,100,100,2025-06-05,20240513021424;20240612124719;20251017180715,1,0
12612,Mobil/Tiger Mart 89,Mobil/Tiger Mart 89,1436 W Spring Valley Rd,1436 W Spring Valley Rd,2021-09-28,2025-09-11,8,0,8,0,8,0,94.75,86,100,89,2025-09-11,20240513021424;20240612124719;20251017180715,1,0
12614,Benders Sports and Spirits,Benders Sports and Spirits,300 N Coit Rd 130,300 N Coit Rd 130,2021-09-21,2025-06-03,8,0,8,0,7,1,87.86,80,95,83,2025-06-03,20240513021424;20240612124719;20251017180715,1,0
12615,Tea Daddy,Tea Daddy,800 E Arapaho Rd 105,800 E Arapaho Rd 105,2021-10-01,2025-06-02,8,0,8,0,8,0,93.38,87,98,97,2025-06-02,20240513021424;20240612124719;20251017180715,1,0
12616,InReach - City of Richardson Police Dept,FrontLine Food Services @ City of Richardson Police Dept | InReach - City of Richardson Police Dept,140 N Greenville Ave,140 N Greenville Ave,2022-04-07,2025-10-01,4,0,4,0,4,0,98.5,98,100,98,2025-10-01,20240513021424;20240612124719;20251017180715,1,0
12622,Two Skillets,Two Skillets,3901 North Star,3901 North Star,2021-10-19,2025-10-15,8,0,8,0,8,0,99,97,100,100,2025-10-15,20240513021424;20240612124719;20251017180715,1,0
12628,7-Eleven #36774J,7-Eleven #36774J,3601 N Jupiter Rd,3601 N Jupiter Rd,2021-10-15,2025-07-31,8,0,8,0,8,0,96.38,91,100,100,2025-07-31,20240513021424;20240612124719;20251017180715,1,0
12630,BBQ Chicken,BBQ Chicken,1312 E Belt Line Rd,1312 E Belt Line Rd,2021-11-15,2025-04-08,9,0,9,0,7,2,82.86,71,87,87,2025-04-08,20240513021424;20240612124719;20251017180715,1,0
12635,Jersey Mike's,Jersey Mike's,205 S Plano Rd 200,205 S Plano Rd 200,2021-05-25,2025-08-14,9,0,9,0,9,0,93.67,86,99,92,2025-08-14,20240513021424;20240612124719;20251017180715,1,0
12641,Olive Oils Pizzeria & More,Olive Oils Pizzeria & More,581 W Campbell Rd 129,581 W Campbell Rd 129,2021-07-02,2025-09-23,9,0,9,0,9,0,93.89,88,100,96,2025-09-23,20240513021424;20240612124719;20251017180715,1,0
12642,Palio's Pizza Cafe Richardson,Palio's Pizza Cafe Richardson,1469 W Campbell Rd,1469 W Campbell Rd,2021-07-15,2024-03-19,7,0,7,0,6,1,83,71,92,84,2024-03-19,20240513021424;20240612124719,0,0
12646,RaceTrac #2435,RaceTrac #2435,720 E Arapaho Rd,720 E Arapaho Rd,2021-07-20,2025-05-13,9,0,9,0,8,1,96,92,100,97,2025-05-13,20240513021424;20240612124719;20251017180715,1,0
12651,Fatina's Kitchen,Fatina's Kitchen,100 S Central Expy. 52,100 S Central Expy. 52,2021-09-23,2025-03-20,7,0,7,0,7,0,90.57,84,97,88,2025-03-20,20240513021424;20240612124719;20251017180715,1,0
12657,Salad and Go,Salad and Go,850 E Campbell Rd,850 E Campbell Rd,2021-07-09,2025-08-08,11,0,11,0,9,2,95.56,91,99,98,2025-08-08,20240513021424;20240612124719;20251017180715,1,0
12661,Surge Nutrition,Surge Nutrition,804 West Shore Dr 3,804 West Shore Dr 3,2021-08-06,2024-06-05,6,0,6,0,6,0,95.5,91,100,100,2024-06-05,20240513021424;20240612124719,0,0
12664,Another Time & Place,Another Time & Place,925 Abrams Rd,925 Abrams Rd,2021-09-01,2025-06-25,8,0,8,0,8,0,85.25,79,92,81,2025-06-25,20240513021424;20240612124719;20251017180715,1,0
12665,Munay Peruvian Cuisine,Munay Peruvian Cuisine,1891 N Plano Rd,1891 N Plano Rd,2021-08-11,2025-09-24,12,0,12,0,8,4,82.5,75,89,75,2025-09-24,20240513021424;20240612124719;20251017180715,1,0
12669,Long John Silver's,Long John Silver's,1604 E Belt Line Rd,1604 E Belt Line Rd,2021-09-09,2025-08-14,8,0,8,0,8,0,95.75,93,98,93,2025-08-14,20240513021424;20240612124719;20251017180715,1,0
12716,Fukuro Poke & Sushi,Fukuro Poke & Sushi,3000 Northside Blvd 600,3000 Northside Blvd 600,2021-08-30,2025-05-30,8,0,8,0,7,1,89.71,81,94,93,2025-05-30,20240513021424;20240612124719;20251017180715,1,0
12718,Hilton Garden Inn Dallas/Richardson,Hilton Garden Inn Dallas/Richardson,1001 W Pres. George Bush Hwy,1001 W Pres. George Bush Hwy,2021-09-16,2025-06-12,9,0,9,0,8,1,85.5,73,95,90,2025-06-12,20240513021424;20240612124719;20251017180715,1,0
12742,Dominican Restaurant,Dominican Restaurant,300 N Coit Rd 270,300 N Coit Rd 270,2021-09-24,2025-06-26,8,0,8,0,7,1,87.71,80,91,90,2025-06-26,20240513021424;20240612124719;20251017180715,1,0
12752,CROSSBAR,CROSSBAR,1000 Hampshire Ln,1000 Hampshire Ln,2021-10-04,2025-04-29,7,0,7,0,7,0,94.86,88,100,94,2025-04-29,20240513021424;20240612124719;20251017180715,1,0
12754,Blaze Pizza,Blaze Pizza,1450 E Belt Line Rd 100,1450 E Belt Line Rd 100 | 1450 E. Belt Line Rd 100,2021-10-29,2024-03-12,6,0,6,0,6,0,97.83,96,100,96,2024-03-12,20240513021424,0,0
12756,Network of Community Ministries Food Pantry,Network of Community Ministries Food Pantry,1500 International Pkwy 300,1500 International Pkwy 300,2021-10-13,2025-03-13,5,0,5,0,4,1,97.25,95,100,100,2025-03-13,20240513021424;20240612124719;20251017180715,1,0
12758,Mojo's Java LLC,Mojo's Java LLC,101 S Coit Rd 50,101 S Coit Rd 50,2021-11-02,2024-01-24,5,0,5,0,5,0,97.6,95,99,97,2024-01-24,20240513021424,0,0
12763,Element by Westin Richardson,Element by Westin Richardson,2205 N Glenville Dr,2205 N Glenville Dr,2021-10-25,2025-04-17,9,0,9,0,8,1,94.75,87,100,97,2025-04-17,20240513021424;20240612124719;20251017180715,1,0
12765,Kansha Japanese Sushi,Kansha Japanese Sushi,1899 N Plano Rd,1899 N Plano Rd,2021-10-21,2025-10-15,9,0,9,0,8,1,84.5,74,92,92,2025-10-15,20240513021424;20240612124719;20251017180715,1,0
12766,University Cafe / Cafe Moore,University Cafe / Cafe Moore,2323 N Central Expy,2323 N Central Expy,2021-10-15,2025-08-25,8,0,8,0,8,0,91,84,95,95,2025-08-25,20240513021424;20240612124719;20251017180715,1,0
12767,Nora Asian Fresh,Nora Asian Fresh,1401 E Arapaho Rd #F,1401 E Arapaho Rd #F,2023-02-07,2025-06-23,9,0,9,0,5,4,88.2,76,94,92,2025-06-23,20240513021424;20240612124719;20251017180715,1,0
12768,Wendy's #20180,Wendy's #20180,935 E Campbell Rd,935 E Campbell Rd,2021-10-14,2025-04-11,8,0,8,0,8,0,94.75,90,100,100,2025-04-11,20240513021424;20240612124719;20251017180715,1,0
12770,Wendy's #77540,Wendy's #77540,3521 Custer Pky,3521 Custer Pky,2022-02-09,2025-09-18,8,0,8,0,8,0,94.25,88,97,97,2025-09-18,20240513021424;20240612124719;20251017180715,1,0
12771,Wendy's #89770,Wendy's #89770,1345 E Belt Line Rd,1345 E Belt Line Rd,2022-02-10,2025-09-25,8,0,8,0,8,0,96.88,94,100,97,2025-09-25,20240513021424;20240612124719;20251017180715,1,0
12776,Happy Lemon,Happy Lemon,169 N Plano Rd,169 N Plano Rd,2021-11-02,2024-04-08,5,0,5,0,5,0,88.2,80,95,90,2024-04-08,20240513021424;20240612124719,0,0
12780,Blessings Abound Food Pantry,Blessings Abound Food Pantry,741 S Sherman St,741 S Sherman St,2022-01-05,2024-01-09,4,0,4,0,4,0,98.75,95,100,100,2024-01-09,20240513021424;20240612124719,0,0
12782,Burger Island,Burger Island,525 W Arapaho Rd 8,525 W Arapaho Rd 8,2021-11-15,2024-05-24,7,0,7,0,7,0,91.71,83,98,89,2024-05-24,20240513021424;20240612124719,0,0
12786,Unbelievabowl,Unbelievabowl,2160 N Coit Rd 130,2160 N Coit Rd 130,2021-12-09,2025-06-17,7,0,7,0,7,0,87.57,79,100,84,2025-06-17,20240513021424;20240612124719;20251017180715,1,0
12788,Jasmine Cafe,Jasmine Cafe,820 S Sherman St Suite 1,820 S Sherman St Suite 1,2021-12-08,2025-09-22,7,0,7,0,6,1,83.83,81,88,81,2025-09-22,20240513021424;20240612124719;20251017180715,1,0
12789,Jasmine Market,Jasmine Market,820 S Sherman St Suite 2,820 S Sherman St Suite 2,2021-12-08,2025-10-09,7,0,7,0,7,0,89.86,86,95,90,2025-10-09,20240513021424;20240612124719;20251017180715,1,0
12790,Bella Flan,Bella Flan,819 W Arapaho Rd 56,819 W Arapaho Rd 56,2021-12-07,2025-06-02,7,0,7,0,7,0,95.57,89,100,95,2025-06-02,20240513021424;20240612124719;20251017180715,1,0
12791,CAVA Grill Richardson,CAVA Grill Richardson,222 W Campbell Rd.,222 W Campbell Rd.,2021-12-13,2025-04-08,7,0,7,0,7,0,91.57,84,97,88,2025-04-08,20240513021424;20240612124719;20251017180715,1,0
12794,Penalty Box / Azzurri Pizzeria,Penalty Box / Azzurri Pizzeria,1251 Digital Dr,1251 Digital Dr,2022-01-25,2025-05-02,7,0,7,0,7,0,94.57,91,98,92,2025-05-02,20240513021424;20240612124719;20251017180715,1,0
12795,TP Tea,TP Tea,400 N Greenville Ave 14,400 N Greenville Ave 14,2021-12-09,2025-09-19,9,0,9,0,9,0,96.56,91,100,97,2025-09-19,20240513021424;20240612124719;20251017180715,1,0
12800,Staycation Coffee,Staycation Coffee,201 S Texas St,201 S Texas St,2021-12-15,2024-04-04,6,0,6,0,6,0,92.33,86,96,93,2024-04-04,20240513021424;20240612124719,0,0
12801,Okaeri Cafe,Okaeri Cafe,312 N Greenville Ave 100,312 N Greenville Ave 100,2022-03-15,2025-07-09,7,0,7,0,7,0,93.71,90,98,95,2025-07-09,20240513021424;20240612124719;20251017180715,1,0
12813,Rio Bravo Mexican Restaurant,Rio Bravo Mexican Restaurant,812 S Central Expy,812 S Central Expy,2022-01-24,2025-08-19,8,0,8,0,6,2,90.17,87,95,93,2025-08-19,20240513021424;20240612124719;20251017180715,1,0
12816,Cuzco Peruvian Restaurant,Cuzco Peruvian Restaurant,100 S Central Expy 44,100 S Central Expy 44,2022-01-11,2025-06-24,12,0,12,0,7,5,86,81,93,81,2025-06-24,20240513021424;20240612124719;20251017180715,1,0
12817,La Casita Tacos y Pupusas,La Casita Tacos y Pupusas,400 N Coit Rd 1901,400 N Coit Rd 1901 | 400 N Coit Rd 1901 1901,2022-01-21,2025-07-15,7,0,7,0,7,0,88.86,84,93,93,2025-07-15,20240513021424;20240612124719;20251017180715,1,0
12819,Oni Ramen,Oni Ramen,1250 State St #900,1250 State St #900,2022-01-04,2025-08-21,10,0,10,0,8,2,87.38,80,96,83,2025-08-21,20240513021424;20240612124719;20251017180715,1,0
12820,Dangki Fusion,Dangki Fusion,3551 Wilshire Way 400,3551 Wilshire Way 400,2022-03-16,2025-08-05,7,0,7,0,7,0,87.43,68,95,89,2025-08-05,20240513021424;20240612124719;20251017180715,1,0
12822,Chopped Halal Grill,Chopped Halal Grill,3000 Northside Blvd 500,3000 Northside Blvd 500,2022-02-16,2024-01-23,4,0,4,0,4,0,75,68,90,68,2024-01-23,20240513021424;20240612124719,0,0
12823,Dutch Bros Coffee,Dutch Bros Coffee,815 W Arapaho Rd,815 Arapaho Rd | 815 W Arapaho Rd,2022-02-07,2025-04-07,7,0,7,0,7,0,96.14,93,100,93,2025-04-07,20240513021424;20240612124719;20251017180715,1,0
12824,Creamy Donuts,Creamy Donuts,1869 N Plano Rd,1869 N Plano Rd,2022-02-02,2025-08-29,8,0,8,0,8,0,94,88,100,100,2025-08-29,20240513021424;20240612124719;20251017180715,1,0
12826,Dunkin' Donuts,Dunkin' Donuts,1225 E Belt Line Rd 100,1225 E Belt Line Rd 100,2022-02-11,2025-06-13,9,0,9,0,8,1,95.12,88,100,100,2025-06-13,20240513021424;20240612124719;20251017180715,1,0
12827,Jason's Deli,Jason's Deli,165 S Plano Rd,165 S Plano Rd,2022-02-14,2025-07-21,8,0,8,0,7,1,93.71,87,96,96,2025-07-21,20240513021424;20240612124719;20251017180715,1,0
12828,Taqueria & Tamaleria Nuevo Leon & Paleteria Nuevo Leon,Taqueria & Tamaleria Nuevo Leon | Taqueria & Tamaleria Nuevo Leon & Paleteria Nuevo Leon,2069 N Central Expy 100,2069 N Central Expy 100,2022-02-17,2025-08-13,8,0,8,0,7,1,84,74,100,78,2025-08-13,20240513021424;20240612124719;20251017180715,1,0
12834,Cinnaholic,Cinnaholic,100 S Central Expy 15,100 S Central Expy 15,2022-03-15,2025-06-19,7,0,7,0,7,0,95.29,91,98,97,2025-06-19,20240513021424;20240612124719;20251017180715,1,0
12835,Vertical Cold Storage,Vertical Cold Storage,401 N Grove Rd,401 N Grove Rd,2022-07-26,2025-05-15,6,0,6,0,6,0,100,100,100,100,2025-05-15,20240513021424;20240612124719;20251017180715,1,0
12845,Dickey's Barbecue Pit,Dickey's Barbecue Pit,2160 N Coit Rd 146,2160 N Coit Rd 146,2022-06-14,2024-02-28,4,0,4,0,4,0,82.5,78,90,79,2024-02-28,20240513021424;20240612124719,0,0
12847,Tiff's Treats,Tiff's Treats,1417 E Renner Rd C 340,1417 E Renner Rd C 340,2022-04-05,2025-09-29,9,0,9,0,9,0,95.44,93,98,95,2025-09-29,20240513021424;20240612124719;20251017180715,1,0
12848,Subway #55908,Subway #55908,2160 N Coit Rd 144,2160 N Coit Rd 144,2022-04-06,2025-05-14,7,0,7,0,6,1,90.33,84,100,86,2025-05-14,20240513021424;20240612124719;20251017180715,1,0
12851,Gillespie's Tavern at the Shire,Gillespie's Tavern at the Shire,3600 Shire Blvd 112,3600 Shire Blvd 112,2022-04-21,2025-10-06,10,0,10,0,7,3,87.86,83,91,89,2025-10-06,20240513021424;20240612124719;20251017180715,1,0
12854,La Cacerola Colombian Cuisine LLC,La Cacerola Colombian Cuisine LLC,580 W Arapaho Rd 130,580 W Arapaho Rd 130,2022-04-28,2025-05-07,6,0,6,0,6,0,90.5,82,96,94,2025-05-07,20240513021424;20240612124719;20251017180715,1,0
12855,Mochinut,Mochinut,1300 E Belt Line Rd 100,1300 E Belt Line Rd 100,2022-04-15,2025-06-12,8,0,8,0,7,1,89,76,94,94,2025-06-12,20240513021424;20240612124719;20251017180715,1,0
12859,Gojo Bar & Restaurant,Gojo Bar & Restaurant,2189 E Buckingham Rd,2189 E Buckingham Rd,2022-05-25,2025-09-18,3,0,3,0,3,0,83,78,88,83,2025-09-18,20240513021424;20240612124719;20251017180715,1,0
12860,Classic Meat,Classic Meat,3555 Murphy Rd 105,3555 Murphy Rd 105,2022-05-10,2025-09-02,7,0,7,0,7,0,93.57,88,100,100,2025-09-02,20240513021424;20240612124719;20251017180715,1,0
12861,Zalat Pizza,Zalat Pizza,1551 E Renner Rd 810,1551 E Renner Rd 810,2022-05-11,2025-07-15,8,0,8,0,7,1,92.71,90,96,92,2025-07-15,20240513021424;20240612124719;20251017180715,1,0
12876,Ino Japanese,Ino Japanese,1920 N. Coit Rd 250,1920 N. Coit Rd 250,2022-06-23,2023-12-06,4,0,4,0,4,0,85.25,80,91,80,2023-12-06,20240513021424;20240612124719,0,0
12878,"Great Outdoors Sub Shop, Inc.","Great Outdoors Sub Shop, Inc.",2005 Alamo Rd,2005 Alamo Rd,2022-05-17,2025-04-28,6,0,6,0,6,0,94.83,90,100,90,2025-04-28,20240513021424;20240612124719;20251017180715,1,0
12894,Dessert Lab,Dessert Lab,329 E Polk St,329 E Polk St,2022-08-02,2025-05-16,6,0,6,0,6,0,93.83,88,100,94,2025-05-16,20240513021424;20240612124719;20251017180715,1,0
12895,Bruncheon Breakfast & Lunch,Bruncheon Breakfast & Lunch,1551 E Renner Rd 830,1551 E Renner Rd 830,2022-06-27,2025-07-10,10,0,10,0,7,3,85.14,76,93,76,2025-07-10,20240513021424;20240612124719;20251017180715,1,0
12899,Kolache Factory,Kolache Factory,2051 N Central Expy 101,2051 N Central Expy 101,2022-06-16,2025-06-30,7,0,7,0,7,0,89.57,81,96,93,2025-06-30,20240513021424;20240612124719;20251017180715,1,0
12903,Gilgamesh Restaurant,Gilgamesh Restaurant,300 Terrace Dr 301,300 Terrace Dr 301,2022-07-28,2023-12-27,5,0,5,0,3,2,76.67,71,81,81,2023-12-21,20240513021424;20240612124719,0,0
12912,Eiland Coffee of Canyon Creek,Eiland Coffee of Canyon Creek,2701 Custer Pkwy 917,2701 Custer Pkwy 917 | 532 N Interurban St,2022-07-20,2025-08-19,7,0,7,0,7,0,90.29,85,98,85,2025-08-19,20240513021424;20240612124719;20251017180715,1,0
12914,Sonesta Select Dallas Richardson,Sonesta Select Dallas Richardson,2191 N Greenville Ave,2191 N Greenville Ave,2022-07-18,2025-08-26,7,0,7,0,7,0,96,90,100,97,2025-08-26,20240513021424;20240612124719;20251017180715,1,0
12915,Sonesta ES Suites Dallas Richardson,Sonesta ES Suites Dallas Richardson,1040 Waterwood Drive,1040 Waterwood Drive,2022-07-13,2025-08-26,7,0,7,0,7,0,91.43,82,98,95,2025-08-26,20240513021424;20240612124719;20251017180715,1,0
12918,Afghan Asian Halal Market LLC,Afghan Asian Halal Market LLC,1750 Alma Rd 100,1750 Alma Rd 100,2022-11-03,2025-09-03,6,0,6,0,6,0,93.5,88,97,93,2025-09-03,20240513021424;20240612124719;20251017180715,1,0
12920,Wildwood Grill,Wildwood Grill,1417 E Renner Rd 300,1417 E Renner Rd | 1417 E Renner Rd 300,2023-08-28,2025-04-01,4,0,4,0,4,0,82.75,76,89,84,2025-04-01,20240513021424;20240612124719;20251017180715,1,0
12922,Big Dash,Big Dash,888 S Greenville Ave 140,888 S Greenville Ave 140,2022-12-05,2025-10-02,7,0,7,0,7,0,91.57,90,94,90,2025-10-02,20240513021424;20240612124719;20251017180715,1,0
12928,City Market General Store,City Market General Store,1496 W Spring Valley Rd,1496 W Spring Valley Rd,2022-08-19,2025-02-13,3,0,3,0,3,0,94.33,91,100,91,2025-02-13,20240513021424;20240612124719;20251017180715,1,0
12929,Bangkok City at Beltline,Bangkok City at Beltline,100 S Central Expy 108,100 S Central Expy 108,2022-11-14,2025-05-02,6,0,6,0,5,1,86,73,91,91,2025-05-02,20240513021424;20240612124719;20251017180715,1,0
12934,Creekview Cafe,Creekview Cafe,2400 N Glenville Dr LL-10,2400 N Glenville Dr LL-10,2023-02-13,2025-05-12,6,0,6,0,5,1,88.8,84,97,97,2025-05-12,20240513021424;20240612124719;20251017180715,1,0
12935,DS Expressway,DS Expressway,2001 N Central Expy,2001 N Central Expy,2022-09-06,2025-10-13,6,0,6,0,6,0,97.17,94,99,99,2025-10-13,20240513021424;20240612124719;20251017180715,1,0
12941,The Brass Tap,The Brass Tap,1251 State St 650,1251 State St 650,2022-11-10,2024-05-20,5,0,5,0,4,1,87.75,78,93,78,2024-05-20,20240513021424;20240612124719,0,0
12942,The String Bean,The String Bean,1310 W Campbell Rd 101,1310 W Campbell Rd 101,2022-12-07,2024-02-27,3,0,3,0,3,0,86.33,85,88,88,2024-02-27,20240513021424;20240612124719,0,0
12945,Fusion Vibes Lounge,Fusion Vibes Lounge,100 S Central Expy 49,100 S Central Expy 49,2022-11-21,2025-07-15,9,0,9,0,5,4,89.2,85,93,93,2025-06-30,20240513021424;20240612124719;20251017180715,1,0
12946,Insomnia Cookies,Insomnia Cookies,3000 Northside Blvd 300,3000 Northside Blvd 300,2022-09-23,2025-04-16,5,0,5,0,5,0,94.6,91,100,92,2025-04-16,20240513021424;20240612124719;20251017180715,1,0
12947,Krishna Juice,Krishna Juice,1300 E Belt Line Rd,"1300 E Belt Line Rd | 1300 E Belt Line Rd, #300",2022-11-07,2024-06-11,4,0,4,0,4,0,91.5,90,93,90,2024-06-11,20240513021424;20240612124719,0,0
12948,Pizza Stop,Pizza Stop,4251 E Renner Rd. 122,4251 E Renner Rd. 122,2022-09-13,2024-03-12,5,0,5,0,4,1,95,92,100,92,2024-03-05,20240513021424;20240612124719,0,0
12949,Snowfruit 526 / Kroger Centennial,Snowfruit 526 / Kroger Centennial,536 Centennial Blvd,536 Centennial Blvd,2022-12-28,2025-08-08,6,0,6,0,6,0,97.17,95,100,95,2025-08-08,20240513021424;20240612124719;20251017180715,1,0
12951,La La Land Kind Cafe,La La Land Kind Cafe,242 W Campbell Rd,242 W Campbell Rd,2022-10-05,2025-07-28,6,0,6,0,6,0,87.67,82,92,82,2025-07-28,20240513021424;20240612124719;20251017180715,1,0
12952,Best Donut,Best Donut,1401 E Arapaho Rd #C,1401 E Arapaho Rd #C,2022-10-06,2025-06-23,7,0,7,0,6,1,95.33,83,99,97,2025-06-23,20240513021424;20240612124719;20251017180715,1,0
12953,Snackie Viet,Snackie Viet,141 N Plano Rd,141 N Plano Rd,2022-12-19,2025-09-09,6,0,6,0,6,0,92,87,95,87,2025-09-09,20240513021424;20240612124719;20251017180715,1,0
12954,J's International Grill LLC,J's International Grill LLC,100 S Central Expy #35,100 S Central Expy #35,2022-11-08,2025-10-07,9,0,9,0,6,3,81.67,72,90,90,2025-10-07,20240513021424;20240612124719;20251017180715,1,0
12955,TLC Vegan Cafe,TLC Vegan Cafe,1930 N Coit Rd 140,1930 N Coit Rd 140,2022-12-01,2024-02-15,3,0,3,0,3,0,95.67,92,100,92,2024-02-15,20240513021424;20240612124719,0,0
12959,Megenagna Cafe,Megenagna Cafe,112 N Mckinney St,112 N Mckinney St,2023-07-14,2025-06-10,4,0,4,0,4,0,96.25,94,98,97,2025-06-10,20240513021424;20240612124719;20251017180715,1,0
12961,7-Eleven #35366C,7-Eleven #35366C,4180 E. Renner Rd.,4180 E. Renner Rd.,2022-11-03,2025-06-30,6,0,6,0,6,0,93.33,89,97,93,2025-06-30,20240513021424;20240612124719;20251017180715,1,0
12966,UTD - Tradecraft,UTD - Tradecraft,800 W Campbell Rd,800 W Campbell Rd,2023-04-25,2025-09-30,5,0,5,0,5,0,97.8,96,100,97,2025-09-30,20240513021424;20240612124719;20251017180715,1,0
12969,7th Day Coffee,7th Day Coffee,743 Brick Row 350,743 Brick Row 350,2023-01-04,2025-09-09,6,0,6,0,6,0,94.5,90,97,95,2025-09-09,20240513021424;20240612124719;20251017180715,1,0
12973,Canteen Vending - Avenue C Market,Canteen Vending - Avenue C Market,2201 Lakeside Blvd 2nd Floor,2201 Lakeside Blvd 2nd Floor,2024-04-08,2025-05-08,3,0,3,0,3,0,99.33,98,100,98,2025-05-08,20240513021424;20240612124719;20251017180715,1,0
12975,Wava Halal Grill,Wava Halal Grill,804 West Shore Dr 1A,804 West Shore Dr 1A,2022-12-19,2025-09-04,7,0,7,0,6,1,88.17,78,96,96,2025-09-04,20240513021424;20240612124719;20251017180715,1,0
12976,Urban Value Corner Store,Urban Value Corner Store,"3551 Wilshire Way, Suite 900","3551 Wilshire Way, Suite 900",2022-11-01,2024-05-02,4,0,4,0,4,0,96.75,95,98,98,2024-05-02,20240513021424;20240612124719,0,0
12985,UTD - O’ Desi Aroma,UTD - O’ Desi Aroma,800 W Campbell Rd,800 W Campbell Rd,2023-11-07,2025-09-30,4,0,4,0,4,0,97.25,95,100,97,2025-09-30,20240513021424;20240612124719;20251017180715,1,0
12986,UTD - Follett Bookstore Coffee,UTD - Follett Bookstore Coffee,800 W Campbell Rd,800 W Campbell Rd,2022-12-09,2025-09-30,6,0,6,0,6,0,97.33,95,100,97,2025-09-30,20240513021424;20240612124719;20251017180715,1,0
12987,InReach - Region 10 ESC - Spr Val,InReach - Region 10 ESC - Spr Val,400 E Spring Valley Rd,400 E Spring Valley Rd,2023-01-05,2025-08-04,4,0,4,0,4,0,98,97,99,98,2025-08-04,20240513021424;20240612124719;20251017180715,1,0
13001,Fox Valero,Fox Valero,1350 E Campbell Rd,1350 E Campbell Rd,2022-12-09,2025-09-26,6,0,6,0,6,0,91.5,87,95,95,2025-09-26,20240513021424;20240612124719;20251017180715,1,0
13003,Aloha Chicken & Shrimp LLC,Aloha Chicken & Shrimp LLC,"581 W Campbell Rd, Suite 127","581 W Campbell Rd, Suite 127",2022-12-15,2024-02-27,3,0,3,0,3,0,93.67,92,95,92,2024-02-27,20240513021424;20240612124719,0,0
13004,Amigos Aca y Alla,Amigos Aca y Alla,940 E Belt Line Rd,940 E Belt Line Rd,2023-02-21,2025-04-22,6,0,6,0,5,1,87.4,80,92,80,2025-04-22,20240513021424;20240612124719;20251017180715,1,0
13005,Fidel Lounge,Fidel Lounge,300 Terrace Dr 312,300 Terrace Dr 312,2023-03-15,2023-12-05,4,0,4,0,2,2,79.5,79,80,79,2023-11-29,20240513021424,0,0
13006,Arapaho Deli,Arapaho Deli,1130 E Arapaho Rd 155,1130 E Arapaho Rd 155,2023-01-10,2025-09-25,7,0,7,0,6,1,89.33,80,96,90,2025-09-25,20240513021424;20240612124719;20251017180715,1,0
13007,Appletree Court,Appletree Court,870 West Arapaho Road,870 West Arapaho Road,2023-02-16,2024-02-20,4,0,4,0,3,1,92.33,90,96,96,2024-02-20,20240513021424;20240612124719,0,0
13013,Yummy Burger Deli & Bubbleology,Yummy Burger Deli & Bubbleology,118 E Main St,118 E Main St,2023-01-03,2025-04-24,6,0,6,0,5,1,89.2,84,94,86,2025-04-24,20240513021424;20240612124719;20251017180715,1,0
13015,La Casita Bakeshop - 154,La Casita Bakeshop - 154,580 W Arapaho Rd 154,580 W Arapaho Rd 154,2023-02-15,2025-05-08,6,0,6,0,5,1,92.2,87,99,90,2025-05-08,20240513021424;20240612124719;20251017180715,1,0
13016,Arwa Coffee,Arwa Coffee,888 S Greenville Ave 223,888 S Greenville Ave 223,2023-02-03,2025-09-16,6,0,6,0,6,0,96.5,94,100,96,2025-09-16,20240513021424;20240612124719;20251017180715,1,0
13017,Frutazo Juice Bar and Fruteria,Frutazo Juice Bar and Fruteria,1455 E Buckingham Rd 120,1455 E Buckingham Rd 120,2023-02-08,2025-09-09,6,0,6,0,6,0,96.33,95,98,95,2025-09-09,20240513021424;20240612124719;20251017180715,1,0
13018,Peace Middle East,Peace Middle East,581 W Campbell Rd 125,581 W Campbell Rd 125,2023-03-02,2025-09-23,7,0,7,0,6,1,84.67,78,100,81,2025-09-23,20240513021424;20240612124719;20251017180715,1,0
13019,AJ's Hot Chicken,AJ's Hot Chicken,515 W Campbell Rd 111,515 W Campbell Rd 111,2023-05-10,2025-09-11,5,0,5,0,5,0,83.2,72,89,87,2025-09-11,20240513021424;20240612124719;20251017180715,1,0
13020,Green Valley Meat Market,Green Valley Meat Market,888 S Greenville Ave 222,888 S Greenville Ave 222,2023-06-28,2025-05-01,6,0,6,0,4,2,81.75,78,87,81,2025-04-24,20240513021424;20240612124719;20251017180715,1,0
13023,Gourmet Room,Gourmet Room,1144 N Plano Rd 115,1144 N Plano Rd 115,2023-02-09,2024-04-11,3,0,3,0,3,0,91.67,82,100,82,2024-04-11,20240513021424;20240612124719,0,0
13024,Break Bread Break Borders,Break Bread Break Borders,1515 Blake Dr,1515 Blake Dr,2023-02-08,2023-08-02,2,0,2,0,2,0,93.5,92,95,92,2023-08-02,20240513021424;20240612124719,0,0
13026,Imperial Cuisine,Imperial Cuisine,101 S Coit Rd 84,101 S Coit Rd 84,2023-07-10,2024-01-22,3,0,3,0,2,1,80,70,90,90,2024-01-22,20240513021424;20240612124719,0,0
13027,Where Love Lives,Where Love Lives,635 W Campbell Rd 201,635 W Campbell Rd 201,2023-06-13,2025-08-19,3,0,3,0,3,0,93.33,88,100,92,2025-08-19,20240513021424;20240612124719;20251017180715,1,0
13053,Slate at II Creeks Venue Center LLC,Slate at II Creeks Venue Center LLC,2701 Custer Pkwy 905,2701 Custer Pkwy 905,2023-03-24,2025-06-20,5,0,5,0,5,0,97,93,100,97,2025-06-20,20240513021424;20240612124719;20251017180715,1,0
13070,Canteen Vending @ Travelers,Canteen Vending @ Travelers,1301 E Collins Blvd,1301 E Collins Blvd,2023-05-08,2025-05-08,3,0,3,0,3,0,99.33,98,100,100,2025-05-08,20240513021424;20240612124719;20251017180715,1,0
13080,Zaafran Kitchen,Zaafran Kitchen,810 W Arapaho Rd 74,810 W Arapaho Rd 74,2023-07-10,2025-05-01,4,0,4,0,4,0,87.5,83,91,83,2025-05-01,20240513021424;20240612124719;20251017180715,1,0
13081,Beyond the Bar Bottle Shop,Beyond the Bar Bottle Shop,101 S Sherman St,101 S Sherman St | 101 S. Sherman St. Ste. B,2023-11-01,2025-05-01,4,0,4,0,4,0,99,98,100,98,2025-05-01,20240513021424;20240612124719;20251017180715,1,0
13082,Retro Fitness - Smoothie Bar,Retro Fitness - Smoothie Bar,1301 E Belt Line Rd,1301 E Belt Line Rd,2023-06-14,2025-06-03,7,0,7,0,6,1,96.33,90,100,94,2025-06-03,20240513021424;20240612124719;20251017180715,1,0
13085,NY Pizza and Pints Richardson,NY Pizza and Pints Richardson,901 N Jupiter Rd,901 N Jupiter Rd,2023-11-01,2024-05-21,2,0,2,0,2,0,93.5,92,95,95,2024-05-21,20240513021424;20240612124719,0,0
13086,Kairos at Beto - 1st United Methodist Church,Kairos at Beto - 1st United Methodist Church,503 N. Central Expy,503 N. Central Expy,2023-10-31,2025-02-11,2,0,2,0,2,0,100,100,100,100,2025-02-11,20240513021424;20240612124719;20251017180715,1,0
13087,Old Damascus,Old Damascus,1310 W Campbell Rd,1310 W Campbell Rd,2023-06-20,2024-02-27,2,0,2,0,2,0,81.5,71,92,92,2024-02-27,20240513021424;20240612124719,0,0
13091,Royale Shawarma,Royale Shawarma,400 N Greenville Ave 20,400 N Greenville Ave 20,2023-10-31,2023-12-15,2,0,2,0,1,1,72,72,72,72,2023-10-31,20240513021424,0,0
13092,Red Mango Cafe,Red Mango Cafe,1201 State St 400,1201 State St 400,2023-06-05,2025-06-20,5,0,5,0,5,0,91.4,90,94,94,2025-06-20,20240513021424;20240612124719;20251017180715,1,0
13093,Philo Market LLC,Philo Market LLC,1863 N Plano Rd,1863 N Plano Rd,2023-06-01,2023-12-11,2,0,2,0,2,0,89,88,90,90,2023-12-11,20240513021424;20240612124719,0,0
13096,Snowfruit 517 / Kroger Coit Rd,Snowfruit 517 / Kroger Coit Rd,160 N Coit Rd,160 N Coit Rd,2023-12-07,2025-07-17,4,0,4,0,4,0,97.25,92,100,100,2025-07-17,20240513021424;20240612124719;20251017180715,1,0
13099,"Wingate by Wyndham, Richardson","Wingate by Wyndham, Richardson",1577 Gateway Blvd,1577 Gateway Blvd,2023-10-03,2024-04-02,2,0,2,0,2,0,95,92,98,92,2024-04-02,20240513021424;20240612124719,0,0
13102,The Mad Hatter Pub,The Mad Hatter Pub,120 W Cityline Dr 600,120 W Cityline Dr 600,2023-07-05,2025-08-07,5,0,5,0,5,0,88.6,76,97,97,2025-08-07,20240513021424;20240612124719;20251017180715,1,0
13104,Ding Tea,Ding Tea,581 W Campbell Rd 119,581 W Campbell Rd 119,2023-07-27,2025-09-23,5,0,5,0,5,0,90.8,83,97,95,2025-09-23,20240513021424;20240612124719;20251017180715,1,0
13106,Tiger Mart of Richardson,Tiger Mart of Richardson,236 E Spring Valley Rd,236 E Spring Valley Rd,2023-06-16,2024-01-08,2,0,2,0,2,0,99,98,100,98,2024-01-08,20240513021424;20240612124719,0,0
13107,Sushi Go,Sushi Go,3600 North Star Rd 105,3600 North Star Rd 105,2023-12-05,2025-08-27,4,0,4,0,4,0,94,86,99,99,2025-08-27,20240513021424;20240612124719;20251017180715,1,0
13112,Spice of Richardson,Spice of Richardson,1498 W Spring Valley Rd,1498 W Spring Valley Rd,2023-09-20,2025-09-11,6,0,6,0,4,2,79.75,71,89,85,2025-09-11,20240513021424;20240612124719;20251017180715,1,0
13118,Sugar,Sugar,1403 E Campbell Rd 110,1403 E Campbell Rd 110,2023-08-22,2025-09-08,4,0,4,0,4,0,91.5,84,96,84,2025-09-08,20240513021424;20240612124719;20251017180715,1,0
13127,Little Caesars Pizza,Little Caesars Pizza,101 S Coit Rd 397,101 S Coit Rd 397,2023-08-05,2025-05-08,6,0,6,0,4,2,91,89,94,89,2025-05-08,20240513021424;20240612124719;20251017180715,1,0
13128,Little Caesar's Pizza,Little Caesar's Pizza,1220 E Belt Line Rd,1220 E Belt Line Rd,2024-01-10,2025-07-11,4,0,4,0,4,0,93.75,90,96,90,2025-07-11,20240513021424;20240612124719;20251017180715,1,0
13130,Albaghdady Restaurant & Bakery,Albaghdady Restaurant & Bakery,329 N Greenville Ave,329 N Greenville Ave,2023-10-23,2025-05-29,5,0,5,0,4,1,93,88,98,91,2025-05-29,20240513021424;20240612124719;20251017180715,1,0
13131,Fratello Pizza and Doner Kebab,Fratello Pizza and Doner Kebab,201 S Greenville Ave 101,201 S Greenville Ave 101,2023-07-06,2025-07-09,5,0,5,0,5,0,89.8,85,92,90,2025-07-09,20240513021424;20240612124719;20251017180715,1,0
13133,Shake Sum Cafe,Shake Sum Cafe,1451 E Belt Line Rd,1451 E Belt Line Rd,2023-10-27,2024-05-06,3,0,3,0,3,0,92.67,91,94,93,2024-05-06,20240513021424;20240612124719,0,0
13134,Pu'Er,Pu'Er,2000 N Plano Rd 103,2000 N Plano Rd 103,2023-08-01,2023-08-08,2,0,2,0,1,1,90,90,90,90,2023-08-01,20240513021424;20240612124719,0,0
13136,Popeyes,Popeyes,1445 Belt Line Rd,1445 Belt Line Rd,2023-11-01,2025-05-13,4,0,4,0,4,0,97.5,95,100,96,2025-05-13,20240513021424;20240612124719;20251017180715,1,0
13142,Golden Star Halal Grocery,Golden Star Halal Grocery,300 Terrace Dr 309,300 Terrace Dr 309,2023-11-29,2025-05-19,4,0,4,0,4,0,75,65,79,78,2025-05-19,20240513021424;20240612124719;20251017180715,1,0
13146,Desi Brothers,Desi Brothers,100 S Central Expy Suite 26-C,100 S Central Expy Suite 26-C,2023-10-10,2025-06-30,7,0,7,0,5,2,84.2,74,100,74,2025-06-30,20240513021424;20240612124719;20251017180715,1,0
13147,Taqueria Tepito,Taqueria Tepito,3601 N Jupiter Rd,3601 N Jupiter Rd,2023-09-07,2024-03-21,2,0,2,0,2,0,84.5,81,88,81,2024-03-21,20240513021424;20240612124719,0,0
13148,Kona Ice Central Dallas,Kona Ice Central Dallas,1110 E Collins Blvd 132,1110 E Collins Blvd 132,2023-09-18,2025-09-30,4,0,4,0,4,0,100,100,100,100,2025-09-30,20240513021424;20240612124719;20251017180715,1,0
13149,7-Eleven #33671C,7-Eleven #33671C,377 W. Campbell Road #200,377 W. Campbell Road #200,2023-10-11,2025-10-13,6,0,6,0,5,1,91.8,84,96,96,2025-10-13,20240513021424;20240612124719;20251017180715,1,0
13150,Taqueria Chili Gordo's,Taqueria Chili Gordo's,1151 N Jupiter 119,1151 N Jupiter 119,2023-10-03,2025-05-22,5,0,5,0,4,1,75.75,70,93,70,2025-05-22,20240513021424;20240612124719;20251017180715,1,0
13151,Kentucky Fried Chicken,Kentucky Fried Chicken,1776 E Belt Line Rd,1776 E Belt Line Rd,2023-12-07,2025-06-13,4,0,4,0,4,0,93,90,99,90,2025-06-13,20240513021424;20240612124719;20251017180715,1,0
13152,Wulf Burger,Wulf Burger,1370 E Belt Line Rd,1370 E Belt Line Rd,2023-11-29,2025-06-04,5,0,5,0,4,1,85.5,79,89,85,2025-06-04,20240513021424;20240612124719;20251017180715,1,0
13153,Murphy's Deli,Murphy's Deli,1415 State St 550,1415 State St 550,2023-10-11,2025-06-06,4,0,4,0,4,0,94.5,85,100,98,2025-06-06,20240513021424;20240612124719;20251017180715,1,0
13159,Yummy Thai,Yummy Thai,1332 S Plano Rd 670,1332 S Plano Rd 670,2023-11-30,2025-07-28,5,0,5,0,4,1,86,84,90,85,2025-07-28,20240513021424;20240612124719;20251017180715,1,0
13169,Hawthorne Suites,Hawthorne Suites,250 Municipal Dr,250 Municipal Dr,2024-01-11,2025-08-29,4,0,4,0,4,0,92.25,88,94,94,2025-08-29,20240513021424;20240612124719;20251017180715,1,0
13170,Canteen Vending @ Amazon STX8,Canteen Vending @ Amazon STX8,3051 Research Dr,3051 Research Dr,2023-11-16,2025-04-07,3,0,3,0,3,0,98,98,98,98,2025-04-07,20240513021424;20240612124719;20251017180715,1,0
13190,Wang's Cook House,Wang's Cook House,4011 E Renner Rd 128,4011 E Renner Rd 128,2023-12-13,2025-08-28,4,0,4,0,4,0,84.75,75,91,91,2025-08-28,20240513021424;20240612124719;20251017180715,1,0
13192,Jimmy John's,Jimmy John's,1425 E Belt Line Rd 100,1425 E Belt Line Rd 100,2024-01-08,2025-07-21,4,0,4,0,4,0,94.25,93,97,93,2025-07-21,20240513021424;20240612124719;20251017180715,1,0
13194,Doc's Food Store,Doc's Food Store,635 W Campbell Rd 200,635 W Campbell Rd 200,2023-11-30,2025-06-24,4,0,4,0,4,0,92,89,96,89,2025-06-24,20240513021424;20240612124719;20251017180715,1,0
13195,Edoko Sushi,Edoko Sushi,1250 State St 600,1250 State St 600,2023-11-21,2025-08-21,4,0,4,0,4,0,86.5,70,95,92,2025-08-21,20240513021424;20240612124719;20251017180715,1,0
13196,Partenope Ristorante,Partenope Ristorante,110 S Greenville Ave,110 S Greenville Ave,2023-11-30,2025-05-14,6,0,6,0,4,2,94.75,90,100,96,2025-05-14,20240513021424;20240612124719;20251017180715,1,0
13197,Bagel Cafe 21,Bagel Cafe 21,1920 N Coit Rd 211,1920 N Coit Rd 211,2023-11-30,2025-08-26,4,0,4,0,4,0,90,87,93,92,2025-08-26,20240513021424;20240612124719;20251017180715,1,0
13198,A Day Cafe,A Day Cafe,1811 N Greenville Ave 300,1811 N Greenville Ave 300,2023-11-28,2025-08-14,4,0,4,0,4,0,95.5,87,100,97,2025-08-14,20240513021424;20240612124719;20251017180715,1,0
13203,No. 1 Plus Chicken,No. 1 Plus Chicken,2115 E Belt Line Rd,2115 E Belt Line Rd,2023-11-29,2023-11-29,1,0,1,0,1,0,91,91,91,91,2023-11-29,20240513021424;20240612124719,0,0
13204,Dollar General #25807,Dollar General #25807,325 W Spring Valley,325 W Spring Valley,2023-11-27,2025-05-05,4,0,4,0,4,0,96.25,92,100,96,2025-05-05,20240513021424;20240612124719;20251017180715,1,0
13214,Unrefined Bakery,Unrefined Bakery,1391 W Campbell Rd,1391 W Campbell Rd | 1391 W Campbell Road,2023-12-11,2025-08-27,4,0,4,0,4,0,94.75,90,100,92,2025-08-27,20240513021424;20240612124719;20251017180715,1,0
13227,Happy Hippie Brewing Co,Happy Hippie Brewing Co,500 Lockwood Dr,500 Lockwood Dr,2024-02-01,2024-02-01,1,0,1,0,1,0,92,92,92,92,2024-02-01,20240513021424;20240612124719,0,0
13229,Aladdin Coffee & Tea Bar,Aladdin Coffee & Tea Bar,888 S Greenville Ave 200,888 S Greenville Ave | 888 S Greenville Ave 200,2023-12-28,2025-07-09,5,0,5,0,4,1,89.25,84,92,90,2025-07-09,20240513021424;20240612124719;20251017180715,1,0
13230,Holiday Inn / Khushi Gift Shop,Holiday Inn / Khushi Gift Shop,1655 N Central Expy,1655 N Central Expy,2023-12-11,2025-10-17,5,0,5,0,5,0,96,93,98,98,2025-10-17,20240513021424;20240612124719;20251017180715,1,0
13231,Porta Di Roma,Porta Di Roma,2301 Performance Dr 100,2301 Performance Dr 100,2024-01-31,2025-08-18,4,0,4,0,3,1,92,83,100,83,2025-08-18,20240513021424;20240612124719;20251017180715,1,0
13234,Honeyberry Cafe,Honeyberry Cafe,3613 Shire Blvd 180,3613 Shire Blvd 180,2024-01-24,2025-04-21,3,0,3,0,3,0,89,83,93,93,2025-04-21,20240513021424;20240612124719;20251017180715,1,0
13235,UTD - Science Market,UTD - Science Market,800 W Campbell Rd,800 W Campbell Rd,2024-01-30,2025-09-30,4,0,4,0,4,0,98.5,95,100,99,2025-09-30,20240513021424;20240612124719;20251017180715,1,0
13236,UTD - Novel Brew,UTD - Novel Brew,800 W Campbell Rd,800 W Campbell Rd,2024-01-30,2024-01-30,1,0,1,0,1,0,100,100,100,100,2024-01-30,20240513021424;20240612124719,0,0
13238,Miss Pasta,Miss Pasta,3613 Shire Blvd 100,3613 Shire Blvd 100,2023-12-11,2025-08-14,4,0,4,0,4,0,93.75,89,97,97,2025-08-14,20240513021424;20240612124719;20251017180715,1,0
13239,Reverie Bakeshop,Reverie Bakeshop,980 N Coit Rd 2850,980 N Coit Rd 2850,2023-12-07,2025-04-09,4,0,4,0,4,0,96.75,92,100,100,2025-04-09,20240513021424;20240612124719;20251017180715,1,0
13243,Elevated Coffee & Tea,Elevated Coffee & Tea,1251 State St 700,1251 State St 700,2024-01-24,2025-09-16,4,0,4,0,4,0,95.25,88,99,99,2025-09-16,20240513021424;20240612124719;20251017180715,1,0
13244,"Gokul Ice Cream, Sweet & Snacks","Gokul Ice Cream, Sweet & Snacks",121 S Central Expy,121 S Central Expy,2024-02-19,2024-02-19,1,0,1,0,1,0,95,95,95,95,2024-02-19,20240513021424;20240612124719,0,0
13261,Sheba's Kitchen,Sheba's Kitchen,430 N Coit Rd #400,430 N Coit Rd #400,2024-01-25,2025-10-16,5,0,5,0,5,0,90,80,100,88,2025-10-16,20240513021424;20240612124719;20251017180715,1,0
13262,Hat Creek Burger Company,Hat Creek Burger Company,2311 N Central Expy,2311 N Central Expy,2024-01-31,2025-08-18,4,0,4,0,4,0,89,86,91,91,2025-08-18,20240513021424;20240612124719;20251017180715,1,0
13263,Buffalo Wild Wings GO,Buffalo Wild Wings GO,230 W Campbell Rd,230 W Campbell Rd,2024-01-29,2025-04-15,3,0,3,0,3,0,90.33,86,98,86,2025-04-15,20240513021424;20240612124719;20251017180715,1,0
13264,Dozo Sushi,Dozo Sushi,800 E Arapaho Rd 112A,800 E Arapaho Rd 112A,2024-02-29,2025-09-11,5,0,5,0,3,2,94.33,91,98,98,2025-09-11,20240513021424;20240612124719;20251017180715,1,0
13265,Junbi Matcha & Tea,Junbi Matcha & Tea,326 W Campbell Rd,326 W Campbell Rd,2024-12-17,2025-06-30,2,0,2,0,2,0,84,84,84,84,2025-06-30,20251017180715,1,0
13267,Kasra Restaurant Persian Cuisine,Kasra Restaurant Persian Cuisine,525 W Arapaho Rd 21,525 W Arapaho Rd 21,2024-01-31,2025-07-14,5,0,5,0,5,0,92.6,92,94,92,2025-07-14,20240513021424;20240612124719;20251017180715,1,0
13268,Hawaiian Bros Island Grill #HB0028,Hawaiian Bros Island Grill #HB0028,2060 N Coit Rd,2060 N Coit Rd,2024-02-15,2025-05-30,3,0,3,0,3,0,97,97,97,97,2025-05-30,20240513021424;20240612124719;20251017180715,1,0
13269,Smiley Cup,Smiley Cup,4140 E Renner Rd,4140 E Renner Rd,2024-02-06,2025-08-25,4,0,4,0,4,0,98.25,93,100,100,2025-08-25,20240513021424;20240612124719;20251017180715,1,0
13270,Birdcall,Birdcall,507 W Belt Line Rd,507 W Belt Line Rd,2024-02-02,2025-05-12,3,0,3,0,3,0,95,90,100,90,2025-05-12,20240513021424;20240612124719;20251017180715,1,0
13271,Arapaho Rehab and Care Center,Arapaho Rehab and Care Center,1111 Rockingham Ln,1111 Rockingham Ln,2024-02-23,2024-02-23,1,0,1,0,1,0,90,90,90,90,2024-02-23,20240513021424;20240612124719,0,0
13272,Russo's Coal-Fired Italian Kitchen,Russo's Coal-Fired Italian Kitchen,700 E Campbell Rd 100,700 E Campbell Rd 100,2024-02-20,2025-10-14,4,0,4,0,4,0,89.75,86,97,89,2025-10-14,20240513021424;20240612124719;20251017180715,1,0
13273,The Peach Cobbler Factory,The Peach Cobbler Factory,720 E Campbell Rd 420,720 E Campbell Rd 420,2024-02-13,2025-09-30,4,0,4,0,4,0,97.5,93,100,93,2025-09-30,20240513021424;20240612124719;20251017180715,1,0
13274,Zaxby's,Zaxby's,526 Centennial Blvd,526 Centennial Blvd,2024-02-12,2025-08-14,4,0,4,0,4,0,94.5,92,96,96,2025-08-14,20240513021424;20240612124719;20251017180715,1,0
13275,La Fonda Tacos y Guisos,La Fonda Tacos y Guisos,221 W Polk St 101,221 W Polk St 101,2024-01-26,2024-01-26,1,0,1,0,1,0,95,95,95,95,2024-01-26,20240513021424;20240612124719,0,0
13276,Oumi Sushi @ Sprouts #106,Oumi Sushi @ Sprouts #106,1343 W Campbell Rd,1343 W Campbell Rd,2024-03-18,2025-10-17,4,0,4,0,4,0,97.25,93,100,100,2025-10-17,20240513021424;20240612124719;20251017180715,1,0
13277,Golf Ranch,Golf Ranch,3570 Waterview Pkwy,3570 Waterview Pkwy,2024-02-27,2025-03-25,3,0,3,0,3,0,91.33,84,97,84,2025-03-25,20240513021424;20240612124719;20251017180715,1,0
13278,Saravana Bhavan,Saravana Bhavan,3551 Wilshire Way 100,3551 Wilshire Way 100,2024-02-21,2025-08-14,3,0,3,0,3,0,86.67,86,88,86,2025-08-14,20240513021424;20240612124719;20251017180715,1,0
13279,Coco Shrimp,Coco Shrimp,1240 E Belt Line Rd,1240 E Belt Line Rd,2024-02-07,2025-08-11,4,0,4,0,4,0,95.25,92,98,98,2025-08-11,20240513021424;20240612124719;20251017180715,1,0
13280,Red Hot Indo-Chinese & Indian Kitchen,Red Hot Indo-Chinese & Indian Kitchen,744 S Central Expy 230,744 S Central Expy 230,2024-01-26,2025-06-05,5,0,5,0,3,2,77,70,82,70,2025-06-05,20240513021424;20240612124719;20251017180715,1,0
13282,AFC Sushi @ Tom Thumb 3637,AFC Sushi @ Tom Thumb 3637,1380 W Campbell Rd,1380 W Campbell Rd,2024-03-13,2025-10-06,4,0,4,0,4,0,97,95,99,99,2025-10-06,20240513021424;20240612124719;20251017180715,1,0
13293,J.J. Pearce HS Culinary Lab,J.J. Pearce HS Culinary Lab,1600 N Coit Rd,1600 N Coit Rd,2025-08-28,2025-08-28,1,0,1,0,1,0,95,95,95,95,2025-08-28,20251017180715,1,0
13294,InReach - Region 10 Abrams,InReach - Region 10 Abrams,904 Abrams Rd,904 Abrams Rd,2024-03-04,2025-09-02,4,0,4,0,4,0,98.5,98,100,100,2025-09-02,20240513021424;20240612124719;20251017180715,1,0
13305,Gilgamesh Bakery,Gilgamesh Bakery,300 Terrace Dr 304 304,300 Terrace Dr 304 304,2024-03-25,2024-03-25,1,0,1,0,1,0,91,91,91,91,2024-03-25,20240513021424;20240612124719,0,0
13306,Pambazo Restaurant Bar,Pambazo Restaurant Bar,401 W Pres George Bush Hwy. 119,401 W Pres George Bush Hwy. 119,2024-02-29,2024-02-29,1,0,1,0,1,0,89,89,89,89,2024-02-29,20240513021424;20240612124719,0,0
13307,Max A Millian Popcorn,Max A Millian Popcorn,2701 Custer Parkway #810,2701 Custer Parkway #810,2024-03-13,2025-04-07,3,0,3,0,3,0,100,100,100,100,2025-04-07,20240513021424;20240612124719;20251017180715,1,0
13308,Arapaho Food Mart,Arapaho Food Mart,555 W Arapaho Rd,555 W Arapaho Rd,2024-02-26,2025-03-06,2,0,2,0,2,0,100,100,100,100,2025-03-06,20240513021424;20240612124719;20251017180715,1,0
13309,The Icon Restaurant and Lounge,The Icon Restaurant and Lounge,720 E Campbell Rd 430,720 E Campbell Rd 430,2024-04-30,2025-10-14,3,0,3,0,3,0,89.33,83,95,90,2025-10-14,20240513021424;20240612124719;20251017180715,1,0
13310,Brusters Real Ice Cream,Brusters Real Ice Cream,710 W Renner Rd 202,710 W Renner Rd 202,2024-03-07,2025-10-15,4,0,4,0,4,0,92.25,89,95,89,2025-10-15,20240513021424;20240612124719;20251017180715,1,0
13315,UsMania Fine Dining,UsMania Fine Dining,400 N Coit Rd 1908,400 N Coit Rd 1908,2024-04-02,2024-04-02,1,0,1,0,1,0,90,90,90,90,2024-04-02,20240513021424;20240612124719,0,0
13316,Guidepost Montessori at Richardson,Guidepost Montessori at Richardson,1140 W. Campbell Road,1140 W. Campbell Road,2024-04-21,2024-04-21,1,0,1,0,1,0,97,97,97,97,2024-04-21,20240513021424;20240612124719;20251017180715,1,0
13318,Dave's Hot Chicken,Dave's Hot Chicken,1545 E Belt Line Rd,1545 E Belt Line Rd,2024-04-03,2025-10-10,4,0,4,0,4,0,96.75,94,99,99,2025-10-10,20240513021424;20240612124719;20251017180715,1,0
13370,Tarboosh Gyro Grill,Tarboosh Gyro Grill,1403 E Campbell Rd. 101C,1403 E Campbell Rd. 101C,2024-06-27,2025-09-09,3,0,3,0,3,0,76,72,78,72,2025-09-09,20251017180715,1,0
13371,Neighbor Brew,Neighbor Brew,"508 W Lookout Dr., Suite 12","508 W Lookout Dr., Suite 12",2024-04-05,2024-04-05,1,0,1,0,1,0,96,96,96,96,2024-04-05,20240513021424;20240612124719,0,0
13373,Wingstop,Wingstop,710 W Renner Rd,710 W Renner Rd,2024-04-04,2025-05-30,3,0,3,0,3,0,90.33,84,94,93,2025-05-30,20240513021424;20240612124719;20251017180715,1,0
13374,The Farmhouse,The Farmhouse,1980 Nantucket Dr. 103,1980 Nantucket Dr. 103,2024-05-23,2024-05-23,1,0,1,0,1,0,94,94,94,94,2024-05-23,20240612124719,0,0
13375,Landmark Grill,Landmark Grill,1600 N Plano Rd 800,1600 N Plano Rd 800,2024-05-09,2024-05-09,1,0,1,0,1,0,86,86,86,86,2024-05-09,20240513021424;20240612124719,0,0
13378,Canteen Vending @ Lowe's #2779 - Employee Area,Canteen Vending @ Lowe's #2779 - Employee Area,502 S Plano Rd,502 S Plano Rd,2024-06-06,2025-05-02,3,0,3,0,3,0,98,98,98,98,2025-05-02,20240612124719;20251017180715,1,0
13379,One Bite,One Bite,888 S Greenville Ave 220,888 S Greenville Ave 220,2024-05-21,2025-05-14,3,0,3,0,3,0,92.33,90,96,90,2025-05-14,20240612124719;20251017180715,1,0
13385,Hippo Beverage,Hippo Beverage,1310 W Spring Valley Rd,1310 W Spring Valley Rd,2024-05-09,2025-05-29,4,0,4,0,2,2,92,89,95,89,2025-05-29,20240513021424;20240612124719;20251017180715,1,0
13387,Shibam Coffee,Shibam Coffee,850 S Greenville Ave,850 S Greenville Ave,2024-06-06,2025-06-20,3,0,3,0,3,0,90.67,87,93,93,2025-06-20,20240612124719;20251017180715,1,0
13388,Royale Shawarma,Royale Shawarma,400 N Greenville Ave 20,400 N Greenville Ave 20,2024-06-26,2025-06-30,4,0,4,0,3,1,84,80,90,82,2025-06-23,20251017180715,1,0
13389,Gong Cha,Gong Cha,1425 E Belt Line Rd 102,1425 E Belt Line Rd 102,2024-06-11,2025-06-02,3,0,3,0,3,0,95.67,94,97,96,2025-06-02,20240612124719;20251017180715,1,0
13390,The Halal Guys,The Halal Guys,746 S Central Expy 120,746 S Central Expy 120,2024-05-31,2025-10-16,3,0,3,0,3,0,98,95,100,95,2025-10-16,20240612124719;20251017180715,1,0
13395,Venezuelan Restaurant,Venezuelan Restaurant,1403 E Campbell Rd 108,1403 E Campbell Rd 108,2024-07-29,2025-09-10,3,0,3,0,3,0,85.67,73,97,87,2025-09-10,20251017180715,1,0
13401,Einstein Bros Bagels,Einstein Bros Bagels,2191 E Buckingham Rd,2191 E Buckingham Rd,2024-07-08,2025-07-14,3,0,3,0,3,0,96,95,97,95,2025-07-14,20251017180715,1,0
13404,Children's Menu Catering,Children's Menu Catering,1401 E Arapaho Rd E,1401 E Arapaho Rd E,2024-09-06,2025-07-29,3,0,3,0,3,0,99.33,98,100,100,2025-07-29,20251017180715,1,0
13414,Imperial Biryani & Cafe,Imperial Biryani & Cafe,400 N Greenville Ave 23,400 N Greenville Ave 23,2024-08-28,2025-09-02,4,0,4,0,3,1,81.33,78,86,78,2025-08-25,20251017180715,1,0
13415,Local Good Pantry,Local Good Pantry,741 S Sherman St,741 S Sherman St,2025-01-14,2025-07-15,2,0,2,0,2,0,98,96,100,96,2025-07-15,20251017180715,1,0
13416,Bonchon Korean Fried Chicken,Bonchon Korean Fried Chicken,904 Audelia Rd 300,904 Audelia Rd 300,2024-08-19,2025-08-18,3,0,3,0,3,0,94,92,95,92,2025-08-18,20251017180715,1,0
13417,The Antique Table Cafe,The Antique Table Cafe,101 S Coit Rd 50,101 S Coit Rd 50,2024-08-28,2025-08-22,3,0,3,0,3,0,96,92,100,92,2025-08-22,20251017180715,1,0
13418,Bombay Republic,Bombay Republic,700 E Campbell Rd 190,700 E Campbell Rd 190,2024-08-27,2025-04-22,2,0,2,0,2,0,80.5,70,91,91,2025-04-22,20251017180715,1,0
13420,Alamo Drafthouse Cinema,Alamo Drafthouse Cinema,100 S Central Expy 14,100 S Central Expy 14,2024-08-30,2025-09-18,3,0,3,0,3,0,95.33,92,99,95,2025-09-18,20251017180715,1,0
13421,Mr Max,Mr Max,800 N Coit Rd 2550B,800 N Coit Rd 2550B,2024-12-19,2025-09-25,2,0,2,0,2,0,92,89,95,89,2025-09-25,20251017180715,1,0
13422,Interurban Food & Bar,Interurban Food & Bar,221 W Polk St 101,221 W Polk St 101,2025-01-19,2025-07-17,2,0,2,0,2,0,85.5,84,87,84,2025-07-17,20251017180715,1,0
13423,Tacos y Mas,Tacos y Mas,1000 N Central Expy,1000 N Central Expy,2024-09-05,2025-09-23,3,0,3,0,3,0,87,78,95,95,2025-09-23,20251017180715,1,0
13431,Fanah Cafe & Pastry,Fanah Cafe & Pastry,139 N Plano Rd,139 N Plano Rd,2024-09-25,2025-09-16,3,0,3,0,3,0,96,95,97,95,2025-09-16,20251017180715,1,0
13432,Lone Star Markets at Ovation at Galatyn Park,Lone Star Markets at Ovation at Galatyn Park,2323 Plaza Blvd,2301 Performance Dr | 2323 Plaza Blvd,2024-09-04,2025-10-17,3,0,3,0,3,0,99.33,98,100,98,2025-10-17,20251017180715,1,0
13433,Tower 2600 Am Food & Vending,Tower 2600 Am Food & Vending,2600 N Central Expy,2600 N Central Expy,2024-09-24,2025-05-16,2,0,2,0,2,0,100,100,100,100,2025-05-16,20251017180715,1,0
13434,Geico Richardson - 1st Floor Center - Aramark,Geico Richardson - 1st Floor Center - Aramark,2280 N Greenville Ave,2280 N Greenville Ave,2024-09-24,2025-04-09,2,0,2,0,2,0,99,98,100,100,2025-04-09,20251017180715,1,0
13435,Shoo Loong Kan Hot Pot,Shoo Loong Kan Hot Pot,400 N Greenville Ave 16,400 N Greenville Ave 16,2024-09-25,2025-09-23,3,0,3,0,3,0,91.33,87,96,87,2025-09-23,20251017180715,1,0
13437,Geico Richardson - 2nd Floor Center - Aramark,Geico Richardson - 2nd Floor Center - Aramark,2280 North Greenville Ave.,2280 North Greenville Ave.,2024-09-24,2025-04-09,2,0,2,0,2,0,99,98,100,100,2025-04-09,20251017180715,1,0
13438,Geico Richardson - North 2nd Floor Loft - Aramark,Geico Richardson - North 2nd Floor Loft - Aramark,2280 North Greenville Ave.,2280 North Greenville Ave.,2024-09-24,2025-04-09,2,0,2,0,2,0,99,98,100,100,2025-04-09,20251017180715,1,0
13439,Yi Fang Taiwan Fruit Tea,Yi Fang Taiwan Fruit Tea,1386 E Belt Line Rd,1386 E Belt Line Rd,2024-10-15,2025-10-06,3,0,3,0,3,0,98,94,100,100,2025-10-06,20251017180715,1,0
13440,El Comedor de Dona Flor,El Comedor de Dona Flor,1600 N Plano Rd 800,1600 N Plano Rd 800,2024-12-10,2025-04-29,2,0,2,0,2,0,85,80,90,90,2025-04-29,20251017180715,1,0
13441,Bindaas,Bindaas,3000 Northside Blvd #900,3000 Northside Blvd #900,2024-11-25,2025-05-30,2,0,2,0,2,0,81,81,81,81,2025-05-30,20251017180715,1,0
13451,Donut Depot,Donut Depot,1455 E Buckingham Rd 104,1455 E Buckingham Rd 104,2024-10-17,2025-10-08,4,0,4,0,3,1,91.67,90,93,93,2025-10-08,20251017180715,1,0
13452,Shawarma Alreem,Shawarma Alreem,100 S Central Expy 53,100 S Central Expy 53,2025-04-08,2025-04-08,1,0,1,0,1,0,91,91,91,91,2025-04-08,20251017180715,1,0
13453,Lone Star Markets at Galatyn Station Apts,Lone Star Markets at Galatyn Station Apts,2301 Performance Dr,2301 Performance Dr,2025-04-02,2025-10-17,2,0,2,0,2,0,99,98,100,98,2025-10-17,20251017180715,1,0
13455,Genji Sushi,Genji Sushi,1411 E Renner Rd,1411 E Renner Rd,2025-01-14,2025-07-30,2,0,2,0,2,0,100,100,100,100,2025-07-30,20251017180715,1,0
13456,Pure Social,Pure Social,401 W Pres. George Bush Hwy 126,401 W Pres. George Bush Hwy 126,2024-11-22,2025-07-11,2,0,2,0,2,0,68.5,67,70,70,2025-07-11,20251017180715,1,0
13468,The Burger Life,The Burger Life,1801 N Greenville Ave. 100,1801 N Greenville Ave. 100,2025-01-23,2025-08-08,2,0,2,0,2,0,92.5,91,94,94,2025-08-08,20251017180715,1,0
13469,Dickey's BBQ Pit,Dickey's BBQ Pit,2160 N Coit Rd 146,2160 N Coit Rd 146,2025-01-23,2025-08-26,2,0,2,0,2,0,92,90,94,90,2025-08-26,20251017180715,1,0
13470,Hometown Cafe,Hometown Cafe,400 N Greenville Ave 17,400 N Greenville Ave 17,2024-12-26,2025-09-23,3,0,3,0,3,0,79.67,74,85,85,2025-09-23,20251017180715,1,0
13474,Canteen Vending @ Lowe's #2779 - Pro Desk,Canteen Vending @ Lowe's #2779 - Pro Desk,502 S Plano Rd,502 S Plano Rd,2024-11-13,2025-05-02,2,0,2,0,2,0,99,98,100,100,2025-05-02,20251017180715,1,0
13475,Civil Pour Coffee + Beer,Civil Pour Coffee + Beer,800 N Coit Rd 2500,800 N Coit Rd 2500,2025-03-14,2025-09-17,3,0,3,0,2,1,90,89,91,89,2025-09-17,20251017180715,1,0
13476,Chopped Halal Grill,Chopped Halal Grill,3000 Northside Blvd 500,3000 Northside Blvd 500,2024-12-09,2025-06-30,2,0,2,0,2,0,86.5,82,91,91,2025-06-30,20251017180715,1,0
13477,Zio Al’s Pizza and Pasta,Zio Al’s Pizza and Pasta,150 W Main St 700,150 W Main St 700,2024-11-13,2025-05-19,3,0,3,0,2,1,87.5,86,89,89,2025-05-19,20251017180715,1,0
13478,Moriya Shokudo,Moriya Shokudo,1920 N. Coit Rd 250,1920 N. Coit Rd 250,2024-12-09,2025-06-17,2,0,2,0,2,0,87,82,92,92,2025-06-17,20251017180715,1,0
13483,Jalapeno Loco,Jalapeno Loco,581 W Campbell Rd 114,581 W Campbell Rd 114,2024-12-02,2025-06-30,2,0,2,0,2,0,90.5,87,94,87,2025-06-30,20251017180715,1,0
13486,Churro on Top,Churro on Top,220 W Campbell Rd,220 W Campbell Rd,2024-12-17,2025-06-30,2,0,2,0,2,0,89.5,89,90,89,2025-06-30,20251017180715,1,0
13489,Zion Ethiopian Restaurant,Zion Ethiopian Restaurant,401 N Central Expy 300,401 N Central Expy 300,2025-03-31,2025-10-07,2,0,2,0,2,0,85.5,80,91,80,2025-10-07,20251017180715,1,0
13490,La Souq,La Souq,150 W Main St,150 W Main St,2025-01-08,2025-07-08,2,0,2,0,2,0,93,90,96,90,2025-07-08,20251017180715,1,0
13493,Zemen Bar & Restaurant,Zemen Bar & Restaurant,2148 E Belt Line Rd,2148 E Belt Line Rd,2025-01-15,2025-07-07,2,0,2,0,2,0,87.5,86,89,89,2025-07-07,20251017180715,1,0
13494,Richardson Dog Haus,Richardson Dog Haus,744 S Central Expy 210,744 S Central Expy 210,2025-06-05,2025-06-05,1,0,1,0,1,0,93,93,93,93,2025-06-05,20251017180715,1,0
13495,Shawley Cafe,Shawley Cafe,2146 E Belt Line Rd,2146 E Belt Line Rd,2025-01-16,2025-07-24,2,0,2,0,2,0,93,92,94,94,2025-07-24,20251017180715,1,0
13496,Gilgamesh Restaurant,Gilgamesh Restaurant,300 Terrace Dr 301,300 Terrace Dr 301,2025-01-16,2025-07-28,2,0,2,0,2,0,91,88,94,88,2025-07-28,20251017180715,1,0
13497,Shawarma House,Shawarma House,700 E Campbell Rd 120,700 E Campbell Rd 120,2025-02-06,2025-08-25,2,0,2,0,2,0,89.5,85,94,85,2025-08-25,20251017180715,1,0
13498,InReach - Region 10 Spring Valley,InReach - Region 10 Spring Valley,400 E Spring Valley Rd,400 E Spring Valley Rd,2025-02-04,2025-08-04,2,0,2,0,2,0,98,98,98,98,2025-08-04,20251017180715,1,0
13501,7-Eleven #32917J,7-Eleven #32917J,1360 S Plano Rd,1360 S Plano Rd,2025-07-21,2025-07-21,1,0,1,0,1,0,93,93,93,93,2025-07-21,20251017180715,1,0
13502,High Tower Cafe / Lakeside Campus,High Tower Cafe / Lakeside Campus,2221 Lakeside Blvd Suite #180,2221 Lakeside Blvd Suite #180,2025-05-08,2025-05-08,1,0,1,0,1,0,98,98,98,98,2025-05-08,20251017180715,1,0
13503,Food For Good,Food For Good,1515 Blake Dr,1515 Blake Dr,2025-05-20,2025-05-20,1,0,1,0,1,0,97,97,97,97,2025-05-20,20251017180715,1,0
13504,UTD - Buffalo Wild Wings Go,UTD - Buffalo Wild Wings Go,800 W Campbell Road,800 W Campbell Road,2025-03-21,2025-09-30,2,0,2,0,2,0,92.5,85,100,100,2025-09-30,20251017180715,1,0
13505,Sweet Frog,Sweet Frog,101 S Coit Rd 8,101 S Coit Rd 8,2025-01-17,2025-07-11,2,0,2,0,2,0,80.5,75,86,86,2025-07-11,20251017180715,1,0
13506,Arash Persian Grill,Arash Persian Grill,401 W Pres George Bush Hwy. 119,401 W Pres George Bush Hwy. 119,2025-02-14,2025-08-12,2,0,2,0,2,0,84.5,83,86,83,2025-08-12,20251017180715,1,0
13507,Lockwood Dream Cafe,Lockwood Dream Cafe,520 Lockwood Dr 200,520 Lockwood Dr # 200 | 520 Lockwood Dr 200,2025-03-11,2025-09-11,2,0,2,0,2,0,95,94,96,94,2025-09-11,20251017180715,1,0
13508,Malabar Kitchen,Malabar Kitchen,510 N Coit Rd 2025,510 N Coit Rd 2025,2025-03-27,2025-09-17,2,0,2,0,2,0,85.5,80,91,80,2025-09-17,20251017180715,1,0
13510,Cozy Cakehaus,Cozy Cakehaus,2701 Custer Pkwy,2701 Custer Pkwy,2025-02-28,2025-08-28,2,0,2,0,2,0,97.5,95,100,100,2025-08-28,20251017180715,1,0
13511,Freebirds World Burrito #20618,Freebirds World Burrito #20618,238 W Campbell Rd.,238 W Campbell Rd.,2025-03-21,2025-09-15,2,0,2,0,2,0,87.5,85,90,85,2025-09-15,20251017180715,1,0
13521,Pizza Stop,Pizza Stop,4251 E Renner Rd. 122,4251 E Renner Rd. 122,2025-03-13,2025-09-22,2,0,2,0,2,0,99,99,99,99,2025-09-22,20251017180715,1,0
13522,Naya Alhashem,Naya Alhashem,525 W Arapaho Rd 15,525 W Arapaho Rd 15,2025-04-09,2025-04-09,1,0,1,0,1,0,96,96,96,96,2025-04-09,20251017180715,1,0
13523,Tiger Mart of Richardson / Halal Zone,Tiger Mart of Richardson / Halal Zone,236 E Spring Valley Rd,236 E Spring Valley Rd,2025-03-04,2025-09-16,2,0,2,0,2,0,91.5,90,93,90,2025-09-16,20251017180715,1,0
13526,Golden Shawarma,Golden Shawarma,930 E Campbell Rd 108,930 E Campbell Rd 108 | 930 E. Campbell Rd. 108,2025-04-07,2025-10-16,2,0,2,0,1,1,87,87,87,87,2025-04-07,20251017180715,1,0
13528,Aramark @ Collins Aerospace East Mezz,Aramark @ Collins Aerospace East Mezz,3200 E Renner Rd,3200 E Renner Rd,2025-03-20,2025-09-30,2,0,2,0,2,0,100,100,100,100,2025-09-30,20251017180715,1,0
13529,Farina in Grani Pizzeria,Farina in Grani Pizzeria,514 Lockwood Dr,514 Lockwood Dr,2025-04-03,2025-04-03,1,0,1,0,1,0,98,98,98,98,2025-04-03,20251017180715,1,0
13530,Gilgamesh Bakery,Gilgamesh Bakery,300 Terrace Dr 304 304,300 Terrace Dr 304 304,2025-04-03,2025-10-02,2,0,2,0,2,0,91.5,90,93,90,2025-10-02,20251017180715,1,0
13531,China Jupiter,China Jupiter,2040 E President George Bush Hwy 120,2040 E President George Bush Hwy 120,2025-04-21,2025-04-21,1,0,1,0,1,0,85,85,85,85,2025-04-21,20251017180715,1,0
13543,Krishna Juice and Chaat,Krishna Juice and Chaat,1300 E Belt Line Rd,1300 E Belt Line Rd,2025-04-08,2025-10-10,2,0,2,0,2,0,82,81,83,81,2025-10-10,20251017180715,1,0
13545,Yemandi,Yemandi,888 S Greenville Ave,888 S Greenville Ave,2025-04-24,2025-04-24,1,0,1,0,1,0,91,91,91,91,2025-04-24,20251017180715,1,0
13551,Hot Pancakes,Hot Pancakes,3601 N Jupiter Rd 200,3601 N Jupiter Rd 200,2025-05-07,2025-05-07,1,0,1,0,1,0,88,88,88,88,2025-05-07,20251017180715,1,0
13552,Twin Rivers Assisted Living & Memory Care,Twin Rivers Assisted Living & Memory Care,1720 N Plano Rd,1720 N Plano Rd,2025-08-01,2025-08-01,1,0,1,0,1,0,96,96,96,96,2025-08-01,20251017180715,1,0
13554,Berkner HS Softball Concession Stand,Berkner HS Softball Concession Stand,1600 E Spring Valley Rd,1600 E Spring Valley Rd,2025-04-16,2025-04-16,1,0,1,0,1,0,100,100,100,100,2025-04-16,20251017180715,1,0
13555,Berkner HS Baseball Concession Stand,Berkner HS Baseball Concession Stand,1600 E Spring Valley Rd,1600 E Spring Valley Rd,2025-04-16,2025-04-16,1,0,1,0,1,0,100,100,100,100,2025-04-16,20251017180715,1,0
13557,Pearl Cafe,Pearl Cafe,121 S Central Expy,121 S Central Expy,2025-05-16,2025-05-23,2,0,2,0,1,1,95,95,95,95,2025-05-16,20251017180715,1,0
13558,Himalayan Corner,Himalayan Corner,4251 E Renner Rd 106,4251 E Renner Rd 106,2025-05-15,2025-05-15,1,0,1,0,1,0,92,92,92,92,2025-05-15,20251017180715,1,0
13570,Tropical Finger Licking Restaurant,Tropical Finger Licking Restaurant,1350 E Campbell Rd,1350 E Campbell Rd,2025-06-02,2025-06-02,1,0,1,0,1,0,88,88,88,88,2025-06-02,20251017180715,1,0
13571,Lone Star Markets at The Lyla,Lone Star Markets at The Lyla,3521 Wilshire Way,3521 Wilshire Way,2025-06-06,2025-06-06,1,0,1,0,1,0,98,98,98,98,2025-06-06,20251017180715,1,0
13572,Neighbor Brew,Neighbor Brew,"508 W Lookout Dr., Suite 12","508 W Lookout Dr., Suite 12",2025-05-22,2025-05-22,1,0,1,0,1,0,96,96,96,96,2025-05-22,20251017180715,1,0
13574,Nay Coffee & Restaurant,Nay Coffee & Restaurant,2100 Alamo Rd,2100 Alamo Rd,2025-06-30,2025-06-30,1,0,1,0,1,0,82,82,82,82,2025-06-30,20251017180715,1,0
13579,Oak Highlands Brewery,Oak Highlands Brewery,500 Lockwood Dr,500 Lockwood Dr,2025-06-26,2025-06-26,1,0,1,0,1,0,98,98,98,98,2025-06-26,20251017180715,1,0
13580,Jay's Donuts,Jay's Donuts,4251 E Renner Rd 118,4251 E Renner Rd 118,2025-07-01,2025-07-01,1,0,1,0,1,0,97,97,97,97,2025-07-01,20251017180715,1,0
13581,Mori Teriyaki Wok & Sushi Rolls,Mori Teriyaki Wok & Sushi Rolls,"581 W Campbell Rd, Suite 127","581 W Campbell Rd, Suite 127",2025-08-07,2025-08-07,1,0,1,0,1,0,100,100,100,100,2025-08-07,20251017180715,1,0
13584,Hidden Gym Richardson,Hidden Gym Richardson,235 N Central Expy,235 N Central Expy,2025-07-09,2025-07-09,1,0,1,0,1,0,99,99,99,99,2025-07-09,20251017180715,1,0
13586,DFWParty2Go - RHS West,DFWParty2Go - RHS West,1250 W Belt Line Rd,1250 W Belt Line Rd,2025-07-08,2025-07-08,1,0,1,0,1,0,100,100,100,100,2025-07-08,20251017180715,1,0
13588,DFWParty2Go - Berkner (Indoor),DFWParty2Go - Berkner (Indoor),1600 E Spring Valley Rd,1600 E Spring Valley Rd,2025-08-07,2025-08-07,1,0,1,0,1,0,98,98,98,98,2025-08-07,20251017180715,1,0
13589,DFWParty2Go - Berkner (Outdoor),DFWParty2Go - Berkner (Outdoor),1600 E Spring Valley Rd,1600 E Spring Valley Rd,2025-08-07,2025-08-07,1,0,1,0,1,0,100,100,100,100,2025-08-07,20251017180715,1,0
13590,DFWParty2Go - JJ Pearce (Field),DFWParty2Go - JJ Pearce (Field),1600 N Coit Rd,1600 N Coit Rd,2025-08-28,2025-08-28,1,0,1,0,1,0,97,97,97,97,2025-08-28,20251017180715,1,0
13591,DFWParty2Go - JJ Pearce (Gym),DFWParty2Go - JJ Pearce (Gym),1600 N Coit Rd,1600 N Coit Rd,2025-08-28,2025-08-28,1,0,1,0,1,0,98,98,98,98,2025-08-28,20251017180715,1,0
13593,Diego's Taqueria,Diego's Taqueria,1401 E Belt Line Rd,1401 E Belt Line Rd,2025-08-07,2025-08-07,1,0,1,0,1,0,90,90,90,90,2025-08-07,20251017180715,1,0
13594,The Fresh Monkee,The Fresh Monkee,3501 Custer Pkwy,3501 Custer Pkwy,2025-07-25,2025-07-25,1,0,1,0,1,0,89,89,89,89,2025-07-25,20251017180715,1,0
13599,Las Lomas Mexican Cuisine,Las Lomas Mexican Cuisine,520 Lockwood Dr 100,520 Lockwood Dr 100,2025-08-14,2025-08-14,1,0,1,0,1,0,92,92,92,92,2025-08-14,20251017180715,1,0
13603,Dona Maria Mexican Restaurant,Dona Maria Mexican Restaurant,101 S Coit Rd 84,101 S Coit Rd 84,2025-08-20,2025-08-20,1,0,1,0,1,0,93,93,93,93,2025-08-20,20251017180715,1,0
13604,Honey Donuts,Honey Donuts,2141 E Arapaho Rd,2141 E Arapaho Rd,2025-08-28,2025-08-28,1,0,1,0,1,0,90,90,90,90,2025-08-28,20251017180715,1,0
13606,Grain & Berry,Grain & Berry,1389 W Campbell Rd,1389 W Campbell Rd,2025-08-27,2025-08-27,1,0,1,0,1,0,95,95,95,95,2025-08-27,20251017180715,1,0
13607,Honey's Cafe (Associa),Honey's Cafe (Associa),2301 N Greenville Ave,2301 N Greenville Ave,2025-08-20,2025-08-20,1,0,1,0,1,0,97,97,97,97,2025-08-20,20251017180715,1,0
13612,Muse Cafe,Muse Cafe,101 S Coit Rd 20 Suite 20A,101 S Coit Rd 20 Suite 20A,2025-08-26,2025-08-26,1,0,1,0,1,0,94,94,94,94,2025-08-26,20251017180715,1,0
13613,Portillo's Bakery,Portillo's Bakery,580 W Arapaho Rd 218,580 W Arapaho Rd 218,2025-09-04,2025-09-04,1,0,1,0,1,0,94,94,94,94,2025-09-04,20251017180715,1,0
13614,The String Bean,The String Bean,1310 W Campbell Rd 101,1310 W Campbell Rd 101,2025-08-27,2025-08-27,1,0,1,0,1,0,86,86,86,86,2025-08-27,20251017180715,1,0
13615,Selda Doner,Selda Doner,101 S Coit Rd #1,101 S Coit Rd #1,2025-09-09,2025-09-09,1,0,1,0,1,0,90,90,90,90,2025-09-09,20251017180715,1,0
13616,Stop N Go Gyro,Stop N Go Gyro,2050 E President George Bush Hwy 110,2050 E President George Bush Hwy 110,2025-09-17,2025-09-17,1,0,1,0,1,0,89,89,89,89,2025-09-17,20251017180715,1,0
13617,The Brass Tap,The Brass Tap,1251 State St 650,1251 State St 650,2025-09-16,2025-09-16,1,0,1,0,1,0,97,97,97,97,2025-09-16,20251017180715,1,0
13619,Chocolate Drip Cafe,Chocolate Drip Cafe,1057 S Sherman St,1057 S Sherman St,2025-09-22,2025-09-22,1,0,1,0,1,0,95,95,95,95,2025-09-22,20251017180715,1,0
13620,Urban Mocca,Urban Mocca,1144 N Plano Rd 121,1144 N Plano Rd 121,2025-09-22,2025-09-22,1,0,1,0,1,0,96,96,96,96,2025-09-22,20251017180715,1,0
13621,Spark by Hilton,Spark by Hilton,1577 Gateway Blvd,1577 Gateway Blvd,2025-09-09,2025-09-09,1,0,1,0,1,0,96,96,96,96,2025-09-09,20251017180715,1,0
13626,ShareTea,ShareTea,101 S Coit Rd 403,101 S Coit Rd 403,2025-09-09,2025-09-09,1,0,1,0,1,0,93,93,93,93,2025-09-09,20251017180715,1,0
13627,Fuel N Shop,Fuel N Shop,699 W Renner Rd,699 W Renner Rd,2025-09-17,2025-09-17,1,0,1,0,1,0,95,95,95,95,2025-09-17,20251017180715,1,0
13628,Happy Lemon,Happy Lemon,169 N Plano Rd,169 N Plano Rd,2025-09-11,2025-09-11,1,0,1,0,1,0,95,95,95,95,2025-09-11,20251017180715,1,0
13629,Noorsha Cafe & Bakery,Noorsha Cafe & Bakery,1057 S Sherman St,1057 S Sherman St,2025-09-22,2025-09-22,1,0,1,0,1,0,90,90,90,90,2025-09-22,20251017180715,1,0
13631,Cambria Richardson,Cambria Richardson,3605 Shire Blvd,3605 Shire Blvd,2025-10-06,2025-10-06,1,0,1,0,1,0,100,100,100,100,2025-10-06,20251017180715,1,0
13632,Micholandia Ice Cream,Micholandia Ice Cream,901 N Jupiter Rd,901 N Jupiter Rd,2025-09-24,2025-09-24,1,0,1,0,1,0,100,100,100,100,2025-09-24,20251017180715,1,0
13635,Lone Star Markets at The Mallory Eastside,Lone Star Markets at The Mallory Eastside,1705 N Greenville Ave,1705 N Greenville Ave,2025-10-17,2025-10-17,1,0,1,0,1,0,98,98,98,98,2025-10-17,20251017180715,1,0
13646,Pho Real,Pho Real,1801 N Plano Rd,1801 N Plano Rd,2025-10-16,2025-10-16,1,0,1,0,1,0,92,92,92,92,2025-10-16,20251017180715,1,0
13664,La Casita Bakeshop - 230,La Casita Bakeshop - 230,580 W Arapaho Rd 230,580 W Arapaho Rd 230,2025-10-15,2025-10-15,1,0,1,0,1,0,98,98,98,98,2025-10-15,20251017180715,1,0
9900019,Eisemann Center Concessions,Eisemann Center Concessions,2351 Performance Dr,2351 Performance Dr,2021-12-02,2024-02-15,5,0,5,0,5,0,97.8,95,100,97,2024-02-15,20240513021424;20240612124719,0,0
9900037,Richardson Detention Facility,Richardson Detention Facility,140 N Greenville Ave,140 N Greenville Ave,2021-07-20,2025-09-03,5,0,5,0,5,0,100,100,100,100,2025-09-03,20240513021424;20240612124719;20251017180715,1,0
