establishment_id,establishment_group_id,group_n_business_ids,name,dba,other_names,category,categories,kind,mobile_vendor,is_test_establishment,sources,business_status,opened_date,closed_date,address,address_withheld,parcel,n_permits,n_op_permits,first_permit,latest_permit,latest_permit_status,latest_permit_expires,latest_permit_url,n_inspections,n_inspections_not_cancelled,first_inspection,last_inspection,n_followup_reinspection,n_fail,n_comment_scores,latest_comment_score,latest_comment_score_date,group_n_inspections,group_n_inspections_not_cancelled,group_first_inspection,group_last_inspection,group_n_followup_reinspection,group_n_fail,group_n_comment_scores,group_latest_comment_score,group_latest_comment_score_date,n_test_records
4a072fce-2721-4cc2-99e2-09ff88e33fcf,4a072fce-2721-4cc2-99e2-09ff88e33fcf,1,#Get Fried (LJE6269),,,Mobile Food Prep Unit - Food Establishment,Mobile Food Prep Unit - Food Establishment,food,True,False,license_food,Closed,,2024-01-24,,False,,1,0,FE001470-04-2019,FE001470-04-2019,Expired,2020-04-16,https://cityofallentx-energovweb.tylerhost.net/apps/selfservice#/businessLicense/4b19aec1-52f3-465f-9806-32bf74dfb276,0,0,,,0,0,0,,,0,0,,,0,0,0,,,0
f53f4401-176f-4b0d-8f1b-64ed487e6852,f53f4401-176f-4b0d-8f1b-64ed487e6852,1,1-800 Flowers Allen,,,Light - Food Establishment,Light - Food Establishment | Light Food Preparation,food,False,False,license_food | op_permit_food,Closed,2017-05-26,2021-12-06,710 E MAIN ST ALLEN TX 75002,False,131049,5,4,FE000109-05-2017,FE002939-04-2021,Expired,2022-05-28,https://cityofallentx-energovweb.tylerhost.net/apps/selfservice#/businessLicense/db702447-0ba5-4c12-9de4-07cacb307142,7,7,2018-02-07,2021-03-18,0,0,0,,,7,7,2018-02-07,2021-03-18,0,0,0,,,0
a0c5226d-0a99-4d54-9f13-fdec1e5b4203,a0c5226d-0a99-4d54-9f13-fdec1e5b4203,1,110BH Investments LLC,,,Heavy Food Preparation,Heavy Food Preparation,food,False,False,op_permit_food,Open,,,405 CENTRAL EXPY S ALLEN TX 75013,False,,1,1,FE-006932-06-2026,FE-006932-06-2026,Application Rejected,2999-01-01,https://cityofallentx-energovweb.tylerhost.net/apps/selfservice#/operationalPermit/146da436-3ea6-4dd0-996d-2d3dd1f86d98,0,0,,,0,0,0,,,0,0,,,0,0,0,,,0
17d24e79-228f-49ea-9d1d-722bd0c2c01b,17d24e79-228f-49ea-9d1d-722bd0c2c01b,2,1800 Flowers,,,Light - Food Establishment,Light - Food Establishment | Light Food Preparation,food,False,False,license_food | op_permit_food,Closed,,2025-12-29,710 E MAIN ST ALLEN TX 75002,False,,4,3,FE003401-12-2021,FE005790-01-2025,Closed,,https://cityofallentx-energovweb.tylerhost.net/apps/selfservice#/businessLicense/7f4a58eb-972b-43da-a108-a9b4602c2a6c,6,6,2022-04-26,2025-05-29,0,0,0,,,6,6,2022-04-26,2025-05-29,0,0,0,,,0
ea957cc4-70ba-44d1-a74f-139a4a95a517,17d24e79-228f-49ea-9d1d-722bd0c2c01b,2,1800 Flowers Allen,,,Light Food Preparation,Light Food Preparation,food,False,False,op_permit_food,Closed,,2026-09-22,710 E MAIN ST ALLEN TX 75002,False,131049,1,1,FE006553-12-2025,FE006553-12-2025,Active,2027-01-05,https://cityofallentx-energovweb.tylerhost.net/apps/selfservice#/operationalPermit/4B0FED31-A79C-4DB4-9405-73B923803401,0,0,,,0,0,0,,,6,6,2022-04-26,2025-05-29,0,0,0,,,0
cd6ba653-3e5a-4db0-83c9-8fed90590dde,cd6ba653-3e5a-4db0-83c9-8fed90590dde,1,22DA Hookah Lounge,,,No Prep - Food Establishment,No Food Preparation | No Prep - Food Establishment,food,False,False,license_food | op_permit_food,Closed,,2022-02-18,1201 E MAIN ST Unit: 230 ALLEN TX 75002,False,111449,3,2,FE001844-10-2019,FE003345-10-2021,Expired,2022-10-26,https://cityofallentx-energovweb.tylerhost.net/apps/selfservice#/businessLicense/6f6ea08e-8d13-47d0-b38f-fcc83ac70daa,2,2,2020-07-15,2021-12-09,0,0,0,,,2,2,2020-07-15,2021-12-09,0,0,0,,,0
dd45333c-59b9-4a16-8b5f-0b838c172d07,dd45333c-59b9-4a16-8b5f-0b838c172d07,1,360 Pies,,,Heavy - Food Establishment,Heavy - Food Establishment | Heavy Food Preparation,food,False,False,license_food | op_permit_food,Closed,,2019-11-07,1228 E EXCHANGE PKWY Unit: 108 ALLEN TX 75002,False,120986,2,1,FE000653-03-2018,FE001433-04-2019,Expired,2020-03-29,https://cityofallentx-energovweb.tylerhost.net/apps/selfservice#/businessLicense/362efc0b-bbfa-48f6-bb01-8a3fa12219f2,3,2,2018-03-06,2018-03-29,1,0,0,,,3,2,2018-03-06,2018-03-29,1,0,0,,,0
ba806c71-b259-4a89-a8a0-f0c5aa34cad5,ba806c71-b259-4a89-a8a0-f0c5aa34cad5,1,38 Prime Catering LLC,,,Mobile Construction Site Food Vehicle:,Mobile Construction Site Food Vehicle:,food,True,False,op_permit_food,Closed,,2026-09-22,Allen TX 75002,True,,1,1,FE006550-12-2025,FE006550-12-2025,Annual Renewal Completed,2026-12-23,https://cityofallentx-energovweb.tylerhost.net/apps/selfservice#/operationalPermit/0413848C-2E4A-4C91-A061-3E5EF2EB11B6,3,2,2025-12-23,2026-04-24,0,0,0,,,3,2,2025-12-23,2026-04-24,0,0,0,,,0
4077e550-c397-4c15-b109-57a058ae15b8,4077e550-c397-4c15-b109-57a058ae15b8,1,407 Allen Hospitality LLC / DBA Quality Inn,,,Light - Food Establishment,Light - Food Establishment | Light Food Preparation,food,False,False,license_food | op_permit_food,Closed,2019-02-18,2019-02-18,407 S CENTRAL EXPY ALLEN TX 75013,False,110864,7,6,FE000568-02-2018,FE005664-10-2024,Closed,,https://cityofallentx-energovweb.tylerhost.net/apps/selfservice#/businessLicense/3c5e40c0-d23c-4e5c-9cf8-1ca07b2d2ec8,8,7,2021-02-04,2024-11-01,0,0,0,,,8,7,2021-02-04,2024-11-01,0,0,0,,,0
e23659c6-4bb9-4fb3-9d88-f66ed2352506,e23659c6-4bb9-4fb3-9d88-f66ed2352506,1,4M Concession-Allen USA,,,Temporary Food Establishment - Food Establishment,Temporary Food Establishment - Food Establishment | Temporary Food Establishments,food,True,False,license_food | op_permit_food,Closed,2017-06-24,2022-11-09,701 ANGEL PKWY ALLEN TX 75002,False,121106,2,1,FE000148-06-2017,FE001576-06-2019,Expired,2019-06-29,https://cityofallentx-energovweb.tylerhost.net/apps/selfservice#/businessLicense/b3d847f9-e03e-43ee-af9f-c0ab40a86ed1,0,0,,,0,0,0,,,0,0,,,0,0,0,,,0
1d6d37a5-5298-48b3-9d07-7344cf343a6d,1d6d37a5-5298-48b3-9d07-7344cf343a6d,1,5th Street Pizza,,,Heavy Food Preparation,Heavy Food Preparation,food,False,False,op_permit_food,Open,2017-09-19,,111 N CENTRAL EXPY Unit: 102 ALLEN TX 75013,False,114432,9,9,FE000131-06-2017,FE-006914-06-2026,Active,2027-06-13,https://cityofallentx-energovweb.tylerhost.net/apps/selfservice#/operationalPermit/764d5bb4-481e-4f89-9866-5c90d4b39479,18,17,2018-11-26,2026-12-09,0,0,0,,,18,17,2018-11-26,2026-12-09,0,0,0,,,0
ad0b16f3-a1c2-495e-87f1-f0c69f72c843,ad0b16f3-a1c2-495e-87f1-f0c69f72c843,1,7 Sisters Gourmet Food Truck,,,Special Event - Food Establishment,Special Event - Food Establishment,special event,True,False,license_special_event_food,Closed,2022-12-03,2022-12-03,300 N Allen DR Allen TX 75013,False,,1,0,FESP004166-11-2022,FESP004166-11-2022,Expired,2022-12-03,https://cityofallentx-energovweb.tylerhost.net/apps/selfservice#/businessLicense/0aee6678-06c4-4cef-8689-26cd32582244,1,1,2022-12-03,2022-12-03,0,0,0,,,1,1,2022-12-03,2022-12-03,0,0,0,,,0
c51a9207-a149-4f59-bd50-cc7a9aa76cdd,c51a9207-a149-4f59-bd50-cc7a9aa76cdd,1,7 Sisters Gourmet Truck @ Holly Jolly,,,Special Event - Food Establishment,Special Event - Food Establishment | Temporary Food Establishment - Food Establishment,food,True,False,license_food | license_special_event_food,Closed,2018-11-30,2021-12-29,300 N ALLEN DR ALLEN TX 75013,False,122494,5,0,FE000840-06-2018,FESP003391-12-2021,Expired,2021-12-05,https://cityofallentx-energovweb.tylerhost.net/apps/selfservice#/businessLicense/7a2a055b-2a37-4701-8ee7-e7a72d263c46,3,3,2018-11-30,2021-12-06,0,0,0,,,3,3,2018-11-30,2021-12-06,0,0,0,,,0
f29cba15-368e-42a2-afee-4263dd253f2d,f29cba15-368e-42a2-afee-4263dd253f2d,1,7-Eleven # 33130,,,Light Food Preparation,Heavy - Food Establishment | Light Food Preparation,food,False,False,license_food | op_permit_food,Open,2017-08-28,,1600 E MAIN ST ALLEN TX 75002,False,106146,9,8,FE000208-07-2017,FE-006955-07-2026,Annual Renewal Completed,2027-07-12,https://cityofallentx-energovweb.tylerhost.net/apps/selfservice#/operationalPermit/e857a4cd-d5e4-4de9-bfd3-91d878b37c5e,18,18,2018-03-12,2026-10-05,1,0,0,,,18,18,2018-03-12,2026-10-05,1,0,0,,,0
599cdace-2770-42be-9a49-81080d91619d,27248e40-4f1c-4c2b-a873-e87e6a901f2c,2,7-Eleven #26264B,,,Light Food Preparation,Light Food Preparation,food,False,False,op_permit_food,Closed,,2020-01-16,100 N GREENVILLE AVE ALLEN TX 75002,False,104992,6,6,FE001662-07-2019,FE005557-08-2024,Expired,2025-06-05,https://cityofallentx-energovweb.tylerhost.net/apps/selfservice#/operationalPermit/97BF8715-7F46-4433-82E4-FB2B2A30B44D,14,13,2021-02-24,2024-12-09,2,1,0,,,19,18,2018-01-09,2024-12-09,2,1,0,,,0
f0f2901a-83bf-4c2a-9c62-7d700e23edfc,f0f2901a-83bf-4c2a-9c62-7d700e23edfc,1,7-Eleven #32870,,,Light - Food Establishment,Heavy - Food Establishment | Light - Food Establishment | Light Food Preparation,food,False,False,license_food | op_permit_food,Closed,2017-08-03,2023-11-15,1004 W MCDERMOTT DR  ALLEN TX 75013,False,115801,6,4,FE000686-04-2018,FE004554-04-2023,Expired,2024-04-26,https://cityofallentx-energovweb.tylerhost.net/apps/selfservice#/businessLicense/e822b875-1584-42e6-99d8-5ab2d80f424b,17,17,2018-05-07,2023-06-29,5,0,0,,,17,17,2018-05-07,2023-06-29,5,0,0,,,0
0949b880-7651-40a7-9889-f4dabbc4c3cd,0949b880-7651-40a7-9889-f4dabbc4c3cd,1,7-Eleven #35417J,,,Light - Food Establishment,Light - Food Establishment | Light Food Preparation,food,False,False,license_food | op_permit_food,Closed,,2022-03-09,201 CENTRAL EXPY ALLEN TX 75013,False,114434,2,1,FE003410-12-2021,FE004202-01-2023,Expired,2023-12-14,https://cityofallentx-energovweb.tylerhost.net/apps/selfservice#/businessLicense/e086af09-11a0-4130-b40a-30e66b0d0e42,4,4,2023-01-11,2023-10-06,2,0,0,,,4,4,2023-01-11,2023-10-06,2,0,0,,,0
09d86661-d3d8-480e-8a3b-4e1837164ad4,09d86661-d3d8-480e-8a3b-4e1837164ad4,1,7-Eleven #35417K,,,Heavy Food Preparation,Heavy Food Preparation,food,False,False,op_permit_food,Open,,,201 Central Expy S Allen TX 75013,False,,1,1,FE006802-03-2026,FE006802-03-2026,Active,2027-03-16,https://cityofallentx-energovweb.tylerhost.net/apps/selfservice#/operationalPermit/1AF0970B-462A-44C9-9BDC-E790141BAC1F,2,2,2026-06-30,2026-10-27,0,0,0,,,2,2,2026-06-30,2026-10-27,0,0,0,,,0
32f95cbb-d731-4a4d-a869-0ee3f4e54798,32f95cbb-d731-4a4d-a869-0ee3f4e54798,1,7-Eleven #35983,,,Light Food Preparation,Light Food Preparation,food,False,False,op_permit_food,Open,2017-09-29,,755 S CUSTER RD ALLEN TX 75013,False,129172,9,9,FE000436-12-2017,FE006537-12-2025,Active,2026-12-10,https://cityofallentx-energovweb.tylerhost.net/apps/selfservice#/operationalPermit/66F4FF92-03EC-408D-AAEA-49A0DBB56C97,21,21,2017-09-29,2026-09-30,2,0,0,,,21,21,2017-09-29,2026-09-30,2,0,0,,,0
d16674f1-cb39-4465-9a0f-c42ff8eee447,d16674f1-cb39-4465-9a0f-c42ff8eee447,1,7-Eleven & Laredo T.C. #42302,,,Heavy Food Preparation,Heavy Food Preparation,food,False,False,op_permit_food,Open,2024-09-09,,821 W STACY RD ALLEN TX 75013,False,132954,2,2,FE005592-09-2024,FE006388-09-2025,Expired,2026-09-11,https://cityofallentx-energovweb.tylerhost.net/apps/selfservice#/operationalPermit/03A4F710-0B54-4B3F-87A2-D353EF49987E,5,4,2024-11-07,2025-10-15,0,0,0,,,5,4,2024-11-07,2025-10-15,0,0,0,,,0
13eda3a9-4ca0-453c-aa44-7ec6a9cba81c,13eda3a9-4ca0-453c-aa44-7ec6a9cba81c,2,7-Eleven - Store #39032B,,,Heavy - Food Establishment,Heavy - Food Establishment,food,False,False,license_food,Closed,,2023-11-15,301 S CENTRAL EXPY Allen TX 75013,False,,1,0,FE004191-12-2022,FE004191-12-2022,Expired,2023-12-13,https://cityofallentx-energovweb.tylerhost.net/apps/selfservice#/businessLicense/9f94e6ea-ba96-4d58-a8c0-40f8dd852d2d,0,0,,,0,0,0,,,7,7,2019-06-10,2022-08-30,1,0,0,,,0
3b15f602-b50a-4335-bb4e-859c78be82a2,13eda3a9-4ca0-453c-aa44-7ec6a9cba81c,2,7-Eleven - Store #39032B,,,Light - Food Establishment,Light - Food Establishment | Light Food Preparation,food,False,False,license_food | op_permit_food,Closed,2019-06-10,2022-12-13,301 S CENTRAL EXPY  ALLEN TX 75013,False,,4,3,FE001161-12-2018,FE003397-12-2021,Expired,2022-12-09,https://cityofallentx-energovweb.tylerhost.net/apps/selfservice#/businessLicense/b664e223-e123-44b9-8c3e-aa9b1b3a2cf1,7,7,2019-06-10,2022-08-30,1,0,0,,,7,7,2019-06-10,2022-08-30,1,0,0,,,0
27248e40-4f1c-4c2b-a873-e87e6a901f2c,27248e40-4f1c-4c2b-a873-e87e6a901f2c,2,7-Eleven 26264B,,,Heavy - Food Establishment,Heavy - Food Establishment,food,False,False,license_food,Closed,,2020-08-28,100 N GREENVILLE AVE ALLEN TX 75002,False,104992,1,0,FE000829-06-2018,FE000829-06-2018,Expired,2019-06-01,https://cityofallentx-energovweb.tylerhost.net/apps/selfservice#/businessLicense/8fa9b276-6d32-4880-867a-eb3a08d00e97,5,5,2018-01-09,2020-08-12,0,0,0,,,19,18,2018-01-09,2024-12-09,2,1,0,,,0
333a9ce1-20d1-46be-ba1c-9c3d197ef4f6,333a9ce1-20d1-46be-ba1c-9c3d197ef4f6,1,7-Eleven Convenience Store # 32870B,,,Heavy Food Preparation,Heavy Food Preparation,food,False,False,op_permit_food,Open,2023-11-27,,1004 W McDermott Drive Allen TX 75013,False,,3,3,FE004967-11-2023,FE006496-11-2025,Annual Renewal Completed,2026-11-28,https://cityofallentx-energovweb.tylerhost.net/apps/selfservice#/operationalPermit/01AF8A09-220D-4A6D-ABDF-C8C627FC5F5A,8,7,2024-11-06,2027-01-07,1,0,0,,,8,7,2024-11-06,2027-01-07,1,0,0,,,0
5a802645-5a9f-47ab-85fa-a7d4b7ed2f54,5a802645-5a9f-47ab-85fa-a7d4b7ed2f54,1,7-Eleven Convenience Store # 39032H,,,Heavy - Food Establishment,Heavy - Food Establishment,food,False,False,license_food,Closed,,2024-12-10,301 Central Expy South Allen TX 75013,False,,1,0,FE004966-11-2023,FE004966-11-2023,Expired,2024-11-28,https://cityofallentx-energovweb.tylerhost.net/apps/selfservice#/businessLicense/9cbb9f70-e07a-4552-95fa-b5978dcd2edd,3,1,2024-07-10,2024-07-10,0,0,0,,,3,1,2024-07-10,2024-07-10,0,0,0,,,0
c18e2513-765a-40c8-a5e7-f9aafc8c6f95,c18e2513-765a-40c8-a5e7-f9aafc8c6f95,1,7-Eleven Convenience Store #34109,,,Light - Food Establishment,Light - Food Establishment,food,False,False,license_food,Closed,,2022-01-07,1302 W MCDERMOTT DR ALLEN TX 75013,False,113682,1,0,FE002253-04-2020,FE002253-04-2020,Expired,2021-04-22,https://cityofallentx-energovweb.tylerhost.net/apps/selfservice#/businessLicense/21cc4f2c-85a3-4225-99d3-567fcc5a43d1,1,1,2021-01-13,2021-01-13,0,0,0,,,1,1,2021-01-13,2021-01-13,0,0,0,,,0
d15fb1a7-be25-41e8-a3f3-e37777cb53b2,d15fb1a7-be25-41e8-a3f3-e37777cb53b2,1,7-Eleven Convenience Store #39032C,,,Heavy Food Preparation,Heavy Food Preparation,food,False,False,op_permit_food,Open,,,301 S Central Expy Allen TX 75013,False,,2,2,FE005755-12-2024,FE006511-11-2025,Annual Renewal Completed,2026-12-11,https://cityofallentx-energovweb.tylerhost.net/apps/selfservice#/operationalPermit/2ECF9008-BF92-42A1-A612-EB31DA1389FB,4,3,2025-06-25,2026-09-27,0,0,0,,,4,3,2025-06-25,2026-09-27,0,0,0,,,0
d55aab21-999d-4d34-b0e2-239d8a110b6a,d55aab21-999d-4d34-b0e2-239d8a110b6a,1,7-Eleven Convenience Store#35417B,,,Light - Food Establishment,Light - Food Establishment | Light Food Preparation,food,False,False,license_food | op_permit_food,Closed,2024-01-12,2026-03-06,201 S Central Expy Allen TN 75013,False,,2,1,FE005030-01-2024,FE005816-01-2025,Closed,,https://cityofallentx-energovweb.tylerhost.net/apps/selfservice#/businessLicense/15f25b9e-c7a6-4d33-9db4-7e19d05bac85,6,4,2024-07-16,2025-08-22,0,0,0,,,6,4,2024-07-16,2025-08-22,0,0,0,,,0
85dc16d3-c063-4ecd-afdf-dbde5975991f,85dc16d3-c063-4ecd-afdf-dbde5975991f,1,7-Eleven Store # 35417A,,,Light - Food Establishment,Heavy - Food Establishment | Light - Food Establishment | Light Food Preparation,food,False,False,license_food | op_permit_food,Closed,,2022-03-09,201 S CENTRAL EXPY  ALLEN TX 75013,False,115978,4,2,FE000465-01-2018,FE002801-02-2021,Expired,2022-03-03,https://cityofallentx-energovweb.tylerhost.net/apps/selfservice#/businessLicense/1f3aeebe-adf2-410b-8087-e289893317e7,7,7,2018-01-04,2021-11-01,0,0,0,,,7,7,2018-01-04,2021-11-01,0,0,0,,,0
732cd3c9-bfe7-4d37-9365-4d02a4997b10,732cd3c9-bfe7-4d37-9365-4d02a4997b10,1,7-Eleven Store #26264J,,,Heavy Food Preparation,Heavy Food Preparation,food,False,False,op_permit_food,Open,,,100 N Greenville Ave Allen TX 75002,False,,1,1,FE-006920-06-2026,FE-006920-06-2026,Annual Renewal Completed,2027-06-02,https://cityofallentx-energovweb.tylerhost.net/apps/selfservice#/operationalPermit/d524b9a8-2bf3-4e37-a847-8e4ca99d7874,5,4,2025-10-17,2026-12-14,0,0,0,,,5,4,2025-10-17,2026-12-14,0,0,0,,,0
4c816803-9cb0-4a8e-922b-efcac785a8e7,4c816803-9cb0-4a8e-922b-efcac785a8e7,1,7-Eleven Store #34109B,,,Light Food Preparation,Heavy Food Preparation | Light Food Preparation,food,False,False,op_permit_food,Open,,,1302 W MCDERMOTT DR  ALLEN TX 75013,False,113682,10,10,FE000433-12-2017,FE006794-03-2026,Annual Renewal Completed,2027-03-11,https://cityofallentx-energovweb.tylerhost.net/apps/selfservice#/operationalPermit/7B26982C-4A42-4900-BDFF-0312EA2600D5,20,17,2018-08-01,2026-09-27,4,0,0,,,20,17,2018-08-01,2026-09-27,4,0,0,,,0
558a91f5-de58-412c-bece-f9a11c2a71fb,558a91f5-de58-412c-bece-f9a11c2a71fb,1,"7-Eleven, Inc # 35679",,,Light Food Preparation,Heavy - Food Establishment | Light Food Preparation,food,False,False,license_food | op_permit_food,Open,,,1112 N GREENVILLE AVE ALLEN TX 75002,False,117085,8,7,FE000501-01-2018,FE-007096-08-2026,Annual Renewal Completed,2027-07-19,https://cityofallentx-energovweb.tylerhost.net/apps/selfservice#/operationalPermit/25dce9f7-6cd3-41bc-8709-c6e1be73c6ba,14,14,2018-01-17,2026-09-27,1,0,0,,,14,14,2018-01-17,2026-09-27,1,0,0,,,0
0396a5e3-35ff-4bf0-9a0a-f2ec32f7cfea,0396a5e3-35ff-4bf0-9a0a-f2ec32f7cfea,1,9th Island Revel Foods,,,Mobile Food Establishment,Mobile Food Establishment,food,True,False,op_permit_food,Closed,,2026-09-22,,False,,5,5,FE002565-10-2020,FE006488-11-2025,Active,2026-11-01,https://cityofallentx-energovweb.tylerhost.net/apps/selfservice#/operationalPermit/388BFA29-C0E2-4AC5-BA4A-0B5B453C751B,6,6,2020-10-30,2025-11-05,1,0,0,,,6,6,2020-10-30,2025-11-05,1,0,0,,,0
b6bf9592-7b62-468d-910e-f3721c042d5d,b6bf9592-7b62-468d-910e-f3721c042d5d,1,A Bite of China,,,Heavy - Food Establishment,Heavy - Food Establishment | Heavy Food Preparation,food,False,False,license_food | op_permit_food,Closed,2017-05-24,2019-05-16,945 W STACY RD  Unit: 140 ALLEN TX 75013,False,129644,2,1,FE000552-02-2018,FE001338-02-2019,Expired,2020-02-16,https://cityofallentx-energovweb.tylerhost.net/apps/selfservice#/businessLicense/d31d5cc9-f1c6-4c2e-bff4-c5b6d1c45d84,4,4,2018-07-18,2019-01-07,2,0,0,,,4,4,2018-07-18,2019-01-07,2,0,0,,,0
67161a5f-92f1-42c7-bd9e-7e87f9a5bc5b,67161a5f-92f1-42c7-bd9e-7e87f9a5bc5b,1,A Bite of Lao and Thai,A Bite of Lao and Thai,,Heavy Food Preparation,Heavy Food Preparation,food,False,False,op_permit_food,Open,,,945 W STACY RD  Unit: 140 ALLEN TX 75013,False,129644,7,7,FE001571-06-2019,FE-006982-07-2026,Annual Renewal Completed,2027-06-14,https://cityofallentx-energovweb.tylerhost.net/apps/selfservice#/operationalPermit/78da9aed-7e98-45df-be81-dfe91f666a75,15,14,2019-07-22,2026-10-05,2,0,0,,,15,14,2019-07-22,2026-10-05,2,0,0,,,0
02ff637c-86e4-419d-bc56-2e3a705e8a75,02ff637c-86e4-419d-bc56-2e3a705e8a75,1,AFC Sushi @ Market Street,,,Light Food Preparation,Light Food Preparation,food,False,False,op_permit_food,Open,2017-11-01,,985 W BETHANY DR G ALLEN TX 75013,False,129665,9,9,FE000469-01-2018,FE006563-01-2026,Annual Renewal Completed,2027-01-09,https://cityofallentx-energovweb.tylerhost.net/apps/selfservice#/operationalPermit/DA6DC42F-CD3B-42E4-BE67-32690707B00C,12,12,2017-11-01,2026-01-21,0,0,0,,,12,12,2017-11-01,2026-01-21,0,0,0,,,0
38b897b8-16a7-42f7-8a58-bbfc08cbcc45,38b897b8-16a7-42f7-8a58-bbfc08cbcc45,1,AHS Aux BasketBall Concessions,,,Concession Stand,Concession Stand,food,False,False,op_permit_food,Open,,,300 RIVERCREST BLVD ALLEN TX 75002,False,107359,11,11,FE000404-11-2017,FE-007024-07-2026,Annual Renewal Completed,2027-08-02,https://cityofallentx-energovweb.tylerhost.net/apps/selfservice#/operationalPermit/0cf36c33-64e2-4b47-a865-883b3314efc3,8,8,2019-09-20,2025-08-05,0,0,2,99,2025-08-05,8,8,2019-09-20,2025-08-05,0,0,2,99,2025-08-05,0
bed80cf0-75a5-4fcd-830b-c10554fd48e7,bed80cf0-75a5-4fcd-830b-c10554fd48e7,1,AHS Baseball/Softball Concession,,,Concession Stand,Concession Stand,food,False,False,op_permit_food,Open,2019-03-19,,311 RIVERCREST BLVD ALLEN TX 75002,False,128058,10,10,FE000523-01-2018,FE-007025-07-2026,Annual Renewal Completed,2027-08-02,https://cityofallentx-energovweb.tylerhost.net/apps/selfservice#/operationalPermit/9136e545-0377-4c59-a662-94d46cf13dda,8,8,2019-03-19,2025-08-05,0,0,2,98,2025-08-05,8,8,2019-03-19,2025-08-05,0,0,2,98,2025-08-05,0
03cd557c-f10e-4c1f-a917-7e7900f693ea,03cd557c-f10e-4c1f-a917-7e7900f693ea,1,AHS Basketball Concession Stand,,,Concession Stand,Concession Stand,food,False,False,op_permit_food,Open,,,300 RIVERCREST BLVD ALLEN TX 75002,False,107359,11,11,FE000403-11-2017,FE-007023-07-2026,Annual Renewal Completed,2027-08-02,https://cityofallentx-energovweb.tylerhost.net/apps/selfservice#/operationalPermit/c5171163-db46-4723-9924-811d8050e895,8,8,2019-09-20,2025-08-05,0,0,2,97,2025-08-05,8,8,2019-09-20,2025-08-05,0,0,2,97,2025-08-05,0
24b1fd88-42e9-4330-b465-26c8031f93b2,24b1fd88-42e9-4330-b465-26c8031f93b2,1,AHS Track Concession Stand,,,Concession Stand,Concession Stand,food,False,False,op_permit_food,Open,,,300 RIVERCREST BLVD ALLEN TX 75002,False,107359,11,11,FE000405-11-2017,FE-007022-07-2026,Annual Renewal Completed,2027-08-02,https://cityofallentx-energovweb.tylerhost.net/apps/selfservice#/operationalPermit/e86a537b-d360-4bc0-bb31-8c16d516743f,8,8,2019-09-20,2025-08-05,0,0,2,100,2025-08-05,8,8,2019-09-20,2025-08-05,0,0,2,100,2025-08-05,0
d366ca2f-f20e-41a9-bda0-abb5eedec7dc,d366ca2f-f20e-41a9-bda0-abb5eedec7dc,1,AMA Food Pantry,,,No Food Preparation,No Food Preparation,food,False,False,op_permit_food,Open,,,1515 N GREENVILLE AVE ALLEN TX 75002,False,122385,5,5,FE003065-06-2021,FE-006916-06-2026,Active,2027-06-16,https://cityofallentx-energovweb.tylerhost.net/apps/selfservice#/operationalPermit/048720e0-c1c8-483d-b73e-5166565a9a81,5,3,2021-10-01,2024-12-10,0,0,0,,,5,3,2021-10-01,2024-12-10,0,0,0,,,0
78b3adb3-a71d-4b95-8cbb-0dc385316208,78b3adb3-a71d-4b95-8cbb-0dc385316208,1,AVALON MEMORY CARE,,,Heavy Food Preparation,Heavy Food Preparation,food,False,False,op_permit_food,Open,,,750 N GREENVILLE AVE ALLEN TX 75002,False,131831,7,7,FE002200-03-2020,FE006670-02-2026,Annual Renewal Completed,2027-03-19,https://cityofallentx-energovweb.tylerhost.net/apps/selfservice#/operationalPermit/CE107DCF-88AF-4D03-91BA-A1CF10C7B82F,16,15,2021-01-18,2025-10-14,4,0,8,96,2025-10-14,16,15,2021-01-18,2025-10-14,4,0,8,96,2025-10-14,0
96871c14-88ab-46ea-b6f6-8f21e14ab624,96871c14-88ab-46ea-b6f6-8f21e14ab624,1,Abu Omar Halal,,,Heavy Food Preparation,Heavy Food Preparation,food,False,False,op_permit_food,Open,,,210 CENTRAL EXPY Unit: 78 ALLEN TX 75013,False,114503,1,1,FE006535-12-2025,FE006535-12-2025,Active,2026-12-15,https://cityofallentx-energovweb.tylerhost.net/apps/selfservice#/operationalPermit/920989E0-BB0D-4445-A554-BE5ABCE87B7D,1,1,2026-01-22,2026-01-22,0,0,1,87,2026-01-22,1,1,2026-01-22,2026-01-22,0,0,1,87,2026-01-22,0
aa280e83-d661-43dc-ba37-5530a578d1d8,aa280e83-d661-43dc-ba37-5530a578d1d8,1,Abu Omar Halal,,,Special Event - Food Establishment,Special Event - Food Establishment,special event,True,False,license_special_event_food,Closed,2024-06-02,2025-03-05,Richardson TX 75080,True,,1,0,FESP005349-05-2024,FESP005349-05-2024,Expired,2024-06-02,https://cityofallentx-energovweb.tylerhost.net/apps/selfservice#/businessLicense/02d236bf-ed9c-49e7-99e1-482aae21782b,0,0,,,0,0,0,,,0,0,,,0,0,0,,,0
02a5c872-d969-437f-9ecd-70ca2058d823,02a5c872-d969-437f-9ecd-70ca2058d823,1,Accent Food Services - Black Gold Harley Davidson,,,No Prep - Food Establishment,No Prep - Food Establishment,food,False,False,license_food,Closed,,2022-09-23,1007 SH121 HWY ALLEN TX 75013,False,,1,0,FE003466-01-2022,FE003466-01-2022,Expired,2023-01-12,https://cityofallentx-energovweb.tylerhost.net/apps/selfservice#/businessLicense/e4b0acbe-03e4-46a5-ada0-f37d50e738d9,2,2,2022-01-21,2022-01-26,0,2,0,,,2,2,2022-01-21,2022-01-26,0,2,0,,,0
87f322ca-43d4-45c6-883b-de76203b5f51,87f322ca-43d4-45c6-883b-de76203b5f51,1,Accent food Services - THR Presby Allen,,,No Prep - Food Establishment,No Prep - Food Establishment,food,False,False,license_food,Closed,,2023-01-30,1105 CENTRAL EXPY ALLEN TX 75013,False,,1,0,FE003465-01-2022,FE003465-01-2022,Expired,2023-01-12,https://cityofallentx-energovweb.tylerhost.net/apps/selfservice#/businessLicense/b17a8617-1b6a-4691-9a70-13f1ac521989,4,4,2022-01-21,2022-10-04,0,4,0,,,4,4,2022-01-21,2022-10-04,0,4,0,,,0
1e9bd7ad-bc92-44d9-9bc7-cd5bc8d4d4dd,1e9bd7ad-bc92-44d9-9bc7-cd5bc8d4d4dd,1,Alan QuickMart / Valero,,,No Food Preparation,Grocery - Food Establishment | Grocery Store | No Food Preparation | No Prep - Food Establishment,food,False,False,license_food | op_permit_food,Open,,2019-06-19,101 S GREENVILLE AVE ALLEN TX 75002,False,107363,10,8,FE000184-06-2017,FE-006927-06-2026,Annual Renewal Completed,2027-07-13,https://cityofallentx-energovweb.tylerhost.net/apps/selfservice#/operationalPermit/9417efc1-77aa-4aac-bee9-23589c423a78,9,8,2022-02-11,2027-04-13,2,0,3,98,2026-04-13,9,8,2022-02-11,2027-04-13,2,0,3,98,2026-04-13,0
e993cb52-83db-4d6c-a7e9-5b370022b5c7,e993cb52-83db-4d6c-a7e9-5b370022b5c7,1,Aldi Inc.,,,Grocery Store,Grocery Store,food,False,False,op_permit_food,Open,,,1730 N GREENVILLE AVE ALLEN TX 75002,False,131391,9,9,FE000471-01-2018,FE006607-01-2026,Annual Renewal Completed,2027-01-10,https://cityofallentx-energovweb.tylerhost.net/apps/selfservice#/operationalPermit/43BB77E0-034A-440C-9223-08850A720CA9,15,15,2018-01-05,2026-09-27,1,0,3,88,2025-08-13,15,15,2018-01-05,2026-09-27,1,0,3,88,2025-08-13,0
1d959325-36d9-40e4-ab70-43661ea815d5,1d959325-36d9-40e4-ab70-43661ea815d5,2,Alexis Estates,,,Heavy - Food Establishment,Heavy - Food Establishment | Heavy Food Preparation,food,False,False,license_food | op_permit_food,Closed,,2023-09-11,680 N WATTERS RD ALLEN TX 75013,False,129997,4,3,FE000668-03-2018,FE002897-03-2021,Expired,2022-03-17,https://cityofallentx-energovweb.tylerhost.net/apps/selfservice#/businessLicense/491c3c68-ac92-4ecc-b2d3-51f78cc6f883,8,8,2018-02-05,2021-09-21,0,0,0,,,18,16,2018-02-05,2025-09-16,1,0,0,,,0
a87d73a8-4643-41cf-bd5c-fb643bcb915e,1d959325-36d9-40e4-ab70-43661ea815d5,2,Alexis Estates,,,Heavy Food Preparation,Heavy Food Preparation,food,False,False,op_permit_food,Open,,,680 N Watters RD Allen TX 75013,False,,5,5,FE003684-03-2022,FE006777-02-2026,Annual Renewal Completed,2027-03-19,https://cityofallentx-energovweb.tylerhost.net/apps/selfservice#/operationalPermit/556F0744-8144-4AA5-82BF-B1FDECE87893,10,8,2023-06-08,2025-09-16,1,0,0,,,18,16,2018-02-05,2025-09-16,1,0,0,,,0
57a9f6cc-b2cd-47ce-a13d-d4ac8ea01c78,57a9f6cc-b2cd-47ce-a13d-d4ac8ea01c78,1,All American Dog @ CUTX,,,Heavy Food Preparation,Heavy Food Preparation,food,False,False,op_permit_food,Open,2019-08-12,,200 E STACY RD 1350 ALLEN TX 75002,False,127345,9,9,FE000237-08-2017,FE-006965-07-2026,Annual Renewal Completed,2027-08-09,https://cityofallentx-energovweb.tylerhost.net/apps/selfservice#/operationalPermit/b916b2f7-9145-4375-9f3c-628f043e0550,9,9,2018-01-15,2026-04-03,0,0,0,,,9,9,2018-01-15,2026-04-03,0,0,0,,,0
c1d0663d-753f-4286-a545-d2f9a371f5a5,c1d0663d-753f-4286-a545-d2f9a371f5a5,1,All of us Soup & Dip @ AEC H&G,,,Temporary Food Establishment - Food Establishment,Temporary Food Establishment - Food Establishment,food,True,False,license_food,Closed,2019-02-08,2021-06-21,200 E STACY RD  ALLEN TX 75002,False,127345,1,0,FE001318-02-2019,FE001318-02-2019,Expired,2019-02-10,https://cityofallentx-energovweb.tylerhost.net/apps/selfservice#/businessLicense/95e48fee-9336-4a7a-a7a8-a976cb447a55,1,1,2019-02-08,2019-02-08,0,0,0,,,1,1,2019-02-08,2019-02-08,0,0,0,,,0
5e4beba1-4d2e-4a8f-ad33-3f8eafa11afe,5e4beba1-4d2e-4a8f-ad33-3f8eafa11afe,1,Allan Food Mart,,,No Prep - Food Establishment,No Prep - Food Establishment,food,False,False,license_food,Closed,2017-05-17,2018-12-10,718 E MAIN ST ALLEN TX 75002,False,100086,1,0,FE000633-03-2018,FE000633-03-2018,Expired,2019-03-22,https://cityofallentx-energovweb.tylerhost.net/apps/selfservice#/businessLicense/d03df5ec-79c1-4342-aae9-74dd8cc67b79,3,3,2018-05-03,2018-11-06,1,0,0,,,3,3,2018-05-03,2018-11-06,1,0,0,,,0
d3f135d2-a8d7-49c2-a2d1-9c4007e1f4a2,d3f135d2-a8d7-49c2-a2d1-9c4007e1f4a2,1,Allen Cafe,,,Heavy Food Preparation,Heavy Food Preparation,food,False,False,op_permit_food,Open,2017-09-26,,302 E MAIN ST ALLEN TX 75002,False,115008,9,9,FE000314-09-2017,FE006400-09-2025,Annual Renewal Completed,2026-10-01,https://cityofallentx-energovweb.tylerhost.net/apps/selfservice#/operationalPermit/F8373819-EF71-483A-AC54-55C55C00F5B8,20,20,2017-09-26,2026-09-27,3,0,1,89,2025-08-28,20,20,2017-09-26,2026-09-27,3,0,1,89,2025-08-28,0
1dd4514e-2f41-40ff-a742-459def42dc55,1dd4514e-2f41-40ff-a742-459def42dc55,1,Allen Community Outreach/Pantry,,,No Food Preparation,No Food Preparation,food,False,False,op_permit_food,Open,2017-10-23,,801 E MAIN ST  ALLEN TX 75002,False,104486,9,9,FE000126-06-2017,FE006122-05-2025,Annual Renewal Completed,2027-06-11,https://cityofallentx-energovweb.tylerhost.net/apps/selfservice#/operationalPermit/75d476a4-b474-4a15-b036-09bd92df7212,15,14,2017-10-23,2027-06-17,0,0,1,100,2025-07-17,15,14,2017-10-23,2027-06-17,0,0,1,100,2025-07-17,0
55b11c05-af3c-4e4b-a08d-8a0959517a92,55b11c05-af3c-4e4b-a08d-8a0959517a92,1,Allen Donut,,,Heavy - Food Establishment,Heavy - Food Establishment | Heavy Food Preparation,food,False,False,license_food | op_permit_food,Closed,2017-09-07,2022-09-09,204 S CENTRAL EXPY  Unit: 27 ALLEN TX 75013,False,114503,5,4,FE000483-01-2018,FE003476-01-2022,Expired,2023-01-15,https://cityofallentx-energovweb.tylerhost.net/apps/selfservice#/businessLicense/f39e7b51-576e-4b5f-bce5-5e2b3bc4c534,7,7,2018-10-01,2022-01-06,0,0,0,,,7,7,2018-10-01,2022-01-06,0,0,0,,,0
e2a57801-f891-4206-b8bb-d66a890f3659,e2a57801-f891-4206-b8bb-d66a890f3659,2,Allen Eagle Food Mart,,,Light - Food Establishment,Light - Food Establishment,food,False,False,license_food,Closed,2017-10-24,2019-02-06,1215 E MAIN ST ALLEN TX 75002,False,,1,0,FE000015-04-2017,FE000015-04-2017,Expired,2018-04-08,https://cityofallentx-energovweb.tylerhost.net/apps/selfservice#/businessLicense/806f07bd-0818-4ea8-a8c9-fe33cd63975b,3,3,2017-10-24,2018-04-19,1,0,0,,,18,17,2017-10-24,2025-07-23,4,0,4,79,2025-07-23,0
f4db0302-f60f-4d58-9ad4-bc94736d1bff,e2a57801-f891-4206-b8bb-d66a890f3659,2,Allen Eagle Food Mart,,,Grocery Store,Grocery Store,food,False,False,op_permit_food,Open,,,1215 E MAIN ST ALLEN TX 75002,False,105314,10,10,FE000002-04-2017,FE006828-03-2026,Annual Renewal Completed,2027-04-05,https://cityofallentx-energovweb.tylerhost.net/apps/selfservice#/operationalPermit/4A9C1232-3648-4090-BBBA-1ADC546EB6F1,15,14,2019-04-22,2025-07-23,3,0,4,79,2025-07-23,18,17,2017-10-24,2025-07-23,4,0,4,79,2025-07-23,0
96fd58a5-249e-4a20-bea7-b8af2801e193,96fd58a5-249e-4a20-bea7-b8af2801e193,1,Allen Food Store,,,Grocery - Food Establishment,Grocery - Food Establishment | Grocery Store,food,False,False,license_food | op_permit_food,Closed,2017-09-05,2022-02-07,1214 E MAIN ST ALLEN TX 75002,False,126002,5,4,FE000281-09-2017,FE003215-08-2021,Expired,2022-09-10,https://cityofallentx-energovweb.tylerhost.net/apps/selfservice#/businessLicense/f969c4b8-1517-4cc7-81f8-d2950f65d909,11,11,2018-09-11,2021-05-21,4,0,0,,,11,11,2018-09-11,2021-05-21,4,0,0,,,0
9ae08f3b-1933-41c3-904f-b594f22323fd,9ae08f3b-1933-41c3-904f-b594f22323fd,1,Allen Good Food Company LLC,,,Light - Food Establishment,Light - Food Establishment,food,False,False,license_food,Closed,2017-11-15,2018-07-06,977 SH121 HWY B Unit: 120 ALLEN TX 75013,False,126004,1,0,FE000269-08-2017,FE000269-08-2017,Expired,2018-08-28,https://cityofallentx-energovweb.tylerhost.net/apps/selfservice#/businessLicense/3ecc1d1f-92c4-472a-bbaa-eca87c19488f,1,1,2017-11-15,2017-11-15,0,0,0,,,1,1,2017-11-15,2017-11-15,0,0,0,,,0
bcf94d7b-3156-4bec-af0d-4973305e561e,bcf94d7b-3156-4bec-af0d-4973305e561e,1,Allen High School Cafeteria,,,Heavy Food Preparation,Heavy Food Preparation,food,False,False,op_permit_food,Open,2017-09-19,,300 RIVERCREST BLVD ALLEN TX 75002,False,107359,9,9,FE000315-09-2017,FE-007010-07-2026,Active,,https://cityofallentx-energovweb.tylerhost.net/apps/selfservice#/operationalPermit/2b9aaab0-f81e-4ff0-af04-91450f9114cd,15,14,2018-09-24,2025-12-17,1,0,0,,,15,14,2018-09-24,2025-12-17,1,0,0,,,0
0a780c67-c47b-4723-bfc7-0f1aa691f4a8,0a780c67-c47b-4723-bfc7-0f1aa691f4a8,1,Allen ISD Eagle Stadium Stand A,,,Concession Stand,Concession Stand,food,False,False,op_permit_food,Open,2019-09-20,,155 RIVERCREST BLVD ALLEN TX 75002,False,128058,10,10,FE000097-05-2017,FE-007018-07-2026,Active,,https://cityofallentx-energovweb.tylerhost.net/apps/selfservice#/operationalPermit/71b3fe59-4562-4203-a59a-cb388ef52e97,8,8,2019-09-20,2025-08-05,0,0,2,96,2025-08-05,8,8,2019-09-20,2025-08-05,0,0,2,96,2025-08-05,0
014ae23c-c4fa-4872-bd5f-94c60a44e55b,014ae23c-c4fa-4872-bd5f-94c60a44e55b,1,Allen ISD Eagle Stadium Stand B,,,Concession Stand,Concession Stand,food,False,False,op_permit_food,Open,,,155 RIVERCREST BLVD ALLEN TX 75002,False,128058,11,11,FE000098-05-2017,FE-007019-07-2026,Active,,https://cityofallentx-energovweb.tylerhost.net/apps/selfservice#/operationalPermit/a2857b94-a4e9-4ca6-8acf-0b697072bad3,8,8,2019-09-20,2025-08-05,0,0,2,96,2025-08-05,8,8,2019-09-20,2025-08-05,0,0,2,96,2025-08-05,0
b146515b-bb7d-4861-85dd-145a03f092f2,b146515b-bb7d-4861-85dd-145a03f092f2,1,Allen ISD Eagle Stadium Stand C,,,Concession Stand,Concession Stand,food,False,False,op_permit_food,Open,,,155 RIVERCREST BLVD ALLEN TX 75002,False,128058,11,11,FE000099-05-2017,FE-007020-07-2026,Active,,https://cityofallentx-energovweb.tylerhost.net/apps/selfservice#/operationalPermit/7da118a6-f90a-479f-bc8d-58588407791b,8,8,2019-09-20,2025-08-05,0,0,2,96,2025-08-05,8,8,2019-09-20,2025-08-05,0,0,2,96,2025-08-05,0
39a4a499-ad19-4a7e-98c2-293dd1a7cba1,39a4a499-ad19-4a7e-98c2-293dd1a7cba1,1,Allen ISD Eagle Stadium Stand D,,,Concession Stand,Concession Stand,food,False,False,op_permit_food,Open,,,155 RIVERCREST BLVD ALLEN TX 75002,False,128058,10,10,FE000100-05-2017,FE-007021-07-2026,Active,,https://cityofallentx-energovweb.tylerhost.net/apps/selfservice#/operationalPermit/ab06c79b-fb70-451a-926a-51628d462342,8,8,2019-09-20,2025-08-05,0,0,2,96,2025-08-05,8,8,2019-09-20,2025-08-05,0,0,2,96,2025-08-05,0
2f7b4bc2-01ca-41a3-80ce-9855a35706b9,2f7b4bc2-01ca-41a3-80ce-9855a35706b9,1,Allen ISD STEAM Center,,,Heavy Food Preparation,Heavy Food Preparation,food,False,False,op_permit_food,Open,,,1680 RIDGEVIEW DR ALLEN TX 75013,False,131591,8,8,FE001164-12-2018,FE-006989-07-2026,Active,,https://cityofallentx-energovweb.tylerhost.net/apps/selfservice#/operationalPermit/a1a0a681-e83a-476f-a238-18d927d2cf3f,14,14,2019-10-29,2026-09-30,0,0,6,98,2026-03-11,14,14,2019-10-29,2026-09-30,0,0,6,98,2026-03-11,0
5a47a3ec-8cbc-4654-b6fd-78f552c0b1a6,5a47a3ec-8cbc-4654-b6fd-78f552c0b1a6,1,Allen ISD Student Nutrition Dept.,,,Light Food Preparation,Light Food Preparation,food,False,False,op_permit_food,Open,2017-10-06,,1451 N WATTERS RD  ALLEN TX 75013,False,129638,9,9,FE000072-05-2017,FE006218-06-2025,Expired,2026-08-03,https://cityofallentx-energovweb.tylerhost.net/apps/selfservice#/operationalPermit/6262AEE3-6465-4C90-8541-BFDAA1198352,12,11,2017-10-06,2026-09-27,0,0,0,,,12,11,2017-10-06,2026-09-27,0,0,0,,,0
8ff9381a-c8ef-4bde-b540-06372be75d8b,8ff9381a-c8ef-4bde-b540-06372be75d8b,1,Allen Infant Care Center,,,Day Care Facility,Day Care Facility,day care,False,False,op_permit_daycare,Open,,,600 S Jupiter RD Allen TX 75002,False,,1,1,DC006778-02-2026,DC006778-02-2026,Active,2027-03-02,https://cityofallentx-energovweb.tylerhost.net/apps/selfservice#/operationalPermit/FB0A11BC-003A-4687-9440-0A140DA7D78B,0,0,,,0,0,0,,,0,0,,,0,0,0,,,0
e71df297-d257-4d5c-a85c-8821729d76da,e71df297-d257-4d5c-a85c-8821729d76da,1,Allen Liquor 4 U,,,No Prep - Food Establishment,No Food Preparation | No Prep - Food Establishment,food,False,False,license_food | op_permit_food,Closed,2017-10-06,2018-12-11,1210 E MAIN ST Unit: 150 ALLEN TX 75002,False,126000,2,1,FE000345-10-2017,FE001076-10-2018,Expired,2019-10-06,https://cityofallentx-energovweb.tylerhost.net/apps/selfservice#/businessLicense/6edd052f-17d7-4da0-835f-01e0d125f3af,4,3,2017-10-06,2018-10-09,0,0,0,,,4,3,2017-10-06,2018-10-09,0,0,0,,,0
f45deca7-3e46-4aef-89ec-95f0a400b1d1,f45deca7-3e46-4aef-89ec-95f0a400b1d1,1,Allen Montessori Academy,,,Day Care Facility,Day Care Facility,day care,False,False,op_permit_daycare,Closed,2018-12-20,2021-08-06,612 PEBBLEBROOK DR ALLEN TX 75002,False,104268,3,3,DC000188-06-2017,DC001633-06-2019,Annual Renewal Completed,2020-06-29,https://cityofallentx-energovweb.tylerhost.net/apps/selfservice#/operationalPermit/54D60125-F4B4-45F8-8DA8-D44995FC0BD9,5,5,2018-12-20,2021-03-03,0,0,0,,,5,5,2018-12-20,2021-03-03,0,0,0,,,0
996df2f6-6ade-44d4-8745-94afe3d1389f,996df2f6-6ade-44d4-8745-94afe3d1389f,1,Allen Petro LLC dba Allen Shell,,,Light Food Preparation,Light Food Preparation,food,False,False,op_permit_food,Open,2020-01-07,,1106 E BETHANY DR ALLEN TX 75002,False,115005,7,7,FE001996-01-2020,FE006560-12-2025,Annual Renewal Completed,2027-01-10,https://cityofallentx-energovweb.tylerhost.net/apps/selfservice#/operationalPermit/92593A4C-6684-4575-A720-2EEC9950AD88,14,14,2020-02-14,2025-07-07,2,0,3,98,2024-07-26,14,14,2020-02-14,2025-07-07,2,0,3,98,2024-07-26,0
e2eef605-5ca5-4dc0-8d45-8f291a6bf720,e2eef605-5ca5-4dc0-8d45-8f291a6bf720,1,Allen Pharmacy & Wellness,,,No Prep - Food Establishment,No Prep - Food Establishment,food,False,False,license_food,Closed,,2019-04-12,945 W STACY RD  Unit: 110 ALLEN TX 75013,False,129644,1,0,FE001133-11-2018,FE001133-11-2018,Expired,2019-11-19,https://cityofallentx-energovweb.tylerhost.net/apps/selfservice#/businessLicense/17360195-e8ab-44e4-84e1-90c60d2a558f,0,0,,,0,0,0,,,0,0,,,0,0,0,,,0
3d1ec69a-ab1c-4566-a97e-e43c52cb8e7f,3d1ec69a-ab1c-4566-a97e-e43c52cb8e7f,2,Allen Senior Recreation Center,,,Heavy Food Preparation,Heavy Food Preparation,food,False,False,op_permit_food,Canceled - Duplicate,,2026-09-01,451 St. Mary DR Allen TX 75002,False,,1,1,FE-007136-09-2026,FE-007136-09-2026,Application Rejected,2999-01-01,https://cityofallentx-energovweb.tylerhost.net/apps/selfservice#/operationalPermit/ad71f113-6a29-4c80-999e-dc549d1b79d8,0,0,,,0,0,0,,,15,15,2017-10-30,2026-10-06,0,0,5,100,2026-04-06,0
91b98b79-640c-4d5a-878e-c5415e8cb0e5,3d1ec69a-ab1c-4566-a97e-e43c52cb8e7f,2,Allen Senior Recreation Center,,,Heavy Food Preparation,Heavy Food Preparation,food,False,False,op_permit_food,Open,2017-10-30,,451 E ST MARY DR ALLEN TX 75013,False,123925,9,9,FE000273-08-2017,FE-007138-09-2026,Annual Renewal Completed,,https://cityofallentx-energovweb.tylerhost.net/apps/selfservice#/operationalPermit/f751a907-e05b-4afe-bea4-9b1e75dc5017,15,15,2017-10-30,2026-10-06,0,0,5,100,2026-04-06,15,15,2017-10-30,2026-10-06,0,0,5,100,2026-04-06,0
86f9d212-71a1-4e82-a9a6-d25231c5f09b,86f9d212-71a1-4e82-a9a6-d25231c5f09b,1,Allen Shell,,,Heavy - Food Establishment,Heavy - Food Establishment | Heavy Food Preparation,food,False,False,license_food | op_permit_food,Closed,2017-07-14,2020-02-06,1106 E BETHANY DR  ALLEN TX 75002,False,115005,3,2,FE000468-01-2018,FE001983-01-2020,Expired,2021-01-06,https://cityofallentx-energovweb.tylerhost.net/apps/selfservice#/businessLicense/c7ae95c9-13d9-406e-9c1c-f579d3815aa6,7,6,2018-08-28,2019-08-19,3,0,0,,,7,6,2018-08-28,2019-08-19,3,0,0,,,0
79d93c32-7302-4629-8e4e-3a172a38c681,79d93c32-7302-4629-8e4e-3a172a38c681,1,Allen Station Baseball,,,Concession Stand,Concession Stand,food,False,False,op_permit_food,Open,,,1120 N Alder Dr Allen TX 75002,False,,1,1,FE-006891-05-2026,FE-006891-05-2026,Active,2027-04-11,https://cityofallentx-energovweb.tylerhost.net/apps/selfservice#/operationalPermit/d635de26-dc5c-4cd0-a95a-be11761628b2,0,0,,,0,0,0,,,0,0,,,0,0,0,,,0
ab10200c-46ea-41d8-9468-37c88a59a090,ab10200c-46ea-41d8-9468-37c88a59a090,1,Allen Station Grill @ CUTX,,,Heavy Food Preparation,Heavy Food Preparation,food,False,False,op_permit_food,Open,2019-08-12,,200 E STACY RD 1350 ALLEN TX 75002,False,127345,9,9,FE000236-08-2017,FE-006966-07-2026,Annual Renewal Completed,2027-08-09,https://cityofallentx-energovweb.tylerhost.net/apps/selfservice#/operationalPermit/f0c2be5f-cb83-49ed-81ee-7d1e1516efab,9,9,2018-01-15,2026-04-03,0,0,0,,,9,9,2018-01-15,2026-04-03,0,0,0,,,0
7857c3fd-6aaa-4177-a5c4-428a3f43fa37,7857c3fd-6aaa-4177-a5c4-428a3f43fa37,1,Allen Station Softball,,,Concession Stand,Concession Stand,food,False,False,op_permit_food,Open,,,1120 N Alder Dr Allen TX 75002,False,,1,1,FE-006892-05-2026,FE-006892-05-2026,Active,2027-04-11,https://cityofallentx-energovweb.tylerhost.net/apps/selfservice#/operationalPermit/b5d16564-939f-4020-a411-fc1ba31ed19f,0,0,,,0,0,0,,,0,0,,,0,0,0,,,0
c97099a0-78f2-4bbe-836a-327470b88211,c97099a0-78f2-4bbe-836a-327470b88211,1,Allen Station Softball / Buffalo Pig Concessions,,,Concession Stand,Concession Stand,food,False,False,op_permit_food,Open,,,219 Wildwood Pl Allen TX 75013,False,,1,1,FE005290-04-2024,FE005290-04-2024,Expired,2025-06-12,https://cityofallentx-energovweb.tylerhost.net/apps/selfservice#/operationalPermit/D2E58A98-C92C-4056-BBCA-BD6289905780,2,1,2024-04-11,2024-04-11,0,0,0,,,2,1,2024-04-11,2024-04-11,0,0,0,,,0
68ca2ebb-bc04-428b-80fd-c6987313f2e5,68ca2ebb-bc04-428b-80fd-c6987313f2e5,1,Allenex Convenience Store,,,Light Food Preparation,Light Food Preparation,food,False,False,op_permit_food,Open,,,1228 E EXCHANGE PKWY Unit: 104 ALLEN TX 75002,False,120986,9,9,FE000573-02-2018,FE006764-02-2026,Annual Renewal Completed,2027-03-03,https://cityofallentx-energovweb.tylerhost.net/apps/selfservice#/operationalPermit/C4A4C07B-DD85-4AFF-B108-AF8401BA4384,14,14,2018-02-09,2025-10-14,0,0,2,97,2025-07-21,14,14,2018-02-09,2025-10-14,0,0,2,97,2025-07-21,0
6e967e7e-d85b-4e20-a77a-075cff874d1b,6e967e7e-d85b-4e20-a77a-075cff874d1b,2,Along Came Tamale,,,Special Event - Food Establishment,Special Event - Food Establishment,special event,True,False,license_special_event_food,Open,2023-09-15,2023-09-17,Fate TX 75087,True,,1,0,FESP004844-09-2023,FESP004844-09-2023,Expired,2023-09-17,https://cityofallentx-energovweb.tylerhost.net/apps/selfservice#/businessLicense/7afadeaf-3f6d-4b27-8a88-410e7e3edd86,0,0,,,0,0,0,,,0,0,,,0,0,0,,,0
a80efa3b-5982-41bd-a71b-8c1d8742df2a,a80efa3b-5982-41bd-a71b-8c1d8742df2a,1,Along Came Tamale,,,Special Event - Food Establishment,Special Event - Food Establishment,special event,True,False,license_special_event_food,Closed,2023-11-09,2025-02-20,777 Watters Creek Blvd Allen TX 75013,False,,1,0,FESP004892-10-2023,FESP004892-10-2023,Expired,2023-11-12,https://cityofallentx-energovweb.tylerhost.net/apps/selfservice#/businessLicense/9bebdf29-6b2a-4ce3-9bd4-f2d6c6d2e7bb,0,0,,,0,0,0,,,0,0,,,0,0,0,,,0
d1a024a4-b5b4-408a-8add-8f2dcdb8b6c4,6e967e7e-d85b-4e20-a77a-075cff874d1b,2,Along Came Tamale,,,Temporary Food Establishment - Food Establishment,Temporary Food Establishment - Food Establishment,food,True,False,license_food,Closed,,2022-11-14,Fate TX 75087,True,,1,0,FE004133-10-2022,FE004133-10-2022,Expired,2022-11-13,https://cityofallentx-energovweb.tylerhost.net/apps/selfservice#/businessLicense/e97b941b-b133-4232-a347-8fa026a812fd,0,0,,,0,0,0,,,0,0,,,0,0,0,,,0
5df67bda-cb52-4200-9153-a89e645f7b31,5df67bda-cb52-4200-9153-a89e645f7b31,1,Alonti Catering Kitchen,,,Heavy - Food Establishment,Heavy - Food Establishment | Heavy Food Preparation,food,False,False,license_food | op_permit_food,Closed,2018-04-26,2021-03-09,2035 W MCDERMOTT DR  Unit: 480 ALLEN TX 75013,False,113434,3,2,FE000592-03-2018,FE002183-03-2020,Expired,2021-03-10,https://cityofallentx-energovweb.tylerhost.net/apps/selfservice#/businessLicense/228cfda5-af0c-4012-b590-dfd93315c9e4,6,5,2018-04-27,2019-09-09,1,0,0,,,6,5,2018-04-27,2019-09-09,1,0,0,,,0
d8def5e2-4d48-4a48-ad3d-4a1fdf4f281d,d8def5e2-4d48-4a48-ad3d-4a1fdf4f281d,1,Amadeo Cuisine-Allen USA,,,Temporary Food Establishment - Food Establishment,Temporary Food Establishment - Food Establishment,food,True,False,license_food,Closed,2017-06-24,2022-11-17,701 ANGEL PKWY ALLEN TX 75002,False,121106,1,0,FE000158-06-2017,FE000158-06-2017,Expired,2017-06-24,https://cityofallentx-energovweb.tylerhost.net/apps/selfservice#/businessLicense/fd3e51b5-2a21-4458-887a-0542e37ad2f0,0,0,,,0,0,0,,,0,0,,,0,0,0,,,0
b6881378-abfa-480f-8b3a-5df01ec14a84,b6881378-abfa-480f-8b3a-5df01ec14a84,1,Amazeballz,,,Heavy - Food Establishment,Heavy - Food Establishment | Heavy Food Preparation | Temporary Food Establishment - Food Establishment,food,False,False,license_food | op_permit_food,Closed,,2020-04-30,2023 W MCDERMOTT DR  Unit: 220 ALLEN TX 75013,False,113333,4,2,FE000493-01-2018,FE002071-01-2020,Expired,2021-01-17,https://cityofallentx-energovweb.tylerhost.net/apps/selfservice#/businessLicense/cb9eef93-f263-48f5-8517-0fda953bef51,5,4,2018-04-20,2019-09-09,0,0,0,,,5,4,2018-04-20,2019-09-09,0,0,0,,,0
7c0da9a4-96f5-4963-b215-99775c68e61f,7c0da9a4-96f5-4963-b215-99775c68e61f,1,Amazing Dip Company,,,Temporary Food Establishment - Food Establishment,Temporary Food Establishment - Food Establishment,food,True,False,license_food,Closed,,2024-01-29,Allen TX 75013,True,,1,0,FE004926-11-2023,FE004926-11-2023,Expired,2024-11-09,https://cityofallentx-energovweb.tylerhost.net/apps/selfservice#/businessLicense/a3022811-aa73-4dea-9e92-a9d7211abf2b,0,0,,,0,0,0,,,0,0,,,0,0,0,,,0
ded67130-dfb8-4447-9d12-1552e11f4b66,ded67130-dfb8-4447-9d12-1552e11f4b66,1,Amazing Grace Daycare LLC,,,Day Care Facility,Day Care Facility,day care,False,False,op_permit_daycare,Closed,2018-05-30,2021-09-10,821 S GREENVILLE AVE ALLEN TX 75002,False,106961,3,3,DC000821-05-2018,DC002321-06-2020,Annual Renewal Completed,2021-05-31,https://cityofallentx-energovweb.tylerhost.net/apps/selfservice#/operationalPermit/6F68FDEE-6E70-47BE-8BA5-3877B0A6336C,7,6,2018-05-30,2021-02-05,0,0,0,,,7,6,2018-05-30,2021-02-05,0,0,0,,,0
ede5e67c-6390-4d2e-8892-2baa3bc50194,ede5e67c-6390-4d2e-8892-2baa3bc50194,1,Ameen Academy,,,Day Care Facility,Day Care Facility,day care,False,False,op_permit_daycare,Open,,,1227 W MCDERMOTT DR ALLEN TX 75013,False,116442,1,1,DC006752-02-2026,DC006752-02-2026,Active,2027-02-20,https://cityofallentx-energovweb.tylerhost.net/apps/selfservice#/operationalPermit/C4AFF3FD-5D0A-4278-9077-914C897D91CF,1,0,,,0,0,0,,,1,0,,,0,0,0,,,0
951fe5cb-d336-4a62-9b7f-f554af438247,951fe5cb-d336-4a62-9b7f-f554af438247,1,Amore Pizza-The Hub,,,Heavy Food Preparation,Heavy Food Preparation,food,False,False,op_permit_food,Open,,,1289 Johnson Road Unit: 2100 Allen TX 75013,False,,3,3,FE004932-11-2023,FE006507-11-2025,Annual Renewal Completed,2026-12-05,https://cityofallentx-energovweb.tylerhost.net/apps/selfservice#/operationalPermit/462C0520-C4D5-45AE-873F-0C98D261D48C,4,2,2025-08-07,2025-08-13,1,0,1,82,2025-08-07,4,2,2025-08-07,2025-08-13,1,0,1,82,2025-08-07,0
bc591bf0-df8c-47d1-b587-e984171aaff1,bc591bf0-df8c-47d1-b587-e984171aaff1,1,AnaSofia's Mexican Grill,,,Heavy Food Preparation,Heavy Food Preparation,food,False,False,op_permit_food,Open,2018-07-13,,1328 W MCDERMOTT DR  Unit: 260 ALLEN TX 75013,False,113683,9,9,FE000639-03-2018,FE006840-04-2026,Annual Renewal Completed,2027-04-01,https://cityofallentx-energovweb.tylerhost.net/apps/selfservice#/operationalPermit/50B1ADBD-7784-430D-9A38-B08FCC7D9764,16,16,2018-07-13,2026-09-27,4,0,4,73,2025-07-24,16,16,2018-07-13,2026-09-27,4,0,4,73,2025-07-24,0
7d3188be-9e55-4b90-bb4d-2d95ef12de6e,7d3188be-9e55-4b90-bb4d-2d95ef12de6e,1,Anderson Elementary,,,Heavy Food Preparation,Heavy Food Preparation,food,False,False,op_permit_food,Open,2017-09-20,,305 N ALDER DR ALLEN TX 75002,False,111264,9,9,FE000332-10-2017,FE-007009-07-2026,Active,,https://cityofallentx-energovweb.tylerhost.net/apps/selfservice#/operationalPermit/c31a225e-08f5-4648-b9ba-5217549eb1ce,19,18,2018-03-19,2026-09-30,0,0,6,100,2026-03-11,19,18,2018-03-19,2026-09-30,0,0,6,100,2026-03-11,0
10b972f8-aa79-4ec4-a3d7-c01ee9e352be,10b972f8-aa79-4ec4-a3d7-c01ee9e352be,1,Andhra Mess Indian Cuisine,,,Heavy - Food Establishment,Heavy - Food Establishment | Heavy Food Preparation,food,False,False,license_food | op_permit_food,Closed,2018-05-30,2019-06-01,2023 W MCDERMOTT DR  Unit: 180 ALLEN TX 75013,False,113333,2,1,FE000509-01-2018,FE001246-01-2019,Expired,2020-01-26,https://cityofallentx-energovweb.tylerhost.net/apps/selfservice#/businessLicense/95cf7d06-97a9-4994-8eca-03eed3418c62,6,6,2018-05-30,2018-11-19,3,1,0,,,6,6,2018-05-30,2018-11-19,3,1,0,,,0
7b2ff634-1767-4667-94ea-c1aff689d1de,7b2ff634-1767-4667-94ea-c1aff689d1de,1,Andreas Prime Steaks & Seafood,,,Heavy Food Preparation,Heavy Food Preparation,food,False,False,op_permit_food,Open,2023-05-01,,610 W Bethany DR Allen TX 75013,False,,3,3,FE004557-05-2023,FE-006915-06-2026,Annual Renewal Completed,2027-05-01,https://cityofallentx-energovweb.tylerhost.net/apps/selfservice#/operationalPermit/adf3e940-9d10-46da-91c1-f6851cf1937f,2,2,2024-06-20,2025-06-18,0,0,0,,,2,2,2024-06-20,2025-06-18,0,0,0,,,0
bdce8d36-0126-4f92-a3ba-e620151fb91f,bdce8d36-0126-4f92-a3ba-e620151fb91f,1,Andy's Frozen Custard,,,Light Food Preparation,Light Food Preparation,food,False,False,op_permit_food,Open,,,751 E EXCHANGE PKWY ALLEN TX 75002,False,155461,2,2,FE005603-09-2024,FE-007114-08-2026,Annual Renewal Completed,2027-09-12,https://cityofallentx-energovweb.tylerhost.net/apps/selfservice#/operationalPermit/ffb18e9a-b97e-4d8e-bb34-dc49850917a6,4,4,2024-10-29,2026-09-27,0,0,0,,,4,4,2024-10-29,2026-09-27,0,0,0,,,0
08b4bd96-f4b9-4df4-a344-8fda84dbcf67,08b4bd96-f4b9-4df4-a344-8fda84dbcf67,1,Angel's NY Pizza,,,Heavy Food Preparation,Heavy Food Preparation,food,False,False,op_permit_food,Open,,,977 SH121 HWY B Unit: 120 ALLEN TX 75013,False,126004,1,1,FE006756-02-2026,FE006756-02-2026,Active,2027-02-20,https://cityofallentx-energovweb.tylerhost.net/apps/selfservice#/operationalPermit/6B689EC9-3805-4CE5-A336-CEE65C0C7BAA,1,1,2026-09-27,2026-09-27,0,0,0,,,1,1,2026-09-27,2026-09-27,0,0,0,,,0
2ef6c3f4-abb6-4bea-8443-c9250e2e722a,2ef6c3f4-abb6-4bea-8443-c9250e2e722a,1,Angry Cow BBQ-Ctwd Crk BC Sp Evnt,,,Temporary Food Establishment - Food Establishment,Temporary Food Establishment - Food Establishment,food,True,False,license_food,Closed,2017-06-29,2017-12-06,1015 SH121 HWY  ALLEN TX 75013,False,121010,1,0,FE000187-06-2017,FE000187-06-2017,Expired,2017-07-04,https://cityofallentx-energovweb.tylerhost.net/apps/selfservice#/businessLicense/ecca4eaf-3681-4f6a-911a-c83c6ca573b9,0,0,,,0,0,0,,,0,0,,,0,0,0,,,0
df53cfcf-bc11-4bc6-afad-2144eb574879,df53cfcf-bc11-4bc6-afad-2144eb574879,1,Anjappar Chettinad Restaurant,,,Temporary Food Establishment - Food Establishment,Temporary Food Establishment - Food Establishment,food,True,False,license_food,Closed,,2025-09-16,Plano TX 75024,True,,1,0,FE005578-08-2024,FE005578-08-2024,Expired,2024-09-07,https://cityofallentx-energovweb.tylerhost.net/apps/selfservice#/businessLicense/4656e802-371b-469b-96b2-eddb99655062,0,0,,,0,0,0,,,0,0,,,0,0,0,,,0
64907ac1-86fc-4274-beaa-32bc414557c7,64907ac1-86fc-4274-beaa-32bc414557c7,1,Apple Creek Preschool,,,Day Care Facility,Day Care Facility,day care,False,False,op_permit_daycare,Closed,2017-09-12,2021-12-01,802 S ALMA DR  ALLEN TX 75013,False,115800,4,4,DC000444-12-2017,DC002641-12-2020,Annual Renewal Completed,2021-12-09,https://cityofallentx-energovweb.tylerhost.net/apps/selfservice#/operationalPermit/250A741A-4E13-42B4-948D-8FF170E93579,7,7,2017-09-12,2021-02-23,0,0,0,,,7,7,2017-09-12,2021-02-23,0,0,0,,,0
ca12b1ab-1f79-4d5f-b3ef-329b74fe6ca5,ca12b1ab-1f79-4d5f-b3ef-329b74fe6ca5,1,Arby's,,,Heavy - Food Establishment,Heavy - Food Establishment | Heavy Food Preparation,food,False,False,license_food | op_permit_food,Closed,2017-04-03,2022-12-09,201 N CENTRAL EXPY  ALLEN TX 75013,False,114434,6,5,FE000352-10-2017,FE004154-11-2022,Expired,2023-10-14,https://cityofallentx-energovweb.tylerhost.net/apps/selfservice#/businessLicense/f846f801-8c62-4254-8c18-4b0660d87999,13,13,2018-08-31,2022-11-18,1,0,0,,,13,13,2018-08-31,2022-11-18,1,0,0,,,0
f6214905-df9d-4cca-965c-8faaae0597a3,f6214905-df9d-4cca-965c-8faaae0597a3,1,Arby's,,,Heavy Food Preparation,Heavy Food Preparation,food,False,False,op_permit_food,Open,,,201 N Central Exp TX 75013,False,,4,4,FE004190-12-2022,FE006498-11-2025,Annual Renewal Completed,2026-12-13,https://cityofallentx-energovweb.tylerhost.net/apps/selfservice#/operationalPermit/9D097B3C-6D05-4758-8237-5A2EF956640F,13,12,2023-05-30,2026-11-05,5,0,4,91,2025-10-15,13,12,2023-05-30,2026-11-05,5,0,4,91,2025-10-15,0
db71df6a-263f-45a0-9445-534edbffb38f,db71df6a-263f-45a0-9445-534edbffb38f,1,Armor Brewing Co,,,Heavy Food Preparation,Heavy Food Preparation,food,False,False,op_permit_food,Open,,,9 Prestige Cir Allen TX 75002,False,,3,3,FE004827-09-2023,FE006467-10-2025,Expired,2026-09-11,https://cityofallentx-energovweb.tylerhost.net/apps/selfservice#/operationalPermit/83F1DAFA-0807-4D80-A261-D8AAF6029F2A,6,5,2024-02-26,2025-10-15,0,0,0,,,6,5,2024-02-26,2025-10-15,0,0,0,,,0
d2f85ec7-f85d-4c2c-8f9f-72abc8f57916,d2f85ec7-f85d-4c2c-8f9f-72abc8f57916,1,Armor Coffee Co,,,Heavy Food Preparation,Heavy Food Preparation,food,False,False,op_permit_food,Open,,,190 E Stacy Rd Allen TX 75002,False,,3,3,FE005184-02-2024,FE006568-01-2026,Annual Renewal Completed,2027-02-21,https://cityofallentx-energovweb.tylerhost.net/apps/selfservice#/operationalPermit/961717C1-8361-43F1-823F-1387814EA184,4,4,2024-07-02,2026-02-23,0,0,0,,,4,4,2024-07-02,2026-02-23,0,0,0,,,0
340fb7ff-b2a9-457f-b6c1-4242fbb85ec2,340fb7ff-b2a9-457f-b6c1-4242fbb85ec2,1,Armor Coffee Company,,,Light - Food Establishment,Light - Food Establishment | Light Food Preparation,food,False,False,license_food | op_permit_food,Closed,,2024-02-23,190 E STACY RD B400 Unit: 408 ALLEN TX 75002,False,127348,4,3,FE002075-01-2020,FE004247-01-2023,Expired,2024-01-27,https://cityofallentx-energovweb.tylerhost.net/apps/selfservice#/businessLicense/052ecb3b-01e4-4164-b80e-1cf2ef0f0a06,11,10,2020-12-10,2024-01-19,2,0,0,,,11,10,2020-12-10,2024-01-19,2,0,0,,,0
9a45c1cc-b6f3-4287-b05e-85a09d62672f,9a45c1cc-b6f3-4287-b05e-85a09d62672f,1,Aroma Indian Cuisine,,,Special Event - Food Establishment,Special Event - Food Establishment,special event,True,False,license_special_event_food,Closed,2018-10-12,2023-07-21,200 E STACY RD  ALLEN TX 75002,False,,1,0,FESP001067-10-2018,FESP001067-10-2018,Expired,2018-10-13,https://cityofallentx-energovweb.tylerhost.net/apps/selfservice#/businessLicense/63646c24-9e73-4fa4-a8d6-2bed8c93b7bc,1,1,2018-10-12,2018-10-12,0,0,0,,,1,1,2018-10-12,2018-10-12,0,0,0,,,0
022aa05a-8c2d-481a-8fd9-ac4f620e03d2,022aa05a-8c2d-481a-8fd9-ac4f620e03d2,1,Astro Teddy's Freeze Dried Snacks,,,Special Event - Food Establishment,Special Event - Food Establishment,special event,True,False,license_special_event_food,Closed,2024-06-27,2025-02-20,Waxahachie TX 75167,True,,1,0,FESP005418-06-2024,FESP005418-06-2024,Expired,2024-06-30,https://cityofallentx-energovweb.tylerhost.net/apps/selfservice#/businessLicense/6b053dd0-e1b9-4508-8403-f02dd2b5d52a,0,0,,,0,0,0,,,0,0,,,0,0,0,,,0
b28cc49b-dc1b-4c8a-afd7-79142c2c7ef8,b28cc49b-dc1b-4c8a-afd7-79142c2c7ef8,1,Aunt Shirley's Food Truck (918-440H),,,Mobile Food Prep Unit - Food Establishment,Mobile Food Prep Unit - Food Establishment,food,True,False,license_food,Open,2018-10-26,,,False,,1,0,FE001099-10-2018,FE001099-10-2018,Expired,2019-10-26,https://cityofallentx-energovweb.tylerhost.net/apps/selfservice#/businessLicense/42fde44f-507a-49ae-bae7-98c4bc8bc5a3,1,1,2018-10-26,2018-10-26,0,0,0,,,1,1,2018-10-26,2018-10-26,0,0,0,,,0
1dbad106-4d9f-4748-9209-815363bd5280,1dbad106-4d9f-4748-9209-815363bd5280,1,B.T. DONUT,,,Heavy - Food Establishment,Heavy - Food Establishment,food,False,False,license_food,Closed,2017-11-30,,604 W BETHANY DR  Unit: 106 ALLEN TX 75013,False,119430,1,0,FE000216-07-2017,FE000216-07-2017,Expired,2018-07-28,https://cityofallentx-energovweb.tylerhost.net/apps/selfservice#/businessLicense/2be35fbb-fa0c-4685-ad75-4eab095677de,2,1,2017-11-30,2017-11-30,0,0,0,,,2,1,2017-11-30,2017-11-30,0,0,0,,,0
38316c08-36b1-4a80-bccc-536f70de4570,38316c08-36b1-4a80-bccc-536f70de4570,1,BB Donut,,,Heavy Food Preparation,Heavy Food Preparation,food,False,False,op_permit_food,Open,,,880 W EXCHANGE PKWY 1 Unit: 1130 ALLEN TX 75013,False,121778,5,5,FE003232-08-2021,FE-007111-08-2026,Annual Renewal Completed,2027-08-19,https://cityofallentx-energovweb.tylerhost.net/apps/selfservice#/operationalPermit/95d8ad26-ed3d-4928-9b82-3b581fae551e,12,12,2021-08-17,2026-02-09,1,0,5,98,2025-09-11,12,12,2021-08-17,2026-02-09,1,0,5,98,2025-09-11,0
53b058fb-fd8b-47e6-bd63-43beeb21b6aa,53b058fb-fd8b-47e6-bd63-43beeb21b6aa,1,BJ's Restaurant & Brewhouse,,,Heavy Food Preparation,Heavy Food Preparation,food,False,False,op_permit_food,Open,,,190 E STACY RD B3300 Unit: 3300 ALLEN TX 75013,False,127343,9,9,FE000579-02-2018,FE006709-02-2026,Annual Renewal Completed,2027-03-05,https://cityofallentx-energovweb.tylerhost.net/apps/selfservice#/operationalPermit/AE9B0E7F-D2A3-47B7-B4F2-B8EDF292E91E,21,21,2017-12-21,2026-10-27,4,0,4,90,2025-11-11,21,21,2017-12-21,2026-10-27,4,0,4,90,2025-11-11,0
5455b3aa-a8dc-4a5c-8e65-3657f4ae8cc1,5455b3aa-a8dc-4a5c-8e65-3657f4ae8cc1,1,BOON ELEMENTARY CAFETERIA,,,Heavy Food Preparation,Heavy Food Preparation,food,False,False,op_permit_food,Open,2017-10-03,,1050 COMANCHE DR  ALLEN TX 75013,False,123026,9,9,FE000336-10-2017,FE-007007-07-2026,Active,,https://cityofallentx-energovweb.tylerhost.net/apps/selfservice#/operationalPermit/94947375-d618-4d33-a043-d08a70c203d6,19,19,2017-10-03,2026-09-27,0,0,0,,,19,19,2017-10-03,2026-09-27,0,0,0,,,0
7755fd6e-30ba-4513-a70a-e87ce811ca97,7755fd6e-30ba-4513-a70a-e87ce811ca97,1,BT Donuts,,,Heavy Food Preparation,Heavy Food Preparation,food,False,False,op_permit_food,Open,2017-06-08,,604 W BETHANY DR  Unit: 106 ALLEN TX 75013,False,119430,8,8,FE001003-08-2018,FE-007139-09-2026,Annual Renewal Completed,2027-08-31,https://cityofallentx-energovweb.tylerhost.net/apps/selfservice#/operationalPermit/1d2577e4-90d5-4f80-9e4b-97ab0e6fdd7a,21,21,2018-05-18,2025-09-22,5,0,5,92,2025-09-22,21,21,2018-05-18,2025-09-22,5,0,5,92,2025-09-22,0
21e9556f-f20f-4180-ab30-f421d2f62332,21e9556f-f20f-4180-ab30-f421d2f62332,1,Back East Eats,,,Temporary Food Establishment - Food Establishment,Temporary Food Establishment - Food Establishment,food,True,False,license_food,Closed,,2022-10-03,Allen TX,True,,1,0,FE004074-09-2022,FE004074-09-2022,Expired,2022-10-01,https://cityofallentx-energovweb.tylerhost.net/apps/selfservice#/businessLicense/b5b2ebf8-e19d-48cc-999a-d9ee5f590852,0,0,,,0,0,0,,,0,0,,,0,0,0,,,0
c5ae361d-e826-439e-a91b-08b154667b54,c5ae361d-e826-439e-a91b-08b154667b54,1,Back East Eats-Allen USA,,,Temporary Food Establishment - Food Establishment,Temporary Food Establishment - Food Establishment | Temporary Food Establishments,food,True,False,license_food | op_permit_food,Closed,2017-06-24,2022-08-15,701 ANGEL PKWY ALLEN TX 75002,False,121106,4,3,FE000168-06-2017,FE003050-06-2021,Expired,2021-06-26,https://cityofallentx-energovweb.tylerhost.net/apps/selfservice#/businessLicense/bedcd926-504b-460b-9a44-a35a0d0dd5a5,2,2,2019-06-28,2021-06-25,0,0,0,,,2,2,2019-06-28,2021-06-25,0,0,0,,,0
50ecbe57-fe8b-43e7-a9ea-e308867032f6,50ecbe57-fe8b-43e7-a9ea-e308867032f6,1,Bahama Bucks TX1234,,,Light Food Preparation,Light Food Preparation,food,False,False,op_permit_food,Open,,,715 E MAIN ST ALLEN TX 75002,False,119565,9,9,FE000246-08-2017,FE-007064-07-2026,Annual Renewal Completed,2027-08-14,https://cityofallentx-energovweb.tylerhost.net/apps/selfservice#/operationalPermit/fedeb36b-e325-47ee-a987-3e0e4b17fc04,18,17,2018-03-08,2027-02-08,1,0,5,100,2026-01-22,18,17,2018-03-08,2027-02-08,1,0,5,100,2026-01-22,0
0e434a95-751e-4ebe-bcff-50eae00296cb,0e434a95-751e-4ebe-bcff-50eae00296cb,1,Bar Louie,,,Heavy - Food Establishment,Heavy - Food Establishment | Heavy Food Preparation,food,False,False,license_food | op_permit_food,Closed,,2024-08-07,190 E STACY RD B1000 Unit: 1000 ALLEN TX 75002,False,127348,7,6,FE000086-05-2017,FE004574-05-2023,Expired,2024-05-18,https://cityofallentx-energovweb.tylerhost.net/apps/selfservice#/businessLicense/89576ebb-9c38-4cb7-af0c-bc0d9d96d01a,15,15,2017-12-15,2024-07-11,2,0,3,76,2024-07-08,15,15,2017-12-15,2024-07-11,2,0,3,76,2024-07-08,0
9f73038a-bd32-4099-87e4-ee4c5913f2a3,9f73038a-bd32-4099-87e4-ee4c5913f2a3,1,Bar Louie Allen Inc,,,Heavy Food Preparation,Heavy Food Preparation,food,False,False,op_permit_food,Closed,,2025-07-30,190 E Stacy Rd Unit: # 1000 Allen TX 75002,False,,1,1,FE005530-08-2024,FE005530-08-2024,Expired,2025-08-12,https://cityofallentx-energovweb.tylerhost.net/apps/selfservice#/operationalPermit/7630C243-6DA6-4316-A53B-6A3197CE460A,3,3,2024-11-12,2025-05-15,1,0,2,78,2025-05-13,3,3,2024-11-12,2025-05-15,1,0,2,78,2025-05-13,0
d1271d60-f990-47b8-8323-126dbf2ccf41,d1271d60-f990-47b8-8323-126dbf2ccf41,1,Barbarossa Backing CO,,,Temporary Food Establishment - Food Establishment,Temporary Food Establishment - Food Establishment,food,True,False,license_food,Closed,,2023-08-11,909 Allen Central DR Allen TX 750136507,False,,1,0,FE003660-03-2022,FE003660-03-2022,Expired,2022-03-19,https://cityofallentx-energovweb.tylerhost.net/apps/selfservice#/businessLicense/442aa751-254f-41d9-893d-644a332f5306,0,0,,,0,0,0,,,0,0,,,0,0,0,,,0
bf523c42-4c86-4bba-862a-d5d6efc7dd78,bf523c42-4c86-4bba-862a-d5d6efc7dd78,2,Bare Naked Bee Company @ AEC,,,Temporary Food Establishment - Food Establishment,Temporary Food Establishment - Food Establishment,food,True,False,license_food,Closed,2018-09-14,2019-03-13,200 E STACY RD  ALLEN TX 75002,False,127345,1,0,FE001051-09-2018,FE001051-09-2018,Expired,2018-09-16,https://cityofallentx-energovweb.tylerhost.net/apps/selfservice#/businessLicense/c5ccdc82-9d6d-4ab7-a3fe-4e3bc8418739,1,1,2018-09-14,2018-09-14,0,0,0,,,1,1,2018-09-14,2018-09-14,0,0,0,,,0
cc73dad9-26bd-4150-9d38-95323ea7d06a,bf523c42-4c86-4bba-862a-d5d6efc7dd78,2,Bare Naked Bee Company @ AEC,,,No Prep - Food Establishment,No Food Preparation | No Prep - Food Establishment,food,False,False,license_food | op_permit_food,Closed,,2021-06-21,200 E STACY RD  ALLEN TX 75002,False,127345,2,1,FE001096-10-2018,FE001761-09-2019,Expired,2020-09-14,https://cityofallentx-energovweb.tylerhost.net/apps/selfservice#/businessLicense/15f7096d-0e5d-4053-80a3-0a126c534d94,0,0,,,0,0,0,,,1,1,2018-09-14,2018-09-14,0,0,0,,,0
b15a37b4-f4e3-4701-b825-3c8e32fe5117,b15a37b4-f4e3-4701-b825-3c8e32fe5117,1,"Barnes & Noble, Book Sellers, Inc.",,,Heavy Food Preparation,Heavy Food Preparation,food,False,False,op_permit_food,Open,2024-09-16,,988 VILLAGE GREEN DR F ALLEN TX 75013,False,134223,2,2,FE005605-09-2024,FE-007113-08-2026,Annual Renewal Completed,2027-09-16,https://cityofallentx-energovweb.tylerhost.net/apps/selfservice#/operationalPermit/e7a69fa5-9ac7-4886-86cb-6ea0713cc964,4,4,2024-11-06,2026-11-30,0,0,3,90,2025-12-02,4,4,2024-11-06,2026-11-30,0,0,3,90,2025-12-02,0
b47d8d15-1ffa-4077-ba46-1978a219dfb7,b47d8d15-1ffa-4077-ba46-1978a219dfb7,1,Barrio Burrito Bar,D Mavs LLC,,Heavy Food Preparation,Heavy Food Preparation,food,False,False,op_permit_food,Open,,,1480 N CUSTER RD Unit: 140 ALLEN TX 75013,False,122214,1,1,FE-007098-08-2026,FE-007098-08-2026,Annual Renewal Completed,2027-08-21,https://cityofallentx-energovweb.tylerhost.net/apps/selfservice#/operationalPermit/d6eb9b1d-4638-4a86-b9a5-d318b56fbea4,1,1,2026-10-19,2026-10-19,0,0,0,,,1,1,2026-10-19,2026-10-19,0,0,0,,,0
cf759bbd-6e14-4d1f-9fe9-5b714dd8a46b,cf759bbd-6e14-4d1f-9fe9-5b714dd8a46b,1,Base Smoothies + Juice,,,Light Food Preparation,Light Food Preparation,food,False,False,op_permit_food,Open,,,977 SH 121 Unit: # 195 Allen TX 75013,False,,2,2,FE005661-10-2024,FE006500-11-2025,Annual Renewal Completed,2026-10-09,https://cityofallentx-energovweb.tylerhost.net/apps/selfservice#/operationalPermit/8F56B9AD-C93A-42FA-A855-654DE73CA31D,4,4,2024-11-07,2027-08-19,0,0,2,95,2025-08-20,4,4,2024-11-07,2027-08-19,0,0,2,95,2025-08-20,0
83502234-7933-4533-91ca-eedb6df095ab,83502234-7933-4533-91ca-eedb6df095ab,1,Bass Pro Shop 435,,,Light Food Preparation,Light Food Preparation,food,False,False,op_permit_food,Open,,,1 Cabela's DR Allen TX 75002,False,,1,1,FE-006879-05-2026,FE-006879-05-2026,In Review,2999-01-01,https://cityofallentx-energovweb.tylerhost.net/apps/selfservice#/operationalPermit/217ca801-2b36-41c4-acec-8a04c6b68182,0,0,,,0,0,0,,,0,0,,,0,0,0,,,0
fcb667fc-73a6-4184-90c0-048dc88f6acb,fcb667fc-73a6-4184-90c0-048dc88f6acb,1,Batch Bakery,,,Temporary Food Establishment - Food Establishment,Temporary Food Establishment - Food Establishment,food,True,False,license_food,Closed,,2025-02-11,Frisco TX 75034,True,,1,0,FE004924-11-2023,FE004924-11-2023,Expired,2023-11-12,https://cityofallentx-energovweb.tylerhost.net/apps/selfservice#/businessLicense/1023a026-f46f-48e7-bbe0-5f77937bff6e,0,0,,,0,0,0,,,0,0,,,0,0,0,,,0
ff1053cb-9057-4119-b51c-8abf47892d61,ff1053cb-9057-4119-b51c-8abf47892d61,1,Bavyas Indian Kitchen,,,Special Event - Food Establishment,Special Event - Food Establishment,special event,True,False,license_special_event_food,Closed,2024-09-07,2026-03-03,Denton TX 76205,True,,1,0,FESP005580-08-2024,FESP005580-08-2024,Expired,2024-09-07,https://cityofallentx-energovweb.tylerhost.net/apps/selfservice#/businessLicense/f58662c1-4062-424f-a3b1-e05607ca5bce,0,0,,,0,0,0,,,0,0,,,0,0,0,,,0
3791e18c-ec40-44a5-876d-dee2269e1c3f,3791e18c-ec40-44a5-876d-dee2269e1c3f,1,Bawarchi Biryanis(V#BGZ8623)@AEC,,,Temporary Food Establishment - Food Establishment,Temporary Food Establishment - Food Establishment,food,True,False,license_food,Closed,2018-03-09,2018-03-09,200 E STACY RD ALLEN TX 75002,False,127345,1,0,FE000541-02-2018,FE000541-02-2018,Expired,2018-03-11,https://cityofallentx-energovweb.tylerhost.net/apps/selfservice#/businessLicense/b6cd5684-1f01-4312-894c-1a6a2e5b979c,1,1,2018-03-11,2018-03-11,0,0,0,,,1,1,2018-03-11,2018-03-11,0,0,0,,,0
db10d010-3bca-44c9-88c5-12c9a7d79895,db10d010-3bca-44c9-88c5-12c9a7d79895,1,Bawarchi Indian Cuisine@ AEC,,,Temporary Food Establishment - Food Establishment,Temporary Food Establishment - Food Establishment,food,True,False,license_food,Closed,2019-04-08,2021-06-21,200 E STACY RD  ALLEN TX 75002,False,127345,1,0,FE001355-02-2019,FE001355-02-2019,Expired,2019-04-07,https://cityofallentx-energovweb.tylerhost.net/apps/selfservice#/businessLicense/0945ab17-7315-4a98-9cea-e09274d43b80,0,0,,,0,0,0,,,0,0,,,0,0,0,,,0
1035bc2c-231f-4ecd-a26a-c9a9540bab8e,1035bc2c-231f-4ecd-a26a-c9a9540bab8e,1,Beaubeaux's Bourbon & Biscuits,,,Heavy - Food Establishment,Heavy - Food Establishment | Heavy Food Preparation,food,False,False,license_food | op_permit_food,Closed,,2024-12-05,965 GARDEN PARK DR T Unit: A ALLEN TX 75013,False,134224,2,1,FE003285-09-2021,FE004521-04-2023,Expired,2024-04-22,https://cityofallentx-energovweb.tylerhost.net/apps/selfservice#/businessLicense/b18e9874-5293-4e83-b68c-29245073fc7a,6,6,2022-11-30,2023-09-22,5,0,1,76,2023-08-28,6,6,2022-11-30,2023-09-22,5,0,1,76,2023-08-28,0
b2fe2512-3043-4a88-b81e-fd38cc8e6b9d,b2fe2512-3043-4a88-b81e-fd38cc8e6b9d,1,Bella Mia Winery,,,Temporary Food Establishment - Food Establishment,Temporary Food Establishment - Food Establishment,food,True,False,license_food,Closed,2023-05-13,2023-05-13,Pilot Point TX 76258,True,,1,0,FE004539-04-2023,FE004539-04-2023,Expired,2024-05-13,https://cityofallentx-energovweb.tylerhost.net/apps/selfservice#/businessLicense/acd983a1-77d5-4b51-8c21-de1e9f7c0573,0,0,,,0,0,0,,,0,0,,,0,0,0,,,0
394bbd5a-c1da-4e77-9bae-2081d78d2040,394bbd5a-c1da-4e77-9bae-2081d78d2040,1,Belle's Wood Fire Pizza,,,Special Event - Food Establishment,Special Event - Food Establishment,special event,True,False,license_special_event_food,Closed,2019-04-12,2019-04-12,Plano TX 75074,True,,1,0,FESP001459-04-2019,FESP001459-04-2019,Expired,2019-04-12,https://cityofallentx-energovweb.tylerhost.net/apps/selfservice#/businessLicense/49e4ddb2-4f17-4ace-8156-8f0e2cc7db84,1,1,2019-04-12,2019-04-12,0,0,0,,,1,1,2019-04-12,2019-04-12,0,0,0,,,0
c25a8a13-9810-4070-9662-f7e58601e4b0,c25a8a13-9810-4070-9662-f7e58601e4b0,1,Bengal Bay Grill,,,Heavy - Food Establishment,Heavy - Food Establishment | Heavy Food Preparation,food,False,False,license_food | op_permit_food,Closed,,2022-09-09,975 SH121 HWY Unit: 100 ALLEN TX 75013,False,126999,3,2,FE001736-08-2019,FE003216-08-2021,Expired,2022-08-24,https://cityofallentx-energovweb.tylerhost.net/apps/selfservice#/businessLicense/ecbcb1c3-446f-447c-8813-aa0e634dccad,5,5,2020-06-01,2022-05-05,1,0,0,,,5,5,2020-06-01,2022-05-05,1,0,0,,,0
c7b31920-c32d-45d2-b9d1-45c4db22d47b,c7b31920-c32d-45d2-b9d1-45c4db22d47b,1,Bethany Enterprises Inc,,,No Prep - Food Establishment,No Prep - Food Establishment,food,False,False,license_food,Closed,2018-01-04,2018-12-11,1106 E BETHANY DR  ALLEN TX 75002,False,115005,1,0,FE000361-10-2017,FE000361-10-2017,Expired,2018-10-12,https://cityofallentx-energovweb.tylerhost.net/apps/selfservice#/businessLicense/cd1ccdf4-f7a0-45ce-b6ca-06a7bfe6b6fa,2,2,2018-01-04,2018-07-05,0,0,0,,,2,2,2018-01-04,2018-07-05,0,0,0,,,0
ff3ed1b2-7c15-46e4-83dc-408ad1990650,ff3ed1b2-7c15-46e4-83dc-408ad1990650,1,Bethany Tavern,,,Heavy Food Preparation,Heavy Food Preparation,food,False,False,op_permit_food,Closed,2017-07-11,2026-06-29,604 W BETHANY DR  Unit: 102 ALLEN TX 75013,False,119430,8,8,FE000398-11-2017,FE006064-04-2025,Annual Renewal Completed,2027-05-16,https://cityofallentx-energovweb.tylerhost.net/apps/selfservice#/operationalPermit/cb2fa410-06b4-4048-940a-645970891a5e,17,17,2018-01-16,2024-12-12,2,0,0,,,17,17,2018-01-16,2024-12-12,2,0,0,,,0
d32258ef-1664-4fda-a588-ae5a2a620135,d32258ef-1664-4fda-a588-ae5a2a620135,1,Beverly Elementary School Plano ISD,,,Heavy Food Preparation,Heavy Food Preparation,food,False,False,op_permit_food,Open,2017-10-02,,715 DUCHESS DR  ALLEN TX 75013,False,113086,9,9,FE000297-09-2017,FE-007135-08-2026,Annual Renewal Completed,,https://cityofallentx-energovweb.tylerhost.net/apps/selfservice#/operationalPermit/c9329b6d-b542-4ef4-8df9-826e52489d5b,20,20,2017-10-02,2026-09-30,0,0,6,100,2026-04-28,20,20,2017-10-02,2026-09-30,0,0,6,100,2026-04-28,0
15cc38d9-7360-4660-a3b2-9fddec1950fb,15cc38d9-7360-4660-a3b2-9fddec1950fb,1,Big Blue Marble Academy,,,Day Care Facility,Day Care Facility,day care,False,False,op_permit_daycare,Open,,,550 Trinity Dr. Allen TX 75002,False,,2,2,DC005868-01-2025,DC006589-01-2026,Pending Payment,2027-01-27,https://cityofallentx-energovweb.tylerhost.net/apps/selfservice#/operationalPermit/2688016A-EDA4-43A5-9665-3F0A3B42D714,4,4,2025-06-18,2026-12-04,0,0,2,88,2025-12-02,4,4,2025-06-18,2026-12-04,0,0,2,88,2025-12-02,0
f1ffffc5-d072-44ac-b636-0e04b2319db7,f1ffffc5-d072-44ac-b636-0e04b2319db7,1,Big Erns margaritas,,,Temporary Food Establishments,Heavy Food Preparation | Temporary Food Establishments,food,True,False,op_permit_food,Open,,,1221 JOHNSON RD ALLEN TX 75013,False,134247,2,2,FE-007171-09-2026,FE-007172-09-2026,Pending Payment,2999-01-01,https://cityofallentx-energovweb.tylerhost.net/apps/selfservice#/operationalPermit/4bfd6bf8-688e-4d10-9c4b-6a3c59c47046,0,0,,,0,0,0,,,0,0,,,0,0,0,,,0
d9562305-56c3-4ea5-a199-b01fb0d07a04,d9562305-56c3-4ea5-a199-b01fb0d07a04,1,Big Lots # 1650,,,No Prep - Food Establishment,No Food Preparation | No Prep - Food Establishment,food,False,False,license_food | op_permit_food,Closed,,2020-01-17,117 N GREENVILLE AVE ALLEN TX 75002,False,103592,2,1,FE000589-03-2018,FE001634-06-2019,Expired,2020-03-03,https://cityofallentx-energovweb.tylerhost.net/apps/selfservice#/businessLicense/5302dc4e-9939-40f7-afa0-769ebf490509,4,3,2017-12-08,2019-06-21,0,0,0,,,4,3,2017-12-08,2019-06-21,0,0,0,,,0
30081231-2158-4ace-9c72-a79495b0459c,30081231-2158-4ace-9c72-a79495b0459c,1,Big Rays BBQ,,,Heavy Food Preparation,Heavy Food Preparation,food,False,False,op_permit_food,Open,2017-09-28,,400 E MAIN ST ALLEN TX 75002,False,100081,9,9,FE000612-03-2018,FE006798-03-2026,Annual Renewal Completed,2027-03-19,https://cityofallentx-energovweb.tylerhost.net/apps/selfservice#/operationalPermit/DED8777C-A418-47D5-AC66-64A8F6EC423F,17,16,2017-09-28,2026-04-23,1,0,3,89,2025-07-17,17,16,2017-09-28,2026-04-23,1,0,3,89,2025-07-17,0
9c75b6eb-707a-46e2-8de8-07882c99d35a,9c75b6eb-707a-46e2-8de8-07882c99d35a,1,Big Texas Mobile Food Service LLC # VYD 3420,,,Mobile Construction Site Food Vehicle:,Mobile Construction Site Food Vehicle:,food,True,False,op_permit_food,Closed,,2026-05-08,Dallas TX 75223,True,,1,1,FE006103-05-2025,FE006103-05-2025,Closed,,https://cityofallentx-energovweb.tylerhost.net/apps/selfservice#/operationalPermit/DDB6CA6E-6C6C-46C2-9280-BE76DE87D0A6,1,1,2025-05-02,2025-05-02,0,0,0,,,1,1,2025-05-02,2025-05-02,0,0,0,,,0
17372bad-c64e-48fa-8493-152e220e07dc,17372bad-c64e-48fa-8493-152e220e07dc,1,Big Tony West Philly Cheesesteaks,,,Heavy Food Preparation,Heavy Food Preparation,food,False,False,op_permit_food,Open,2017-07-14,,740 S GREENVILLE AVE Unit: 400 ALLEN TX 75002,False,122801,9,9,FE000654-03-2018,FE006869-04-2026,Annual Renewal Completed,2027-04-02,https://cityofallentx-energovweb.tylerhost.net/apps/selfservice#/operationalPermit/320C7C87-6633-4C10-A207-3B8F3C7D9FF6,24,23,2017-10-20,2025-08-21,7,0,1,96,2025-08-21,24,23,2017-10-20,2025-08-21,7,0,1,96,2025-08-21,0
87e640f8-fbbf-4563-b185-407272ecde72,87e640f8-fbbf-4563-b185-407272ecde72,1,Biggby Coffee,,,Light - Food Establishment,Light - Food Establishment | Light Food Preparation,food,False,False,license_food | op_permit_food,Closed,2017-10-05,2019-12-03,945 W STACY RD  Unit: 150 ALLEN TX 75013,False,129644,3,2,FE000042-04-2017,FE001469-04-2019,Expired,2020-04-05,https://cityofallentx-energovweb.tylerhost.net/apps/selfservice#/businessLicense/4a887424-432b-4063-8297-fa0ad96821a0,5,4,2017-10-05,2019-04-24,0,0,0,,,5,4,2017-10-05,2019-04-24,0,0,0,,,0
b7c43488-14ec-489b-827c-2531cff9d698,b7c43488-14ec-489b-827c-2531cff9d698,1,Black Walnut Cafe,,,Heavy - Food Establishment,Heavy - Food Establishment | Heavy Food Preparation,food,False,False,license_food | op_permit_food,Closed,2017-09-25,2025-03-03,955 W STACY RD  ALLEN TX 75013,False,129643,8,6,FE000679-04-2018,FE005322-05-2024,Expired,2025-04-09,https://cityofallentx-energovweb.tylerhost.net/apps/selfservice#/businessLicense/3ba85383-38df-4155-8901-9bfebf9c3ca2,22,22,2017-09-25,2024-10-29,3,0,1,82,2023-08-02,22,22,2017-09-25,2024-10-29,3,0,1,82,2023-08-02,0
c0a5f415-6c27-457e-b8a6-3439f0545702,c0a5f415-6c27-457e-b8a6-3439f0545702,1,Bliss Cupcakes & Confections,,,Heavy - Food Establishment,Heavy - Food Establishment | Heavy Food Preparation,food,False,False,license_food | op_permit_food,Closed,2017-10-19,2023-10-12,190 E STACY RD B1400 Unit: 1414 ALLEN TX 75002,False,127348,6,5,FE000408-11-2017,FE004172-12-2022,Expired,2023-11-08,https://cityofallentx-energovweb.tylerhost.net/apps/selfservice#/businessLicense/61ceb96e-071c-4c0b-b8ec-e3139891ca5f,11,11,2017-10-19,2023-01-10,0,0,0,,,11,11,2017-10-19,2023-01-10,0,0,0,,,0
3da8ab88-48b6-4276-857a-bce5e82b2164,3da8ab88-48b6-4276-857a-bce5e82b2164,1,Blu Community Bistro,,,Heavy Food Preparation,Heavy Food Preparation,food,False,False,op_permit_food,Open,2018-03-05,,300 RIVERCREST BLVD D ALLEN TX 75002,False,107359,6,6,FE000515-01-2018,FE006120-05-2025,Annual Renewal Completed,2027-01-31,https://cityofallentx-energovweb.tylerhost.net/apps/selfservice#/operationalPermit/fc69bd5e-744b-4695-9ca6-3932a20a011b,17,15,2018-03-20,2027-03-01,5,0,0,,,17,15,2018-03-20,2027-03-01,5,0,0,,,0
3c41202c-0aa1-476d-b8d1-a7fd84f3c955,3c41202c-0aa1-476d-b8d1-a7fd84f3c955,1,Blue Fish Japanese Restaurant,,,Heavy Food Preparation,Heavy Food Preparation,food,False,False,op_permit_food,Open,2017-04-20,,940  GARDEN PARK DR B ALLEN TX 75013,False,129666,9,9,FE000672-04-2018,FE006844-04-2026,Annual Renewal Completed,2027-04-08,https://cityofallentx-energovweb.tylerhost.net/apps/selfservice#/operationalPermit/47E61C6D-9B5C-44A9-8D73-7E15D30132B7,21,21,2018-01-24,2026-09-27,6,0,4,76,2025-06-16,21,21,2018-01-24,2026-09-27,6,0,4,76,2025-06-16,0
04d8bd2b-c823-42ee-a717-0e30585469a8,04d8bd2b-c823-42ee-a717-0e30585469a8,1,Blue Jug Alkaline Water & Health Market,,,No Food Preparation,No Food Preparation,food,False,False,op_permit_food,Open,,,2035 W MCDERMOTT DR Unit: 410 ALLEN TX 75013,False,113434,4,4,FE003892-07-2022,FE-006983-07-2026,Annual Renewal Completed,2027-07-16,https://cityofallentx-energovweb.tylerhost.net/apps/selfservice#/operationalPermit/04e7daef-3522-4f84-a163-3c872d1f3087,5,5,2023-08-11,2027-09-03,0,0,2,100,2025-07-22,5,5,2023-08-11,2027-09-03,0,0,2,100,2025-07-22,0
391f2a42-2821-4d32-b255-8e0427674a00,391f2a42-2821-4d32-b255-8e0427674a00,1,Blue Sky Sports Center,,,Light - Food Establishment,Light - Food Establishment | Light Food Preparation,food,False,False,license_food | op_permit_food,Closed,2017-09-13,2023-04-10,950 E MAIN ST ALLEN TX 75002,False,127735,6,5,FE000041-04-2017,FE003716-04-2022,Expired,2023-04-17,https://cityofallentx-energovweb.tylerhost.net/apps/selfservice#/businessLicense/d3ba534b-38a8-46af-8b68-4ae7acead3a7,7,7,2018-09-13,2022-11-03,0,0,0,,,7,7,2018-09-13,2022-11-03,0,0,0,,,0
729c96e7-b155-4b59-b884-6b7fb992a564,729c96e7-b155-4b59-b884-6b7fb992a564,1,Boardwalk Bites #1 - Allen USA,,,Temporary Food Establishment - Food Establishment,Temporary Food Establishment - Food Establishment | Temporary Food Establishments,food,True,False,license_food | op_permit_food,Closed,,2022-09-21,701 ANGEL PKWY  ALLEN TX 75002,False,121106,2,1,FE001578-06-2019,FE003063-06-2021,Expired,2021-06-26,https://cityofallentx-energovweb.tylerhost.net/apps/selfservice#/businessLicense/45f5e77a-ee96-4d4c-9596-080d320dbe17,2,2,2019-06-28,2021-06-25,0,0,0,,,2,2,2019-06-28,2021-06-25,0,0,0,,,0
a8d3d505-71d6-4c66-a3db-aa84a3ea9d17,a8d3d505-71d6-4c66-a3db-aa84a3ea9d17,1,Boardwalk Bites #2 - Allen USA,,,Temporary Food Establishment - Food Establishment,Temporary Food Establishment - Food Establishment,food,True,False,license_food,Closed,,2022-09-21,701 ANGEL PKWY  ALLEN TX 75002,False,121106,1,0,FE001579-06-2019,FE001579-06-2019,Expired,2019-06-29,https://cityofallentx-energovweb.tylerhost.net/apps/selfservice#/businessLicense/7b2fbc12-e3bc-473f-b03e-eaba31b26e87,1,1,2019-06-28,2019-06-28,0,0,0,,,1,1,2019-06-28,2019-06-28,0,0,0,,,0
8ddbff43-656c-41ca-b7c7-15b2db3138a6,8ddbff43-656c-41ca-b7c7-15b2db3138a6,1,Boardwalk Bites Trailer-405J,,,Mobile Food Prep Unit - Food Establishment,Mobile Food Establishment | Mobile Food Prep Unit - Food Establishment,food,True,False,license_food | op_permit_food,Closed,2019-03-08,2023-09-28,,False,,4,3,FE001383-03-2019,FE004079-09-2022,Expired,2023-09-13,https://cityofallentx-energovweb.tylerhost.net/apps/selfservice#/businessLicense/8888afc8-c896-4fc9-b573-62bfa199bcfb,4,4,2019-03-08,2022-09-27,0,0,0,,,4,4,2019-03-08,2022-09-27,0,0,0,,,0
1992452c-2079-400f-8957-b77c02361e1d,1992452c-2079-400f-8957-b77c02361e1d,1,Boardwalk Bites- Ziggy-7793,,,Mobile Food Establishment,Mobile Food Establishment,food,True,False,op_permit_food,Closed,,2026-09-22,Allen TX 75002,True,,4,4,FE004063-09-2022,FE006403-09-2025,Expired,2026-09-22,https://cityofallentx-energovweb.tylerhost.net/apps/selfservice#/operationalPermit/4EE17226-5F6C-4222-89D5-DEFE1FDF9626,5,4,2022-09-09,2025-09-24,0,0,0,,,5,4,2022-09-09,2025-09-24,0,0,0,,,0
cdf52457-3d6c-498d-963c-fb8a881f74fd,cdf52457-3d6c-498d-963c-fb8a881f74fd,1,Boba Republic,,,Light - Food Establishment,Light - Food Establishment | Light Food Preparation,food,False,False,license_food | op_permit_food,Closed,,2024-10-04,975 SH121 HWY Unit: 160 ALLEN TX 75013,False,126999,4,3,FE002217-03-2020,FE004494-04-2023,Expired,2024-03-29,https://cityofallentx-energovweb.tylerhost.net/apps/selfservice#/businessLicense/345a0340-a6b3-49f7-826a-49976cba0115,14,14,2020-06-01,2023-10-09,4,0,1,81,2023-09-20,14,14,2020-06-01,2023-10-09,4,0,1,81,2023-09-20,0
df62596d-3ff9-499f-b1d2-eb70092ef671,df62596d-3ff9-499f-b1d2-eb70092ef671,1,Bolin Elem School - Allen ISD,,,Heavy Food Preparation,Heavy Food Preparation,food,False,False,op_permit_food,Open,2017-09-14,,5705 CHEYENNE DR ALLEN TX 75002,False,,9,9,FE000333-10-2017,FE-007006-07-2026,Active,,https://cityofallentx-energovweb.tylerhost.net/apps/selfservice#/operationalPermit/4dc53a53-2810-40cf-9cd9-c9dfffbc7ce0,16,16,2018-09-10,2026-09-27,0,0,6,99,2026-03-09,16,16,2018-09-10,2026-09-27,0,0,6,99,2026-03-09,0
378891fc-92d0-45de-a4f2-6091899faec6,378891fc-92d0-45de-a4f2-6091899faec6,1,Bombay Chopstix@AEC(HDJ2678),,,Special Event - Food Establishment,Special Event - Food Establishment,special event,True,False,license_special_event_food,Closed,,2021-06-21,200 E STACY RD ALLEN TX 75002,False,127345,1,0,FESP000723-04-2018,FESP000723-04-2018,Expired,2018-04-28,https://cityofallentx-energovweb.tylerhost.net/apps/selfservice#/businessLicense/1f674a08-7332-43bf-92e4-03941e745c4f,0,0,,,0,0,0,,,0,0,,,0,0,0,,,0
8f53bb63-3b83-4581-9665-210e1c15fec0,8f53bb63-3b83-4581-9665-210e1c15fec0,1,Bonefish Grill,,,Heavy Food Preparation,Heavy Food Preparation,food,False,False,op_permit_food,Open,,,190 E STACY RD Unit: 100 ALLEN TX 75002,False,127332,9,9,FE000420-11-2017,FE006464-10-2025,Annual Renewal Completed,2026-11-21,https://cityofallentx-energovweb.tylerhost.net/apps/selfservice#/operationalPermit/6EEB05D7-1900-4B20-8D92-C33C26A0785C,16,16,2018-02-20,2026-09-27,0,0,4,73,2025-09-29,16,16,2018-02-20,2026-09-27,0,0,4,73,2025-09-29,0
e07d740b-ed27-4364-b9ca-9858455595a6,e07d740b-ed27-4364-b9ca-9858455595a6,1,Bonham Coffee LLC,Scooter's Coffee,,No Food Preparation,No Food Preparation,food,False,False,op_permit_food,Open,,,1535 E MAIN ST ALLEN TX 75002,False,127710,1,1,FE-007016-07-2026,FE-007016-07-2026,Revoked,2999-01-01,https://cityofallentx-energovweb.tylerhost.net/apps/selfservice#/operationalPermit/74864802-0df5-4f38-82c4-523cdc054555,0,0,,,0,0,0,,,0,0,,,0,0,0,,,0
5ce03e43-5ffb-4208-bc63-d75f84b9bb19,5ce03e43-5ffb-4208-bc63-d75f84b9bb19,2,Bonnie Ruth's,,,Heavy - Food Establishment,Heavy - Food Establishment | Heavy Food Preparation,food,False,False,license_food | op_permit_food,Closed,2018-01-05,2018-10-19,916  GARDEN PARK DR A ALLEN TX 75013,False,129666,2,1,FE000118-06-2017,FE000869-06-2018,Expired,2019-06-02,https://cityofallentx-energovweb.tylerhost.net/apps/selfservice#/businessLicense/20e1f6cd-e9e5-4516-927d-b21e4090dc3c,4,3,2018-01-05,2018-06-28,2,0,0,,,4,3,2018-01-05,2018-06-28,2,0,0,,,0
a0b3560c-bafc-411d-a574-9a3f98f4520c,5ce03e43-5ffb-4208-bc63-d75f84b9bb19,2,Bonnie Ruth's,,,Heavy - Food Establishment,Heavy - Food Establishment,food,False,False,license_food,Closed,2017-04-05,2018-10-19,916  GARDEN PARK DR A ALLEN TX 75013,False,,1,0,FE000009-04-2017,FE000009-04-2017,Expired,2018-04-03,https://cityofallentx-energovweb.tylerhost.net/apps/selfservice#/businessLicense/e1fe5f74-fda6-41ea-8205-1f15fa2c001b,0,0,,,0,0,0,,,4,3,2018-01-05,2018-06-28,2,0,0,,,0
fd61c880-2862-40e1-952e-73206f4f6359,fd61c880-2862-40e1-952e-73206f4f6359,1,Bowl and Chopstix,,,Heavy Food Preparation,Heavy Food Preparation,food,False,False,op_permit_food,Open,2017-07-12,,740 S GREENVILLE AVE Unit: 600 ALLEN TX 75013,False,122801,9,9,FE000424-11-2017,FE006508-11-2025,Annual Renewal Completed,2026-11-22,https://cityofallentx-energovweb.tylerhost.net/apps/selfservice#/operationalPermit/2CA4B53A-BA58-4BF7-AD5D-0677DB52AA74,18,18,2018-01-11,2026-09-27,1,0,0,,,18,18,2018-01-11,2026-09-27,1,0,0,,,0
2b46d882-9fd0-48bb-9ffa-fdfb7a65b2ba,2b46d882-9fd0-48bb-9ffa-fdfb7a65b2ba,1,Boyd Elementary - Allen ISD,,,Heavy Food Preparation,Heavy Food Preparation,food,False,False,op_permit_food,Open,2017-09-15,,800 S JUPITER RD ALLEN TX 75002,False,106196,9,9,FE000320-09-2017,FE-007011-07-2026,Active,,https://cityofallentx-energovweb.tylerhost.net/apps/selfservice#/operationalPermit/b76845e3-140c-49ad-8377-7c2767dcdf82,17,17,2018-09-10,2026-09-30,0,0,5,97,2025-10-24,17,17,2018-09-10,2026-09-30,0,0,5,97,2025-10-24,0
abb8b70d-3fae-49e4-ac1e-79f6b0117aa6,abb8b70d-3fae-49e4-ac1e-79f6b0117aa6,2,Braum's Ice Cream # 278,,,Heavy Food Preparation,Heavy Food Preparation,food,False,False,op_permit_food,Open,,,1222 W McDermott Dr Allen TX 75013,False,,3,3,FE004909-10-2023,FE-007117-08-2026,Annual Renewal Completed,2027-08-22,https://cityofallentx-energovweb.tylerhost.net/apps/selfservice#/operationalPermit/c9b779c4-5ccd-43b0-8614-15dc12bb5daa,9,8,2024-07-31,2026-09-27,4,0,0,,,25,23,2018-04-17,2026-09-27,7,0,1,83,2023-08-21,0
2f0e30b3-fea0-4be8-ad0e-963ce5f7cd61,2f0e30b3-fea0-4be8-ad0e-963ce5f7cd61,1,Braum's Ice Cream #177,,,Heavy Food Preparation,Heavy Food Preparation,food,False,False,op_permit_food,Open,,,805 E MAIN ST ALLEN TX 75002,False,106279,8,8,FE000593-03-2018,FE006780-03-2026,Annual Renewal Completed,2027-03-13,https://cityofallentx-energovweb.tylerhost.net/apps/selfservice#/operationalPermit/9A1C71B6-4A23-40D8-884C-0F2E843E5081,27,26,2018-03-13,2026-09-27,6,0,0,,,27,26,2018-03-13,2026-09-27,6,0,0,,,0
e4dcab44-c10b-49cb-bca4-5c1cfce489ba,abb8b70d-3fae-49e4-ac1e-79f6b0117aa6,2,Braum's Ice Cream #278,,,Heavy - Food Establishment,Heavy - Food Establishment | Heavy Food Preparation,food,False,False,license_food | op_permit_food,Closed,2017-08-03,2024-11-01,1222 W MCDERMOTT DR  ALLEN TX 75013,False,115114,6,5,FE000258-08-2017,FE004036-09-2022,Expired,2023-08-22,https://cityofallentx-energovweb.tylerhost.net/apps/selfservice#/businessLicense/fbbcb2e6-e7c2-4b99-8fbb-801ae5bb4c7b,16,15,2018-04-17,2023-09-07,3,0,1,83,2023-08-21,25,23,2018-04-17,2026-09-27,7,0,1,83,2023-08-21,0
b02b9b40-44fb-499d-8595-e1aed48c2744,b02b9b40-44fb-499d-8595-e1aed48c2744,1,Bread Winners Cafe & Bakery,,,Heavy - Food Establishment,Heavy - Food Establishment,food,False,False,license_food,Closed,,2026-04-13,916 Garden Park Drive Unit: Suite# 500 Allen TX 75013,False,,1,0,FE005848-01-2025,FE005848-01-2025,Closed,,https://cityofallentx-energovweb.tylerhost.net/apps/selfservice#/businessLicense/6bf02283-7d59-4508-98d7-f013b657c388,3,2,2025-05-15,2025-10-27,0,0,0,,,3,2,2025-05-15,2025-10-27,0,0,0,,,0
74124d3e-20f6-44c8-8411-358431fbf92c,74124d3e-20f6-44c8-8411-358431fbf92c,1,Brenham Kitchens,,,Special Event - Food Establishment,Special Event - Food Establishment,special event,True,False,license_special_event_food,Closed,,2025-02-21,Allen TX 75002,True,,1,0,FESP005969-02-2025,FESP005969-02-2025,Expired,2025-02-23,https://cityofallentx-energovweb.tylerhost.net/apps/selfservice#/businessLicense/a426e335-3432-4a18-8ea4-314c7d521fec,1,1,2025-02-21,2025-02-21,0,0,0,,,1,1,2025-02-21,2025-02-21,0,0,0,,,0
37249957-a659-469c-a72b-ff116218815a,37249957-a659-469c-a72b-ff116218815a,1,"Brinko Multiservices, Inc",,,Mobile Food Prep Unit - Food Establishment,Mobile Food Establishment | Mobile Food Prep Unit - Food Establishment,food,True,False,license_food | op_permit_food,Closed,,2025-11-07,Prosper TX 75078,True,,4,3,FE002889-03-2021,FE005226-03-2024,Closed,,https://cityofallentx-energovweb.tylerhost.net/apps/selfservice#/businessLicense/ceffb96e-f0ed-4d48-952a-92bacc369177,9,9,2021-03-12,2024-11-26,1,3,0,,,9,9,2021-03-12,2024-11-26,1,3,0,,,0
9432ceff-fd7d-4a70-a8f1-f49ba5511ad4,9432ceff-fd7d-4a70-a8f1-f49ba5511ad4,1,Brio,,,Heavy - Food Establishment,Heavy - Food Establishment | Heavy Food Preparation,food,False,False,license_food | op_permit_food,Closed,,2026-04-09,810 CENTRAL EXPY K ALLEN TX 75013,False,129666,6,5,FE002560-10-2020,FE006471-10-2025,Closed,,https://cityofallentx-energovweb.tylerhost.net/apps/selfservice#/businessLicense/f804a83a-0bcf-40d7-bdd8-42267fd584e6,9,8,2021-03-02,2025-08-25,1,0,1,95,2023-08-28,9,8,2021-03-02,2025-08-25,1,0,1,95,2023-08-28,0
36fb5de9-bb47-4e95-93ae-c5feaeb53d09,36fb5de9-bb47-4e95-93ae-c5feaeb53d09,1,Brookhaven Preschool,,,Day Care Facility,Day Care Facility,day care,False,False,op_permit_daycare,Open,2017-05-08,,401 S JUPITER RD ALLEN TX 75002,False,,10,10,DC000024-04-2017,DC006838-04-2026,Annual Renewal Completed,2027-04-17,https://cityofallentx-energovweb.tylerhost.net/apps/selfservice#/operationalPermit/31B0034C-A71C-4674-9041-C1A5B916D6AA,15,15,2017-05-08,2026-09-27,0,0,0,,,15,15,2017-05-08,2026-09-27,0,0,0,,,0
97002c80-2a57-44f7-aac5-4759ca907a68,97002c80-2a57-44f7-aac5-4759ca907a68,1,Brooklyn's Pizzaria,,,Heavy - Food Establishment,Heavy - Food Establishment,food,False,False,license_food,Closed,2017-09-25,2019-01-18,1314 W MCDERMOTT DR  Unit: 170 ALLEN TX 75013,False,113690,1,0,FE000224-08-2017,FE000224-08-2017,Expired,2018-08-01,https://cityofallentx-energovweb.tylerhost.net/apps/selfservice#/businessLicense/92ac6edc-d581-4ccb-b502-9dd83f7d49a9,2,1,2017-09-25,2017-09-25,0,0,0,,,2,1,2017-09-25,2017-09-25,0,0,0,,,0
89e1bad4-8c7b-4134-8251-59aa1c8e2bbd,89e1bad4-8c7b-4134-8251-59aa1c8e2bbd,1,Brothers Pizza 2Go,,,Heavy - Food Establishment,Heavy - Food Establishment,food,False,False,license_food,Closed,2019-02-26,2020-01-23,950 W STACY RD  Unit: 160 ALLEN TX 75013,False,,1,0,FE000999-08-2018,FE000999-08-2018,Expired,2019-11-14,https://cityofallentx-energovweb.tylerhost.net/apps/selfservice#/businessLicense/6e8ac24b-955a-495e-a352-d0f911887453,2,1,2019-02-26,2019-02-26,0,0,0,,,2,1,2019-02-26,2019-02-26,0,0,0,,,0
3656da09-e78d-4d4b-88e5-0521e6e06021,3656da09-e78d-4d4b-88e5-0521e6e06021,1,Bruster's Real Ice Cream,,,Ice Cream Truck - Food Establishment,Ice Cream Truck - Food Establishment,food,True,False,license_food,Closed,2019-12-16,2021-01-05,820 W STACY RD ALLEN TX 75013,False,120610,1,0,FE001932-12-2019,FE001932-12-2019,Expired,2020-12-12,https://cityofallentx-energovweb.tylerhost.net/apps/selfservice#/businessLicense/61a6a74c-2723-4452-9653-38f9999d6ada,2,2,2019-12-16,2020-09-02,0,0,0,,,2,2,2019-12-16,2020-09-02,0,0,0,,,0
c192e74f-9567-49a9-967d-3c3b84e8ea1c,c192e74f-9567-49a9-967d-3c3b84e8ea1c,1,Building#1 - The HUB,,,Heavy Food Preparation,Heavy Food Preparation,food,False,False,op_permit_food,Open,,,1289 Johnson RD Unit: Bldg 1 Allen TX 75013,False,,4,4,FE004110-10-2022,FE006452-10-2025,Annual Renewal Completed,2026-10-17,https://cityofallentx-energovweb.tylerhost.net/apps/selfservice#/operationalPermit/95986095-70BE-40D7-BDEA-0CE53947FED4,3,2,2022-12-01,2024-10-10,0,0,0,,,3,2,2022-12-01,2024-10-10,0,0,0,,,0
1b818df8-9e8a-48f0-b697-c8edb5f34f51,1b818df8-9e8a-48f0-b697-c8edb5f34f51,1,Bull Lion Winery,,,Temporary Food Establishment - Food Establishment,Temporary Food Establishment - Food Establishment,food,True,False,license_food,Closed,2023-05-13,2023-05-13,Hico TX 76457,True,,1,0,FE004551-04-2023,FE004551-04-2023,Expired,2023-05-13,https://cityofallentx-energovweb.tylerhost.net/apps/selfservice#/businessLicense/4c9350af-90ef-4111-bf05-492583b02bae,0,0,,,0,0,0,,,0,0,,,0,0,0,,,0
ad9ab3b1-60d9-45e7-b846-c9880691466f,ad9ab3b1-60d9-45e7-b846-c9880691466f,1,Burger 360 Truck@Cottonwood Creek,,,Special Event - Food Establishment,Special Event - Food Establishment,special event,True,False,license_special_event_food,Closed,,2022-11-09,1015 SH121 HWY ALLEN TX 75013,False,121680,1,0,FESP000388-10-2017,FESP000388-10-2017,Expired,2017-10-28,https://cityofallentx-energovweb.tylerhost.net/apps/selfservice#/businessLicense/76baf394-6523-49db-bd6b-35c6b5a287bd,1,1,2017-10-27,2017-10-27,0,0,0,,,1,1,2017-10-27,2017-10-27,0,0,0,,,0
c72c932e-40fe-4236-adea-600f67e3f08c,c72c932e-40fe-4236-adea-600f67e3f08c,1,Burger 82 Inc,,,Heavy Food Preparation,Heavy Food Preparation,food,False,False,op_permit_food,Open,,,880 W EXCHANGE PKWY 1 Unit: 1150 ALLEN TX 75013,False,121778,5,5,FE003155-07-2021,FE-006928-06-2026,Annual Renewal Completed,2027-07-31,https://cityofallentx-energovweb.tylerhost.net/apps/selfservice#/operationalPermit/58e4bb4c-57fd-421c-ad2f-3dd7e5a54b3b,8,8,2021-12-29,2025-09-17,1,0,4,91,2025-09-11,8,8,2021-12-29,2025-09-17,1,0,4,91,2025-09-11,0
0a7f8c84-053c-4a11-b931-c88885915da6,0a7f8c84-053c-4a11-b931-c88885915da6,1,Burger Hut,,,Special Event - Food Establishment,Special Event - Food Establishment,special event,True,False,license_special_event_food,Closed,,2022-03-21,909 Allen Central DR Allen TX 750136507,False,,1,0,FESP003659-03-2022,FESP003659-03-2022,Expired,2022-03-19,https://cityofallentx-energovweb.tylerhost.net/apps/selfservice#/businessLicense/02b42bec-9539-43cd-b9cb-9d470465160b,1,1,2022-03-18,2022-03-18,0,0,0,,,1,1,2022-03-18,2022-03-18,0,0,0,,,0
3887d5b6-9301-4fbf-bf6b-a60ac14661fb,3887d5b6-9301-4fbf-bf6b-a60ac14661fb,1,BurgerIM,,,Heavy - Food Establishment,Heavy - Food Establishment | Heavy Food Preparation,food,False,False,license_food | op_permit_food,Closed,,2020-11-05,820 W STACY RD 6 Unit: 620 ALLEN TX 75013,False,120610,3,2,FE000819-05-2018,FE002396-07-2020,Expired,2021-05-26,https://cityofallentx-energovweb.tylerhost.net/apps/selfservice#/businessLicense/1b08ef9e-9020-4756-8be8-64cd3bc646b1,5,4,2018-07-23,2020-07-29,0,0,0,,,5,4,2018-07-23,2020-07-29,0,0,0,,,0
5612252d-7f6e-4d49-a5e0-4a4a1fc8d075,5612252d-7f6e-4d49-a5e0-4a4a1fc8d075,1,Burgers & Curries,,,Heavy Food Preparation,Heavy Food Preparation,food,False,False,op_permit_food,Closed,,2026-06-09,705 S Custer Rd Unit: # 100 Allen TX 75013,False,,2,2,FE005336-05-2024,FE006323-08-2025,Closed,,https://cityofallentx-energovweb.tylerhost.net/apps/selfservice#/operationalPermit/E3CAF377-891A-4492-B50B-862E01B0D875,4,4,2024-08-21,2025-08-14,2,0,0,,,4,4,2024-08-21,2025-08-14,2,0,0,,,0
13f32883-23a6-4f8d-b16e-e8ec2a087afe,13f32883-23a6-4f8d-b16e-e8ec2a087afe,2,Buttermilk Sky Pie Shop,,,Heavy - Food Establishment,Heavy - Food Establishment,food,False,False,license_food,Closed,2018-01-17,2018-11-08,1008 W MCDERMOTT DR  Unit: 400 ALLEN TX 75013,False,117708,1,0,FE000399-11-2017,FE000399-11-2017,Expired,2018-11-02,https://cityofallentx-energovweb.tylerhost.net/apps/selfservice#/businessLicense/a61c0dcd-df7d-4f52-9829-6d27f2a60ccf,3,3,2018-01-17,2019-02-12,0,0,0,,,7,6,2018-01-17,2020-02-06,0,0,0,,,0
1b89e583-d1fb-46cc-b123-bfbbef3f6f94,13f32883-23a6-4f8d-b16e-e8ec2a087afe,2,Buttermilk Sky Pie Shop,,,Heavy - Food Establishment,Heavy - Food Establishment | Heavy Food Preparation,food,False,False,license_food | op_permit_food,Closed,2019-02-12,2020-07-09,1008 W MCDERMOTT DR  Unit: 400 ALLEN TX 75013,False,117708,2,1,FE001156-11-2018,FE001907-12-2019,Expired,2020-11-30,https://cityofallentx-energovweb.tylerhost.net/apps/selfservice#/businessLicense/ebd6b76d-2a39-4571-b7c2-dd9a322f8ba0,4,3,2019-02-12,2020-02-06,0,0,0,,,7,6,2018-01-17,2020-02-06,0,0,0,,,0
9e97bb33-96c2-44f9-a1c3-9f763dde0e7e,75db9581-29e5-487d-83b4-6b4cfc334fff,3,C & R BBQ,,,Special Event - Food Establishment,Special Event - Food Establishment,special event,True,False,license_special_event_food,Closed,,2026-02-02,1151 Ridgeview Dr Allen TX 75013,False,,1,0,FESP006443-10-2025,FESP006443-10-2025,Closed,,https://cityofallentx-energovweb.tylerhost.net/apps/selfservice#/businessLicense/4dacde25-0efd-40b6-b2ef-d6e6a7b63b5b,0,0,,,0,0,0,,,0,0,,,0,0,0,,,0
e7c4dbc8-738e-411d-9ba4-b3c25eb5a30e,e7c4dbc8-738e-411d-9ba4-b3c25eb5a30e,1,C & R BBQ,,,Special Event - Food Establishment,Special Event - Food Establishment,special event,True,False,license_special_event_food,Closed,,2026-02-02,Arlington TX 76015,True,,1,0,FESP006374-09-2025,FESP006374-09-2025,Closed,,https://cityofallentx-energovweb.tylerhost.net/apps/selfservice#/businessLicense/2fe0dd1c-7933-42a6-bcd6-fad350cc7ede,0,0,,,0,0,0,,,0,0,,,0,0,0,,,0
c6d132bd-b159-4de1-9236-bc9a03e8e0be,c6d132bd-b159-4de1-9236-bc9a03e8e0be,1,C&D Snack Shack #1,,,Mobile Food Establishment,Mobile Food Establishment,food,True,False,op_permit_food,Closed,2019-08-15,2026-08-31,Allen 75013,True,,6,6,FE001722-08-2019,FE006308-08-2025,Closed,,https://cityofallentx-energovweb.tylerhost.net/apps/selfservice#/operationalPermit/BAA50ADC-9B82-4E9F-8935-22789F51AA6E,20,20,2019-08-15,2026-03-10,3,3,0,,,20,20,2019-08-15,2026-03-10,3,3,0,,,0
de59a7f9-961b-462b-a6f3-fe156dc3d4d8,de59a7f9-961b-462b-a6f3-fe156dc3d4d8,1,C&D Snack Shack #2,,,Mobile Food Prep Unit - Food Establishment,Mobile Food Establishment | Mobile Food Prep Unit - Food Establishment,food,True,False,license_food | op_permit_food,Closed,,2021-03-04,820 W STACY RD 1 ALLEN TX 75013,False,120610,2,1,FE002422-07-2020,FE003269-08-2021,Expired,2022-08-01,https://cityofallentx-energovweb.tylerhost.net/apps/selfservice#/businessLicense/b3f1bfc4-05d0-461c-b9b2-5be88cf2e734,2,2,2020-07-29,2020-07-31,1,0,0,,,2,2,2020-07-29,2020-07-31,1,0,0,,,0
348c9674-8dd5-4833-9e83-db5d035d78bf,348c9674-8dd5-4833-9e83-db5d035d78bf,1,C&R BBQ,,,Special Event - Food Establishment,Special Event - Food Establishment,special event,True,False,license_special_event_food,Closed,2025-01-18,2025-01-23,Arlington TX 76015,True,,1,0,FESP005838-01-2025,FESP005838-01-2025,Expired,2025-01-18,https://cityofallentx-energovweb.tylerhost.net/apps/selfservice#/businessLicense/e600a67f-b639-4512-b62e-da83eb84fc36,0,0,,,0,0,0,,,0,0,,,0,0,0,,,0
5057aac6-1f82-4ad5-90ad-59945d809834,5057aac6-1f82-4ad5-90ad-59945d809834,1,C&R BBQ,,,Temporary Food Establishments,Temporary Food Establishments,food,True,False,op_permit_food,Closed,,2025-07-15,Arlington TX 76015,True,,1,1,FESP006089-04-2025,FESP006089-04-2025,Expired,2025-05-24,https://cityofallentx-energovweb.tylerhost.net/apps/selfservice#/operationalPermit/7B8B791F-D85C-45B2-8E0A-09AC13B9F68A,1,1,2025-05-02,2025-05-02,0,0,0,,,1,1,2025-05-02,2025-05-02,0,0,0,,,0
6e3a1c9f-ba19-4c81-93bc-9c35e8d4795a,6e3a1c9f-ba19-4c81-93bc-9c35e8d4795a,1,C&R BBQ,,,Temporary Food Establishments,Temporary Food Establishments,food,True,False,op_permit_food,Closed,,2026-02-02,Arlington TX 76015,True,,1,1,FESP006599-01-2026,FESP006599-01-2026,Expired,2026-01-17,https://cityofallentx-energovweb.tylerhost.net/apps/selfservice#/operationalPermit/79189361-C31A-4D08-BB58-C350418F4292,0,0,,,0,0,0,,,0,0,,,0,0,0,,,0
75db9581-29e5-487d-83b4-6b4cfc334fff,75db9581-29e5-487d-83b4-6b4cfc334fff,3,C&R BBQ,,,Temporary Food Establishments,Temporary Food Establishments,food,True,False,op_permit_food,Open,,,1151 RIDGEVIEW DR ALLEN TX 75013,False,121007,1,1,FE-007166-09-2026,FE-007166-09-2026,Active,2026-10-18,https://cityofallentx-energovweb.tylerhost.net/apps/selfservice#/operationalPermit/ceee8762-01ae-4793-86f5-dc704f376832,0,0,,,0,0,0,,,0,0,,,0,0,0,,,0
8f7e2d80-9bc7-4885-91e6-25cde180ba5a,8f7e2d80-9bc7-4885-91e6-25cde180ba5a,1,C&R BBQ,,,Temporary Food Establishments,Temporary Food Establishments,food,True,False,op_permit_food,Closed,,2025-08-01,Arlington TX 76015,True,,1,1,FESP006271-07-2025,FESP006271-07-2025,Expired,2025-07-26,https://cityofallentx-energovweb.tylerhost.net/apps/selfservice#/operationalPermit/E45C856F-F62C-4C41-979A-5F225BA04FEC,0,0,,,0,0,0,,,0,0,,,0,0,0,,,0
b776e90d-62ba-4b50-a0da-1b85ba67ed40,75db9581-29e5-487d-83b4-6b4cfc334fff,3,C&R BBQ,,,Special Event - Food Establishment,Special Event - Food Establishment,special event,True,False,license_special_event_food,Closed,2026-02-03,2026-03-03,1151 RIDGEVIEW DR ALLEN TX 75013,False,121007,1,0,FESP006666-02-2026,FESP006666-02-2026,Closed,,https://cityofallentx-energovweb.tylerhost.net/apps/selfservice#/businessLicense/aff57c7c-ecce-47e5-8280-9c893b8a27c3,0,0,,,0,0,0,,,0,0,,,0,0,0,,,0
c1af72ee-0fa4-40c4-888b-b1b4ceb13b32,c1af72ee-0fa4-40c4-888b-b1b4ceb13b32,1,C&R BBQ,,,Special Event - Food Establishment,Special Event - Food Establishment,special event,True,False,license_special_event_food,Closed,,2026-04-20,Arlington TX 76015,True,,1,0,FESP006783-03-2026,FESP006783-03-2026,Closed,,https://cityofallentx-energovweb.tylerhost.net/apps/selfservice#/businessLicense/700d4967-c931-411d-b437-a600ddcfd98d,0,0,,,0,0,0,,,0,0,,,0,0,0,,,0
c4830551-e071-46dc-a075-f36c1213f2e7,c4830551-e071-46dc-a075-f36c1213f2e7,1,C&R BBQ,,,Special Event - Food Establishment,Special Event - Food Establishment,special event,True,False,license_special_event_food,Closed,,2025-07-15,Arlington TX 76015,True,,1,0,FESP005871-01-2025,FESP005871-01-2025,Expired,2025-03-02,https://cityofallentx-energovweb.tylerhost.net/apps/selfservice#/businessLicense/d8a6f33a-7baf-4236-9424-de03364390cf,0,0,,,0,0,0,,,0,0,,,0,0,0,,,0
057fbbe9-59a3-44de-be29-972ed08ce37c,057fbbe9-59a3-44de-be29-972ed08ce37c,1,C&R BBQ- Chicano Sports,,,Special Event - Food Establishment,Special Event - Food Establishment,special event,True,False,license_special_event_food,Closed,,2026-04-20,Arlingtion TX 76015,True,,1,0,FESP006868-04-2026,FESP006868-04-2026,Closed,,https://cityofallentx-energovweb.tylerhost.net/apps/selfservice#/businessLicense/f9505d0b-642d-4601-99c2-327878c3945b,0,0,,,0,0,0,,,0,0,,,0,0,0,,,0
b5dc9de2-7c3b-4fac-af97-3bf7e56d83cc,b5dc9de2-7c3b-4fac-af97-3bf7e56d83cc,1,CCH Holiday Sales /  (Shaved Ice),,,Temporary Food Establishment - Food Establishment,Concession Stand - Food Establishment | Temporary Food Establishment - Food Establishment,food,True,False,license_food,Closed,,2022-02-08,150 E STACY RD B2400 Unit: 2400 ALLEN TX 75002,False,127339,2,0,FE000309-09-2017,FE000997-08-2018,Expired,2018-10-21,https://cityofallentx-energovweb.tylerhost.net/apps/selfservice#/businessLicense/b41cace0-5235-48df-b5cd-b93237b6fb2f,0,0,,,0,0,0,,,0,0,,,0,0,0,,,0
c76d56e6-c98c-4fbb-b864-d4fb06c74b48,c76d56e6-c98c-4fbb-b864-d4fb06c74b48,1,CCH Holiday Sales @Church Eleven 32,,,Temporary Food Establishment - Food Establishment,Temporary Food Establishment - Food Establishment,food,True,False,license_food,Closed,,2022-02-08,700 RIVERCREST BLVD ALLEN TX 75002,False,127247,1,0,FE001074-10-2018,FE001074-10-2018,Expired,2018-10-27,https://cityofallentx-energovweb.tylerhost.net/apps/selfservice#/businessLicense/a52b0865-f8a7-4e91-bf84-3af24c765bc9,0,0,,,0,0,0,,,0,0,,,0,0,0,,,0
56428d18-9c58-4629-9a5f-ab41bb05379e,56428d18-9c58-4629-9a5f-ab41bb05379e,1,CHEATHAM ELEMENTARY,,,Heavy Food Preparation,Heavy Food Preparation,food,False,False,op_permit_food,Open,2017-10-05,,1501 HOPEWELL DR  ALLEN TX 75013,False,127721,9,9,FE000340-10-2017,FE-007004-07-2026,Active,,https://cityofallentx-energovweb.tylerhost.net/apps/selfservice#/operationalPermit/a56215b4-879b-4a5f-a2be-c75403295e67,19,19,2017-10-05,2026-09-27,0,0,2,100,2025-03-27,19,19,2017-10-05,2026-09-27,0,0,2,100,2025-03-27,0
f2e541ea-c864-46e5-8325-05badb1c5ddf,f2e541ea-c864-46e5-8325-05badb1c5ddf,1,"CHEFYUMMYDISHES, LLC","CHEFYUMMYDISHES, LLC",,Special Event - Food Establishment,Special Event - Food Establishment,special event,True,False,license_special_event_food,Closed,,2022-01-31,Addison TX 75001,True,,1,0,FESP003521-01-2022,FESP003521-01-2022,Expired,2022-01-30,https://cityofallentx-energovweb.tylerhost.net/apps/selfservice#/businessLicense/4ba6ff35-f19b-4070-8160-c5cc50f6dbcb,0,0,,,0,0,0,,,0,0,,,0,0,0,,,0
6926736d-ce6f-4ab0-bccd-4669ae079737,6926736d-ce6f-4ab0-bccd-4669ae079737,1,CJ's Smoke House & Waterice,,,Special Event - Food Establishment,Special Event - Food Establishment,special event,True,False,license_special_event_food,Closed,2022-03-19,2022-03-19,Anna 75409,True,,1,0,FESP003661-03-2022,FESP003661-03-2022,Expired,2022-03-19,https://cityofallentx-energovweb.tylerhost.net/apps/selfservice#/businessLicense/9fc3ea64-457a-4890-b3c8-cde113471e6e,1,1,2022-03-18,2022-03-18,0,0,0,,,1,1,2022-03-18,2022-03-18,0,0,0,,,0
9fb6b449-10f5-44e3-954a-76316501fc6e,9fb6b449-10f5-44e3-954a-76316501fc6e,1,CUTX Community Grill #2 (0254),,,Mobile Food Establishment,Mobile Food Establishment,food,True,False,op_permit_food,Closed,,2026-09-22,900 W Bethany Unit: #500 Allen TX 75013,False,,4,4,FE004059-09-2022,FE006385-09-2025,Expired,2026-09-20,https://cityofallentx-energovweb.tylerhost.net/apps/selfservice#/operationalPermit/F048CAEF-A325-40FB-B505-3D13EF292355,7,7,2022-09-20,2025-09-09,0,1,0,,,7,7,2022-09-20,2025-09-09,0,1,0,,,0
93be947b-dc10-43e3-aab7-35134029b25a,93be947b-dc10-43e3-aab7-35134029b25a,1,CVS Pharmacy # 7249,,,No Prep - Food Establishment,No Food Preparation | No Prep - Food Establishment,food,False,False,license_food | op_permit_food,Closed,2017-08-01,2023-10-17,520 E MAIN ST ALLEN TX 75002,False,112554,6,5,FE000414-11-2017,FE004141-11-2022,Closed,,https://cityofallentx-energovweb.tylerhost.net/apps/selfservice#/businessLicense/9ca2b75b-ee29-4289-9da9-ddcd7b326bf3,12,12,2018-08-17,2023-10-13,0,0,1,98,2023-10-13,12,12,2018-08-17,2023-10-13,0,0,1,98,2023-10-13,0
abd09f49-e86a-4c22-bcfa-ab9dc7917ab3,abd09f49-e86a-4c22-bcfa-ab9dc7917ab3,1,CVS Pharmacy #1104,,,No Food Preparation,No Food Preparation,food,False,False,op_permit_food,Open,2017-09-12,,1540 E MAIN ST ALLEN TX 75002,False,123936,10,10,FE000021-04-2017,FE006815-03-2026,Annual Renewal Completed,2027-04-14,https://cityofallentx-energovweb.tylerhost.net/apps/selfservice#/operationalPermit/67AC3190-25F9-4D35-ADF0-71533459817C,11,10,2018-09-21,2025-07-28,0,0,3,99,2025-07-28,11,10,2018-09-21,2025-07-28,0,0,3,99,2025-07-28,0
6d7a0d7a-c3f9-40bb-a41d-8ed624729ec7,6d7a0d7a-c3f9-40bb-a41d-8ed624729ec7,1,CVS Pharmacy #3718,,,No Food Preparation,No Food Preparation,food,False,False,op_permit_food,Open,2017-10-17,,1550 E STACY RD ALLEN TX 75002,False,120988,9,9,FE000427-11-2017,FE006461-10-2025,Annual Renewal Completed,2026-11-27,https://cityofallentx-energovweb.tylerhost.net/apps/selfservice#/operationalPermit/26758B8B-B3D4-4704-BA71-167DA3BFC33C,12,12,2017-10-17,2026-09-21,0,0,3,98,2025-09-08,12,12,2017-10-17,2026-09-21,0,0,3,98,2025-09-08,0
3e34de77-d940-45a2-8ce5-56ae9cd13154,3e34de77-d940-45a2-8ce5-56ae9cd13154,1,CVS Pharmacy #8394,,,No Food Preparation,No Food Preparation,food,False,False,op_permit_food,Open,2017-09-08,,1210 N ALMA DR  ALLEN TX 75013,False,123608,10,10,FE000057-04-2017,FE006825-03-2026,Annual Renewal Completed,2027-05-01,https://cityofallentx-energovweb.tylerhost.net/apps/selfservice#/operationalPermit/3150168A-199F-4AE0-9B10-D85F13F27159,12,12,2018-12-07,2025-10-27,0,0,2,95,2025-10-27,12,12,2018-12-07,2025-10-27,0,0,2,95,2025-10-27,0
8a03c7ad-6ec4-4f53-b99f-08b6cda08631,8a03c7ad-6ec4-4f53-b99f-08b6cda08631,1,Cabela's,,,Heavy - Food Establishment,Heavy - Food Establishment | Heavy Food Preparation,food,False,False,license_food | op_permit_food,Closed,,2020-06-18,1 CABELA DR ALLEN TX 75002,False,125298,4,3,FE000077-05-2017,FE002288-05-2020,Expired,2021-05-13,https://cityofallentx-energovweb.tylerhost.net/apps/selfservice#/businessLicense/8974158f-85e5-4f39-a6ef-4ab466922419,7,5,2017-11-07,2020-02-26,1,0,0,,,7,5,2017-11-07,2020-02-26,1,0,0,,,0
19230605-fb40-43c8-a060-bc211a785e10,19230605-fb40-43c8-a060-bc211a785e10,1,Cabela's / JC Kettlecorn,,,Concession Stand,Concession Stand,food,False,False,op_permit_food,Closed,,2020-06-10,1 CABELA DR ALLEN TX 75002,False,,10,10,FE000139-06-2017,FE006688-02-2026,Annual Renewal Completed,2027-02-17,https://cityofallentx-energovweb.tylerhost.net/apps/selfservice#/operationalPermit/CE1E7E3C-1B60-4842-A4E9-DB314502B047,6,6,2017-12-16,2026-02-23,0,0,0,,,6,6,2017-12-16,2026-02-23,0,0,0,,,0
295ee10c-0bb2-463d-94c6-0b084cf90b88,295ee10c-0bb2-463d-94c6-0b084cf90b88,1,Cadence Academy Private Preschool,,,Day Care Facility,Day Care Facility,day care,False,False,op_permit_daycare,Closed,2018-12-20,2025-12-19,1224 E EXCHANGE PKWY ALLEN TX 75002,False,120987,8,8,DC000918-07-2018,DC005995-02-2025,Closed,,https://cityofallentx-energovweb.tylerhost.net/apps/selfservice#/operationalPermit/543EDF27-6707-40A6-89E4-8E9D29993530,13,12,2018-12-20,2025-06-16,0,0,3,91,2025-06-16,13,12,2018-12-20,2025-06-16,0,0,3,91,2025-06-16,0
3fcfde5f-0fe2-4132-834c-90751023b086,3fcfde5f-0fe2-4132-834c-90751023b086,1,Cafe Del Rio /Great TX Foods Corp.,,,Heavy - Food Establishment,Heavy - Food Establishment | Heavy Food Preparation,food,False,False,license_food | op_permit_food,Closed,2019-02-18,2019-08-06,401 S CENTRAL EXPY  ALLEN TX 75013,False,110863,3,2,FE000102-05-2017,FE001552-05-2019,Expired,2020-05-21,https://cityofallentx-energovweb.tylerhost.net/apps/selfservice#/businessLicense/5efea573-d746-4db7-a6a9-f0daccdda37c,13,11,2017-10-20,2019-11-19,4,0,0,,,13,11,2017-10-20,2019-11-19,4,0,0,,,0
765e165d-ab3e-47fc-8efb-5bf63808cb92,765e165d-ab3e-47fc-8efb-5bf63808cb92,1,Cafe Gecko,,,Temporary Food Establishment - Food Establishment,Temporary Food Establishment - Food Establishment,food,True,False,license_food,Open,2023-05-13,2023-05-13,Fairview TX 75069,True,,1,0,FE004541-04-2023,FE004541-04-2023,Expired,2023-05-13,https://cityofallentx-energovweb.tylerhost.net/apps/selfservice#/businessLicense/bf78b180-d38c-41fe-83bf-00b6db2a5fe2,0,0,,,0,0,0,,,0,0,,,0,0,0,,,0
19857729-3b78-41ac-951b-fc703f51170d,19857729-3b78-41ac-951b-fc703f51170d,1,Cafe Olivia,,,Temporary Food Establishments,Temporary Food Establishments,food,True,False,op_permit_food,Open,,,ALLEN TX 75013,True,,1,1,FE-007071-08-2026,FE-007071-08-2026,Closed,,https://cityofallentx-energovweb.tylerhost.net/apps/selfservice#/operationalPermit/8a9f00e3-7eb9-442a-8d3b-34c6a8becba8,0,0,,,0,0,0,,,0,0,,,0,0,0,,,0
7d8e6b51-cb4a-43c1-ae0f-d4753fed4fa3,7d8e6b51-cb4a-43c1-ae0f-d4753fed4fa3,1,Cafebahar (VRISA LLC)-Allen Event Ct,,,Special Event - Food Establishment,Special Event - Food Establishment,special event,True,False,license_special_event_food,Closed,,2019-08-26,200 E STACY RD B1300 Unit: 1350 ALLEN TX 75002,False,,1,0,FESP000678-04-2018,FESP000678-04-2018,Expired,2018-04-13,https://cityofallentx-energovweb.tylerhost.net/apps/selfservice#/businessLicense/d378faa2-b729-4595-9c77-402007b48557,1,1,2018-04-13,2018-04-13,0,0,0,,,1,1,2018-04-13,2018-04-13,0,0,0,,,0
24bb9b8f-8bfc-452e-b6f9-753319b0f688,24bb9b8f-8bfc-452e-b6f9-753319b0f688,2,Caffe Promenade,,,Heavy Food Preparation,Heavy Food Preparation,food,False,False,op_permit_food,Open,2017-06-05,,600 E BETHANY DR Unit: A ALLEN TX 75002,False,107663,10,10,FE000022-04-2017,FE006854-04-2026,Annual Renewal Completed,2027-04-14,https://cityofallentx-energovweb.tylerhost.net/apps/selfservice#/operationalPermit/B6B40B46-F12D-4322-8041-47D29F77F88E,21,21,2018-05-25,2025-12-01,5,0,4,97,2025-12-01,21,21,2018-05-25,2025-12-01,5,0,4,97,2025-12-01,0
c8f91416-062f-43eb-ae09-1e21807b6bf8,24bb9b8f-8bfc-452e-b6f9-753319b0f688,2,Caffe Promenade,Caffe Promenade,,Heavy Food Preparation,Heavy Food Preparation,food,False,False,op_permit_food,Open,,,600 E BETHANY DR Unit: A ALLEN TX 75002,False,107663,1,1,FE-006953-07-2026,FE-006953-07-2026,Submitted Online,2999-01-01,https://cityofallentx-energovweb.tylerhost.net/apps/selfservice#/operationalPermit/786973d3-5625-46e7-8c0f-6d3e5d61b134,0,0,,,0,0,0,,,21,21,2018-05-25,2025-12-01,5,0,4,97,2025-12-01,0
870eec14-bdb4-4907-b160-4118f3c5f34c,870eec14-bdb4-4907-b160-4118f3c5f34c,1,Cajun Made Crawfish (J55487),,,Temporary Food Establishment - Food Establishment,Temporary Food Establishment - Food Establishment,food,True,False,license_food,Closed,2019-03-27,2022-11-17,9 PRESTIGE CIR ALLEN TX 75002,False,129658,1,0,FE001423-03-2019,FE001423-03-2019,Expired,2019-04-06,https://cityofallentx-energovweb.tylerhost.net/apps/selfservice#/businessLicense/2b94a73c-a120-41cd-ac86-e69ae3ecaae9,1,1,2019-03-27,2019-03-27,0,0,0,,,1,1,2019-03-27,2019-03-27,0,0,0,,,0
ac2728f2-f0c3-43d8-8ba4-e364e64fdd97,ac2728f2-f0c3-43d8-8ba4-e364e64fdd97,1,Candy World,,,No Prep - Food Establishment,No Food Preparation | No Prep - Food Establishment,food,False,False,license_food | op_permit_food,Closed,,2022-07-21,820 W STACY RD 6 Unit: 628 ALLEN TX 75013,False,120610,2,1,FE002827-02-2021,FE003650-03-2022,Expired,2023-02-25,https://cityofallentx-energovweb.tylerhost.net/apps/selfservice#/businessLicense/4e836c47-357a-49e6-b3ba-4e63256ad67a,2,2,2021-05-18,2022-02-02,0,0,0,,,2,2,2021-05-18,2022-02-02,0,0,0,,,0
9d9bde26-88f8-473e-b622-7d2438d334fb,9d9bde26-88f8-473e-b622-7d2438d334fb,1,Canteen @ CUTX 1st Flr,,,No Food Preparation,No Food Preparation,food,False,False,op_permit_food,Open,,,415 Century Pkwy Allen TX 75013,False,,2,2,FE005561-08-2024,FE-007105-08-2026,Annual Renewal Completed,2027-08-30,https://cityofallentx-energovweb.tylerhost.net/apps/selfservice#/operationalPermit/28d89f8f-128d-45d2-8a0d-c54d54fdf321,3,3,2024-08-23,2025-11-07,1,0,0,,,3,3,2024-08-23,2025-11-07,1,0,0,,,0
ddb156fb-5afb-48d3-bde6-0cf92fd45b00,ddb156fb-5afb-48d3-bde6-0cf92fd45b00,1,Canteen @ CUTX 5th Flr,,,No Food Preparation,No Food Preparation,food,False,False,op_permit_food,Open,,,900 W Bethany Rd Allen TX 75013,False,,2,2,FE005562-08-2024,FE-007104-08-2026,Annual Renewal Completed,2027-08-30,https://cityofallentx-energovweb.tylerhost.net/apps/selfservice#/operationalPermit/d55d6377-5859-47ef-b91c-a36579b21577,3,3,2024-08-23,2025-11-07,1,0,0,,,3,3,2024-08-23,2025-11-07,1,0,0,,,0
18e2c222-f0aa-4ec3-b2b3-9274e127fd5e,18e2c222-f0aa-4ec3-b2b3-9274e127fd5e,1,Canteen @ Costco# 1739 Allen,,,No Food Preparation,No Food Preparation,food,False,False,op_permit_food,Open,,,1067 State Hwy 121 Allen TX 75013,False,,1,1,FE-006929-06-2026,FE-006929-06-2026,Annual Renewal Completed,2027-07-28,https://cityofallentx-energovweb.tylerhost.net/apps/selfservice#/operationalPermit/f79b8650-b6a0-4c78-ac58-c4d351670d04,2,2,2026-01-20,2026-09-27,0,0,0,,,2,2,2026-01-20,2026-09-27,0,0,0,,,0
7d859684-1566-47df-88f5-5332715bb3f4,7d859684-1566-47df-88f5-5332715bb3f4,1,Canteen @ Jack Henry A-1,,,No Food Preparation,No Food Preparation,food,False,False,op_permit_food,Open,,,1021 S Central Expy Allen TX 75013,False,,2,2,FE005563-08-2024,FE-007106-08-2026,Annual Renewal Completed,2027-08-30,https://cityofallentx-energovweb.tylerhost.net/apps/selfservice#/operationalPermit/a38fd802-5213-44d3-8cff-ddc3d3fedcd1,3,3,2024-08-23,2025-11-07,1,0,0,,,3,3,2024-08-23,2025-11-07,1,0,0,,,0
f56834e0-79db-4bdc-ade1-23a954b8bb25,f56834e0-79db-4bdc-ade1-23a954b8bb25,1,Canteen @ Lowes#1199,,,No Food Preparation,No Food Preparation,food,False,False,op_permit_food,Open,,,1010 W McDermott Dr Allen TX 75013,False,,3,3,FE005088-01-2024,FE006554-12-2025,Annual Renewal Completed,2027-01-30,https://cityofallentx-energovweb.tylerhost.net/apps/selfservice#/operationalPermit/F3314362-E2C2-44E1-8B25-008847BE8808,5,4,2024-04-12,2025-11-07,1,0,0,,,5,4,2024-04-12,2025-11-07,1,0,0,,,0
d99baff3-0a97-4e09-b799-8daefcf47eb3,d99baff3-0a97-4e09-b799-8daefcf47eb3,1,Canteen @ Motorola,,,No Food Preparation,No Food Preparation,food,False,False,op_permit_food,Open,,,415 E Exchange Pkwy Allen TX 75002,False,,2,2,FE005564-08-2024,FE-007107-08-2026,Annual Renewal Completed,2027-08-30,https://cityofallentx-energovweb.tylerhost.net/apps/selfservice#/operationalPermit/58484263-efd5-4924-ae5d-7446d57c9726,3,3,2024-08-23,2025-11-07,1,0,0,,,3,3,2024-08-23,2025-11-07,1,0,0,,,0
b21b57ab-8722-4726-ad2f-3399f559859a,b21b57ab-8722-4726-ad2f-3399f559859a,1,Canteen @ THR Allen,,,No Food Preparation,No Food Preparation,food,False,False,op_permit_food,Open,,,1105 Central Expy N Allen TX 75002,False,,2,2,FE005565-08-2024,FE-007108-08-2026,Annual Renewal Completed,2027-08-30,https://cityofallentx-energovweb.tylerhost.net/apps/selfservice#/operationalPermit/4b25e341-652e-4c37-ac06-f0306d4849b0,3,3,2024-10-15,2025-11-07,1,0,0,,,3,3,2024-10-15,2025-11-07,1,0,0,,,0
544ebe9c-613b-4288-ae19-cb1a2ffaee4d,544ebe9c-613b-4288-ae19-cb1a2ffaee4d,1,Canteen@Cabela's Allen,,,No Food Preparation,No Food Preparation,food,False,False,op_permit_food,Open,,,1 Cabelas Dr Allen TX 75002,False,,2,2,FE005568-08-2024,FE-007103-08-2026,Annual Renewal Completed,2027-08-30,https://cityofallentx-energovweb.tylerhost.net/apps/selfservice#/operationalPermit/039dbc0a-6601-4d42-a81f-fd347c314a9a,4,4,2024-08-23,2025-11-11,2,0,0,,,4,4,2024-08-23,2025-11-11,2,0,0,,,0
a35e7111-5137-48b1-8efb-e3338cba2ccf,a35e7111-5137-48b1-8efb-e3338cba2ccf,2,Carmie's Kitchen,,,Special Event - Food Establishment,Special Event - Food Establishment,special event,True,False,license_special_event_food,Closed,2023-11-09,2025-02-11,Wylie TX 75098,True,,1,0,FESP004915-10-2023,FESP004915-10-2023,Expired,2023-11-12,https://cityofallentx-energovweb.tylerhost.net/apps/selfservice#/businessLicense/b6302f76-6206-46d4-a41f-f6fae49f8f2a,0,0,,,0,0,0,,,0,0,,,0,0,0,,,0
acce4346-37d9-49ca-82cf-c48b65865e95,a35e7111-5137-48b1-8efb-e3338cba2ccf,2,Carmie's Kitchen,,,Special Event - Food Establishment,Special Event - Food Establishment,special event,True,False,license_special_event_food,Closed,,2022-11-14,Wylie TX 75098,True,,1,0,FESP004067-09-2022,FESP004067-09-2022,Expired,2022-11-13,https://cityofallentx-energovweb.tylerhost.net/apps/selfservice#/businessLicense/bb061496-74b6-4a60-b77f-a2ed2b6772d1,0,0,,,0,0,0,,,0,0,,,0,0,0,,,0
6120e8f9-3136-419a-a60c-9a3437c59799,6120e8f9-3136-419a-a60c-9a3437c59799,1,Carpe Diem Private Preschool,,,Day Care Facility,Day Care Facility,day care,False,False,op_permit_daycare,Closed,2017-09-14,2025-06-02,873  JUNCTION DR  ALLEN TX 75013,False,127643,7,7,DC000660-03-2018,DC005337-05-2024,Annual Renewal Completed,2025-04-03,https://cityofallentx-energovweb.tylerhost.net/apps/selfservice#/operationalPermit/BF717D1C-C6E7-4DFF-A29C-1BCC2E5045F8,17,17,2017-09-14,2025-10-04,3,0,4,94,2025-04-02,17,17,2017-09-14,2025-10-04,3,0,4,94,2025-04-02,0
95d2b951-ac95-4455-9343-8a196cc0ba26,95d2b951-ac95-4455-9343-8a196cc0ba26,1,Cavalli Pizza (HZY-8639),,,Mobile Food Prep Unit - Food Establishment,Mobile Food Prep Unit - Food Establishment,food,True,False,license_food,Closed,2018-08-14,2018-08-14,Garland TX 75044,True,,1,0,FE000972-08-2018,FE000972-08-2018,Expired,2019-08-09,https://cityofallentx-energovweb.tylerhost.net/apps/selfservice#/businessLicense/49c00c64-943c-4c89-b2e3-7c331d966604,1,0,,,0,0,0,,,1,0,,,0,0,0,,,0
f3d4c7bb-6846-4a65-9a1f-5cd590c7907c,f3d4c7bb-6846-4a65-9a1f-5cd590c7907c,1,Cavalli(HZY-8639)@Church Eleven 32,,,Temporary Food Establishment - Food Establishment,Special Event - Food Establishment | Temporary Food Establishment - Food Establishment,food,True,False,license_food | license_special_event_food,Closed,2017-10-27,2022-02-28,700 RIVERCREST BLVD ALLEN TX 75002,False,,3,0,FESP000390-10-2017,FE000982-08-2018,Expired,2018-08-19,https://cityofallentx-energovweb.tylerhost.net/apps/selfservice#/businessLicense/eb1651af-4e19-4e6a-8e73-0f16be92eded,2,2,2017-10-27,2018-08-15,0,0,0,,,2,2,2017-10-27,2018-08-15,0,0,0,,,0
c304a0bc-9d9d-409e-b636-29a6c4f0bf3e,c304a0bc-9d9d-409e-b636-29a6c4f0bf3e,1,Celebration Park - Baseball,,,Concession Stand,Concession Stand,food,False,False,op_permit_food,Open,,,701 N Angel Pkwy Allen TX 75002,False,,1,1,FE-006894-05-2026,FE-006894-05-2026,Active,2027-04-11,https://cityofallentx-energovweb.tylerhost.net/apps/selfservice#/operationalPermit/1c29d99c-635c-4180-8ab0-18e5172777ea,0,0,,,0,0,0,,,0,0,,,0,0,0,,,0
87285626-dd5d-4608-a278-0d8fe832e96a,87285626-dd5d-4608-a278-0d8fe832e96a,1,Celebration Park - Soccer,,,Concession Stand,Concession Stand,food,False,False,op_permit_food,Open,,,701 N Angel Pkwy Allen TX 75002,False,,1,1,FE-006893-05-2026,FE-006893-05-2026,Active,2027-04-11,https://cityofallentx-energovweb.tylerhost.net/apps/selfservice#/operationalPermit/64b5614d-2288-4b64-b176-3661f4cc19fd,0,0,,,0,0,0,,,0,0,,,0,0,0,,,0
abb78a69-be5c-4b73-b42b-18ba10ee3015,abb78a69-be5c-4b73-b42b-18ba10ee3015,1,Ceu's Family Sushi Inc. / Kroger 548,,,Light - Food Establishment,Light - Food Establishment | Light Food Preparation,food,False,False,license_food | op_permit_food,Closed,2022-04-19,2024-06-17,1210 N Greenville AVE Allen TX 75002,False,,2,1,FE003786-05-2022,FE004572-05-2023,Expired,2024-05-12,https://cityofallentx-energovweb.tylerhost.net/apps/selfservice#/businessLicense/a8350198-855e-46dc-831b-a2a37411b024,2,2,2022-12-06,2023-12-06,0,0,0,,,2,2,2022-12-06,2023-12-06,0,0,0,,,0
4f3d580d-9b72-432f-9ff5-37ce0fa79a12,4f3d580d-9b72-432f-9ff5-37ce0fa79a12,1,Chandigarh Bites Express,,,Heavy Food Preparation,Heavy Food Preparation,food,False,False,op_permit_food,Open,,,2023 W MCDERMOTT DR Unit: 180 ALLEN TX 75013,False,113333,1,1,FE-006897-05-2026,FE-006897-05-2026,Annual Renewal Completed,2027-06-04,https://cityofallentx-energovweb.tylerhost.net/apps/selfservice#/operationalPermit/e6ef6e58-cabd-4437-8333-71f778fd8954,2,2,2026-08-13,2026-12-10,0,0,0,,,2,2,2026-08-13,2026-12-10,0,0,0,,,0
57b282c3-f97b-438a-b925-f6d93244ba86,57b282c3-f97b-438a-b925-f6d93244ba86,1,Chandigarh Bites Express,,,Heavy Food Preparation,Heavy Food Preparation,food,False,False,op_permit_food,Closed,,2026-06-23,2023 W MCDERMOTT DR Unit: 120 ALLEN TX 75013,False,113333,1,1,FE006713-02-2026,FE006713-02-2026,Closed,,https://cityofallentx-energovweb.tylerhost.net/apps/selfservice#/operationalPermit/53746BB1-9A84-4B4D-B226-D6B4DC37FE18,0,0,,,0,0,0,,,0,0,,,0,0,0,,,0
e4fcaeec-9fab-46e2-82f2-dc13cb8f19ae,e4fcaeec-9fab-46e2-82f2-dc13cb8f19ae,1,Chandler Elementary - Allen ISD,,,Heavy Food Preparation,Heavy Food Preparation,food,False,False,op_permit_food,Open,2017-09-18,,1000 WATER OAK DR ALLEN TX 75002,False,124411,9,9,FE000337-10-2017,FE-007005-07-2026,Active,,https://cityofallentx-energovweb.tylerhost.net/apps/selfservice#/operationalPermit/d57b66df-e19c-4c2b-b77e-39a07ebf2862,16,16,2018-09-12,2026-10-30,0,0,5,98,2026-04-30,16,16,2018-09-12,2026-10-30,0,0,5,98,2026-04-30,0
29b6e42e-a7e6-4a52-9a7e-fa59fc1dddda,29b6e42e-a7e6-4a52-9a7e-fa59fc1dddda,1,Checkered Past Winery,,,Temporary Food Establishment - Food Establishment,Temporary Food Establishment - Food Establishment,food,True,False,license_food,Closed,2023-05-13,2023-05-13,Richardson TX 75080,True,,1,0,FE004547-04-2023,FE004547-04-2023,Expired,2023-05-13,https://cityofallentx-energovweb.tylerhost.net/apps/selfservice#/businessLicense/1631ae91-b218-4229-b70e-6657d5d6db09,0,0,,,0,0,0,,,0,0,,,0,0,0,,,0
48518624-9868-48cd-bdd2-804bc27441f5,48518624-9868-48cd-bdd2-804bc27441f5,1,Checos,,,Heavy - Food Establishment,Heavy - Food Establishment | Heavy Food Preparation,food,False,False,license_food | op_permit_food,Closed,2020-06-15,2022-10-28,1214 E MAIN ST ALLEN TX 75002,False,126002,4,3,FE002323-06-2020,FE003888-07-2022,Expired,2023-06-11,https://cityofallentx-energovweb.tylerhost.net/apps/selfservice#/businessLicense/74b17574-7b1a-46c7-a7f5-8098a5ee3142,4,4,2020-12-17,2022-07-07,0,0,0,,,4,4,2020-12-17,2022-07-07,0,0,0,,,0
e998d6cf-4c60-4686-8327-e4989aba043e,e998d6cf-4c60-4686-8327-e4989aba043e,1,Cheddar's Scratch Kitchen # 2041,,,Heavy Food Preparation,Heavy Food Preparation,food,False,False,op_permit_food,Open,,,190 E STACY RD B900 Unit: 900 ALLEN TX 75002,False,127336,9,9,FE000326-10-2017,FE-007158-09-2026,Annual Renewal Completed,2027-10-07,https://cityofallentx-energovweb.tylerhost.net/apps/selfservice#/operationalPermit/37f55fab-06d5-48a9-b1c4-018113366d56,22,22,2018-02-07,2026-09-27,7,0,4,88,2025-10-08,22,22,2018-02-07,2026-09-27,7,0,4,88,2025-10-08,0
a764c822-fa09-4a66-9e02-5b624723832e,a764c822-fa09-4a66-9e02-5b624723832e,1,Chennai Cafe,,,Temporary Food Establishment - Food Establishment,Temporary Food Establishment - Food Establishment,food,True,False,license_food,Closed,,2026-01-20,Frisco TX 75034,True,,1,0,FE005579-08-2024,FE005579-08-2024,Closed,,https://cityofallentx-energovweb.tylerhost.net/apps/selfservice#/businessLicense/f98fa7af-cd0a-4285-a302-606bf32a695f,0,0,,,0,0,0,,,0,0,,,0,0,0,,,0
17f5392d-3db2-4fbd-ad0a-a800c75ee13c,17f5392d-3db2-4fbd-ad0a-a800c75ee13c,1,Chepa's Mexican Grill,,,Heavy Food Preparation,Heavy Food Preparation,food,False,False,op_permit_food,Open,2018-04-26,,1223 W MCDERMOTT DR  Unit: 5 ALLEN TX 75013,False,115799,9,9,FE000464-12-2017,FE006536-12-2025,Annual Renewal Completed,2027-01-01,https://cityofallentx-energovweb.tylerhost.net/apps/selfservice#/operationalPermit/C15E8527-6DCD-43AE-BAF7-6DB5C8F67842,19,19,2018-04-27,2025-05-20,1,0,3,96,2025-05-20,19,19,2018-04-27,2025-05-20,1,0,3,96,2025-05-20,0
4b446ddd-de5a-4eb6-90b5-3173e6503404,4b446ddd-de5a-4eb6-90b5-3173e6503404,3,Chevron Mart,,,Heavy - Food Establishment,Heavy - Food Establishment | Heavy Food Preparation,food,False,False,license_food | op_permit_food,Closed,2017-12-04,2024-04-03,105 S CUSTER RD ALLEN TX 75013,False,113298,2,1,FE000393-10-2017,FE001119-11-2018,Expired,2019-10-31,https://cityofallentx-energovweb.tylerhost.net/apps/selfservice#/businessLicense/76754fdb-5eb0-42cb-9a2f-3b49224398bc,5,5,2017-12-04,2019-06-04,1,0,0,,,14,14,2017-12-04,2024-04-03,1,0,0,,,0
807fe49c-a99b-427b-aca0-8858463099a4,4b446ddd-de5a-4eb6-90b5-3173e6503404,3,Chevron Mart,,,Light - Food Establishment,Light - Food Establishment | Light Food Preparation,food,False,False,license_food | op_permit_food,Closed,2019-10-31,2020-10-31,105 S CUSTER RD ALLEN TX 75013,False,113298,5,4,FE001872-11-2019,FE004912-10-2023,Expired,2024-11-03,https://cityofallentx-energovweb.tylerhost.net/apps/selfservice#/businessLicense/67ba553a-b2e8-4115-948e-b77eab4eafcb,5,5,2021-06-07,2024-04-03,0,0,0,,,14,14,2017-12-04,2024-04-03,1,0,0,,,0
e6b92ef7-6795-42a4-90a9-11661e660e75,4b446ddd-de5a-4eb6-90b5-3173e6503404,3,Chevron Mart,,,No Prep - Food Establishment,No Prep - Food Establishment,food,False,False,license_food,Closed,,2022-11-09,105 S CUSTER RD ALLEN TX 75013,False,,1,0,FE001877-11-2019,FE001877-11-2019,Expired,2020-11-08,https://cityofallentx-energovweb.tylerhost.net/apps/selfservice#/businessLicense/7db7c7a3-5e61-4cbd-9177-4e559c81e53f,4,4,2019-11-20,2021-06-07,0,0,0,,,14,14,2017-12-04,2024-04-03,1,0,0,,,0
91adad7c-1e16-4265-84d4-92689c90b242,91adad7c-1e16-4265-84d4-92689c90b242,1,Chic Foodie,,,Heavy - Food Establishment,Heavy - Food Establishment,food,False,False,license_food,Closed,,2020-02-05,204 N GREENVILLE AVE  Unit: 205 ALLEN TX 75002,False,,1,0,FE001117-11-2018,FE001117-11-2018,Expired,2019-11-06,https://cityofallentx-energovweb.tylerhost.net/apps/selfservice#/businessLicense/f32036b6-6186-4137-921a-1085e46a60b2,1,1,2019-07-02,2019-07-02,0,0,0,,,1,1,2019-07-02,2019-07-02,0,0,0,,,0
222b7d1b-6eb1-42d4-824c-17ae64b07d51,222b7d1b-6eb1-42d4-824c-17ae64b07d51,1,Chicago Pizza Pizzeria,,,Heavy - Food Establishment,Heavy - Food Establishment | Heavy Food Preparation,food,False,False,license_food | op_permit_food,Closed,,2019-02-18,410 N GREENVILLE AVE Unit: 108 ALLEN TX 75002,False,104268,2,1,FE000076-05-2017,FE000826-05-2018,Expired,2019-05-11,https://cityofallentx-energovweb.tylerhost.net/apps/selfservice#/businessLicense/418746b3-a6ed-4f1e-b2c4-18d993b52fe4,2,1,2018-04-25,2018-04-25,0,0,0,,,2,1,2018-04-25,2018-04-25,0,0,0,,,0
4af43dd0-ce7a-45b2-a484-886cdfa141b5,4af43dd0-ce7a-45b2-a484-886cdfa141b5,1,"Chicago Pizza, LLC.",,,Heavy Food Preparation,Heavy Food Preparation,food,False,False,op_permit_food,Open,2020-05-21,,1206 E MAIN ST Unit: 111 ALLEN TX 75002,False,126000,6,6,FE002257-04-2020,FE-006931-06-2026,Annual Renewal Completed,2027-05-03,https://cityofallentx-energovweb.tylerhost.net/apps/selfservice#/operationalPermit/226d7387-2060-4fbe-a43b-7c6ef5b45825,12,12,2020-09-10,2026-09-27,2,0,0,,,12,12,2020-09-10,2026-09-27,2,0,0,,,0
95cad9e5-6419-454a-9349-e8e4e3c8ff91,95cad9e5-6419-454a-9349-e8e4e3c8ff91,1,Chick-Fil-A,,,Heavy Food Preparation,Heavy Food Preparation,food,False,False,op_permit_food,Open,2017-07-28,,902 W MCDERMOTT DR ALLEN TX 75013,False,117733,9,9,FE000656-03-2018,FE006835-03-2026,Annual Renewal Completed,2027-04-03,https://cityofallentx-energovweb.tylerhost.net/apps/selfservice#/operationalPermit/5BF3FB62-58CE-4186-8D63-63320F8B8EAF,15,14,2018-07-18,2025-09-18,0,0,4,97,2025-09-18,15,14,2018-07-18,2025-09-18,0,0,4,97,2025-09-18,0
b5cd0fb1-b533-443f-b368-9c5a87ae2bac,b5cd0fb1-b533-443f-b368-9c5a87ae2bac,1,Chick-Fil-A,,,Heavy Food Preparation,Heavy Food Preparation,food,False,False,op_permit_food,Open,,,350 E STACY RD ALLEN TX 75002,False,127731,9,9,FE000466-01-2018,FE006542-12-2025,Annual Renewal Completed,2027-01-09,https://cityofallentx-energovweb.tylerhost.net/apps/selfservice#/operationalPermit/ED28B8F3-6683-4AB6-A11F-336E1DEA7839,16,16,2018-01-02,2026-04-30,1,0,5,93,2025-10-29,16,16,2018-01-02,2026-04-30,1,0,5,93,2025-10-29,0
4eebcb56-529d-40b5-bff7-bb255cf1dee7,4eebcb56-529d-40b5-bff7-bb255cf1dee7,1,Chick-fil-A -Allen USA,,,Temporary Food Establishment - Food Establishment,Temporary Food Establishment - Food Establishment | Temporary Food Establishments,food,True,False,license_food | op_permit_food,Closed,2018-06-29,2022-11-09,701 ANGEL PKWY  ALLEN TX 75002,False,121106,3,2,FE000883-06-2018,FE003049-06-2021,Expired,2021-06-26,https://cityofallentx-energovweb.tylerhost.net/apps/selfservice#/businessLicense/a159dfa9-021e-491a-828a-2112b72472e7,2,2,2018-06-29,2019-06-28,0,0,0,,,2,2,2018-06-29,2019-06-28,0,0,0,,,0
62e2cf0c-9e94-4722-bb8b-9fbc615cf760,62e2cf0c-9e94-4722-bb8b-9fbc615cf760,1,Chicken Express,,,Heavy Food Preparation,Heavy Food Preparation,food,False,False,op_permit_food,Open,2017-06-21,,714 E MAIN ST ALLEN TX 75002,False,127209,9,9,FE000655-03-2018,FE006817-03-2026,Annual Renewal Completed,2027-04-02,https://cityofallentx-energovweb.tylerhost.net/apps/selfservice#/operationalPermit/E04C918F-E8CA-4C12-BC57-DFCECA719CB8,24,24,2018-06-29,2025-07-23,7,0,5,98,2025-07-23,24,24,2018-06-29,2025-07-23,7,0,5,98,2025-07-23,0
9ef76295-f1f8-4da4-bd31-9e020d67546e,9ef76295-f1f8-4da4-bd31-9e020d67546e,1,Chicken N Pickle-2nd Floor Bar,,,Light Food Preparation,Light Food Preparation,food,False,False,op_permit_food,Open,,,1221 Johnson Rd Allen TX 75013,False,,2,2,FE006041-03-2025,FE006812-03-2026,Annual Renewal Completed,2027-04-14,https://cityofallentx-energovweb.tylerhost.net/apps/selfservice#/operationalPermit/2AA20CFA-E82F-474C-A95F-D95D54BFC459,3,3,2025-06-24,2026-09-27,1,0,1,93,2025-06-24,3,3,2025-06-24,2026-09-27,1,0,1,93,2025-06-24,0
caeef9a4-b702-4e6c-b4a8-e1e90a56be5d,caeef9a4-b702-4e6c-b4a8-e1e90a56be5d,1,Chicken N Pickle-Kitchen &1stFL Bar,,,Heavy Food Preparation,Heavy Food Preparation,food,False,False,op_permit_food,Open,,,1221 Johnson Rd Allen TX 75013,False,,2,2,FE006040-03-2025,FE006811-03-2026,Annual Renewal Completed,2027-04-14,https://cityofallentx-energovweb.tylerhost.net/apps/selfservice#/operationalPermit/C9F9AA1D-B923-4F1C-B2FD-A94FAC1E86A2,3,3,2025-06-24,2026-09-27,1,0,1,75,2025-06-24,3,3,2025-06-24,2026-09-27,1,0,1,75,2025-06-24,0
e4081fcd-d1b4-4583-b675-4c87dabe36af,e4081fcd-d1b4-4583-b675-4c87dabe36af,1,Chicken N Pickle-Paddle Bar,,,Light Food Preparation,Light Food Preparation,food,False,False,op_permit_food,Open,,,1221 Johnson Rd Allen TX 75013,False,,2,2,FE006039-03-2025,FE006810-03-2026,Annual Renewal Completed,2027-04-14,https://cityofallentx-energovweb.tylerhost.net/apps/selfservice#/operationalPermit/76FE6477-EC84-4435-97E3-473762D9EB74,3,3,2025-06-24,2026-09-27,1,0,1,96,2025-06-24,3,3,2025-06-24,2026-09-27,1,0,1,96,2025-06-24,0
29f1e203-c0c5-45b6-8981-90a46702bd60,29f1e203-c0c5-45b6-8981-90a46702bd60,1,Children's Creative Playday,,,Day Care Facility,Day Care Facility,day care,False,False,op_permit_daycare,Open,2017-10-09,,601 S GREENVILLE AVE ALLEN TX 75002,False,108980,9,9,DC000374-10-2017,DC006395-09-2025,Active,2026-10-25,https://cityofallentx-energovweb.tylerhost.net/apps/selfservice#/operationalPermit/44423611-2102-4598-B85D-DCED8AC98ED7,13,13,2017-10-10,2026-04-24,0,0,0,,,13,13,2017-10-10,2026-04-24,0,0,0,,,0
e9dd7d57-de2c-4ee0-ae61-bc96b1fc624d,e9dd7d57-de2c-4ee0-ae61-bc96b1fc624d,1,Childrens Lighthouse of Allen,,,Day Care Facility,Day Care Facility,day care,False,False,op_permit_daycare,Open,,,1605 E MAIN ST ALLEN TX 75002,False,122606,7,7,DC002367-07-2020,DC006720-02-2026,Annual Renewal Completed,2027-07-09,https://cityofallentx-energovweb.tylerhost.net/apps/selfservice#/operationalPermit/4A2B8E56-8B89-4C3E-B366-B95B489A2CCE,11,11,2020-11-10,2026-11-30,0,0,5,98,2025-12-11,11,11,2020-11-10,2026-11-30,0,0,5,98,2025-12-11,0
f7eb6dd9-326d-4aa3-88e3-844c499b366b,f7eb6dd9-326d-4aa3-88e3-844c499b366b,1,Chili's Grill & Bar,,,Heavy Food Preparation,Heavy Food Preparation,food,False,False,op_permit_food,Open,2017-08-29,,903 W MCDERMOTT DR  ALLEN TX 75013,False,114504,9,9,FE000487-01-2018,FE006549-12-2025,Annual Renewal Completed,2027-01-16,https://cityofallentx-energovweb.tylerhost.net/apps/selfservice#/operationalPermit/A278E49E-122B-4DA2-AF91-24289C24D036,23,22,2018-09-17,2025-10-16,5,0,5,93,2025-10-16,23,22,2018-09-17,2025-10-16,5,0,5,93,2025-10-16,0
80699de3-b223-45fc-8866-046f1a7eef1b,80699de3-b223-45fc-8866-046f1a7eef1b,1,Chiloso Mexican Bistro,,,Special Event - Food Establishment,Special Event - Food Establishment,special event,True,False,license_special_event_food,Open,,,Rockwall TX 75087,True,,1,0,FESP004492-04-2023,FESP004492-04-2023,Expired,2023-05-13,https://cityofallentx-energovweb.tylerhost.net/apps/selfservice#/businessLicense/5d1256aa-39cf-438f-ae86-ad06d4fb422e,0,0,,,0,0,0,,,0,0,,,0,0,0,,,0
0649a844-8b55-448b-823c-cd84e00e375d,0649a844-8b55-448b-823c-cd84e00e375d,1,China Pantry,,,Heavy - Food Establishment,Heavy - Food Establishment,food,False,False,license_food,Closed,,2023-08-14,820 W STACY RD  Unit: 164D ALLEN TX 75013,False,,1,0,FE000080-05-2017,FE000080-05-2017,Expired,2018-05-11,https://cityofallentx-energovweb.tylerhost.net/apps/selfservice#/businessLicense/0fe8216d-69e1-4148-af4b-3bfd4e3735e1,0,0,,,0,0,0,,,0,0,,,0,0,0,,,0
90a84233-1faf-4d5d-9cc1-bec84275dccd,90a84233-1faf-4d5d-9cc1-bec84275dccd,1,Chipotle,,,Heavy Food Preparation,Heavy Food Preparation,food,False,False,op_permit_food,Open,,,1985 N CENTRAL EXPY Unit: 130 ALLEN TX 75013,False,132957,6,6,FE001960-12-2019,FE-006938-06-2026,Annual Renewal Completed,2027-07-13,https://cityofallentx-energovweb.tylerhost.net/apps/selfservice#/operationalPermit/acdff674-acea-4301-8e91-6d0d91f2695d,11,11,2021-01-08,2025-08-25,0,0,0,,,11,11,2021-01-08,2025-08-25,0,0,0,,,0
c37d4f68-9bc9-4ad2-9554-2c830b333ec1,c37d4f68-9bc9-4ad2-9554-2c830b333ec1,1,Chipotle Mexican Grill #464,,,Heavy Food Preparation,Heavy Food Preparation,food,False,False,op_permit_food,Open,2017-07-19,,103 N CENTRAL EXPY  ALLEN TX 75013,False,114433,9,9,FE000225-08-2017,FE-006948-06-2026,Annual Renewal Completed,2027-08-07,https://cityofallentx-energovweb.tylerhost.net/apps/selfservice#/operationalPermit/df86a22a-f595-442c-b83d-48acdd78bf6e,19,19,2018-07-11,2025-08-12,0,0,0,,,19,19,2018-07-11,2025-08-12,0,0,0,,,0
69e04605-06d6-4926-926c-a912cca3c4e8,69e04605-06d6-4926-926c-a912cca3c4e8,1,Chito's on Wheels (Veh ID # JVK 6112),,,Catering Truck - Food Establishment,Catering Truck - Food Establishment,food,True,False,license_food,Closed,2017-08-23,2022-04-27,Plano TX 75023,True,,1,0,FE000264-08-2017,FE000264-08-2017,Expired,2018-08-23,https://cityofallentx-energovweb.tylerhost.net/apps/selfservice#/businessLicense/cf1506da-1d90-4bf7-a90f-bab13e866d5f,0,0,,,0,0,0,,,0,0,,,0,0,0,,,0
fd8b1393-2896-4cf4-aa83-63d308ecfaf8,fd8b1393-2896-4cf4-aa83-63d308ecfaf8,1,Chocolate Moonshine,,,Special Event - Food Establishment,Special Event - Food Establishment,special event,True,False,license_special_event_food,Closed,2024-02-22,2024-07-15,Allen TX 75002,True,,1,0,FESP005181-02-2024,FESP005181-02-2024,Expired,2024-02-24,https://cityofallentx-energovweb.tylerhost.net/apps/selfservice#/businessLicense/a3940174-4a1a-45b9-a095-6b4c6eb3dde0,0,0,,,0,0,0,,,0,0,,,0,0,0,,,0
0c4b2688-1843-4dc5-8537-3c84eea0633e,0c4b2688-1843-4dc5-8537-3c84eea0633e,1,Chocolate Moonshine Allen,,,Light - Food Establishment,Light - Food Establishment | Light Food Preparation,food,False,False,license_food | op_permit_food,Closed,,2024-04-03,941 Garden Park DR Allen TX 75013,False,,2,1,FE004129-10-2022,FE004908-10-2023,Expired,2024-10-26,https://cityofallentx-energovweb.tylerhost.net/apps/selfservice#/businessLicense/33cb50ff-f330-47e9-a999-b9ad5d102c29,2,2,2023-07-28,2023-08-08,0,0,1,94,2023-07-28,2,2,2023-07-28,2023-08-08,0,0,1,94,2023-07-28,0
6b67c179-2cf7-4feb-823b-64259375ad34,6b67c179-2cf7-4feb-823b-64259375ad34,1,Chocolate Moonshine Co,,,Special Event - Food Establishment,Special Event - Food Establishment,special event,True,False,license_special_event_food,Closed,2024-06-27,2024-07-15,Grove City PA 16127,True,,1,0,FESP005421-06-2024,FESP005421-06-2024,Expired,2024-06-30,https://cityofallentx-energovweb.tylerhost.net/apps/selfservice#/businessLicense/fbea3209-b42a-4d94-8097-7d815df734be,1,1,2024-06-27,2024-06-27,0,0,0,,,1,1,2024-06-27,2024-06-27,0,0,0,,,0
51985881-0466-4a2b-9ae8-76abb596c78d,51985881-0466-4a2b-9ae8-76abb596c78d,1,Chopstix,,,Heavy - Food Establishment,Heavy - Food Establishment,food,False,False,license_food,Closed,,2023-08-14,Frisco TX 75035,True,,1,0,FE001485-04-2019,FE001485-04-2019,Expired,2020-04-19,https://cityofallentx-energovweb.tylerhost.net/apps/selfservice#/businessLicense/e09641ae-8220-46d3-a9a1-47abefe7d62d,0,0,,,0,0,0,,,0,0,,,0,0,0,,,0
b2caa850-5a51-4170-9096-e634b265a71c,b2caa850-5a51-4170-9096-e634b265a71c,1,Christian Care Center (Food),,,Heavy - Food Establishment,Heavy - Food Establishment | Heavy Food Preparation,food,False,False,license_food | op_permit_food,Closed,2017-07-13,2022-12-08,560 PRESTIGE CIR ALLEN TX 75002,False,117194,6,5,FE000308-09-2017,FE004051-09-2022,Expired,2023-09-18,https://cityofallentx-energovweb.tylerhost.net/apps/selfservice#/businessLicense/2d9efe0b-ed5d-4ba2-abed-73722db30d99,14,13,2018-07-05,2022-10-27,4,0,0,,,14,13,2018-07-05,2022-10-27,4,0,0,,,0
3d88dcc9-57b5-4264-91d3-ef99620efd13,3d88dcc9-57b5-4264-91d3-ef99620efd13,1,Christian Care Communities and Services - Allen,,,Heavy Food Preparation,Heavy Food Preparation,food,False,False,op_permit_food,Open,,,560 PRESTIGE CIR Allen TX 75002,False,,3,3,FE004944-11-2023,FE006514-11-2025,Annual Renewal Completed,2026-12-09,https://cityofallentx-energovweb.tylerhost.net/apps/selfservice#/operationalPermit/533FAD64-C77B-433D-8B33-E5C112979B8F,11,10,2024-02-20,2025-07-07,5,0,0,,,11,10,2024-02-20,2025-07-07,5,0,0,,,0
31fb4fdb-080c-44de-94ed-cf7d61589ccd,31fb4fdb-080c-44de-94ed-cf7d61589ccd,1,Chuck E Cheese's #597,,,Heavy - Food Establishment,Heavy - Food Establishment | Heavy Food Preparation,food,False,False,license_food | op_permit_food,Closed,2017-11-09,2020-06-25,204 S CENTRAL EXPY  Unit: 33 ALLEN TX 75013,False,114503,3,2,FE000358-10-2017,FE001853-10-2019,Expired,2020-10-12,https://cityofallentx-energovweb.tylerhost.net/apps/selfservice#/businessLicense/9cb28ebb-29a8-4962-9d47-ed23e91d8706,7,6,2017-11-09,2020-01-06,1,0,0,,,7,6,2017-11-09,2020-01-06,1,0,0,,,0
7082a31c-8d75-477c-a7ca-eb47ecbe48eb,7082a31c-8d75-477c-a7ca-eb47ecbe48eb,1,Chuck E. Cheese #211,,,Heavy Food Preparation,Heavy Food Preparation,food,False,False,op_permit_food,Open,,,2265 North Central Expressway Allen TX 75013,False,,2,2,FE005730-12-2024,FE006492-11-2025,Annual Renewal Completed,2026-12-05,https://cityofallentx-energovweb.tylerhost.net/apps/selfservice#/operationalPermit/3E4258B6-8AF5-46EB-BDD0-E1AB27F5077F,4,3,2025-02-04,2026-10-30,0,0,2,98,2025-10-20,4,3,2025-02-04,2026-10-30,0,0,2,98,2025-10-20,0
085b45f6-6c9e-47e2-a4cd-f74a78ad710c,085b45f6-6c9e-47e2-a4cd-f74a78ad710c,1,Church Eleven 32,,,Day Care Facility,Day Care Facility,day care,False,False,op_permit_daycare,Open,2017-09-08,,700 RIVERCREST BLVD ALLEN TX 75002,False,127247,9,9,DC000292-09-2017,DC007133-08-2026,Annual Renewal Completed,2027-09-12,https://cityofallentx-energovweb.tylerhost.net/apps/selfservice#/operationalPermit/55887971-e07a-4c89-a47b-0f14977d95f2,15,15,2017-09-08,2026-10-12,0,0,4,100,2026-04-06,15,15,2017-09-08,2026-10-12,0,0,4,100,2026-04-06,0
fa31af5e-bd07-475f-9227-ffd5fb266412,fa31af5e-bd07-475f-9227-ffd5fb266412,1,CiCi's Pizza @ AEC,,,Light - Food Establishment,Light - Food Establishment | Light Food Preparation,food,False,False,license_food | op_permit_food,Closed,2019-08-12,2022-10-14,200 E STACY RD  ALLEN TX 75002,False,127345,4,3,FE001295-01-2019,FE003580-02-2022,Expired,2023-02-03,https://cityofallentx-energovweb.tylerhost.net/apps/selfservice#/businessLicense/5edd5d3b-82f6-42e4-ad6f-e53dddaa6332,5,5,2019-08-12,2022-03-01,0,0,0,,,5,5,2019-08-12,2022-03-01,0,0,0,,,0
43c65303-fd9e-492b-bdb6-55367887f869,43c65303-fd9e-492b-bdb6-55367887f869,1,Cici's Pizza,,,Light - Food Establishment,Light - Food Establishment | Light Food Preparation,food,False,False,license_food | op_permit_food,Closed,,2019-08-26,200 E STACY RD ALLEN TX 75002,False,127345,2,1,FE000518-01-2018,FE001199-01-2019,Expired,2020-01-30,https://cityofallentx-energovweb.tylerhost.net/apps/selfservice#/businessLicense/dabc6e9d-fd27-48cc-978d-cef965f232fe,1,1,2018-01-15,2018-01-15,0,0,0,,,1,1,2018-01-15,2018-01-15,0,0,0,,,0
48d135b9-d05c-45b2-a7e8-8e2774e36f6b,48d135b9-d05c-45b2-a7e8-8e2774e36f6b,1,Cici's Pizza,,,Heavy - Food Establishment,Heavy - Food Establishment | Heavy Food Preparation,food,False,False,license_food | op_permit_food,Closed,2018-01-01,2023-04-11,204 N GREENVILLE AVE Unit: 120 ALLEN TX 75002,False,104995,6,5,FE000437-12-2017,FE004181-12-2022,Expired,2023-12-10,https://cityofallentx-energovweb.tylerhost.net/apps/selfservice#/businessLicense/195074e8-fcf1-40a5-a84a-875a29afaf2f,20,19,2018-01-08,2023-01-20,7,4,0,,,20,19,2018-01-08,2023-01-20,7,4,0,,,0
9959f7b0-21d3-4fe3-9200-bbd26cec79c8,9959f7b0-21d3-4fe3-9200-bbd26cec79c8,1,Cigar Palace and Bar,,,Light - Food Establishment,Light - Food Establishment | Light Food Preparation,food,False,False,license_food | op_permit_food,Closed,,2022-06-23,975 SH121 HWY Unit: 190 ALLEN TX 75013,False,126999,3,2,FE001876-11-2019,FE003363-11-2021,Expired,2022-11-10,https://cityofallentx-energovweb.tylerhost.net/apps/selfservice#/businessLicense/70541950-001a-4688-8c30-b180fee8edb7,3,3,2020-07-31,2021-10-29,0,0,0,,,3,3,2020-07-31,2021-10-29,0,0,0,,,0
1b89f7e2-7b98-4ddd-a399-8ad9fde80609,1b89f7e2-7b98-4ddd-a399-8ad9fde80609,1,Cigar Warehouse & Bar,Cigar Warehouse & Bar,,Light Food Preparation,Light Food Preparation,food,False,False,op_permit_food,Open,,,975 Sam Rayburn Tollway Unit: 190 allen TX 75013,False,126999,1,1,FE-006922-06-2026,FE-006922-06-2026,Annual Renewal Completed,2027-07-06,https://cityofallentx-energovweb.tylerhost.net/apps/selfservice#/operationalPermit/ac285f01-0ef0-483f-9747-ad623a25f430,1,1,2026-12-01,2026-12-01,0,0,0,,,1,1,2026-12-01,2026-12-01,0,0,0,,,0
5fafc3af-8f8d-4b61-a28a-0dcb286e224f,5fafc3af-8f8d-4b61-a28a-0dcb286e224f,1,Cinco Salsas,,,Temporary Food Establishments,Temporary Food Establishments,food,True,False,op_permit_food,Closed,,2025-08-26,Sacshe TX 75048,True,,1,1,FESP006347-08-2025,FESP006347-08-2025,Expired,2999-01-01,https://cityofallentx-energovweb.tylerhost.net/apps/selfservice#/operationalPermit/765AE2E9-69CB-43FA-B80E-19C258DA692A,0,0,,,0,0,0,,,0,0,,,0,0,0,,,0
25e75a85-38a8-4ca6-b0fc-53ecac1e4228,25e75a85-38a8-4ca6-b0fc-53ecac1e4228,1,Cinemark Allen 16 XD #370,,,Heavy Food Preparation,Heavy Food Preparation,food,False,False,op_permit_food,Open,2017-09-21,,921 SH121 HWY  ALLEN TX 75013,False,124534,9,9,FE000071-05-2017,FE-007069-08-2026,Active,2027-05-14,https://cityofallentx-energovweb.tylerhost.net/apps/selfservice#/operationalPermit/5d4732e1-6dbd-4e50-be9c-0cff905230fa,19,18,2018-05-16,2025-12-03,1,0,0,,,19,18,2018-05-16,2025-12-03,1,0,0,,,0
ddeefaca-0360-42fb-9b29-ea8c707f9d5c,ddeefaca-0360-42fb-9b29-ea8c707f9d5c,1,Cita's Salsa,,,Special Event - Food Establishment,Special Event - Food Establishment,special event,True,False,license_special_event_food,Closed,,2024-04-10,Dallas TX 75228,True,,1,0,FESP004920-11-2023,FESP004920-11-2023,Expired,2023-11-12,https://cityofallentx-energovweb.tylerhost.net/apps/selfservice#/businessLicense/9716f2e2-6371-49fb-a63c-cc59503cd37f,0,0,,,0,0,0,,,0,0,,,0,0,0,,,0
06573be2-7cb8-43ba-a710-60fa539662ef,06573be2-7cb8-43ba-a710-60fa539662ef,1,Clancy's Coffee,,,Light - Food Establishment,Light - Food Establishment | Light Food Preparation,food,False,False,license_food | op_permit_food,Closed,,2022-05-02,900 W BETHANY DR Unit: 105 ALLEN TX 75013,False,131499,2,1,FE002347-06-2020,FE003097-06-2021,Expired,2022-06-26,https://cityofallentx-energovweb.tylerhost.net/apps/selfservice#/businessLicense/a1e06710-5075-4c4b-8692-426f77304e1a,2,2,2021-03-22,2021-12-02,0,0,0,,,2,2,2021-03-22,2021-12-02,0,0,0,,,0
f4798917-27d9-4b44-a4d6-cff4f6088b1e,f4798917-27d9-4b44-a4d6-cff4f6088b1e,1,Club Bar @ CUTX,,,Light Food Preparation,Light Food Preparation,food,False,False,op_permit_food,Open,2019-08-12,,200 E STACY RD  ALLEN TX 75002,False,127345,7,7,FE001661-07-2019,FE-007085-08-2026,Annual Renewal Completed,2027-08-09,https://cityofallentx-energovweb.tylerhost.net/apps/selfservice#/operationalPermit/90e0fd2c-0434-4853-80fa-ff5653dc8b26,8,8,2019-08-12,2026-04-03,0,0,0,,,8,8,2019-08-12,2026-04-03,0,0,0,,,0
7b63aea6-dea8-4f31-a3d8-bc471e34c9d0,7b63aea6-dea8-4f31-a3d8-bc471e34c9d0,1,Coach Slim Snowcones-Allen USA,,,Temporary Food Establishment - Food Establishment,Temporary Food Establishment - Food Establishment | Temporary Food Establishments,food,True,False,license_food | op_permit_food,Closed,2017-06-24,2023-07-21,701 ANGEL PKWY ALLEN TX 75002,False,121106,2,1,FE000160-06-2017,FE000886-06-2018,Expired,2018-06-30,https://cityofallentx-energovweb.tylerhost.net/apps/selfservice#/businessLicense/b189a20f-92ca-40fc-96e6-1cf893278f9f,0,0,,,0,0,0,,,0,0,,,0,0,0,,,0
f7f986e7-3080-406a-b166-f836f5c7688b,f7f986e7-3080-406a-b166-f836f5c7688b,1,Coconut Hill (Grocery),,,Grocery Store,Grocery Store,food,False,False,op_permit_food,Open,,,1201 E MAIN ST Unit: 200 ALLEN TX 75002,False,111449,5,5,FE003325-10-2021,FE006470-10-2025,Pending Payment,2026-09-27,https://cityofallentx-energovweb.tylerhost.net/apps/selfservice#/operationalPermit/6C55DDF9-2FA8-4E69-B3C4-5664B86A694E,8,8,2022-06-14,2026-02-03,5,0,0,,,8,8,2022-06-14,2026-02-03,5,0,0,,,0
815a95d0-4ade-4f6a-b2c3-e9623bd92249,815a95d0-4ade-4f6a-b2c3-e9623bd92249,2,Coconut Hill (Kitchen),,,Grocery Department,Grocery Department,food,False,False,op_permit_food,Open,,,1201 E Main St Unit: 200 Allen TX 75002,False,,2,2,FE004864-09-2023,FE006468-10-2025,Pending Payment,2027-09-27,https://cityofallentx-energovweb.tylerhost.net/apps/selfservice#/operationalPermit/79436f3d-00a5-463a-bdb5-0ce4fb429834,3,3,2024-08-05,2026-02-03,1,0,0,,,7,7,2022-06-14,2026-02-03,4,0,0,,,0
b7b557e5-1348-4656-9c5b-6ff3fca46ef1,815a95d0-4ade-4f6a-b2c3-e9623bd92249,2,Coconut Hill (Kitchen),,,Grocery - Food Establishment,Grocery - Food Establishment | Grocery Store,food,False,False,license_food | op_permit_food,Closed,,2024-08-13,1201 E MAIN ST Unit: 200 ALLEN TX 75002,False,111449,4,3,FE003323-10-2021,FE005609-09-2024,Closed,,https://cityofallentx-energovweb.tylerhost.net/apps/selfservice#/businessLicense/e2288db4-20af-4b94-a126-269fde7a6b5e,4,4,2022-06-14,2023-09-14,3,0,0,,,7,7,2022-06-14,2026-02-03,4,0,0,,,0
744930e7-377a-4320-9eb9-c4f4382ba464,744930e7-377a-4320-9eb9-c4f4382ba464,2,Coconut Hill (Meat Market),,,Grocery - Food Establishment,Grocery - Food Establishment | Grocery Store,food,False,False,license_food | op_permit_food,Closed,,2024-08-13,1201 E MAIN ST Unit: 200 ALLEN TX 75002,False,111449,3,2,FE003324-10-2021,FE004851-09-2023,Expired,2024-10-06,https://cityofallentx-energovweb.tylerhost.net/apps/selfservice#/businessLicense/809b4556-09ba-41c3-bd69-edd139884727,4,4,2022-06-14,2023-09-14,2,0,0,,,8,8,2022-06-14,2025-09-04,4,1,0,,,0
b67f5c7b-f119-486d-89ec-b0b966e12ff5,744930e7-377a-4320-9eb9-c4f4382ba464,2,Coconut Hill (Meat Market),,,Grocery Department,Grocery Department,food,False,False,op_permit_food,Open,,,1201 E Main St Unit: 200 Allen TX 75002,False,,3,3,FE004865-09-2023,FE006469-10-2025,Pending Payment,2027-09-27,https://cityofallentx-energovweb.tylerhost.net/apps/selfservice#/operationalPermit/0201f999-7457-44a5-adbd-9fa93b23d4db,4,4,2024-08-05,2025-09-04,2,1,0,,,8,8,2022-06-14,2025-09-04,4,1,0,,,0
494c87de-657e-44dc-8871-8dc5dc342596,494c87de-657e-44dc-8871-8dc5dc342596,1,Coffee Del Rey,,,Special Event - Food Establishment,Special Event - Food Establishment,special event,True,False,license_special_event_food,Open,2023-10-12,,Plano TX 75075,True,,1,0,FESP004868-09-2023,FESP004868-09-2023,Expired,2023-10-22,https://cityofallentx-energovweb.tylerhost.net/apps/selfservice#/businessLicense/8e299dfa-7547-461d-bc6c-08844c88cc62,0,0,,,0,0,0,,,0,0,,,0,0,0,,,0
88f7240f-927d-4580-b805-102fe34a8219,88f7240f-927d-4580-b805-102fe34a8219,1,Cold Stone Creamery,,,Heavy Food Preparation,Heavy Food Preparation,food,False,False,op_permit_food,Open,,,190 E Stacy Rd Unit: 1424 Allen TX 75013,False,,3,3,FE005041-01-2024,FE006687-02-2026,Active,2027-01-29,https://cityofallentx-energovweb.tylerhost.net/apps/selfservice#/operationalPermit/1815E28B-8E5F-45EA-AD92-F5672E1083C3,7,6,2024-03-25,2026-09-27,0,0,0,,,7,6,2024-03-25,2026-09-27,0,0,0,,,0
e216c966-3f78-4e3d-843a-0964d467c513,e216c966-3f78-4e3d-843a-0964d467c513,1,Cold Stone Creamery,,,Light - Food Establishment,Light - Food Establishment | Light Food Preparation,food,False,False,license_food | op_permit_food,Closed,,2024-01-17,190 E STACY RD B1400 Unit: 1424 ALLEN TX 75002,False,127348,6,5,FE000262-08-2017,FE004014-08-2022,Expired,2023-08-26,https://cityofallentx-energovweb.tylerhost.net/apps/selfservice#/businessLicense/9ef03dd9-3345-4f4e-a7dd-cd3d413fe5a6,9,9,2018-03-06,2023-07-24,0,0,0,,,9,9,2018-03-06,2023-07-24,0,0,0,,,0
d148741d-b1f6-4da3-8967-b615ad43dd83,d148741d-b1f6-4da3-8967-b615ad43dd83,1,Cold Stone Creamery Food Truck # 6131,,,Mobile Food Prep Unit - Food Establishment,Mobile Food Prep Unit - Food Establishment,food,True,False,license_food,Closed,,2024-10-08,Allen TX 75013,True,,1,0,FE004845-09-2023,FE004845-09-2023,Closed,,https://cityofallentx-energovweb.tylerhost.net/apps/selfservice#/businessLicense/37c81603-d33f-4867-91a0-40b47c60edea,3,2,2023-09-13,2023-09-15,0,1,0,,,3,2,2023-09-13,2023-09-15,0,1,0,,,0
871f6cc6-5125-4aae-a2cc-ad947ad0aa9a,871f6cc6-5125-4aae-a2cc-ad947ad0aa9a,1,Cold Stone Creamery-Allen USA,,,Temporary Food Establishment - Food Establishment,Temporary Food Establishment - Food Establishment,food,True,False,license_food,Closed,2018-06-29,2022-08-17,701 ANGEL PKWY  ALLEN TX 75002,False,121106,1,0,FE000887-06-2018,FE000887-06-2018,Expired,2018-06-30,https://cityofallentx-energovweb.tylerhost.net/apps/selfservice#/businessLicense/72155789-e65b-4934-ac5b-2162df150508,1,1,2018-06-29,2018-06-29,0,0,0,,,1,1,2018-06-29,2018-06-29,0,0,0,,,0
a3ce60f0-0ec5-4797-a130-8be72c7b3ca0,a3ce60f0-0ec5-4797-a130-8be72c7b3ca0,1,Collin College - Cafe,,,Heavy Food Preparation,Heavy Food Preparation,food,False,False,op_permit_food,Open,,,2550 BENDING BRANCH WAY ALLEN TX 75013,False,131980,6,6,FE002370-07-2020,FE-007120-08-2026,Annual Renewal Completed,2027-07-10,https://cityofallentx-energovweb.tylerhost.net/apps/selfservice#/operationalPermit/beef29e9-8131-4a4b-9782-89d62cd06e47,8,8,2020-11-04,2026-11-05,0,0,4,92,2025-09-16,8,8,2020-11-04,2026-11-05,0,0,4,92,2025-09-16,0
f9355f4b-d79f-4446-b0ff-1d8215e72672,f9355f4b-d79f-4446-b0ff-1d8215e72672,1,Commissary Century Kitchen @ CUTX,,,Light Food Preparation,Light Food Preparation,food,False,False,op_permit_food,Open,,,415 Century Parkway Unit: 100 Allen TX 75013,False,,4,4,FE004027-08-2022,FE006333-08-2025,Annual Renewal Completed,2026-10-13,https://cityofallentx-energovweb.tylerhost.net/apps/selfservice#/operationalPermit/C556811B-DE61-46CE-9D7C-62E49DDF9CAD,6,6,2022-08-29,2026-10-02,0,0,2,96,2025-10-02,6,6,2022-08-29,2026-10-02,0,0,2,96,2025-10-02,0
6a87ffc7-8225-4691-8734-7983c363a5a4,6a87ffc7-8225-4691-8734-7983c363a5a4,1,Commissary Kitchen @ CUTX,,,Heavy Food Preparation,Heavy Food Preparation,food,False,False,op_permit_food,Open,,,200 E STACY RD 1350 ALLEN TX 75002,False,127345,9,9,FE000235-08-2017,FE-007082-08-2026,Annual Renewal Completed,2027-08-09,https://cityofallentx-energovweb.tylerhost.net/apps/selfservice#/operationalPermit/83828fa0-87e5-4aaf-8a81-063853116dd2,10,10,2018-01-15,2026-04-03,2,0,0,,,10,10,2018-01-15,2026-04-03,2,0,0,,,0
d6508667-604f-4fb7-8f79-1a463b23f92f,d6508667-604f-4fb7-8f79-1a463b23f92f,1,Community Grill #1 (0385),,,Mobile Food Establishment,Mobile Food Establishment | Temporary Food Establishment - Food Establishment,food,True,False,license_food | op_permit_food,Closed,,2026-09-22,415 Century Pkwy Allen TX 75013,False,,7,6,FE002957-04-2021,FE006845-04-2026,Active,2027-04-24,https://cityofallentx-energovweb.tylerhost.net/apps/selfservice#/operationalPermit/DF3B4C02-75A1-4E2F-AEA3-8F793D741968,9,8,2021-04-22,2026-04-08,0,0,0,,,9,8,2021-04-22,2026-04-08,0,0,0,,,0
6789c40b-4e88-4a28-b4bb-d0dd31d775ae,6789c40b-4e88-4a28-b4bb-d0dd31d775ae,1,Conchitas Mexican Grill & Bar,,,Heavy - Food Establishment,Heavy - Food Establishment | Heavy Food Preparation,food,False,False,license_food | op_permit_food,Closed,,2025-10-02,121 N Greenville Ave Allen TX 75002,False,,2,1,FE004936-11-2023,FE005708-11-2024,Closed,,https://cityofallentx-energovweb.tylerhost.net/apps/selfservice#/businessLicense/eeca59c8-7ed3-4e38-be75-6f81acc1a795,3,2,2024-05-01,2025-02-11,0,0,0,,,3,2,2024-05-01,2025-02-11,0,0,0,,,0
73024b1e-eb45-4fc2-be72-2c7e91820f51,73024b1e-eb45-4fc2-be72-2c7e91820f51,1,Coney Island Hot Weiner,,,Heavy - Food Establishment,Heavy - Food Establishment,food,False,False,license_food,Closed,2019-08-14,2020-12-08,107 N GREENVILLE AVE  Unit: A ALLEN TX 75002,False,104942,1,0,FE001720-08-2019,FE001720-08-2019,Expired,2020-08-14,https://cityofallentx-energovweb.tylerhost.net/apps/selfservice#/businessLicense/fecf50f5-3b70-4b15-ae21-7070c7d6634e,1,1,2020-01-17,2020-01-17,0,0,0,,,1,1,2020-01-17,2020-01-17,0,0,0,,,0
afbde42d-597e-4997-9c05-c95665f6e3cc,afbde42d-597e-4997-9c05-c95665f6e3cc,1,Conway Corndogs #1-Allen USA,,,Temporary Food Establishment - Food Establishment,Temporary Food Establishment - Food Establishment | Temporary Food Establishments,food,True,False,license_food | op_permit_food,Closed,2017-06-24,2022-06-15,701 ANGEL PKWY ALLEN TX 75002,False,121106,4,3,FE000163-06-2017,FE001584-06-2019,Expired,2019-06-29,https://cityofallentx-energovweb.tylerhost.net/apps/selfservice#/businessLicense/6e95071d-4187-4458-9396-77354c44c158,2,2,2019-06-28,2021-06-25,0,0,0,,,2,2,2019-06-28,2021-06-25,0,0,0,,,0
9353e180-9955-4ae3-8afb-de373107b35d,9353e180-9955-4ae3-8afb-de373107b35d,1,Conway Corndogs #2 -Allen USA,,,Temporary Food Establishment - Food Establishment,Temporary Food Establishment - Food Establishment | Temporary Food Establishments,food,True,False,license_food | op_permit_food,Closed,2018-06-29,2022-11-09,701 ANGEL PKWY  ALLEN TX 75002,False,121106,3,2,FE000890-06-2018,FE003056-06-2021,Expired,2021-06-26,https://cityofallentx-energovweb.tylerhost.net/apps/selfservice#/businessLicense/51a820bd-4179-4bc5-a1bb-cbe3c487d6b8,2,2,2018-06-29,2019-06-28,0,0,0,,,2,2,2018-06-29,2019-06-28,0,0,0,,,0
524ea35b-9e1d-4162-b2a2-59e236a249db,524ea35b-9e1d-4162-b2a2-59e236a249db,1,Cool Beads Texas-Allen USA,,,Temporary Food Establishment - Food Establishment,Temporary Food Establishment - Food Establishment,food,True,False,license_food,Closed,2017-06-24,2023-08-14,701 ANGEL PKWY ALLEN TX 75002,False,121106,1,0,FE000167-06-2017,FE000167-06-2017,Expired,2017-06-24,https://cityofallentx-energovweb.tylerhost.net/apps/selfservice#/businessLicense/27c20e62-d969-49dd-83d8-041c0897b050,0,0,,,0,0,0,,,0,0,,,0,0,0,,,0
3675bb5d-711c-4d13-bf93-2d9fb8ba4672,3675bb5d-711c-4d13-bf93-2d9fb8ba4672,1,Cooley Bay Winery,,,Temporary Food Establishment - Food Establishment,Temporary Food Establishment - Food Establishment,food,True,False,license_food,Closed,2023-05-13,2023-05-13,Van Alstyne TX 75495,True,,1,0,FE004552-04-2023,FE004552-04-2023,Expired,2023-05-13,https://cityofallentx-energovweb.tylerhost.net/apps/selfservice#/businessLicense/27611bd2-53b1-414b-9e8f-e642c2c0fcb1,0,0,,,0,0,0,,,0,0,,,0,0,0,,,0
2bc44b51-bde7-410d-9f4b-8753fbabcce3,2bc44b51-bde7-410d-9f4b-8753fbabcce3,1,Cornerstone School Allen,,,Day Care Facility,Day Care Facility,day care,False,False,op_permit_daycare,Open,,,6 Prestige Circle Allen TX 75002,False,,3,3,DC004896-10-2023,DC006594-01-2026,Annual Renewal Completed,2026-10-24,https://cityofallentx-energovweb.tylerhost.net/apps/selfservice#/operationalPermit/0F78C108-9672-41DF-8ADE-AC95252D150A,6,5,2024-07-19,2026-09-27,0,0,0,,,6,5,2024-07-19,2026-09-27,0,0,0,,,0
aad7af29-2713-4802-9525-9216fa160603,aad7af29-2713-4802-9525-9216fa160603,1,Cornerstone School Allen Child Care,,,Day Care Facility,Day Care Facility,day care,False,False,op_permit_daycare,Closed,2017-05-11,2023-10-11,6 PRESTIGE CIR ALLEN TX 75013,False,121204,5,5,DC000439-12-2017,DC003371-11-2021,Annual Renewal Completed,2022-12-10,https://cityofallentx-energovweb.tylerhost.net/apps/selfservice#/operationalPermit/2313B003-FE98-4F9F-A882-82EAC4504362,12,12,2017-05-11,2023-07-20,0,0,0,,,12,12,2017-05-11,2023-07-20,0,0,0,,,0
eec7be27-b564-4647-98e8-ba05923dbc1c,eec7be27-b564-4647-98e8-ba05923dbc1c,1,CosMc's,,,Heavy - Food Establishment,Heavy - Food Establishment,food,False,False,license_food,Closed,,2025-08-12,861 W Stacy Rd Allen TN 75013,False,,1,0,FE005962-02-2025,FE005962-02-2025,Closed,,https://cityofallentx-energovweb.tylerhost.net/apps/selfservice#/businessLicense/3ec28af2-27c4-4ba1-a117-0e6c209fc559,2,2,2025-03-25,2025-04-09,1,0,1,87,2025-03-25,2,2,2025-03-25,2025-04-09,1,0,1,87,2025-03-25,0
ee45a95f-63be-4a03-b002-3196762469bc,ee45a95f-63be-4a03-b002-3196762469bc,1,Costco Wholesale #1739/Meat/Seafood,,,Grocery Department,Grocery Department,food,False,False,op_permit_food,Open,,,1067 State Hwy 121 Allen TX 75013,False,,1,1,FE-007063-07-2026,FE-007063-07-2026,Annual Renewal Completed,2027-07-28,https://cityofallentx-energovweb.tylerhost.net/apps/selfservice#/operationalPermit/2ddd9388-2065-4bc7-bf32-1d666816ef56,2,2,2026-01-20,2026-09-30,0,0,0,,,2,2,2026-01-20,2026-09-30,0,0,0,,,0
9671ac93-9130-460d-a9a1-3b3bae2f746e,9671ac93-9130-460d-a9a1-3b3bae2f746e,1,Costco Wholesale# 1739 / Bakery,,,Grocery Department,Grocery Department,food,False,False,op_permit_food,Open,,,1067 State Hwy 121 Allen TX 75013,False,,1,1,FE-007061-07-2026,FE-007061-07-2026,Annual Renewal Completed,2027-07-28,https://cityofallentx-energovweb.tylerhost.net/apps/selfservice#/operationalPermit/96a5166d-88f7-4968-824e-bcc36548e8f0,2,2,2026-01-20,2026-09-30,0,0,0,,,2,2,2026-01-20,2026-09-30,0,0,0,,,0
b6eabbb0-94dc-4058-8705-f698e448d0b4,b6eabbb0-94dc-4058-8705-f698e448d0b4,1,Costco Wholesale# 1739/ Food Court,,,Heavy Food Preparation,Heavy Food Preparation,food,False,False,op_permit_food,Open,,,1067 State Hwy 121 Allen TX 75013,False,,1,1,FE-007060-07-2026,FE-007060-07-2026,Annual Renewal Completed,2027-07-28,https://cityofallentx-energovweb.tylerhost.net/apps/selfservice#/operationalPermit/265bfcdf-de76-4862-b25b-07f0fd367ea6,2,2,2026-01-20,2026-09-30,0,0,0,,,2,2,2026-01-20,2026-09-30,0,0,0,,,0
b817a7ac-4477-44b4-84f1-9d2e1c18804f,b817a7ac-4477-44b4-84f1-9d2e1c18804f,1,Costco Wholesale# 1739/Deli,,,Grocery Department,Grocery Department,food,False,False,op_permit_food,Open,,,1067 State Hwy 121 Allen TX 75013,False,,1,1,FE-007062-07-2026,FE-007062-07-2026,Annual Renewal Completed,2027-07-28,https://cityofallentx-energovweb.tylerhost.net/apps/selfservice#/operationalPermit/577bc023-590d-4cbc-a152-d17fb952f9a5,2,2,2026-01-20,2026-09-30,0,0,0,,,2,2,2026-01-20,2026-09-30,0,0,0,,,0
d1f3736b-2ee5-41ee-8346-9d504f52a518,d1f3736b-2ee5-41ee-8346-9d504f52a518,1,Costco Wholesale# 1739/Sushi,,,Heavy Food Preparation,Heavy Food Preparation,food,False,False,op_permit_food,Closed,,2026-07-29,1067 State Hwy 121 Allen TX 75013,False,,1,1,FE006293-07-2025,FE006293-07-2025,Closed,,https://cityofallentx-energovweb.tylerhost.net/apps/selfservice#/operationalPermit/9199D0B2-161A-491E-A8DC-5E2F537E16C2,1,1,2026-01-20,2026-01-20,0,0,0,,,1,1,2026-01-20,2026-01-20,0,0,0,,,0
8bb104eb-99ba-4120-82d6-51f631b017f7,8bb104eb-99ba-4120-82d6-51f631b017f7,1,Costco Wholesale#1739/Grocery,,,Grocery Store,Grocery Store,food,False,False,op_permit_food,Open,,,1067 State Hwy 121 Allen TX 75013,False,,1,1,FE-007059-07-2026,FE-007059-07-2026,Annual Renewal Completed,2027-07-28,https://cityofallentx-energovweb.tylerhost.net/apps/selfservice#/operationalPermit/b689260a-021a-4d70-b5fb-e666645b2485,2,2,2026-01-20,2026-09-30,0,0,0,,,2,2,2026-01-20,2026-09-30,0,0,0,,,0
fe009c92-a60a-4f9e-b91e-71da3e30498a,fe009c92-a60a-4f9e-b91e-71da3e30498a,1,Costco-Club Demo.,,,Heavy Food Preparation,Heavy Food Preparation,food,False,False,op_permit_food,Open,,,1067 State Hwy121 Allen TX 75013,False,,1,1,FE-007017-07-2026,FE-007017-07-2026,Annual Renewal Completed,2027-07-25,https://cityofallentx-energovweb.tylerhost.net/apps/selfservice#/operationalPermit/62feab07-70ea-4eba-be69-3cc534d0e2b1,2,2,2026-01-20,2026-09-30,0,0,0,,,2,2,2026-01-20,2026-09-30,0,0,0,,,0
3a64cba1-d7a9-485d-ad3d-85eaa9d16a08,3a64cba1-d7a9-485d-ad3d-85eaa9d16a08,1,Cottage Farmers Market at the Allen Heritage Village,,,Farmers' Market,Farmers' Market,food,False,False,op_permit_food,Open,,2026-03-30,450 E St Mary Dr Allen TX 75002,False,,1,1,FE006774-02-2026,FE006774-02-2026,Active,2027-02-25,https://cityofallentx-energovweb.tylerhost.net/apps/selfservice#/operationalPermit/4EE3A9FA-80B8-4A86-A130-63E285040F8C,0,0,,,0,0,0,,,0,0,,,0,0,0,,,0
87c10e18-0e46-4887-9a9e-938a0b991550,87c10e18-0e46-4887-9a9e-938a0b991550,1,Cotton Patch Cafe,,,Heavy - Food Establishment,Heavy - Food Establishment | Heavy Food Preparation,food,False,False,license_food | op_permit_food,Closed,,2020-05-04,190 E STACY RD B1100 Unit: 1108 ALLEN TX 75002,False,127348,3,2,FE000495-01-2018,FE002016-01-2020,Expired,2021-01-17,https://cityofallentx-energovweb.tylerhost.net/apps/selfservice#/businessLicense/275e9fc5-8423-4c01-a5e4-b67a83a851ba,3,2,2019-07-22,2020-01-02,0,0,0,,,3,2,2019-07-22,2020-01-02,0,0,0,,,0
b44f7ef9-e6e8-41a5-ab1c-cee4f1d36775,b44f7ef9-e6e8-41a5-ab1c-cee4f1d36775,1,Cottonwood Creek Church,,,Special Event - Food Establishment,Special Event - Food Establishment,special event,True,False,license_special_event_food,Closed,,2021-11-29,1015 SH121 HWY ALLEN TX 75013,False,,1,0,FESP003282-09-2021,FESP003282-09-2021,Expired,2021-11-12,https://cityofallentx-energovweb.tylerhost.net/apps/selfservice#/businessLicense/b3b45fce-c821-422f-bf6d-c290ed17f5b1,0,0,,,0,0,0,,,0,0,,,0,0,0,,,0
6ee895fa-e84c-4a41-bba8-facd3376fa60,6ee895fa-e84c-4a41-bba8-facd3376fa60,1,Cottonwood Crk Kid Care Preschool,,,Day Care Facility,Day Care Facility,day care,False,False,op_permit_daycare,Open,2017-09-11,,1015 SH121 HWY ALLEN TX 75013,False,121680,8,8,DC000203-07-2017,DC006975-07-2026,Annual Renewal Completed,2027-07-25,https://cityofallentx-energovweb.tylerhost.net/apps/selfservice#/operationalPermit/3bec9712-ca68-40d5-81ee-9645799004a7,14,14,2017-09-11,2026-04-24,0,0,0,,,14,14,2017-09-11,2026-04-24,0,0,0,,,0
3e48b920-21fd-4580-9ed8-de28307f60f6,3e48b920-21fd-4580-9ed8-de28307f60f6,1,Country Fresh Farms,,,Special Event - Food Establishment,Special Event - Food Establishment,special event,True,False,license_special_event_food,Closed,2024-03-20,2024-03-21,717 South Greenville Ave Allen TX 75002,False,,1,0,FESP005210-03-2024,FESP005210-03-2024,Expired,2024-03-23,https://cityofallentx-energovweb.tylerhost.net/apps/selfservice#/businessLicense/b9a4c462-9d5c-4ae8-a1a1-ec5d3690767a,1,1,2024-03-20,2024-03-20,0,0,0,,,1,1,2024-03-20,2024-03-20,0,0,0,,,0
3bd20baf-1e86-49be-90dc-e112cd814d7e,3bd20baf-1e86-49be-90dc-e112cd814d7e,1,Courtyard by Marriott Bistro,,,Light Food Preparation,Light Food Preparation,food,False,False,op_permit_food,Open,2017-10-17,,210 E STACY RD 1250 ALLEN TX 75002,False,127333,9,9,FE000090-05-2017,FE-006885-05-2026,Active,2027-05-22,https://cityofallentx-energovweb.tylerhost.net/apps/selfservice#/operationalPermit/da658711-005c-4ba9-9f19-33f221624903,14,14,2017-10-17,2025-04-10,0,0,4,96,2025-04-10,14,14,2017-10-17,2025-04-10,0,0,4,96,2025-04-10,0
c758e844-222e-4a13-9635-7119cc349548,c758e844-222e-4a13-9635-7119cc349548,1,Courtyard by Marriott- Kitchen,,,Heavy Food Preparation,Heavy Food Preparation,food,False,False,op_permit_food,Open,2017-10-16,,210 E STACY RD 1250 ALLEN TX 75002,False,,9,9,FE000089-05-2017,FE-006884-05-2026,Active,2027-05-22,https://cityofallentx-energovweb.tylerhost.net/apps/selfservice#/operationalPermit/093f9433-f83c-471a-bdad-3b5dd3ba3bef,18,18,2017-10-16,2025-06-12,3,0,4,82,2025-04-10,18,18,2017-10-16,2025-06-12,3,0,4,82,2025-04-10,0
7585bf22-3f5b-4ebb-8568-83ec4d36428c,7585bf22-3f5b-4ebb-8568-83ec4d36428c,1,Cousins Maine Lobster,,,Temporary Food Establishment - Food Establishment,Temporary Food Establishment - Food Establishment,food,True,False,license_food,Closed,2018-12-11,2020-08-31,200 E STACY RD ALLEN TX 75002,False,127345,1,0,FE000290-09-2017,FE000290-09-2017,Expired,2017-09-17,https://cityofallentx-energovweb.tylerhost.net/apps/selfservice#/businessLicense/e9887547-daa1-4d57-8eac-02ed36dcd9b0,0,0,,,0,0,0,,,0,0,,,0,0,0,,,0
826b8aa6-716b-4a1a-8987-d2700636ae97,826b8aa6-716b-4a1a-8987-d2700636ae97,1,Cousins Maine Lobster,,,Mobile Food Prep Unit - Food Establishment,Mobile Food Establishment | Mobile Food Prep Unit - Food Establishment,food,True,False,license_food | op_permit_food,Closed,2021-07-12,2022-08-15,,False,,3,2,FE001166-12-2018,FE005053-01-2024,Expired,2025-01-22,https://cityofallentx-energovweb.tylerhost.net/apps/selfservice#/businessLicense/fcd40956-0feb-4def-a5c8-a1effef76f6a,1,1,2021-07-12,2021-07-12,0,0,0,,,1,1,2021-07-12,2021-07-12,0,0,0,,,0
b1522b7b-d84b-4b0c-9123-83cbfd60f22a,b1522b7b-d84b-4b0c-9123-83cbfd60f22a,1,Cousins Maine Lobster,,,Mobile Food Prep Unit - Food Establishment,Mobile Food Establishment | Mobile Food Prep Unit - Food Establishment,food,True,False,license_food | op_permit_food,Closed,,2026-02-03,Dallas TX 75247,True,,3,2,FE004225-01-2023,FE005985-02-2025,Closed,,https://cityofallentx-energovweb.tylerhost.net/apps/selfservice#/businessLicense/c6d4a454-a81c-4a4b-834c-e0102a05d965,3,3,2023-01-18,2025-02-21,0,1,0,,,3,3,2023-01-18,2025-02-21,0,1,0,,,0
0a10649a-27ec-4d1b-b2a0-aba25e6788a6,0a10649a-27ec-4d1b-b2a0-aba25e6788a6,1,Cousins Maine Lobster - WFL5636,,,Mobile Construction Site Food Vehicle:,Mobile Construction Site Food Vehicle:,food,True,False,op_permit_food,Closed,,2026-09-22,Frisco TX 75034,True,,1,1,FE006668-02-2026,FE006668-02-2026,Active,2027-02-03,https://cityofallentx-energovweb.tylerhost.net/apps/selfservice#/operationalPermit/D96DC2D4-51D8-4895-82DE-C93449E60123,1,1,2026-02-03,2026-02-03,0,0,0,,,1,1,2026-02-03,2026-02-03,0,0,0,,,0
9bc91193-b42c-48fc-83f1-a59699ed8523,9bc91193-b42c-48fc-83f1-a59699ed8523,1,Cowboy Candy Salsa @Downhomefest,,,Temporary Food Establishment - Food Establishment,Temporary Food Establishment - Food Establishment,food,True,False,license_food,Closed,,2024-04-10,190 E STACY RD  ALLEN TX 75002,False,127348,1,0,FE001060-09-2018,FE001060-09-2018,Expired,2018-10-13,https://cityofallentx-energovweb.tylerhost.net/apps/selfservice#/businessLicense/55b388cf-b75f-4f44-90d0-5100b3227f39,0,0,,,0,0,0,,,0,0,,,0,0,0,,,0
cbcf55af-8eb4-4a5e-aeb8-6a26b93c469c,cbcf55af-8eb4-4a5e-aeb8-6a26b93c469c,1,Cowboy Chicken,,,Heavy - Food Establishment,Heavy - Food Establishment | Heavy Food Preparation,food,False,False,license_food | op_permit_food,Closed,,2020-06-11,190 E STACY RD B1300 Unit: 1300 ALLEN TX 75002,False,127348,2,1,FE000504-01-2018,FE001298-02-2019,Expired,2020-01-23,https://cityofallentx-energovweb.tylerhost.net/apps/selfservice#/businessLicense/ce0f6af9-d3eb-4e36-9cee-d4d306e633bd,6,6,2017-10-20,2020-01-22,0,0,0,,,6,6,2017-10-20,2020-01-22,0,0,0,,,0
6d9dd58e-2096-46f4-a052-e82621393e60,6d9dd58e-2096-46f4-a052-e82621393e60,1,Cowtown Dogs,,,Mobile Food Establishment,Mobile Food Establishment,food,True,False,op_permit_food,Closed,,2025-07-07,Dallas TX 75207,True,,1,1,FE005386-06-2024,FE005386-06-2024,Expired,2025-06-18,https://cityofallentx-energovweb.tylerhost.net/apps/selfservice#/operationalPermit/8F0B7A96-8FC7-4434-88AF-FD5F3684CF23,0,0,,,0,0,0,,,0,0,,,0,0,0,,,0
b0004f9c-3af4-4ea5-842a-526aeaa180cb,b0004f9c-3af4-4ea5-842a-526aeaa180cb,1,Cowtown Dogs,,,Special Event - Food Establishment,Special Event - Food Establishment,special event,True,False,license_special_event_food,Closed,2024-05-30,2024-06-07,Dallas TX 75207,True,,1,0,FESP005354-06-2024,FESP005354-06-2024,Expired,2024-06-04,https://cityofallentx-energovweb.tylerhost.net/apps/selfservice#/businessLicense/04895a6b-d452-4fc2-ab6d-8c5baeafdeec,1,1,2024-06-07,2024-06-07,0,0,0,,,1,1,2024-06-07,2024-06-07,0,0,0,,,0
8724ae50-34db-4fb4-a433-15f87d86fa1c,8724ae50-34db-4fb4-a433-15f87d86fa1c,1,Cozy Coffee Station,,,Light Food Preparation,Light Food Preparation,food,False,False,op_permit_food,Open,,,900 W Bethany DR Unit: 105 Allen TX 75013,False,,5,5,FE003746-04-2022,FE006803-03-2026,Annual Renewal Completed,2027-04-20,https://cityofallentx-energovweb.tylerhost.net/apps/selfservice#/operationalPermit/6B222458-8984-4E28-AD54-ACAF3865232A,10,10,2022-06-29,2026-03-17,1,0,5,93,2025-07-30,10,10,2022-06-29,2026-03-17,1,0,5,93,2025-07-30,0
ea19cdd4-f65d-4454-9c0e-f58e0e2eedb9,ea19cdd4-f65d-4454-9c0e-f58e0e2eedb9,1,Cracker Barrel #714,,,Heavy Food Preparation,Heavy Food Preparation,food,False,False,op_permit_food,Open,2017-08-24,,1323 N CENTRAL EXPY ALLEN TX 75013,False,127847,9,9,FE000206-07-2017,FE-006963-07-2026,Annual Renewal Completed,2027-07-25,https://cityofallentx-energovweb.tylerhost.net/apps/selfservice#/operationalPermit/3a47e478-2515-4640-b6c4-58c29be52112,21,21,2018-09-07,2026-09-30,1,0,0,,,21,21,2018-09-07,2026-09-30,1,0,0,,,0
b5031513-45cb-46b9-af0e-25d10bc75c1c,b5031513-45cb-46b9-af0e-25d10bc75c1c,1,Crazy Tomato,,,Heavy - Food Establishment,Heavy - Food Establishment | Heavy Food Preparation,food,False,False,license_food | op_permit_food,Closed,2017-11-22,2025-01-31,803 E MAIN ST  Unit: F ALLEN TX 75002,False,105858,7,6,FE000549-02-2018,FE005222-03-2024,Expired,2025-02-20,https://cityofallentx-energovweb.tylerhost.net/apps/selfservice#/businessLicense/faf1b783-d871-4877-94be-a11f5cd312f3,15,15,2017-11-22,2024-11-22,2,0,0,,,15,15,2017-11-22,2024-11-22,2,0,0,,,0
f3e58c49-c200-4f65-ab51-d05cc5891a2c,f3e58c49-c200-4f65-ab51-d05cc5891a2c,1,Crazy Tomato P,,,Heavy Food Preparation,Heavy Food Preparation,food,False,False,op_permit_food,Open,,,803 E Main St Unit: Ste F Allen TX 75002,False,,2,2,FE005923-02-2025,FE006665-02-2026,Annual Renewal Completed,2027-02-07,https://cityofallentx-energovweb.tylerhost.net/apps/selfservice#/operationalPermit/F3DBF7D3-3A88-40A0-90C1-E2B01ACC2984,3,3,2025-08-07,2026-09-11,1,0,0,,,3,3,2025-08-07,2026-09-11,1,0,0,,,0
7187326e-bc52-4c54-bccf-949f6e55582a,7187326e-bc52-4c54-bccf-949f6e55582a,1,Cream Bunny Bakery,,,Heavy Food Preparation,Heavy Food Preparation,food,False,False,op_permit_food,Open,,,803 E MAIN ST Unit: G ALLEN TX 75002,False,105858,1,1,FE006533-12-2025,FE006533-12-2025,Active,2026-12-15,https://cityofallentx-energovweb.tylerhost.net/apps/selfservice#/operationalPermit/61CD2C3F-16FC-4C6C-8BF0-DF9A060F9E01,5,4,2026-01-02,2026-09-27,2,0,1,73,2026-01-02,5,4,2026-01-02,2026-09-27,2,0,1,73,2026-01-02,0
91d5c4c7-b9b0-4241-8ef2-b755757b91af,91d5c4c7-b9b0-4241-8ef2-b755757b91af,2,Creme de la Creme,,,Day Care Facility,Day Care Facility,day care,False,False,op_permit_daycare,Closed,2017-09-18,2023-10-13,1207 W MCDERMOTT DR ALLEN TX 75013,False,122793,5,5,DC000667-03-2018,DC003636-03-2022,Annual Renewal Completed,2023-04-03,https://cityofallentx-energovweb.tylerhost.net/apps/selfservice#/operationalPermit/24BC77F8-4AD1-4D53-8265-F2060D6D17FE,13,13,2017-09-18,2023-04-05,2,0,0,,,19,18,2017-09-18,2026-03-09,2,0,5,98,2026-03-09,0
e3732e29-551d-40c8-ba51-054784a296e5,91d5c4c7-b9b0-4241-8ef2-b755757b91af,2,Creme de la Creme,,,Day Care Facility,Day Care Facility,day care,False,False,op_permit_daycare,Closed,,2026-06-05,1207 W McDermott Dr Allen TX 75013,False,,3,3,DC004883-10-2023,DC006375-09-2025,Closed,,https://cityofallentx-energovweb.tylerhost.net/apps/selfservice#/operationalPermit/61779FE1-E8CA-48DC-B9A1-AC0FA3FED355,6,5,2023-12-14,2026-03-09,0,0,5,98,2026-03-09,19,18,2017-09-18,2026-03-09,2,0,5,98,2026-03-09,0
bf6e1d4e-5e25-49bf-b824-1e21b9be0487,bf6e1d4e-5e25-49bf-b824-1e21b9be0487,1,Cristi & Ali Cuisine-Allen USA,,,Temporary Food Establishment - Food Establishment,Temporary Food Establishment - Food Establishment,food,True,False,license_food,Closed,2017-06-24,2023-08-14,701 ANGEL PKWY ALLEN TX 75002,False,121106,1,0,FE000147-06-2017,FE000147-06-2017,Expired,2017-06-24,https://cityofallentx-energovweb.tylerhost.net/apps/selfservice#/businessLicense/fadb907f-a79c-4c43-a1de-14a2b4eb2364,0,0,,,0,0,0,,,0,0,,,0,0,0,,,0
256f7563-ab5f-4ae7-aa2f-9072b147b7ff,256f7563-ab5f-4ae7-aa2f-9072b147b7ff,1,Cru Food & Wine Bar,,,Heavy - Food Establishment,Heavy - Food Establishment | Heavy Food Preparation,food,False,False,license_food | op_permit_food,Closed,2019-03-13,2025-01-27,842  WATTERS CREEK BLVD C ALLEN TX 75013,False,129666,6,5,FE000449-12-2017,FE004980-12-2023,Closed,,https://cityofallentx-energovweb.tylerhost.net/apps/selfservice#/businessLicense/5f79d56f-9328-4f55-90e2-5f50d79d86a4,12,11,2019-03-13,2024-11-13,0,0,3,96,2024-11-13,12,11,2019-03-13,2024-11-13,0,0,3,96,2024-11-13,0
78577ebe-c994-4974-b110-7207b63ea754,78577ebe-c994-4974-b110-7207b63ea754,1,Crumbl Cookies,,,Heavy Food Preparation,Heavy Food Preparation,food,False,False,op_permit_food,Open,,,845 W STACY RD A Unit: 145 ALLEN TX 75013,False,132953,6,6,FE002256-04-2020,FE-006881-05-2026,Annual Renewal Completed,2027-05-02,https://cityofallentx-energovweb.tylerhost.net/apps/selfservice#/operationalPermit/aaf355d0-86e6-4c1c-a75e-15c2f058eea0,14,14,2020-07-28,2026-10-14,1,0,5,86,2026-04-14,14,14,2020-07-28,2026-10-14,1,0,5,86,2026-04-14,0
b6cb65de-8a79-4faa-8d75-74cd06d1aee6,b6cb65de-8a79-4faa-8d75-74cd06d1aee6,1,Crunchies Eggrolls & More @ Holly Jolly,,,Temporary Food Establishment - Food Establishment,Temporary Food Establishment - Food Establishment,food,True,False,license_food,Closed,2019-03-07,2019-03-07,1595 STABLERUN DR  ALLEN TX 75002,False,121009,1,0,FE001365-03-2019,FE001365-03-2019,Expired,2019-03-07,https://cityofallentx-energovweb.tylerhost.net/apps/selfservice#/businessLicense/a50bfdd2-24ca-4fcd-8ac2-068e091af50e,1,1,2019-03-07,2019-03-07,0,0,0,,,1,1,2019-03-07,2019-03-07,0,0,0,,,0
3afb2309-ffa9-48f6-ab2a-ea32e488aa9a,3afb2309-ffa9-48f6-ab2a-ea32e488aa9a,1,Crunchies Eggrolls And More,,,Special Event - Food Establishment,Special Event - Food Establishment,special event,True,False,license_special_event_food,Closed,,2021-07-30,300 N ALLEN DR ALLEN TX 75013,False,122494,3,0,FESP001758-09-2019,FESP003388-12-2021,Expired,2021-12-05,https://cityofallentx-energovweb.tylerhost.net/apps/selfservice#/businessLicense/425361de-dbec-42e2-a08c-9c09d07c46c7,2,2,2021-07-29,2021-12-03,0,0,0,,,2,2,2021-07-29,2021-12-03,0,0,0,,,0
a8443a53-6166-47da-a0c4-b10e4b3eb596,a8443a53-6166-47da-a0c4-b10e4b3eb596,1,Crunchies Eggrolls And More,,,Temporary Food Establishment - Food Establishment,Temporary Food Establishment - Food Establishment,food,True,False,license_food,Closed,2019-06-28,2021-05-28,701 ANGEL PKWY  ALLEN TX 75002,False,121106,1,0,FE001581-06-2019,FE001581-06-2019,Expired,2019-06-29,https://cityofallentx-energovweb.tylerhost.net/apps/selfservice#/businessLicense/8ea2392e-8fcb-4154-8f6a-1544514403f5,1,1,2019-06-28,2019-06-28,0,0,0,,,1,1,2019-06-28,2019-06-28,0,0,0,,,0
c02cf8f5-f285-40d3-a9f3-922aa819aebc,c02cf8f5-f285-40d3-a9f3-922aa819aebc,1,Cups & Cones Creamery,,,Light - Food Establishment,Light - Food Establishment,food,False,False,license_food,Closed,2018-05-29,2019-03-15,1314 W MCDERMOTT DR  Unit: 175 ALLEN TX 75013,False,113690,1,0,FE000379-10-2017,FE000379-10-2017,Expired,2018-10-19,https://cityofallentx-energovweb.tylerhost.net/apps/selfservice#/businessLicense/76538fb8-50c7-4872-9e18-c87383483248,2,0,,,0,0,0,,,2,0,,,0,0,0,,,0
4f7f23c3-9712-45c0-bcca-9d8b4f6b61b9,4f7f23c3-9712-45c0-bcca-9d8b4f6b61b9,1,Curries N Cravings,,,Heavy - Food Establishment,Heavy - Food Establishment,food,False,False,license_food,Closed,,2020-04-22,2023 W MCDERMOTT DR  Unit: 180 ALLEN TX 75013,False,113333,1,0,FE001544-05-2019,FE001544-05-2019,Expired,2020-05-23,https://cityofallentx-energovweb.tylerhost.net/apps/selfservice#/businessLicense/a41952c3-2a22-4a5f-b978-a10744f4883e,5,5,2019-07-23,2020-02-13,1,0,0,,,5,5,2019-07-23,2020-02-13,1,0,0,,,0
23e109b1-0cd2-4ac0-9bdd-c91cb7342a83,23e109b1-0cd2-4ac0-9bdd-c91cb7342a83,1,Curry Point,,,Special Event - Food Establishment,Special Event - Food Establishment,special event,True,False,license_special_event_food,Open,,,200 E Stacy Rd Unit: #1350 Allen TX 75002,False,,1,0,FESP005319-05-2024,FESP005319-05-2024,Expired,2024-05-12,https://cityofallentx-energovweb.tylerhost.net/apps/selfservice#/businessLicense/4722a821-223a-499f-9f63-4e1a06deb88f,1,1,2024-05-13,2024-05-13,0,0,0,,,1,1,2024-05-13,2024-05-13,0,0,0,,,0
042e4e5b-521d-4976-9815-4850915de48a,042e4e5b-521d-4976-9815-4850915de48a,1,Curtis MS Football Concession Stand,,,Concession Stand,Concession Stand,food,False,False,op_permit_food,Open,,,1530 RIVERCREST BLVD ALLEN TX 75002,False,109814,11,11,FE000411-11-2017,FE-007032-07-2026,Annual Renewal Completed,2027-08-02,https://cityofallentx-energovweb.tylerhost.net/apps/selfservice#/operationalPermit/5a605c48-3c1d-45aa-a0ec-67ca418871b2,8,8,2019-09-20,2025-08-05,0,0,2,98,2025-08-05,8,8,2019-09-20,2025-08-05,0,0,2,98,2025-08-05,0
9e68247e-bce3-42b5-996b-a9498b3aeb19,9e68247e-bce3-42b5-996b-a9498b3aeb19,1,Curtis MS Indoor Concession,,,Concession Stand - Food Establishment,Concession Stand - Food Establishment,food,False,False,license_food,Closed,,2025-08-05,1530 RIVERCREST BLVD ALLEN TX 75002,False,109814,2,0,FE000416-11-2017,FE001012-08-2018,Expired,2019-02-28,https://cityofallentx-energovweb.tylerhost.net/apps/selfservice#/businessLicense/b6ca41ed-36b4-4b45-be8a-faf55ee05fba,1,1,2018-03-19,2018-03-19,0,0,0,,,1,1,2018-03-19,2018-03-19,0,0,0,,,0
f14f7840-b669-4306-aca0-e5e3c0be23e8,f14f7840-b669-4306-aca0-e5e3c0be23e8,1,Curtis Middle School - Allen I.S.D.,,,Heavy Food Preparation,Heavy Food Preparation,food,False,False,op_permit_food,Open,2017-09-21,,1530 RIVERCREST BLVD ALLEN TX 75002,False,109814,9,9,FE000318-09-2017,FE-007003-07-2026,Active,,https://cityofallentx-energovweb.tylerhost.net/apps/selfservice#/operationalPermit/9a8b097b-529b-4dc9-aa78-1768d977b353,15,15,2018-09-26,2026-09-27,1,0,0,,,15,15,2018-09-26,2026-09-27,1,0,0,,,0
a4c04911-b90e-4102-b99e-28a424609fd6,a4c04911-b90e-4102-b99e-28a424609fd6,1,Curuba,,,Heavy Food Preparation,Heavy Food Preparation,food,False,False,op_permit_food,Open,,,1546 E Stacy Rd Unit: Suite# 195,False,,2,2,FE005870-01-2025,FE006571-01-2026,Annual Renewal Completed,2027-01-28,https://cityofallentx-energovweb.tylerhost.net/apps/selfservice#/operationalPermit/F4DA1956-286E-489C-84FC-8777A9D3C21D,3,2,2025-04-29,2026-04-01,0,0,0,,,3,2,2025-04-29,2026-04-01,0,0,0,,,0
6344f80e-3229-47bb-b9bf-01bbce110c40,6344f80e-3229-47bb-b9bf-01bbce110c40,1,D'Soca Truck Caribbean Cuisine,,,Mobile Food Prep Unit - Food Establishment,Mobile Food Prep Unit - Food Establishment,food,True,False,license_food,Closed,2020-12-15,2022-01-04,,False,,1,0,FE002609-12-2020,FE002609-12-2020,Expired,2021-12-15,https://cityofallentx-energovweb.tylerhost.net/apps/selfservice#/businessLicense/d92b282c-040d-4721-a3d8-80a0a6357017,3,3,2020-12-15,2021-05-12,1,0,0,,,3,3,2020-12-15,2021-05-12,1,0,0,,,0
ec9f9508-45f5-4bd9-83e1-4b7acb721a7d,ec9f9508-45f5-4bd9-83e1-4b7acb721a7d,1,DA Won,,,Heavy Food Preparation,Heavy Food Preparation,food,False,False,op_permit_food,Open,,,1201 E MAIN ST Unit: 140 ALLEN TX 75002,False,111449,9,9,FE000632-03-2018,FE006839-04-2026,Annual Renewal Completed,2027-03-27,https://cityofallentx-energovweb.tylerhost.net/apps/selfservice#/operationalPermit/0D8C15DF-8CDA-4069-BD74-28E046F2C7EB,11,10,2018-06-19,2025-08-01,2,0,1,81,2023-08-21,11,10,2018-06-19,2025-08-01,2,0,1,81,2023-08-21,0
e61916b6-fc5d-4aa6-82af-3c6a9e9161b9,e61916b6-fc5d-4aa6-82af-3c6a9e9161b9,1,DAT'S a nice Italian Ice,,,Ice Cream Truck - Food Establishment,Ice Cream Truck - Food Establishment,food,True,False,license_food,Closed,2020-10-23,2022-01-07,Savannah TX 76227,True,,1,0,FE002561-10-2020,FE002561-10-2020,Expired,2021-10-23,https://cityofallentx-energovweb.tylerhost.net/apps/selfservice#/businessLicense/cbd1414d-d2b8-44e6-b108-9c0a8e84a039,2,1,2020-10-23,2020-10-23,0,0,0,,,2,1,2020-10-23,2020-10-23,0,0,0,,,0
9d0fad69-8965-4554-bda1-1bf96d634863,9d0fad69-8965-4554-bda1-1bf96d634863,2,DATTA YOGA CENTER,,,Temporary Food Establishments,Temporary Food Establishments,food,True,False,op_permit_food,Closed,,2025-08-01,Frisco TX 75035,True,,1,1,FESP006188-06-2025,FESP006188-06-2025,Expired,2025-07-12,https://cityofallentx-energovweb.tylerhost.net/apps/selfservice#/operationalPermit/737710A1-25B4-4296-B87E-CC6367C57721,1,1,2025-07-09,2025-07-09,0,0,0,,,2,2,2022-08-10,2025-07-09,0,0,0,,,0
c10365fd-bbc5-4f2b-8f4b-84c65d14656d,9d0fad69-8965-4554-bda1-1bf96d634863,2,DATTA YOGA CENTER,,,Special Event - Food Establishment,Special Event - Food Establishment,special event,True,False,license_special_event_food,Closed,2022-08-10,2022-08-15,Frisco TX 75035,True,,1,0,FESP003931-07-2022,FESP003931-07-2022,Expired,2022-08-14,https://cityofallentx-energovweb.tylerhost.net/apps/selfservice#/businessLicense/a1084726-8889-49ff-9045-b54c217915ef,1,1,2022-08-10,2022-08-10,0,0,0,,,2,2,2022-08-10,2025-07-09,0,0,0,,,0
a4a35818-03cc-4004-9528-7c6b6a69e2a9,a4a35818-03cc-4004-9528-7c6b6a69e2a9,1,DESI CHICHAS,,,Heavy Food Preparation,Heavy Food Preparation,food,False,False,op_permit_food,Open,,,209 N Central Expy Allen TX 75013,False,,2,2,FE005897-01-2025,FE006671-02-2026,Annual Renewal Completed,2027-01-31,https://cityofallentx-energovweb.tylerhost.net/apps/selfservice#/operationalPermit/9B82C492-EB39-4A27-B266-D4332EE83DFE,11,10,2025-05-08,2026-08-27,7,0,0,,,11,10,2025-05-08,2026-08-27,7,0,0,,,0
0e9a3ed8-89d4-4b00-9044-92a8e6c4ac26,0e9a3ed8-89d4-4b00-9044-92a8e6c4ac26,1,Dairy Queen,,,Heavy Food Preparation,Heavy Food Preparation,food,False,False,op_permit_food,Open,,,719 E MAIN ST ALLEN TX 75002,False,123073,9,9,FE000558-02-2018,FE006716-02-2026,Annual Renewal Completed,2027-02-21,https://cityofallentx-energovweb.tylerhost.net/apps/selfservice#/operationalPermit/3B847E72-7AE6-4A9D-9EFC-99DB821B7D2C,24,23,2017-12-13,2025-11-19,8,0,5,92,2025-09-17,24,23,2017-12-13,2025-11-19,8,0,5,92,2025-09-17,0
a47f6ef6-1664-450c-8632-6d8d2b62a9ed,a47f6ef6-1664-450c-8632-6d8d2b62a9ed,1,Daisy Catering (V# AW56666),,,Catering Truck - Food Establishment,Catering Truck - Food Establishment | Mobile Construction Site Food Vehicle:,food,True,False,license_food | op_permit_food,Closed,2018-02-16,2026-03-23,Dallas TX 75216,True,,7,6,FE000553-02-2018,FE005997-02-2025,Closed,,https://cityofallentx-energovweb.tylerhost.net/apps/selfservice#/businessLicense/eb86ac78-1f9b-4acc-9e8d-9f2d0b083c0e,9,8,2018-02-16,2025-02-26,0,0,0,,,9,8,2018-02-16,2025-02-26,0,0,0,,,0
48f4c102-0564-4fc4-8f12-0c19b6cc0488,48f4c102-0564-4fc4-8f12-0c19b6cc0488,1,Dallas Custom Cookies,,,Heavy Food Preparation,Heavy Food Preparation,food,False,False,op_permit_food,Open,,,107A N Greenville Ave Allen TX 75002,False,,3,3,FE005042-01-2024,FE006593-01-2026,Annual Renewal Completed,2027-01-17,https://cityofallentx-energovweb.tylerhost.net/apps/selfservice#/operationalPermit/DABB8095-0088-4477-83A8-C6F22FFDB1AF,4,4,2024-03-26,2025-09-24,0,0,4,98,2025-09-24,4,4,2024-03-26,2025-09-24,0,0,4,98,2025-09-24,0
1db0b78b-5532-4f01-81bd-e0839c24e5c1,1db0b78b-5532-4f01-81bd-e0839c24e5c1,1,Dallas Grilled Cheese Co,,,Special Event - Food Establishment,Special Event - Food Establishment,special event,True,False,license_special_event_food,Closed,2024-06-27,2025-02-20,Dallas TX 75206,True,,1,0,FESP005380-06-2024,FESP005380-06-2024,Expired,2024-06-30,https://cityofallentx-energovweb.tylerhost.net/apps/selfservice#/businessLicense/04f464ea-aa44-4f22-8a5c-00bdf4064e57,0,0,,,0,0,0,,,0,0,,,0,0,0,,,0
92d1c4ca-ad68-4a48-bfc3-82cfc7f75b2d,92d1c4ca-ad68-4a48-bfc3-82cfc7f75b2d,1,DeRa Coffee,,,Special Event - Food Establishment,Special Event - Food Establishment,special event,True,False,license_special_event_food,Closed,2024-04-26,2024-11-22,,True,,1,0,FESP005299-04-2024,FESP005299-04-2024,Expired,2024-04-26,https://cityofallentx-energovweb.tylerhost.net/apps/selfservice#/businessLicense/2cc8b02e-410e-4dfd-a377-27765dd28360,1,1,2024-04-26,2024-04-26,0,0,0,,,1,1,2024-04-26,2024-04-26,0,0,0,,,0
f531c745-f034-4944-91a0-0611ab066fd2,f531c745-f034-4944-91a0-0611ab066fd2,1,Delight Indian Cuisine,,,Heavy - Food Establishment,Heavy - Food Establishment,food,False,False,license_food,Closed,2017-05-16,2026-03-03,2023 W MCDERMOTT DR  Unit: 180 ALLEN TX 75013,False,,1,0,FE000066-05-2017,FE000066-05-2017,Expired,2018-05-03,https://cityofallentx-energovweb.tylerhost.net/apps/selfservice#/businessLicense/9c426909-7d54-491a-a745-9ce661de2e2c,1,1,2017-10-20,2017-10-20,0,0,0,,,1,1,2017-10-20,2017-10-20,0,0,0,,,0
0f400128-f055-4b34-b532-32826beb8098,0f400128-f055-4b34-b532-32826beb8098,1,Delta Hotels/Marriott Allen-Kitchen,,,Heavy Food Preparation,Heavy Food Preparation,food,False,False,op_permit_food,Open,,,777 WATTERS CREEK BLVD ALLEN TX 75013,False,126010,8,8,FE001159-12-2018,FE006517-12-2025,Active,2026-12-09,https://cityofallentx-energovweb.tylerhost.net/apps/selfservice#/operationalPermit/C1B7CCF7-2FDB-4675-8C00-4B52638A81AF,15,14,2019-06-20,2025-07-24,1,0,0,,,15,14,2019-06-20,2025-07-24,1,0,0,,,0
14517e07-15c8-4adc-8f38-d66ef7916e04,14517e07-15c8-4adc-8f38-d66ef7916e04,1,Denny's #9218,,,Heavy - Food Establishment,Heavy - Food Establishment | Heavy Food Preparation,food,False,False,license_food | op_permit_food,Closed,,2021-08-24,209 N CENTRAL EXPY  ALLEN TX 75013,False,118135,4,3,FE000305-09-2017,FE002506-09-2020,Expired,2021-09-15,https://cityofallentx-energovweb.tylerhost.net/apps/selfservice#/businessLicense/c8c3be8f-d65f-4ab8-9d2f-ee5849e59abe,10,10,2018-05-07,2021-04-27,2,0,0,,,10,10,2018-05-07,2021-04-27,2,0,0,,,0
3fdd3b09-648c-4f0a-9173-824a467f15a9,3fdd3b09-648c-4f0a-9173-824a467f15a9,1,Desi Bazaar,Chalo India,,Special Event - Food Establishment,Special Event - Food Establishment,special event,True,False,license_special_event_food,Closed,,2024-10-09,Frisco TX 75035,True,,1,0,FESP005634-10-2024,FESP005634-10-2024,Closed,2999-01-01,https://cityofallentx-energovweb.tylerhost.net/apps/selfservice#/businessLicense/2eea0b12-156b-4663-b4d4-9187956e94ee,1,1,2024-10-04,2024-10-04,0,0,0,,,1,1,2024-10-04,2024-10-04,0,0,0,,,0
51e2631c-0bcf-48fc-85e9-d24abdf1305b,51e2631c-0bcf-48fc-85e9-d24abdf1305b,1,Desi Bazaar - Grocery,,,Special Event - Food Establishment,Grocery - Food Establishment | Grocery Store | Special Event - Food Establishment,food,True,False,license_food | license_special_event_food | op_permit_food,Closed,,2019-03-13,,False,,3,1,FE000079-05-2017,FESP001403-03-2019,Expired,2019-03-23,https://cityofallentx-energovweb.tylerhost.net/apps/selfservice#/businessLicense/e4831578-55c4-42c2-888b-494a8c77eb10,0,0,,,0,0,0,,,0,0,,,0,0,0,,,0
ad726d7c-f642-49b1-91f4-04c6bb15253e,ad726d7c-f642-49b1-91f4-04c6bb15253e,1,Desi Bazaar - Grocery,,,Grocery Store,Grocery Store,food,False,False,op_permit_food,Open,2017-05-31,,801 S GREENVILLE AVE Unit: 117 ALLEN TX 75002,False,105676,7,7,FE001564-06-2019,FE006390-09-2025,Expired,2026-07-24,https://cityofallentx-energovweb.tylerhost.net/apps/selfservice#/operationalPermit/C065B3C2-0441-4AF7-8D21-A1FAC6E46692,18,18,2017-11-15,2025-09-11,6,0,0,,,18,18,2017-11-15,2025-09-11,6,0,0,,,0
e093836e-7a81-4bce-8588-c712de70b4b4,e093836e-7a81-4bce-8588-c712de70b4b4,1,Desi Bazaar - Meat Market,,,Grocery Department,Grocery Department | Grocery Store,food,False,False,op_permit_food,Open,,2023-08-11,801 S GREENVILLE AVE Unit: 117 ALLEN TX 75002,False,,7,7,FE002329-06-2020,FE006389-09-2025,Expired,2026-07-24,https://cityofallentx-energovweb.tylerhost.net/apps/selfservice#/operationalPermit/6040306F-7C1B-4121-9125-0E75E9A4E846,10,9,2020-11-23,2026-09-27,2,0,0,,,10,9,2020-11-23,2026-09-27,2,0,0,,,0
6f8880e4-3044-433c-bff6-fedef538443c,6f8880e4-3044-433c-bff6-fedef538443c,1,Desi Chowrastha dba Sri Layami,Sri Layami,,Special Event - Food Establishment,Special Event - Food Establishment,special event,True,False,license_special_event_food,Closed,,2024-10-08,Lewisville TX 75056,True,,1,0,FESP005636-10-2024,FESP005636-10-2024,Expired,2024-10-05,https://cityofallentx-energovweb.tylerhost.net/apps/selfservice#/businessLicense/06a703db-18d3-4a83-8f98-66dc0214140a,1,1,2024-10-04,2024-10-04,0,0,0,,,1,1,2024-10-04,2024-10-04,0,0,0,,,0
a919e737-a678-4a2a-b477-88f6bfb421db,a919e737-a678-4a2a-b477-88f6bfb421db,1,Desi Delight Marketplace LLC,,,Temporary Food Establishments,Temporary Food Establishments,food,True,False,op_permit_food,Closed,,2025-10-06,200 E. Stacy RD Unit: 1350 ALLEN TX 75002,False,,1,1,FESP006408-09-2025,FESP006408-09-2025,Closed,,https://cityofallentx-energovweb.tylerhost.net/apps/selfservice#/operationalPermit/0B4EE5EA-CDCB-4D3D-A9C9-C49F973AD0FE,0,0,,,0,0,0,,,0,0,,,0,0,0,,,0
4164698e-485c-4e0a-80e3-3326a6345a1f,4164698e-485c-4e0a-80e3-3326a6345a1f,1,Desi District,,,Special Event - Food Establishment,Special Event - Food Establishment,special event,True,False,license_special_event_food,Closed,,2024-10-09,Irving TX 75039,True,,1,0,FESP005635-10-2024,FESP005635-10-2024,Expired,2024-10-05,https://cityofallentx-energovweb.tylerhost.net/apps/selfservice#/businessLicense/acf1ea1a-6c29-4cd7-9d9e-c93306b813f4,1,1,2024-10-04,2024-10-04,0,0,0,,,1,1,2024-10-04,2024-10-04,0,0,0,,,0
5f0ff653-439b-49e7-8d98-5217d46618af,5f0ff653-439b-49e7-8d98-5217d46618af,1,Desi Eats LLC,,,Temporary Food Establishments,Temporary Food Establishments,food,True,False,op_permit_food,Closed,,2025-10-06,200 E. Stacy Unit: 1350 ALLEN TX 75002,False,,1,1,FESP006409-09-2025,FESP006409-09-2025,Closed,,https://cityofallentx-energovweb.tylerhost.net/apps/selfservice#/operationalPermit/5C15B2FC-071D-4680-985F-BA2B1CFEFCA3,0,0,,,0,0,0,,,0,0,,,0,0,0,,,0
421d41d8-3bf9-485f-96b0-879209162292,421d41d8-3bf9-485f-96b0-879209162292,1,Desi Ginger,,,Special Event - Food Establishment,Special Event - Food Establishment,special event,True,False,license_special_event_food,Closed,,2022-06-14,Plano TX 75075,True,,1,0,FESP001411-03-2019,FESP001411-03-2019,Expired,2019-03-23,https://cityofallentx-energovweb.tylerhost.net/apps/selfservice#/businessLicense/d053bb16-244b-4541-b994-613e046c0d4c,0,0,,,0,0,0,,,0,0,,,0,0,0,,,0
6e437825-7bf7-4d66-a970-53bb154a8385,6e437825-7bf7-4d66-a970-53bb154a8385,1,Dessert Lab,,,Light Food Preparation,Light Food Preparation,food,False,False,op_permit_food,Open,,,975 S Hwy 121 Allen TX 75013,False,,1,1,FE006144-06-2025,FE006144-06-2025,Active,2027-06-03,https://cityofallentx-energovweb.tylerhost.net/apps/selfservice#/operationalPermit/b8aa4966-55de-4127-a90e-04bcfc81ad3a,3,3,2025-08-18,2026-09-27,0,0,0,,,3,3,2025-08-18,2026-09-27,0,0,0,,,0
c460dc3b-9e5e-4395-9098-5ec71358a3fd,c460dc3b-9e5e-4395-9098-5ec71358a3fd,1,Destination Bar @ AEC,,,No Prep - Food Establishment,No Food Preparation | No Prep - Food Establishment,food,False,False,license_food | op_permit_food,Closed,2019-08-12,2022-08-11,200 E STACY RD 1350 ALLEN TX 75002,False,127345,5,4,FE000233-08-2017,FE003293-09-2021,Expired,2022-08-07,https://cityofallentx-energovweb.tylerhost.net/apps/selfservice#/businessLicense/1a8fbef6-2278-4661-a89c-61cafc08a407,6,6,2018-01-15,2022-03-01,0,0,0,,,6,6,2018-01-15,2022-03-01,0,0,0,,,0
ff9a2ced-6862-4d9e-bc2c-97acce1ba3fb,ff9a2ced-6862-4d9e-bc2c-97acce1ba3fb,1,Destination Bar @ CUTX,,,Light Food Preparation,Light Food Preparation,food,False,False,op_permit_food,Open,,,200 E STACY RD B1300 Unit: 1350 ALLEN TX 75002,False,127345,5,5,FE003127-07-2021,FE-007087-08-2026,Annual Renewal Completed,2027-08-09,https://cityofallentx-energovweb.tylerhost.net/apps/selfservice#/operationalPermit/91b839ba-8600-4a74-a4f5-d62b4f6d0c31,2,2,2025-09-05,2026-04-03,0,0,0,,,2,2,2025-09-05,2026-04-03,0,0,0,,,0
003a89da-be33-4159-a280-48f81ca45b58,003a89da-be33-4159-a280-48f81ca45b58,1,Dickey's Barbecue Pit,,,Heavy - Food Establishment,Heavy - Food Establishment | Heavy Food Preparation,food,False,False,license_food | op_permit_food,Closed,2017-07-18,2024-06-27,405 S CENTRAL EXPY  ALLEN TX 75013,False,110861,7,6,FE000212-07-2017,FE004652-07-2023,Expired,2024-07-27,https://cityofallentx-energovweb.tylerhost.net/apps/selfservice#/businessLicense/9f811495-5474-46b4-9aac-26b7fb6c7377,19,19,2018-07-03,2023-10-31,7,0,1,85,2023-10-04,19,19,2018-07-03,2023-10-31,7,0,1,85,2023-10-04,0
6485d5ff-74aa-4e8f-801c-e87ca4b4a42e,6485d5ff-74aa-4e8f-801c-e87ca4b4a42e,1,Dillard Special Achievement Center,,,Heavy Food Preparation,Heavy Food Preparation,food,False,False,op_permit_food,Open,2019-12-19,,601 E MAIN ST ALLEN TX 75002,False,131477,7,7,FE001958-12-2019,FE-007002-07-2026,Active,,https://cityofallentx-energovweb.tylerhost.net/apps/selfservice#/operationalPermit/f9e89e09-264a-4c09-bd8e-44a5cd155052,13,13,2020-03-03,2026-09-27,0,0,6,100,2026-03-12,13,13,2020-03-03,2026-09-27,0,0,6,100,2026-03-12,0
ae0ae4a8-a58a-484d-9c4d-e6bd285d1927,ae0ae4a8-a58a-484d-9c4d-e6bd285d1927,1,Dillas Quesadillas,,,Temporary Food Establishment - Food Establishment,Temporary Food Establishment - Food Establishment,food,True,False,license_food,Open,,,190 E STACY RD  ALLEN TX 75002,False,127340,1,0,FE001461-04-2019,FE001461-04-2019,Expired,2019-04-13,https://cityofallentx-energovweb.tylerhost.net/apps/selfservice#/businessLicense/49945ebf-535c-4cb2-be72-d92d9a9e82e0,0,0,,,0,0,0,,,0,0,,,0,0,0,,,0
efc7a491-3886-4d85-af70-c740eb99bde6,efc7a491-3886-4d85-af70-c740eb99bde6,1,Dimassi's Medeteranian Buffet,,,Heavy Food Preparation,Heavy Food Preparation,food,False,False,op_permit_food,Open,,,190 E STACY RD B3200 Unit: 3200 ALLEN TX 75002,False,127342,6,6,FE002513-09-2020,FE006411-09-2025,Expired,2026-09-20,https://cityofallentx-energovweb.tylerhost.net/apps/selfservice#/operationalPermit/1C841E4E-6890-43C2-A592-CA485E10A1C1,12,11,2020-10-19,2026-09-27,1,0,1,85,2023-08-29,12,11,2020-10-19,2026-09-27,1,0,1,85,2023-08-29,0
08fd12ff-3da3-42e3-af6e-e2becd1e4c20,08fd12ff-3da3-42e3-af6e-e2becd1e4c20,1,"Dingers Snack Shack , LLC",,,Temporary Food Establishment - Food Establishment,Temporary Food Establishment - Food Establishment,food,True,False,license_food,Closed,,2023-06-12,Spring TX 77389,True,,1,0,FE004595-06-2023,FE004595-06-2023,Expired,2023-06-11,https://cityofallentx-energovweb.tylerhost.net/apps/selfservice#/businessLicense/09f853da-ddd2-4f92-8194-e26d362af2d6,0,0,,,0,0,0,,,0,0,,,0,0,0,,,0
61d957a1-8b47-44df-b9af-9577a2880a81,0d42ee2a-bdcc-4a3d-b601-fead3a4dfbc5,2,Dinners By DeLaine,,,Heavy - Food Establishment,Heavy - Food Establishment | Heavy Food Preparation,food,False,False,license_food | op_permit_food,Closed,,2026-01-05,1228 E EXCHANGE PKWY Unit: 108 ALLEN TX 75002,False,120986,6,5,FE001976-12-2019,FE005792-01-2025,Closed,,https://cityofallentx-energovweb.tylerhost.net/apps/selfservice#/businessLicense/5419b1cd-b014-4bec-a835-cd89d10b056f,8,7,2020-08-12,2025-05-09,0,0,1,87,2023-09-20,8,7,2020-08-12,2025-05-09,0,0,1,87,2023-09-20,0
0d42ee2a-bdcc-4a3d-b601-fead3a4dfbc5,0d42ee2a-bdcc-4a3d-b601-fead3a4dfbc5,2,Dinners by  Delaine LLC,,,No Food Preparation,No Food Preparation,food,False,False,op_permit_food,Open,,,1228 E Exchange Parkway Unit: 108 Allen TX 75002,False,,1,1,FE006540-12-2025,FE006540-12-2025,Annual Renewal Completed,2027-01-13,https://cityofallentx-energovweb.tylerhost.net/apps/selfservice#/operationalPermit/C82A7262-2309-4676-A1DC-60B6F99C535C,0,0,,,0,0,0,,,8,7,2020-08-12,2025-05-09,0,0,1,87,2023-09-20,0
eacabb39-2ff5-4a06-a009-1ca33cd5ac17,eacabb39-2ff5-4a06-a009-1ca33cd5ac17,1,Dippin Dots #1-Allen USA,,,Temporary Food Establishment - Food Establishment,Temporary Food Establishment - Food Establishment | Temporary Food Establishments,food,True,False,license_food | op_permit_food,Closed,2017-06-24,2022-07-25,701 ANGEL PKWY ALLEN TX 75002,False,121106,4,3,FE000159-06-2017,FE003059-06-2021,Expired,2021-06-26,https://cityofallentx-energovweb.tylerhost.net/apps/selfservice#/businessLicense/ce204e98-4b8e-4645-bb94-96c2c9bddba4,2,2,2019-06-28,2021-06-25,0,0,0,,,2,2,2019-06-28,2021-06-25,0,0,0,,,0
fb8b809c-4378-40c4-b4c3-a629037663d2,fb8b809c-4378-40c4-b4c3-a629037663d2,1,Dippin Dots #2 -Allen USA,,,Temporary Food Establishment - Food Establishment,Temporary Food Establishment - Food Establishment | Temporary Food Establishments,food,True,False,license_food | op_permit_food,Closed,,2021-05-28,701 ANGEL PKWY  ALLEN TX 75002,False,121106,2,1,FE000882-06-2018,FE001588-06-2019,Expired,2019-06-29,https://cityofallentx-energovweb.tylerhost.net/apps/selfservice#/businessLicense/8567a91f-e9b9-4bed-8496-a594f814f33b,2,2,2018-06-30,2019-06-28,0,0,0,,,2,2,2018-06-30,2019-06-28,0,0,0,,,0
25bf43ee-a710-4fcf-b352-613c98b51156,25bf43ee-a710-4fcf-b352-613c98b51156,1,Dippin Dots @ AEC,,,Light - Food Establishment,Light - Food Establishment | Light Food Preparation,food,False,False,license_food | op_permit_food,Closed,2019-08-12,2022-07-25,200 E STACY RD B1300 Unit: 1350 ALLEN TX 75002,False,127345,3,2,FE000486-01-2018,FE002057-01-2020,Expired,2021-01-13,https://cityofallentx-energovweb.tylerhost.net/apps/selfservice#/businessLicense/1dfb430a-9cb3-481a-bb34-82beaf83314d,5,5,2018-01-15,2022-03-01,0,0,0,,,5,5,2018-01-15,2022-03-01,0,0,0,,,0
d313840f-52c1-49cb-af5d-9ba8b6ae2a12,d313840f-52c1-49cb-af5d-9ba8b6ae2a12,1,Dippin Dots Ice Cream,,,Special Event - Food Establishment,Ice Cream Truck | Ice Cream Truck - Food Establishment | Special Event - Food Establishment,food,True,False,license_food | license_special_event_food | op_permit_food,Closed,2017-07-13,2023-03-03,5705 CHEYENNE DR ALLEN TX 75002,False,100029,4,1,FE000036-04-2017,FESP003235-08-2021,Expired,2021-08-21,https://cityofallentx-energovweb.tylerhost.net/apps/selfservice#/businessLicense/7a3f7995-b8b4-4b09-8215-3072d513a360,0,0,,,0,0,0,,,0,0,,,0,0,0,,,0
1fea661b-fcad-420e-989c-ed6cfea5a564,1fea661b-fcad-420e-989c-ed6cfea5a564,1,Dippin Dots Ice Cream # 4970,,,Ice Cream Truck,Ice Cream Truck,food,True,False,op_permit_food,Closed,,2026-09-22,McKinney TX 75071,True,,5,5,FE003747-04-2022,FE006864-04-2026,Annual Renewal Completed,2027-04-21,https://cityofallentx-energovweb.tylerhost.net/apps/selfservice#/operationalPermit/560E9D10-671E-4E61-8DC6-77E8B863792C,6,5,2022-04-20,2026-04-14,0,0,0,,,6,5,2022-04-20,2026-04-14,0,0,0,,,0
f66cb7d9-843f-4d2e-bc6b-e2200cd78c96,f66cb7d9-843f-4d2e-bc6b-e2200cd78c96,1,Dirt Cheap,,,No Prep - Food Establishment,No Prep - Food Establishment,food,False,False,license_food,Open,,,113 N GREENVILLE AVE ALLEN TX 75002,False,110878,1,0,FE000124-06-2017,FE000124-06-2017,Expired,2018-06-05,https://cityofallentx-energovweb.tylerhost.net/apps/selfservice#/businessLicense/6467d8de-be02-4dfb-9a87-ded4de470c3f,0,0,,,0,0,0,,,0,0,,,0,0,0,,,0
af3d82f6-70bc-4464-b9ef-e3700dfe3800,af3d82f6-70bc-4464-b9ef-e3700dfe3800,1,Dirty Dough,,,Heavy - Food Establishment,Heavy - Food Establishment,food,False,False,license_food,Closed,,2025-01-08,906 W McDermott Dr Unit: 120 Allen TX 75013,False,,1,0,FE004937-11-2023,FE004937-11-2023,Closed,,https://cityofallentx-energovweb.tylerhost.net/apps/selfservice#/businessLicense/a4de133c-1ae6-4103-910a-068c31f27b88,2,2,2024-01-16,2024-07-23,0,0,2,92,2024-07-23,2,2,2024-01-16,2024-07-23,0,0,2,92,2024-07-23,0
b0dece07-710e-484c-80b3-1487cb8357a9,b0dece07-710e-484c-80b3-1487cb8357a9,1,Dirty Dough Allen,,,Heavy - Food Establishment,Heavy - Food Establishment | Heavy Food Preparation,food,False,False,license_food | op_permit_food,Closed,,2026-02-23,906 W McDermott Dr Unit: # 120 Allen TX 75013,False,,2,1,FE005964-02-2025,FE006606-01-2026,Closed,2027-02-13,https://cityofallentx-energovweb.tylerhost.net/apps/selfservice#/businessLicense/4d31a817-d294-4dd9-ab44-24598793236a,3,3,2025-01-06,2025-08-29,1,0,2,85,2025-08-27,3,3,2025-01-06,2025-08-29,1,0,2,85,2025-08-27,0
ab8686c9-cc92-488d-bc44-be4d70bf3f3b,ab8686c9-cc92-488d-bc44-be4d70bf3f3b,1,Discovery Montessori Academy Allen,,,Day Care Facility,Day Care Facility,day care,False,False,op_permit_daycare,Open,2019-02-05,,601 S FOUNTAIN GATE DR ALLEN TX 75002,False,108304,8,8,DC001440-04-2019,DC006843-04-2026,Annual Renewal Completed,2027-04-08,https://cityofallentx-energovweb.tylerhost.net/apps/selfservice#/operationalPermit/C4CAFABE-4B38-42E6-9277-8B29A46501D9,20,20,2019-02-05,2026-09-27,5,0,2,95,2026-03-13,20,20,2019-02-05,2026-09-27,5,0,2,95,2026-03-13,0
c1e64051-adf8-4839-89a3-7e8c39a14645,c1e64051-adf8-4839-89a3-7e8c39a14645,1,Divalicious Sweet Bus (21907B9),,,Special Event - Food Establishment,Special Event - Food Establishment,special event,True,False,license_special_event_food,Closed,,2021-09-13,450 TATUM DR ALLEN TX 75013,False,122221,1,0,FESP003262-08-2021,FESP003262-08-2021,Expired,2021-09-04,https://cityofallentx-energovweb.tylerhost.net/apps/selfservice#/businessLicense/bf1e36d7-e7a1-421a-a55d-908a2f367431,1,1,2021-09-03,2021-09-03,0,0,0,,,1,1,2021-09-03,2021-09-03,0,0,0,,,0
728346da-7880-4737-809d-a4383c1652be,728346da-7880-4737-809d-a4383c1652be,1,Doc's Street Grill -Allen USA,,,Temporary Food Establishment - Food Establishment,Temporary Food Establishment - Food Establishment | Temporary Food Establishments,food,True,False,license_food | op_permit_food,Closed,2018-06-29,2022-11-09,701 ANGEL PKWY  ALLEN TX 75002,False,121106,2,1,FE000892-06-2018,FE001586-06-2019,Expired,2019-06-29,https://cityofallentx-energovweb.tylerhost.net/apps/selfservice#/businessLicense/4ac08d87-c530-47ad-8b66-0c3bb2a722f7,2,2,2018-06-29,2019-06-28,0,0,0,,,2,2,2018-06-29,2019-06-28,0,0,0,,,0
944b29c0-1f87-482f-ad1a-15ad79ea40ff,944b29c0-1f87-482f-ad1a-15ad79ea40ff,1,Dodie's Cajun,,,Heavy - Food Establishment,Heavy - Food Establishment | Heavy Food Preparation,food,False,False,license_food | op_permit_food,Closed,2017-10-23,2025-07-14,190 E STACY RD B1300 Unit: 1320 ALLEN TX 75002,False,127348,5,3,FE000377-10-2017,FE004300-02-2023,Expired,2024-02-07,https://cityofallentx-energovweb.tylerhost.net/apps/selfservice#/businessLicense/006dcace-2c39-4b81-9c3d-27f4efcced77,11,10,2017-10-23,2023-09-25,2,0,1,88,2023-09-25,11,10,2017-10-23,2023-09-25,2,0,1,88,2023-09-25,0
7aa82560-5426-443b-963b-711eb78bca20,7aa82560-5426-443b-963b-711eb78bca20,1,Doe's Street Grill-Allen USA,,,Temporary Food Establishment - Food Establishment,Temporary Food Establishment - Food Establishment,food,True,False,license_food,Closed,2017-06-24,2023-08-14,701 ANGEL PKWY ALLEN TX 75002,False,121106,1,0,FE000162-06-2017,FE000162-06-2017,Expired,2017-06-24,https://cityofallentx-energovweb.tylerhost.net/apps/selfservice#/businessLicense/359a8565-aa11-476b-8348-23e1354bcd1d,0,0,,,0,0,0,,,0,0,,,0,0,0,,,0
f8d53efb-3f86-42e3-9308-b7c7e1dc80c7,f8d53efb-3f86-42e3-9308-b7c7e1dc80c7,1,Dog Haus Biergarten,,,Special Event - Food Establishment,Special Event - Food Establishment,special event,True,False,license_special_event_food,Open,,,1015 SH121 HWY ALLEN TX 75013,False,121010,1,0,FESP003275-09-2021,FESP003275-09-2021,Expired,2021-09-12,https://cityofallentx-energovweb.tylerhost.net/apps/selfservice#/businessLicense/759df502-2758-4068-9dfe-c77bfaf76855,0,0,,,0,0,0,,,0,0,,,0,0,0,,,0
2e9715f2-44ca-43c9-91f4-ce6784419635,2e9715f2-44ca-43c9-91f4-ce6784419635,1,Dollar General Store # 4200,,,No Food Preparation,No Food Preparation,food,False,False,op_permit_food,Open,,,721 E MAIN ST ALLEN TX 75002,False,113462,9,9,FE000652-03-2018,FE006842-04-2026,Annual Renewal Completed,2027-04-02,https://cityofallentx-energovweb.tylerhost.net/apps/selfservice#/operationalPermit/068151AC-68AE-448D-9C43-9FA5435E94D7,16,15,2017-11-07,2026-11-02,0,0,0,,,16,15,2017-11-07,2026-11-02,0,0,0,,,0
f2d28561-0374-4761-b405-6ab6ca7bd184,f2d28561-0374-4761-b405-6ab6ca7bd184,1,Dollar Tree # 2224,,,No Food Preparation,No Food Preparation,food,False,False,op_permit_food,Open,,,105 N GREENVILLE AVE Unit: C ALLEN TX 75002,False,104942,9,9,FE000426-11-2017,FE006484-10-2025,Annual Renewal Completed,2026-11-27,https://cityofallentx-energovweb.tylerhost.net/apps/selfservice#/operationalPermit/B17E67BC-EE89-47D0-B293-E565D8203501,14,13,2017-11-07,2024-12-16,1,0,0,,,14,13,2017-11-07,2024-12-16,1,0,0,,,0
051db632-6ca5-405a-a22f-666bd26927ca,051db632-6ca5-405a-a22f-666bd26927ca,1,Dollar Tree #04341,,,No Food Preparation,No Food Preparation,food,False,False,op_permit_food,Open,,,170 E STACY RD B2100 Unit: 2120 ALLEN TX 75002,False,127348,10,10,FE000023-04-2017,FE006872-04-2026,Annual Renewal Completed,2027-04-17,https://cityofallentx-energovweb.tylerhost.net/apps/selfservice#/operationalPermit/AE2CF6D8-6777-4BC0-A29A-CBEBB46BB784,15,15,2018-01-17,2027-04-01,0,0,1,95,2026-04-01,15,15,2018-01-17,2027-04-01,0,0,1,95,2026-04-01,0
0073464d-c30d-4bcd-aae2-8f94c009a874,0073464d-c30d-4bcd-aae2-8f94c009a874,1,Domino's Pizza,,,Heavy Food Preparation,Heavy - Food Establishment | Heavy Food Preparation,food,False,False,license_food | op_permit_food,Open,,,913 W STACY RD Unit: 160 ALLEN TX 75013,False,128059,7,6,FE002236-04-2020,FE006073-04-2025,Annual Renewal Completed,2027-04-11,https://cityofallentx-energovweb.tylerhost.net/apps/selfservice#/operationalPermit/25c291ce-f0fe-4ce7-ab44-86dc04ada00c,18,17,2020-06-05,2025-10-13,1,0,5,100,2025-10-13,18,17,2020-06-05,2025-10-13,1,0,5,100,2025-10-13,0
02802206-8237-4779-b7e9-475325813924,02802206-8237-4779-b7e9-475325813924,1,Domino's Pizza,,,Heavy Food Preparation,Heavy Food Preparation,food,False,False,op_permit_food,Open,2017-08-15,,1210 E MAIN ST  Unit: 100 ALLEN TX 75002,False,126000,10,10,FE000018-04-2017,FE006836-03-2026,Annual Renewal Completed,2027-04-14,https://cityofallentx-energovweb.tylerhost.net/apps/selfservice#/operationalPermit/4E180A6E-C486-4074-BEF8-54E58C33414B,19,18,2018-08-07,2025-09-24,1,0,5,96,2025-09-24,19,18,2018-08-07,2025-09-24,1,0,5,96,2025-09-24,0
3b00ddb1-61c6-400a-a472-8daaeb2ebfbe,3b00ddb1-61c6-400a-a472-8daaeb2ebfbe,1,Domino's Pizza,,,Heavy - Food Establishment,Heavy - Food Establishment | Heavy Food Preparation,food,False,False,license_food | op_permit_food,Closed,2017-10-09,2021-05-21,913 W STACY RD Unit: 100 ALLEN TX 75013,False,,4,3,FE000028-04-2017,FE002237-04-2020,Expired,2021-04-14,https://cityofallentx-energovweb.tylerhost.net/apps/selfservice#/businessLicense/697f0ac0-6c23-4d32-ad3b-2efe1666f91f,7,7,2017-10-09,2019-11-06,2,0,0,,,7,7,2017-10-09,2019-11-06,2,0,0,,,0
a7ea6508-72da-46ff-b06d-41ca620b9488,a7ea6508-72da-46ff-b06d-41ca620b9488,1,Donatos,,,Heavy Food Preparation,Heavy Food Preparation,food,False,False,op_permit_food,Open,,,1259 Alma Dr Store# 465 Allen TX 75013,False,,1,1,FE-006977-07-2026,FE-006977-07-2026,Annual Renewal Completed,2027-07-18,https://cityofallentx-energovweb.tylerhost.net/apps/selfservice#/operationalPermit/27a6f44f-60bb-430e-b32c-103b201ef927,3,3,2025-09-03,2026-09-21,1,0,1,88,2025-09-03,3,3,2025-09-03,2026-09-21,1,0,1,88,2025-09-03,0
a4ec3dbb-014e-4fc9-8211-1b0534ee73b8,a4ec3dbb-014e-4fc9-8211-1b0534ee73b8,1,Donatos Pizza,Donatos Pizza,,Heavy Food Preparation,Heavy Food Preparation,food,False,False,op_permit_food,Closed,,2026-07-15,1259 N ALMA DR Unit: 200 ALLEN TX 75013,False,,1,1,FE-006970-07-2026,FE-006970-07-2026,Revoked,2999-01-01,https://cityofallentx-energovweb.tylerhost.net/apps/selfservice#/operationalPermit/4a1a7757-cafd-4a7b-a2a3-1e5170ad0813,0,0,,,0,0,0,,,0,0,,,0,0,0,,,0
38590b6b-5257-4628-84b6-2cb02510029c,38590b6b-5257-4628-84b6-2cb02510029c,1,Donovan Concessions-Allen USA,,,Temporary Food Establishment - Food Establishment,Temporary Food Establishment - Food Establishment | Temporary Food Establishments,food,True,False,license_food | op_permit_food,Closed,2018-06-29,2022-11-09,701 ANGEL PKWY  ALLEN TX 75002,False,121106,2,1,FE000894-06-2018,FE001589-06-2019,Expired,2019-06-29,https://cityofallentx-energovweb.tylerhost.net/apps/selfservice#/businessLicense/abd1e2d2-40a6-410e-a44e-0935711f76eb,2,2,2018-06-29,2019-06-28,0,0,0,,,2,2,2018-06-29,2019-06-28,0,0,0,,,0
9156f63b-127a-403b-af89-92075692eac6,9156f63b-127a-403b-af89-92075692eac6,1,Donut NV,,,Special Event - Food Establishment,Special Event - Food Establishment,special event,True,False,license_special_event_food,Closed,,2024-11-22,1120 NEWPORT DR ALLEN TX 75013,False,111263,1,0,FESP005619-09-2024,FESP005619-09-2024,Expired,2024-10-04,https://cityofallentx-energovweb.tylerhost.net/apps/selfservice#/businessLicense/73252d6d-233a-4484-9ff1-d48da9695945,1,1,2024-10-04,2024-10-04,0,0,0,,,1,1,2024-10-04,2024-10-04,0,0,0,,,0
b135c552-9406-4adc-bda3-425fa291bec5,b135c552-9406-4adc-bda3-425fa291bec5,1,Donut Palace,,,Heavy Food Preparation,Heavy Food Preparation,food,False,False,op_permit_food,Open,2017-07-25,,1505 W MCDERMOTT DR  Unit: 130 ALLEN TX 75013,False,113103,10,10,FE000003-04-2017,FE006837-04-2026,Annual Renewal Completed,2027-04-08,https://cityofallentx-energovweb.tylerhost.net/apps/selfservice#/operationalPermit/6649C4E9-FC61-4709-BFCD-9ED3B938D858,22,22,2018-07-31,2026-10-06,1,0,7,91,2026-04-06,22,22,2018-07-31,2026-10-06,1,0,7,91,2026-04-06,0
af466aaa-c542-4d9f-89d3-68d188aa6d2d,af466aaa-c542-4d9f-89d3-68d188aa6d2d,1,Doss Tastebudz Food Truck LLC,,,Temporary Food Establishments,Temporary Food Establishments,food,True,False,op_permit_food,Closed,,2026-05-07,Mesquite TX 75181,True,,1,1,FESP006873-04-2026,FESP006873-04-2026,Closed,,https://cityofallentx-energovweb.tylerhost.net/apps/selfservice#/operationalPermit/DDAB9FAF-D454-4F88-BD04-AE0B0EC1E100,0,0,,,0,0,0,,,0,0,,,0,0,0,,,0
cc3fcf5c-f134-4066-aed4-97bf5773bc96,cc3fcf5c-f134-4066-aed4-97bf5773bc96,1,Doss Tastebudz Food Truck LLC,,,Special Event - Food Establishment,Special Event - Food Establishment,special event,True,False,license_special_event_food,Closed,,2026-02-23,1015 SH121 HWY ALLEN TX 75013,False,121010,1,0,FESP006740-02-2026,FESP006740-02-2026,Closed,,https://cityofallentx-energovweb.tylerhost.net/apps/selfservice#/businessLicense/3e1b2c2b-b020-41ed-98f4-5e763c48f644,0,0,,,0,0,0,,,0,0,,,0,0,0,,,0
e9401f59-0b7d-4a4a-999f-6634756fa7ca,e9401f59-0b7d-4a4a-999f-6634756fa7ca,1,Dripping Springs Bar @ AEC,,,Heavy - Food Establishment,Heavy - Food Establishment,food,False,False,license_food,Closed,,2021-06-21,200 E STACY RD B1300 Unit: 1350 ALLEN TX 75002,False,127345,1,0,FE002467-08-2020,FE002467-08-2020,Expired,2021-08-14,https://cityofallentx-energovweb.tylerhost.net/apps/selfservice#/businessLicense/f4518bab-3af5-46ca-801c-893ad936578f,0,0,,,0,0,0,,,0,0,,,0,0,0,,,0
3eec612e-ad8a-4370-a2b3-c4efcb73ed3b,3eec612e-ad8a-4370-a2b3-c4efcb73ed3b,1,Duino Coffee,,,Temporary Food Establishments,Temporary Food Establishments,food,True,False,op_permit_food,Open,,,MCKINNEY TX 75070,True,,1,1,FESP006541-12-2025,FESP006541-12-2025,Closed,,https://cityofallentx-energovweb.tylerhost.net/apps/selfservice#/operationalPermit/FCBFF0F9-56EE-4141-8D60-DD2BBE354716,0,0,,,0,0,0,,,0,0,,,0,0,0,,,0
b91f3900-69a2-49f1-b6e3-561d723a08fd,b91f3900-69a2-49f1-b6e3-561d723a08fd,1,Dutch Bros Coffee,,,Light Food Preparation,Light Food Preparation,food,False,False,op_permit_food,Open,,,1306 W EXCHANGE PKWY ALLEN TX 75013,False,155305,2,2,FE005333-05-2024,FE-006913-06-2026,Active,2027-05-29,https://cityofallentx-energovweb.tylerhost.net/apps/selfservice#/operationalPermit/2bca5e34-537a-4e53-9fa8-08823d0d2631,7,6,2024-07-19,2026-10-26,0,0,0,,,7,6,2024-07-19,2026-10-26,0,0,0,,,0
9b6df8b8-f60e-4261-8e66-fb2fdef08eaf,9b6df8b8-f60e-4261-8e66-fb2fdef08eaf,1,E.B.'s BBQ @ CUTX,,,Heavy Food Preparation,Heavy Food Preparation,food,False,False,op_permit_food,Open,2019-08-12,,200 E STACY RD 1350 ALLEN TX 75002,False,127345,9,9,FE000234-08-2017,FE-006967-07-2026,Annual Renewal Completed,2027-08-09,https://cityofallentx-energovweb.tylerhost.net/apps/selfservice#/operationalPermit/3ab764a5-4314-4404-a000-e167f5cfefa2,9,9,2018-01-15,2026-04-03,0,0,0,,,9,9,2018-01-15,2026-04-03,0,0,0,,,0
0291ce22-540c-4d5a-94c5-2fdbffcc763e,0291ce22-540c-4d5a-94c5-2fdbffcc763e,1,EAST MAIN Coffee & Donuts,,,Heavy Food Preparation,Heavy Food Preparation,food,False,False,op_permit_food,Closed,,2025-08-11,803 E Main St Allen TX 75002,False,,1,1,FE005569-08-2024,FE005569-08-2024,Expired,2025-08-27,https://cityofallentx-energovweb.tylerhost.net/apps/selfservice#/operationalPermit/450B9D76-0A9C-4984-B280-7509A2F67C86,3,2,2024-10-10,2025-03-24,0,0,2,94,2025-03-24,3,2,2024-10-10,2025-03-24,0,0,2,94,2025-03-24,0
63e16685-7ef9-4688-ae4c-5130148afced,63e16685-7ef9-4688-ae4c-5130148afced,1,ER African Market,,,Grocery Store,Grocery Store,food,False,False,op_permit_food,Open,2022-03-22,,1206 E Main ST Unit: 105 Allen TX 75002,False,,5,5,FE003688-03-2022,FE006769-02-2026,Annual Renewal Completed,2027-03-23,https://cityofallentx-energovweb.tylerhost.net/apps/selfservice#/operationalPermit/A5F0005F-B50B-4121-83B4-7F1D1BDC844B,7,7,2022-08-12,2026-10-12,0,0,5,98,2026-04-10,7,7,2022-08-12,2026-10-12,0,0,5,98,2026-04-10,0
558a1472-9e70-487f-b976-15d660ae077f,558a1472-9e70-487f-b976-15d660ae077f,1,ERECKSON MIDDLE SCHOOL,,,Heavy Food Preparation,Heavy Food Preparation,food,False,False,op_permit_food,Open,2017-10-05,,450 TATUM DR  ALLEN TX 75013,False,122221,9,9,FE000341-10-2017,FE-007001-07-2026,Active,,https://cityofallentx-energovweb.tylerhost.net/apps/selfservice#/operationalPermit/0765e486-11bb-4db7-96df-864a79ecc7da,17,17,2017-10-05,2026-01-16,2,0,0,,,17,17,2017-10-05,2026-01-16,2,0,0,,,0
7a004325-8db5-4d4d-96a9-2fb2708cb3f1,7a004325-8db5-4d4d-96a9-2fb2708cb3f1,1,EVANS ELEMENTARY CAFETERIA,,,Heavy Food Preparation,Heavy Food Preparation,food,False,False,op_permit_food,Open,2017-10-04,,1225  WALNUT SPRINGS DR  ALLEN TX 75013,False,127243,9,9,FE000338-10-2017,FE-007000-07-2026,Active,,https://cityofallentx-energovweb.tylerhost.net/apps/selfservice#/operationalPermit/6bb11040-7325-4243-82ce-b83a1afb86dc,17,17,2017-10-04,2026-09-27,0,0,2,99,2025-04-02,17,17,2017-10-04,2026-09-27,0,0,2,99,2025-04-02,0
b5e52421-bce1-48d6-a90a-67f473a62452,b5e52421-bce1-48d6-a90a-67f473a62452,1,EZ Hot Dogs,,,Special Event - Food Establishment,Special Event - Food Establishment,special event,True,False,license_special_event_food,Closed,,2025-07-29,909 ALLEN CENTRAL DR ALLEN TX 75013,False,,1,0,FESP004418-03-2023,FESP004418-03-2023,Expired,2023-03-18,https://cityofallentx-energovweb.tylerhost.net/apps/selfservice#/businessLicense/b68cfb4e-2bc8-45ca-b9dc-5fdae67137ab,0,0,,,0,0,0,,,0,0,,,0,0,0,,,0
9b850f9d-5c6e-4ced-9997-0736458f8792,9b850f9d-5c6e-4ced-9997-0736458f8792,1,Easy Slider (DPH-5259),,,Mobile Food Prep Unit - Food Establishment,Mobile Food Establishment | Mobile Food Prep Unit - Food Establishment,food,True,False,license_food | op_permit_food,Closed,2018-11-19,2020-12-22,,False,,2,1,FE001134-11-2018,FE002192-03-2020,Expired,2020-12-01,https://cityofallentx-energovweb.tylerhost.net/apps/selfservice#/businessLicense/1a531715-550b-44c3-8893-d3e7af9a901e,3,3,2018-11-19,2020-03-10,0,0,0,,,3,3,2018-11-19,2020-03-10,0,0,0,,,0
6a502bf1-7707-418e-9b42-54b79d60c9fd,6a502bf1-7707-418e-9b42-54b79d60c9fd,1,Easy Slider Food Truck-Holly Jolly,,,Special Event - Food Establishment,Special Event - Food Establishment,special event,True,False,license_special_event_food,Closed,2019-12-06,2021-12-29,300 N ALLEN DR ALLEN TX 75013,False,122494,1,0,FESP001885-11-2019,FESP001885-11-2019,Expired,2019-12-06,https://cityofallentx-energovweb.tylerhost.net/apps/selfservice#/businessLicense/978d9cde-7077-4d0a-81c3-27a6a5aa3111,1,1,2019-12-06,2019-12-06,0,0,0,,,1,1,2019-12-06,2019-12-06,0,0,0,,,0
635df4f0-7dea-4aa9-a599-0a633e0272ca,635df4f0-7dea-4aa9-a599-0a633e0272ca,1,Easy Slider(DPH-5259)@Church Elevn32,,,Special Event - Food Establishment,Special Event - Food Establishment,special event,True,False,license_special_event_food,Closed,2017-11-02,2022-02-28,700 RIVERCREST BLVD ALLEN TX 75002,False,127247,2,0,FESP000392-10-2017,FESP000772-05-2018,Expired,2018-05-15,https://cityofallentx-energovweb.tylerhost.net/apps/selfservice#/businessLicense/d6821d64-8cc7-48fd-a4b9-ab73717f2d88,1,1,2017-11-02,2017-11-02,0,0,0,,,1,1,2017-11-02,2017-11-02,0,0,0,,,0
8d94b1ed-3308-4e4e-baf6-c3b1c96708d2,8d94b1ed-3308-4e4e-baf6-c3b1c96708d2,1,Easy Slider@Kids Ped Dent(#DPH5259),,,Temporary Food Establishment - Food Establishment,Temporary Food Establishment - Food Establishment,food,True,False,license_food,Closed,2017-09-29,2023-05-03,ALLEN TX 75013,True,,1,0,FE000310-09-2017,FE000310-09-2017,Expired,2017-09-29,https://cityofallentx-energovweb.tylerhost.net/apps/selfservice#/businessLicense/5e15f0dc-36d7-4a2c-b44b-800adf4e4aa2,1,1,2017-09-29,2017-09-29,0,0,0,,,1,1,2017-09-29,2017-09-29,0,0,0,,,0
0854a0ad-8be1-4fb1-ac26-9bcc3771b439,0854a0ad-8be1-4fb1-ac26-9bcc3771b439,1,Eat Jo Dawgs@Spikefest,,,Temporary Food Establishment - Food Establishment,Temporary Food Establishment - Food Establishment,food,True,False,license_food,Closed,2018-07-27,2018-07-27,701 ANGEL PKWY  ALLEN TX 75002,False,121106,1,0,FE000937-07-2018,FE000937-07-2018,Expired,2018-07-29,https://cityofallentx-energovweb.tylerhost.net/apps/selfservice#/businessLicense/fff33292-acd9-4121-b338-5e3899cef6cb,1,1,2018-07-27,2018-07-27,0,0,0,,,1,1,2018-07-27,2018-07-27,0,0,0,,,0
49b54a07-12e5-4841-97cd-e4904a98c027,49b54a07-12e5-4841-97cd-e4904a98c027,1,Eats n Treats,,,Heavy - Food Establishment,Heavy - Food Establishment,food,False,False,license_food,Closed,,2023-02-13,2023 W MCDERMOTT DR Unit: 220 ALLEN TX 75013,False,113333,1,0,FE003429-12-2021,FE003429-12-2021,Expired,2023-01-20,https://cityofallentx-energovweb.tylerhost.net/apps/selfservice#/businessLicense/ad5c1169-04d4-4dd2-a413-e24ee9bfea1b,1,1,2023-01-25,2023-01-25,0,0,0,,,1,1,2023-01-25,2023-01-25,0,0,0,,,0
eec22f41-7299-4ed5-9cfa-666096311491,eec22f41-7299-4ed5-9cfa-666096311491,1,Edith's French Bistro,,,Heavy - Food Establishment,Heavy - Food Establishment | Heavy Food Preparation,food,False,False,license_food | op_permit_food,Closed,,2023-07-13,916  GARDEN PARK DR A ALLEN TX 75013,False,,4,3,FE001541-05-2019,FE003782-05-2022,Expired,2023-05-25,https://cityofallentx-energovweb.tylerhost.net/apps/selfservice#/businessLicense/2f005d67-9447-47ba-8679-9907a6dc60e0,8,8,2019-10-28,2023-01-05,2,0,0,,,8,8,2019-10-28,2023-01-05,2,0,0,,,0
1a73c97c-a21c-4f48-8e39-19f19fb888e7,1a73c97c-a21c-4f48-8e39-19f19fb888e7,1,Edutree/Tong Xin Chinese School,,,Day Care Facility,Day Care Facility,day care,False,False,op_permit_daycare,Open,2017-09-12,,2088 HEDGCOXE RD  ALLEN TX 75013,False,127716,9,9,DC000266-08-2017,DC007122-08-2026,Annual Renewal Completed,2027-08-30,https://cityofallentx-energovweb.tylerhost.net/apps/selfservice#/operationalPermit/7906b49b-d1b9-49dd-9ca0-63d9cd7917e8,16,16,2017-09-12,2027-03-01,2,0,5,100,2026-03-31,16,16,2017-09-12,2027-03-01,2,0,5,100,2026-03-31,0
f574dfe7-2011-4ef0-95c6-b5761648dd7b,f574dfe7-2011-4ef0-95c6-b5761648dd7b,1,Egg Stand,,,Mobile Food Establishment,Mobile Food Establishment,food,True,False,op_permit_food,Closed,,2023-02-13,,False,,1,1,FE002973-04-2021,FE002973-04-2021,Expired,2999-01-01,https://cityofallentx-energovweb.tylerhost.net/apps/selfservice#/operationalPermit/F311B508-94BA-4715-B400-85C4DD16917C,0,0,,,0,0,0,,,0,0,,,0,0,0,,,0
17e8346d-fb8d-4f92-9281-1e78891e884a,17e8346d-fb8d-4f92-9281-1e78891e884a,1,Eggsquisite Cafe,,,Heavy - Food Establishment,Heavy - Food Establishment | Heavy Food Preparation,food,False,False,license_food | op_permit_food,Closed,,2023-02-13,1314 W MCDERMOTT DR  Unit: 170 ALLEN TX 75013,False,113690,5,4,FE000961-08-2018,FE003981-08-2022,Expired,2023-08-07,https://cityofallentx-energovweb.tylerhost.net/apps/selfservice#/businessLicense/9e446cfd-9375-48c8-9884-892e00a00f94,14,14,2018-09-28,2022-08-25,3,0,0,,,14,14,2018-09-28,2022-08-25,3,0,0,,,0
6be763fa-87b2-466a-9747-d849f9573fcd,6be763fa-87b2-466a-9747-d849f9573fcd,1,Eggsquisite Cafe,,,Heavy Food Preparation,Heavy Food Preparation,food,False,False,op_permit_food,Open,,,1314 W McDermott DR Unit: # 170 Allen TX 75013,False,,4,4,FE004441-03-2023,FE006799-03-2026,Annual Renewal Completed,2027-03-17,https://cityofallentx-energovweb.tylerhost.net/apps/selfservice#/operationalPermit/0FA3A0C0-A97B-41F0-8848-8DCE0AB4CDB6,13,12,2023-08-03,2025-10-14,4,0,0,,,13,12,2023-08-03,2025-10-14,4,0,0,,,0
7ae46f67-51e8-4e42-89a1-31f77d8082b4,7ae46f67-51e8-4e42-89a1-31f77d8082b4,1,Eggstand Food Truck,,,Special Event - Food Establishment,Special Event - Food Establishment,special event,True,False,license_special_event_food,Closed,,2023-02-13,Dallas TX 75248,True,,1,0,FESP002976-04-2021,FESP002976-04-2021,Expired,2021-05-02,https://cityofallentx-energovweb.tylerhost.net/apps/selfservice#/businessLicense/91d7854b-1264-434a-bd0c-22722e063434,0,0,,,0,0,0,,,0,0,,,0,0,0,,,0
e3a8b04d-6d65-49ec-8252-d2aced6bbb6d,e3a8b04d-6d65-49ec-8252-d2aced6bbb6d,1,Eggstand Food Truck,,,Temporary Food Establishment - Food Establishment,Temporary Food Establishment - Food Establishment,food,True,False,license_food,Closed,2017-05-12,2019-02-08,970  GARDEN PARK DR F ALLEN TX 75013,False,,1,0,FE000081-05-2017,FE000081-05-2017,Expired,2017-05-14,https://cityofallentx-energovweb.tylerhost.net/apps/selfservice#/businessLicense/163f32d8-a646-4858-80d5-06daa7dc77ad,0,0,,,0,0,0,,,0,0,,,0,0,0,,,0
6c1d1a75-dc48-4297-87e4-e79991d19f2e,6c1d1a75-dc48-4297-87e4-e79991d19f2e,1,Eggstand Inc (VL#GRX7652),,,Mobile Food Prep Unit - Food Establishment,Catering Truck - Food Establishment | Mobile Food Prep Unit - Food Establishment,food,True,False,license_food,Closed,2017-09-21,2022-04-27,,False,,2,0,FE000303-09-2017,FE001350-02-2019,Expired,2020-02-21,https://cityofallentx-energovweb.tylerhost.net/apps/selfservice#/businessLicense/ff951652-5771-4c51-a1ba-068b06cb6a84,2,2,2019-02-21,2019-03-22,0,0,0,,,2,2,2019-02-21,2019-03-22,0,0,0,,,0
b9810781-fb3b-42bf-824f-6b483fad3f68,b9810781-fb3b-42bf-824f-6b483fad3f68,1,Einstein Brothers Bagel #4078,,,Heavy Food Preparation,Heavy Food Preparation,food,False,False,op_permit_food,Open,2017-11-07,,790 W EXCHANGE PKWY  Unit: 100 ALLEN TX 75013,False,129741,10,10,FE000049-04-2017,FE006822-03-2026,Annual Renewal Completed,2027-04-23,https://cityofallentx-energovweb.tylerhost.net/apps/selfservice#/operationalPermit/4FE10FC6-DD5B-44F0-8C83-31F471D0B3B9,17,17,2017-11-07,2025-10-09,2,0,4,87,2025-10-09,17,17,2017-11-07,2025-10-09,2,0,4,87,2025-10-09,0
e7334bc8-ca69-499f-a390-6c0796edd3eb,e7334bc8-ca69-499f-a390-6c0796edd3eb,1,El Grande Burrito,,,Heavy Food Preparation,Heavy - Food Establishment | Heavy Food Preparation,food,False,False,license_food | op_permit_food,Open,2017-06-05,,801 S GREENVILLE AVE Unit: 118 ALLEN TX 75002,False,105676,9,8,FE000019-04-2017,FE-006886-05-2026,Annual Renewal Completed,2027-04-28,https://cityofallentx-energovweb.tylerhost.net/apps/selfservice#/operationalPermit/937c9df3-84f5-4459-aca7-625af994f1c2,27,27,2017-12-13,2026-09-27,13,0,0,,,27,27,2017-12-13,2026-09-27,13,0,0,,,0
0cc4a142-98dd-439e-8a60-b9debe45a748,0cc4a142-98dd-439e-8a60-b9debe45a748,1,El Pollo Loco,,,Heavy Food Preparation,Heavy Food Preparation,food,False,False,op_permit_food,Open,,,386 E Stacy Rd Allen TX 75002,False,,1,1,FE006527-12-2025,FE006527-12-2025,Active,2026-12-08,https://cityofallentx-energovweb.tylerhost.net/apps/selfservice#/operationalPermit/E9641118-A390-4BF6-9889-26C60465420E,1,1,2026-09-08,2026-09-08,0,0,0,,,1,1,2026-09-08,2026-09-08,0,0,0,,,0
7cd45611-7365-4180-85fe-a28e81e31f72,7cd45611-7365-4180-85fe-a28e81e31f72,1,El Pollo Loco # 6143,,,Heavy - Food Establishment,Heavy - Food Establishment | Heavy Food Preparation,food,False,False,license_food | op_permit_food,Closed,2017-04-24,2025-12-02,386 E STACY RD ALLEN TX 75002,False,127726,9,7,FE000360-10-2017,FE006014-03-2025,Closed,,https://cityofallentx-energovweb.tylerhost.net/apps/selfservice#/businessLicense/b4495717-a664-4428-8dd0-8e4a79c1e942,23,22,2017-10-11,2025-06-09,1,0,0,,,23,22,2017-10-11,2025-06-09,1,0,0,,,0
60825c10-651a-43ad-830b-cac106e6e76e,60825c10-651a-43ad-830b-cac106e6e76e,1,El Rumbero Restaurant,El Rumbo Restaurant,,Heavy Food Preparation,Heavy Food Preparation,food,False,False,op_permit_food,Closed,2019-08-06,2025-07-01,501 E Bethany DR Unit: 101B Allen TX 75006,False,,6,6,FE001626-06-2019,FE005463-07-2024,Expired,2025-06-28,https://cityofallentx-energovweb.tylerhost.net/apps/selfservice#/operationalPermit/A9C90DFA-5ED1-41CE-B469-AD5118F6988D,14,14,2019-08-06,2025-05-28,2,0,4,92,2025-05-28,14,14,2019-08-06,2025-05-28,2,0,4,92,2025-05-28,0
e2a50062-0e21-4672-a806-ba72ab857ee1,e2a50062-0e21-4672-a806-ba72ab857ee1,1,El Speedy Taco @ Story Elementary,,,Special Event - Food Establishment,Special Event - Food Establishment,special event,True,False,license_special_event_food,Closed,,2022-12-15,1550 EDELWEISS DR ALLEN TX 75002,False,107210,1,0,FESP000694-04-2018,FESP000694-04-2018,Expired,2018-04-20,https://cityofallentx-energovweb.tylerhost.net/apps/selfservice#/businessLicense/10ce956f-1bf5-4c45-bfe6-2ac53c13d1c9,1,1,2018-04-21,2018-04-21,0,0,0,,,1,1,2018-04-21,2018-04-21,0,0,0,,,0
2349d768-f19d-45d0-9708-bf52fb702d40,2349d768-f19d-45d0-9708-bf52fb702d40,1,El Terco Tacos Y Mariscos,,,Heavy - Food Establishment,Heavy - Food Establishment,food,False,False,license_food,Closed,2019-04-12,2019-04-12,501 E BETHANY DR  Unit: 101B ALLEN TX 75002,False,105147,1,0,FE001000-08-2018,FE001000-08-2018,Expired,2019-08-23,https://cityofallentx-energovweb.tylerhost.net/apps/selfservice#/businessLicense/53d087cd-6b4e-4c68-8d27-78143373bd47,0,0,,,0,0,0,,,0,0,,,0,0,0,,,0
00cf340b-9a07-48e6-a33a-16faf18a694f,00cf340b-9a07-48e6-a33a-16faf18a694f,1,El Volcan,,,Heavy Food Preparation,Heavy Food Preparation,food,False,False,op_permit_food,Open,2020-02-06,,1106 E BETHANY DR ALLEN TX 75002,False,115005,7,7,FE001995-01-2020,FE006584-01-2026,Annual Renewal Completed,2027-01-10,https://cityofallentx-energovweb.tylerhost.net/apps/selfservice#/operationalPermit/D0544AC6-F1A6-4CB4-9272-1B82F2484279,13,13,2020-02-14,2025-07-07,4,0,0,,,13,13,2020-02-14,2025-07-07,4,0,0,,,0
fac6969c-1a0c-4ed0-a3de-cd656e40a5a0,fac6969c-1a0c-4ed0-a3de-cd656e40a5a0,1,El Way Taco Shop,,,Heavy - Food Establishment,Heavy - Food Establishment,food,False,False,license_food,Closed,2019-02-25,2019-08-23,501 E BETHANY DR  Unit: 101B ALLEN TX 75002,False,,1,0,FE001106-10-2018,FE001106-10-2018,Expired,2019-10-30,https://cityofallentx-energovweb.tylerhost.net/apps/selfservice#/businessLicense/7ddb5615-b23b-46b9-ab47-4f0d019c63d0,1,1,2019-02-25,2019-02-25,0,0,0,,,1,1,2019-02-25,2019-02-25,0,0,0,,,0
c7203d37-4d76-4e55-8b67-34dea52088a3,c7203d37-4d76-4e55-8b67-34dea52088a3,1,Elevated Promotion Ent,,,Temporary Food Establishments,Temporary Food Establishments,food,True,False,op_permit_food,Open,,,Chandler AZ 85224,True,,1,1,FE-007169-09-2026,FE-007169-09-2026,Expired,2026-09-20,https://cityofallentx-energovweb.tylerhost.net/apps/selfservice#/operationalPermit/de84b9fe-63de-4da1-b688-63a378b3f89d,0,0,,,0,0,0,,,0,0,,,0,0,0,,,0
7115baf7-ef0f-429b-bc65-195ae5de4b1a,7115baf7-ef0f-429b-bc65-195ae5de4b1a,1,Elke's Market Cafe,,,Heavy Food Preparation,Heavy Food Preparation,food,False,False,op_permit_food,Open,,,105 N GREENVILLE AVE Unit: 11 ALLEN TX 75002,False,104942,9,9,FE000434-12-2017,FE006504-11-2025,Annual Renewal Completed,2026-12-06,https://cityofallentx-energovweb.tylerhost.net/apps/selfservice#/operationalPermit/F6A0B875-D07F-4FC8-883C-C12F90DE1A45,16,14,2017-12-19,2026-09-27,2,0,5,88,2025-10-27,16,14,2017-12-19,2026-09-27,2,0,5,88,2025-10-27,0
1fe557fa-1fd5-4d0e-824b-160b814f543a,1fe557fa-1fd5-4d0e-824b-160b814f543a,1,Ellen's Cafe,,,Heavy - Food Establishment,Heavy - Food Establishment | Heavy Food Preparation,food,False,False,license_food | op_permit_food,Closed,,2024-03-21,210 S CENTRAL EXPY  Unit: 89 ALLEN TX 75013,False,114503,4,3,FE002355-06-2020,FE004685-07-2023,Expired,2024-06-28,https://cityofallentx-energovweb.tylerhost.net/apps/selfservice#/businessLicense/79cc126e-3663-4fd8-8197-fda56c4f0596,8,7,2020-09-11,2023-08-22,0,0,0,,,8,7,2020-09-11,2023-08-22,0,0,0,,,0
3ee97d0e-434a-4858-aa0b-539e71f9b606,3ee97d0e-434a-4858-aa0b-539e71f9b606,1,Elote Blanco LLC,,,Special Event - Food Establishment,Special Event - Food Establishment,special event,True,False,license_special_event_food,Closed,,2025-02-25,Plano TX 75074,True,,1,0,FESP005604-09-2024,FESP005604-09-2024,Expired,2024-09-14,https://cityofallentx-energovweb.tylerhost.net/apps/selfservice#/businessLicense/bf04532d-2b2c-417b-9026-0e691b850ac5,0,0,,,0,0,0,,,0,0,,,0,0,0,,,0
f08fce37-6f39-4327-9b6b-339a9292e304,f08fce37-6f39-4327-9b6b-339a9292e304,1,Embracing the World @DMCC,,,Temporary Food Establishment - Food Establishment,Temporary Food Establishment - Food Establishment,food,True,False,license_food,Open,2019-06-25,,777 WATTERS CREEK BLVD ALLEN TX 75013,False,126010,1,0,FE001622-06-2019,FE001622-06-2019,Expired,2019-06-27,https://cityofallentx-energovweb.tylerhost.net/apps/selfservice#/businessLicense/550d1099-a651-427e-87ba-6fa89f19bcec,1,1,2019-06-25,2019-06-25,0,0,0,,,1,1,2019-06-25,2019-06-25,0,0,0,,,0
f100fd71-29d0-4505-87d5-6b8b60f4e8a3,f100fd71-29d0-4505-87d5-6b8b60f4e8a3,1,Emily's Italian Bistro,,,Heavy Food Preparation,Heavy Food Preparation,food,False,False,op_permit_food,Open,,,2033 W MCDERMOTT DR Unit: 300 ALLEN TX 75013,False,113434,6,6,FE002492-08-2020,FE-007134-08-2026,Annual Renewal Completed,2027-08-30,https://cityofallentx-energovweb.tylerhost.net/apps/selfservice#/operationalPermit/06572680-189d-466f-af21-66f2545db188,11,11,2020-12-09,2026-09-27,1,0,2,94,2024-09-16,11,11,2020-12-09,2026-09-27,1,0,2,94,2024-09-16,0
85fd7614-f60d-4456-a5f0-1070b9bdf292,85fd7614-f60d-4456-a5f0-1070b9bdf292,1,Empire Liquor,,,No Prep - Food Establishment,No Prep - Food Establishment,food,False,False,license_food,Closed,,2022-12-22,1205 W MCDERMOTT DR Unit: 100 ALLEN TX 75013,False,122794,1,0,FE000627-03-2018,FE000627-03-2018,Expired,2019-04-30,https://cityofallentx-energovweb.tylerhost.net/apps/selfservice#/businessLicense/6f2143b0-7dd1-4da7-bea3-0ba9999cf0e8,3,2,2018-07-31,2018-09-11,1,0,0,,,3,2,2018-07-31,2018-09-11,1,0,0,,,0
18e250dc-d505-418e-b0bc-1fb3ce7ec48a,18e250dc-d505-418e-b0bc-1fb3ce7ec48a,1,Ereckson MS Football Concessions,,,Concession Stand,Concession Stand,food,False,False,op_permit_food,Open,,,450 TATUM DR  ALLEN TX 75013,False,122221,10,10,FE001170-12-2018,FE-007033-07-2026,Annual Renewal Completed,2027-08-02,https://cityofallentx-energovweb.tylerhost.net/apps/selfservice#/operationalPermit/6f02be80-3c18-47f5-b656-55c1819e8c94,8,8,2019-09-20,2025-08-05,0,0,2,100,2025-08-05,8,8,2019-09-20,2025-08-05,0,0,2,100,2025-08-05,0
ddb2f912-481d-4398-9574-10275d27a491,ddb2f912-481d-4398-9574-10275d27a491,1,Estrada Catering Truck (LKT7934),,,Catering Truck - Food Establishment,Catering Truck - Food Establishment | Mobile Construction Site Food Vehicle:,food,True,False,license_food | op_permit_food,Closed,,2026-04-15,Mesquite TX 75149,True,,8,7,FE000684-04-2018,FE006093-04-2025,Closed,,https://cityofallentx-energovweb.tylerhost.net/apps/selfservice#/businessLicense/4aa8a8d3-dd30-4f70-9852-3c34dc741d88,8,8,2018-04-09,2025-04-24,0,0,0,,,8,8,2018-04-09,2025-04-24,0,0,0,,,0
751e121e-33e8-4850-ac66-aa4a4546fd92,751e121e-33e8-4850-ac66-aa4a4546fd92,1,Events by BJ -Allen USA,,,Temporary Food Establishment - Food Establishment,Temporary Food Establishment - Food Establishment,food,True,False,license_food,Closed,,2022-03-29,701 ANGEL PKWY  ALLEN TX 75002,False,121106,1,0,FE001590-06-2019,FE001590-06-2019,Expired,2019-06-29,https://cityofallentx-energovweb.tylerhost.net/apps/selfservice#/businessLicense/f7855597-e576-46b0-be13-4612dfb7ceb3,1,1,2019-06-28,2019-06-28,0,0,0,,,1,1,2019-06-28,2019-06-28,0,0,0,,,0
716efc8d-29cc-4c32-b3c6-a09e1c3f73a7,716efc8d-29cc-4c32-b3c6-a09e1c3f73a7,1,Everything Ice Cream,,,Temporary Food Establishment - Food Establishment,Temporary Food Establishment - Food Establishment,food,True,False,license_food,Closed,,2024-12-31,2031 W MCDERMOTT DR  Unit: 295 ALLEN TX 75013,False,113334,1,0,FE000261-08-2017,FE000261-08-2017,Expired,2017-08-19,https://cityofallentx-energovweb.tylerhost.net/apps/selfservice#/businessLicense/da00e135-36b1-42c2-a897-56fdf3cdb967,0,0,,,0,0,0,,,0,0,,,0,0,0,,,0
5f1182b9-d3f5-4c7a-9f3f-88232a43518e,5f1182b9-d3f5-4c7a-9f3f-88232a43518e,1,Exotic Snack Guys,,,No Food Preparation,No Food Preparation,food,False,False,op_permit_food,Open,,,820 W STACY RD 1 Unit: 154 ALLEN TX 75013,False,120610,1,1,FE-007161-09-2026,FE-007161-09-2026,Active,2027-09-15,https://cityofallentx-energovweb.tylerhost.net/apps/selfservice#/operationalPermit/ee744c3f-5f14-4e99-ac11-baef949deb80,2,2,2026-09-24,2027-09-23,0,0,0,,,2,2,2026-09-24,2027-09-23,0,0,0,,,0
2e7a5a15-401b-4399-b619-7361babd1d93,2e7a5a15-401b-4399-b619-7361babd1d93,1,Experian Cafe,,,Heavy - Food Establishment,Heavy - Food Establishment | Heavy Food Preparation,food,False,False,license_food | op_permit_food,Closed,2017-07-20,2022-08-04,701 EXPERIAN PKWY ALLEN TX 75013,False,104271,5,4,FE000313-09-2017,FE003228-08-2021,Expired,2022-09-30,https://cityofallentx-energovweb.tylerhost.net/apps/selfservice#/businessLicense/5c9ae538-6514-484a-bacf-d151db954ffd,7,6,2018-07-11,2020-01-28,2,0,0,,,7,6,2018-07-11,2020-01-28,2,0,0,,,0
d14fd1ca-5b46-4e67-98c2-523d0a92a053,809e33fb-65ab-4a3c-abd1-8f2fccfa82c5,2,FAMILY DONUTS,,,Heavy - Food Establishment,Heavy - Food Establishment | Heavy Food Preparation,food,False,False,license_food | op_permit_food,Closed,,2024-10-30,1608 E Main ST Unit: # 400 Allen TX 75002,False,,3,2,FE003673-03-2022,FE005212-03-2024,Expired,2025-03-04,https://cityofallentx-energovweb.tylerhost.net/apps/selfservice#/businessLicense/8b9c24e4-208b-4706-a62d-3e5c3a9ea68e,5,5,2022-05-09,2024-06-10,0,0,3,92,2024-06-10,10,9,2022-05-09,2025-10-16,1,0,6,87,2025-10-13,0
ecbe46c6-ae53-49d3-acbf-89af4a5fcb15,ecbe46c6-ae53-49d3-acbf-89af4a5fcb15,1,FBC Allen Discovery Days Preschool,,,Day Care Facility,Day Care Facility,day care,False,False,op_permit_daycare,Open,2017-11-27,,201 E MCDERMOTT DR ALLEN TX 75002,False,117710,9,9,DC000498-01-2018,DC006579-01-2026,Active,2027-01-21,https://cityofallentx-energovweb.tylerhost.net/apps/selfservice#/operationalPermit/1DDBD8A7-E23D-43AB-94DA-108BB858B073,13,13,2017-11-27,2026-09-27,0,0,0,,,13,13,2017-11-27,2026-09-27,0,0,0,,,0
68f421b1-bbc1-4cc4-9138-4f0da5cdada7,68f421b1-bbc1-4cc4-9138-4f0da5cdada7,1,FIVE STAR CULINARY CONNECTION LLC,,,Special Event - Food Establishment,Special Event - Food Establishment,special event,True,False,license_special_event_food,Closed,,2022-03-01,200 E STACY RD B1300 Unit: 1350 ALLEN TX 75002,False,127345,1,0,FESP003607-02-2022,FESP003607-02-2022,Expired,2022-02-27,https://cityofallentx-energovweb.tylerhost.net/apps/selfservice#/businessLicense/2e1616e0-8135-4b7a-a2f0-01f9f2d6e9ee,1,1,2022-02-25,2022-02-25,0,0,0,,,1,1,2022-02-25,2022-02-25,0,0,0,,,0
809e33fb-65ab-4a3c-abd1-8f2fccfa82c5,809e33fb-65ab-4a3c-abd1-8f2fccfa82c5,2,Family Donuts,,,Heavy Food Preparation,Heavy Food Preparation,food,False,False,op_permit_food,Open,,,1608 E Main St Unit: # 400 Allen TX 75002,False,,2,2,FE005697-11-2024,FE006483-10-2025,Annual Renewal Completed,2026-11-14,https://cityofallentx-energovweb.tylerhost.net/apps/selfservice#/operationalPermit/F62754D6-5B59-4728-8F5C-1125567664EA,5,4,2025-01-13,2025-10-16,1,0,3,87,2025-10-13,10,9,2022-05-09,2025-10-16,1,0,6,87,2025-10-13,0
7752f8cf-7b99-4c8e-8353-a97bd4536759,7752f8cf-7b99-4c8e-8353-a97bd4536759,2,Family Donuts of Allen,,,Heavy - Food Establishment,Heavy - Food Establishment,food,False,False,license_food,Closed,2017-06-14,2022-03-16,1608 E MAIN ST  Unit: 400 ALLEN TX 75002,False,106134,2,0,FE001382-03-2019,FE001548-05-2019,Expired,2020-05-29,https://cityofallentx-energovweb.tylerhost.net/apps/selfservice#/businessLicense/3dbc124c-5adc-4601-85f9-343d07533a80,13,13,2017-12-11,2021-06-09,5,0,0,,,15,14,2017-12-11,2022-02-01,5,0,0,,,0
c8bfd489-37bd-4941-9874-b3562a2573a9,7752f8cf-7b99-4c8e-8353-a97bd4536759,2,Family Donuts of Allen,,,Heavy - Food Establishment,Heavy - Food Establishment | Heavy Food Preparation,food,False,False,license_food | op_permit_food,Closed,,2019-02-15,1608 E MAIN ST Unit: 400 ALLEN TX 75002,False,,3,2,FE000615-03-2018,FE003638-03-2022,Expired,2023-03-19,https://cityofallentx-energovweb.tylerhost.net/apps/selfservice#/businessLicense/7234a205-2884-4367-bd92-980297134593,2,1,2022-02-01,2022-02-01,0,0,0,,,15,14,2017-12-11,2022-02-01,5,0,0,,,0
904545eb-962e-4bfd-92e6-23e2a438d235,904545eb-962e-4bfd-92e6-23e2a438d235,1,Fancy Burgers,,,Heavy - Food Establishment,Heavy - Food Establishment | Heavy Food Preparation,food,False,False,license_food | op_permit_food,Closed,2018-10-02,2022-11-09,1214 E MAIN ST ALLEN TX 75002,False,126002,2,1,FE000962-08-2018,FE001703-08-2019,Expired,2020-08-07,https://cityofallentx-energovweb.tylerhost.net/apps/selfservice#/businessLicense/5eb94112-ea6f-42fb-8964-2c8bd17ae8cc,4,4,2018-10-10,2019-08-09,1,0,0,,,4,4,2018-10-10,2019-08-09,1,0,0,,,0
af02821a-6c44-4041-954d-9c5a89f47836,af02821a-6c44-4041-954d-9c5a89f47836,1,Fantastic Snacks Inc.,,,Light - Food Establishment,Light - Food Establishment,food,False,False,license_food,Closed,,2020-05-04,204 N GREENVILLE AVE  Unit: 220 ALLEN TX 75002,False,,1,0,FE001769-09-2019,FE001769-09-2019,Expired,2020-09-13,https://cityofallentx-energovweb.tylerhost.net/apps/selfservice#/businessLicense/b79b4be6-9a56-477a-b825-6bb4a7dfa59d,2,1,2019-11-25,2019-11-25,0,0,0,,,2,1,2019-11-25,2019-11-25,0,0,0,,,0
c6d1432c-49bb-4de1-87f7-07a5fbafd0fa,c6d1432c-49bb-4de1-87f7-07a5fbafd0fa,1,Far East Pizza Co,,,Heavy Food Preparation,Heavy Food Preparation,food,False,False,op_permit_food,Open,2024-03-12,,2023 W McDermott Dr Unit: 220 Allen TX 75013,False,,3,3,FE005224-03-2024,FE006776-02-2026,Annual Renewal Completed,2027-03-12,https://cityofallentx-energovweb.tylerhost.net/apps/selfservice#/operationalPermit/784435A7-D208-4D60-9BC2-46D45A4AE352,5,4,2024-07-11,2025-09-17,0,0,0,,,5,4,2024-07-11,2025-09-17,0,0,0,,,0
af6f8ed6-d142-4c42-bdd7-cece5bff47d2,af6f8ed6-d142-4c42-bdd7-cece5bff47d2,1,Farmer's Fridge,,,No Prep - Food Establishment,No Prep - Food Establishment,food,False,False,license_food,Closed,,2024-08-21,1105 N Central Expy Allen TX 75013,False,,1,0,FE004866-09-2023,FE004866-09-2023,Expired,2024-09-28,https://cityofallentx-energovweb.tylerhost.net/apps/selfservice#/businessLicense/34d992f2-0739-4f80-89d5-5794c37716f7,1,1,2023-10-11,2023-10-11,0,0,0,,,1,1,2023-10-11,2023-10-11,0,0,0,,,0
5a0923a1-d3aa-4363-be16-26f47053b9b6,5a0923a1-d3aa-4363-be16-26f47053b9b6,1,Farmhouse Coffee @ Lonestar Merch,,,Special Event - Food Establishment,Special Event - Food Establishment,special event,True,False,license_special_event_food,Closed,,2025-02-04,2031 W MCDERMOTT DR  Unit: 295 ALLEN TX 75013,False,113334,1,0,FESP000423-11-2017,FESP000423-11-2017,Expired,2017-12-02,https://cityofallentx-energovweb.tylerhost.net/apps/selfservice#/businessLicense/681ea916-4c43-473f-94e8-4e534bd2b53a,0,0,,,0,0,0,,,0,0,,,0,0,0,,,0
c80799b4-5297-45e6-8ff0-ee0fbdd1f55a,c80799b4-5297-45e6-8ff0-ee0fbdd1f55a,1,Fastrack Food Inc,,,Temporary Food Establishment - Food Establishment,Temporary Food Establishment - Food Establishment,food,True,False,license_food,Open,2023-05-13,2023-05-13,Allen TX 75013,True,,1,0,FE004564-05-2023,FE004564-05-2023,Expired,2023-05-13,https://cityofallentx-energovweb.tylerhost.net/apps/selfservice#/businessLicense/e2c41b3a-a2b0-4b12-a4ac-30be95585d70,0,0,,,0,0,0,,,0,0,,,0,0,0,,,0
8abd7b90-d3ee-4356-a180-9f0c3d1d93f7,8abd7b90-d3ee-4356-a180-9f0c3d1d93f7,1,Fatburger & Buffalo's Express,,,Heavy Food Preparation,Heavy Food Preparation,food,False,False,op_permit_food,Open,,,820 W STACY RD 6 Unit: 620 ALLEN TX 75013,False,,5,5,FE003211-08-2021,FE-007119-08-2026,Annual Renewal Completed,2027-08-10,https://cityofallentx-energovweb.tylerhost.net/apps/selfservice#/operationalPermit/65d392d0-a26b-4f63-acfb-2924746677a1,12,12,2021-10-26,2026-09-28,1,0,4,88,2025-07-22,12,12,2021-10-26,2026-09-28,1,0,4,88,2025-07-22,0
f00e1a60-1f94-487d-98bc-4a768a79f016,f00e1a60-1f94-487d-98bc-4a768a79f016,1,Feng Cha,,,Light Food Preparation,Light Food Preparation,food,False,False,op_permit_food,Open,,,945 W STACY RD Unit: 150 ALLEN TX 75013,False,129644,6,6,FE002262-05-2020,FE006109-05-2025,Annual Renewal Completed,2027-05-04,https://cityofallentx-energovweb.tylerhost.net/apps/selfservice#/operationalPermit/c94786de-6a91-4f67-8d61-53241f527958,14,14,2020-07-07,2026-09-27,1,0,5,96,2025-11-11,14,14,2020-07-07,2026-09-27,1,0,5,96,2025-11-11,0
1fdfcd41-27d2-4ed7-9de0-9bc0e6d30c3b,1fdfcd41-27d2-4ed7-9de0-9bc0e6d30c3b,1,Fershy Taco,,,Heavy - Food Establishment,Heavy - Food Establishment | Heavy Food Preparation,food,False,False,license_food | op_permit_food,Closed,,2024-11-04,1214 E Main ST Allen TX 75002,False,,2,1,FE004278-01-2023,FE005103-01-2024,Expired,,https://cityofallentx-energovweb.tylerhost.net/apps/selfservice#/businessLicense/c64d31a1-44e3-4d13-ae1b-00bdb25620d7,4,4,2023-06-22,2024-07-18,2,0,2,87,2024-07-18,4,4,2023-06-22,2024-07-18,2,0,2,87,2024-07-18,0
6e66788e-8c27-4130-812b-bc8d359d347f,6e66788e-8c27-4130-812b-bc8d359d347f,1,Fiery Hot Chicken Inc,,,Special Event - Food Establishment,Special Event - Food Establishment,special event,True,False,license_special_event_food,Closed,2023-03-18,2023-03-18,Plano TX 75023,True,,1,0,FESP004420-03-2023,FESP004420-03-2023,Expired,2023-03-18,https://cityofallentx-energovweb.tylerhost.net/apps/selfservice#/businessLicense/abbbc84d-20bd-4602-8aba-8bced43b20e3,0,0,,,0,0,0,,,0,0,,,0,0,0,,,0
c7f755f2-50f8-488c-ba51-2f2d5953de38,c7f755f2-50f8-488c-ba51-2f2d5953de38,1,Fig & Branch,,,Temporary Food Establishments,Temporary Food Establishments,food,True,False,op_permit_food,Closed,,2025-09-22,McKinney TX 75070,True,,1,1,FESP006392-09-2025,FESP006392-09-2025,Expired,2025-09-20,https://cityofallentx-energovweb.tylerhost.net/apps/selfservice#/operationalPermit/9C7A7C95-7E3B-4A69-B23E-147F6CB16347,0,0,,,0,0,0,,,0,0,,,0,0,0,,,0
2a5ffe88-22ba-48f8-8a6c-70f47f0386f0,2a5ffe88-22ba-48f8-8a6c-70f47f0386f0,1,Firehouse Subs Allen,,,Light - Food Establishment,Light - Food Establishment | Light Food Preparation,food,False,False,license_food | op_permit_food,Closed,2019-05-22,2019-08-15,503 W MCDERMOTT DR  Unit: 150 ALLEN TX 75013,False,110854,2,1,FE001542-05-2019,FE002611-12-2020,Expired,2021-11-23,https://cityofallentx-energovweb.tylerhost.net/apps/selfservice#/businessLicense/755e5117-9a4e-44b7-87dd-8a7c45d46691,0,0,,,0,0,0,,,0,0,,,0,0,0,,,0
47c30cd7-aa6e-4867-8969-879fe50ca596,47c30cd7-aa6e-4867-8969-879fe50ca596,1,Firehouse Subs Allen,,,Light Food Preparation,Heavy - Food Establishment | Light Food Preparation,food,False,False,license_food | op_permit_food,Open,2017-08-17,,503 W MCDERMOTT DR  ALLEN TX 75013,False,110854,7,6,FE000075-05-2017,FE006515-11-2025,Annual Renewal Completed,2026-11-25,https://cityofallentx-energovweb.tylerhost.net/apps/selfservice#/operationalPermit/F589FC93-19E9-4EF5-8D34-D5A037CD779A,24,23,2018-03-19,2026-09-27,2,0,7,95,2026-01-21,24,23,2018-03-19,2026-09-27,2,0,7,95,2026-01-21,0
b3bd0ad3-d1b8-4238-a566-7622cb3f6c22,b3bd0ad3-d1b8-4238-a566-7622cb3f6c22,1,Fireova Pizza LLC,,,Special Event - Food Establishment,Special Event - Food Establishment,special event,True,False,license_special_event_food,Open,,,Aubrey TX 76227,True,,1,0,FESP004128-10-2022,FESP004128-10-2022,Expired,2022-10-27,https://cityofallentx-energovweb.tylerhost.net/apps/selfservice#/businessLicense/0a041e5f-602c-402b-a28f-889ff47cdec2,0,0,,,0,0,0,,,0,0,,,0,0,0,,,0
082a1ae0-c9a0-4420-8ccb-cf2b2e38317c,082a1ae0-c9a0-4420-8ccb-cf2b2e38317c,1,Firewater Kitchen,,,Heavy - Food Establishment,Heavy - Food Establishment | Heavy Food Preparation,food,False,False,license_food | op_permit_food,Closed,2017-10-04,2021-06-10,965  GARDEN PARK DR T Unit: A ALLEN TX 75013,False,129666,3,2,FE000669-04-2018,FE002410-07-2020,Expired,2021-04-04,https://cityofallentx-energovweb.tylerhost.net/apps/selfservice#/businessLicense/99633fbd-d216-4bdd-ab85-d67793c6cc83,8,8,2017-10-04,2020-11-09,0,0,0,,,8,8,2017-10-04,2020-11-09,0,0,0,,,0
e5de7d68-3f6c-4ddb-a819-e569a7e31f51,e5de7d68-3f6c-4ddb-a819-e569a7e31f51,1,First Baptist Church Food Pantry,,,No Food Preparation,No Food Preparation,food,False,False,op_permit_food,Open,,,203 S Cedar Allen TX 75002,False,,1,1,FE006509-11-2025,FE006509-11-2025,Active,2026-11-20,https://cityofallentx-energovweb.tylerhost.net/apps/selfservice#/operationalPermit/5BF4D85C-BA74-446F-93CF-7B753EACD925,2,1,2025-11-20,2025-11-20,0,0,0,,,2,1,2025-11-20,2025-11-20,0,0,0,,,0
9072ef37-c067-4c9d-83fd-c7a98266469d,9072ef37-c067-4c9d-83fd-c7a98266469d,1,First Watch Restaurant,,,Heavy Food Preparation,Heavy Food Preparation,food,False,False,op_permit_food,Open,,,190 E Stacy Rd Unit: 500 Allen TX 75002,False,,3,3,FE004960-11-2023,FE006480-10-2025,Active,2026-11-21,https://cityofallentx-energovweb.tylerhost.net/apps/selfservice#/operationalPermit/25EDFF31-044E-4D7A-A47E-5E11CE4D0185,4,3,2024-05-01,2025-09-09,0,0,3,90,2025-09-09,4,3,2024-05-01,2025-09-09,0,0,3,90,2025-09-09,0
ee7d3962-8d31-405a-b3c1-490b4e4be57e,ee7d3962-8d31-405a-b3c1-490b4e4be57e,1,Fish City Grill,,,Heavy Food Preparation,Heavy Food Preparation,food,False,False,op_permit_food,Open,,,1015 WATTERS CREEK BLVD U Unit: 150 ALLEN TX 75013,False,134214,8,8,FE001453-04-2019,FE006829-03-2026,Annual Renewal Completed,2027-04-15,https://cityofallentx-energovweb.tylerhost.net/apps/selfservice#/operationalPermit/C8B033B5-EE16-4B7A-BA31-02448C7F9FD6,16,15,2019-07-30,2026-03-26,1,0,1,86,2023-08-08,16,15,2019-07-30,2026-03-26,1,0,1,86,2023-08-08,0
b09150e6-879a-483e-8214-03ae8ccd1ba7,b09150e6-879a-483e-8214-03ae8ccd1ba7,1,Fit Factory Grill & Smoothies,,,Heavy - Food Establishment,Heavy - Food Establishment,food,False,False,license_food,Closed,2017-11-28,2018-05-25,503 W MCDERMOTT DR Unit: 130 ALLEN TX 75013,False,110854,1,0,FE000353-10-2017,FE000353-10-2017,Expired,2018-10-09,https://cityofallentx-energovweb.tylerhost.net/apps/selfservice#/businessLicense/e6a1a5f5-ae45-4a5d-94c0-11eeca157b97,3,2,2017-11-28,2018-01-03,1,0,0,,,3,2,2017-11-28,2018-01-03,1,0,0,,,0
5e895d84-b320-4fed-8f91-2e1ed2aa5d8b,5e895d84-b320-4fed-8f91-2e1ed2aa5d8b,1,Five Star Culinary Connection,,,Special Event - Food Establishment,Special Event - Food Establishment,special event,True,False,license_special_event_food,Closed,,2024-07-02,Allen TX 75002,True,,1,0,FESP005110-01-2024,FESP005110-01-2024,Expired,2024-02-25,https://cityofallentx-energovweb.tylerhost.net/apps/selfservice#/businessLicense/7287461d-2924-4d38-9445-12bfea5a6818,0,0,,,0,0,0,,,0,0,,,0,0,0,,,0
a8d808ea-3132-4cad-980b-e62f9a37a6a1,a8d808ea-3132-4cad-980b-e62f9a37a6a1,1,Five Star Culinary Connection,,,Special Event - Food Establishment,Special Event - Food Establishment,special event,True,False,license_special_event_food,Closed,2023-09-15,2025-02-26,Las Vegas NV 89131,True,,2,0,FESP004843-09-2023,FESP005615-09-2024,Expired,2024-09-22,https://cityofallentx-energovweb.tylerhost.net/apps/selfservice#/businessLicense/83e9f3e3-c1cb-46a6-b7a8-0a09b0bb2caf,0,0,,,0,0,0,,,0,0,,,0,0,0,,,0
8444834c-6f1a-4ce7-b4c4-67fc441c1d06,8444834c-6f1a-4ce7-b4c4-67fc441c1d06,1,Flaming Grill Barbecue 1775,,,Catering Truck - Food Establishment,Catering Truck - Food Establishment,food,True,False,license_food,Closed,,2023-04-25,Garland TX,True,,1,0,FE003679-03-2022,FE003679-03-2022,Expired,2023-03-16,https://cityofallentx-energovweb.tylerhost.net/apps/selfservice#/businessLicense/30e8a785-64f4-4062-bf59-d120dbac1a01,1,1,2022-03-16,2022-03-16,0,0,0,,,1,1,2022-03-16,2022-03-16,0,0,0,,,0
fa04524c-953e-4d36-b6cb-678a7fd6435a,fa04524c-953e-4d36-b6cb-678a7fd6435a,1,Flatrock Smokehouse BBQ,,,Temporary Food Establishment - Food Establishment,Temporary Food Establishment - Food Establishment,food,True,False,license_food,Closed,2023-05-13,2023-05-13,The Colony TX 75056,True,,1,0,FE004534-04-2023,FE004534-04-2023,Expired,2023-05-13,https://cityofallentx-energovweb.tylerhost.net/apps/selfservice#/businessLicense/66a5440f-1c60-4e6d-9739-8247d034375b,0,0,,,0,0,0,,,0,0,,,0,0,0,,,0
2871182d-2918-4ce0-96d3-dc40f9ecf342,2871182d-2918-4ce0-96d3-dc40f9ecf342,1,Fletchers  Original Corny Dogs,,,Special Event - Food Establishment,Special Event - Food Establishment,special event,True,False,license_special_event_food,Open,,,970 GARDEN PARK DR F ALLEN TX 75013,False,129666,1,0,FESP002598-11-2020,FESP002598-11-2020,Expired,2020-11-28,https://cityofallentx-energovweb.tylerhost.net/apps/selfservice#/businessLicense/1da1540f-a30b-4c11-9a3c-c0a8864f9828,0,0,,,0,0,0,,,0,0,,,0,0,0,,,0
232cf8de-95c1-4d52-b744-3ba1ef1fce31,232cf8de-95c1-4d52-b744-3ba1ef1fce31,1,FlorVino LLC,,,Temporary Food Establishment - Food Establishment,Temporary Food Establishment - Food Establishment,food,True,False,license_food,Closed,2023-05-13,2023-05-13,Comfort TX 21031,True,,1,0,FE004543-04-2023,FE004543-04-2023,Expired,2023-05-13,https://cityofallentx-energovweb.tylerhost.net/apps/selfservice#/businessLicense/e18401e2-9718-4c78-8c7d-9c3022b0204f,0,0,,,0,0,0,,,0,0,,,0,0,0,,,0
a2b6e28d-918b-4069-a3dc-14666a0dbed2,a2b6e28d-918b-4069-a3dc-14666a0dbed2,1,Food First DBA Brio Tuscan Grille,,,Heavy - Food Establishment,Heavy - Food Establishment | Heavy Food Preparation,food,False,False,license_food | op_permit_food,Closed,2017-12-12,2020-07-09,810 S CENTRAL EXPY K ALLEN TX 75013,False,129666,3,2,FE000202-07-2017,FE001669-07-2019,Expired,2020-07-21,https://cityofallentx-energovweb.tylerhost.net/apps/selfservice#/businessLicense/3504edf0-24f2-4961-80f8-ca4dab543648,5,4,2017-12-12,2019-11-19,0,0,0,,,5,4,2017-12-12,2019-11-19,0,0,0,,,0
aa58a781-84d8-4462-bb17-f02bcddb9b7a,aa58a781-84d8-4462-bb17-f02bcddb9b7a,1,Food for Thought Market & Cafe,,,Light - Food Establishment,Light - Food Establishment | Light Food Preparation,food,False,False,license_food | op_permit_food,Closed,2017-04-18,2022-04-01,300 N ALLEN DR ALLEN TX 75013,False,122494,7,6,FE000276-08-2017,FE004882-10-2023,Expired,2024-09-04,https://cityofallentx-energovweb.tylerhost.net/apps/selfservice#/businessLicense/8d46ae1a-e636-4ddb-9292-5dc810823c69,9,9,2018-04-24,2024-03-26,0,0,2,99,2024-03-26,9,9,2018-04-24,2024-03-26,0,0,2,99,2024-03-26,0
b796f3a9-e76f-49c0-8a19-39679a5c14b1,b796f3a9-e76f-49c0-8a19-39679a5c14b1,1,Ford MS Football Concession Stand,,,Concession Stand,Concession Stand,food,False,False,op_permit_food,Open,2019-10-09,,630 PARK PLACE DR ALLEN TX 75002,False,107213,10,10,FE000410-11-2017,FE-007031-07-2026,Annual Renewal Completed,2027-08-02,https://cityofallentx-energovweb.tylerhost.net/apps/selfservice#/operationalPermit/3bd4a70e-7992-4237-81c4-1a920dd29c38,5,5,2019-10-09,2025-08-05,0,0,2,100,2025-08-05,5,5,2019-10-09,2025-08-05,0,0,2,100,2025-08-05,0
0b68d492-69c5-4f9a-92cb-4c1940c3bcc1,0b68d492-69c5-4f9a-92cb-4c1940c3bcc1,1,Ford Middle School - Allen ISD,,,Heavy Food Preparation,Heavy Food Preparation,food,False,False,op_permit_food,Open,2017-09-22,,630 PARK PLACE DR ALLEN TX 75002,False,107213,9,9,FE000317-09-2017,FE-006999-07-2026,Active,,https://cityofallentx-energovweb.tylerhost.net/apps/selfservice#/operationalPermit/69fd5eaf-f74e-4701-9250-413bfbe6e022,18,18,2018-03-09,2026-09-30,2,0,5,97,2025-11-03,18,18,2018-03-09,2026-09-30,2,0,5,97,2025-11-03,0
ae92ab00-1e5a-4bec-8fa6-9c21326475bf,ae92ab00-1e5a-4bec-8fa6-9c21326475bf,1,Forever Pho,,,Heavy Food Preparation,Heavy Food Preparation,food,False,False,op_permit_food,Open,2017-07-19,,939 W STACY RD Unit: 110 ALLEN TX 75013,False,128061,9,9,FE000664-03-2018,FE006826-03-2026,Annual Renewal Completed,2027-04-04,https://cityofallentx-energovweb.tylerhost.net/apps/selfservice#/operationalPermit/F745B213-C71C-4BE5-92DA-B63E7854B4A6,21,21,2018-07-26,2026-09-27,6,0,0,,,21,21,2018-07-26,2026-09-27,6,0,0,,,0
45847722-c74e-4b44-89aa-24fa7403c3a4,45847722-c74e-4b44-89aa-24fa7403c3a4,2,Fred's Downtown Philly,,,Heavy - Food Establishment,Heavy - Food Establishment | Heavy Food Preparation,food,False,False,license_food | op_permit_food,Closed,2019-03-13,2019-03-13,717 S GREENVILLE AVE Unit: 100 ALLEN TX 75002,False,105147,2,1,FE000096-05-2017,FE000833-06-2018,Expired,2019-05-19,https://cityofallentx-energovweb.tylerhost.net/apps/selfservice#/businessLicense/9de5a686-491d-4d58-9b69-2f6f14785004,0,0,,,0,0,0,,,23,22,2017-11-07,2025-09-22,7,0,0,,,0
9234caa9-7e04-4659-8606-938133e49c27,45847722-c74e-4b44-89aa-24fa7403c3a4,2,Fred's Downtown Philly,,,Heavy - Food Establishment,Heavy - Food Establishment | Heavy Food Preparation,food,False,False,license_food | op_permit_food,Closed,2017-05-19,2026-03-19,717 S GREENVILLE AVE Unit: 100 ALLEN TX 75002,False,105147,7,6,FE001547-05-2019,FE006193-06-2025,Closed,,https://cityofallentx-energovweb.tylerhost.net/apps/selfservice#/businessLicense/310cd6b2-4083-4ec6-a320-fae079d5f91c,23,22,2017-11-07,2025-09-22,7,0,0,,,23,22,2017-11-07,2025-09-22,7,0,0,,,0
a1610156-cf61-4a5c-86d3-bc9c19d18071,a1610156-cf61-4a5c-86d3-bc9c19d18071,1,"Fred's Downtown Philly, LLC",,,Heavy Food Preparation,Heavy Food Preparation,food,False,False,op_permit_food,Open,,,717 S Greenville Ave Unit: #100 Allen TX 75002,False,,1,1,FE006808-03-2026,FE006808-03-2026,Active,2027-04-02,https://cityofallentx-energovweb.tylerhost.net/apps/selfservice#/operationalPermit/724BED3D-2E5B-445A-940E-A7F87F0B50FF,0,0,,,0,0,0,,,0,0,,,0,0,0,,,0
26488496-02c8-43e5-af97-dc4f5c5b9532,26488496-02c8-43e5-af97-dc4f5c5b9532,1,Freebirds World Burrito,,,Heavy Food Preparation,Heavy Food Preparation,food,False,False,op_permit_food,Closed,,2025-01-27,190 E STACY RD B1400 Unit: 1400 ALLEN TX 75002,False,,8,8,FE000070-05-2017,FE005328-05-2024,Expired,2025-05-14,https://cityofallentx-energovweb.tylerhost.net/apps/selfservice#/operationalPermit/72FFB4A9-FECC-4671-B694-52D92B82905D,17,16,2018-03-08,2024-08-05,2,0,0,,,17,16,2018-03-08,2024-08-05,2,0,0,,,0
23c6164d-85ac-4e0e-ba2f-49215bfb7148,23c6164d-85ac-4e0e-ba2f-49215bfb7148,1,Freebirds World Burrito #20629,,,Heavy Food Preparation,Heavy Food Preparation,food,False,False,op_permit_food,Open,,,190 E Stacy Rd Unit: Ste 1400 Allen TX 75002,False,,2,2,FE005920-02-2025,FE006731-02-2026,Active,2027-02-11,https://cityofallentx-energovweb.tylerhost.net/apps/selfservice#/operationalPermit/534AE5D6-491E-4974-B891-F6DADB38BF54,2,1,2025-07-24,2025-07-24,0,0,0,,,2,1,2025-07-24,2025-07-24,0,0,0,,,0
9544d8ee-a2da-4f52-b25b-9e95df29d4d2,9544d8ee-a2da-4f52-b25b-9e95df29d4d2,1,Fresh Donut,,,Heavy Food Preparation,Heavy Food Preparation,food,False,False,op_permit_food,Open,,,1255 W Exchange Parkway Unit: # 110 Allen TX 75013,False,,4,4,FE004230-01-2023,FE006596-01-2026,Annual Renewal Completed,2027-01-24,https://cityofallentx-energovweb.tylerhost.net/apps/selfservice#/operationalPermit/1D8E9D74-7837-4B28-A587-50700AC686ED,9,9,2023-08-09,2026-09-27,2,0,5,85,2026-02-13,9,9,2023-08-09,2026-09-27,2,0,5,85,2026-02-13,0
0488994a-b24b-4885-a5ba-7bce7592b485,0488994a-b24b-4885-a5ba-7bce7592b485,1,Fresh Donuts,,,Heavy - Food Establishment,Heavy - Food Establishment | Heavy Food Preparation,food,False,False,license_food | op_permit_food,Closed,2020-01-21,2021-01-21,1255 W EXCHANGE PKWY Unit: 110 ALLEN TX 75013,False,118677,3,2,FE002050-01-2020,FE003411-12-2021,Expired,2023-01-23,https://cityofallentx-energovweb.tylerhost.net/apps/selfservice#/businessLicense/3f518d04-8e74-44ff-af00-e49819f4a2d3,5,5,2020-03-04,2022-06-02,0,0,0,,,5,5,2020-03-04,2022-06-02,0,0,0,,,0
368b41ce-57d9-4d8e-af3f-dddb248f3b05,368b41ce-57d9-4d8e-af3f-dddb248f3b05,1,Fresh Mex,,,Mobile Food Prep Unit - Food Establishment,Mobile Food Prep Unit - Food Establishment,food,True,False,license_food,Closed,,2022-08-15,McKinney TX 75069,True,,1,0,FE003131-07-2021,FE003131-07-2021,Expired,2022-07-13,https://cityofallentx-energovweb.tylerhost.net/apps/selfservice#/businessLicense/24cfa4e5-1786-49da-b7b4-871bb8c12754,2,1,2021-07-13,2021-07-13,0,0,0,,,2,1,2021-07-13,2021-07-13,0,0,0,,,0
fc9ba262-db41-4d50-a184-485207762464,fc9ba262-db41-4d50-a184-485207762464,1,Freshii,,,Light - Food Establishment,Light - Food Establishment | Light Food Preparation,food,False,False,license_food | op_permit_food,Closed,2017-08-08,2021-07-06,190 E STACY RD B1400 Unit: 1420 ALLEN TX 75002,False,127348,4,3,FE000240-08-2017,FE002456-08-2020,Expired,2021-08-06,https://cityofallentx-energovweb.tylerhost.net/apps/selfservice#/businessLicense/c0a84f4a-ca2e-4440-8716-fcaf669762ef,5,4,2019-08-09,2021-03-17,0,0,0,,,5,4,2019-08-09,2021-03-17,0,0,0,,,0
34b8128b-d829-40e4-b53c-ff5ddb5e77ca,34b8128b-d829-40e4-b53c-ff5ddb5e77ca,1,Frios Dallas # NPB5018,,,Ice Cream Truck,Ice Cream Truck,food,True,False,op_permit_food,Closed,2022-10-19,2026-09-22,Dallas TX 75204,True,,4,4,FE004124-10-2022,FE006441-10-2025,Annual Renewal Completed,2026-10-06,https://cityofallentx-energovweb.tylerhost.net/apps/selfservice#/operationalPermit/3133F4F4-466D-4A84-95C3-8411CE7A6782,3,2,2024-12-02,2025-10-06,0,0,0,,,3,2,2024-12-02,2025-10-06,0,0,0,,,0
5993d4e7-c3e0-4d1e-95bf-b840937afe0a,5993d4e7-c3e0-4d1e-95bf-b840937afe0a,1,Frios Gourmet Pops,,,No Prep - Food Establishment,Light - Food Establishment | No Food Preparation | No Prep - Food Establishment | Temporary Food Establishment - Food Establishment,food,False,False,license_food | op_permit_food,Closed,2018-06-28,2021-02-09,941 GARDEN PARK DR P ALLEN TX 75013,False,129666,4,1,FE000623-03-2018,FE002134-02-2020,Expired,2021-02-23,https://cityofallentx-energovweb.tylerhost.net/apps/selfservice#/businessLicense/dffa8488-4eec-405a-8b85-5f20ff8fb4f6,5,4,2018-06-28,2020-06-24,0,0,0,,,5,4,2018-06-28,2020-06-24,0,0,0,,,0
0d553257-1753-4ad0-92de-5da0244b82a8,0d553257-1753-4ad0-92de-5da0244b82a8,1,Frios Pops Area C Kiosk,,,Special Event - Food Establishment,Special Event - Food Establishment,special event,True,False,license_special_event_food,Closed,,2024-02-14,820 W STACY RD ALLEN TX 75013,False,120610,1,0,FESP000419-11-2017,FESP000419-11-2017,Expired,2017-12-03,https://cityofallentx-energovweb.tylerhost.net/apps/selfservice#/businessLicense/d61e2e98-7756-4f80-bdf9-955798875385,0,0,,,0,0,0,,,0,0,,,0,0,0,,,0
9ae9b485-79f8-4c8e-b8bc-839194aee2a6,9ae9b485-79f8-4c8e-b8bc-839194aee2a6,1,Frogg Coffee Bar & Creperie,,,Heavy - Food Establishment,Heavy - Food Establishment | Heavy Food Preparation,food,False,False,license_food | op_permit_food,Closed,2017-09-19,2025-07-09,832 WATTERS CREEK BLVD C ALLEN TX 75013,False,129666,7,6,FE000670-04-2018,FE005228-03-2024,Expired,2025-04-07,https://cityofallentx-energovweb.tylerhost.net/apps/selfservice#/businessLicense/dd1b34ea-f267-45bf-a183-d797dce52787,20,20,2018-04-13,2025-01-06,2,0,0,,,20,20,2018-04-13,2025-01-06,2,0,0,,,0
a0198adc-072d-4e11-b593-5612b507c803,a0198adc-072d-4e11-b593-5612b507c803,1,Frogg Coffee Bar & Creperie,,,Heavy Food Preparation,Heavy Food Preparation,food,False,False,op_permit_food,Open,,,832 Watters Creek Blvd Allen TX 75013,False,,1,1,FE-006898-06-2026,FE-006898-06-2026,Annual Renewal Completed,2027-06-30,https://cityofallentx-energovweb.tylerhost.net/apps/selfservice#/operationalPermit/d75326c7-498a-48ef-9cf5-88f28e5d6626,1,1,2025-09-22,2025-09-22,0,0,0,,,1,1,2025-09-22,2025-09-22,0,0,0,,,0
970cb8b1-a206-452e-8f9f-146f314e4a5f,970cb8b1-a206-452e-8f9f-146f314e4a5f,1,Froggiez Kichen,,,Special Event - Food Establishment,Special Event - Food Establishment,special event,True,False,license_special_event_food,Closed,,2021-09-13,450 TATUM DR ALLEN TX 75013,False,122221,1,0,FESP003260-08-2021,FESP003260-08-2021,Expired,2021-09-04,https://cityofallentx-energovweb.tylerhost.net/apps/selfservice#/businessLicense/a1aa79f8-42ea-4bc4-8160-8124f05392aa,1,1,2021-09-03,2021-09-03,0,0,0,,,1,1,2021-09-03,2021-09-03,0,0,0,,,0
6e8bc90d-244c-4a8a-b6d9-fcb6d48909c7,6e8bc90d-244c-4a8a-b6d9-fcb6d48909c7,1,Fry Pies,,,Special Event - Food Establishment,Special Event - Food Establishment,special event,True,False,license_special_event_food,Open,2024-06-19,,Allen TX 75013,True,,1,0,FESP005362-06-2024,FESP005362-06-2024,Expired,2024-06-19,https://cityofallentx-energovweb.tylerhost.net/apps/selfservice#/businessLicense/8f81b9c7-7b2c-40ae-b158-e377435f83d5,0,0,,,0,0,0,,,0,0,,,0,0,0,,,0
209fe758-8633-4416-9c1b-bb7c9f42c20b,209fe758-8633-4416-9c1b-bb7c9f42c20b,1,FusionX 4530,FusionX 4530,,Mobile Food Establishment,Mobile Food Establishment,food,True,False,op_permit_food,Closed,2023-09-01,2026-09-22,Allen TX 75013,True,,2,2,FE004801-09-2023,FE005535-08-2024,Expired,2025-09-01,https://cityofallentx-energovweb.tylerhost.net/apps/selfservice#/operationalPermit/D408F44B-8082-403B-9AA8-D26447B9ED85,6,5,2023-08-22,2024-11-22,0,1,0,,,6,5,2023-08-22,2024-11-22,0,1,0,,,0
3ad68d9d-63cc-4e9c-b35b-48b374d285ff,3ad68d9d-63cc-4e9c-b35b-48b374d285ff,1,Fuzzy's Taco Shop,,,Heavy - Food Establishment,Heavy - Food Establishment | Heavy Food Preparation,food,False,False,license_food | op_permit_food,Closed,2017-11-14,2024-06-17,790 W EXCHANGE PKWY  Unit: 140 ALLEN TX 75013,False,129741,7,6,FE000205-07-2017,FE004617-06-2023,Expired,2024-07-25,https://cityofallentx-energovweb.tylerhost.net/apps/selfservice#/businessLicense/b8601933-8847-4fbe-887d-de2d32307669,16,15,2017-11-14,2024-01-22,1,0,0,,,16,15,2017-11-14,2024-01-22,1,0,0,,,0
4f7188ac-c947-4f6a-8319-e8e383ac8f91,4f7188ac-c947-4f6a-8319-e8e383ac8f91,1,GOAT AND VINE - ALLEN,,,Heavy Food Preparation,Heavy Food Preparation,food,False,False,op_permit_food,Closed,,2025-03-25,190 E Stacy Rd Unit: # 1108 Allen TX 75002,False,,1,1,FE005687-11-2024,FE005687-11-2024,Expired,2025-11-15,https://cityofallentx-energovweb.tylerhost.net/apps/selfservice#/operationalPermit/3C3C91CF-3626-4CA8-AE20-0461D754276D,3,3,2024-12-04,2024-12-16,3,0,1,85,2024-12-04,3,3,2024-12-04,2024-12-16,3,0,1,85,2024-12-04,0
71ab3813-a99e-4632-81b4-e238b47d530a,71ab3813-a99e-4632-81b4-e238b47d530a,1,GREEN ELEMENTARY CAFETERIA,,,Heavy Food Preparation,Heavy Food Preparation,food,False,False,op_permit_food,Open,2017-10-03,,1315 COMANCHE DR  ALLEN TX 75013,False,110576,9,9,FE000330-10-2017,FE-006998-07-2026,Active,,https://cityofallentx-energovweb.tylerhost.net/apps/selfservice#/operationalPermit/fd8cfb11-ffc9-4262-ad9b-9994c7b1fd95,19,19,2017-10-03,2026-10-19,0,0,6,97,2026-04-17,19,19,2017-10-03,2026-10-19,0,0,6,97,2026-04-17,0
0f025953-0d84-4b85-9310-c51a8f308574,0f025953-0d84-4b85-9310-c51a8f308574,1,GYRO TWIST,GYRO TWIST,,Heavy Food Preparation,Heavy Food Preparation,food,False,False,op_permit_food,Open,,,1223 W MCDERMOTT DR Unit: 85 ALLEN TX 75013,False,,1,1,FE-007170-09-2026,FE-007170-09-2026,Pending Payment,2999-01-01,https://cityofallentx-energovweb.tylerhost.net/apps/selfservice#/operationalPermit/3ea338dc-9817-4fbb-92dc-c439fd58a1be,0,0,,,0,0,0,,,0,0,,,0,0,0,,,0
5c523eab-0896-4957-8e62-0f044e00ced6,5c523eab-0896-4957-8e62-0f044e00ced6,1,Gao's Kabob & Crab,,,Heavy Food Preparation,Heavy Food Preparation,food,False,False,op_permit_food,Open,,,190 E Stacy Rd Unit: #1300 Allen TX 75002,False,,2,2,FE005143-02-2024,FE006001-02-2025,Annual Renewal Completed,2027-02-12,https://cityofallentx-energovweb.tylerhost.net/apps/selfservice#/operationalPermit/55d7140b-f06d-4eaf-90c4-bf5e2178ac85,9,9,2024-05-09,2026-09-27,4,0,4,70,2025-07-09,9,9,2024-05-09,2026-09-27,4,0,4,70,2025-07-09,0
c81120df-2d1c-4146-8953-f8b650eb5e44,c81120df-2d1c-4146-8953-f8b650eb5e44,1,Garden Bros Circus,,,Temporary Food Establishment - Food Establishment,Temporary Food Establishment - Food Establishment,food,True,False,license_food,Closed,,2023-08-15,200 E STACY RD B1300 Unit: 1350 ALLEN TX 75002,False,127345,1,0,FE002162-02-2020,FE002162-02-2020,Expired,2020-03-01,https://cityofallentx-energovweb.tylerhost.net/apps/selfservice#/businessLicense/4549e3cc-e402-4762-8ba5-b1e6a63a9c35,0,0,,,0,0,0,,,0,0,,,0,0,0,,,0
49d33e83-e2c8-4fdc-a90c-0801ce86c029,49d33e83-e2c8-4fdc-a90c-0801ce86c029,1,German Roasted Nuts@AEC H&G Show,,,Temporary Food Establishments,Special Event - Food Establishment | Temporary Food Establishment - Food Establishment | Temporary Food Establishments,food,True,False,license_food | license_special_event_food | op_permit_food,Closed,2018-02-09,2021-06-21,200 E STACY RD ALLEN TX 75002,False,127345,4,2,FESP000516-01-2018,FE002762-01-2021,Annual Renewal Completed,2022-02-26,https://cityofallentx-energovweb.tylerhost.net/apps/selfservice#/operationalPermit/A15F7F30-4BD9-4549-ABBD-E20322F40C6B,2,2,2018-02-09,2019-02-08,0,0,0,,,2,2,2018-02-09,2019-02-08,0,0,0,,,0
95427fec-9b91-4d1f-b4d8-636c0441afed,95427fec-9b91-4d1f-b4d8-636c0441afed,1,Ghuma Ghumalu,,,Heavy Food Preparation,Heavy Food Preparation,food,False,False,op_permit_food,Closed,,2025-05-01,975 Hwy 121 Unit: # 100 Allen TX 75013,False,,1,1,FE005338-05-2024,FE005338-05-2024,Expired,2025-06-03,https://cityofallentx-energovweb.tylerhost.net/apps/selfservice#/operationalPermit/F486DBF5-5035-463A-A947-B4FF9717EA7E,4,4,2024-06-19,2024-12-27,2,0,2,65,2024-12-18,4,4,2024-06-19,2024-12-27,2,0,2,65,2024-12-18,0
0c4f5de7-9be8-4858-96eb-8959d113fb5a,0c4f5de7-9be8-4858-96eb-8959d113fb5a,1,Goat and Vine,,,Heavy Food Preparation,Heavy Food Preparation,food,False,False,op_permit_food,Closed,,2024-09-24,190 E Stacy RD Unit: 1108 Allen TX 75002,False,,2,2,FE004533-04-2023,FE005293-04-2024,Expired,2025-04-27,https://cityofallentx-energovweb.tylerhost.net/apps/selfservice#/operationalPermit/5CA165AE-A502-4F11-8C35-62A776D81D5E,5,4,2023-07-31,2024-05-10,2,0,1,78,2024-04-30,5,4,2023-07-31,2024-05-10,2,0,1,78,2024-04-30,0
3354b0fe-4116-4867-a0f1-0ee7cfc4caa4,3354b0fe-4116-4867-a0f1-0ee7cfc4caa4,1,Golden Acorn Academy,,,Day Care Facility,Day Care Facility,day care,False,False,op_permit_daycare,Closed,2017-09-06,2025-03-31,600 S JUPITER RD ALLEN TX 75002,False,107358,7,7,DC000132-06-2017,DC004609-06-2023,Annual Renewal Completed,2024-06-12,https://cityofallentx-energovweb.tylerhost.net/apps/selfservice#/operationalPermit/25DDD476-04D1-47EE-8A81-9FA22BFF5A03,18,18,2017-06-12,2026-09-27,1,1,3,99,2024-10-23,18,18,2017-06-12,2026-09-27,1,1,3,99,2024-10-23,0
5467542d-9c92-47a8-b840-33cd80e5042f,5467542d-9c92-47a8-b840-33cd80e5042f,1,Golden Chick,,,Special Event - Food Establishment,Special Event - Food Establishment,special event,True,False,license_special_event_food,Closed,2024-06-27,2024-07-12,777 Watters Creek Blvd Allen TX 75013,False,,1,0,FESP005363-06-2024,FESP005363-06-2024,Expired,2024-06-30,https://cityofallentx-energovweb.tylerhost.net/apps/selfservice#/businessLicense/8086e35c-9892-43ee-a98b-459640d15589,0,0,,,0,0,0,,,0,0,,,0,0,0,,,0
a2b9f4ec-c9a0-42b5-b950-5f47fc38dd8b,a2b9f4ec-c9a0-42b5-b950-5f47fc38dd8b,1,Golden Chick,,,Heavy Food Preparation,Heavy Food Preparation,food,False,False,op_permit_food,Open,,,839 BAUMGARTNER WAY  ALLEN TX 75013,False,131498,7,7,FE001718-08-2019,FE006555-12-2025,Annual Renewal Completed,2027-01-02,https://cityofallentx-energovweb.tylerhost.net/apps/selfservice#/operationalPermit/40707871-DDC6-47CA-8391-E1E2B512667D,18,18,2021-01-14,2025-12-09,5,0,6,87,2025-12-09,18,18,2021-01-14,2025-12-09,5,0,6,87,2025-12-09,0
a909e334-7a17-4fba-9f9b-69f681cf9736,a909e334-7a17-4fba-9f9b-69f681cf9736,1,Golden Soul Catering,,,Temporary Food Establishments,Temporary Food Establishments,food,True,False,op_permit_food,Closed,,2025-08-26,Mesquite TX 75150,True,,1,1,FESP006349-08-2025,FESP006349-08-2025,Expired,2999-01-01,https://cityofallentx-energovweb.tylerhost.net/apps/selfservice#/operationalPermit/B3542070-F12C-43DC-B263-C722D9EB9587,0,0,,,0,0,0,,,0,0,,,0,0,0,,,0
02239554-d030-48e4-aca0-4cc75ed57b2b,02239554-d030-48e4-aca0-4cc75ed57b2b,1,Good Ranchers Food,,,Temporary Food Establishment - Food Establishment,Temporary Food Establishment - Food Establishment,food,True,False,license_food,Closed,,2020-06-10,820 W STACY RD 1 Unit: 163 ALLEN TX 75013,False,120610,1,0,FE001784-09-2019,FE001784-09-2019,Expired,2020-09-26,https://cityofallentx-energovweb.tylerhost.net/apps/selfservice#/businessLicense/c2e0f5b0-205e-487a-abf4-4d440629567b,2,1,2019-09-26,2019-09-26,0,0,0,,,2,1,2019-09-26,2019-09-26,0,0,0,,,0
f5c6b73f-bfb1-40c3-a6b6-1cc25b77a2c3,f5c6b73f-bfb1-40c3-a6b6-1cc25b77a2c3,1,Gopal @ DHCC,,,Temporary Food Establishment - Food Establishment,Temporary Food Establishment - Food Establishment,food,True,False,license_food,Open,,,777 WATTERS CREEK BLVD ALLEN TX 75013,False,126010,1,0,FE001791-10-2019,FE001791-10-2019,Expired,2020-10-05,https://cityofallentx-energovweb.tylerhost.net/apps/selfservice#/businessLicense/b6d5bdf2-ca32-4f86-a46e-eaa95cb1c7e5,0,0,,,0,0,0,,,0,0,,,0,0,0,,,0
557ca111-0c52-4d2a-8b99-39fc4e048ffd,557ca111-0c52-4d2a-8b99-39fc4e048ffd,1,Got Donut?,,,Heavy - Food Establishment,Heavy - Food Establishment | Heavy Food Preparation,food,False,False,license_food | op_permit_food,Closed,,2025-02-03,1228 E EXCHANGE PKWY Unit: 106 ALLEN TX 75002,False,120986,8,7,FE000395-10-2017,FE005681-11-2024,Closed,,https://cityofallentx-energovweb.tylerhost.net/apps/selfservice#/businessLicense/15547d99-10b4-48ce-ac50-88e5b3fa6bbe,15,15,2017-11-17,2024-11-19,1,0,4,95,2024-11-19,15,15,2017-11-17,2024-11-19,1,0,4,95,2024-11-19,0
ed805b70-571a-49fd-87f4-f2f39903fa2f,ed805b70-571a-49fd-87f4-f2f39903fa2f,1,Grab-n-Go South - CUTX Event Center,,,Concession Stand,Concession Stand,food,False,False,op_permit_food,Open,,,200 E. Stacy RD Unit: 1350 Allen TX 75013,False,,1,1,FE-006964-07-2026,FE-006964-07-2026,Annual Renewal Completed,2027-08-09,https://cityofallentx-energovweb.tylerhost.net/apps/selfservice#/operationalPermit/5f7c5e12-37d2-4688-b7a5-29151dae92cc,2,2,2025-09-05,2026-04-03,0,0,0,,,2,2,2025-09-05,2026-04-03,0,0,0,,,0
dcd0d2f6-714e-450e-9d2c-3dee798e9ffa,dcd0d2f6-714e-450e-9d2c-3dee798e9ffa,1,Grand Asian Buffet,,,Heavy - Food Establishment,Heavy - Food Establishment,food,False,False,license_food,Closed,2017-08-30,2018-05-08,210 S CENTRAL EXPY  Unit: 89 ALLEN TX 75013,False,114503,1,0,FE000510-01-2018,FE000510-01-2018,Expired,2019-01-26,https://cityofallentx-energovweb.tylerhost.net/apps/selfservice#/businessLicense/30162307-438f-4221-91fe-ec5e655eb8ec,0,0,,,0,0,0,,,0,0,,,0,0,0,,,0
1d4c2a07-3116-4532-b422-080760609d0c,1d4c2a07-3116-4532-b422-080760609d0c,1,Grand Brook Memory Care,,,Heavy Food Preparation,Heavy Food Preparation,food,False,False,op_permit_food,Open,2018-05-01,,965 JUNCTION DR ALLEN TX 75013,False,127839,9,9,FE000172-06-2017,FE-006888-05-2026,Active,2027-06-22,https://cityofallentx-energovweb.tylerhost.net/apps/selfservice#/operationalPermit/89ea769c-afb8-452a-887d-3c0071591517,18,18,2018-05-02,2025-08-26,1,0,0,,,18,18,2018-05-02,2025-08-26,1,0,0,,,0
15a336e6-7f48-48f3-81bd-2db866a492c6,15a336e6-7f48-48f3-81bd-2db866a492c6,1,Great American Cookie Co.,,,Heavy Food Preparation,Heavy Food Preparation,food,False,False,op_permit_food,Open,2017-12-14,,820 W STACY RD 6 Unit: 614 ALLEN TX 75013,False,120610,9,9,FE000227-08-2017,FE-007012-07-2026,Annual Renewal Completed,2027-08-06,https://cityofallentx-energovweb.tylerhost.net/apps/selfservice#/operationalPermit/20f31df8-5271-4f73-a2e6-6efcfee9c3e7,13,13,2017-12-14,2025-07-22,0,0,2,93,2025-07-22,13,13,2017-12-14,2025-07-22,0,0,2,93,2025-07-22,0
89859d0b-1fcf-41f8-bc3d-4ddc85b58e2e,89859d0b-1fcf-41f8-bc3d-4ddc85b58e2e,1,Greenstone Festivals-Allen USA,,,Temporary Food Establishment - Food Establishment,Temporary Food Establishment - Food Establishment | Temporary Food Establishments,food,True,False,license_food | op_permit_food,Closed,2017-06-24,2023-08-14,701 ANGEL PKWY ALLEN TX 75002,False,121106,3,2,FE000165-06-2017,FE001591-06-2019,Expired,2019-06-29,https://cityofallentx-energovweb.tylerhost.net/apps/selfservice#/businessLicense/0b1c3dee-5e20-44ec-89ab-305db6968d6a,1,1,2019-06-28,2019-06-28,0,0,0,,,1,1,2019-06-28,2019-06-28,0,0,0,,,0
ab8d87e1-3241-42e9-bdd4-233d8b95b790,ab8d87e1-3241-42e9-bdd4-233d8b95b790,1,Greenville Liquor,,,No Prep - Food Establishment,No Prep - Food Establishment,food,False,False,license_food,Closed,2017-08-14,2018-12-11,1019 S GREENVILLE AVE ALLEN TX 75002,False,103870,1,0,FE000442-12-2017,FE000442-12-2017,Expired,2018-12-06,https://cityofallentx-energovweb.tylerhost.net/apps/selfservice#/businessLicense/87f24d3b-c16f-4c91-9451-fe271f81a047,1,1,2018-08-23,2018-08-23,0,0,0,,,1,1,2018-08-23,2018-08-23,0,0,0,,,0
69a97a6a-99d1-4628-83a6-e5b9cc522d7a,69a97a6a-99d1-4628-83a6-e5b9cc522d7a,1,Grif's Sammie Shop,,,Light - Food Establishment,Light - Food Establishment | Light Food Preparation,food,False,False,license_food | op_permit_food,Closed,2018-03-06,2020-01-10,190 E STACY RD B1400 Unit: 1408 ALLEN TX 75002,False,127348,2,1,FE000369-10-2017,FE001151-11-2018,Expired,2019-10-21,https://cityofallentx-energovweb.tylerhost.net/apps/selfservice#/businessLicense/8eaa92af-dee3-4c3c-9cb2-d7628118052b,3,3,2017-10-20,2019-07-23,0,0,0,,,3,3,2017-10-20,2019-07-23,0,0,0,,,0
3a669529-214b-41f5-8fdc-a480969739eb,3a669529-214b-41f5-8fdc-a480969739eb,1,Grimaldi's Pizzeria,,,Heavy Food Preparation,Heavy Food Preparation,food,False,False,op_permit_food,Open,2017-10-31,,836  WATTERS CREEK BLVD C Unit: 200 ALLEN TX 75013,False,129666,10,10,FE000017-04-2017,FE006856-04-2026,Annual Renewal Completed,2027-04-14,https://cityofallentx-energovweb.tylerhost.net/apps/selfservice#/operationalPermit/98630AC8-9FC1-42C7-A7AA-E29B68D6F994,29,28,2017-10-31,2025-12-02,11,0,5,90,2025-12-02,29,28,2017-10-31,2025-12-02,11,0,5,90,2025-12-02,0
c853c688-ce93-46ef-be64-52c347e6161e,c853c688-ce93-46ef-be64-52c347e6161e,1,Guatemalan Lily's Cafe,,,Heavy - Food Establishment,Heavy - Food Establishment | Heavy Food Preparation,food,False,False,license_food | op_permit_food,Closed,2019-04-23,2021-08-19,107 N BUTLER DR ALLEN TX 75013,False,100151,3,2,FE001351-02-2019,FE002921-04-2021,Expired,2022-04-25,https://cityofallentx-energovweb.tylerhost.net/apps/selfservice#/businessLicense/aa10ee77-95d8-449b-b2fe-b51ca459d713,4,4,2019-08-16,2021-03-05,0,0,0,,,4,4,2019-08-16,2021-03-05,0,0,0,,,0
a110a387-9bc8-438f-82fb-8f5a1b97e3f8,a110a387-9bc8-438f-82fb-8f5a1b97e3f8,1,Guitars & Growlers,,,Temporary Food Establishment - Food Establishment,Temporary Food Establishment - Food Establishment,food,True,False,license_food,Open,2023-05-13,2023-05-13,McKinney TX 75071,True,,1,0,FE004556-05-2023,FE004556-05-2023,Expired,2023-05-13,https://cityofallentx-energovweb.tylerhost.net/apps/selfservice#/businessLicense/11d2feb7-a0dd-42d6-91fd-4450eaf3e584,0,0,,,0,0,0,,,0,0,,,0,0,0,,,0
5d517779-fcf3-4380-be9d-63222fe1bcd7,5d517779-fcf3-4380-be9d-63222fe1bcd7,6,H-E-B,,,Temporary Food Establishments,Temporary Food Establishments,food,True,False,op_permit_food,Closed,2025-04-22,2025-08-26,575 E Exchange Pkwy Allen TX 75002,False,,1,1,FESP006091-04-2025,FESP006091-04-2025,Expired,2025-06-01,https://cityofallentx-energovweb.tylerhost.net/apps/selfservice#/operationalPermit/D5167B4D-BA35-4F5D-BEA9-9B1311C0FB94,0,0,,,0,0,0,,,0,0,,,0,0,0,,,0
a4b9bb67-bfd1-4ab9-84a2-5d3d13b2d74b,5d517779-fcf3-4380-be9d-63222fe1bcd7,6,H-E-B,,,Temporary Food Establishments,Temporary Food Establishments,food,True,False,op_permit_food,Closed,2025-04-22,2025-08-26,575 E Exchange Pkwy Allen TX 75002,False,,1,1,FESP006113-05-2025,FESP006113-05-2025,Expired,2025-06-01,https://cityofallentx-energovweb.tylerhost.net/apps/selfservice#/operationalPermit/3ABF44D9-82B3-4AC8-B74A-5C6C19D7AAC8,0,0,,,0,0,0,,,0,0,,,0,0,0,,,0
cf11a9f8-9d20-42b6-9cc4-832ccaa43cb1,5d517779-fcf3-4380-be9d-63222fe1bcd7,6,H-E-B,,,Special Event - Food Establishment,Special Event - Food Establishment,special event,True,False,license_special_event_food,Closed,2025-03-22,2025-08-26,575 E Exchange Pkwy Allen TX 75002,False,,1,0,FESP006029-03-2025,FESP006029-03-2025,Expired,2025-04-20,https://cityofallentx-energovweb.tylerhost.net/apps/selfservice#/businessLicense/f8525e5f-6f1d-420a-93d8-97fbbd9c37fb,0,0,,,0,0,0,,,0,0,,,0,0,0,,,0
e7189519-08e3-4c21-a2ea-7d0bcc2373b9,5d517779-fcf3-4380-be9d-63222fe1bcd7,6,H-E-B,,,Temporary Food Establishments,Temporary Food Establishments,food,True,False,op_permit_food,Closed,,2025-08-26,575 E Exchange Pkwy Allen TX 75002,False,,1,1,FESP006306-08-2025,FESP006306-08-2025,Expired,2025-08-10,https://cityofallentx-energovweb.tylerhost.net/apps/selfservice#/operationalPermit/357EB499-D577-4209-9B5A-45564A492694,0,0,,,0,0,0,,,0,0,,,0,0,0,,,0
2b8a0a70-2356-4797-90a6-9de5423fef23,2b8a0a70-2356-4797-90a6-9de5423fef23,1,H-E-B (Temporary - Crawfish Boil),,,Temporary Food Establishment - Food Establishment,Temporary Food Establishment - Food Establishment,food,True,False,license_food,Closed,2024-02-10,2025-02-17,575 Exchange Pkwy E Allen TX 75002,False,,1,0,FE005122-02-2024,FE005122-02-2024,Expired,2024-03-31,https://cityofallentx-energovweb.tylerhost.net/apps/selfservice#/businessLicense/21251dfc-ee08-41c7-87b4-3d5c0ac7ff1b,0,0,,,0,0,0,,,0,0,,,0,0,0,,,0
364d4ff9-1892-4585-93e9-093773e45c67,364d4ff9-1892-4585-93e9-093773e45c67,1,H-E-B Crawfish Boil,,,Special Event - Food Establishment,Special Event - Food Establishment,special event,True,False,license_special_event_food,Closed,2024-04-06,2026-01-16,575 E Exchange Pkwy Allen TX 75002,False,,1,0,FESP005269-04-2024,FESP005269-04-2024,Closed,,https://cityofallentx-energovweb.tylerhost.net/apps/selfservice#/businessLicense/7e5ba8d9-62dd-4cc3-abc0-a52dbe43890a,0,0,,,0,0,0,,,0,0,,,0,0,0,,,0
73e8632c-1fad-4fab-8102-37f8053bca8f,5d517779-fcf3-4380-be9d-63222fe1bcd7,6,H.E.B,,,Temporary Food Establishments,Temporary Food Establishments,food,True,False,op_permit_food,Open,,,575 E Exchange Parkway Allen TX 75002,False,,1,1,FE-006940-06-2026,FE-006940-06-2026,Closed,,https://cityofallentx-energovweb.tylerhost.net/apps/selfservice#/operationalPermit/ea6fdc06-8968-4803-aded-991d08d6eb44,0,0,,,0,0,0,,,0,0,,,0,0,0,,,0
7d214a1a-f507-49bb-815b-537a59168ed7,5d517779-fcf3-4380-be9d-63222fe1bcd7,6,H.E.B,,,Temporary Food Establishments,Temporary Food Establishments,food,True,False,op_permit_food,Open,,,575 E EXCHANGE PKWY ALLEN TX 75002,False,118682,1,1,FESP006348-08-2025,FESP006348-08-2025,Expired,2025-09-11,https://cityofallentx-energovweb.tylerhost.net/apps/selfservice#/operationalPermit/7EC440A4-7B91-43CC-A4EF-242DC1832CCF,0,0,,,0,0,0,,,0,0,,,0,0,0,,,0
81205f04-d5f0-463b-9b01-f00cc4634ee9,81205f04-d5f0-463b-9b01-f00cc4634ee9,1,HD Liquid Catering,,,Temporary Food Establishment - Food Establishment,Temporary Food Establishment - Food Establishment,food,True,False,license_food,Open,2023-05-13,2023-05-13,Addison TX 75001,True,,1,0,FE004565-05-2023,FE004565-05-2023,Expired,2023-05-13,https://cityofallentx-energovweb.tylerhost.net/apps/selfservice#/businessLicense/d01745d7-8d71-452e-9eed-b709f32153e6,0,0,,,0,0,0,,,0,0,,,0,0,0,,,0
208ca95a-1b4f-415a-9c19-ed6acaec5a7c,208ca95a-1b4f-415a-9c19-ed6acaec5a7c,1,HEB,,,Temporary Food Establishment - Food Establishment,Temporary Food Establishment - Food Establishment,food,True,False,license_food,Closed,2023-05-13,2023-05-13,San Antonio TX 78204,True,,1,0,FE004566-05-2023,FE004566-05-2023,Expired,2024-05-13,https://cityofallentx-energovweb.tylerhost.net/apps/selfservice#/businessLicense/8b2f138c-2605-4bd5-ba4e-28f6de45ac1f,0,0,,,0,0,0,,,0,0,,,0,0,0,,,0
54c928bd-da6a-4d67-8d85-6a5c90f7fc0b,54c928bd-da6a-4d67-8d85-6a5c90f7fc0b,1,HEB  LP,,,Special Event - Food Establishment,Special Event - Food Establishment,special event,True,False,license_special_event_food,Closed,2024-08-02,2024-12-06,575 E Exchange Pkwy Allen TX 75002,False,,1,0,FESP005524-08-2024,FESP005524-08-2024,Expired,2024-09-01,https://cityofallentx-energovweb.tylerhost.net/apps/selfservice#/businessLicense/6e37387c-6794-4e42-8e22-75c9a7c4a520,0,0,,,0,0,0,,,0,0,,,0,0,0,,,0
0e2a32e7-2f18-4ac7-be05-0e28e825c4ae,0e2a32e7-2f18-4ac7-be05-0e28e825c4ae,1,HEB - Hatch chili pepper,,,Temporary Food Establishments,Temporary Food Establishments,food,True,False,op_permit_food,Open,,,575 E EXCHANGE PKWY ALLEN TX 75002,False,118682,1,1,FE-006990-07-2026,FE-006990-07-2026,Closed,,https://cityofallentx-energovweb.tylerhost.net/apps/selfservice#/operationalPermit/333fd8af-b90c-45c8-a95f-d0d1a066644f,0,0,,,0,0,0,,,0,0,,,0,0,0,,,0
4220f7ec-4c9c-4715-89fb-e89fd6d8a299,4220f7ec-4c9c-4715-89fb-e89fd6d8a299,1,HEB Allen # 796 Grocery,,,Grocery Store,Grocery Store,food,False,False,op_permit_food,Open,,,575 E Exchange Pkwy Allen TX 75002,False,,3,3,FE004856-09-2023,FE-007130-08-2026,Annual Renewal Completed,2027-09-28,https://cityofallentx-energovweb.tylerhost.net/apps/selfservice#/operationalPermit/6aa09f26-f930-40bc-8163-48b634edb1b6,4,4,2024-01-08,2026-02-23,0,0,0,,,4,4,2024-01-08,2026-02-23,0,0,0,,,0
0cefa3ab-d157-4122-8e67-057a5abaf389,0cefa3ab-d157-4122-8e67-057a5abaf389,1,HEB Allen# 796 BBQ,,,Grocery Department,Grocery Department,food,False,False,op_permit_food,Open,,,575 E EXCHANGE PKWY ALLEN TX 75002,False,118682,3,3,FE004857-09-2023,FE-007127-08-2026,Annual Renewal Completed,2027-09-28,https://cityofallentx-energovweb.tylerhost.net/apps/selfservice#/operationalPermit/8a9354dd-9be8-46f2-baf1-1e8605f3e455,4,4,2024-01-08,2026-02-23,0,0,0,,,4,4,2024-01-08,2026-02-23,0,0,0,,,0
6a91d82a-8457-461c-9835-4fc39bacf389,6a91d82a-8457-461c-9835-4fc39bacf389,1,HEB Allen# 796 Bakery,,,Grocery Department,Grocery Department,food,False,False,op_permit_food,Open,,,575 E EXCHANGE PKWY ALLEN TX 75002,False,118682,3,3,FE004858-09-2023,FE-007125-08-2026,Annual Renewal Completed,2027-09-28,https://cityofallentx-energovweb.tylerhost.net/apps/selfservice#/operationalPermit/a4c2af59-6af9-42f4-a062-49973dd77fcc,4,4,2024-01-08,2026-02-23,0,0,0,,,4,4,2024-01-08,2026-02-23,0,0,0,,,0
8b1d150e-782a-4884-a078-be46403a816a,8b1d150e-782a-4884-a078-be46403a816a,1,HEB Allen# 796 Deli,,,Grocery Department,Grocery Department,food,False,False,op_permit_food,Open,,,575 E EXCHANGE PKWY ALLEN TX 75002,False,118682,3,3,FE004859-09-2023,FE-007123-08-2026,Annual Renewal Completed,2027-09-28,https://cityofallentx-energovweb.tylerhost.net/apps/selfservice#/operationalPermit/310c55ce-6d19-4e93-9f97-c560a1df0f3d,4,4,2024-01-08,2026-02-23,0,0,0,,,4,4,2024-01-08,2026-02-23,0,0,0,,,0
e9672f7c-acb4-41cd-a6e1-8600e2329456,e9672f7c-acb4-41cd-a6e1-8600e2329456,1,HEB Allen# 796- Produce,,,Grocery Department,Grocery Department,food,False,False,op_permit_food,Open,,,575 E EXCHANGE PKWY ALLEN TX 75002,False,118682,3,3,FE004861-09-2023,FE-007124-08-2026,Annual Renewal Completed,2027-09-28,https://cityofallentx-energovweb.tylerhost.net/apps/selfservice#/operationalPermit/d4611ca3-a6ff-4fc2-a149-39cce41e3ccd,4,4,2024-01-08,2026-02-23,0,0,0,,,4,4,2024-01-08,2026-02-23,0,0,0,,,0
60f2be9a-c8b3-4468-a6c9-23ceee2f8e4e,60f2be9a-c8b3-4468-a6c9-23ceee2f8e4e,1,HEB Allen#796 Cooking Connection,,,Grocery Department,Grocery Department,food,False,False,op_permit_food,Open,,,575 E EXCHANGE PKWY ALLEN TX 75002,False,118682,3,3,FE004863-09-2023,FE-007126-08-2026,Annual Renewal Completed,2027-09-28,https://cityofallentx-energovweb.tylerhost.net/apps/selfservice#/operationalPermit/0a839a95-5f42-476f-ab59-0b7f8d30ede5,4,4,2024-01-08,2026-02-23,0,0,0,,,4,4,2024-01-08,2026-02-23,0,0,0,,,0
41bc664b-47d2-40ef-a375-a34410bd428f,41bc664b-47d2-40ef-a375-a34410bd428f,1,HEB Allen#796 Meat,,,Grocery Department,Grocery Department,food,False,False,op_permit_food,Open,,,575 E EXCHANGE PKWY ALLEN TX 75002,False,118682,3,3,FE004860-09-2023,FE-007129-08-2026,Annual Renewal Completed,2027-09-28,https://cityofallentx-energovweb.tylerhost.net/apps/selfservice#/operationalPermit/be7b1fb9-9db5-4964-9f2a-35a58753e2ff,4,4,2024-01-08,2026-02-23,0,0,0,,,4,4,2024-01-08,2026-02-23,0,0,0,,,0
754c35e8-223b-460f-b581-0408428bde41,754c35e8-223b-460f-b581-0408428bde41,1,HEB Allen#796 Tortilleria,,,Grocery Department,Grocery Department,food,False,False,op_permit_food,Open,,,575 E EXCHANGE PKWY ALLEN TX 75002,False,118682,3,3,FE004862-09-2023,FE-007128-08-2026,Annual Renewal Completed,2027-09-28,https://cityofallentx-energovweb.tylerhost.net/apps/selfservice#/operationalPermit/c2676b63-4e35-4587-afff-af25eb507f7c,4,4,2024-01-08,2026-02-23,0,0,0,,,4,4,2024-01-08,2026-02-23,0,0,0,,,0
0bdf6e1d-f552-467c-a1d6-f0e077c89dcc,0bdf6e1d-f552-467c-a1d6-f0e077c89dcc,3,HEB Crawfish Boil,,,Temporary Food Establishments,Temporary Food Establishments,food,True,False,op_permit_food,Closed,,2025-08-01,575 E Exchange Pkwy Allen TX 75002,False,,1,1,FESP006255-07-2025,FESP006255-07-2025,Expired,2025-07-31,https://cityofallentx-energovweb.tylerhost.net/apps/selfservice#/operationalPermit/FCE082D4-B0EB-493F-9818-14C7DEC61DA4,0,0,,,0,0,0,,,0,0,,,0,0,0,,,0
246e46e8-ebe6-411a-83c5-2a7ecb7e1a05,0bdf6e1d-f552-467c-a1d6-f0e077c89dcc,3,HEB Crawfish Boil,,,Temporary Food Establishments,Temporary Food Establishments,food,True,False,op_permit_food,Closed,,2025-10-23,575 E Exchange Pkwy Allen TX 75002,False,,1,1,FESP006272-07-2025,FESP006272-07-2025,Expired,2025-08-31,https://cityofallentx-energovweb.tylerhost.net/apps/selfservice#/operationalPermit/638EF993-3824-4B24-A554-2E01B840EFB9,0,0,,,0,0,0,,,0,0,,,0,0,0,,,0
8b985a93-459a-4a80-8212-eb3a68cdfee7,0bdf6e1d-f552-467c-a1d6-f0e077c89dcc,3,HEB Crawfish Boil,,,Special Event - Food Establishment,Special Event - Food Establishment,special event,True,False,license_special_event_food,Closed,,2026-03-30,575 E EXCHANGE PKWY ALLEN TX 75002,False,118682,1,0,FESP006755-02-2026,FESP006755-02-2026,Closed,,https://cityofallentx-energovweb.tylerhost.net/apps/selfservice#/businessLicense/d7badc69-85f9-440c-ace1-424a4c0b7f04,0,0,,,0,0,0,,,0,0,,,0,0,0,,,0
2b47d0c8-150c-45d8-a4d4-7b412dede872,2b47d0c8-150c-45d8-a4d4-7b412dede872,2,HEB- Crawfish,,,Special Event - Food Establishment,Special Event - Food Establishment,special event,True,False,license_special_event_food,Closed,,2026-04-21,575 E EXCHANGE PKWY ALLEN TX 75002,False,118682,1,0,FESP006830-03-2026,FESP006830-03-2026,Closed,,https://cityofallentx-energovweb.tylerhost.net/apps/selfservice#/businessLicense/b1848f7a-552b-4f69-a555-23098151a619,0,0,,,0,0,0,,,0,0,,,0,0,0,,,0
d19928ad-2ab2-4af2-a508-412c65e221e4,2b47d0c8-150c-45d8-a4d4-7b412dede872,2,HEB- Crawfish,,,Temporary Food Establishments,Temporary Food Establishments,food,True,False,op_permit_food,Closed,,2026-05-28,575 E EXCHANGE PKWY ALLEN TX 75002,False,118682,1,1,FESP006862-04-2026,FESP006862-04-2026,Closed,,https://cityofallentx-energovweb.tylerhost.net/apps/selfservice#/operationalPermit/984183AD-D138-418C-A380-A6670B3933EE,0,0,,,0,0,0,,,0,0,,,0,0,0,,,0
04337529-8ff3-46fd-aa76-d254d2a914ea,04337529-8ff3-46fd-aa76-d254d2a914ea,1,HEB-Tokyo Gardens Company,,,Heavy Food Preparation,Heavy Food Preparation,food,False,False,op_permit_food,Open,,,575 E Exchange Pkwy Allen TX 75002,False,,3,3,FE004871-10-2023,FE006485-10-2025,Annual Renewal Completed,2026-10-03,https://cityofallentx-energovweb.tylerhost.net/apps/selfservice#/operationalPermit/7BA31C4E-9BEF-477F-9584-0791B5B61CF0,5,5,2024-01-08,2026-02-23,0,0,0,,,5,5,2024-01-08,2026-02-23,0,0,0,,,0
e3e7fa06-d548-4072-a839-eb9b694062cc,e3e7fa06-d548-4072-a839-eb9b694062cc,1,HM United LLC (Yummies),,,Special Event - Food Establishment,Special Event - Food Establishment,special event,True,False,license_special_event_food,Open,,,Allen TX 75013,True,,1,0,FESP004413-03-2023,FESP004413-03-2023,Expired,2023-03-18,https://cityofallentx-energovweb.tylerhost.net/apps/selfservice#/businessLicense/86b026eb-ac17-4bf4-b495-e1fc9ce8d0d7,0,0,,,0,0,0,,,0,0,,,0,0,0,,,0
e57f9a7c-7397-4ea6-b0a8-0a0fad929f1f,e57f9a7c-7397-4ea6-b0a8-0a0fad929f1f,1,HM United LLC (Yummies),,,Special Event - Food Establishment,Special Event - Food Establishment,special event,True,False,license_special_event_food,Closed,2022-03-19,2022-03-19,210 S Central EXPY Unit: #78 Allen TX 75013,False,,1,0,FESP003666-03-2022,FESP003666-03-2022,Expired,2022-03-19,https://cityofallentx-energovweb.tylerhost.net/apps/selfservice#/businessLicense/b7f6740c-5c67-43d8-9d41-71b987dff5b8,1,1,2022-03-18,2022-03-18,0,0,0,,,1,1,2022-03-18,2022-03-18,0,0,0,,,0
c946cdbe-7d28-4a94-a59a-68bf13782bed,c946cdbe-7d28-4a94-a59a-68bf13782bed,1,HONEST ICE CREAM - PZK 1231,,,Ice Cream Truck,Ice Cream Truck,food,True,False,op_permit_food,Closed,2022-06-13,2026-06-15,Irving TX 75060,True,,4,4,FE003832-06-2022,FE006154-06-2025,Closed,,https://cityofallentx-energovweb.tylerhost.net/apps/selfservice#/operationalPermit/977B99CD-AABD-441A-88B0-2F56C0BF119E,4,4,2022-06-13,2025-06-11,0,0,0,,,4,4,2022-06-13,2025-06-11,0,0,0,,,0
5b86b040-8ee2-4859-bc77-0742ec673a5a,5b86b040-8ee2-4859-bc77-0742ec673a5a,1,HOPI Food Pantry,,,No Food Preparation,No Food Preparation,food,False,False,op_permit_food,Open,,,705 N Greenville Ave Unit: # 900 Allen TX 75002,False,,2,2,FE005998-02-2025,FE006753-02-2026,Annual Renewal Completed,2027-02-27,https://cityofallentx-energovweb.tylerhost.net/apps/selfservice#/operationalPermit/22993041-1E22-4178-9CAA-658F99F5D6A9,2,2,2025-03-04,2026-04-23,0,0,0,,,2,2,2025-03-04,2026-04-23,0,0,0,,,0
1810023a-3462-4bb6-b6e0-93662e582260,1810023a-3462-4bb6-b6e0-93662e582260,1,HTEACO Plano,,,Special Event - Food Establishment,Special Event - Food Establishment,special event,True,False,license_special_event_food,Closed,2024-06-27,2025-02-10,Plano TX 75093,True,,1,0,FESP005420-06-2024,FESP005420-06-2024,Expired,2024-06-30,https://cityofallentx-energovweb.tylerhost.net/apps/selfservice#/businessLicense/ee831ad8-7f51-4a65-8bdd-1b556c18649c,0,0,,,0,0,0,,,0,0,,,0,0,0,,,0
0abc1077-3c6b-4080-9da2-30d8e09bfd05,0abc1077-3c6b-4080-9da2-30d8e09bfd05,1,HUQAH CULTURE,,,Heavy Food Preparation,Heavy Food Preparation,food,False,False,op_permit_food,Open,,,717 S GREENVILLE AVE Unit: STE# 110 ALLEN TX 75002,False,,1,1,FE006391-09-2025,FE006391-09-2025,Expired,2026-09-12,https://cityofallentx-energovweb.tylerhost.net/apps/selfservice#/operationalPermit/DA3BB6F8-896C-4AC6-A178-7C7D9E3E909F,0,0,,,0,0,0,,,0,0,,,0,0,0,,,0
4c70502f-e31b-4135-9fcc-5439af44ce4e,4c70502f-e31b-4135-9fcc-5439af44ce4e,1,HYDERABAD HOUSE,,,Heavy - Food Establishment,Heavy - Food Establishment,food,False,False,license_food,Closed,,2026-04-07,790 W Exchange Pkwy Unit: Ste# 140 Allen TX 75013,False,,1,0,FE006031-03-2025,FE006031-03-2025,Closed,,https://cityofallentx-energovweb.tylerhost.net/apps/selfservice#/businessLicense/1de282cb-b515-4846-a0d5-a907dca30a0d,3,2,2025-06-18,2025-06-25,1,0,0,,,3,2,2025-06-18,2025-06-25,1,0,0,,,0
1247d63b-2abd-45ce-b3ea-8bd9352858ef,1247d63b-2abd-45ce-b3ea-8bd9352858ef,1,Halal Cuts,,,Special Event - Food Establishment,Special Event - Food Establishment,special event,True,False,license_special_event_food,Closed,2024-06-02,2026-03-06,Coppell TX 75019,True,,1,0,FESP005347-05-2024,FESP005347-05-2024,Expired,2024-06-02,https://cityofallentx-energovweb.tylerhost.net/apps/selfservice#/businessLicense/bb080453-34ec-42c0-8d01-eb2f24b46402,2,2,2024-06-03,2025-07-26,0,0,0,,,2,2,2024-06-03,2025-07-26,0,0,0,,,0
f84d6be4-5311-4645-938c-e609d48faed0,f84d6be4-5311-4645-938c-e609d48faed0,1,Halal Fusionz,,,Special Event - Food Establishment,Special Event - Food Establishment,special event,True,False,license_special_event_food,Closed,,2026-03-30,1020 N WATTERS RD ALLEN TX 75013,False,127684,1,0,FESP006823-03-2026,FESP006823-03-2026,Closed,,https://cityofallentx-energovweb.tylerhost.net/apps/selfservice#/businessLicense/a72273cb-d3d0-4b70-a3e3-160372781fb2,0,0,,,0,0,0,,,0,0,,,0,0,0,,,0
00e8b273-cc1b-4d38-95ea-ad9f3f66c9bd,00e8b273-cc1b-4d38-95ea-ad9f3f66c9bd,1,Halal Papi,,,Heavy Food Preparation,Heavy Food Preparation,food,False,False,op_permit_food,Open,,,1206 E Main St Unit: Ste# 101 Allen TX 75002,False,,1,1,FE006475-10-2025,FE006475-10-2025,Active,2026-10-17,https://cityofallentx-energovweb.tylerhost.net/apps/selfservice#/operationalPermit/770C23E8-DE09-4700-9B91-B362DD30226F,2,2,2026-02-24,2026-09-30,0,0,0,,,2,2,2026-02-24,2026-09-30,0,0,0,,,0
3389fde2-28b3-494b-b543-e623c2b3f354,3389fde2-28b3-494b-b543-e623c2b3f354,1,Halale Tamale LLC,,,Special Event - Food Establishment,Special Event - Food Establishment,special event,True,False,license_special_event_food,Closed,2019-10-28,2019-10-28,909 ALLEN CENTRAL DR ALLEN TX 75013,False,129235,1,0,FESP001840-10-2019,FESP001840-10-2019,Expired,2019-10-27,https://cityofallentx-energovweb.tylerhost.net/apps/selfservice#/businessLicense/49593530-f22f-4f28-98ed-832f78356082,1,1,2019-10-28,2019-10-28,0,0,0,,,1,1,2019-10-28,2019-10-28,0,0,0,,,0
82c3cab9-b53a-4daa-83eb-fbb9184e2ea5,82c3cab9-b53a-4daa-83eb-fbb9184e2ea5,1,Hampton Inn & Suites Allen Kitchen,,,Light - Food Establishment,Light - Food Establishment | Light Food Preparation,food,False,False,license_food | op_permit_food,Closed,2017-09-22,2021-12-29,830 W STACY RD ALLEN TX 75013,False,124410,4,3,FE000459-12-2017,FE002646-12-2020,Expired,2021-12-23,https://cityofallentx-energovweb.tylerhost.net/apps/selfservice#/businessLicense/20c489c6-9919-4994-b809-5c74cbfb9c98,4,4,2019-09-25,2021-06-08,0,0,0,,,4,4,2019-09-25,2021-06-08,0,0,0,,,0
904bb7df-e67b-4950-a109-97540c9700c9,904bb7df-e67b-4950-a109-97540c9700c9,1,Hampton Inn and Suites,,,Heavy Food Preparation,Heavy Food Preparation,food,False,False,op_permit_food,Open,,,830 W Stacy RD Allen TX 75013,False,,4,4,FE004153-11-2022,FE006489-11-2025,Annual Renewal Completed,2026-11-17,https://cityofallentx-energovweb.tylerhost.net/apps/selfservice#/operationalPermit/23E5C0E5-BBEB-44C9-BF49-8DFE1E961CC8,8,8,2022-12-01,2026-09-27,1,0,6,100,2026-02-19,8,8,2022-12-01,2026-09-27,1,0,6,100,2026-02-19,0
5790e3fd-0da9-4341-a0bf-230a77195854,5790e3fd-0da9-4341-a0bf-230a77195854,1,Hampton Inn and Suites Dallas Allen,,,Heavy - Food Establishment,Heavy - Food Establishment,food,False,False,license_food,Closed,,2022-02-08,Plano TX 75024,True,,1,0,FE003253-08-2021,FE003253-08-2021,Expired,2022-08-26,https://cityofallentx-energovweb.tylerhost.net/apps/selfservice#/businessLicense/97793211-9468-40f8-9ec2-fc60cbb8f4d9,0,0,,,0,0,0,,,0,0,,,0,0,0,,,0
1838d233-9386-4cd4-9853-a06ed90c8375,1838d233-9386-4cd4-9853-a06ed90c8375,1,Hampton Inn and Suites pools,,,Heavy - Food Establishment,Heavy - Food Establishment,food,False,False,license_food,Open,,2022-11-17,830 W STACY RD ALLEN TX 75013,False,124410,1,0,FE003376-11-2021,FE003376-11-2021,Expired,2022-11-22,https://cityofallentx-energovweb.tylerhost.net/apps/selfservice#/businessLicense/02c76706-a6d0-4468-9ed0-c09a875a5d16,3,2,2022-03-22,2023-08-21,0,0,1,91,2023-08-21,3,2,2022-03-22,2023-08-21,0,0,1,91,2023-08-21,0
742b9eb9-13f9-4354-87e3-158c2383531e,742b9eb9-13f9-4354-87e3-158c2383531e,1,Hashi Japanese Kitchen,,,Heavy Food Preparation,Heavy Food Preparation,food,False,False,op_permit_food,Open,,,1314 W MCDERMOTT DR Unit: 150 ALLEN TX 75013,False,113690,2,2,FE005334-05-2024,FE-006917-06-2026,Annual Renewal Completed,2027-05-20,https://cityofallentx-energovweb.tylerhost.net/apps/selfservice#/operationalPermit/dd73a572-2bae-4115-8b79-69020af1d15a,6,6,2024-10-08,2026-09-27,2,0,3,82,2026-04-06,6,6,2024-10-08,2026-09-27,2,0,3,82,2026-04-06,0
d89df656-7a92-4012-9ef8-408ea2fe95cb,d89df656-7a92-4012-9ef8-408ea2fe95cb,1,Hat Creek Burger Company,,,Heavy Food Preparation,Heavy Food Preparation,food,False,False,op_permit_food,Open,,,555 E Exchange Pkwy Allen TX 75002,False,,3,3,FE004973-12-2023,FE006557-12-2025,Annual Renewal Completed,2026-12-05,https://cityofallentx-energovweb.tylerhost.net/apps/selfservice#/operationalPermit/57CE88D5-EE19-4EF9-8D22-8CB7D253190F,6,6,2024-02-28,2026-03-12,1,0,4,87,2025-03-26,6,6,2024-02-28,2026-03-12,1,0,4,87,2025-03-26,0
9b88094d-58b0-4866-b5ce-b582a43996af,9b88094d-58b0-4866-b5ce-b582a43996af,1,Hat Creek Burger Restaurant,,,Heavy - Food Establishment,Heavy - Food Establishment | Heavy Food Preparation,food,False,False,license_food | op_permit_food,Closed,,2023-12-01,555 E EXCHANGE PKWY  ALLEN TX 75002,False,131989,5,4,FE001155-11-2018,FE004192-12-2022,Expired,2023-12-07,https://cityofallentx-energovweb.tylerhost.net/apps/selfservice#/businessLicense/0b944997-2c82-4a91-8666-47f20c5440e6,15,15,2019-08-07,2023-10-12,3,0,1,89,2023-10-12,15,15,2019-08-07,2023-10-12,3,0,1,89,2023-10-12,0
d692204a-1097-41b4-8cb0-6f0c3018305d,d692204a-1097-41b4-8cb0-6f0c3018305d,1,Hawaiian Bros,,,Heavy - Food Establishment,Heavy - Food Establishment | Heavy Food Preparation,food,False,False,license_food | op_permit_food,Closed,,2023-07-25,810 W STACY RD ALLEN TX 75013,False,120572,2,1,FE003396-12-2021,FE004185-12-2022,Expired,2023-12-07,https://cityofallentx-energovweb.tylerhost.net/apps/selfservice#/businessLicense/305de8b8-e248-46a8-8697-0b5900b2db0b,4,4,2022-02-10,2022-12-08,0,0,0,,,4,4,2022-02-10,2022-12-08,0,0,0,,,0
21625277-dd1b-48f9-b500-961fad2214d1,21625277-dd1b-48f9-b500-961fad2214d1,2,Hawaiian Bros Island Grill,,,Heavy Food Preparation,Heavy Food Preparation,food,False,False,op_permit_food,Open,,,810 W Stacy RD Allen TX 75013,False,,3,3,FE004747-08-2023,FE-007072-08-2026,Annual Renewal Completed,2027-08-02,https://cityofallentx-energovweb.tylerhost.net/apps/selfservice#/operationalPermit/399f7e4b-0121-4373-8a49-f05018973308,10,9,2023-10-16,2026-02-23,2,0,7,97,2026-02-23,10,9,2023-10-16,2026-02-23,2,0,7,97,2026-02-23,0
97806d3e-bc53-4e4b-a8a9-a79bcc5a49e2,21625277-dd1b-48f9-b500-961fad2214d1,2,Hawaiian Bros Island Grill,,,Heavy - Food Establishment,Heavy - Food Establishment,food,False,False,license_food,Closed,,2023-08-02,810 W Stacy RD Allen TX 75013,False,,1,0,FE004743-07-2023,FE004743-07-2023,Expired,2024-08-02,https://cityofallentx-energovweb.tylerhost.net/apps/selfservice#/businessLicense/2cf9474a-52e9-486e-ab78-d27bfe32e0fd,0,0,,,0,0,0,,,10,9,2023-10-16,2026-02-23,2,0,7,97,2026-02-23,0
bd3e3fc3-2819-4f9d-9ed0-5653e879ec87,bd3e3fc3-2819-4f9d-9ed0-5653e879ec87,1,Hawaiian Honey Cones,,,Temporary Food Establishment - Food Establishment,Temporary Food Establishment - Food Establishment,food,True,False,license_food,Closed,,2022-02-16,Dallas TX 75204,True,,1,0,FE001451-04-2019,FE001451-04-2019,Expired,2019-04-13,https://cityofallentx-energovweb.tylerhost.net/apps/selfservice#/businessLicense/04b77574-17f6-47bf-8807-d61af5b45228,0,0,,,0,0,0,,,0,0,,,0,0,0,,,0
29932b1c-8f75-4b34-b1a0-c6a6cec7801a,29932b1c-8f75-4b34-b1a0-c6a6cec7801a,1,Haywood Catering LLC (Kiosk F85),,,Mobile Food Establishment,Mobile Food Establishment | Mobile Food Prep Unit - Food Establishment,food,True,False,license_food | op_permit_food,Open,,,Prosper TX 75078,True,,2,1,FE000975-08-2018,FE000976-08-2018,Expired,2999-01-01,https://cityofallentx-energovweb.tylerhost.net/apps/selfservice#/operationalPermit/E6E9B9E1-44DB-4979-B60A-8A2253D219B8,0,0,,,0,0,0,,,0,0,,,0,0,0,,,0
2cd03433-4847-4091-8295-3df56135c487,2cd03433-4847-4091-8295-3df56135c487,1,Haywood Cotton Candy(Kiosk F84),,,Light - Food Establishment,Light - Food Establishment,food,False,False,license_food,Closed,2018-03-09,2024-09-11,820 W STACY RD ALLEN TX 75013,False,120610,1,0,FE000590-03-2018,FE000590-03-2018,Expired,2019-03-02,https://cityofallentx-energovweb.tylerhost.net/apps/selfservice#/businessLicense/791a0155-bc2d-4c29-86d3-18424fb1f3b2,1,1,2018-03-09,2018-03-09,0,0,0,,,1,1,2018-03-09,2018-03-09,0,0,0,,,0
5ebce3d2-89a0-4fa1-8327-f6836fb197f3,5ebce3d2-89a0-4fa1-8327-f6836fb197f3,1,Hazelnut Cafe-Allen USA,,,Temporary Food Establishment - Food Establishment,Temporary Food Establishment - Food Establishment,food,True,False,license_food,Closed,2017-06-24,2023-08-14,701 ANGEL PKWY ALLEN TX 75002,False,121106,1,0,FE000154-06-2017,FE000154-06-2017,Expired,2017-06-24,https://cityofallentx-energovweb.tylerhost.net/apps/selfservice#/businessLicense/4eea244d-e78b-4abe-a69e-62b9f5e97b99,0,0,,,0,0,0,,,0,0,,,0,0,0,,,0
4db3c041-3762-46b4-bf66-78614e965c50,4db3c041-3762-46b4-bf66-78614e965c50,1,Healthy Vibez Nutrition,,,Light - Food Establishment,Light - Food Establishment | Light Food Preparation,food,False,False,license_food | op_permit_food,Closed,2019-05-10,2020-11-12,1206 E MAIN ST  Unit: 101 ALLEN TX 75002,False,,2,1,FE001362-02-2019,FE002210-03-2020,Expired,2021-03-30,https://cityofallentx-energovweb.tylerhost.net/apps/selfservice#/businessLicense/c403d260-1e91-43d6-b8de-8b9c9fe7bf3f,4,3,2019-05-20,2020-04-20,0,0,0,,,4,3,2019-05-20,2020-04-20,0,0,0,,,0
329f633b-27fe-4ca0-acd9-cc11e16793fa,329f633b-27fe-4ca0-acd9-cc11e16793fa,1,Heartland Sweets,,,Special Event - Food Establishment,Special Event - Food Establishment,special event,True,False,license_special_event_food,Closed,,2024-07-02,200 E STACY RD ALLEN TX 75002,False,127345,1,0,FESP001759-09-2019,FESP001759-09-2019,Expired,2019-09-15,https://cityofallentx-energovweb.tylerhost.net/apps/selfservice#/businessLicense/cadb80ff-f558-475b-b4b0-f8b66f51cd63,0,0,,,0,0,0,,,0,0,,,0,0,0,,,0
bd32afb4-ceaf-484c-a69d-4c363a30f44f,bd32afb4-ceaf-484c-a69d-4c363a30f44f,1,Heavenly Donuts LLC,,,Heavy Food Preparation,Heavy Food Preparation,food,False,False,op_permit_food,Open,,,206 N Greenville Ave Unit: # 900 Allen TX 75002,False,,2,2,FE005709-11-2024,FE006497-11-2025,Annual Renewal Completed,2026-12-11,https://cityofallentx-energovweb.tylerhost.net/apps/selfservice#/operationalPermit/263FD0E7-C0AE-46AE-9646-8C7214EB0A6E,4,4,2025-06-16,2026-10-05,1,0,1,84,2026-04-03,4,4,2025-06-16,2026-10-05,1,0,1,84,2026-04-03,0
9815738a-b75a-47f0-8d90-3f06cda3a7e2,9815738a-b75a-47f0-8d90-3f06cda3a7e2,1,Hedary's Mediterranean Restaurant,,,Heavy Food Preparation,Heavy Food Preparation,food,False,False,op_permit_food,Open,2017-10-04,,103 W BELMONT DR ALLEN TX 75002,False,100177,9,9,FE000634-03-2018,FE006827-03-2026,Annual Renewal Completed,2027-03-27,https://cityofallentx-energovweb.tylerhost.net/apps/selfservice#/operationalPermit/7D47443A-3C0A-4F89-9886-FE424C76CC94,11,10,2017-10-04,2025-09-08,0,0,0,,,11,10,2017-10-04,2025-09-08,0,0,0,,,0
ddefe9ac-6016-498f-97b9-ee2ad4cdbe33,ddefe9ac-6016-498f-97b9-ee2ad4cdbe33,1,Hello Boba,,,Light Food Preparation,Light Food Preparation,food,False,False,op_permit_food,Closed,2017-12-13,2026-08-25,210 S CENTRAL EXPY  Unit: 74 ALLEN TX 75013,False,114503,9,9,FE000101-05-2017,FE006101-05-2025,Closed,,https://cityofallentx-energovweb.tylerhost.net/apps/selfservice#/operationalPermit/F89D51AA-6930-4A99-A656-5937BAD4EF23,20,19,2017-12-13,2026-02-25,3,0,2,80,2024-12-04,20,19,2017-12-13,2026-02-25,3,0,2,80,2024-12-04,0
a0b04f21-3f1a-42ba-a48e-a521dd6cc31a,a0b04f21-3f1a-42ba-a48e-a521dd6cc31a,1,Hello India,,,Temporary Food Establishment - Food Establishment,Temporary Food Establishment - Food Establishment,food,True,False,license_food,Closed,,2023-08-14,200 E STACY RD B1300 Unit: 1350 ALLEN TX 75002,False,127345,1,0,FE001793-10-2019,FE001793-10-2019,Expired,2019-10-05,https://cityofallentx-energovweb.tylerhost.net/apps/selfservice#/businessLicense/8651195d-efbf-4a51-8031-40e108725844,0,0,,,0,0,0,,,0,0,,,0,0,0,,,0
99f42bf6-28e8-4582-8a5a-8bedaff3c0ef,99f42bf6-28e8-4582-8a5a-8bedaff3c0ef,1,Heritage @ Twin Creeks Assis. Living,,,Heavy Food Preparation,Heavy Food Preparation,food,False,False,op_permit_food,Open,2017-10-30,,920 STOCKTON DR  ALLEN TX 75013,False,129743,10,10,FE000401-11-2017,FE006855-04-2026,Closed,,https://cityofallentx-energovweb.tylerhost.net/apps/selfservice#/operationalPermit/ED0F8A1B-2F80-406A-81F6-C970C548F1A8,24,23,2017-10-30,2025-03-17,4,0,0,,,24,23,2017-10-30,2025-03-17,4,0,0,,,0
fce064a6-4a66-454e-98ce-6b95d30e0ef0,fce064a6-4a66-454e-98ce-6b95d30e0ef0,1,Heritage Montessori Academy,,,Day Care Facility,Day Care Facility,day care,False,False,op_permit_daycare,Open,2017-09-14,,1222 N ALMA DR  ALLEN TX 75013,False,126012,9,9,DC000306-09-2017,DC006479-10-2025,Annual Renewal Completed,2027-09-17,https://cityofallentx-energovweb.tylerhost.net/apps/selfservice#/operationalPermit/f0b17392-8562-41c5-a18c-b42369775138,16,16,2017-09-14,2027-01-25,2,0,3,95,2025-07-29,16,16,2017-09-14,2027-01-25,2,0,3,95,2025-07-29,0
80e3624e-13da-4bbe-ac50-fc75046cafb5,80e3624e-13da-4bbe-ac50-fc75046cafb5,1,Hermano's Mexican Restaurant,,,Heavy Food Preparation,Heavy Food Preparation,food,False,False,op_permit_food,Open,,,533 W McDermott Allen TX 75013,False,,2,2,FE005538-08-2024,FE-007068-08-2026,Annual Renewal Completed,2027-08-21,https://cityofallentx-energovweb.tylerhost.net/apps/selfservice#/operationalPermit/519e0b98-ed8d-4b0f-a300-1883555dfd93,7,6,2024-12-19,2026-10-19,1,0,0,,,7,6,2024-12-19,2026-10-19,1,0,0,,,0
24483a7d-9c1a-4851-8ff8-fd61b9d73261,24483a7d-9c1a-4851-8ff8-fd61b9d73261,1,Hickory Farms LLC,,,Special Event - Food Establishment,Special Event - Food Establishment,special event,True,False,license_special_event_food,Open,,,190 E Stacy Rd Unit: # B28 Allen TX 75002,False,,1,0,FESP004152-11-2022,FESP004152-11-2022,Expired,2022-12-31,https://cityofallentx-energovweb.tylerhost.net/apps/selfservice#/businessLicense/3d3e1ac8-ee36-4d6e-a878-ec2e1619c3c6,0,0,,,0,0,0,,,0,0,,,0,0,0,,,0
5d35bf31-acf9-4a8c-867d-b449491a4d37,5d35bf31-acf9-4a8c-867d-b449491a4d37,2,Hilton Garden Inn,,,Heavy Food Preparation,Heavy Food Preparation,food,False,False,op_permit_food,Open,,,705 S CENTRAL EXPY ALLEN TX 75013,False,119431,4,4,FE003378-11-2021,FE006503-11-2025,Annual Renewal Completed,2026-11-30,https://cityofallentx-energovweb.tylerhost.net/apps/selfservice#/operationalPermit/014B5EBE-E4FE-47C7-92BD-ED9718B46380,8,7,2022-11-30,2026-05-13,1,0,2,96,2025-07-15,16,15,2018-07-16,2026-05-13,3,0,2,96,2025-07-15,0
9ee23ca7-c43f-4b63-bc4a-1a495813e941,5d35bf31-acf9-4a8c-867d-b449491a4d37,2,Hilton Garden Inn,,,Heavy - Food Establishment,Heavy - Food Establishment | Heavy Food Preparation,food,False,False,license_food | op_permit_food,Closed,2017-07-12,2021-11-04,705 S CENTRAL EXPY ALLEN TX 75013,False,119431,4,3,FE000385-10-2017,FE002570-11-2020,Expired,2021-10-29,https://cityofallentx-energovweb.tylerhost.net/apps/selfservice#/businessLicense/b8bdf900-936b-414d-900d-774828a89bff,8,8,2018-07-16,2021-08-11,2,0,0,,,16,15,2018-07-16,2026-05-13,3,0,2,96,2025-07-15,0
c5d45ea0-b7b8-454e-b31e-d343e22cbfa5,c5d45ea0-b7b8-454e-b31e-d343e22cbfa5,1,Hilton Garden Inn Dallas Allen,,,Heavy - Food Establishment,Heavy - Food Establishment,food,False,False,license_food,Closed,,2022-02-07,Plano TX 75013,True,,1,0,FE003255-08-2021,FE003255-08-2021,Expired,2022-08-26,https://cityofallentx-energovweb.tylerhost.net/apps/selfservice#/businessLicense/82968871-fedc-4875-82df-223e7cee7e40,0,0,,,0,0,0,,,0,0,,,0,0,0,,,0
cde28707-6553-4302-b971-fdf5c9b29885,cde28707-6553-4302-b971-fdf5c9b29885,1,Holiday Inn Express & Suites,,,Light Food Preparation,Light Food Preparation,food,False,False,op_permit_food,Open,2017-07-19,,205 N CENTRAL EXPY  ALLEN TX 75013,False,118236,8,8,FE000554-02-2018,FE006867-04-2026,Annual Renewal Completed,2027-04-23,https://cityofallentx-energovweb.tylerhost.net/apps/selfservice#/operationalPermit/6A483FC2-CF24-417C-98D6-1136D6013BCF,15,13,2018-01-31,2025-08-28,3,0,3,87,2025-02-14,15,13,2018-01-31,2025-08-28,3,0,3,87,2025-02-14,0
7aa77825-9702-472a-882d-ed8fc6487671,7aa77825-9702-472a-882d-ed8fc6487671,1,Holly Jolly / Yummy Pizza,,,Special Event - Food Establishment,Special Event - Food Establishment,special event,True,False,license_special_event_food,Closed,2019-12-06,2021-12-29,300 N ALLEN DR ALLEN TX 75013,False,122494,1,0,FESP001901-11-2019,FESP001901-11-2019,Expired,2019-12-06,https://cityofallentx-energovweb.tylerhost.net/apps/selfservice#/businessLicense/7129bb7c-e6d9-4b0f-be05-7c64681a40b6,1,1,2019-12-06,2019-12-06,0,0,0,,,1,1,2019-12-06,2019-12-06,0,0,0,,,0
c82009cb-3420-4407-b86e-ff97170d1563,c82009cb-3420-4407-b86e-ff97170d1563,1,Homewood Suites Allen,,,Light Food Preparation,Light - Food Establishment | Light Food Preparation,food,False,False,license_food | op_permit_food,Open,2017-08-04,,455 N CENTRAL EXPY ALLEN TX 75013,False,121205,10,9,FE000085-05-2017,FE006737-02-2026,Annual Renewal Completed,2027-01-26,https://cityofallentx-energovweb.tylerhost.net/apps/selfservice#/operationalPermit/169B2B21-EE74-4249-9B5B-405875589AC2,14,13,2018-09-06,2026-09-27,2,0,0,,,14,13,2018-09-06,2026-09-27,2,0,0,,,0
b0acc8e6-a9c2-4a79-8eff-83d3baced57c,b0acc8e6-a9c2-4a79-8eff-83d3baced57c,1,Honest Ice Cream - GZM 5815,,,Ice Cream Truck - Food Establishment,Ice Cream Truck | Ice Cream Truck - Food Establishment,food,True,False,license_food | op_permit_food,Closed,2017-06-08,2022-06-13,,True,,5,4,FE000134-06-2017,FE003043-06-2021,Expired,2022-06-12,https://cityofallentx-energovweb.tylerhost.net/apps/selfservice#/businessLicense/5089cebc-bf53-4d3f-a5c8-f634e5e91c6b,3,3,2019-06-14,2021-06-08,0,0,0,,,3,3,2019-06-14,2021-06-08,0,0,0,,,0
37689adf-5725-4a35-b470-6a2a7ebce664,37689adf-5725-4a35-b470-6a2a7ebce664,1,Honey Baked Ham Co.,,,Light Food Preparation,Light - Food Establishment | Light Food Preparation,food,False,False,license_food | op_permit_food,Closed,,2021-11-12,190 E STACY RD B1500 Unit: 1504 ALLEN TX 75002,False,127348,6,5,FE001176-12-2018,FE006820-03-2026,Annual Renewal Completed,3000-01-01,https://cityofallentx-energovweb.tylerhost.net/apps/selfservice#/operationalPermit/C205DD93-0650-41A6-8E0E-95E66FBA0FBF,3,3,2018-12-19,2021-11-12,0,0,0,,,3,3,2018-12-19,2021-11-12,0,0,0,,,0
6385b137-87fb-420f-ac81-98342d5f6e11,6385b137-87fb-420f-ac81-98342d5f6e11,1,Honey Baked Ham#4325,,,No Food Preparation,No Food Preparation,food,False,False,op_permit_food,Open,,,190 E Stacy Road Unit: 1504 Allen TX 75002,False,,4,4,FE004040-09-2022,FE006376-09-2025,Annual Renewal Completed,2027-09-12,https://cityofallentx-energovweb.tylerhost.net/apps/selfservice#/operationalPermit/4b93c74d-e9ed-4324-90f7-1fa4c4604bfa,4,4,2022-11-10,2025-10-13,0,0,0,,,4,4,2022-11-10,2025-10-13,0,0,0,,,0
08054c43-7bdc-4f15-955f-ee8c87bc8fcd,08054c43-7bdc-4f15-955f-ee8c87bc8fcd,1,HoneyLu's Coffee,,,Temporary Food Establishments,Temporary Food Establishments,food,True,False,op_permit_food,Open,,,Prosper TX 75078,True,,1,1,FESP006543-12-2025,FESP006543-12-2025,Closed,,https://cityofallentx-energovweb.tylerhost.net/apps/selfservice#/operationalPermit/BA5BC595-65A5-42A2-BC96-8C60465C1238,0,0,,,0,0,0,,,0,0,,,0,0,0,,,0
68bab203-b11c-4465-a8ba-8717bd5cbe63,68bab203-b11c-4465-a8ba-8717bd5cbe63,1,Honeylu's Coffee,,,Temporary Food Establishments,Temporary Food Establishments,food,True,False,op_permit_food,Closed,2025-05-19,2026-09-10,Prosper TX 75078,True,,1,1,FESP006123-05-2025,FESP006123-05-2025,Closed,,https://cityofallentx-energovweb.tylerhost.net/apps/selfservice#/operationalPermit/BEA98F13-2C14-493E-A5F1-018FD2A0D090,0,0,,,0,0,0,,,0,0,,,0,0,0,,,0
cee1af1f-6507-4bd1-b454-7ecf19164ad5,cee1af1f-6507-4bd1-b454-7ecf19164ad5,1,Honeylu's Coffee,,,Special Event - Food Establishment,Special Event - Food Establishment,special event,True,False,license_special_event_food,Closed,2025-01-25,2025-02-20,Prosper TX 75078,True,,1,0,FESP005818-01-2025,FESP005818-01-2025,Expired,2025-01-26,https://cityofallentx-energovweb.tylerhost.net/apps/selfservice#/businessLicense/9880ceeb-8638-453e-a47e-d33f0d563c92,0,0,,,0,0,0,,,0,0,,,0,0,0,,,0
fabc7964-e283-412f-a1ea-98e22baa81bb,fabc7964-e283-412f-a1ea-98e22baa81bb,1,Hook & Ladder Pizza(BP1215)@LSM,,,Temporary Food Establishment - Food Establishment,Temporary Food Establishment - Food Establishment,food,True,False,license_food,Closed,,2022-12-20,2031 W MCDERMOTT DR  ALLEN TX 75013,False,113334,1,0,FE001123-11-2018,FE001123-11-2018,Expired,2018-11-24,https://cityofallentx-energovweb.tylerhost.net/apps/selfservice#/businessLicense/e771ff6a-4e83-4863-ad82-84729f296973,1,1,2018-11-20,2018-11-20,0,0,0,,,1,1,2018-11-20,2018-11-20,0,0,0,,,0
3fc523e1-2dd2-48ff-adad-84e10c2c8187,3fc523e1-2dd2-48ff-adad-84e10c2c8187,1,Hook and Ladder Pizza Co,,,Temporary Food Establishments,Temporary Food Establishments,food,True,False,op_permit_food,Closed,,2026-05-07,Keller TX 76248,True,,1,1,FE-006875-04-2026,FE-006875-04-2026,Closed,,https://cityofallentx-energovweb.tylerhost.net/apps/selfservice#/operationalPermit/4fdc7f5e-03ec-4c35-87b8-35363f2befaa,0,0,,,0,0,0,,,0,0,,,0,0,0,,,0
44452cf2-b256-4663-a365-7bf38947c289,44452cf2-b256-4663-a365-7bf38947c289,1,Hookah House,,,Light - Food Establishment,Light - Food Establishment | Light Food Preparation,food,False,False,license_food | op_permit_food,Closed,,2024-03-18,1201 E Main ST Unit: 230 Allen TX 75002,False,,2,1,FE003681-03-2022,FE004503-04-2023,Expired,2024-03-17,https://cityofallentx-energovweb.tylerhost.net/apps/selfservice#/businessLicense/250ed181-fb80-4fd4-b045-6d27a9732c0f,2,1,2024-02-01,2024-02-01,0,0,0,,,2,1,2024-02-01,2024-02-01,0,0,0,,,0
a8ca8699-a591-4c56-911a-74714ae29841,a8ca8699-a591-4c56-911a-74714ae29841,1,Hookah House,,,Heavy Food Preparation,Heavy Food Preparation,food,False,False,op_permit_food,Open,2024-03-18,,1201 E Main St Unit: # 230 Allen TX 75002,False,,3,3,FE005236-03-2024,FE006853-04-2026,Annual Renewal Completed,2027-03-18,https://cityofallentx-energovweb.tylerhost.net/apps/selfservice#/operationalPermit/1D80EE1D-6250-4A86-940E-03F5D5FAD9FD,4,3,2024-02-01,2026-04-03,1,0,0,,,4,3,2024-02-01,2026-04-03,1,0,0,,,0
2970da8a-9fbe-4f4c-9e32-3d903f38ecdc,2970da8a-9fbe-4f4c-9e32-3d903f38ecdc,1,Hooked Allen- THE HUB,,,Heavy Food Preparation,Heavy Food Preparation,food,False,False,op_permit_food,Closed,,2023-10-24,1289 Johnson RD Unit: # 2160 Allen TX 75013,False,,1,1,FE004311-02-2023,FE004311-02-2023,Annual Renewal Completed,2024-02-09,https://cityofallentx-energovweb.tylerhost.net/apps/selfservice#/operationalPermit/FF84420A-FAFA-4EA0-9483-6FA923BA308C,1,1,2023-08-31,2023-08-31,0,0,0,,,1,1,2023-08-31,2023-08-31,0,0,0,,,0
498cd616-8ecf-4393-902e-0bc8cc8f2faa,498cd616-8ecf-4393-902e-0bc8cc8f2faa,1,HteaO Allen,,,Light Food Preparation,Light Food Preparation,food,False,False,op_permit_food,Open,,,103 N Greenville Ave Allen TX 75002,False,,2,2,FE005517-07-2024,FE-006980-07-2026,Annual Renewal Completed,2027-07-31,https://cityofallentx-energovweb.tylerhost.net/apps/selfservice#/operationalPermit/d3474771-f714-4377-888b-47430992f72d,3,3,2024-09-04,2025-08-06,0,0,0,,,3,3,2024-09-04,2025-08-06,0,0,0,,,0
e8998459-379f-434c-aa0a-9cd2af50de15,e8998459-379f-434c-aa0a-9cd2af50de15,2,Hyatt Place Allen,,,Heavy - Food Establishment,Heavy - Food Establishment | Heavy Food Preparation,food,False,False,license_food | op_permit_food,Closed,2017-09-26,2020-12-01,333 N CENTRAL EXPWY ALLEN TX 75013,False,130096,3,2,FE000115-06-2017,FE001510-05-2019,Expired,2020-05-27,https://cityofallentx-energovweb.tylerhost.net/apps/selfservice#/businessLicense/4a05c491-544c-416c-9fe5-2e0128efe9c4,7,7,2017-09-26,2020-05-14,1,0,0,,,10,9,2017-09-26,2021-04-09,1,0,0,,,0
fbc37acd-f825-4967-849c-ade98f6456e0,e8998459-379f-434c-aa0a-9cd2af50de15,2,Hyatt Place Allen,,,Heavy - Food Establishment,Heavy - Food Establishment,food,False,False,license_food,Closed,,2021-10-15,333 CENTRAL EXPY ALLEN TX 75013,False,110859,2,0,FE001965-12-2019,FE002314-06-2020,Expired,2021-06-04,https://cityofallentx-energovweb.tylerhost.net/apps/selfservice#/businessLicense/c16e6cf7-b8c2-4b84-b8a7-b6355770981b,3,2,2020-10-08,2021-04-09,0,0,0,,,10,9,2017-09-26,2021-04-09,1,0,0,,,0
be7e5907-6d64-46ff-82ea-d8f6036834da,09b248af-039c-4052-8458-905c985a77e2,2,Hyatt Place Allen/Dallas,,,Heavy - Food Establishment,Heavy - Food Establishment,food,False,False,license_food,Closed,,2022-03-22,333 CENTRAL EXPY ALLEN TX 75013,False,110859,1,0,FE003308-09-2021,FE003308-09-2021,Expired,2022-09-23,https://cityofallentx-energovweb.tylerhost.net/apps/selfservice#/businessLicense/6383f4f3-648d-4b9f-8d8e-5b93f45768c1,0,0,,,0,0,0,,,6,6,2022-03-24,2025-04-16,0,0,1,86,2023-10-04,0
09b248af-039c-4052-8458-905c985a77e2,09b248af-039c-4052-8458-905c985a77e2,2,Hyatt Place Dallas/Allen,,,Heavy Food Preparation,Heavy Food Preparation,food,False,False,op_permit_food,Open,,,333 N Central EXPY Allen TX 75013,False,,5,5,FE003690-03-2022,FE006050-03-2025,Pending Payment,2999-01-01,https://cityofallentx-energovweb.tylerhost.net/apps/selfservice#/operationalPermit/66d9b97b-3c75-438a-b9d0-7be0a02639f0,6,6,2022-03-24,2025-04-16,0,0,1,86,2023-10-04,6,6,2022-03-24,2025-04-16,0,0,1,86,2023-10-04,0
ae714b01-2863-48f2-92b6-814100c3ad8c,ae714b01-2863-48f2-92b6-814100c3ad8c,1,IHOP 3006,,,Heavy Food Preparation,Heavy Food Preparation,food,False,False,op_permit_food,Open,2017-09-26,,315 N CENTRAL EXPY  ALLEN TX 75013,False,125525,10,10,FE000171-06-2017,FE-006921-06-2026,Annual Renewal Completed,2027-06-16,https://cityofallentx-energovweb.tylerhost.net/apps/selfservice#/operationalPermit/ab0cdbc6-bbf5-4e35-b3bd-6706e7c7335d,26,25,2017-09-26,2025-07-17,6,0,4,89,2025-07-17,26,25,2017-09-26,2025-07-17,6,0,4,89,2025-07-17,0
a48b3e55-964f-4949-b578-3a4a56336d3a,a48b3e55-964f-4949-b578-3a4a56336d3a,1,ISLAMIC ASSOCIATION OF ALLEN,,,Special Event - Food Establishment,Special Event - Food Establishment,special event,True,False,license_special_event_food,Closed,,2025-07-29,909 ALLEN CENTRAL DR ALLEN TX 75013,False,129235,1,0,FESP001831-10-2019,FESP001831-10-2019,Expired,2019-10-27,https://cityofallentx-energovweb.tylerhost.net/apps/selfservice#/businessLicense/9834ba80-b2ba-4db0-a3d2-4e6790feb174,0,0,,,0,0,0,,,0,0,,,0,0,0,,,0
b9957802-3d6c-4dcc-aeaf-a9e77028f807,b9957802-3d6c-4dcc-aeaf-a9e77028f807,1,ITALIA EXPRESS,,,Heavy Food Preparation,Heavy Food Preparation,food,False,False,op_permit_food,Closed,,2026-07-20,820 W Stacy Road RD Unit: 650 Allen TX 75013,False,,1,1,FE-006984-07-2026,FE-006984-07-2026,Revoked,2999-01-01,https://cityofallentx-energovweb.tylerhost.net/apps/selfservice#/operationalPermit/b1405f7a-4cd5-42ea-af98-33d9b72944af,0,0,,,0,0,0,,,0,0,,,0,0,0,,,0
be447152-733a-411f-a979-9c6016c54f2f,be447152-733a-411f-a979-9c6016c54f2f,1,Iceberg,,,Ice Cream Truck - Food Establishment,Ice Cream Truck | Ice Cream Truck - Food Establishment,food,True,False,license_food | op_permit_food,Closed,2021-04-08,2026-04-17,ALLEN TX 75002,True,,5,4,FE002932-04-2021,FE006070-04-2025,Expired,,https://cityofallentx-energovweb.tylerhost.net/apps/selfservice#/businessLicense/971cbbe3-3399-48f8-86d2-19bfad625293,4,4,2021-04-08,2025-04-18,0,0,0,,,4,4,2021-04-08,2025-04-18,0,0,0,,,0
7533bf04-31fd-4640-b6f6-4e1cfbab13af,7533bf04-31fd-4640-b6f6-4e1cfbab13af,1,In-N-Out Burger # 255,,,Heavy Food Preparation,Heavy Food Preparation,food,False,False,op_permit_food,Open,2017-04-04,,190 E STACY RD Unit: 700 ALLEN TX 75002,False,,10,10,FE000007-04-2017,FE006445-10-2025,Annual Renewal Completed,2026-10-02,https://cityofallentx-energovweb.tylerhost.net/apps/selfservice#/operationalPermit/2BE05160-617F-499E-B749-E825619C4C03,13,13,2018-04-11,2026-09-27,0,0,0,,,13,13,2018-04-11,2026-09-27,0,0,0,,,0
9c5d3bfc-9406-4ece-8076-d13077e6c28a,9c5d3bfc-9406-4ece-8076-d13077e6c28a,1,In-N-Out Burger Catering (VL#035B697),,,Mobile Food Prep Unit - Food Establishment,Catering Truck - Food Establishment | Mobile Food Establishment | Mobile Food Prep Unit - Food Establishment,food,True,False,license_food | op_permit_food,Closed,2017-06-12,2022-02-23,190 E STACY RD 700 Unit: 700 ALLEN TX 75002,False,127334,5,2,FE000110-05-2017,FE003038-06-2021,Expired,2022-06-06,https://cityofallentx-energovweb.tylerhost.net/apps/selfservice#/businessLicense/03fb4cf9-6820-40d2-849f-aaafdf0f4c26,3,3,2019-06-04,2021-06-07,0,0,0,,,3,3,2019-06-04,2021-06-07,0,0,0,,,0
49cb1745-5f1e-4e47-9f02-81153e3810e7,49cb1745-5f1e-4e47-9f02-81153e3810e7,1,In-N-Out Burger Catering (VL#BYM7340),,,Mobile Food Prep Unit - Food Establishment,Catering Truck - Food Establishment | Mobile Construction Site Food Vehicle: | Mobile Food Establishment | Mobile Food Prep Unit - Food Establishment,food,True,False,license_food | op_permit_food,Closed,2017-06-12,2023-01-10,190 E STACY RD 700 Unit: 700 ALLEN TX 75002,False,127334,6,4,FE000111-05-2017,FE003865-06-2022,Expired,2023-06-06,https://cityofallentx-energovweb.tylerhost.net/apps/selfservice#/businessLicense/1da08469-0aa4-4b56-b703-e3f384a2879c,3,3,2019-06-03,2021-07-19,0,0,0,,,3,3,2019-06-03,2021-07-19,0,0,0,,,0
a2987280-a846-4c68-911c-b13a8a0c0267,a2987280-a846-4c68-911c-b13a8a0c0267,1,In-N-Out Burger Catering (VL#Y98174),,,Mobile Food Prep Unit - Food Establishment,Catering Truck - Food Establishment | Mobile Construction Site Food Vehicle: | Mobile Food Establishment | Mobile Food Prep Unit - Food Establishment,food,True,False,license_food | op_permit_food,Closed,2017-06-12,2022-02-23,190 E STACY RD 700 Unit: 700 ALLEN TX 75002,False,127334,5,3,FE000112-05-2017,FE003037-06-2021,Expired,2022-06-05,https://cityofallentx-energovweb.tylerhost.net/apps/selfservice#/businessLicense/74d613ec-09c8-40e0-817c-651a6f823ddc,3,3,2019-06-03,2021-06-07,0,0,0,,,3,3,2019-06-03,2021-06-07,0,0,0,,,0
3466dae2-6d01-449f-aaae-32a84dce4998,3466dae2-6d01-449f-aaae-32a84dce4998,2,In-N-Out Burger Unit#469,,,Catering Truck - Food Establishment,Catering Truck - Food Establishment | Mobile Construction Site Food Vehicle:,food,True,False,license_food | op_permit_food,Closed,,2023-01-25,Dallas TX 75134,True,,4,3,FE003611-02-2022,FE005909-02-2025,Closed,,https://cityofallentx-energovweb.tylerhost.net/apps/selfservice#/businessLicense/5d5d0d43-fdd6-4521-98cb-1f16ac859e84,4,4,2022-02-17,2025-02-03,0,1,0,,,6,6,2022-02-17,2025-02-03,0,1,0,,,0
fa64b86e-d4b4-4cf9-8185-419a96f19846,3466dae2-6d01-449f-aaae-32a84dce4998,2,In-N-Out Burger Unit#469,,,Mobile Food Prep Unit - Food Establishment,Mobile Food Prep Unit - Food Establishment,food,True,False,license_food,Closed,,2024-02-15,Lancaster TX 75134,True,,1,0,FE004237-01-2023,FE004237-01-2023,Expired,2024-01-25,https://cityofallentx-energovweb.tylerhost.net/apps/selfservice#/businessLicense/11d0adbf-dcc5-4305-a4b2-a8ed8e42693c,2,2,2023-01-23,2024-02-01,0,0,0,,,6,6,2022-02-17,2025-02-03,0,1,0,,,0
2d25b132-da0b-4d45-b547-f3833268720f,2d25b132-da0b-4d45-b547-f3833268720f,1,In-N-Out Burger unit 743,,,Mobile Food Establishment,Mobile Food Establishment,food,True,False,op_permit_food,Closed,,2026-09-22,Lancaster TX 75134,True,,4,4,FE004238-01-2023,FE006588-01-2026,Active,2027-01-25,https://cityofallentx-energovweb.tylerhost.net/apps/selfservice#/operationalPermit/E64D7874-6642-4776-97F9-55BFB40624A8,4,4,2023-01-23,2026-01-13,0,0,0,,,4,4,2023-01-23,2026-01-13,0,0,0,,,0
8e9f5158-81a3-4f11-8c47-a6a03e2ed15e,8e9f5158-81a3-4f11-8c47-a6a03e2ed15e,1,In-N-Out Burget #467,,,Mobile Food Establishment,Mobile Food Establishment,food,True,False,op_permit_food,Closed,,2026-09-22,Lancaster TX 75134,True,,5,5,FE003517-01-2022,FE006587-01-2026,Active,2027-01-25,https://cityofallentx-energovweb.tylerhost.net/apps/selfservice#/operationalPermit/93BF6D21-6E22-44DD-9D1F-A8140179C2AC,5,5,2023-01-23,2026-01-13,0,1,0,,,5,5,2023-01-23,2026-01-13,0,1,0,,,0
080f07d4-c653-43e9-9748-c5514d1bb9ec,080f07d4-c653-43e9-9748-c5514d1bb9ec,1,InReach - THR Presby,,,No Food Preparation,No Food Preparation,food,False,False,op_permit_food,Closed,,2024-08-27,1105 N Central EXPY Allen TX 75013,False,,2,2,FE004274-01-2023,FE005317-05-2024,Expired,2025-05-25,https://cityofallentx-energovweb.tylerhost.net/apps/selfservice#/operationalPermit/8827261D-E8E4-4354-A892-FF748DED96C2,2,2,2023-05-26,2024-06-24,0,0,1,97,2024-06-24,2,2,2023-05-26,2024-06-24,0,0,1,97,2024-06-24,0
919684b5-0ed7-466c-99c1-e934ac5ff3ba,919684b5-0ed7-466c-99c1-e934ac5ff3ba,1,Inaka Teppanyaki,,,Heavy - Food Establishment,Heavy - Food Establishment,food,False,False,license_food,Closed,2017-11-07,2018-08-03,305 N CENTRAL EXPY  ALLEN TX 75013,False,121202,1,0,FE000700-04-2018,FE000700-04-2018,Closed,,https://cityofallentx-energovweb.tylerhost.net/apps/selfservice#/businessLicense/a2ab348e-e08f-43c8-be19-f4c74a17c75f,4,3,2017-11-07,2018-06-08,1,0,0,,,4,3,2017-11-07,2018-06-08,1,0,0,,,0
2c96f656-08d5-44f9-a435-faf73ff9fa42,2c96f656-08d5-44f9-a435-faf73ff9fa42,1,India Metro Hypermarket Deli,,,Grocery Department,Grocery Department,food,False,False,op_permit_food,Open,,,204 CENTRAL EXPY Unit: 21 ALLEN TX 75013,False,114503,1,1,FE006704-02-2026,FE006704-02-2026,Active,2027-02-18,https://cityofallentx-energovweb.tylerhost.net/apps/selfservice#/operationalPermit/608A5729-C087-432E-AA5A-5D830A2131ED,0,0,,,0,0,0,,,0,0,,,0,0,0,,,0
da84144e-9a1e-4077-ad1d-47142c9add89,da84144e-9a1e-4077-ad1d-47142c9add89,1,India Metro Hypermarket Meat shop,,,Grocery Department,Grocery Department,food,False,False,op_permit_food,Open,,,204 CENTRAL EXPY Unit: 21 ALLEN TX 75013,False,114503,1,1,FE006703-02-2026,FE006703-02-2026,Active,2027-02-18,https://cityofallentx-energovweb.tylerhost.net/apps/selfservice#/operationalPermit/F4EBECC9-9F57-4B04-A264-2CCE701B6A85,0,0,,,0,0,0,,,0,0,,,0,0,0,,,0
2672e8e4-41e6-4c5a-b4c3-ec539ace971a,2672e8e4-41e6-4c5a-b4c3-ec539ace971a,1,India Metro Hypermarket Retail,,,Grocery Store,Grocery Store,food,False,False,op_permit_food,Open,,,204 CENTRAL EXPY Unit: 21 ALLEN TX 75013,False,114503,1,1,FE006705-02-2026,FE006705-02-2026,Active,2027-02-18,https://cityofallentx-energovweb.tylerhost.net/apps/selfservice#/operationalPermit/C80A966B-BDB7-4814-86B7-2E5B792B3854,3,3,2026-07-28,2026-12-03,1,0,0,,,3,3,2026-07-28,2026-12-03,1,0,0,,,0
fe6ce2f3-d430-452f-9988-e472f400fa1e,fe6ce2f3-d430-452f-9988-e472f400fa1e,1,Indian Chilli,,,Special Event - Food Establishment,Special Event - Food Establishment,special event,True,False,license_special_event_food,Closed,,2023-03-14,200 E Stacy RD Unit: # 1350 Allen TX 75002,False,,1,0,FESP004364-02-2023,FESP004364-02-2023,Expired,2023-03-08,https://cityofallentx-energovweb.tylerhost.net/apps/selfservice#/businessLicense/4b8380b2-dee4-4d1f-b1be-c2b7f04b7778,1,1,2023-03-08,2023-03-08,0,0,0,,,1,1,2023-03-08,2023-03-08,0,0,0,,,0
02dd4351-a80e-4d8d-9613-5020912805ad,02dd4351-a80e-4d8d-9613-5020912805ad,1,Italia Express,,,Heavy - Food Establishment,Heavy - Food Establishment,food,False,False,license_food,Closed,2017-10-11,2019-08-06,820 W STACY RD 1 Unit: 164B ALLEN TX 75013,False,120610,1,0,FE000138-06-2017,FE000138-06-2017,Expired,2018-06-13,https://cityofallentx-energovweb.tylerhost.net/apps/selfservice#/businessLicense/28397158-8c62-4b35-ab33-83961116da23,3,3,2017-10-11,2019-08-01,0,0,0,,,3,3,2017-10-11,2019-08-01,0,0,0,,,0
03194796-ba8c-46c1-98b6-f6fec1a48e6b,03194796-ba8c-46c1-98b6-f6fec1a48e6b,1,Italia Express,,,Heavy Food Preparation,Heavy Food Preparation,food,False,False,op_permit_food,Open,,,820 W STACY RD 6 Unit: 650 ALLEN TX 75013,False,120610,9,9,FE000239-08-2017,FE-007014-07-2026,Annual Renewal Completed,2027-08-09,https://cityofallentx-energovweb.tylerhost.net/apps/selfservice#/operationalPermit/e1758873-ce80-4e36-99c8-b980dcc621ec,12,12,2020-09-16,2026-09-27,0,0,5,92,2025-07-22,12,12,2020-09-16,2026-09-27,0,0,5,92,2025-07-22,0
efe5ee11-e47a-464c-a93c-ecb4b08c0da2,efe5ee11-e47a-464c-a93c-ecb4b08c0da2,1,Italian Villa Restaurant,,,Heavy Food Preparation,Heavy Food Preparation,food,False,False,op_permit_food,Open,,,121 N GREENVILLE AVE Unit: B ALLEN TX 75002,False,103593,9,9,FE000268-08-2017,FE-007037-07-2026,Annual Renewal Completed,2027-08-29,https://cityofallentx-energovweb.tylerhost.net/apps/selfservice#/operationalPermit/1607a500-e27e-4990-8ad4-ccb4eba1be2f,18,18,2017-10-20,2026-09-27,3,0,1,79,2026-03-04,18,18,2017-10-20,2026-09-27,3,0,1,79,2026-03-04,0
9e5efc0d-3916-458d-a12d-d0a7eedbf9a9,9e5efc0d-3916-458d-a12d-d0a7eedbf9a9,1,J&C Vending-Allen Station/Baseball,,,Light - Food Establishment,Light - Food Establishment,food,False,False,license_food,Closed,,2019-08-26,1120 N CEDAR DR ALLEN TX 75002,False,,1,0,FE000789-05-2018,FE000789-05-2018,Expired,2019-05-15,https://cityofallentx-energovweb.tylerhost.net/apps/selfservice#/businessLicense/54a971aa-2bff-4af2-94dc-13cf8483b3c2,1,1,2018-05-25,2018-05-25,0,0,0,,,1,1,2018-05-25,2018-05-25,0,0,0,,,0
3faaaf72-84ee-462d-8b86-85b06c2e8ad8,3faaaf72-84ee-462d-8b86-85b06c2e8ad8,2,J&C Vending-Allen Station/Softball,,,Light - Food Establishment,Light - Food Establishment | Light Food Preparation,food,False,False,license_food | op_permit_food,Closed,2017-06-27,2019-08-26,1120 N CEDAR DR ALLEN TX 75002,False,123927,4,3,FE000092-05-2017,FE002817-02-2021,Expired,2021-05-20,https://cityofallentx-energovweb.tylerhost.net/apps/selfservice#/businessLicense/bdfa3b2a-f3e7-4a6f-8606-8843693a73d7,0,0,,,0,0,0,,,0,0,,,0,0,0,,,0
f3aaad50-acad-4b74-add8-12b2768e1271,3faaaf72-84ee-462d-8b86-85b06c2e8ad8,2,J&C Vending-Allen Station/Softball,,,Light - Food Establishment,Light - Food Establishment,food,False,False,license_food,Closed,2017-06-27,2019-02-15,1120 N CEDAR DR ALLEN TX 75002,False,123927,1,0,FE000091-05-2017,FE000091-05-2017,Expired,2018-05-17,https://cityofallentx-energovweb.tylerhost.net/apps/selfservice#/businessLicense/2c48b082-fd71-46ed-91aa-9a144e975049,0,0,,,0,0,0,,,0,0,,,0,0,0,,,0
f733c25e-8d5e-4307-8bf7-f62511d22b5f,f733c25e-8d5e-4307-8bf7-f62511d22b5f,1,J&C Vending-Bolin Twin Creeks,,,Light - Food Establishment,Light - Food Establishment | Light Food Preparation,food,False,False,license_food | op_permit_food,Closed,2017-06-27,2021-04-05,1610 W MCDERMOTT DR ALLEN TX 75013,False,122716,2,1,FE000093-05-2017,FE000788-05-2018,Expired,2019-05-18,https://cityofallentx-energovweb.tylerhost.net/apps/selfservice#/businessLicense/da192f2d-269e-4e92-b764-d201d6054f8f,0,0,,,0,0,0,,,0,0,,,0,0,0,,,0
2c776d55-355a-46f8-8429-4f411060c690,2c776d55-355a-46f8-8429-4f411060c690,1,J&C Vending-Celebration/Baseball,,,Light - Food Establishment,Light - Food Establishment,food,False,False,license_food,Closed,2017-06-27,2019-08-26,701 ANGEL PKWY ALLEN TX 75002,False,121106,2,0,FE000095-05-2017,FE000787-05-2018,Expired,2019-05-15,https://cityofallentx-energovweb.tylerhost.net/apps/selfservice#/businessLicense/16607912-b9c3-4e27-9cd9-08ce9615e2f1,0,0,,,0,0,0,,,0,0,,,0,0,0,,,0
63a1ec57-21b1-4f10-82f8-0cfe09335de0,63a1ec57-21b1-4f10-82f8-0cfe09335de0,1,J&C Vending-Celebration/Soccer,,,Light - Food Establishment,Light - Food Establishment | Light Food Preparation,food,False,False,license_food | op_permit_food,Closed,2017-06-27,2019-08-26,701 ANGEL PKWY ALLEN TX 75002,False,121106,2,1,FE000094-05-2017,FE000786-05-2018,Expired,2019-05-18,https://cityofallentx-energovweb.tylerhost.net/apps/selfservice#/businessLicense/3f13c8fc-461e-415f-a95b-46559f63e43d,0,0,,,0,0,0,,,0,0,,,0,0,0,,,0
59fe73e9-ec8c-4c4f-aaa9-3fa55e0d57eb,59fe73e9-ec8c-4c4f-aaa9-3fa55e0d57eb,1,J&C Vending-Ford Park,,,Concession Stand - Food Establishment,Concession Stand - Food Establishment,food,False,False,license_food,Closed,,2020-10-01,632 PARK PLACE DR ALLEN TX 75002,False,107214,1,0,FE002534-10-2020,FE002534-10-2020,Closed,,https://cityofallentx-energovweb.tylerhost.net/apps/selfservice#/businessLicense/980635cc-93ba-4449-8a06-2490945c0e2f,0,0,,,0,0,0,,,0,0,,,0,0,0,,,0
c0444870-b86a-4c76-88df-247b64ce8966,c0444870-b86a-4c76-88df-247b64ce8966,1,J&C Vending-Ford Park,,,Light - Food Establishment,Light - Food Establishment,food,False,False,license_food,Closed,2018-07-12,2019-07-29,700 PARK PLACE DR ALLEN TX 75002,False,107212,1,0,FE000907-06-2018,FE000907-06-2018,Expired,2019-06-28,https://cityofallentx-energovweb.tylerhost.net/apps/selfservice#/businessLicense/24e76f07-e6bf-4bab-9422-8c21630bdb7e,1,1,2018-07-12,2018-07-12,0,0,0,,,1,1,2018-07-12,2018-07-12,0,0,0,,,0
8c864117-4b3a-44e9-afdd-2f7fcb9106cd,8c864117-4b3a-44e9-afdd-2f7fcb9106cd,1,J&M Catering and Events LLC,,,Special Event - Food Establishment,Special Event - Food Establishment,special event,True,False,license_special_event_food,Closed,2024-06-19,2025-08-01,Little Elm TX 75068,True,,1,0,FESP005391-06-2024,FESP005391-06-2024,Expired,2024-06-19,https://cityofallentx-energovweb.tylerhost.net/apps/selfservice#/businessLicense/156ca060-93eb-4a5b-8001-36e3261f5f28,0,0,,,0,0,0,,,0,0,,,0,0,0,,,0
5b8af33b-5c93-4514-8228-970082b9ef49,5b8af33b-5c93-4514-8228-970082b9ef49,1,J.C.'s Taco's,,,Special Event - Food Establishment,Special Event - Food Establishment,special event,True,False,license_special_event_food,Closed,2022-05-22,2022-05-22,601 S GREENVILLE AVE ALLEN TX 75002,False,108980,2,0,FESP003801-05-2022,FESP003807-05-2022,Expired,2022-05-22,https://cityofallentx-energovweb.tylerhost.net/apps/selfservice#/businessLicense/c52fc2d6-9d14-48af-a522-2c01e328b776,0,0,,,0,0,0,,,0,0,,,0,0,0,,,0
b92eb7fb-a72b-4c96-8240-359814dba1d2,b92eb7fb-a72b-4c96-8240-359814dba1d2,1,JB's Allen Bowl,,,Heavy Food Preparation,Heavy Food Preparation,food,False,False,op_permit_food,Open,2018-07-25,,1011 S GREENVILLE AVE ALLEN TX 75002,False,104259,9,9,FE000254-08-2017,FE-007097-08-2026,Annual Renewal Completed,2027-08-21,https://cityofallentx-energovweb.tylerhost.net/apps/selfservice#/operationalPermit/79aea7d4-98e7-407c-8251-b2958ba07d9a,19,19,2018-02-07,2026-09-30,4,0,0,,,19,19,2018-02-07,2026-09-30,4,0,0,,,0
2e2ab3b6-c969-4fbd-b1d7-33ba0dc65433,2e2ab3b6-c969-4fbd-b1d7-33ba0dc65433,1,JBW Vending,,,Temporary Food Establishment - Food Establishment,Temporary Food Establishment - Food Establishment,food,True,False,license_food,Closed,,2019-08-26,190 E STACY RD  ALLEN TX 75002,False,127340,1,0,FE001420-03-2019,FE001420-03-2019,Expired,2019-04-13,https://cityofallentx-energovweb.tylerhost.net/apps/selfservice#/businessLicense/a82a089a-7b6a-4f92-825f-00a671a078ad,0,0,,,0,0,0,,,0,0,,,0,0,0,,,0
a6797c9b-98f9-4614-b43c-fc08bc6499fd,a6797c9b-98f9-4614-b43c-fc08bc6499fd,1,JBW Vending-Allen USA,,,Temporary Food Establishment - Food Establishment,Temporary Food Establishment - Food Establishment | Temporary Food Establishments,food,True,False,license_food | op_permit_food,Closed,,2022-06-15,701 ANGEL PKWY  ALLEN TX 75002,False,121106,3,2,FE000863-06-2018,FE003055-06-2021,Expired,2021-06-26,https://cityofallentx-energovweb.tylerhost.net/apps/selfservice#/businessLicense/cd5a9d42-6cf7-411c-9d10-d2233a90a1cf,3,3,2018-06-30,2021-06-25,0,0,0,,,3,3,2018-06-30,2021-06-25,0,0,0,,,0
d834b9f5-e301-4153-a379-c0a8dcc15528,d834b9f5-e301-4153-a379-c0a8dcc15528,1,JC'S Burger House,,,Heavy Food Preparation,Heavy Food Preparation,food,False,False,op_permit_food,Open,2017-06-14,,335 S CENTRAL EXPY  ALLEN TX 75013,False,110859,10,10,FE000020-04-2017,FE006824-03-2026,Annual Renewal Completed,2027-04-14,https://cityofallentx-energovweb.tylerhost.net/apps/selfservice#/operationalPermit/D454E126-AB29-44C9-A82E-9CA26E8892B9,23,22,2017-12-04,2025-11-03,4,0,7,92,2025-11-03,23,22,2017-12-04,2025-11-03,4,0,7,92,2025-11-03,0
6ddfc61e-6d18-4aae-871a-ae2c6cd2f500,6ddfc61e-6d18-4aae-871a-ae2c6cd2f500,2,JFE Partnership - Kroger #548,,,Light - Food Establishment,Heavy - Food Establishment | Heavy Food Preparation | Light - Food Establishment,food,False,False,license_food | op_permit_food,Closed,,2020-09-24,1210 N GREENVILLE AVE ALLEN TX 75002,False,126011,3,1,FE000004-04-2017,FE001464-04-2019,Expired,2020-04-15,https://cityofallentx-energovweb.tylerhost.net/apps/selfservice#/businessLicense/dc461037-412f-4727-adf0-a1fbaffeeee5,5,5,2018-03-12,2020-03-05,1,0,0,,,8,8,2018-03-12,2021-08-12,1,0,0,,,0
81e60f16-9763-48b8-ab49-bfdfac13ed3e,6ddfc61e-6d18-4aae-871a-ae2c6cd2f500,2,JFE Partnership - Kroger #548,,,Heavy - Food Establishment,Heavy - Food Establishment | Heavy Food Preparation,food,False,False,license_food | op_permit_food,Closed,,2020-04-21,1210 N GREENVILLE AVE ALLEN TX 75002,False,126011,2,1,FE002197-03-2020,FE002808-02-2021,Expired,2022-03-13,https://cityofallentx-energovweb.tylerhost.net/apps/selfservice#/businessLicense/4f05b1bd-fe48-4c87-aa70-29e2c181b02b,3,3,2020-09-23,2021-08-12,0,0,0,,,8,8,2018-03-12,2021-08-12,1,0,0,,,0
c111db76-6b9c-4b13-8211-12ba4d5e0456,c111db76-6b9c-4b13-8211-12ba4d5e0456,1,JFE Snowfox,,,Light - Food Establishment,Light - Food Establishment,food,False,False,license_food,Closed,,2024-12-03,1212 E Bethany Dr Allen TX 75002,False,,1,0,FE004603-06-2023,FE004603-06-2023,Expired,2024-10-05,https://cityofallentx-energovweb.tylerhost.net/apps/selfservice#/businessLicense/7f42d0c8-0b51-4c94-91b8-ac581de1433e,3,3,2023-10-05,2024-09-16,0,0,0,,,3,3,2023-10-05,2024-09-16,0,0,0,,,0
c3405a30-ec43-4ea1-bfbe-48382f70b33c,c3405a30-ec43-4ea1-bfbe-48382f70b33c,2,JJ's Fried Ribs & More,,,Temporary Food Establishment - Food Establishment,Temporary Food Establishment - Food Establishment,food,True,False,license_food,Open,2023-11-10,,1530 Rivercrest Blvd Allen TX 75002,False,,1,0,FE004935-11-2023,FE004935-11-2023,Expired,2023-11-18,https://cityofallentx-energovweb.tylerhost.net/apps/selfservice#/businessLicense/a930f638-db73-4789-8b1b-51b459ae261b,0,0,,,0,0,0,,,0,0,,,0,0,0,,,0
e7b536d5-75d9-4ac2-ae90-0849f2677fd9,c3405a30-ec43-4ea1-bfbe-48382f70b33c,2,JJ's Fried Ribs & More,,,Special Event - Food Establishment,Special Event - Food Establishment,special event,True,False,license_special_event_food,Open,2023-10-14,,1530 Rivercrest Blvd Allen TX 75013,False,,1,0,FESP004891-10-2023,FESP004891-10-2023,Expired,2023-10-28,https://cityofallentx-energovweb.tylerhost.net/apps/selfservice#/businessLicense/39e57ad4-b0f4-4d79-9f55-45eca261884c,0,0,,,0,0,0,,,0,0,,,0,0,0,,,0
901af613-686b-4a26-ae00-ea9c70f83b27,901af613-686b-4a26-ae00-ea9c70f83b27,1,JOY Macarons,,,Light Food Preparation,Light Food Preparation,food,False,False,op_permit_food,Open,2022-07-22,,908 Watters Creek BLVD Allen TX 75013,False,,4,4,FE003924-07-2022,FE-006942-06-2026,Annual Renewal Completed,2027-07-22,https://cityofallentx-energovweb.tylerhost.net/apps/selfservice#/operationalPermit/b0d28392-906d-474b-9189-12291fefffc8,5,5,2022-11-28,2026-11-20,0,0,0,,,5,5,2022-11-28,2026-11-20,0,0,0,,,0
e30c747a-21ab-496b-ac52-ffb69694e9b6,e30c747a-21ab-496b-ac52-ffb69694e9b6,1,JP Allen Donuts,,,Heavy - Food Establishment,Heavy - Food Establishment,food,False,False,license_food,Closed,,2019-01-22,803 E MAIN ST Unit: G ALLEN TX 75002,False,105858,1,0,FE000267-08-2017,FE000267-08-2017,Expired,2018-08-24,https://cityofallentx-energovweb.tylerhost.net/apps/selfservice#/businessLicense/ceacb750-2b2d-4142-87cf-18fdf277cd2a,1,1,2018-02-13,2018-02-13,0,0,0,,,1,1,2018-02-13,2018-02-13,0,0,0,,,0
6d865637-e28a-458e-8c78-63ab6474cc60,6d865637-e28a-458e-8c78-63ab6474cc60,1,"JW Entertainment Group, Inc.",,,Heavy - Food Establishment,Heavy - Food Establishment,food,False,False,license_food,Open,,,2031 W MCDERMOTT DR ALLEN TX 75013,False,,1,0,FE002224-04-2020,FE002224-04-2020,Expired,,https://cityofallentx-energovweb.tylerhost.net/apps/selfservice#/businessLicense/8bf82509-8a27-4aea-a973-1dd6808b5ba1,0,0,,,0,0,0,,,0,0,,,0,0,0,,,0
e2c9ba3d-4eba-4841-b11d-323993605792,e2c9ba3d-4eba-4841-b11d-323993605792,1,Jack in the Box,,,Heavy Food Preparation,Heavy Food Preparation,food,False,False,op_permit_food,Open,2017-10-23,,804 W MCDERMOTT DR  ALLEN TX 75013,False,114430,9,9,FE000454-12-2017,FE006505-11-2025,Annual Renewal Completed,2026-12-19,https://cityofallentx-energovweb.tylerhost.net/apps/selfservice#/operationalPermit/5400FA27-C677-4394-A82F-D3C804131B6F,26,26,2017-10-23,2026-09-27,7,0,6,93,2026-03-02,26,26,2017-10-23,2026-09-27,7,0,6,93,2026-03-02,0
2bdfe420-9a66-4e67-b4b8-88746d58375f,2bdfe420-9a66-4e67-b4b8-88746d58375f,1,Jack in the Box # 4798,,,Heavy Food Preparation,Heavy Food Preparation,food,False,False,op_permit_food,Open,,,394 E STACY RD ALLEN TX 75002,False,127736,10,10,FE000048-04-2017,FE006859-04-2026,Annual Renewal Completed,2027-05-01,https://cityofallentx-energovweb.tylerhost.net/apps/selfservice#/operationalPermit/07D054B5-E812-490C-9613-1C250C635422,23,22,2018-02-07,2026-09-27,2,0,6,93,2025-07-09,23,22,2018-02-07,2026-09-27,2,0,6,93,2025-07-09,0
d2cf5626-aeea-4749-93bb-7042a28f0936,d2cf5626-aeea-4749-93bb-7042a28f0936,1,Jalapenos Mexican Grill,,,Heavy - Food Establishment,Heavy - Food Establishment | Heavy Food Preparation,food,False,False,license_food | op_permit_food,Closed,2017-10-24,2023-11-02,121 N GREENVILLE AVE Unit: N ALLEN TX 75002,False,103593,7,6,FE000177-06-2017,FE004605-06-2023,Expired,2024-06-13,https://cityofallentx-energovweb.tylerhost.net/apps/selfservice#/businessLicense/a1e8644e-19be-4e82-ba8e-c0a077a5d46e,14,13,2017-10-24,2022-10-12,5,0,0,,,14,13,2017-10-24,2022-10-12,5,0,0,,,0
0b2d2c2c-bbfe-41f5-a663-d8db360d112d,0b2d2c2c-bbfe-41f5-a663-d8db360d112d,1,Jamba Juice,,,Light Food Preparation,Light Food Preparation,food,False,False,op_permit_food,Closed,,2025-01-14,829 W STACY RD A Unit: 100 ALLEN TX 75013,False,132965,5,5,FE002306-06-2020,FE005329-05-2024,Expired,2025-06-04,https://cityofallentx-energovweb.tylerhost.net/apps/selfservice#/operationalPermit/4490C5C2-19C3-4A8E-87FB-B8C1B667C9D0,9,8,2020-11-05,2024-07-01,0,0,2,90,2024-07-01,9,8,2020-11-05,2024-07-01,0,0,2,90,2024-07-01,0
fb3425f1-3d0f-4d25-baad-063d0abd4364,fb3425f1-3d0f-4d25-baad-063d0abd4364,1,Jamba Juice,,,Light - Food Establishment,Light - Food Establishment | Light Food Preparation,food,False,False,license_food | op_permit_food,Closed,2017-07-25,2021-06-25,1209 W MCDERMOTT DR  Unit: B ALLEN TX 75013,False,116056,5,4,FE000220-07-2017,FE003089-06-2021,Expired,2022-08-01,https://cityofallentx-energovweb.tylerhost.net/apps/selfservice#/businessLicense/e43def69-86eb-4257-b79f-9ae69852e7f1,7,6,2018-08-06,2021-01-28,0,0,0,,,7,6,2018-08-06,2021-01-28,0,0,0,,,0
6b42f1e3-3d7b-42d8-8997-a9ecde615df3,6b42f1e3-3d7b-42d8-8997-a9ecde615df3,1,Jason's Deli,DMI,,Heavy Food Preparation,Heavy Food Preparation,food,False,False,op_permit_food,Open,2017-09-27,,906 W MCDERMOTT DR Unit: 100 ALLEN TX 75013,False,117729,9,9,FE000394-10-2017,FE006486-11-2025,Annual Renewal Completed,2026-11-05,https://cityofallentx-energovweb.tylerhost.net/apps/selfservice#/operationalPermit/7B034E70-36DE-4F0E-97F7-2550229AFBF0,20,20,2017-09-27,2026-09-27,4,0,3,87,2025-09-15,20,20,2017-09-27,2026-09-27,4,0,3,87,2025-09-15,0
5edb3570-28ca-41b7-98c3-2c45104d6c7d,5edb3570-28ca-41b7-98c3-2c45104d6c7d,1,Jeff Leach Campaign,,,Temporary Food Establishment - Food Establishment,Temporary Food Establishment - Food Establishment,food,True,False,license_food,Open,,,305 CENTURY PKWY  ALLEN TX 75013,False,119249,1,0,FE001098-10-2018,FE001098-10-2018,Expired,2018-11-07,https://cityofallentx-energovweb.tylerhost.net/apps/selfservice#/businessLicense/fd7a3940-6a2a-4a97-9a10-555e928c6a0f,0,0,,,0,0,0,,,0,0,,,0,0,0,,,0
8a48accd-a95e-4c14-9117-d7733247376a,8a48accd-a95e-4c14-9117-d7733247376a,1,"Jenny Craig #624 dba of JC USA, Inc.",,,No Prep - Food Establishment,No Food Preparation | No Prep - Food Establishment,food,False,False,license_food | op_permit_food,Closed,,2022-11-09,906 W MCDERMOTT DR Unit: 124 ALLEN TX 75013,False,117729,5,4,FE000429-11-2017,FE003407-12-2021,Expired,2022-12-02,https://cityofallentx-energovweb.tylerhost.net/apps/selfservice#/businessLicense/ef2fddc1-bd69-4abc-b7e1-577423b91061,8,8,2018-01-31,2021-12-10,0,0,0,,,8,8,2018-01-31,2021-12-10,0,0,0,,,0
4fff8393-7ec8-4663-a251-67e6f6d3659f,4fff8393-7ec8-4663-a251-67e6f6d3659f,1,JennyLynnsBBQ@Lonestar Mercantile,,,Temporary Food Establishment - Food Establishment,Temporary Food Establishment - Food Establishment,food,True,False,license_food,Closed,2018-08-02,2018-08-02,2031 W MCDERMOTT DR  ALLEN TX 75013,False,113334,1,0,FE000955-08-2018,FE000955-08-2018,Expired,2018-08-04,https://cityofallentx-energovweb.tylerhost.net/apps/selfservice#/businessLicense/4b95e031-8118-49c8-a5fd-83dd9024a189,1,1,2018-08-02,2018-08-02,0,0,0,,,1,1,2018-08-02,2018-08-02,0,0,0,,,0
45d02a13-8d26-473e-a755-bffd5d507df4,45d02a13-8d26-473e-a755-bffd5d507df4,1,Jerajo Foods LLC #1,,,Mobile Food Prep Unit - Food Establishment,Mobile Food Prep Unit - Food Establishment,food,True,False,license_food,Closed,2019-12-20,2020-12-20,Roanoke TX 76262,True,,1,0,FE001959-12-2019,FE001959-12-2019,Expired,2020-12-20,https://cityofallentx-energovweb.tylerhost.net/apps/selfservice#/businessLicense/935aaa8f-91af-4056-8ca8-1feeb213f605,1,1,2019-12-20,2019-12-20,0,0,0,,,1,1,2019-12-20,2019-12-20,0,0,0,,,0
a696183c-ddad-4511-b2e3-487b2ba311dd,a696183c-ddad-4511-b2e3-487b2ba311dd,1,Jerajo Foods LLC #2,,,Mobile Food Prep Unit - Food Establishment,Mobile Food Prep Unit - Food Establishment,food,True,False,license_food,Closed,,2020-12-22,Roanoke TX 76262,True,,1,0,FE001936-12-2019,FE001936-12-2019,Expired,2020-12-17,https://cityofallentx-energovweb.tylerhost.net/apps/selfservice#/businessLicense/5459abe3-5aa9-4ef3-9334-cdaaa6e5e441,1,1,2019-12-17,2019-12-17,0,0,0,,,1,1,2019-12-17,2019-12-17,0,0,0,,,0
722fb213-137b-4efb-8e77-52f91369dc5d,722fb213-137b-4efb-8e77-52f91369dc5d,1,Jeremiah's Italian Ice,,,Temporary Food Establishments,Temporary Food Establishments,food,True,False,op_permit_food,Closed,,2024-11-22,ALLEN TX 75002,True,,1,1,FESP004905-10-2023,FESP004905-10-2023,Active,2999-01-01,https://cityofallentx-energovweb.tylerhost.net/apps/selfservice#/operationalPermit/6FB6907D-EF53-42DB-BE46-68ACD61B05F0,1,1,2023-10-20,2023-10-20,0,0,0,,,1,1,2023-10-20,2023-10-20,0,0,0,,,0
62891b0d-6789-4e13-9dc7-27819c234fd4,62891b0d-6789-4e13-9dc7-27819c234fd4,1,Jersey Mike's Subs,,,Heavy Food Preparation,Heavy Food Preparation,food,False,False,op_permit_food,Open,,,790 W Exchange Parkway Unit: #3 Allen TX 75013,False,,1,1,FE-006882-05-2026,FE-006882-05-2026,Annual Renewal Completed,2027-06-16,https://cityofallentx-energovweb.tylerhost.net/apps/selfservice#/operationalPermit/9456c67e-23de-41b7-beda-a3003391f8fc,1,1,2025-08-19,2025-08-19,0,0,1,92,2025-08-19,1,1,2025-08-19,2025-08-19,0,0,1,92,2025-08-19,0
b5556a24-4751-46c5-8c55-929b22b3534a,b5556a24-4751-46c5-8c55-929b22b3534a,1,Jersey Mike's Subs,,,Heavy Food Preparation,Heavy Food Preparation,food,False,False,op_permit_food,Closed,2017-11-13,2025-05-08,790 W EXCHANGE PKWY  Unit: 120 ALLEN TX 75013,False,129741,8,8,FE000117-06-2017,FE005379-06-2024,Expired,2025-06-07,https://cityofallentx-energovweb.tylerhost.net/apps/selfservice#/operationalPermit/E70439D1-DF8E-46C8-BA6D-4B30DF23A79F,20,20,2017-11-13,2025-02-21,6,0,3,81,2025-02-17,20,20,2017-11-13,2025-02-21,6,0,3,81,2025-02-17,0
1c5e463a-7a36-43ef-878a-4ca2e358aa98,1c5e463a-7a36-43ef-878a-4ca2e358aa98,1,Jimmy John 1881,,,Heavy Food Preparation,Heavy Food Preparation,food,False,False,op_permit_food,Open,2017-05-02,,801 BAUMGARTNER WAY ALLEN TX 75013,False,129177,9,9,FE000673-04-2018,FE006800-03-2026,Annual Renewal Completed,2027-04-08,https://cityofallentx-energovweb.tylerhost.net/apps/selfservice#/operationalPermit/BCCDFEA9-5033-4AB7-B332-E15F8734E5BA,22,21,2018-06-25,2026-12-01,3,0,4,97,2025-08-07,22,21,2018-06-25,2026-12-01,3,0,4,97,2025-08-07,0
d71e77b0-9eb9-47fa-959c-c2bc3269e33e,d71e77b0-9eb9-47fa-959c-c2bc3269e33e,1,Jimmy's Burger,,,Special Event - Food Establishment,Special Event - Food Establishment,special event,True,False,license_special_event_food,Closed,2019-10-28,2019-10-28,909 ALLEN CENTRAL DR ALLEN TX 75013,False,129235,1,0,FESP001836-10-2019,FESP001836-10-2019,Expired,2019-10-27,https://cityofallentx-energovweb.tylerhost.net/apps/selfservice#/businessLicense/4eeb2876-b1f6-4838-8e2a-9c735a53e8fe,1,1,2019-10-28,2019-10-28,0,0,0,,,1,1,2019-10-28,2019-10-28,0,0,0,,,0
4f588684-a432-447a-9f83-b8933405eb49,4f588684-a432-447a-9f83-b8933405eb49,2,Joe's Italian Bistro,,,Heavy Food Preparation,Heavy Food Preparation,food,False,False,op_permit_food,Open,2017-06-22,,717 S GREENVILLE AVE Unit: 134 ALLEN TX 75002,False,105147,7,7,FE001629-06-2019,FE-006883-05-2026,Annual Renewal Completed,2027-06-29,https://cityofallentx-energovweb.tylerhost.net/apps/selfservice#/operationalPermit/734277a4-20cd-47b8-a710-d461dd881580,19,19,2018-06-28,2025-09-22,5,0,0,,,19,19,2018-06-28,2025-09-22,5,0,0,,,0
ce7e7ded-ba11-4199-ad27-cd8cee32f6b0,4f588684-a432-447a-9f83-b8933405eb49,2,Joe's Italian Bistro,,,Heavy - Food Establishment,Heavy - Food Establishment | Heavy Food Preparation,food,False,False,license_food | op_permit_food,Closed,,2019-03-13,717 S GREENVILLE AVE Unit: 134 ALLEN TX 75002,False,105147,2,1,FE000191-07-2017,FE000888-06-2018,Expired,2019-07-04,https://cityofallentx-energovweb.tylerhost.net/apps/selfservice#/businessLicense/4e2b7c68-1ef4-4f8c-8f6d-d35e91c549c4,0,0,,,0,0,0,,,19,19,2018-06-28,2025-09-22,5,0,0,,,0
0e6adff5-a683-4726-a81d-2413d072ebf9,0e6adff5-a683-4726-a81d-2413d072ebf9,1,"Joemakin, LLC",,,Light - Food Establishment,Light - Food Establishment,food,False,False,license_food,Closed,,2023-08-15,410 N GREENVILLE AVE Unit: 120 ALLEN TX 75002,False,104268,1,0,FE000289-09-2017,FE000289-09-2017,Expired,2018-09-06,https://cityofallentx-energovweb.tylerhost.net/apps/selfservice#/businessLicense/af5a6d60-f540-4fb0-87ab-0d557a36434c,0,0,,,0,0,0,,,0,0,,,0,0,0,,,0
8b93e176-3606-497a-bc0d-3c520fee7359,8b93e176-3606-497a-bc0d-3c520fee7359,1,Johnny's Dogs,,,Special Event - Food Establishment,Special Event - Food Establishment,special event,True,False,license_special_event_food,Closed,2019-10-25,2020-06-17,190 E STACY RD B2600 Unit: 2650 ALLEN TX 75002,False,127348,1,0,FESP001850-10-2019,FESP001850-10-2019,Expired,2019-10-26,https://cityofallentx-energovweb.tylerhost.net/apps/selfservice#/businessLicense/f3afeddb-1ea8-4f14-96ca-e9d6150b1d6e,1,1,2019-10-29,2019-10-29,0,0,0,,,1,1,2019-10-29,2019-10-29,0,0,0,,,0
5768502b-d7c7-47a5-81b8-661459670d6b,5768502b-d7c7-47a5-81b8-661459670d6b,1,Johnson Girl's Pound Cakes,,,Special Event - Food Establishment,Special Event - Food Establishment,special event,True,False,license_special_event_food,Open,2024-06-19,,Lavon TX 75166,True,,1,0,FESP005392-06-2024,FESP005392-06-2024,Expired,2024-06-19,https://cityofallentx-energovweb.tylerhost.net/apps/selfservice#/businessLicense/b5dfb35d-2f8c-4b12-96c9-2a8cdb7b3970,0,0,,,0,0,0,,,0,0,,,0,0,0,,,0
e4fbd5d7-9871-469d-989b-a53cb7ccb0fc,e4fbd5d7-9871-469d-989b-a53cb7ccb0fc,1,Joia's Joyful Juices-Allen USA,,,Temporary Food Establishment - Food Establishment,Temporary Food Establishment - Food Establishment,food,True,False,license_food,Closed,2017-06-24,2017-10-09,701 ANGEL PKWY ALLEN TX 75002,False,121106,1,0,FE000145-06-2017,FE000145-06-2017,Expired,2017-06-24,https://cityofallentx-energovweb.tylerhost.net/apps/selfservice#/businessLicense/efa62150-4d7b-47a0-b473-bac1a3ea5815,0,0,,,0,0,0,,,0,0,,,0,0,0,,,0
9ffe182b-0ca9-43f3-9b7d-de67333cbedb,9ffe182b-0ca9-43f3-9b7d-de67333cbedb,1,Jollof Haus,,,Heavy Food Preparation,Heavy Food Preparation,food,False,False,op_permit_food,Open,2022-09-20,,945 W Stacy RD Unit: 130 Allen TX 75013,False,,4,4,FE004043-09-2022,FE006397-09-2025,Expired,2026-09-12,https://cityofallentx-energovweb.tylerhost.net/apps/selfservice#/operationalPermit/E99E78E1-25EF-4C28-AE91-1E5EE87F7487,5,4,2022-12-05,2025-08-21,0,0,0,,,5,4,2022-12-05,2025-08-21,0,0,0,,,0
c0784643-d4a4-436d-b382-017c5e4c36f2,c0784643-d4a4-436d-b382-017c5e4c36f2,1,Jumping World,,,Heavy Food Preparation,Heavy Food Preparation,food,False,False,op_permit_food,Open,,,2031 W MCDERMOTT DR ALLEN TX 75013,False,,2,2,FE005587-09-2024,FE006609-01-2026,Annual Renewal Completed,2026-12-31,https://cityofallentx-energovweb.tylerhost.net/apps/selfservice#/operationalPermit/30FBCF23-4AC2-4D5B-BA8C-3F4122698A42,3,3,2025-07-02,2026-03-11,0,0,1,94,2025-09-11,3,3,2025-07-02,2026-03-11,0,0,1,94,2025-09-11,0
0ca537ea-59a3-41b8-ba16-c57a93927688,0ca537ea-59a3-41b8-ba16-c57a93927688,1,Jumping World USA,,,No Food Preparation,No Food Preparation,food,False,False,op_permit_food,Closed,,2024-09-05,2031 W McDermott Drive Allen TX 75013,False,,2,2,FE004601-06-2023,FE005462-07-2024,Expired,2025-07-12,https://cityofallentx-energovweb.tylerhost.net/apps/selfservice#/operationalPermit/6C6558F0-1843-4F3D-B1C7-D98C34313AD2,0,0,,,0,0,0,,,0,0,,,0,0,0,,,0
ca6fa125-9653-4b86-9747-6502d5108097,ca6fa125-9653-4b86-9747-6502d5108097,1,KERR ELEMENTARY CAFETERIA,,,Heavy Food Preparation,Heavy Food Preparation,food,False,False,op_permit_food,Open,2017-10-04,,1325 GLENDOVER DR  ALLEN TX 75013,False,117702,9,9,FE000334-10-2017,FE-006997-07-2026,Active,,https://cityofallentx-energovweb.tylerhost.net/apps/selfservice#/operationalPermit/ab6e16aa-ac01-4ebd-b041-90655d3ac5c7,17,17,2017-10-04,2026-09-27,0,0,0,,,17,17,2017-10-04,2026-09-27,0,0,0,,,0
88cc4522-4697-473f-88df-5dd3212607cd,88cc4522-4697-473f-88df-5dd3212607cd,1,KFC,,,Heavy Food Preparation,Heavy Food Preparation,food,False,False,op_permit_food,Open,,,200 N Greenville Ave Allen TX 75002,False,,2,2,FE005781-12-2024,FE006635-01-2026,Annual Renewal Completed,2027-01-02,https://cityofallentx-energovweb.tylerhost.net/apps/selfservice#/operationalPermit/17E73A5F-87DB-4A99-95CC-2D187F9490CA,3,1,2025-04-10,2025-04-10,0,0,0,,,3,1,2025-04-10,2025-04-10,0,0,0,,,0
2f3217af-bc61-47ac-8670-78df9f766d1b,2f3217af-bc61-47ac-8670-78df9f766d1b,1,KFC-Kentucky Fried Chicken,,,Heavy - Food Establishment,Heavy - Food Establishment | Heavy Food Preparation,food,False,False,license_food | op_permit_food,Closed,2017-10-17,2023-08-14,200 N GREENVILLE AVE ALLEN TX 75002,False,105997,7,6,FE000609-03-2018,FE005211-03-2024,Expired,2025-03-18,https://cityofallentx-energovweb.tylerhost.net/apps/selfservice#/businessLicense/d347a983-2f39-4b69-8ba7-292614ee2fc0,16,16,2017-10-17,2024-08-09,3,0,0,,,16,16,2017-10-17,2024-08-09,3,0,0,,,0
b7836fea-b47c-40fd-b935-6291d937a46e,b7836fea-b47c-40fd-b935-6291d937a46e,1,KND Hospitality Co dba Naborly provisions,The Naborly,,Special Event - Food Establishment,Special Event - Food Establishment,special event,True,False,license_special_event_food,Closed,2021-07-07,2022-01-07,Heath TX 75032,True,,1,0,FESP003102-07-2021,FESP003102-07-2021,Expired,2021-07-23,https://cityofallentx-energovweb.tylerhost.net/apps/selfservice#/businessLicense/88fa17b4-9313-4a47-8224-611d25fd903c,1,1,2021-07-07,2021-07-07,0,0,0,,,1,1,2021-07-07,2021-07-07,0,0,0,,,0
c5787605-a864-408f-808c-23b06963e2ff,c5787605-a864-408f-808c-23b06963e2ff,1,KONA ICE OF PLANO,,,Mobile Food Prep Unit - Food Establishment,Mobile Food Prep Unit - Food Establishment,food,True,False,license_food,Closed,,2026-04-14,Wylie TX 75098,True,,1,0,FE006051-03-2025,FE006051-03-2025,Closed,,https://cityofallentx-energovweb.tylerhost.net/apps/selfservice#/businessLicense/c0e2272c-8411-411c-8f27-ae7b9f0956e0,1,1,2025-03-31,2025-03-31,0,0,0,,,1,1,2025-03-31,2025-03-31,0,0,0,,,0
4c5c26f9-f0e4-4f63-9f38-083ffbd6a36b,4c5c26f9-f0e4-4f63-9f38-083ffbd6a36b,1,KROGER #548 Retail,,,Grocery Store,Grocery Store,food,False,False,op_permit_food,Open,2017-09-27,2020-09-24,1210 N GREENVILLE AVE ALLEN TX 75002,False,126011,9,9,FE000217-07-2017,FE-006945-06-2026,Annual Renewal Completed,2027-07-18,https://cityofallentx-energovweb.tylerhost.net/apps/selfservice#/operationalPermit/86bcf2b8-e9b9-48d5-96c7-060c1a3d334c,15,15,2017-09-27,2026-09-27,3,0,1,95,2026-04-09,15,15,2017-09-27,2026-09-27,3,0,1,95,2026-04-09,0
003a1761-cf85-4db8-83e4-17c11d717c2d,003a1761-cf85-4db8-83e4-17c11d717c2d,1,Kasra Persian and Afghan Cuisine,,,Special Event - Food Establishment,Special Event - Food Establishment,special event,True,False,license_special_event_food,Open,,,Richardson TX 75080,True,,1,0,FESP001408-03-2019,FESP001408-03-2019,Expired,2019-03-19,https://cityofallentx-energovweb.tylerhost.net/apps/selfservice#/businessLicense/a8b7fb23-daaf-42a2-b4a7-9d1394518e8e,0,0,,,0,0,0,,,0,0,,,0,0,0,,,0
3ae8935e-65d5-4642-8df7-ec6d98cf9a15,3ae8935e-65d5-4642-8df7-ec6d98cf9a15,1,Ked's Artisan Ice Cream and Treats,,,Special Event - Food Establishment,Special Event - Food Establishment,special event,True,False,license_special_event_food,Closed,2019-10-28,2019-10-28,Plano TX 75024,True,,1,0,FESP001829-10-2019,FESP001829-10-2019,Expired,2019-10-27,https://cityofallentx-energovweb.tylerhost.net/apps/selfservice#/businessLicense/23e0fff2-8851-43a0-984c-a2d666d274b4,1,1,2019-10-28,2019-10-28,0,0,0,,,1,1,2019-10-28,2019-10-28,0,0,0,,,0
7cd14437-cf2e-4cb6-9a3e-ab640592dab5,7cd14437-cf2e-4cb6-9a3e-ab640592dab5,1,"Keds IceCream, Waffles & Crepes",,,Heavy Food Preparation,Heavy Food Preparation,food,False,False,op_permit_food,Open,,,820 W Stacy Rd Unit: Suite# 624 Allen TX 75013,False,,1,1,FE-006950-06-2026,FE-006950-06-2026,Annual Renewal Completed,2027-04-30,https://cityofallentx-energovweb.tylerhost.net/apps/selfservice#/operationalPermit/94c45e58-ee00-41ed-b3ed-780cf136a04b,4,4,2025-06-11,2026-08-20,1,0,0,,,4,4,2025-06-11,2026-08-20,1,0,0,,,0
67c79b93-5f67-4f13-9e50-98597feded2d,67c79b93-5f67-4f13-9e50-98597feded2d,1,Kekoa's Kitchen,,,Heavy - Food Establishment,Heavy - Food Establishment | Heavy Food Preparation,food,False,False,license_food | op_permit_food,Closed,,2022-10-28,190 E STACY RD B1400 Unit: 1408 ALLEN TX 75002,False,127348,2,1,FE002605-12-2020,FE003770-05-2022,Expired,2023-04-08,https://cityofallentx-energovweb.tylerhost.net/apps/selfservice#/businessLicense/b4e45f13-5184-4c6b-b18c-114a3c0c6b10,3,3,2021-06-15,2022-03-28,0,0,0,,,3,3,2021-06-15,2022-03-28,0,0,0,,,0
9b58173d-652b-48c9-be31-9329905a9f46,9b58173d-652b-48c9-be31-9329905a9f46,1,Kellogg's Waffle Food Truck - Walmart,,,Temporary Food Establishment - Food Establishment,Temporary Food Establishment - Food Establishment,food,True,False,license_food,Closed,2017-05-10,2017-10-30,730 W EXCHANGE PKWY ALLEN TX 75013,False,,1,0,FE000061-05-2017,FE000061-05-2017,Expired,2017-05-10,https://cityofallentx-energovweb.tylerhost.net/apps/selfservice#/businessLicense/8d284447-a843-4b09-9945-ad9926d5594e,0,0,,,0,0,0,,,0,0,,,0,0,0,,,0
d195ed9b-582c-479c-a7db-661a391789d9,56aa0524-afb6-4ec5-8939-9df7299e73e1,2,Kelly's At The Village,,,Heavy Food Preparation,Heavy Food Preparation,food,False,False,op_permit_food,Open,,,190 E STACY RD B1200 Unit: 1204 ALLEN TX 75002,False,127348,1,1,FE-006889-05-2026,FE-006889-05-2026,Annual Renewal Completed,2027-06-05,https://cityofallentx-energovweb.tylerhost.net/apps/selfservice#/operationalPermit/addf75e2-77bc-44f7-94a1-46c08a6edd14,2,2,2026-09-27,2026-09-27,0,0,0,,,17,17,2018-05-10,2026-09-27,5,0,4,72,2025-07-10,0
56aa0524-afb6-4ec5-8939-9df7299e73e1,56aa0524-afb6-4ec5-8939-9df7299e73e1,2,Kelly's at the Village,,,Heavy Food Preparation,Heavy Food Preparation,food,False,False,op_permit_food,Closed,2017-05-30,2017-05-30,190 E STACY RD B1200 Unit: 1204 ALLEN TX 75002,False,127348,9,9,FE000380-10-2017,FE006448-10-2025,Closed,,https://cityofallentx-energovweb.tylerhost.net/apps/selfservice#/operationalPermit/6EE51B32-4C7C-41FB-97A6-153EDE6ECD78,15,15,2018-05-10,2025-07-16,5,0,4,72,2025-07-10,17,17,2018-05-10,2026-09-27,5,0,4,72,2025-07-10,0
d2aab760-10d2-48df-8588-99532e708f54,d2aab760-10d2-48df-8588-99532e708f54,1,Ken's Cowboy Beef Jerky @ AEC H&G,,,Temporary Food Establishment - Food Establishment,Temporary Food Establishment - Food Establishment,food,True,False,license_food,Closed,2018-09-14,2021-06-21,200 E STACY RD  ALLEN TX 75002,False,127345,1,0,FE001048-09-2018,FE001048-09-2018,Expired,2018-09-16,https://cityofallentx-energovweb.tylerhost.net/apps/selfservice#/businessLicense/e265cb93-7e46-4914-baae-a60b37bf1253,1,1,2018-09-14,2018-09-14,0,0,0,,,1,1,2018-09-14,2018-09-14,0,0,0,,,0
e65685d5-b7d3-4ae0-abc5-3b95c7067044,e65685d5-b7d3-4ae0-abc5-3b95c7067044,1,Kesari,,,Special Event - Food Establishment,Special Event - Food Establishment,special event,True,False,license_special_event_food,Open,,,Plano TX 75075,True,,1,0,FESP001406-03-2019,FESP001406-03-2019,Expired,2019-03-23,https://cityofallentx-energovweb.tylerhost.net/apps/selfservice#/businessLicense/15e16110-7862-4b3d-b92a-0902cfdf9bfa,0,0,,,0,0,0,,,0,0,,,0,0,0,,,0
3ea8abf5-803d-47ae-be73-a264228c1337,3ea8abf5-803d-47ae-be73-a264228c1337,1,Kiddie Academy of Allen,,,Day Care Facility,Day Care Facility,day care,False,False,op_permit_daycare,Open,,,1504 W EXCHANGE PKWY ALLEN TX 75013,False,132522,8,8,DC000920-07-2018,DC006952-07-2026,Annual Renewal Completed,2027-07-15,https://cityofallentx-energovweb.tylerhost.net/apps/selfservice#/operationalPermit/3a4662fc-7c3f-4409-a686-2151a852f652,13,13,2018-09-13,2026-09-27,0,0,0,,,13,13,2018-09-13,2026-09-27,0,0,0,,,0
570e6fe5-35e6-4f00-8648-60705c76341d,25709b3a-039a-4867-8f24-3481be570ebb,2,Kids R Kids West Allen,,,Day Care Facility,Day Care Facility,day care,False,False,op_permit_daycare,Open,,,1223 N Alma Dr Allen TX 75013,False,,2,2,DC005725-12-2024,DC006495-11-2025,Annual Renewal Completed,2026-12-10,https://cityofallentx-energovweb.tylerhost.net/apps/selfservice#/operationalPermit/1904B119-8719-411E-BE06-0E12452DEBED,3,2,2025-03-07,2025-10-04,0,0,0,,,20,19,2017-09-13,2025-10-04,3,0,1,90,2023-08-02,0
25709b3a-039a-4867-8f24-3481be570ebb,25709b3a-039a-4867-8f24-3481be570ebb,2,Kids R Kids of West Allen,,,Day Care Facility,Day Care Facility,day care,False,False,op_permit_daycare,Closed,2017-09-13,2024-11-14,1223 N ALMA DR  ALLEN TX 75013,False,127682,6,6,DC000546-02-2018,DC004312-02-2023,Annual Renewal Completed,2024-02-18,https://cityofallentx-energovweb.tylerhost.net/apps/selfservice#/operationalPermit/AFED5016-AD07-4717-9C85-F038302C86DE,17,17,2017-09-13,2024-09-17,3,0,1,90,2023-08-02,20,19,2017-09-13,2025-10-04,3,0,1,90,2023-08-02,0
1d2b826a-5c86-44af-9b3c-9fb3f0a8c69d,1d2b826a-5c86-44af-9b3c-9fb3f0a8c69d,1,KidsPark,,,Day Care Facility,Day Care Facility,day care,False,False,op_permit_daycare,Closed,,2021-01-05,977 SH121 HWY B Unit: 150 ALLEN TX 75013,False,,1,1,DC001082-10-2018,DC001082-10-2018,Annual Renewal Completed,2019-10-16,https://cityofallentx-energovweb.tylerhost.net/apps/selfservice#/operationalPermit/888AD86F-0E8C-425D-ADC4-F8790B952381,2,2,2019-08-29,2020-07-06,0,0,0,,,2,2,2019-08-29,2020-07-06,0,0,0,,,0
fc89aeac-76db-4d78-93eb-54d43b57e286,fc89aeac-76db-4d78-93eb-54d43b57e286,1,Killer Pecans,,,Special Event - Food Establishment,Special Event - Food Establishment,special event,True,False,license_special_event_food,Closed,2022-11-09,2022-11-13,Lucas TX 75002,True,,1,0,FESP004058-09-2022,FESP004058-09-2022,Expired,2022-11-13,https://cityofallentx-energovweb.tylerhost.net/apps/selfservice#/businessLicense/c507db47-93da-4a02-beb5-6aa19200de45,1,1,2022-11-09,2022-11-09,0,0,0,,,1,1,2022-11-09,2022-11-09,0,0,0,,,0
ba2a8442-5a3a-4fbb-80b7-21548f640751,ba2a8442-5a3a-4fbb-80b7-21548f640751,1,Kindercare Learning Center,,,Day Care Facility,Day Care Facility,day care,False,False,op_permit_daycare,Open,2017-11-03,,103 N FOUNTAIN PARK Drive ALLEN TX 75002,False,104977,9,9,DC000409-11-2017,DC006519-12-2025,Annual Renewal Completed,2026-11-08,https://cityofallentx-energovweb.tylerhost.net/apps/selfservice#/operationalPermit/AB99C925-C815-4DEA-9294-EDE9955729B8,15,15,2018-03-29,2026-11-13,0,0,5,90,2025-11-13,15,15,2018-03-29,2026-11-13,0,0,5,90,2025-11-13,0
fa9f3954-e72f-4a6c-9adf-e57efd402ddf,fa9f3954-e72f-4a6c-9adf-e57efd402ddf,1,Kindergarten Prep,,,Day Care Facility,Day Care Facility,day care,False,False,op_permit_daycare,Closed,,2026-08-05,802 S ALMA DR ALLEN TX 75013,False,115800,5,5,DC003392-12-2021,DC006513-11-2025,Closed,,https://cityofallentx-energovweb.tylerhost.net/apps/selfservice#/operationalPermit/165D0B2D-C209-4B4F-8CFA-39B3F83ECE9A,9,8,2021-12-08,2025-08-06,0,0,5,100,2025-08-06,9,8,2021-12-08,2025-08-06,0,0,5,100,2025-08-06,0
67dc7dca-e28f-4049-946b-5ce211a3a094,67dc7dca-e28f-4049-946b-5ce211a3a094,1,Kindergarten Prep Montessori and Child Care,Kindergarten Prep Montessori and Child Care,,Day Care Facility,Day Care Facility,day care,False,False,op_permit_daycare,Open,,,802 S ALMA DR ALLEN TX 75013,False,115800,1,1,DC007067-08-2026,DC007067-08-2026,Annual Renewal Completed,2027-08-11,https://cityofallentx-energovweb.tylerhost.net/apps/selfservice#/operationalPermit/0d8b5c23-96a4-4f14-9b30-409380ee1e1f,1,1,2026-09-28,2026-09-28,0,0,0,,,1,1,2026-09-28,2026-09-28,0,0,0,,,0
88630849-880c-40fd-85ba-a741e2d9cbdc,88630849-880c-40fd-85ba-a741e2d9cbdc,1,King Kups,,,Special Event - Food Establishment,Special Event - Food Establishment,special event,True,False,license_special_event_food,Closed,2024-01-11,2024-01-25,368 N Greenville Ave Allen TX 75002,False,,1,0,FESP005017-01-2024,FESP005017-01-2024,Expired,2024-01-13,https://cityofallentx-energovweb.tylerhost.net/apps/selfservice#/businessLicense/e6e0e6c2-e0b4-4146-9e8a-19e2b600dc94,1,1,2024-01-11,2024-01-11,0,0,0,,,1,1,2024-01-11,2024-01-11,0,0,0,,,0
986680e0-0d4d-4a2b-9893-168190765985,986680e0-0d4d-4a2b-9893-168190765985,1,King Kups -Allen USA,,,Temporary Food Establishment - Food Establishment,Temporary Food Establishment - Food Establishment,food,True,False,license_food,Closed,2019-06-28,2024-01-25,701 ANGEL PKWY  ALLEN TX 75002,False,121106,1,0,FE001593-06-2019,FE001593-06-2019,Expired,2019-06-29,https://cityofallentx-energovweb.tylerhost.net/apps/selfservice#/businessLicense/854333b8-22b5-4697-ade5-816fe89f8d8b,1,1,2019-06-28,2019-06-28,0,0,0,,,1,1,2019-06-28,2019-06-28,0,0,0,,,0
385bac93-1c8e-428b-bbdf-9f7737d96e4d,385bac93-1c8e-428b-bbdf-9f7737d96e4d,1,Knafest,,,Special Event - Food Establishment,Special Event - Food Establishment,special event,True,False,license_special_event_food,Closed,2019-10-28,2019-10-28,Plano TX 75074,True,,1,0,FESP001832-10-2019,FESP001832-10-2019,Expired,2019-10-27,https://cityofallentx-energovweb.tylerhost.net/apps/selfservice#/businessLicense/f6eb7953-c2b7-4f50-bb43-29af2aa2a2ba,1,1,2019-10-28,2019-10-28,0,0,0,,,1,1,2019-10-28,2019-10-28,0,0,0,,,0
e0428b8e-52df-4ee1-aa55-d63b93672e40,e0428b8e-52df-4ee1-aa55-d63b93672e40,1,Knowledge Beginnings,,,Day Care Facility,Day Care Facility,day care,False,False,op_permit_daycare,Closed,2018-02-22,2022-11-16,1216 E BETHANY DR ALLEN TX 75002,False,113836,6,6,DC001415-03-2019,DC005456-07-2024,Annual Renewal Completed,2025-03-25,https://cityofallentx-energovweb.tylerhost.net/apps/selfservice#/operationalPermit/49E41AEF-117E-44BF-BCF1-B0EDB7312EA5,15,15,2018-02-23,2025-06-27,2,0,4,91,2025-06-27,15,15,2018-02-23,2025-06-27,2,0,4,91,2025-06-27,0
d9832d29-e34d-40f9-aebd-99815f75d278,d9832d29-e34d-40f9-aebd-99815f75d278,1,Kona Ice,,,Temporary Food Establishments,Temporary Food Establishments,food,True,False,op_permit_food,Closed,,2026-07-01,1015 Sam Rayburn Tollway Allen TX 75013,False,,1,1,FE-006919-06-2026,FE-006919-06-2026,Closed,,https://cityofallentx-energovweb.tylerhost.net/apps/selfservice#/operationalPermit/0711c9a0-1ec9-4abb-a2f2-233cc77a5008,0,0,,,0,0,0,,,0,0,,,0,0,0,,,0
f26185e8-cd34-4cc1-8f33-8086294aea70,f26185e8-cd34-4cc1-8f33-8086294aea70,1,Kona Ice,,,Temporary Food Establishments,Temporary Food Establishments,food,True,False,op_permit_food,Closed,,2026-07-16,1221 JOHNSON RD ALLEN TX 75013,False,134247,1,1,FE-006959-07-2026,FE-006959-07-2026,Closed,,https://cityofallentx-energovweb.tylerhost.net/apps/selfservice#/operationalPermit/45d7dbd6-1225-44dd-91ad-3e79278851a9,0,0,,,0,0,0,,,0,0,,,0,0,0,,,0
901ef8a0-ffd6-485f-a8ad-3a73b2b01f29,901ef8a0-ffd6-485f-a8ad-3a73b2b01f29,1,Kona Ice Frisco-Allen Plate BXZ-8774,,,Ice Cream Truck - Food Establishment,Ice Cream Truck | Ice Cream Truck - Food Establishment,food,True,False,license_food | op_permit_food,Closed,2017-09-05,2022-09-12,ALLEN TX 75002,True,,5,4,FE000277-08-2017,FE003318-09-2021,Expired,2022-09-04,https://cityofallentx-energovweb.tylerhost.net/apps/selfservice#/businessLicense/81f63560-0504-40e2-ab17-14746591deb1,3,3,2019-08-20,2021-09-22,0,0,0,,,3,3,2019-08-20,2021-09-22,0,0,0,,,0
c33284fa-026f-4818-a5c2-0a2988ba8992,c33284fa-026f-4818-a5c2-0a2988ba8992,1,Kona Ice Frisco-Allen Plate FTV-5666,,,Ice Cream Truck - Food Establishment,Ice Cream Truck | Ice Cream Truck - Food Establishment,food,True,False,license_food | op_permit_food,Closed,2017-08-29,2024-02-14,,False,108885,7,6,FE000272-08-2017,FE004804-09-2023,Expired,2024-09-03,https://cityofallentx-energovweb.tylerhost.net/apps/selfservice#/businessLicense/bbb6cf28-9768-41e2-a162-cea21ff68a61,7,7,2019-08-19,2023-09-08,1,0,0,,,7,7,2019-08-19,2023-09-08,1,0,0,,,0
8a7f4257-6e04-409c-a6a9-55293692f6c4,8a7f4257-6e04-409c-a6a9-55293692f6c4,1,Kona Ice Rocks T6,,,Mobile Food Prep Unit - Food Establishment,Mobile Food Prep Unit - Food Establishment,food,True,False,license_food,Closed,2024-02-27,2025-02-04,Greenville TX 75402,True,,1,0,FE005198-02-2024,FE005198-02-2024,Expired,2025-02-27,https://cityofallentx-energovweb.tylerhost.net/apps/selfservice#/businessLicense/e9086958-f61f-499b-a967-2ebd8218736e,1,1,2024-02-27,2024-02-27,0,0,0,,,1,1,2024-02-27,2024-02-27,0,0,0,,,0
1f02e317-413c-4fbe-bad7-5b2b701e3296,1f02e317-413c-4fbe-bad7-5b2b701e3296,1,Kona Ice Rocks T7,,,Mobile Food Prep Unit - Food Establishment,Mobile Food Prep Unit - Food Establishment,food,True,False,license_food,Closed,2024-02-27,2025-02-04,Greenville TX 75402,True,,1,0,FE005199-02-2024,FE005199-02-2024,Expired,2025-02-27,https://cityofallentx-energovweb.tylerhost.net/apps/selfservice#/businessLicense/fe640762-ecc8-45a1-80da-1da06bbd5b78,1,1,2024-02-27,2024-02-27,0,0,0,,,1,1,2024-02-27,2024-02-27,0,0,0,,,0
adbcdd88-d275-475e-8b19-9fc8d873ca29,adbcdd88-d275-475e-8b19-9fc8d873ca29,1,Kona Ice-Allen USA,,,Temporary Food Establishment - Food Establishment,Temporary Food Establishment - Food Establishment | Temporary Food Establishments,food,True,False,license_food | op_permit_food,Closed,2017-06-24,2022-08-15,701 ANGEL PKWY ALLEN TX 75002,False,121106,4,3,FE000156-06-2017,FE003062-06-2021,Expired,2021-06-26,https://cityofallentx-energovweb.tylerhost.net/apps/selfservice#/businessLicense/c99530a3-e2dc-48b6-b4a1-7e3ce7c277fa,2,2,2019-06-28,2021-06-25,0,0,0,,,2,2,2019-06-28,2021-06-25,0,0,0,,,0
e8fd6e88-23cd-4aea-868e-e603949d0e6b,e8fd6e88-23cd-4aea-868e-e603949d0e6b,1,Kono Pizza (LMV 5410),,,Mobile Food Prep Unit - Food Establishment,Mobile Food Prep Unit - Food Establishment,food,True,False,license_food,Open,2019-02-07,,,False,,1,0,FE001315-02-2019,FE001315-02-2019,Expired,2020-02-07,https://cityofallentx-energovweb.tylerhost.net/apps/selfservice#/businessLicense/5caee309-e2b9-433b-8ef8-8710a45431ad,2,2,2019-02-07,2019-03-22,0,0,0,,,2,2,2019-02-07,2019-03-22,0,0,0,,,0
0e72c3f6-40f6-4c77-bfe0-c5629f03b0de,0e72c3f6-40f6-4c77-bfe0-c5629f03b0de,1,Krispy Kreme,,,Heavy - Food Establishment,Heavy - Food Establishment | Heavy Food Preparation,food,False,False,license_food | op_permit_food,Closed,,2025-12-29,604 W McDermott Dr Allen TX 75002,False,104986,9,8,FE000435-12-2017,FE006531-12-2025,Closed,,https://cityofallentx-energovweb.tylerhost.net/apps/selfservice#/businessLicense/68692f98-45cb-4f8c-a900-2bda1fd314ba,22,20,2017-12-18,2024-07-02,9,0,0,,,22,20,2017-12-18,2024-07-02,9,0,0,,,0
ed376e03-d764-46c2-99da-f904c9ab9115,ed376e03-d764-46c2-99da-f904c9ab9115,1,Kroger,,,Heavy - Food Establishment,Heavy - Food Establishment | Heavy Food Preparation,food,False,False,license_food | op_permit_food,Closed,2020-07-10,2024-01-02,1320 W MCDERMOTT DR ALLEN TX 75013,False,113691,3,2,FE002383-07-2020,FE003843-06-2022,Expired,2023-07-12,https://cityofallentx-energovweb.tylerhost.net/apps/selfservice#/businessLicense/39fc6662-8936-41b3-a166-b0bcb19593b5,5,5,2020-09-09,2023-01-24,0,0,0,,,5,5,2020-09-09,2023-01-24,0,0,0,,,0
23e2c478-66ad-47a5-be71-2d109cec6f3b,23e2c478-66ad-47a5-be71-2d109cec6f3b,1,Kroger #544,,,Grocery Store,Grocery Store,food,False,False,op_permit_food,Open,2017-07-10,,1212 E BETHANY DR ALLEN TX 75002,False,113835,9,9,FE000211-07-2017,FE-006943-06-2026,Annual Renewal Completed,2027-07-27,https://cityofallentx-energovweb.tylerhost.net/apps/selfservice#/operationalPermit/a2a3fa82-5c24-46f4-983e-36dd2741bf90,20,20,2018-07-09,2026-04-24,3,0,0,,,20,20,2018-07-09,2026-04-24,3,0,0,,,0
1355dc90-460f-4cfa-9ae6-fdc8f003743f,1355dc90-460f-4cfa-9ae6-fdc8f003743f,2,Kroger #544 - Bakery,,,Heavy - Food Establishment,Heavy - Food Establishment | Heavy Food Preparation,food,False,False,license_food | op_permit_food,Closed,2020-07-09,2023-08-17,1212 E BETHANY DR ALLEN TX 75002,False,113835,3,2,FE002375-07-2020,FE003841-06-2022,Expired,2023-07-10,https://cityofallentx-energovweb.tylerhost.net/apps/selfservice#/businessLicense/1ccd1411-188a-412f-a474-fff2e89a0d43,5,5,2020-07-09,2023-06-02,0,0,0,,,11,11,2020-07-09,2026-04-24,0,0,0,,,0
d6c6ac71-8e69-452d-9fe1-199d663e7ca2,8be446d4-bbcb-412a-8354-6ee10e09c415,2,Kroger #544 - Deli,,,Heavy - Food Establishment,Heavy - Food Establishment | Heavy Food Preparation,food,False,False,license_food | op_permit_food,Closed,2020-07-09,2023-08-17,1212 E BETHANY DR ALLEN TX 75002,False,113835,3,2,FE002376-07-2020,FE003846-06-2022,Expired,2023-07-10,https://cityofallentx-energovweb.tylerhost.net/apps/selfservice#/businessLicense/73697fd1-cac3-43e1-b460-7b7252c36b8e,7,7,2020-07-09,2023-06-05,1,0,0,,,13,13,2020-07-09,2026-04-24,1,0,0,,,0
8be446d4-bbcb-412a-8354-6ee10e09c415,8be446d4-bbcb-412a-8354-6ee10e09c415,2,Kroger #544 Deli,,,Grocery Department,Grocery Department,food,False,False,op_permit_food,Open,,,1212 E Bethany Dr Allen TX 75002,False,,3,3,FE004769-08-2023,FE-007039-07-2026,Annual Renewal Completed,2027-07-27,https://cityofallentx-energovweb.tylerhost.net/apps/selfservice#/operationalPermit/dba6ef29-9af1-4a2d-a433-09ac48f69503,6,6,2023-10-05,2026-04-24,0,0,0,,,13,13,2020-07-09,2026-04-24,1,0,0,,,0
da14b4d4-176c-44b6-b59d-2b0030f88cbe,da14b4d4-176c-44b6-b59d-2b0030f88cbe,1,Kroger #544 Meat,,,Grocery Department,Grocery Department,food,False,False,op_permit_food,Open,,,1212 E Bethany Dr Allen TX 75002,False,,3,3,FE004770-08-2023,FE-007044-07-2026,Annual Renewal Completed,2027-07-27,https://cityofallentx-energovweb.tylerhost.net/apps/selfservice#/operationalPermit/5670d4d6-67a6-4611-b2ab-170ce8f0bccd,6,6,2023-10-05,2026-04-24,0,0,0,,,6,6,2023-10-05,2026-04-24,0,0,0,,,0
4228b338-312c-4180-921c-fc843b81afeb,4228b338-312c-4180-921c-fc843b81afeb,1,Kroger #544 Meat Market,,,Heavy - Food Establishment,Heavy - Food Establishment | Heavy Food Preparation,food,False,False,license_food | op_permit_food,Closed,2020-07-09,2023-08-17,1212 E BETHANY DR ALLEN TX 75002,False,113835,3,2,FE002377-07-2020,FE003847-06-2022,Expired,2023-07-10,https://cityofallentx-energovweb.tylerhost.net/apps/selfservice#/businessLicense/84e57130-33a6-4a5c-bcab-005736faf623,6,6,2020-07-09,2023-06-05,0,0,0,,,6,6,2020-07-09,2023-06-05,0,0,0,,,0
b84bf8a4-5622-4e4f-b7ca-c08bc46c5120,b84bf8a4-5622-4e4f-b7ca-c08bc46c5120,2,Kroger #544 Produce,,,Grocery Department,Grocery Department,food,False,False,op_permit_food,Open,,,1212 E Bethany Dr Allen TX 75002,False,,3,3,FE004771-08-2023,FE-007043-07-2026,Annual Renewal Completed,2027-07-27,https://cityofallentx-energovweb.tylerhost.net/apps/selfservice#/operationalPermit/d2c7983c-0305-406f-9d1f-e35baa660b7f,6,6,2023-10-05,2026-04-24,0,0,0,,,13,13,2020-07-10,2026-04-24,0,0,0,,,0
cad6cdb4-3734-4041-8ec6-e4c247f5db65,cad6cdb4-3734-4041-8ec6-e4c247f5db65,1,Kroger #544 Starbucks,,,Grocery Department,Grocery Department,food,False,False,op_permit_food,Open,,,1212 E BETHANY DR ALLEN TX 75002,False,113835,2,2,FE005407-06-2024,FE-007040-07-2026,Annual Renewal Completed,2027-07-27,https://cityofallentx-energovweb.tylerhost.net/apps/selfservice#/operationalPermit/928f071b-bc2d-4ace-98ab-a8b3ff4b2dee,3,3,2025-01-29,2026-04-24,0,0,0,,,3,3,2025-01-29,2026-04-24,0,0,0,,,0
52edaffd-9035-4f76-8d2d-358353712ba9,52edaffd-9035-4f76-8d2d-358353712ba9,2,Kroger #548 Bakery,,,Heavy - Food Establishment,Heavy - Food Establishment | Heavy Food Preparation,food,False,False,license_food | op_permit_food,Closed,,2024-02-27,1210 N GREENVILLE AVE ALLEN TX 75002,False,126011,3,2,FE002391-07-2020,FE003842-06-2022,Expired,2023-07-17,https://cityofallentx-energovweb.tylerhost.net/apps/selfservice#/businessLicense/53c0047a-a897-42a8-b5aa-a2d98d81174f,6,6,2020-09-23,2023-12-06,0,0,0,,,10,10,2020-09-23,2026-09-27,0,0,1,95,2026-04-09,0
91a6af8f-0fbe-4444-8d92-9600fba2a328,52edaffd-9035-4f76-8d2d-358353712ba9,2,Kroger #548 Bakery,,,Grocery Department,Grocery Department,food,False,False,op_permit_food,Open,,,1210 N Greenville Ave Allen TX 75002,False,,3,3,FE004778-08-2023,FE-007045-07-2026,Annual Renewal Completed,2027-07-18,https://cityofallentx-energovweb.tylerhost.net/apps/selfservice#/operationalPermit/d8df3671-3538-415e-94ef-14e529be8801,4,4,2025-03-24,2026-09-27,0,0,1,95,2026-04-09,10,10,2020-09-23,2026-09-27,0,0,1,95,2026-04-09,0
3021d9ec-4278-44a5-a2d4-c7f1790540ee,3021d9ec-4278-44a5-a2d4-c7f1790540ee,2,Kroger #548 Deli,,,Grocery Department,Grocery Department,food,False,False,op_permit_food,Open,,,1210 N Greenville Ave Allen TX 75002,False,,3,3,FE004777-08-2023,FE-007046-07-2026,Annual Renewal Completed,2027-07-18,https://cityofallentx-energovweb.tylerhost.net/apps/selfservice#/operationalPermit/beffae1e-aa30-42a1-9da5-4ca18bb7422c,4,4,2025-03-24,2026-09-27,0,0,1,95,2026-04-09,7,7,2022-04-19,2026-09-27,0,0,1,95,2026-04-09,0
31ad7bc8-1dfb-432d-9bdc-ef35b0615e2c,3021d9ec-4278-44a5-a2d4-c7f1790540ee,2,Kroger #548 Deli,,,Heavy - Food Establishment,Heavy - Food Establishment | Heavy Food Preparation,food,False,False,license_food | op_permit_food,Closed,,2020-09-24,1210 N GREENVILLE AVE ALLEN TX 75002,False,126011,3,2,FE002393-07-2020,FE003844-06-2022,Expired,2023-07-17,https://cityofallentx-energovweb.tylerhost.net/apps/selfservice#/businessLicense/d8f2849d-6271-4e05-b79d-ed7c291fdb39,3,3,2022-04-19,2023-12-11,0,0,0,,,7,7,2022-04-19,2026-09-27,0,0,1,95,2026-04-09,0
dbd27b5b-c6f6-49fc-b1e6-b8399e449094,dbd27b5b-c6f6-49fc-b1e6-b8399e449094,1,Kroger #548 Meat,,,Grocery Department,Food Establishment - BL - Grocery Store - Meat/Seafood | Grocery Department,food,False,False,license_food | op_permit_food,Open,,,1210 N Greenville Ave Allen TX 75002,False,,4,3,FE004776-08-2023,FE-007050-07-2026,Annual Renewal Completed,2027-07-18,https://cityofallentx-energovweb.tylerhost.net/apps/selfservice#/operationalPermit/8121c6c1-8428-4bdb-8bec-3997b81a3103,5,5,2023-12-06,2026-09-27,0,0,1,89,2026-04-09,5,5,2023-12-06,2026-09-27,0,0,1,89,2026-04-09,0
809dd639-ab8e-4d88-af34-39a3c2ea8cae,809dd639-ab8e-4d88-af34-39a3c2ea8cae,1,Kroger #548 Meat/Seafood,,,Heavy - Food Establishment,Heavy - Food Establishment | Heavy Food Preparation,food,False,False,license_food | op_permit_food,Closed,,2024-02-27,1210 N GREENVILLE AVE ALLEN TX 75002,False,126011,3,2,FE002394-07-2020,FE003848-06-2022,Expired,2023-07-17,https://cityofallentx-energovweb.tylerhost.net/apps/selfservice#/businessLicense/6338de94-535b-45aa-967a-d0b5e65b6591,6,6,2020-09-23,2022-12-06,1,0,0,,,6,6,2020-09-23,2022-12-06,1,0,0,,,0
7efe3b98-db3e-47af-a3f6-dd5774c3cfb8,7efe3b98-db3e-47af-a3f6-dd5774c3cfb8,2,Kroger #548 Produce,,,Grocery Department,Grocery Department,food,False,False,op_permit_food,Open,,,1210 N Greenville Ave Allen TX 75002,False,,3,3,FE004774-08-2023,FE-007052-07-2026,Annual Renewal Completed,2027-07-18,https://cityofallentx-energovweb.tylerhost.net/apps/selfservice#/operationalPermit/88b4af7c-bceb-4aba-b49f-cfe351cb7975,4,4,2025-03-24,2026-09-27,0,0,1,99,2026-04-09,10,10,2020-09-23,2026-09-27,0,0,1,99,2026-04-09,0
e834c684-3ecc-4a60-81a3-bdba1282f5b1,7efe3b98-db3e-47af-a3f6-dd5774c3cfb8,2,Kroger #548 Produce,,,Heavy - Food Establishment,Heavy - Food Establishment | Heavy Food Preparation,food,False,False,license_food | op_permit_food,Closed,,2024-10-25,1210 N GREENVILLE AVE ALLEN TX 75002,False,126011,3,2,FE002392-07-2020,FE003850-06-2022,Expired,2023-07-17,https://cityofallentx-energovweb.tylerhost.net/apps/selfservice#/businessLicense/8b2ec9b9-79af-4ae4-a720-85d5e20bc80c,6,6,2020-09-23,2023-12-06,0,0,0,,,10,10,2020-09-23,2026-09-27,0,0,1,99,2026-04-09,0
9241af4f-179e-4d34-bc14-2bff9aedb7c4,9241af4f-179e-4d34-bc14-2bff9aedb7c4,1,Kroger #548 Starbucks,,,Grocery Department,Grocery Department,food,False,False,op_permit_food,Open,,,1210 N Greenville Ave Allen TX 75002,False,,3,3,FE004773-08-2023,FE-007049-07-2026,Annual Renewal Completed,2027-07-18,https://cityofallentx-energovweb.tylerhost.net/apps/selfservice#/operationalPermit/3c5ff01c-dd49-4fcf-a429-2846a77f3f40,4,4,2025-03-24,2026-09-27,0,0,1,94,2026-04-09,4,4,2025-03-24,2026-09-27,0,0,1,94,2026-04-09,0
a3ada003-6d91-4115-9ac9-852a0b7c4d80,a3ada003-6d91-4115-9ac9-852a0b7c4d80,1,Kroger #568 @ W. McDermott,,,Grocery Store,Grocery Store,food,False,False,op_permit_food,Open,2017-07-19,,1320 W MCDERMOTT DR ALLEN TX 75013,False,113691,9,9,FE000210-07-2017,FE-006944-06-2026,Annual Renewal Completed,2027-07-26,https://cityofallentx-energovweb.tylerhost.net/apps/selfservice#/operationalPermit/c94f945f-b899-4507-8da7-55c349392f55,16,16,2017-11-28,2026-09-30,3,0,4,96,2025-12-11,16,16,2017-11-28,2026-09-30,3,0,4,96,2025-12-11,0
2ff8bca2-5ccf-40ed-a2e6-4d492d8cfdda,23ca82eb-10a3-43a6-8472-0920b27299a6,2,Kroger #568 Bakery,,,Grocery Department,Grocery Department,food,False,False,op_permit_food,Open,,,1320 W McDermott Dr Allen TX 75013,False,,3,3,FE004785-08-2023,FE-007053-07-2026,Annual Renewal Completed,2027-07-26,https://cityofallentx-energovweb.tylerhost.net/apps/selfservice#/operationalPermit/4a263975-131d-4b91-b09c-977ef9499db0,6,6,2023-12-28,2026-09-30,1,0,4,97,2025-12-11,6,6,2023-12-28,2026-09-30,1,0,4,97,2025-12-11,0
9b95e381-b807-4948-8297-ed7f29ede10c,9b95e381-b807-4948-8297-ed7f29ede10c,2,Kroger #568 Deli,,,Grocery Department,Grocery Department,food,False,False,op_permit_food,Open,,,1320 W McDermott Dr Allen TX 75013,False,,3,3,FE004784-08-2023,FE-007055-07-2026,Annual Renewal Completed,2027-07-26,https://cityofallentx-energovweb.tylerhost.net/apps/selfservice#/operationalPermit/964ec6b1-b07c-4844-8d5a-b3cb3f52ac8d,8,8,2023-12-28,2026-09-30,3,0,4,87,2025-12-11,13,13,2020-09-09,2026-09-30,3,0,4,87,2025-12-11,0
3289e7e8-c33a-4143-9614-66ba837915cd,3289e7e8-c33a-4143-9614-66ba837915cd,2,Kroger #568 Meat/Seafood,,,Grocery Department,Grocery Department,food,False,False,op_permit_food,Open,,,1320 W McDermott Dr Allen TX 75013,False,,3,3,FE004783-08-2023,FE-007115-08-2026,Annual Renewal Completed,2027-07-26,https://cityofallentx-energovweb.tylerhost.net/apps/selfservice#/operationalPermit/74af68b4-7f15-4c0c-934a-d2a09ce2822a,6,6,2023-12-28,2026-09-30,1,0,4,92,2025-12-11,11,11,2020-09-09,2026-09-30,1,0,4,92,2025-12-11,0
e8621204-e489-465f-abd6-affeed7fd311,3289e7e8-c33a-4143-9614-66ba837915cd,2,Kroger #568 Meat/Seafood,,,Heavy - Food Establishment,Heavy - Food Establishment | Heavy Food Preparation,food,False,False,license_food | op_permit_food,Closed,2020-07-10,2021-07-10,1320 W MCDERMOTT DR ALLEN TX 75013,False,113691,3,2,FE002386-07-2020,FE003849-06-2022,Expired,2023-07-12,https://cityofallentx-energovweb.tylerhost.net/apps/selfservice#/businessLicense/306a5607-a218-4c4d-891d-4881aa9fec88,5,5,2020-09-09,2023-01-24,0,0,0,,,11,11,2020-09-09,2026-09-30,1,0,4,92,2025-12-11,0
e9954701-c373-4e0b-ad97-fb27fd4f418d,10383ed2-eb45-4798-a797-d637a702c22d,2,Kroger #568 Produce,,,Grocery Department,Grocery Department,food,False,False,op_permit_food,Open,,,1320 W McDermott Dr Allen TX 75013,False,,3,3,FE004781-08-2023,FE-007056-07-2026,Annual Renewal Completed,2027-07-26,https://cityofallentx-energovweb.tylerhost.net/apps/selfservice#/operationalPermit/3349ecb5-aaf0-4fa6-a8ed-2c916389fc67,5,5,2023-12-28,2026-09-30,0,0,4,100,2025-12-11,10,10,2020-09-09,2026-09-30,0,0,4,100,2025-12-11,0
d7980147-9056-4aa5-90a2-b16e980e8692,d7980147-9056-4aa5-90a2-b16e980e8692,1,Kroger #568 Starbucks,,,Grocery Department,Grocery Department,food,False,False,op_permit_food,Open,,,1320 W McDermott Dr Allen TX 75013,False,,3,3,FE004782-08-2023,FE-007054-07-2026,Annual Renewal Completed,2027-07-26,https://cityofallentx-energovweb.tylerhost.net/apps/selfservice#/operationalPermit/fd57cdec-9133-44c4-ace8-4fb4ad2fda65,5,5,2023-12-28,2026-09-30,0,0,4,100,2025-12-11,5,5,2023-12-28,2026-09-30,0,0,4,100,2025-12-11,0
a9b38d1f-caba-4c8f-a606-e63daf9a9102,9b95e381-b807-4948-8297-ed7f29ede10c,2,Kroger #568/Deli,,,Heavy - Food Establishment,Heavy - Food Establishment | Heavy Food Preparation,food,False,False,license_food | op_permit_food,Closed,,2024-11-18,1320 W MCDERMOTT DR ALLEN TX 75013,False,113691,3,2,FE002387-07-2020,FE003845-06-2022,Expired,2023-07-12,https://cityofallentx-energovweb.tylerhost.net/apps/selfservice#/businessLicense/029d9b3d-bb30-4bf0-843a-b0174b407733,5,5,2020-09-09,2023-01-24,0,0,0,,,13,13,2020-09-09,2026-09-30,3,0,4,87,2025-12-11,0
10383ed2-eb45-4798-a797-d637a702c22d,10383ed2-eb45-4798-a797-d637a702c22d,2,Kroger #568/Produce,,,Heavy - Food Establishment,Heavy - Food Establishment | Heavy Food Preparation,food,False,False,license_food | op_permit_food,Closed,,2024-11-18,1320 W MCDERMOTT DR ALLEN TX 75013,False,113691,3,2,FE002388-07-2020,FE003851-06-2022,Expired,2023-07-12,https://cityofallentx-energovweb.tylerhost.net/apps/selfservice#/businessLicense/0eb5851d-5a16-4bbb-8645-8fb8fe93dfc8,5,5,2020-09-09,2023-01-24,0,0,0,,,10,10,2020-09-09,2026-09-30,0,0,4,100,2025-12-11,0
c65eee7a-07c0-4e75-aee3-069d320d0c40,b84bf8a4-5622-4e4f-b7ca-c08bc46c5120,2,Kroger 544-Produce,,,Heavy - Food Establishment,Heavy - Food Establishment | Heavy Food Preparation,food,False,False,license_food | op_permit_food,Closed,2020-07-10,2025-07-29,1212 E BETHANY DR ALLEN TX 75002,False,113835,3,2,FE002381-07-2020,FE003852-06-2022,Expired,2023-07-12,https://cityofallentx-energovweb.tylerhost.net/apps/selfservice#/businessLicense/e84fbbaa-6033-4e3b-a85a-a0f4c09942d7,7,7,2020-07-10,2023-06-06,0,0,0,,,13,13,2020-07-10,2026-04-24,0,0,0,,,0
f69a288a-66fd-4bec-82ee-51bb7bb69207,f69a288a-66fd-4bec-82ee-51bb7bb69207,1,Kroger 544-Snowfox Sushi,,,Light Food Preparation,Light Food Preparation,food,False,False,op_permit_food,Open,,,1212 E Bethany Dr Allen TX 75002,False,,2,2,FE005721-12-2024,FE006494-11-2025,Annual Renewal Completed,2026-12-11,https://cityofallentx-energovweb.tylerhost.net/apps/selfservice#/operationalPermit/12FE94EC-9B97-443F-BF55-8CA2500BB546,3,3,2025-01-29,2026-04-24,0,0,0,,,3,3,2025-01-29,2026-04-24,0,0,0,,,0
1e5ef209-c85d-4adc-97ca-1fa366e20a2a,1e5ef209-c85d-4adc-97ca-1fa366e20a2a,2,Kroger 568 - Snowfox Sushi,,,Light Food Preparation,Light Food Preparation,food,False,False,op_permit_food,Open,,,1320 W McDermott Dr Allen TX 75013,False,,2,2,FE005717-11-2024,FE006462-10-2025,Annual Renewal Completed,2026-11-26,https://cityofallentx-energovweb.tylerhost.net/apps/selfservice#/operationalPermit/AFCDBD8D-190A-4C01-BF41-E66C9CF07CE0,3,3,2025-06-26,2026-09-30,0,0,2,100,2025-12-11,7,7,2023-01-24,2026-09-30,1,0,4,100,2025-12-11,0
4642b3de-5612-40aa-b382-70a7b82f14a1,1e5ef209-c85d-4adc-97ca-1fa366e20a2a,2,Kroger 568- Snowfox Sushi,,,Light - Food Establishment,Light - Food Establishment | Light Food Preparation,food,False,False,license_food | op_permit_food,Closed,,2024-11-14,1320 W McDermott DR Allen TX 75013,False,,2,1,FE004112-10-2022,FE004887-10-2023,Expired,2024-10-17,https://cityofallentx-energovweb.tylerhost.net/apps/selfservice#/businessLicense/90837a27-5e6b-42a3-8066-df191ef8484f,4,4,2023-01-24,2024-10-16,1,0,2,97,2024-10-16,7,7,2023-01-24,2026-09-30,1,0,4,100,2025-12-11,0
23ca82eb-10a3-43a6-8472-0920b27299a6,23ca82eb-10a3-43a6-8472-0920b27299a6,2,Kroger 568-Bakery,,,Heavy - Food Establishment,Heavy - Food Establishment,food,False,False,license_food,Closed,,2024-01-02,1320 W MCDERMOTT DR ALLEN TX 75013,False,113691,2,0,FE002384-07-2020,FE002385-07-2020,Revoked,,https://cityofallentx-energovweb.tylerhost.net/apps/selfservice#/businessLicense/c8d95fc8-a9b0-440c-b5fb-114b54aec467,0,0,,,0,0,0,,,6,6,2023-12-28,2026-09-30,1,0,4,97,2025-12-11,0
797e53c7-2fb9-4384-810c-cf4ec4e8a698,1355dc90-460f-4cfa-9ae6-fdc8f003743f,2,Kroger#544 Bakery,,,Grocery Department,Grocery Department,food,False,False,op_permit_food,Open,,,1212 E Bethany Dr Allen TX 75002,False,,3,3,FE004768-08-2023,FE-007041-07-2026,Annual Renewal Completed,2027-07-27,https://cityofallentx-energovweb.tylerhost.net/apps/selfservice#/operationalPermit/3811495b-3334-400d-864b-ba2277608d04,6,6,2023-10-05,2026-04-24,0,0,0,,,11,11,2020-07-09,2026-04-24,0,0,0,,,0
ea4641a9-f22b-4d92-9504-fd2f1dedb9ed,ea4641a9-f22b-4d92-9504-fd2f1dedb9ed,1,Kroger- Snowfox K548,,,Heavy Food Preparation,Heavy Food Preparation,food,False,False,op_permit_food,Open,,,1210 N Greenville Ave Allen TX 75002,False,,2,2,FE005417-06-2024,FE-006887-05-2026,Annual Renewal Completed,2027-06-24,https://cityofallentx-energovweb.tylerhost.net/apps/selfservice#/operationalPermit/9f5a5ebe-f21f-48b1-8989-73113a02cc67,4,4,2025-03-24,2026-09-27,0,0,1,97,2026-04-09,4,4,2025-03-24,2026-09-27,0,0,1,97,2026-04-09,0
9cded528-e532-4930-930f-e8ec9e8d5405,9cded528-e532-4930-930f-e8ec9e8d5405,1,Kroger-JFE Sushi K544,,,Heavy - Food Establishment,Heavy - Food Establishment | Heavy Food Preparation,food,False,False,license_food | op_permit_food,Closed,2017-05-26,2022-05-09,1212 E BETHANY DR ALLEN TX 75002,False,113835,5,4,FE000108-05-2017,FE003000-05-2021,Expired,2022-05-28,https://cityofallentx-energovweb.tylerhost.net/apps/selfservice#/businessLicense/6f35aa26-fb57-4e60-bc51-45848a54d516,10,10,2018-05-04,2021-08-17,1,0,0,,,10,10,2018-05-04,2021-08-17,1,0,0,,,0
e6b6bb28-47c4-4341-bd81-547cd9fa496b,e6b6bb28-47c4-4341-bd81-547cd9fa496b,1,Kumar's,,,Temporary Food Establishment - Food Establishment,Temporary Food Establishment - Food Establishment,food,True,False,license_food,Closed,2022-10-28,2022-10-28,Plano TX 75075,True,,1,0,FE004134-10-2022,FE004134-10-2022,Expired,2023-10-28,https://cityofallentx-energovweb.tylerhost.net/apps/selfservice#/businessLicense/9d7681cd-8650-4fb9-8319-c09e2578ab14,1,1,2022-10-28,2022-10-28,0,0,0,,,1,1,2022-10-28,2022-10-28,0,0,0,,,0
6994b249-5fad-4e8a-a542-5f069cff3615,6994b249-5fad-4e8a-a542-5f069cff3615,1,LG's Cigar Lounge,,,Light Food Preparation,Light Food Preparation,food,False,False,op_permit_food,Closed,,2026-05-21,975 SH121 HWY Unit: 190 ALLEN TX 75013,False,,4,4,FE003961-08-2022,FE006322-08-2025,Closed,,https://cityofallentx-energovweb.tylerhost.net/apps/selfservice#/operationalPermit/55A4C278-1350-4DDD-99CB-2917B8FB0F9C,5,4,2023-02-14,2025-07-18,1,0,2,93,2025-07-18,5,4,2023-02-14,2025-07-18,1,0,2,93,2025-07-18,0
39578280-d0e3-4dc7-83fe-11663b815d6b,39578280-d0e3-4dc7-83fe-11663b815d6b,1,La Buccia,,,Heavy - Food Establishment,Heavy - Food Establishment | Heavy Food Preparation,food,False,False,license_food | op_permit_food,Closed,,2023-11-02,977 SH121 HWY B Unit: 120 ALLEN TX 75013,False,,2,1,FE003278-09-2021,FE004060-09-2022,Expired,2023-09-08,https://cityofallentx-energovweb.tylerhost.net/apps/selfservice#/businessLicense/8123561e-03bb-40a7-b0ff-a50ac3166612,4,4,2021-09-13,2022-11-07,1,0,0,,,4,4,2021-09-13,2022-11-07,1,0,0,,,0
5595261f-a222-4042-804b-a6e35122b780,5595261f-a222-4042-804b-a6e35122b780,1,La Cantina Roja @ CUTX,,,Heavy Food Preparation,Heavy Food Preparation,food,False,False,op_permit_food,Open,2018-10-11,,200 E STACY RD  ALLEN TX 75002,False,127345,8,8,FE001077-10-2018,FE-006968-07-2026,Annual Renewal Completed,2027-08-09,https://cityofallentx-energovweb.tylerhost.net/apps/selfservice#/operationalPermit/58baf9bc-6e71-40b6-bb9a-5abcf14a7e11,9,9,2018-10-11,2026-04-03,0,0,0,,,9,9,2018-10-11,2026-04-03,0,0,0,,,0
0db19621-d5ff-49d9-a64d-c6e2499219e4,0db19621-d5ff-49d9-a64d-c6e2499219e4,1,La Crepe Des Rois,,,Mobile Food Prep Unit - Food Establishment,Mobile Food Prep Unit - Food Establishment,food,True,False,license_food,Closed,,2022-02-23,Little Elm TX 75068,True,,1,0,FE002875-03-2021,FE002875-03-2021,Expired,2022-03-05,https://cityofallentx-energovweb.tylerhost.net/apps/selfservice#/businessLicense/f8ad6d9b-2c25-4ea0-b08c-30758c25cac8,2,1,2021-03-05,2021-03-05,0,0,0,,,2,1,2021-03-05,2021-03-05,0,0,0,,,0
a628cd1f-78c6-4bce-b7e1-901252e85bd6,a628cd1f-78c6-4bce-b7e1-901252e85bd6,1,La Finca Chiquita,,,Heavy - Food Establishment,Heavy - Food Establishment | Heavy Food Preparation,food,False,False,license_food | op_permit_food,Closed,2017-10-31,2019-02-27,107 N BUTLER DR ALLEN TX 75013,False,100151,2,1,FE000391-10-2017,FE001116-11-2018,Expired,2019-10-28,https://cityofallentx-energovweb.tylerhost.net/apps/selfservice#/businessLicense/e59995f2-9ab7-48b0-94db-ce992dd3a6b0,3,2,2017-10-31,2018-05-02,0,0,0,,,3,2,2017-10-31,2018-05-02,0,0,0,,,0
3ce8bd48-1777-470d-8db3-9b45c7d4233d,3ce8bd48-1777-470d-8db3-9b45c7d4233d,1,La Madeleine,,,Heavy Food Preparation,Heavy Food Preparation,food,False,False,op_permit_food,Open,2017-11-13,,810 W MCDERMOTT DR  ALLEN TX 75013,False,117726,10,10,FE000069-05-2017,FE006871-04-2026,Annual Renewal Completed,2027-05-07,https://cityofallentx-energovweb.tylerhost.net/apps/selfservice#/operationalPermit/EC762214-43FD-4854-B07B-2C400A85227F,23,22,2017-11-13,2025-08-18,5,0,4,90,2025-08-11,23,22,2017-11-13,2025-08-18,5,0,4,90,2025-08-11,0
50da352a-0693-4084-baf3-ee7d50d6887e,389c0198-a6b6-4a84-9492-695c8cb725f8,2,La Quinta Inn & Suites - Kitchen,,,Light - Food Establishment,Light - Food Establishment | Light Food Preparation,food,False,False,license_food | op_permit_food,Closed,,2023-02-08,1220 N CENTRAL EXPY ALLEN TX 75013,False,127326,6,4,FE000479-01-2018,FE003572-02-2022,Expired,2023-02-09,https://cityofallentx-energovweb.tylerhost.net/apps/selfservice#/businessLicense/aa43cbf2-9635-4a85-9ec4-de6c7edda8b3,8,8,2017-12-08,2022-04-04,1,0,0,,,16,14,2017-12-08,2026-11-20,2,0,4,99,2025-12-03,0
389c0198-a6b6-4a84-9492-695c8cb725f8,389c0198-a6b6-4a84-9492-695c8cb725f8,2,La Quinta Inn & Suites-Kitchen,,,Light Food Preparation,Light Food Preparation,food,False,False,op_permit_food,Open,,,1220 N Central EXPY Allen TX 75013,False,,4,4,FE004313-02-2023,FE006695-02-2026,Annual Renewal Completed,2027-02-08,https://cityofallentx-energovweb.tylerhost.net/apps/selfservice#/operationalPermit/274D812E-1FCC-4B45-86E4-60451568DCFD,8,6,2024-06-20,2026-11-20,1,0,4,99,2025-12-03,16,14,2017-12-08,2026-11-20,2,0,4,99,2025-12-03,0
a59151cf-7807-478d-8574-092f76db1766,a59151cf-7807-478d-8574-092f76db1766,1,La Shish,,,Heavy Food Preparation,Heavy Food Preparation,food,False,False,op_permit_food,Open,2017-06-21,,600 E MAIN ST Unit: A ALLEN TX 75002,False,,10,10,FE000012-04-2017,FE006847-04-2026,Annual Renewal Completed,2027-04-17,https://cityofallentx-energovweb.tylerhost.net/apps/selfservice#/operationalPermit/1B49415D-00E6-41EB-B14D-1DFC037127BE,28,28,2017-12-22,2026-09-27,16,1,0,,,28,28,2017-12-22,2026-09-27,16,1,0,,,0
ba6fa719-a0cc-40fd-8480-0d4a4749dc5f,ba6fa719-a0cc-40fd-8480-0d4a4749dc5f,1,La Sirena Paleteria,,,Heavy - Food Establishment,Heavy - Food Establishment | Heavy Food Preparation,food,False,False,license_food | op_permit_food,Closed,,2025-07-29,204 N GREENVILLE AVE Unit: 220 ALLEN TX 75002,False,,3,2,FE002785-02-2021,FE004296-02-2023,Expired,2024-02-05,https://cityofallentx-energovweb.tylerhost.net/apps/selfservice#/businessLicense/61525017-76e7-4378-936d-e8152480854b,3,3,2021-05-05,2023-03-13,0,0,0,,,3,3,2021-05-05,2023-03-13,0,0,0,,,0
87a8031e-fc74-4f01-bd78-16b03222ecd0,87a8031e-fc74-4f01-bd78-16b03222ecd0,1,LaManna Pizza,,,Heavy - Food Establishment,Heavy - Food Establishment | Heavy Food Preparation,food,False,False,license_food | op_permit_food,Closed,,2019-10-31,1201 E MAIN ST  Unit: 120 ALLEN TX 75002,False,111449,3,1,FE000026-04-2017,FE001538-05-2019,Expired,2020-05-21,https://cityofallentx-energovweb.tylerhost.net/apps/selfservice#/businessLicense/eb021b56-9b3f-4eeb-92ee-abf81f371615,2,1,2018-02-20,2018-02-20,0,0,0,,,2,1,2018-02-20,2018-02-20,0,0,0,,,0
08164317-31ae-46c8-a983-ccbffb9030af,08164317-31ae-46c8-a983-ccbffb9030af,1,Labi's Pizza,,,Heavy Food Preparation,Heavy Food Preparation,food,False,False,op_permit_food,Open,,,1010 W Exchange Pkwy Unit: 2150 Allen TX 75013,False,,3,3,FE004824-09-2023,FE006410-09-2025,Expired,2026-09-13,https://cityofallentx-energovweb.tylerhost.net/apps/selfservice#/operationalPermit/1FEFDFDD-F1FE-4EC8-B29A-714F81D8B4B8,5,5,2024-01-18,2026-11-20,0,0,4,92,2025-09-16,5,5,2024-01-18,2026-11-20,0,0,4,92,2025-09-16,0
1dab75e0-298d-425c-aa99-ba918c8e7599,1dab75e0-298d-425c-aa99-ba918c8e7599,1,Landon Winery,,,Temporary Food Establishment - Food Establishment,Temporary Food Establishment - Food Establishment,food,True,False,license_food,Closed,2023-05-13,2023-05-13,McKinney TX 75069,True,,1,0,FE004553-04-2023,FE004553-04-2023,Expired,2023-05-13,https://cityofallentx-energovweb.tylerhost.net/apps/selfservice#/businessLicense/070e7930-e456-4351-9b01-c2e07de0e03c,0,0,,,0,0,0,,,0,0,,,0,0,0,,,0
6fe24bf1-b290-4125-a86d-0749e68a398d,6fe24bf1-b290-4125-a86d-0749e68a398d,1,Latinos Concessions-Allen USA,,,Temporary Food Establishment - Food Establishment,Temporary Food Establishment - Food Establishment,food,True,False,license_food,Closed,2018-06-29,2023-07-21,701 ANGEL PKWY  ALLEN TX 75002,False,121106,1,0,FE000862-06-2018,FE000862-06-2018,Expired,2018-06-30,https://cityofallentx-energovweb.tylerhost.net/apps/selfservice#/businessLicense/aeabbc1e-4c25-4ef6-b159-aab643f46483,1,1,2018-06-29,2018-06-29,0,0,0,,,1,1,2018-06-29,2018-06-29,0,0,0,,,0
79f9c43c-aa9c-4183-b160-f83c627348f6,79f9c43c-aa9c-4183-b160-f83c627348f6,1,Latte Factory,,,Light Food Preparation,Light Food Preparation,food,False,False,op_permit_food,Open,,,820 W Stacy Rd Unit: # 612 Allen TX 75013,False,,2,2,FE005994-02-2025,FE006767-02-2026,Annual Renewal Completed,2027-02-25,https://cityofallentx-energovweb.tylerhost.net/apps/selfservice#/operationalPermit/A37C70EA-004F-4E83-910E-4F9B79C7EAA3,3,3,2025-03-31,2025-10-20,1,0,2,91,2025-10-20,3,3,2025-03-31,2025-10-20,1,0,2,91,2025-10-20,0
8f402498-f9c4-43ca-8c9e-b5279994bfb1,8f402498-f9c4-43ca-8c9e-b5279994bfb1,1,Laxmi's Kitchen,,,Heavy - Food Establishment,Heavy - Food Establishment | Heavy Food Preparation,food,False,False,license_food | op_permit_food,Closed,,2021-12-28,2023 W MCDERMOTT DR Unit: 120 ALLEN TX 75013,False,113333,2,1,FE002430-08-2020,FE003157-08-2021,Expired,2022-08-07,https://cityofallentx-energovweb.tylerhost.net/apps/selfservice#/businessLicense/81c133dc-5ec6-4d0e-ad8b-a6f3ce54357c,2,1,2020-10-22,2020-10-22,0,0,0,,,2,1,2020-10-22,2020-10-22,0,0,0,,,0
19a24757-c3bd-453b-aa52-cb30ee877357,19a24757-c3bd-453b-aa52-cb30ee877357,1,Layne's Chicken Fingers,,,Heavy Food Preparation,Heavy Food Preparation,food,False,False,op_permit_food,Open,,,102 S CENTRAL EXPWY ALLEN TX 75013,False,103872,9,9,FE000505-01-2018,FE006631-01-2026,Annual Renewal Completed,2027-01-27,https://cityofallentx-energovweb.tylerhost.net/apps/selfservice#/operationalPermit/6A4DC585-16D9-46F3-83D1-CE032F1B4D51,28,27,2018-04-12,2026-10-05,6,0,6,78,2025-08-22,28,27,2018-04-12,2026-10-05,6,0,6,78,2025-08-22,0
aa594319-f2cd-43d7-857f-e95f24449b27,aa594319-f2cd-43d7-857f-e95f24449b27,1,Lazi Cow Texas LLC,Lazi Cow,,Temporary Food Establishments,Temporary Food Establishments,food,True,False,op_permit_food,Closed,,2026-06-29,1255 W EXCHANGE PKWY Unit: 138 ALLEN TX 75013,False,118677,1,1,FE-006926-06-2026,FE-006926-06-2026,Closed,,https://cityofallentx-energovweb.tylerhost.net/apps/selfservice#/operationalPermit/dc278cd6-feec-4d5c-8921-38d40ba31f8d,0,0,,,0,0,0,,,0,0,,,0,0,0,,,0
fcf750f6-cc3c-4f64-acc5-57f00bfe5f36,fcf750f6-cc3c-4f64-acc5-57f00bfe5f36,1,Lazy Dog Restaurant,,,Heavy Food Preparation,Heavy Food Preparation,food,False,False,op_permit_food,Open,,,1851 N Central EXPY Allen TX 75013,False,,7,7,FE001692-07-2019,FE-007038-07-2026,Annual Renewal Completed,2027-08-02,https://cityofallentx-energovweb.tylerhost.net/apps/selfservice#/operationalPermit/d6abcce9-9cb3-4ee9-89c0-ac8ad22d2deb,17,17,2019-10-01,2026-09-30,0,0,1,90,2026-03-23,17,17,2019-10-01,2026-09-30,0,0,1,90,2026-03-23,0
6f346bb4-f7a2-4dc7-8bf2-49d496330a66,6f346bb4-f7a2-4dc7-8bf2-49d496330a66,1,Lazy Dog bar @ CUTX,,,Light Food Preparation,Light Food Preparation,food,False,False,op_permit_food,Open,,,200 E STACY RD B1300 Unit: 1350 ALLEN TX 75002,False,127345,5,5,FE003128-07-2021,FE-007088-08-2026,Annual Renewal Completed,2027-08-09,https://cityofallentx-energovweb.tylerhost.net/apps/selfservice#/operationalPermit/a45ed6d4-8cd1-4703-bdad-9f5cf5e0c9b8,3,3,2022-03-01,2026-04-03,0,0,0,,,3,3,2022-03-01,2026-04-03,0,0,0,,,0
5f821f56-528e-4cf7-8083-2192f9227283,5f821f56-528e-4cf7-8083-2192f9227283,1,Legacy Wok,,,Heavy - Food Establishment,Heavy - Food Establishment | Heavy Food Preparation,food,False,False,license_food | op_permit_food,Closed,2017-10-31,2020-04-30,2023 W MCDERMOTT DR  Unit: 120 ALLEN TX 75013,False,113333,3,2,FE000199-07-2017,FE001674-07-2019,Expired,2020-07-15,https://cityofallentx-energovweb.tylerhost.net/apps/selfservice#/businessLicense/d3ba499e-8b73-4eef-9cd2-61ed73c5113b,6,6,2017-10-31,2019-12-03,0,0,0,,,6,6,2017-10-31,2019-12-03,0,0,0,,,0
96c56a69-0165-4d2b-bf35-163b21104020,96c56a69-0165-4d2b-bf35-163b21104020,1,"Lemons Enterprises, LLC",,,Mobile Food Prep Unit - Food Establishment,Mobile Food Establishment | Mobile Food Prep Unit - Food Establishment,food,True,False,license_food | op_permit_food,Closed,,2022-11-11,Lucas TX 75002,True,,2,1,FE002536-10-2020,FE003669-03-2022,Expired,2022-10-07,https://cityofallentx-energovweb.tylerhost.net/apps/selfservice#/businessLicense/6174f5b8-18e0-449b-9700-4635f7246265,2,2,2020-10-06,2022-03-23,0,0,0,,,2,2,2020-10-06,2022-03-23,0,0,0,,,0
207d19a7-78fd-40db-88d2-948f9df347fb,207d19a7-78fd-40db-88d2-948f9df347fb,1,Lev's Tilted Kettle,,,Special Event - Food Establishment,Special Event - Food Establishment,special event,True,False,license_special_event_food,Closed,2022-12-03,2022-12-03,300 N Allen DR Allen TX 75013,False,,1,0,FESP004168-11-2022,FESP004168-11-2022,Expired,2022-12-03,https://cityofallentx-energovweb.tylerhost.net/apps/selfservice#/businessLicense/7fd81338-57d8-40e6-8563-2c6c0fb9582a,1,1,2022-12-03,2022-12-03,0,0,0,,,1,1,2022-12-03,2022-12-03,0,0,0,,,0
a3e2ce63-1acc-48b9-a485-758f66914211,a3e2ce63-1acc-48b9-a485-758f66914211,1,Levi's Tilted Kettle,,,Special Event - Food Establishment,Special Event - Food Establishment,special event,True,False,license_special_event_food,Open,2024-03-23,,1151 Ridgeview Dr Allen TX 75013,False,,1,0,FESP005227-03-2024,FESP005227-03-2024,Expired,2024-03-23,https://cityofallentx-energovweb.tylerhost.net/apps/selfservice#/businessLicense/2fb29b17-5c23-4404-8145-835a7af3fda9,0,0,,,0,0,0,,,0,0,,,0,0,0,,,0
3798e99e-2318-4ab9-860a-f3abe42974dc,3798e99e-2318-4ab9-860a-f3abe42974dc,1,Liberty Burger,,,Heavy - Food Establishment,Heavy - Food Establishment | Heavy Food Preparation,food,False,False,license_food | op_permit_food,Closed,2017-11-06,2023-06-02,824 W STACY RD Unit: 800 ALLEN TX 75013,False,120611,6,5,FE000621-03-2018,FE004426-03-2023,Expired,2024-03-21,https://cityofallentx-energovweb.tylerhost.net/apps/selfservice#/businessLicense/f70fc094-5a50-4338-ba9b-02cf6cbd960f,13,12,2017-11-06,2023-03-14,0,0,0,,,13,12,2017-11-06,2023-03-14,0,0,0,,,0
366896ed-1f47-4427-a15f-86048033a82e,366896ed-1f47-4427-a15f-86048033a82e,1,Lifetime Fitness / Life Cafe Indoor,,,Heavy Food Preparation,Heavy Food Preparation,food,False,False,op_permit_food,Open,2017-09-06,,971 SH121 HWY ALLEN TX 75013,False,124409,9,9,FE000136-06-2017,FE-006933-06-2026,Annual Renewal Completed,2027-06-18,https://cityofallentx-energovweb.tylerhost.net/apps/selfservice#/operationalPermit/05b48ceb-8885-47a4-a9b0-4aa601672e2e,16,16,2019-06-20,2026-03-26,3,1,5,78,2025-10-17,16,16,2019-06-20,2026-03-26,3,1,5,78,2025-10-17,0
16135e5b-d485-4032-890c-d93ca50c442c,16135e5b-d485-4032-890c-d93ca50c442c,1,Lifetime Fitness Bistro Outdoor,,,Heavy Food Preparation,Heavy Food Preparation,food,False,False,op_permit_food,Open,2017-06-13,,971 SH121 HWY ALLEN TX 75013,False,124409,8,8,FE000540-02-2018,FE-006935-06-2026,Annual Renewal Completed,2027-06-18,https://cityofallentx-energovweb.tylerhost.net/apps/selfservice#/operationalPermit/5dba60a3-fa67-4651-b32e-98e7500de677,10,10,2019-06-06,2025-07-11,5,0,2,77,2025-07-11,10,10,2019-06-06,2025-07-11,5,0,2,77,2025-07-11,0
d308b40e-3693-48fb-93fc-768338c22045,d308b40e-3693-48fb-93fc-768338c22045,1,Like Totally Sweet@AEC H&G(BV83611),,,Temporary Food Establishment - Food Establishment,Temporary Food Establishment - Food Establishment,food,True,False,license_food,Closed,2018-02-05,2021-06-21,200 E STACY RD ALLEN TX 75002,False,127345,1,0,FE000534-02-2018,FE000534-02-2018,Expired,2018-02-11,https://cityofallentx-energovweb.tylerhost.net/apps/selfservice#/businessLicense/97024107-4bb1-4d06-9f7d-73f06fdfba2c,1,1,2018-02-05,2018-02-05,0,0,0,,,1,1,2018-02-05,2018-02-05,0,0,0,,,0
b0a3cce1-7ed5-40ac-8816-4358ae53c2b3,b0a3cce1-7ed5-40ac-8816-4358ae53c2b3,1,Lion and Crown,,,Heavy Food Preparation,Heavy Food Preparation,food,False,False,op_permit_food,Open,2017-07-24,,932  GARDEN PARK DR B ALLEN TX 75013,False,129666,9,9,FE000133-06-2017,FE-007147-09-2026,Annual Renewal Completed,2027-06-13,https://cityofallentx-energovweb.tylerhost.net/apps/selfservice#/operationalPermit/402c666b-67b3-4557-9d82-d4d66650f566,21,20,2018-07-31,2026-03-05,5,0,0,,,21,20,2018-07-31,2026-03-05,5,0,0,,,0
6f2b78c4-108c-48e1-bc56-9ad31a602aef,6f2b78c4-108c-48e1-bc56-9ad31a602aef,2,Liquor King,,,No Food Preparation,No Food Preparation,food,False,False,op_permit_food,Open,,,975 SH121 HWY Unit: 170 ALLEN TX 75013,False,126999,1,1,FE-007137-09-2026,FE-007137-09-2026,Active,2027-09-10,https://cityofallentx-energovweb.tylerhost.net/apps/selfservice#/operationalPermit/1a29330e-748a-42e7-91ba-8c6da88a60bb,0,0,,,0,0,0,,,0,0,,,0,0,0,,,0
b9a0dc46-1d93-479d-ad21-6bf99c2da8c1,1c68cf31-7034-46e9-be6d-89a8926917f4,2,Liquor King,,,No Prep - Food Establishment,No Prep - Food Establishment,food,False,False,license_food,Closed,,2019-02-18,105 N GREENVILLE AVE Unit: A ALLEN TX 75002,False,104942,1,0,FE000298-09-2017,FE000298-09-2017,Expired,2018-09-11,https://cityofallentx-energovweb.tylerhost.net/apps/selfservice#/businessLicense/d8e93514-d160-4d14-aabc-3f74f4186ded,2,2,2017-12-08,2018-06-01,0,0,0,,,2,2,2017-12-08,2018-06-01,0,0,0,,,0
dd19bc0e-d914-4461-a31e-57979d397860,dd19bc0e-d914-4461-a31e-57979d397860,1,Liquor King,,,No Prep - Food Establishment,No Prep - Food Establishment,food,False,False,license_food,Closed,,2019-02-18,1512 E EXCHANGE PKWY Unit: 400 ALLEN TX 75002,False,120985,1,0,FE000299-09-2017,FE000299-09-2017,Expired,2018-09-11,https://cityofallentx-energovweb.tylerhost.net/apps/selfservice#/businessLicense/ebdac6ed-9095-4e53-9c37-493ff767bac5,2,2,2017-12-08,2018-06-01,0,0,0,,,2,2,2017-12-08,2018-06-01,0,0,0,,,0
fda570f1-a241-4ba9-85e5-b9122726c190,6f2b78c4-108c-48e1-bc56-9ad31a602aef,2,Liquor King,,,No Prep - Food Establishment,No Prep - Food Establishment,food,False,False,license_food,Closed,,2019-10-24,975 SH121 HWY Unit: 170 ALLEN TX 75013,False,,1,0,FE001843-10-2019,FE001843-10-2019,Expired,2020-10-24,https://cityofallentx-energovweb.tylerhost.net/apps/selfservice#/businessLicense/a8893f4a-bd21-4331-9212-c3358a67fa20,0,0,,,0,0,0,,,0,0,,,0,0,0,,,0
1c68cf31-7034-46e9-be6d-89a8926917f4,1c68cf31-7034-46e9-be6d-89a8926917f4,2,Liquor King LLC,Liquor King,,No Food Preparation,No Food Preparation,food,False,False,op_permit_food,Open,,,105 N GREENVILLE AVE Unit: A ALLEN TX 75002,False,104942,1,1,FE-007156-09-2026,FE-007156-09-2026,Active,2027-09-10,https://cityofallentx-energovweb.tylerhost.net/apps/selfservice#/operationalPermit/207986fb-4bd0-4338-933c-fe40f18760aa,0,0,,,0,0,0,,,2,2,2017-12-08,2018-06-01,0,0,0,,,0
46953e08-d850-409b-aded-5d1f930bc68a,46953e08-d850-409b-aded-5d1f930bc68a,1,Little Butterflies Allen,,,Day Care Facility,Day Care Facility,day care,False,False,op_permit_daycare,Closed,,2024-01-23,716 E MAIN ST ALLEN TX 75002,False,100096,2,2,DC003135-07-2021,DC003893-07-2022,Annual Renewal Completed,2023-07-15,https://cityofallentx-energovweb.tylerhost.net/apps/selfservice#/operationalPermit/004AAAD9-9F98-4245-8652-0EBF7446F365,4,4,2021-12-14,2023-09-25,1,0,0,,,4,4,2021-12-14,2023-09-25,1,0,0,,,0
4dbbb4ed-cad2-42d6-b097-3b052b35cc6e,4dbbb4ed-cad2-42d6-b097-3b052b35cc6e,2,Little Caesars,,,Heavy Food Preparation,Heavy Food Preparation,food,False,False,op_permit_food,Open,2017-06-05,,806 S ALLEN HEIGHTS DR Unit: 150 ALLEN TX 75002,False,115002,9,9,FE000396-10-2017,FE006478-10-2025,Active,2026-11-05,https://cityofallentx-energovweb.tylerhost.net/apps/selfservice#/operationalPermit/48A7128E-B26C-4855-BB10-F9ED0B5EF474,28,28,2018-05-24,2025-05-20,12,0,4,93,2025-05-13,28,28,2018-05-24,2025-05-20,12,0,4,93,2025-05-13,0
9fe9f1fa-a2a7-45b7-8870-791925597d6c,9fe9f1fa-a2a7-45b7-8870-791925597d6c,1,Little Caesars,,,Heavy - Food Establishment,Heavy - Food Establishment | Heavy Food Preparation,food,False,False,license_food | op_permit_food,Closed,2018-10-31,2020-07-23,2033 W MCDERMOTT DR  Unit: 300 ALLEN TX 75013,False,113434,2,1,FE000983-08-2018,FE001725-08-2019,Expired,2020-08-16,https://cityofallentx-energovweb.tylerhost.net/apps/selfservice#/businessLicense/126e7d2a-4bd6-4ad7-b49c-7da598a1bb3a,5,4,2018-10-31,2019-10-02,1,0,0,,,5,4,2018-10-31,2019-10-02,1,0,0,,,0
d6f4b60a-ba6f-48b2-9026-67f107ba080c,4dbbb4ed-cad2-42d6-b097-3b052b35cc6e,2,Little Caesars,,,Heavy - Food Establishment,Heavy - Food Establishment,food,False,False,license_food,Closed,2019-03-12,2019-03-12,806 S ALLEN HEIGHTS DR Unit: 150 ALLEN TX 75002,False,115002,1,0,FE000121-06-2017,FE000121-06-2017,Expired,2018-06-05,https://cityofallentx-energovweb.tylerhost.net/apps/selfservice#/businessLicense/5ef61d71-8466-4678-a744-62fd43cd5347,0,0,,,0,0,0,,,28,28,2018-05-24,2025-05-20,12,0,4,93,2025-05-13,0
80225617-e1ef-47a5-ab2f-73e07e0dda31,80225617-e1ef-47a5-ab2f-73e07e0dda31,1,Little Caesars Pizza Carry Out,,,Heavy - Food Establishment,Heavy - Food Establishment,food,False,False,license_food,Closed,2017-07-27,2018-08-15,2033 W MCDERMOTT DR  Unit: 300 ALLEN TX 75013,False,113434,1,0,FE000207-07-2017,FE000207-07-2017,Expired,2018-07-19,https://cityofallentx-energovweb.tylerhost.net/apps/selfservice#/businessLicense/ab54045a-a671-4b52-958b-31f9e2677dc0,1,1,2018-02-23,2018-02-23,0,0,0,,,1,1,2018-02-23,2018-02-23,0,0,0,,,0
b0ffd01f-e282-48c9-9504-7c56a1684f0d,b0ffd01f-e282-48c9-9504-7c56a1684f0d,1,Little Lanterns Academy,,,Day Care Facility,Day Care Facility,day care,False,False,op_permit_daycare,Open,,,1020 N WATTERS RD ALLEN TX 75013,False,127684,1,1,DC006728-02-2026,DC006728-02-2026,Active,2027-02-16,https://cityofallentx-energovweb.tylerhost.net/apps/selfservice#/operationalPermit/B756D34E-C385-4F83-972A-9070CA4BFE81,2,2,2026-07-24,2027-01-19,0,0,0,,,2,2,2026-07-24,2027-01-19,0,0,0,,,0
fadc17dc-e564-4067-9dd5-c60d8fb0747c,fadc17dc-e564-4067-9dd5-c60d8fb0747c,1,Little Red Corn Roaster-Allen USA,,,Temporary Food Establishment - Food Establishment,Temporary Food Establishment - Food Establishment | Temporary Food Establishments,food,True,False,license_food | op_permit_food,Open,2017-06-24,,701 ANGEL PKWY ALLEN TX 75002,False,121106,3,2,FE000155-06-2017,FE001595-06-2019,Expired,2019-06-29,https://cityofallentx-energovweb.tylerhost.net/apps/selfservice#/businessLicense/6eecdabe-2fd0-4463-a741-a7bd2d3a6cf0,1,1,2019-06-28,2019-06-28,0,0,0,,,1,1,2019-06-28,2019-06-28,0,0,0,,,0
14a5f022-57c6-489a-b6ed-8f7ea766b2c2,14a5f022-57c6-489a-b6ed-8f7ea766b2c2,1,Little Stars Learning Adventure Center,,,Day Care Facility,Day Care Facility,day care,False,False,op_permit_daycare,Closed,,2026-09-09,716 E Main St Allen TX 75002,False,,3,3,DC005070-01-2024,DC006620-01-2026,Closed,,https://cityofallentx-energovweb.tylerhost.net/apps/selfservice#/operationalPermit/0C129B94-6AE9-4F8B-AEFB-B6F600B98100,4,3,2024-08-12,2025-12-08,0,0,0,,,4,3,2024-08-12,2025-12-08,0,0,0,,,0
764dfdd3-0eb7-47ef-8f8b-2245090bd987,764dfdd3-0eb7-47ef-8f8b-2245090bd987,1,Little Texans Academy of Allen,,,Day Care Facility,Day Care Facility,day care,False,False,op_permit_daycare,Open,,,821 S Greenville Ave Allen TX 75002,False,,1,1,DC006147-06-2025,DC006147-06-2025,Annual Renewal Completed,2027-06-06,https://cityofallentx-energovweb.tylerhost.net/apps/selfservice#/operationalPermit/cfdead68-d9ca-489f-9425-858e9112395f,2,2,2025-09-16,2026-04-24,0,0,0,,,2,2,2025-09-16,2026-04-24,0,0,0,,,0
6917a39b-3059-44b2-981c-8f23ea1bc7ef,6917a39b-3059-44b2-981c-8f23ea1bc7ef,1,Little Texans Child Care Center,,,Day Care Facility,Day Care Facility,day care,False,False,op_permit_daycare,Closed,,2023-08-17,821 S GREENVILLE AVE ALLEN TX 75002,False,106961,3,3,DC003395-12-2021,DC004983-12-2023,Annual Renewal Completed,2024-12-07,https://cityofallentx-energovweb.tylerhost.net/apps/selfservice#/operationalPermit/F9236A23-F32F-4151-962E-EBD9A85D7A6C,6,6,2022-05-23,2025-03-03,0,0,0,,,6,6,2022-05-23,2025-03-03,0,0,0,,,0
313a2819-b5eb-4fc0-9a17-1f9dcf1e06f1,313a2819-b5eb-4fc0-9a17-1f9dcf1e06f1,2,Little Texans Preschool of Allen,,,Day Care Facility,Day Care Facility,day care,False,False,op_permit_daycare,Closed,,2025-02-20,110 S Alma Dr Allen TX 75013,False,,1,1,DC005718-11-2024,DC005718-11-2024,Expired,2025-12-04,https://cityofallentx-energovweb.tylerhost.net/apps/selfservice#/operationalPermit/C556D71B-CF99-4D8E-9BC5-C5B551CD47DA,0,0,,,0,0,0,,,3,3,2023-11-28,2024-07-03,1,0,0,,,0
3fd71461-1af6-4ad3-a0e9-41ac1ba68d4c,313a2819-b5eb-4fc0-9a17-1f9dcf1e06f1,2,Little Texans Preschool of Allen,,,Day Care Facility,Day Care Facility,day care,False,False,op_permit_daycare,Closed,,2024-07-03,110 S Alma Dr Allen TX 75013,False,116445,1,1,DC004788-08-2023,DC004788-08-2023,Annual Renewal Completed,2024-08-22,https://cityofallentx-energovweb.tylerhost.net/apps/selfservice#/operationalPermit/A49DCFAD-8BBA-41B4-88E0-674137B74F1C,3,3,2023-11-28,2024-07-03,1,0,0,,,3,3,2023-11-28,2024-07-03,1,0,0,,,0
75bc717c-7864-4d20-b564-79a2fc6734a6,75bc717c-7864-4d20-b564-79a2fc6734a6,1,Lone Spur Cafe Allen LLC,,,Heavy - Food Establishment,Heavy - Food Establishment,food,False,False,license_food,Closed,,2022-12-22,305 N Central Express Way Allen TX 75013,False,,1,0,FE003612-02-2022,FE003612-02-2022,Expired,2023-02-17,https://cityofallentx-energovweb.tylerhost.net/apps/selfservice#/businessLicense/943e4132-dd4d-4151-a4e8-29a742434c83,1,1,2022-07-25,2022-07-25,0,0,0,,,1,1,2022-07-25,2022-07-25,0,0,0,,,0
1d58f31d-3b61-49f0-a786-cb279abecb44,1d58f31d-3b61-49f0-a786-cb279abecb44,1,Lone Star Food Store / 7-11 #39032,,,Heavy - Food Establishment,Heavy - Food Establishment | Heavy Food Preparation,food,False,False,license_food | op_permit_food,Closed,2017-06-20,2018-12-06,301 S CENTRAL EXPY  ALLEN TX 75013,False,107379,2,1,FE000174-06-2017,FE000945-07-2018,Expired,2019-06-20,https://cityofallentx-energovweb.tylerhost.net/apps/selfservice#/businessLicense/a60136f9-2f7c-4ac2-8fc0-666877732b33,5,5,2017-11-29,2019-01-07,2,0,0,,,5,5,2017-11-29,2019-01-07,2,0,0,,,0
9c7da87c-d99c-4420-8805-1b009831c5dc,9c7da87c-d99c-4420-8805-1b009831c5dc,1,Lone Star Markets at Alta Magnolia,,,No Food Preparation,No Food Preparation,food,False,False,op_permit_food,Open,,,1245 Blue Tractor LN Allen TX 75013,False,,1,1,FE006414-09-2025,FE006414-09-2025,Annual Renewal Completed,2027-10-08,https://cityofallentx-energovweb.tylerhost.net/apps/selfservice#/operationalPermit/fec42b5a-3949-4964-ad29-71c9e0a3cc76,3,3,2025-10-08,2027-07-27,0,0,0,,,3,3,2025-10-08,2027-07-27,0,0,0,,,0
e1ba74a0-b58a-4a98-9ddf-02ce86c80e91,e1ba74a0-b58a-4a98-9ddf-02ce86c80e91,1,Long John Silver,,,Heavy - Food Establishment,Heavy - Food Establishment,food,False,False,license_food,Closed,2017-08-23,2018-07-13,1214 E MAIN ST ALLEN TX 75002,False,126002,1,0,FE000282-09-2017,FE000282-09-2017,Expired,2018-09-06,https://cityofallentx-energovweb.tylerhost.net/apps/selfservice#/businessLicense/74ddafc9-0c2b-41db-bde6-3524456ead87,2,2,2018-02-16,2018-02-19,1,0,0,,,2,2,2018-02-16,2018-02-19,1,0,0,,,0
174f58d8-a186-463d-a835-b56422582eee,174f58d8-a186-463d-a835-b56422582eee,1,Loro Asia Smokehouse and Bar,,,Temporary Food Establishment - Food Establishment,Temporary Food Establishment - Food Establishment,food,True,False,license_food,Closed,2023-05-13,2023-05-13,Dallas TX 75254,True,,1,0,FE004542-04-2023,FE004542-04-2023,Expired,2023-05-13,https://cityofallentx-energovweb.tylerhost.net/apps/selfservice#/businessLicense/8df3bc66-cf91-46b3-a869-0c8edff1cb44,0,0,,,0,0,0,,,0,0,,,0,0,0,,,0
b947e318-9953-4de6-ad6a-be63c1dcd81f,b947e318-9953-4de6-ad6a-be63c1dcd81f,1,LoveJoy ISD,,,City/Schools,City/Schools | Food Service Inspection (Ext. School) - Food Establishment,food,False,False,license_food | op_permit_food,Open,2018-03-05,,,False,,4,1,FE000194-07-2017,FE000692-04-2018,Annual Renewal Completed,2027-07-16,https://cityofallentx-energovweb.tylerhost.net/apps/selfservice#/operationalPermit/B8AB4294-D69F-4DF6-AEF5-3A3C3C8F3BA9,16,16,2018-03-05,2021-03-04,0,0,0,,,16,16,2018-03-05,2021-03-04,0,0,0,,,0
4a9a1398-7afb-4850-be7a-f7c1e92a2321,4a9a1398-7afb-4850-be7a-f7c1e92a2321,1,Lowery Basketball Concession Stand,,,Concession Stand - Food Establishment,Concession Stand | Concession Stand - Food Establishment,food,False,False,license_food | op_permit_food,Closed,2018-08-09,2025-08-11,368 N GREENVILLE AVE  ALLEN TX 75002,False,121797,5,4,FE000963-08-2018,FE003975-08-2022,Expired,2023-08-01,https://cityofallentx-energovweb.tylerhost.net/apps/selfservice#/businessLicense/05a146f0-fbbd-4124-af86-5e03a8eaf06c,7,7,2018-10-09,2023-08-22,0,0,0,,,7,7,2018-10-09,2023-08-22,0,0,0,,,0
dc65310c-9d2a-407e-beeb-8a00fd8bb978,dc65310c-9d2a-407e-beeb-8a00fd8bb978,1,Lowery Basketball Concession Stand,,,Concession Stand - Food Establishment,Concession Stand | Concession Stand - Food Establishment,food,False,False,license_food | op_permit_food,Closed,,2018-08-06,601 E MAIN ST ALLEN TX 75002,False,131477,2,1,FE000407-11-2017,FE004717-07-2023,Expired,2019-11-04,https://cityofallentx-energovweb.tylerhost.net/apps/selfservice#/businessLicense/16079bde-0ee1-41ec-9302-d8c9a9732212,0,0,,,0,0,0,,,0,0,,,0,0,0,,,0
07342f06-730d-43fd-900a-b74c2dea9150,07342f06-730d-43fd-900a-b74c2dea9150,1,Lowery Football Concession,,,Concession Stand - Food Establishment,Concession Stand | Concession Stand - Food Establishment,food,False,False,license_food | op_permit_food,Closed,,2025-08-11,368 N GREENVILLE AVE  ALLEN TX 75002,False,131477,8,7,FE000406-11-2017,FE003971-08-2022,Expired,2023-08-01,https://cityofallentx-energovweb.tylerhost.net/apps/selfservice#/businessLicense/0e41c5b8-b99b-47a0-97eb-e5c0fc52a00e,5,5,2019-09-20,2022-04-18,0,0,0,,,5,5,2019-09-20,2022-04-18,0,0,0,,,0
3c2cd7f3-91b2-44d9-9da5-447668a54476,3c2cd7f3-91b2-44d9-9da5-447668a54476,1,Lowery Football Concession Stand,,,Concession Stand,Concession Stand,food,False,False,op_permit_food,Open,,,601 E MAIN ST ALLEN TX 75002,False,131477,3,3,FE004720-07-2023,FE-007030-07-2026,Annual Renewal Completed,2027-08-03,https://cityofallentx-energovweb.tylerhost.net/apps/selfservice#/operationalPermit/062bce43-7b43-4eb0-8f75-18fb6c2d0abb,5,5,2023-08-22,2027-08-16,0,0,2,95,2025-08-05,5,5,2023-08-22,2027-08-16,0,0,2,95,2025-08-05,0
1c006b08-b03c-45d1-a95f-6c04afd01858,1c006b08-b03c-45d1-a95f-6c04afd01858,1,Lowery Freshman Center-Allen I.S.D.,,,Heavy - Food Establishment,Heavy - Food Establishment | Heavy Food Preparation,food,False,False,license_food | op_permit_food,Closed,2017-09-22,2018-08-08,368 N GREENVILLE AVE ALLEN TX 75002,False,121797,2,1,FE000316-09-2017,FE002447-08-2020,Expired,2019-09-29,https://cityofallentx-energovweb.tylerhost.net/apps/selfservice#/businessLicense/ad68db21-e540-417a-9b09-3da7444ce0f9,1,0,,,0,0,0,,,1,0,,,0,0,0,,,0
ac552549-6a74-48e4-b64c-5a1fe09d0bf0,ac552549-6a74-48e4-b64c-5a1fe09d0bf0,1,Lowery Freshman Cntr - Allen ISD,,,Heavy Food Preparation,Heavy Food Preparation,food,False,False,op_permit_food,Open,2018-08-09,,368 N GREENVILLE AVE  ALLEN TX 75002,False,121797,8,8,FE000969-08-2018,FE-006996-07-2026,Active,,https://cityofallentx-energovweb.tylerhost.net/apps/selfservice#/operationalPermit/0fbb4a6d-e542-4067-a7df-6f8c7df25a30,16,16,2018-10-04,2026-09-30,1,0,5,97,2025-11-11,16,16,2018-10-04,2026-09-30,1,0,5,97,2025-11-11,0
111ea4e1-c544-4d5d-b4df-7a031fb891f2,111ea4e1-c544-4d5d-b4df-7a031fb891f2,1,Lowery Main Gym Concession Stand,,,Concession Stand,Concession Stand,food,False,False,op_permit_food,Open,,,368 N GREENVILLE AVE ALLEN TX 75002,False,121797,3,3,FE004719-07-2023,FE-007027-07-2026,Annual Renewal Completed,2027-08-03,https://cityofallentx-energovweb.tylerhost.net/apps/selfservice#/operationalPermit/a0281f04-1fcb-4a88-9f61-1ba284cbc02f,2,2,2024-08-02,2025-08-05,0,0,2,100,2025-08-05,2,2,2024-08-02,2025-08-05,0,0,2,100,2025-08-05,0
b29cf6c0-dc6c-4398-abf3-3fb931cdadce,b29cf6c0-dc6c-4398-abf3-3fb931cdadce,1,Lucky 2 BBQ-Cottonwood Creek,,,Concession Stand - Food Establishment,Concession Stand - Food Establishment,food,False,False,license_food,Closed,2017-06-28,2017-06-28,1015 SH121 HWY ALLEN TX 75013,False,124385,1,0,FE000189-06-2017,FE000189-06-2017,Expired,2018-01-04,https://cityofallentx-energovweb.tylerhost.net/apps/selfservice#/businessLicense/3879347e-b7dc-4909-8bfc-cb07330a7708,0,0,,,0,0,0,,,0,0,,,0,0,0,,,0
6da75b13-1a0d-49ce-973c-1ae2b0ed7661,6da75b13-1a0d-49ce-973c-1ae2b0ed7661,1,Lucky House,,,Heavy Food Preparation,Heavy Food Preparation,food,False,False,op_permit_food,Open,,,204 N GREENVILLE AVE Unit: 205 ALLEN TX 75002,False,104995,6,6,FE002343-06-2020,FE006377-09-2025,Expired,2026-08-31,https://cityofallentx-energovweb.tylerhost.net/apps/selfservice#/operationalPermit/44DB3E98-166A-440F-9E8E-E3F298C0A705,28,28,2020-11-18,2026-09-28,8,2,4,75,2025-11-13,28,28,2020-11-18,2026-09-28,8,2,4,75,2025-11-13,0
cf1caf44-5fea-4f2a-a7c1-12d629fc7be9,cf1caf44-5fea-4f2a-a7c1-12d629fc7be9,1,Lucys Yard,,,Heavy Food Preparation,Heavy Food Preparation,food,False,False,op_permit_food,Open,,,1070 WATTERS CREEK BLVD Allen TX 75002,False,,1,1,FE006134-05-2025,FE006134-05-2025,Closed,,https://cityofallentx-energovweb.tylerhost.net/apps/selfservice#/operationalPermit/FDC32900-5F9B-417E-8212-1D1C42F4D692,2,1,2025-07-08,2025-07-08,0,0,0,,,2,1,2025-07-08,2025-07-08,0,0,0,,,0
272be71d-c748-41bb-b726-7c48f69e234e,272be71d-c748-41bb-b726-7c48f69e234e,1,Lupe Tortilla Food Truck# 3,,,Catering Truck - Food Establishment,Catering Truck - Food Establishment | Mobile Construction Site Food Vehicle:,food,True,False,license_food | op_permit_food,Closed,,2024-04-09,1865 N Central Expressway Allen TX 75080,False,,2,1,FE004472-03-2023,FE005325-05-2024,Expired,2025-03-27,https://cityofallentx-energovweb.tylerhost.net/apps/selfservice#/businessLicense/510bbbb7-07ac-484c-be30-4171cfc92a3c,2,2,2023-03-27,2024-05-14,0,0,0,,,2,2,2023-03-27,2024-05-14,0,0,0,,,0
9894217d-5603-4cd9-a392-68a20c70fec2,9894217d-5603-4cd9-a392-68a20c70fec2,1,Lupe Tortilla Restaurant,,,Heavy Food Preparation,Heavy Food Preparation,food,False,False,op_permit_food,Open,,,1865 N CENTRAL EXPY ALLEN TX 75013,False,132946,7,7,FE001484-04-2019,FE-007081-08-2026,Annual Renewal Completed,2027-08-23,https://cityofallentx-energovweb.tylerhost.net/apps/selfservice#/operationalPermit/4b75658e-c9f4-4146-8cd4-890fa91e166b,11,11,2020-04-21,2025-11-11,1,0,0,,,11,11,2020-04-21,2025-11-11,1,0,0,,,0
24a546ab-ced5-46da-b68a-0d294c044c6d,24a546ab-ced5-46da-b68a-0d294c044c6d,1,Lupe Tortilla# RTW 0910,,,Special Event - Food Establishment,Special Event - Food Establishment,special event,True,False,license_special_event_food,Closed,,2026-02-23,Houston TX 77079,True,,1,0,FESP006598-01-2026,FESP006598-01-2026,Closed,,https://cityofallentx-energovweb.tylerhost.net/apps/selfservice#/businessLicense/c8340c72-0311-43bb-adf3-51446564631e,0,0,,,0,0,0,,,0,0,,,0,0,0,,,0
b5e0a8f0-e34f-477b-ac87-92f7f931957a,b5e0a8f0-e34f-477b-ac87-92f7f931957a,1,Luxmy LLC DBA Alan Quick Mart,,,No Prep - Food Establishment,No Prep - Food Establishment,food,False,False,license_food,Closed,2017-06-22,2022-02-11,101 S GREENVILLE AVE ALLEN TX 75002,False,107363,1,0,FE002428-08-2020,FE002428-08-2020,Expired,2021-08-10,https://cityofallentx-energovweb.tylerhost.net/apps/selfservice#/businessLicense/9111e53a-acb9-4c81-9102-d8300bf79287,9,9,2017-12-08,2021-07-08,1,0,0,,,9,9,2017-12-08,2021-07-08,1,0,0,,,0
3951afaf-b889-4c4b-9cb4-3d7512e5c1e2,3951afaf-b889-4c4b-9cb4-3d7512e5c1e2,1,MOD PIZZA,,,Heavy Food Preparation,Heavy Food Preparation,food,False,False,op_permit_food,Open,,,845 W STACY RD BLDG A Unit: STE 100 ALLEN TX 75013,False,,1,1,FE006643-01-2026,FE006643-01-2026,Active,2027-04-03,https://cityofallentx-energovweb.tylerhost.net/apps/selfservice#/operationalPermit/C863C8A4-0732-44B8-956F-0698AB231264,1,1,2026-10-30,2026-10-30,0,0,0,,,1,1,2026-10-30,2026-10-30,0,0,0,,,0
d277e27d-ad3d-4858-ab39-6610733da35f,d277e27d-ad3d-4858-ab39-6610733da35f,1,MOD Pizza,,,Heavy - Food Establishment,Heavy - Food Establishment | Heavy Food Preparation,food,False,False,license_food | op_permit_food,Closed,,2026-01-27,845 W STACY RD A Unit: 100 ALLEN TX 75013,False,132953,6,5,FE002157-02-2020,FE005941-02-2025,Closed,,https://cityofallentx-energovweb.tylerhost.net/apps/selfservice#/businessLicense/9ce2aa00-d7d1-49d9-8c99-22e62ca8af4b,15,14,2020-05-11,2025-07-01,2,0,4,95,2025-07-01,15,14,2020-05-11,2025-07-01,2,0,4,95,2025-07-01,0
8ee8e407-118c-47b2-9bdd-6871855bd38a,8ee8e407-118c-47b2-9bdd-6871855bd38a,1,"MRG DFW, LLC / Sonic Drive In",,,Heavy - Food Establishment,Heavy - Food Establishment,food,False,False,license_food,Closed,,2024-10-04,Meridian ID 83680,True,,1,0,FE005353-05-2024,FE005353-05-2024,Closed,,https://cityofallentx-energovweb.tylerhost.net/apps/selfservice#/businessLicense/e0322301-7198-453d-aa8f-7aa0e642cc6f,0,0,,,0,0,0,,,0,0,,,0,0,0,,,0
63073e5f-b4cb-42b6-aceb-d6e2532fac38,63073e5f-b4cb-42b6-aceb-d6e2532fac38,2,Ma Bo Chinese Food,,,Heavy - Food Establishment,Heavy - Food Establishment | Heavy Food Preparation,food,False,False,license_food | op_permit_food,Closed,,2019-06-18,801 S GREENVILLE AVE Unit: 116 ALLEN TX 75002,False,105676,3,2,FE000182-06-2017,FE001648-07-2019,Expired,2020-06-25,https://cityofallentx-energovweb.tylerhost.net/apps/selfservice#/businessLicense/e07b0249-c3e4-4b72-9f83-ad286e070ef8,0,0,,,0,0,0,,,31,31,2017-12-12,2026-06-24,14,3,4,78,2025-02-20,0
ad36eb75-01ce-42d4-b3d6-6f76ed158ec1,63073e5f-b4cb-42b6-aceb-d6e2532fac38,2,Ma Bo Chinese Food,,,Heavy Food Preparation,Heavy Food Preparation,food,False,False,op_permit_food,Open,2017-06-20,,801 S GREENVILLE AVE Unit: 116 ALLEN TX 75002,False,105676,6,6,FE002354-06-2020,FE-006890-05-2026,Annual Renewal Completed,2027-06-28,https://cityofallentx-energovweb.tylerhost.net/apps/selfservice#/operationalPermit/b66928ff-a5a8-49e1-a16f-cac2583d57d9,31,31,2017-12-12,2026-06-24,14,3,4,78,2025-02-20,31,31,2017-12-12,2026-06-24,14,3,4,78,2025-02-20,0
f5a99fd3-0410-4f59-9b07-45f0f9eca614,f5a99fd3-0410-4f59-9b07-45f0f9eca614,1,Macho Taco Cantina Allen - The Hub,,,Heavy - Food Establishment,Heavy - Food Establishment,food,False,False,license_food,Closed,,2023-10-24,1289 JOHNSON RD 3 Unit: 3120 ALLEN TX 75013,False,,1,0,FE004195-12-2022,FE004195-12-2022,Expired,2023-12-19,https://cityofallentx-energovweb.tylerhost.net/apps/selfservice#/businessLicense/484c93a6-ac53-40f1-acd3-77cd6d912dae,1,1,2023-08-31,2023-08-31,0,0,0,,,1,1,2023-08-31,2023-08-31,0,0,0,,,0
23f0d14e-bd1a-4743-9c63-f43523f3e2d1,23f0d14e-bd1a-4743-9c63-f43523f3e2d1,2,Mad Dash Mixes,,,Temporary Food Establishment - Food Establishment,Temporary Food Establishment - Food Establishment,food,True,False,license_food,Closed,,2022-11-14,Cleburne TX 76033,True,,1,0,FE004089-09-2022,FE004089-09-2022,Expired,2022-11-13,https://cityofallentx-energovweb.tylerhost.net/apps/selfservice#/businessLicense/b85a4683-d7b7-4ff2-894e-cd93f76c7b56,1,1,2022-11-09,2022-11-09,0,0,0,,,1,1,2022-11-09,2022-11-09,0,0,0,,,0
e1a6e63d-cfea-4808-9de3-7dcef7463319,23f0d14e-bd1a-4743-9c63-f43523f3e2d1,2,Mad Dash Mixes,,,Special Event - Food Establishment,Special Event - Food Establishment,special event,True,False,license_special_event_food,Closed,,2025-02-11,Cleburne TX 76033,True,,1,0,FESP004916-10-2023,FESP004916-10-2023,Expired,2023-11-12,https://cityofallentx-energovweb.tylerhost.net/apps/selfservice#/businessLicense/8cc05b38-cab5-4dde-9d81-25885f121d66,0,0,,,0,0,0,,,1,1,2022-11-09,2022-11-09,0,0,0,,,0
e2268e39-fcc6-457a-9e3c-039cbce13657,e2268e39-fcc6-457a-9e3c-039cbce13657,1,Magic Smoke BBQ@ Cottonwood Crk,,,Temporary Food Establishment - Food Establishment,Special Event - Food Establishment | Temporary Food Establishment - Food Establishment,food,True,False,license_food | license_special_event_food,Closed,2018-07-03,2023-08-11,1015 SH121 HWY  ALLEN TX 75013,False,121010,2,0,FESP000913-07-2018,FE001638-07-2019,Expired,2019-07-04,https://cityofallentx-energovweb.tylerhost.net/apps/selfservice#/businessLicense/d0f6dd27-d6a3-4dc2-857e-2d3eb25e744e,1,1,2018-07-03,2018-07-03,0,0,0,,,1,1,2018-07-03,2018-07-03,0,0,0,,,0
4039628f-6daf-4c49-a4f4-4705970e08e7,4039628f-6daf-4c49-a4f4-4705970e08e7,1,Main Street Sweets & Drinks,,,Light - Food Establishment,Light - Food Establishment,food,False,False,license_food,Closed,2017-09-08,2018-09-12,1206 E MAIN ST Unit: 101 ALLEN TX 75002,False,126000,1,0,FE000279-09-2017,FE000279-09-2017,Expired,2018-09-05,https://cityofallentx-energovweb.tylerhost.net/apps/selfservice#/businessLicense/7ceadf8b-6aa9-470f-8fef-addeb1b748f7,0,0,,,0,0,0,,,0,0,,,0,0,0,,,0
65a8f891-97fb-4d88-b1f4-9f8a6060293d,65a8f891-97fb-4d88-b1f4-9f8a6060293d,1,Mama Pita Mediterranean Grill,,,Special Event - Food Establishment,Special Event - Food Establishment,special event,True,False,license_special_event_food,Closed,2019-10-28,2019-10-28,909 ALLEN CENTRAL DR ALLEN TX 75013,False,129235,1,0,FESP001841-10-2019,FESP001841-10-2019,Expired,2019-10-27,https://cityofallentx-energovweb.tylerhost.net/apps/selfservice#/businessLicense/ed9a7e54-6e1d-4038-a040-e274f1ad5b93,1,1,2019-10-28,2019-10-28,0,0,0,,,1,1,2019-10-28,2019-10-28,0,0,0,,,0
2ecdba2f-1719-4b58-8c6a-22886efebcac,2ecdba2f-1719-4b58-8c6a-22886efebcac,1,Mandico Ice Cream,,,Special Event - Food Establishment,Special Event - Food Establishment,special event,True,False,license_special_event_food,Closed,2023-03-18,2023-03-18,Irving TX 75062,True,,1,0,FESP004421-03-2023,FESP004421-03-2023,Expired,2023-03-18,https://cityofallentx-energovweb.tylerhost.net/apps/selfservice#/businessLicense/e97e3c87-3202-42bf-8c0c-da7ba9b039c7,0,0,,,0,0,0,,,0,0,,,0,0,0,,,0
88a16b88-616d-43d6-814b-ffc64a9edea8,88a16b88-616d-43d6-814b-ffc64a9edea8,1,Marco's Pizza #3576,,,Heavy Food Preparation,Heavy Food Preparation,food,False,False,op_permit_food,Open,,,1545 E MAIN ST Unit: 500 ALLEN TX 75002,False,127709,9,9,FE000547-02-2018,FE006653-01-2026,Annual Renewal Completed,2027-02-18,https://cityofallentx-energovweb.tylerhost.net/apps/selfservice#/operationalPermit/0A14C58A-1DC2-418A-8275-F691FBB65D7C,28,27,2018-02-14,2026-05-27,5,0,7,94,2025-11-04,28,27,2018-02-14,2026-05-27,5,0,7,94,2025-11-04,0
136de190-bb40-4ded-8024-3c93f9629ffb,136de190-bb40-4ded-8024-3c93f9629ffb,1,Marion Elementary,,,Heavy Food Preparation,Heavy Food Preparation,food,False,False,op_permit_food,Open,2017-09-20,,1595 STABLERUN DR  ALLEN TX 75002,False,121009,9,9,FE000335-10-2017,FE-006995-07-2026,Active,,https://cityofallentx-energovweb.tylerhost.net/apps/selfservice#/operationalPermit/f8495c71-ba30-4e54-895e-0fa7960361cd,16,16,2018-09-19,2026-10-12,0,0,6,100,2026-03-12,16,16,2018-09-19,2026-10-12,0,0,6,100,2026-03-12,0
1ad8cd61-1a4c-495b-bb98-a5f6140961fb,1ad8cd61-1a4c-495b-bb98-a5f6140961fb,1,Market Stree #563-Cooking Cottage Space,,,Heavy - Food Establishment,Heavy - Food Establishment,food,False,False,license_food,Closed,,2024-06-13,985 W Bethany DR Allen TX 75013,False,,1,0,FE004083-09-2022,FE004083-09-2022,Expired,2023-10-29,https://cityofallentx-energovweb.tylerhost.net/apps/selfservice#/businessLicense/cc3f5fa3-4e2c-44c1-b9d2-557a2e09e97c,0,0,,,0,0,0,,,0,0,,,0,0,0,,,0
3c62ca6c-9de0-478f-a421-b64d2aa10b22,3c62ca6c-9de0-478f-a421-b64d2aa10b22,3,Market Street,,,Seasonal Food Sales,Seasonal Food Sales,food,True,False,op_permit_food,Closed,2025-10-04,2026-02-20,985 W Bethany Dr Allen TX 75013,False,,1,1,FE006407-09-2025,FE006407-09-2025,Closed,,https://cityofallentx-energovweb.tylerhost.net/apps/selfservice#/operationalPermit/666ECDD8-704A-44F6-9D5C-E888DF88C840,0,0,,,0,0,0,,,0,0,,,0,0,0,,,0
4b1bf3a7-3736-4890-a21d-da7cfcaf1ade,3c62ca6c-9de0-478f-a421-b64d2aa10b22,3,Market Street,,,Special Event - Food Establishment,Special Event - Food Establishment,special event,True,False,license_special_event_food,Closed,,2025-09-25,985 W Bethany Dr Allen TX 75013,False,,1,0,FESP006406-09-2025,FESP006406-09-2025,Revoked,2999-01-01,https://cityofallentx-energovweb.tylerhost.net/apps/selfservice#/businessLicense/2f84f448-b58a-4dcb-b3fa-7fb342cb59d1,0,0,,,0,0,0,,,0,0,,,0,0,0,,,0
6c102f6e-765a-4d00-a651-a2f8ca095fad,6c102f6e-765a-4d00-a651-a2f8ca095fad,2,Market Street,,,Special Event - Food Establishment,Special Event - Food Establishment,special event,True,False,license_special_event_food,Closed,,2026-03-30,985 W BETHANY DR G ALLEN TX 75013,False,129665,1,0,FESP006797-03-2026,FESP006797-03-2026,Closed,,https://cityofallentx-energovweb.tylerhost.net/apps/selfservice#/businessLicense/c0cfb760-5655-484e-a08d-df5f0a984aaf,0,0,,,0,0,0,,,0,0,,,0,0,0,,,0
988fc311-473d-48ab-82d2-47e78f34781e,3c62ca6c-9de0-478f-a421-b64d2aa10b22,3,Market Street,,,Special Event - Food Establishment,Special Event - Food Establishment,special event,True,False,license_special_event_food,Closed,2025-03-22,2025-10-23,985 W Bethany Dr Allen TX 75013,False,,1,0,FESP006036-03-2025,FESP006036-03-2025,Expired,2025-04-12,https://cityofallentx-energovweb.tylerhost.net/apps/selfservice#/businessLicense/2951b613-fe89-4115-863b-4874629c4be6,0,0,,,0,0,0,,,0,0,,,0,0,0,,,0
dd726e20-c6b8-44c0-afb2-87112a4be85c,6c102f6e-765a-4d00-a651-a2f8ca095fad,2,Market Street,,,Special Event - Food Establishment,Special Event - Food Establishment,special event,True,False,license_special_event_food,Closed,,2025-01-07,985 W BETHANY DR G ALLEN TX 75013,False,129665,1,0,FESP005617-09-2024,FESP005617-09-2024,Expired,2024-10-26,https://cityofallentx-energovweb.tylerhost.net/apps/selfservice#/businessLicense/987799ab-4ca4-4331-88ba-d1c4628e6898,0,0,,,0,0,0,,,0,0,,,0,0,0,,,0
9432b50a-c249-4568-a386-660fa2443465,9432b50a-c249-4568-a386-660fa2443465,1,Market Street #1-Allen USA,,,Temporary Food Establishment - Food Establishment,Temporary Food Establishment - Food Establishment | Temporary Food Establishments,food,True,False,license_food | op_permit_food,Closed,2017-06-24,2022-03-21,701 ANGEL PKWY ALLEN TX 75002,False,121106,4,3,FE000157-06-2017,FE003060-06-2021,Expired,2021-06-26,https://cityofallentx-energovweb.tylerhost.net/apps/selfservice#/businessLicense/89177dce-ef4f-4b61-86c8-a44415922f54,2,2,2019-06-28,2021-06-25,0,0,0,,,2,2,2019-06-28,2021-06-25,0,0,0,,,0
889b0d8d-6076-4643-904c-cc122d86ec48,889b0d8d-6076-4643-904c-cc122d86ec48,1,Market Street #2-Allen USA,,,Temporary Food Establishment - Food Establishment,Temporary Food Establishment - Food Establishment | Temporary Food Establishments,food,True,False,license_food | op_permit_food,Closed,2018-06-29,2021-05-28,701 ANGEL PKWY  ALLEN TX 75002,False,121106,2,1,FE000878-06-2018,FE001597-06-2019,Expired,2019-06-29,https://cityofallentx-energovweb.tylerhost.net/apps/selfservice#/businessLicense/18814772-afab-4d9c-970d-0560f84e0ca7,2,2,2018-06-30,2019-06-28,0,0,0,,,2,2,2018-06-30,2019-06-28,0,0,0,,,0
11746d3f-9bc0-4ce3-8c98-c4789e8263ab,11746d3f-9bc0-4ce3-8c98-c4789e8263ab,1,Market Street #563 (Bakery),,,Heavy - Food Establishment,Heavy - Food Establishment | Heavy Food Preparation,food,False,False,license_food | op_permit_food,Closed,,2024-06-13,985 W BETHANY DR G ALLEN TX 75013,False,,4,3,FE001866-11-2019,FE004077-09-2022,Expired,2023-10-29,https://cityofallentx-energovweb.tylerhost.net/apps/selfservice#/businessLicense/0726f8cf-f4e7-4a20-bb5e-86d4ddeb2f35,7,7,2019-12-30,2023-03-27,0,0,0,,,7,7,2019-12-30,2023-03-27,0,0,0,,,0
b430169a-d8a5-4054-8104-8d0f6f56a981,b430169a-d8a5-4054-8104-8d0f6f56a981,1,Market Street #563 (Deli),,,Heavy - Food Establishment,Heavy - Food Establishment | Heavy Food Preparation,food,False,False,license_food | op_permit_food,Closed,,2024-06-13,985 W BETHANY DR G ALLEN TX 75013,False,,4,3,FE001867-11-2019,FE004078-09-2022,Expired,2023-10-29,https://cityofallentx-energovweb.tylerhost.net/apps/selfservice#/businessLicense/88c4c061-1220-4273-afe3-ba98e46757c7,6,6,2019-12-30,2023-03-27,0,0,0,,,6,6,2019-12-30,2023-03-27,0,0,0,,,0
382441c9-1565-4a39-9b1c-7e2ade8e7e3b,382441c9-1565-4a39-9b1c-7e2ade8e7e3b,1,Market Street #563 (Meat/Seafood),,,Light - Food Establishment,Light - Food Establishment | Light Food Preparation,food,False,False,license_food | op_permit_food,Closed,,2024-06-13,985 W BETHANY DR G ALLEN TX 75013,False,129665,4,3,FE001865-11-2019,FE004082-09-2022,Expired,2023-10-29,https://cityofallentx-energovweb.tylerhost.net/apps/selfservice#/businessLicense/61728908-1946-4595-95d0-c49150f5eb31,5,5,2019-12-30,2022-08-31,0,0,0,,,5,5,2019-12-30,2022-08-31,0,0,0,,,0
7d119e28-0fdb-43c3-808d-6621bded22ea,7d119e28-0fdb-43c3-808d-6621bded22ea,1,Market Street #563 (Produce),,,Light - Food Establishment,Light - Food Establishment | Light Food Preparation,food,False,False,license_food | op_permit_food,Closed,,2024-06-13,985 W BETHANY DR G ALLEN TX 75013,False,129665,4,3,FE001868-11-2019,FE004081-09-2022,Expired,2023-10-29,https://cityofallentx-energovweb.tylerhost.net/apps/selfservice#/businessLicense/d8022009-6c64-4be7-98fc-a28bf3b24224,6,6,2019-12-30,2023-03-27,0,0,0,,,6,6,2019-12-30,2023-03-27,0,0,0,,,0
013b0731-3d38-46fb-a3c1-ab86a124bcde,013b0731-3d38-46fb-a3c1-ab86a124bcde,1,Market Street #563 (Starbucks),,,Light - Food Establishment,Light - Food Establishment | Light Food Preparation,food,False,False,license_food | op_permit_food,Closed,,2024-06-13,985 W BETHANY DR G ALLEN TX 75013,False,129666,3,2,FE001869-11-2019,FE004080-09-2022,Expired,2023-10-29,https://cityofallentx-energovweb.tylerhost.net/apps/selfservice#/businessLicense/3a798d16-258a-4485-b965-01c9fb352328,6,6,2019-12-31,2023-01-13,0,0,0,,,6,6,2019-12-31,2023-01-13,0,0,0,,,0
d60401da-e441-45fb-826e-6938a2704c38,d60401da-e441-45fb-826e-6938a2704c38,1,Market Street #563-Grocery,,,Grocery Store,Grocery Store,food,False,False,op_permit_food,Open,2017-11-30,,985 W BETHANY DR G ALLEN TX 75013,False,129665,9,9,FE000381-10-2017,FE006416-09-2025,Annual Renewal Completed,2026-10-29,https://cityofallentx-energovweb.tylerhost.net/apps/selfservice#/operationalPermit/5B1D0EE9-86FB-4759-A63E-1B25D2FB6957,12,12,2017-11-30,2026-01-21,1,0,0,,,12,12,2017-11-30,2026-01-21,1,0,0,,,0
e9db38ac-32e1-49a5-ba9c-5e7c5d6d40b9,e9db38ac-32e1-49a5-ba9c-5e7c5d6d40b9,1,Market Street# 563 - Produce,,,Grocery Department,Grocery Department,food,False,False,op_permit_food,Open,,,985 W Bethany Dr Allen TX 75013,False,,3,3,FE004877-10-2023,FE006419-09-2025,Annual Renewal Completed,2026-10-02,https://cityofallentx-energovweb.tylerhost.net/apps/selfservice#/operationalPermit/393B7DC0-4221-4529-A990-9027016E89E3,2,2,2025-05-06,2026-01-21,0,0,0,,,2,2,2025-05-06,2026-01-21,0,0,0,,,0
dc47d047-b9bc-4fb2-b8e9-415846f32bef,dc47d047-b9bc-4fb2-b8e9-415846f32bef,1,Market Street# 563- Bakery,,,Grocery Department,Grocery Department,food,False,False,op_permit_food,Open,,,985 W bethany Dr Allen TX 75013,False,,3,3,FE004876-10-2023,FE006418-09-2025,Annual Renewal Completed,2026-10-02,https://cityofallentx-energovweb.tylerhost.net/apps/selfservice#/operationalPermit/8C4C9AD4-B206-4C54-83DF-A8CC33E29830,3,3,2024-06-11,2026-01-21,0,0,0,,,3,3,2024-06-11,2026-01-21,0,0,0,,,0
91dfcc29-55d4-44b3-9ead-85ecda770712,91dfcc29-55d4-44b3-9ead-85ecda770712,1,Market Street# 563- Cooking Cottage,,,Grocery Department,Grocery Department,food,False,False,op_permit_food,Open,,,985 W Bethany Dr Allen TX 75013,False,,3,3,FE004880-10-2023,FE006422-09-2025,Annual Renewal Completed,2026-10-02,https://cityofallentx-energovweb.tylerhost.net/apps/selfservice#/operationalPermit/28E2C0A2-4218-475C-BCD8-14682A6343D8,3,3,2024-06-11,2026-01-21,0,0,0,,,3,3,2024-06-11,2026-01-21,0,0,0,,,0
4a82856f-697e-42b5-b216-a670b8a34b96,4a82856f-697e-42b5-b216-a670b8a34b96,1,Market Street# 563- Deli,,,Grocery Department,Grocery Department,food,False,False,op_permit_food,Open,,,985 W Bethany Dr Allen TX 75013,False,,3,3,FE004879-10-2023,FE006421-09-2025,Annual Renewal Completed,2026-10-02,https://cityofallentx-energovweb.tylerhost.net/apps/selfservice#/operationalPermit/7E07C070-426C-4B43-8FB2-C959A1711FA3,3,3,2024-06-11,2026-01-21,0,0,0,,,3,3,2024-06-11,2026-01-21,0,0,0,,,0
050e9eda-1111-4b59-9308-d50d354d805d,050e9eda-1111-4b59-9308-d50d354d805d,1,Market Street# 563- Meat/Seafood,,,Grocery Department,Grocery Department,food,False,False,op_permit_food,Open,,,985 W Bethany Dr Allen TX 75013,False,,3,3,FE004875-10-2023,FE006417-09-2025,Annual Renewal Completed,2026-10-02,https://cityofallentx-energovweb.tylerhost.net/apps/selfservice#/operationalPermit/A3DFFABB-1D9F-443A-8C83-6CA249727471,3,3,2024-06-11,2026-01-21,0,0,0,,,3,3,2024-06-11,2026-01-21,0,0,0,,,0
a10a2977-5de7-4704-9f8f-9b582e458b65,a10a2977-5de7-4704-9f8f-9b582e458b65,1,Market Street# 563- Starbucks,,,Grocery Department,Grocery Department,food,False,False,op_permit_food,Open,,,985 W Bethany Dr Allen TX 75013,False,,3,3,FE004878-10-2023,FE006420-09-2025,Annual Renewal Completed,2026-10-02,https://cityofallentx-energovweb.tylerhost.net/apps/selfservice#/operationalPermit/D8F73642-03FB-4B2A-A1D2-94134C162657,3,3,2024-06-13,2026-01-21,0,0,0,,,3,3,2024-06-13,2026-01-21,0,0,0,,,0
777a3f81-448b-4626-9b9d-68f5167a3f00,777a3f81-448b-4626-9b9d-68f5167a3f00,1,Markey Quality Campaign- Outdoor,,,Temporary Food Establishments,Temporary Food Establishments,food,True,False,op_permit_food,Open,,,575 E EXCHANGE PKWY ALLEN TX 75002,False,118682,1,1,FESP006432-09-2025,FESP006432-09-2025,Expired,2999-01-01,https://cityofallentx-energovweb.tylerhost.net/apps/selfservice#/operationalPermit/D8762150-FD67-4141-8F33-E12486BF552E,0,0,,,0,0,0,,,0,0,,,0,0,0,,,0
8e61152f-5ed2-46fe-839a-95b2b67219be,8e61152f-5ed2-46fe-839a-95b2b67219be,1,Martins Italian Ice,,,Temporary Food Establishments,Temporary Food Establishments,food,True,False,op_permit_food,Closed,,2026-06-12,GRAND PRAIRIE TX 75051,True,,1,1,FE-006924-06-2026,FE-006924-06-2026,Closed,,https://cityofallentx-energovweb.tylerhost.net/apps/selfservice#/operationalPermit/747d0a66-3e87-4640-9009-f2bd31f84d56,0,0,,,0,0,0,,,0,0,,,0,0,0,,,0
a87f49f9-92cb-42b5-8cfb-0fedbf3f720a,a87f49f9-92cb-42b5-8cfb-0fedbf3f720a,1,Masala Twist,,,Temporary Food Establishment - Food Establishment,Temporary Food Establishment - Food Establishment,food,True,False,license_food,Closed,2023-05-13,2023-05-13,Richardson TX 75081,True,,1,0,FE004560-05-2023,FE004560-05-2023,Expired,2024-05-13,https://cityofallentx-energovweb.tylerhost.net/apps/selfservice#/businessLicense/c30ad0bf-f44b-4653-8fcd-f72ed2707c2d,0,0,,,0,0,0,,,0,0,,,0,0,0,,,0
9f0ed062-4c96-4f29-94ba-279b4ec7ba97,9f0ed062-4c96-4f29-94ba-279b4ec7ba97,1,Mattie Mae's Fried Pies @AEC,,,Heavy - Food Establishment,Heavy - Food Establishment,food,False,False,license_food,Closed,,2019-02-18,200 E STACY RD ALLEN TX 75002,False,127345,1,0,FE000366-10-2017,FE000366-10-2017,Expired,2018-10-17,https://cityofallentx-energovweb.tylerhost.net/apps/selfservice#/businessLicense/034d4a05-e17e-49f3-a26b-cad813889ba4,0,0,,,0,0,0,,,0,0,,,0,0,0,,,0
7c7047ce-fafb-4a80-93b6-8535003107ab,7c7047ce-fafb-4a80-93b6-8535003107ab,1,Matts Ranch Martinez,,,Heavy Food Preparation,Heavy Food Preparation,food,False,False,op_permit_food,Open,2022-10-24,,401 Central Express South Allen TX 75013,False,,4,4,FE004119-10-2022,FE006434-10-2025,Annual Renewal Completed,2026-10-18,https://cityofallentx-energovweb.tylerhost.net/apps/selfservice#/operationalPermit/A49A39E7-38E9-48B7-9D12-0F634C8AD61E,13,12,2023-02-08,2025-09-22,5,0,5,85,2025-09-22,13,12,2023-02-08,2025-09-22,5,0,5,85,2025-09-22,0
9c048684-6ad6-423f-b2d2-4b2e373d2ea4,9c048684-6ad6-423f-b2d2-4b2e373d2ea4,3,Max's Donut Shop,,,Heavy Food Preparation,Heavy Food Preparation,food,False,False,op_permit_food,Open,,,105 N Greenville AVE Unit: 13 Allen TX 75002,False,,4,4,FE004029-08-2022,FE006387-09-2025,Expired,2026-09-12,https://cityofallentx-energovweb.tylerhost.net/apps/selfservice#/operationalPermit/788DC4C8-6716-40A2-9A55-99A37A0B1219,10,8,2024-01-29,2026-09-27,3,0,4,90,2025-07-23,22,18,2017-10-13,2026-09-27,6,0,4,90,2025-07-23,0
b44ffd65-c834-4bda-a231-11021d51e8fa,9c048684-6ad6-423f-b2d2-4b2e373d2ea4,3,Max's Donut Shop,,,Heavy - Food Establishment,Heavy - Food Establishment | Heavy Food Preparation,food,False,False,license_food | op_permit_food,Closed,2019-04-15,2022-08-26,105 N GREENVILLE AVE  Unit: 13 ALLEN TX 75002,False,104942,4,3,FE000941-07-2018,FE003729-04-2022,Expired,2023-03-29,https://cityofallentx-energovweb.tylerhost.net/apps/selfservice#/businessLicense/36e7a986-19a5-43ee-a680-818a0930b3be,9,7,2019-04-15,2022-01-24,2,0,0,,,22,18,2017-10-13,2026-09-27,6,0,4,90,2025-07-23,0
d2409ce0-2343-4887-8179-cea04bdda836,9c048684-6ad6-423f-b2d2-4b2e373d2ea4,3,Max's Donut Shop,,,Heavy - Food Establishment,Heavy - Food Establishment,food,False,False,license_food,Closed,2017-10-13,2018-07-25,105 N GREENVILLE AVE Unit: 13 ALLEN TX 75002,False,104942,1,0,FE000362-10-2017,FE000362-10-2017,Expired,2018-10-16,https://cityofallentx-energovweb.tylerhost.net/apps/selfservice#/businessLicense/42a3b0a5-94c0-4f92-ad9e-a9ab94d296db,3,3,2017-10-13,2018-04-03,1,0,0,,,22,18,2017-10-13,2026-09-27,6,0,4,90,2025-07-23,0
e04476a5-0944-4ef9-8389-3a95e3fb59e2,e04476a5-0944-4ef9-8389-3a95e3fb59e2,1,McDonald's @ Bethany,,,Heavy Food Preparation,Heavy Food Preparation,food,False,False,op_permit_food,Open,2017-05-15,,815 S ALLEN HEIGHTS DR ALLEN TX 75002,False,115000,9,9,FE000650-03-2018,FE006818-03-2026,Annual Renewal Completed,2027-04-02,https://cityofallentx-energovweb.tylerhost.net/apps/selfservice#/operationalPermit/2BA670A7-F3A0-4C7C-A462-E5AC4906B12D,23,22,2018-05-03,2026-04-30,2,0,3,88,2025-06-23,23,22,2018-05-03,2026-04-30,2,0,3,88,2025-06-23,0
4892187b-da71-4fc5-8573-f8c04aa92ac0,4892187b-da71-4fc5-8573-f8c04aa92ac0,1,McDonald's @ Central,,,Heavy Food Preparation,Heavy Food Preparation,food,False,False,op_permit_food,Open,2017-08-15,,104 S CENTRAL EXPY  ALLEN TX 75013,False,103871,9,9,FE000456-12-2017,FE006546-12-2025,Annual Renewal Completed,2026-12-20,https://cityofallentx-energovweb.tylerhost.net/apps/selfservice#/operationalPermit/32F0DB69-2676-4ED8-B1A4-B1E897ABD420,16,16,2018-09-04,2025-07-22,1,0,3,98,2025-07-22,16,16,2018-09-04,2025-07-22,1,0,3,98,2025-07-22,0
83b671c5-3486-44e1-ad9d-f0fef9481204,83b671c5-3486-44e1-ad9d-f0fef9481204,1,McDonald's @ Stacy,,,Heavy Food Preparation,Heavy Food Preparation,food,False,False,op_permit_food,Open,,,370 E STACY RD ALLEN TX 75002,False,127729,9,9,FE000557-02-2018,FE006648-01-2026,Annual Renewal Completed,2027-02-21,https://cityofallentx-energovweb.tylerhost.net/apps/selfservice#/operationalPermit/FC583545-D912-4C89-AC8A-EA5660C579D8,19,19,2018-03-08,2026-02-23,1,0,4,94,2026-02-23,19,19,2018-03-08,2026-02-23,1,0,4,94,2026-02-23,0
5a30066a-da95-4c3e-b591-a76a305a9f0a,5a30066a-da95-4c3e-b591-a76a305a9f0a,1,Menchie's Frozen Yogurt,,,Light Food Preparation,Light Food Preparation,food,False,False,op_permit_food,Open,,,930 VILLAGE GREEN DR D ALLEN TX 75013,False,129666,9,9,FE000485-01-2018,FE006564-01-2026,Annual Renewal Completed,2027-01-16,https://cityofallentx-energovweb.tylerhost.net/apps/selfservice#/operationalPermit/D6E1AAA9-AA37-409D-8603-3A3E98378EB2,8,7,2021-11-30,2025-04-17,0,0,0,,,8,7,2021-11-30,2025-04-17,0,0,0,,,0
567cc9a1-4da8-4630-9c2e-50fcf7e4584b,567cc9a1-4da8-4630-9c2e-50fcf7e4584b,1,Mesas Mexican Grill,,,Heavy - Food Establishment,Heavy - Food Establishment | Heavy Food Preparation,food,False,False,license_food | op_permit_food,Closed,2017-06-01,2023-07-21,950 W STACY RD Unit: 180 ALLEN TX 75013,False,100076,6,5,FE000614-03-2018,FE004438-03-2023,Expired,2024-03-19,https://cityofallentx-energovweb.tylerhost.net/apps/selfservice#/businessLicense/c9b9b478-cabe-4a6a-a4cf-3e5e04457f9e,9,9,2018-03-14,2022-08-29,1,0,0,,,9,9,2018-03-14,2022-08-29,1,0,0,,,0
cfd1632f-575f-499f-b011-c6003094a9ff,cfd1632f-575f-499f-b011-c6003094a9ff,1,Metroplex Preschool,,,Day Care Facility,Day Care Facility,day care,False,False,op_permit_daycare,Open,2017-05-11,2021-04-01,205 E BETHANY DR ALLEN TX 75002,False,117191,8,8,DC000663-03-2018,DC006285-07-2025,Expired,2026-07-25,https://cityofallentx-energovweb.tylerhost.net/apps/selfservice#/operationalPermit/F429456B-F10A-4324-9521-60F2F525EEF3,15,15,2017-05-11,2026-09-27,0,0,0,,,15,15,2017-05-11,2026-09-27,0,0,0,,,0
7e6f9b04-9f63-450b-8a34-0013a272e535,7e6f9b04-9f63-450b-8a34-0013a272e535,1,Mexi-Go Restaurant & Grill,,,Heavy - Food Establishment,Heavy - Food Establishment | Heavy Food Preparation,food,False,False,license_food | op_permit_food,Closed,2017-07-05,2024-08-14,533 W MCDERMOTT DR  ALLEN TX 75013,False,,8,7,FE000016-04-2017,FE005267-04-2024,Expired,2025-04-14,https://cityofallentx-energovweb.tylerhost.net/apps/selfservice#/businessLicense/38fc344e-d8b4-4c70-9701-891df2d56d87,25,24,2018-01-16,2024-03-11,12,1,1,66,2022-07-07,25,24,2018-01-16,2024-03-11,12,1,1,66,2022-07-07,0
81d20405-23b1-4045-87ab-8c62d8e0eae0,81d20405-23b1-4045-87ab-8c62d8e0eae0,1,Mexican Cactus Taco,,,Heavy Food Preparation,Heavy Food Preparation,food,False,False,op_permit_food,Open,2019-08-22,,975 SH121 HWY Unit: 130 ALLEN TX 75013,False,126999,7,7,FE002579-11-2020,FE-007100-08-2026,Annual Renewal Completed,2027-08-21,https://cityofallentx-energovweb.tylerhost.net/apps/selfservice#/operationalPermit/c6b8d78a-eedd-48f8-8baa-fef7746be1c0,10,10,2019-11-12,2025-11-10,1,0,5,86,2025-11-10,10,10,2019-11-12,2025-11-10,1,0,5,86,2025-11-10,0
1b854ee8-7e69-40ca-ab3e-06aeebe361d1,1b854ee8-7e69-40ca-ab3e-06aeebe361d1,1,Mi Cocina,,,Heavy Food Preparation,Heavy Food Preparation,food,False,False,op_permit_food,Open,2017-04-06,,815  WATTERS CREEK BLVD Q ALLEN TX 75013,False,129666,9,9,FE000010-04-2017,FE006556-12-2025,Annual Renewal Completed,2027-01-21,https://cityofallentx-energovweb.tylerhost.net/apps/selfservice#/operationalPermit/5984C3FD-76B5-4B60-A073-9D23E90BD6C5,17,16,2018-10-01,2025-08-19,4,0,0,,,17,16,2018-10-01,2025-08-19,4,0,0,,,0
e8034524-9769-4082-b353-aef82ce0b33d,e8034524-9769-4082-b353-aef82ce0b33d,1,Mi Linda Taqueria,,,Heavy Food Preparation,Heavy Food Preparation,food,False,False,op_permit_food,Open,,,107 N Buttler Dr Allen TX 75013,False,,1,1,FE006404-09-2025,FE006404-09-2025,Expired,2026-09-25,https://cityofallentx-energovweb.tylerhost.net/apps/selfservice#/operationalPermit/714EA2F8-81E3-4273-AC06-80F7A9EAEC07,0,0,,,0,0,0,,,0,0,,,0,0,0,,,0
5a062a4a-a737-4b91-a48d-801f8c4bf077,5a062a4a-a737-4b91-a48d-801f8c4bf077,1,Midway Crunch (WBM0584),,,Mobile Construction Site Food Vehicle:,Mobile Construction Site Food Vehicle:,food,True,False,op_permit_food,Closed,,2026-09-22,Van Alstyne TX 75495,True,,1,1,FE006786-03-2026,FE006786-03-2026,Active,2027-03-04,https://cityofallentx-energovweb.tylerhost.net/apps/selfservice#/operationalPermit/72ED1B57-D731-426F-996F-4C0D66D3FF0D,3,2,2026-03-04,2026-03-06,1,0,0,,,3,2,2026-03-04,2026-03-06,1,0,0,,,0
f9850b0c-3fe2-4936-9f31-6df1b4c0405f,f9850b0c-3fe2-4936-9f31-6df1b4c0405f,1,Mike's Seasoning,,,Temporary Food Establishments,Temporary Food Establishments,food,True,False,op_permit_food,Closed,,2026-09-22,Crystal Springs MS 39059,True,,1,1,FE-007165-09-2026,FE-007165-09-2026,Annual Renewal Completed,2027-09-21,https://cityofallentx-energovweb.tylerhost.net/apps/selfservice#/operationalPermit/22b4b905-91a4-4171-b73f-03f352402a5a,0,0,,,0,0,0,,,0,0,,,0,0,0,,,0
34466a93-798e-4b15-9102-3020c25e5f15,34466a93-798e-4b15-9102-3020c25e5f15,1,Mike's Seasonings,,,Special Event - Food Establishment,Special Event - Food Establishment,special event,True,False,license_special_event_food,Closed,,2024-07-02,Crystal Springs MS 39059,True,,1,0,FESP004787-08-2023,FESP004787-08-2023,Expired,2023-09-17,https://cityofallentx-energovweb.tylerhost.net/apps/selfservice#/businessLicense/ba299d53-2e58-4f19-88f9-dc52b2cfb685,0,0,,,0,0,0,,,0,0,,,0,0,0,,,0
7b1b4e27-2f43-4a93-bf6c-cf3d9b7cf9ab,7b1b4e27-2f43-4a93-bf6c-cf3d9b7cf9ab,2,Mike's Seasonings,,,Special Event - Food Establishment,Special Event - Food Establishment,special event,True,False,license_special_event_food,Closed,,2024-07-02,200 E Stacy RD Allen TX 75002,False,,1,0,FESP004366-02-2023,FESP004366-02-2023,Expired,2023-02-26,https://cityofallentx-energovweb.tylerhost.net/apps/selfservice#/businessLicense/39a3c656-2c73-426e-a924-dc6758501905,0,0,,,0,0,0,,,0,0,,,0,0,0,,,0
7b765b54-566f-40eb-8d81-e8b7fad30d6c,7b765b54-566f-40eb-8d81-e8b7fad30d6c,1,Mike's Seasonings,,,Special Event - Food Establishment,Special Event - Food Establishment,special event,True,False,license_special_event_food,Closed,,2024-07-02,Allen TX 75002,True,,1,0,FESP005183-02-2024,FESP005183-02-2024,Expired,2024-02-25,https://cityofallentx-energovweb.tylerhost.net/apps/selfservice#/businessLicense/abce6381-c6c9-4a00-bf67-c0f697aa7159,0,0,,,0,0,0,,,0,0,,,0,0,0,,,0
8d6d58d1-003a-4c88-9e9d-6f10152c36ba,7b1b4e27-2f43-4a93-bf6c-cf3d9b7cf9ab,2,Mike's Seasonings,,,Special Event - Food Establishment,Special Event - Food Establishment,special event,True,False,license_special_event_food,Closed,,2026-03-02,200 E STACY RD ALLEN TX 75002,False,127345,1,0,FESP006757-02-2026,FESP006757-02-2026,Closed,,https://cityofallentx-energovweb.tylerhost.net/apps/selfservice#/businessLicense/566871c4-5712-4e4b-800f-963e1cb061d2,0,0,,,0,0,0,,,0,0,,,0,0,0,,,0
97d8381c-167c-4dc7-8ecf-bd3f3d57ce49,97d8381c-167c-4dc7-8ecf-bd3f3d57ce49,2,Mike's Seasonings,,,Special Event - Food Establishment,Special Event - Food Establishment,special event,True,False,license_special_event_food,Closed,,2025-02-17,200 E STACY RD B1300 Unit: 1350 ALLEN TX 75002,False,127345,1,0,FESP005611-09-2024,FESP005611-09-2024,Expired,2024-09-22,https://cityofallentx-energovweb.tylerhost.net/apps/selfservice#/businessLicense/cb65cccd-e5e1-4b73-8583-215fb86931c7,0,0,,,0,0,0,,,0,0,,,0,0,0,,,0
bdcb3228-96c4-4aaf-a890-3335ff987553,bdcb3228-96c4-4aaf-a890-3335ff987553,1,Mike's Seasonings,,,Temporary Food Establishments,Temporary Food Establishments,food,True,False,op_permit_food,Closed,,2025-09-22,Crystal Springs MS 39059,True,,1,1,FESP006346-08-2025,FESP006346-08-2025,Expired,2025-09-21,https://cityofallentx-energovweb.tylerhost.net/apps/selfservice#/operationalPermit/57F3E1DA-FB2B-4533-AC7F-659068810F29,0,0,,,0,0,0,,,0,0,,,0,0,0,,,0
cd15f288-640d-44c3-8711-51413b6d9e8d,cd15f288-640d-44c3-8711-51413b6d9e8d,1,Mike's Seasonings,,,Special Event - Food Establishment,Special Event - Food Establishment,special event,True,False,license_special_event_food,Closed,,2022-09-19,Allen TX 75002,True,,1,0,FESP004046-09-2022,FESP004046-09-2022,Expired,2022-09-18,https://cityofallentx-energovweb.tylerhost.net/apps/selfservice#/businessLicense/4f1fce61-6616-455e-a1d0-576bd9db6240,0,0,,,0,0,0,,,0,0,,,0,0,0,,,0
e1f32d8d-2b92-4bc5-b2e4-44538f15b447,97d8381c-167c-4dc7-8ecf-bd3f3d57ce49,2,Mike's Seasonings,,,Special Event - Food Establishment,Special Event - Food Establishment,special event,True,False,license_special_event_food,Closed,,2022-09-14,200 E STACY RD B1300 Unit: 1350 ALLEN TX 75002,False,127345,1,0,FESP002830-02-2021,FESP002830-02-2021,Expired,2021-03-01,https://cityofallentx-energovweb.tylerhost.net/apps/selfservice#/businessLicense/26079a8c-bc3a-4019-9bbc-bdad5c2eb5f2,0,0,,,0,0,0,,,0,0,,,0,0,0,,,0
ec2733e9-19c5-435f-8036-faeed6d0e828,ec2733e9-19c5-435f-8036-faeed6d0e828,1,Mike's Seasonings,,,Special Event - Food Establishment,Special Event - Food Establishment,special event,True,False,license_special_event_food,Closed,,2025-02-21,Crystal Springs MS 39059,True,,1,0,FESP005973-02-2025,FESP005973-02-2025,Expired,2025-02-23,https://cityofallentx-energovweb.tylerhost.net/apps/selfservice#/businessLicense/7eb4c397-6d9a-4df9-bfca-6088b5febb90,1,1,2025-02-21,2025-02-21,0,0,0,,,1,1,2025-02-21,2025-02-21,0,0,0,,,0
c689196d-ca33-474e-95fd-586b159760c1,c689196d-ca33-474e-95fd-586b159760c1,1,Mio Nonno Wood Fire Pizza & Grill,,,Heavy Food Preparation,Heavy Food Preparation,food,False,False,op_permit_food,Open,2019-03-12,,939 W STACY RD  Unit: 160 ALLEN TX 75013,False,128061,9,9,FE000327-10-2017,FE006472-10-2025,Annual Renewal Completed,2026-10-07,https://cityofallentx-energovweb.tylerhost.net/apps/selfservice#/operationalPermit/7A289DD6-641F-4D3D-8987-2AC51F3EB206,22,22,2017-12-08,2026-09-27,5,0,0,,,22,22,2017-12-08,2026-09-27,5,0,0,,,0
e2724ff8-2976-4386-9d3a-80b346ff0fa4,e2724ff8-2976-4386-9d3a-80b346ff0fa4,1,Mo Gooda's Italian,,,Special Event - Food Establishment,Special Event - Food Establishment,special event,True,False,license_special_event_food,Open,,,Arlington TX 76002,True,,1,0,FESP004886-10-2023,FESP004886-10-2023,Expired,2023-10-22,https://cityofallentx-energovweb.tylerhost.net/apps/selfservice#/businessLicense/d25b0b69-4ea8-41eb-bf4e-341803ce2ae4,0,0,,,0,0,0,,,0,0,,,0,0,0,,,0
a0835c43-814f-4d15-8b31-8cb0d4e750e5,a0835c43-814f-4d15-8b31-8cb0d4e750e5,1,Mochio,,,Heavy - Food Establishment,Heavy - Food Establishment,food,False,False,license_food,Closed,2023-03-28,2024-02-20,1546 E Stacy RD Unit: # 195 Allen TX 75002,False,,1,0,FE004440-03-2023,FE004440-03-2023,Expired,2024-03-17,https://cityofallentx-energovweb.tylerhost.net/apps/selfservice#/businessLicense/58892391-1fd6-4b1c-b595-19790b300ab5,3,3,2023-08-30,2023-09-01,2,0,0,,,3,3,2023-08-30,2023-09-01,2,0,0,,,0
c03bf628-c29a-408e-8906-7e2a8f07848e,c03bf628-c29a-408e-8906-7e2a8f07848e,1,Moliendo Cafe LLC,,,Temporary Food Establishment - Food Establishment,Temporary Food Establishment - Food Establishment,food,True,False,license_food,Open,2019-04-10,,190 E STACY RD  ALLEN TX 75002,False,127340,1,0,FE001441-04-2019,FE001441-04-2019,Expired,2019-04-13,https://cityofallentx-energovweb.tylerhost.net/apps/selfservice#/businessLicense/1588edad-badd-40c1-9c35-9b39cc0133b8,1,1,2019-04-10,2019-04-10,0,0,0,,,1,1,2019-04-10,2019-04-10,0,0,0,,,0
05d71a87-4487-4731-90c5-47e483136ce9,05d71a87-4487-4731-90c5-47e483136ce9,2,Mom's Cafe,,,Heavy - Food Establishment,Heavy - Food Establishment,food,False,False,license_food,Closed,,2019-08-26,602 E MAIN ST  Unit: A ALLEN TX 75002,False,106075,1,0,FE001713-08-2019,FE001713-08-2019,Expired,2020-08-07,https://cityofallentx-energovweb.tylerhost.net/apps/selfservice#/businessLicense/cd4fb921-866c-48c9-9378-1b1f6d3fbbcd,0,0,,,0,0,0,,,20,19,2018-05-08,2023-06-26,8,0,0,,,0
d14d5842-ee03-4475-a416-a3ade2dda856,05d71a87-4487-4731-90c5-47e483136ce9,2,Mom's Cafe,,,Heavy - Food Establishment,Heavy - Food Establishment | Heavy Food Preparation,food,False,False,license_food | op_permit_food,Closed,2017-06-19,2024-05-20,602 E MAIN ST Unit: A ALLEN TX 75002,False,106075,6,5,FE000448-12-2017,FE004789-08-2023,Expired,2024-08-10,https://cityofallentx-energovweb.tylerhost.net/apps/selfservice#/businessLicense/aa9e501a-ee79-497d-9c44-f70ed714ff43,20,19,2018-05-08,2023-06-26,8,0,0,,,20,19,2018-05-08,2023-06-26,8,0,0,,,0
e223da88-b4e1-4224-87ae-e179963831b3,6e5d9e88-0ee4-4608-973a-6ff3a3185a6f,2,Mom's Cafe,,,Heavy - Food Establishment,Heavy - Food Establishment,food,False,False,license_food,Closed,,2026-04-13,602 E Main St Allen TX 75002,False,,1,0,FE005342-05-2024,FE005342-05-2024,Closed,,https://cityofallentx-energovweb.tylerhost.net/apps/selfservice#/businessLicense/caa525f1-fe6e-429e-9b1b-a2341d498e59,3,2,2025-06-10,2025-06-13,1,0,0,,,5,4,2025-06-10,2026-12-16,1,0,0,,,0
6e5d9e88-0ee4-4608-973a-6ff3a3185a6f,6e5d9e88-0ee4-4608-973a-6ff3a3185a6f,2,Mom's Cafe Allen TX LLC,Mom's Cafe Allen,,Heavy Food Preparation,Heavy Food Preparation,food,False,False,op_permit_food,Open,,,602 E MAIN ST ALLEN TX 75002,False,106075,1,1,FE-006911-06-2026,FE-006911-06-2026,Annual Renewal Completed,2027-06-22,https://cityofallentx-energovweb.tylerhost.net/apps/selfservice#/operationalPermit/4c24f488-bdcf-4b88-876f-ef4efcd9a570,2,2,2026-08-19,2026-12-16,0,0,0,,,5,4,2025-06-10,2026-12-16,1,0,0,,,0
9ab4256c-2e10-4a4d-9a95-1a46db85fbce,9ab4256c-2e10-4a4d-9a95-1a46db85fbce,1,Momma Nonni Cooks,,,Temporary Food Establishment - Food Establishment,Temporary Food Establishment - Food Establishment,food,True,False,license_food,Closed,,2023-08-09,190 E STACY RD ALLEN TX 75002,False,127332,1,0,FE001430-03-2019,FE001430-03-2019,Expired,2019-04-13,https://cityofallentx-energovweb.tylerhost.net/apps/selfservice#/businessLicense/9db8802a-3a66-4f11-9fd6-652ed0e4f3d6,0,0,,,0,0,0,,,0,0,,,0,0,0,,,0
feedd45f-a0d7-49d6-ad7e-bafdafb40162,feedd45f-a0d7-49d6-ad7e-bafdafb40162,1,Momos African Market,,,Grocery Store,Grocery Store,food,False,False,op_permit_food,Open,,,121 N Greenville Ave Unit: E Allen TX 75002,False,,2,2,FE005805-01-2025,FE006570-01-2026,Annual Renewal Completed,2027-01-09,https://cityofallentx-energovweb.tylerhost.net/apps/selfservice#/operationalPermit/70BD093A-D62D-450B-93DF-EF712D4C63D9,4,4,2025-04-16,2026-04-01,1,0,2,95,2025-10-01,4,4,2025-04-16,2026-04-01,1,0,2,95,2025-10-01,0
8bc51078-4c78-4b9d-b20c-f5e5e9d4f786,8bc51078-4c78-4b9d-b20c-f5e5e9d4f786,1,Monks Allen LLC,,,Heavy Food Preparation,Heavy Food Preparation,food,False,False,op_permit_food,Open,,,790 W EXCHANGE PKWY Unit: STE# 140 ALLEN TX 75013,False,,1,1,FE-006877-04-2026,FE-006877-04-2026,Active,2027-05-04,https://cityofallentx-energovweb.tylerhost.net/apps/selfservice#/operationalPermit/592d491f-3c5d-4805-8739-fb308e33f691,3,3,2026-09-02,2026-09-15,2,0,0,,,3,3,2026-09-02,2026-09-15,2,0,0,,,0
147ac4b5-b4c9-4fcf-a085-a45d4a3c5fcf,147ac4b5-b4c9-4fcf-a085-a45d4a3c5fcf,1,Monster Yogurt,,,Mobile Food Establishment,Mobile Food Establishment,food,True,False,op_permit_food,Closed,,2026-06-30,,False,,3,3,FE004619-06-2023,FE006137-06-2025,Closed,,https://cityofallentx-energovweb.tylerhost.net/apps/selfservice#/operationalPermit/52DED637-E209-407C-9EB1-C332AAAECD92,3,3,2023-06-16,2025-06-02,0,0,0,,,3,3,2023-06-16,2025-06-02,0,0,0,,,0
5ab51283-97c3-4297-a685-4141759b53ba,5ab51283-97c3-4297-a685-4141759b53ba,1,Monterray Catering (VIN#HUJ-7736),,,Catering Truck - Food Establishment,Catering Truck - Food Establishment,food,True,False,license_food,Open,,,Dallas TX 75208,True,,1,0,FE000382-10-2017,FE000382-10-2017,Expired,2018-10-25,https://cityofallentx-energovweb.tylerhost.net/apps/selfservice#/businessLicense/b6035183-45fa-485c-97da-721bc5ad67b5,1,1,2017-10-25,2017-10-25,0,0,0,,,1,1,2017-10-25,2017-10-25,0,0,0,,,0
a985da93-2074-43a4-a9f7-5c1c81b7063c,a985da93-2074-43a4-a9f7-5c1c81b7063c,1,Monterrey Catering (VIN HUJ6691),,,Catering Truck - Food Establishment,Catering Truck - Food Establishment,food,True,False,license_food,Closed,,2020-08-31,Dallas TX 75208,True,,1,0,FE000582-02-2018,FE000582-02-2018,Expired,2019-02-28,https://cityofallentx-energovweb.tylerhost.net/apps/selfservice#/businessLicense/54e28cae-a6bc-40f4-84fe-b5be9f83aa2c,1,1,2018-02-28,2018-02-28,0,0,0,,,1,1,2018-02-28,2018-02-28,0,0,0,,,0
d0ec9b4a-2678-4c29-bc5a-349dcf3f58f0,d0ec9b4a-2678-4c29-bc5a-349dcf3f58f0,1,Montessori at Bethany,,,Day Care Facility,Day Care Facility,day care,False,False,op_permit_daycare,Closed,2017-05-09,2022-12-13,548 E BETHANY DR ALLEN TX 75002,False,104944,4,4,DC000445-12-2017,DC002616-12-2020,Annual Renewal Completed,2021-12-09,https://cityofallentx-energovweb.tylerhost.net/apps/selfservice#/operationalPermit/F415AECC-E5EC-43D4-9441-6B5870896C44,13,13,2017-05-09,2022-08-29,4,0,0,,,13,13,2017-05-09,2022-08-29,4,0,0,,,0
b3350702-2543-43f5-9064-db935a06b3b7,b3350702-2543-43f5-9064-db935a06b3b7,1,"Mooyah Burgers, Fries & Shakes",,,Heavy - Food Establishment,Heavy - Food Establishment | Heavy Food Preparation,food,False,False,license_food | op_permit_food,Closed,2017-04-03,2019-06-18,190 E STACY RD B1700 Unit: 1714 ALLEN TX 75002,False,127348,3,2,FE000050-04-2017,FE001448-04-2019,Expired,2020-04-06,https://cityofallentx-energovweb.tylerhost.net/apps/selfservice#/businessLicense/7d306d20-3016-4123-8436-874e8ccf0e09,5,4,2017-11-22,2019-05-20,1,0,0,,,5,4,2017-11-22,2019-05-20,1,0,0,,,0
32521252-81af-4955-a1f7-0ddd4486c77f,32521252-81af-4955-a1f7-0ddd4486c77f,1,Morning Star Donuts,,,Heavy - Food Establishment,Heavy - Food Establishment | Heavy Food Preparation,food,False,False,license_food | op_permit_food,Closed,,2023-02-27,1546 E STACY RD Unit: 195 ALLEN TX 75002,False,120989,2,1,FE002671-01-2021,FE003502-01-2022,Expired,2023-01-07,https://cityofallentx-energovweb.tylerhost.net/apps/selfservice#/businessLicense/fe5b1312-6120-4b35-8e3b-e957247a9ef5,5,5,2021-09-01,2023-02-14,1,0,0,,,5,5,2021-09-01,2023-02-14,1,0,0,,,0
e13f9470-805d-451c-8a59-c5620f6fee02,e13f9470-805d-451c-8a59-c5620f6fee02,1,Morning Star Donuts,,,Heavy Food Preparation,Heavy Food Preparation,food,False,False,op_permit_food,Open,2017-08-14,,820 S ALMA DR  Unit: 170 ALLEN TX 75013,False,123933,9,9,FE000543-02-2018,FE006684-02-2026,Annual Renewal Completed,2027-02-12,https://cityofallentx-energovweb.tylerhost.net/apps/selfservice#/operationalPermit/DDBF1FF3-47DC-4925-95E1-BE6728C15878,14,14,2018-08-31,2026-09-27,0,0,0,,,14,14,2018-08-31,2026-09-27,0,0,0,,,0
cab76a51-9a19-459e-838f-2d62c1b2ed45,cab76a51-9a19-459e-838f-2d62c1b2ed45,1,Morning Star Montessori,,,Day Care Facility,Day Care Facility,day care,False,False,op_permit_daycare,Closed,2017-11-10,2026-05-28,103 N FOUNTAIN GATE DR ALLEN TX 75002,False,106960,9,9,DC000328-10-2017,DC006442-10-2025,Closed,,https://cityofallentx-energovweb.tylerhost.net/apps/selfservice#/operationalPermit/5A78B805-E82B-466B-BE9E-7DCC787DBFB9,14,14,2017-11-10,2025-06-25,2,0,3,85,2025-06-24,14,14,2017-11-10,2025-06-25,2,0,3,85,2025-06-24,0
ad6cda51-f4e1-43d1-bb53-eba38a91a7a6,ad6cda51-f4e1-43d1-bb53-eba38a91a7a6,1,Mr Gattis Pizza,Mr Gattis Pizza,,Heavy Food Preparation,Heavy Food Preparation,food,False,False,op_permit_food,Open,,,1201 E MAIN ST Unit: 120 ALLEN TX 75002,False,111449,6,6,FE002291-05-2020,FE-007013-07-2026,Annual Renewal Completed,2027-07-19,https://cityofallentx-energovweb.tylerhost.net/apps/selfservice#/operationalPermit/1aa251da-1e62-4870-86ba-3b42f611c5b9,10,9,2020-10-13,2025-08-05,0,0,3,89,2025-02-06,10,9,2020-10-13,2025-08-05,0,0,3,89,2025-02-06,0
d67d9ca7-b071-4fca-ba8f-48f3e692a547,d67d9ca7-b071-4fca-ba8f-48f3e692a547,1,Mr. Sugar Kush 5837,,,Ice Cream Truck - Food Establishment,Ice Cream Truck - Food Establishment,food,True,False,license_food,Closed,,2023-03-07,Dallas TX 75207,True,,1,0,FE003610-02-2022,FE003610-02-2022,Expired,2023-02-17,https://cityofallentx-energovweb.tylerhost.net/apps/selfservice#/businessLicense/4571a636-5704-41dc-9cfc-3bf4d4aa75d9,1,1,2022-02-17,2022-02-17,0,0,0,,,1,1,2022-02-17,2022-02-17,0,0,0,,,0
0f9086cd-afba-4d38-867e-a6465c13f580,0f9086cd-afba-4d38-867e-a6465c13f580,1,Mr. Takito,,,Heavy Food Preparation,Heavy Food Preparation,food,False,False,op_permit_food,Open,2017-07-07,,1215 E MAIN ST Unit: 110 ALLEN TX 75002,False,111446,9,9,FE000221-07-2017,FE-007093-08-2026,Annual Renewal Completed,2027-08-04,https://cityofallentx-energovweb.tylerhost.net/apps/selfservice#/operationalPermit/472266c6-656e-45be-8a4b-3dc6c51554c8,18,18,2017-12-06,2027-03-01,1,0,5,95,2025-08-11,18,18,2017-12-06,2027-03-01,1,0,5,95,2025-08-11,0
7e9a809d-363d-44ff-bfba-2aa4554520fe,7e9a809d-363d-44ff-bfba-2aa4554520fe,1,Mr.Takito,,,Heavy Food Preparation,Heavy Food Preparation,food,False,False,op_permit_food,Canceled - Duplicate,,2026-08-12,1215 E Main St 110 Allen TX 75002,False,,1,1,FE-007090-08-2026,FE-007090-08-2026,Application Rejected,2999-01-01,https://cityofallentx-energovweb.tylerhost.net/apps/selfservice#/operationalPermit/68060608-2513-44e1-8391-65fdca025c3a,0,0,,,0,0,0,,,0,0,,,0,0,0,,,0
276fb9de-3c93-4072-9eca-d7809ac7cdca,276fb9de-3c93-4072-9eca-d7809ac7cdca,1,Ms. Piggy Catering-Allen USA,,,Temporary Food Establishment - Food Establishment,Temporary Food Establishment - Food Establishment | Temporary Food Establishments,food,True,False,license_food | op_permit_food,Closed,2017-06-24,2022-08-15,701 ANGEL PKWY ALLEN TX 75002,False,121106,4,3,FE000152-06-2017,FE003057-06-2021,Expired,2021-06-26,https://cityofallentx-energovweb.tylerhost.net/apps/selfservice#/businessLicense/4258215e-52e8-43f6-b8ad-873e1d50ea72,2,2,2019-06-28,2021-06-25,0,0,0,,,2,2,2019-06-28,2021-06-25,0,0,0,,,0
8d80a335-b451-4794-88ad-1d1d24a360f7,8d80a335-b451-4794-88ad-1d1d24a360f7,1,Murphy USA #7985,,,Light Food Preparation,Light Food Preparation,food,False,False,op_permit_food,Open,,,105 S Custer Rd Allen TX 75013,False,,1,1,FE-006941-06-2026,FE-006941-06-2026,Annual Renewal Completed,2027-06-10,https://cityofallentx-energovweb.tylerhost.net/apps/selfservice#/operationalPermit/a60ce35f-7c1f-49dd-8353-e367e886235b,1,1,2025-07-10,2025-07-10,0,0,0,,,1,1,2025-07-10,2025-07-10,0,0,0,,,0
6b6a847e-0ba7-470c-8575-7d8fc7e7ffc8,6b6a847e-0ba7-470c-8575-7d8fc7e7ffc8,1,Mutts Canine Cantina,,,Heavy - Food Establishment,Heavy - Food Establishment | Heavy Food Preparation,food,False,False,license_food | op_permit_food,Closed,,2024-07-24,1070 WATTERS CREEK BLVD ALLEN TX 75013,False,,3,2,FE003213-08-2021,FE004754-08-2023,Expired,2024-08-11,https://cityofallentx-energovweb.tylerhost.net/apps/selfservice#/businessLicense/441bb521-bfb2-444e-89f4-2d784ae0e0e7,6,6,2021-10-18,2024-02-20,0,0,0,,,6,6,2021-10-18,2024-02-20,0,0,0,,,0
256f42be-8448-49a5-ad70-22de23e47514,256f42be-8448-49a5-ad70-22de23e47514,1,NOORSHACATERING LLC,,,Special Event - Food Establishment,Special Event - Food Establishment,special event,True,False,license_special_event_food,Closed,,2025-07-29,909 ALLEN CENTRAL DRIVE ALLEN TX 75013,False,,1,0,FESP004415-03-2023,FESP004415-03-2023,Expired,2023-03-18,https://cityofallentx-energovweb.tylerhost.net/apps/selfservice#/businessLicense/ec637bce-cda5-497e-8809-de1ba2a98a97,0,0,,,0,0,0,,,0,0,,,0,0,0,,,0
2570643e-020e-44b9-b634-3046bf110fd3,2570643e-020e-44b9-b634-3046bf110fd3,1,Napa Auto Parts,,,Special Event - Food Establishment,Special Event - Food Establishment,special event,True,False,license_special_event_food,Open,,,ALLEN TX 75002,True,,1,0,FESP003306-09-2021,FESP003306-09-2021,Expired,2021-10-17,https://cityofallentx-energovweb.tylerhost.net/apps/selfservice#/businessLicense/383d6b9d-c965-429a-9157-a28156a82618,0,0,,,0,0,0,,,0,0,,,0,0,0,,,0
72dfb11f-ee0f-4c53-9a95-e2120bbcee8b,72dfb11f-ee0f-4c53-9a95-e2120bbcee8b,1,Napoli's Pizza & Restaurant,,,Heavy Food Preparation,Heavy Food Preparation,food,False,False,op_permit_food,Open,2017-10-31,,1512 E EXCHANGE PKWY Unit: 700 ALLEN TX 75002,False,120985,10,10,FE000005-04-2017,FE006819-03-2026,Annual Renewal Completed,2027-04-09,https://cityofallentx-energovweb.tylerhost.net/apps/selfservice#/operationalPermit/2875D2BF-ADA9-4D62-80BF-FEF96B7A0222,23,23,2017-10-31,2027-01-13,7,0,0,,,23,23,2017-10-31,2027-01-13,7,0,0,,,0
9298edd7-1c7b-4be8-ae30-ffb994d331d8,9298edd7-1c7b-4be8-ae30-ffb994d331d8,1,Ned's Mama Cafe Truck,,,Mobile Food Prep Unit - Food Establishment,Mobile Food Prep Unit - Food Establishment,food,True,False,license_food,Closed,,2022-05-24,Grand Prairie TX 75052,True,,1,0,FE002991-05-2021,FE002991-05-2021,Expired,2022-05-04,https://cityofallentx-energovweb.tylerhost.net/apps/selfservice#/businessLicense/3ba43a42-bae0-4ad4-9191-a7dac06cb1dc,1,1,2021-05-04,2021-05-04,0,0,0,,,1,1,2021-05-04,2021-05-04,0,0,0,,,0
7332e1f5-afec-4545-90f2-81d756b14fd8,7332e1f5-afec-4545-90f2-81d756b14fd8,1,Neighborhood Ice Cream Truck,,,Special Event - Food Establishment,Special Event - Food Establishment,special event,True,False,license_special_event_food,Open,,,2550 BENDING BRANCH WAY ALLEN TX 75013,False,131980,1,0,FESP003206-08-2021,FESP003206-08-2021,Expired,2021-08-08,https://cityofallentx-energovweb.tylerhost.net/apps/selfservice#/businessLicense/5e52e20e-3b07-44e1-b78c-0534a25358a7,0,0,,,0,0,0,,,0,0,,,0,0,0,,,0
dfc0791f-791a-4a10-8a12-9b4e39f8efc7,dfc0791f-791a-4a10-8a12-9b4e39f8efc7,1,Nellore Food Services LLC,Mava's Kitchen,,Temporary Food Establishments,Temporary Food Establishments,food,True,False,op_permit_food,Closed,,2024-10-08,Frisco TX 75034,True,,1,1,FESP005633-10-2024,FESP005633-10-2024,Active,2999-01-01,https://cityofallentx-energovweb.tylerhost.net/apps/selfservice#/operationalPermit/408A30CC-CD4F-4151-97E0-64831C648F2A,1,1,2024-10-04,2024-10-04,0,0,0,,,1,1,2024-10-04,2024-10-04,0,0,0,,,0
eedc20f7-598d-468a-a74f-fab69e0ed6fa,eedc20f7-598d-468a-a74f-fab69e0ed6fa,1,Nestle Toll House Cafe @ AEC,,,Light - Food Establishment,Light - Food Establishment | Light Food Preparation,food,False,False,license_food | op_permit_food,Closed,2019-08-12,2024-01-02,200 E STACY RD ALLEN TX 75002,False,127345,6,5,FE000489-01-2018,FE004216-01-2023,Expired,2024-01-17,https://cityofallentx-energovweb.tylerhost.net/apps/selfservice#/businessLicense/ad557327-7f4e-4fa2-89eb-89ed8c0bfa30,6,6,2018-01-15,2022-03-01,0,0,0,,,6,6,2018-01-15,2022-03-01,0,0,0,,,0
2d1f2bbd-b48c-45d4-862d-e95a4c27810a,2d1f2bbd-b48c-45d4-862d-e95a4c27810a,1,Netscout Cafe,,,Heavy Food Preparation,Heavy Food Preparation,food,False,False,op_permit_food,Open,,,915 GUARDIANS WAY  ALLEN TX 75013,False,131836,8,8,FE000916-07-2018,FE-007080-08-2026,Annual Renewal Completed,2027-08-12,https://cityofallentx-energovweb.tylerhost.net/apps/selfservice#/operationalPermit/355dc3de-b90c-44cc-889e-f918341314c4,13,12,2018-09-27,2027-02-08,0,0,5,98,2025-08-06,13,12,2018-09-27,2027-02-08,0,0,5,98,2025-08-06,0
c86deb98-b4eb-4f5d-9647-64767b7a9187,c86deb98-b4eb-4f5d-9647-64767b7a9187,1,New Haven Hookah Lounge,,,Heavy - Food Establishment,Heavy - Food Establishment,food,False,False,license_food,Closed,,2025-09-23,717 S Greenville Ave Unit: # 110 Allen TX 75002,False,,1,0,FE005841-01-2025,FE005841-01-2025,Closed,,https://cityofallentx-energovweb.tylerhost.net/apps/selfservice#/businessLicense/4af7cd8b-7606-483b-a34c-20636de2e812,0,0,,,0,0,0,,,0,0,,,0,0,0,,,0
4ce30c32-2b87-4ef6-afea-006973383373,4ce30c32-2b87-4ef6-afea-006973383373,2,New World Academy,,,Day Care Facility,Day Care Facility,day care,False,False,op_permit_daycare,Closed,,2022-05-27,505 RIDGEMONT DR ALLEN TX 75002,False,104264,1,1,DC000864-06-2018,DC000864-06-2018,Annual Renewal Completed,2019-06-19,https://cityofallentx-energovweb.tylerhost.net/apps/selfservice#/operationalPermit/13CA640F-6188-4671-AFF0-E3A13790A8F9,1,0,,,0,0,0,,,6,5,2023-05-03,2026-09-27,2,0,2,93,2025-07-08,0
e8b4cff9-e6ca-43c4-aab1-10b03edf8dae,4ce30c32-2b87-4ef6-afea-006973383373,2,New World Academy,,,Day Care Facility,Day Care Facility,day care,False,False,op_permit_daycare,Open,,,505 Ridgemont DR Allen TX 75002,False,,4,4,DC003815-05-2022,DC006125-05-2025,Active,2027-05-28,https://cityofallentx-energovweb.tylerhost.net/apps/selfservice#/operationalPermit/76a80cb2-8cb7-4043-bdd4-0e9e5c66bc28,5,5,2023-05-03,2026-09-27,2,0,2,93,2025-07-08,6,5,2023-05-03,2026-09-27,2,0,2,93,2025-07-08,0
54b84b78-0528-4656-8e68-abb7e2c408e4,54b84b78-0528-4656-8e68-abb7e2c408e4,1,New York Lovers Chinese Restaurant,,,Heavy Food Preparation,Heavy Food Preparation,food,False,False,op_permit_food,Open,2017-10-26,,820 S ALMA DR  Unit: 180 ALLEN TX 75013,False,123933,9,9,FE000222-07-2017,FE-007101-08-2026,Annual Renewal Completed,2027-08-05,https://cityofallentx-energovweb.tylerhost.net/apps/selfservice#/operationalPermit/1e7ad52f-338e-4de1-b4c7-5de4e2467b00,18,18,2017-10-26,2026-09-27,3,0,4,85,2025-08-11,18,18,2017-10-26,2026-09-27,3,0,4,85,2025-08-11,0
e64b1ee0-3a2b-4fa2-9ed9-db6db4125b4b,e64b1ee0-3a2b-4fa2-9ed9-db6db4125b4b,1,New York Pizza & Pints,,,Heavy - Food Establishment,Heavy - Food Establishment | Heavy Food Preparation,food,False,False,license_food | op_permit_food,Closed,2017-12-11,2025-08-21,824 W STACY RD Unit: 100 ALLEN TX 75013,False,120611,8,7,FE000447-12-2017,FE005858-01-2025,Closed,,https://cityofallentx-energovweb.tylerhost.net/apps/selfservice#/businessLicense/ac0d4c32-6d91-4aba-bd30-0eb1741f8684,16,16,2017-12-11,2025-02-20,4,0,4,79,2025-02-17,16,16,2017-12-11,2025-02-20,4,0,4,79,2025-02-17,0
8e8603bb-8c1f-467b-a399-e1c8268e7ce3,8e8603bb-8c1f-467b-a399-e1c8268e7ce3,1,New York Pizza and Pints,,,Heavy Food Preparation,Heavy Food Preparation,food,False,False,op_permit_food,Open,,,824 W Stacy RD Unit: Ste 518 Allen TX 75013,False,,1,1,FE006345-08-2025,FE006345-08-2025,Active,2026-09-29,https://cityofallentx-energovweb.tylerhost.net/apps/selfservice#/operationalPermit/AAE6394D-CDDD-489C-8A6B-775AB940B95F,1,1,2025-12-01,2025-12-01,0,0,1,93,2025-12-01,1,1,2025-12-01,2025-12-01,0,0,1,93,2025-12-01,0
b755b39f-dd71-4dd6-9eee-a480bf97496f,b755b39f-dd71-4dd6-9eee-a480bf97496f,1,New York Pizza and Pints,,,Food Service Inspection (Ext. School) - Food Establishment,Food Service Inspection (Ext. School) - Food Establishment,food,False,False,license_food,Closed,,2025-09-29,824 W Stacy RD Unit: 518 Allen TX 75013,False,,1,0,FE006342-08-2025,FE006342-08-2025,Revoked,,https://cityofallentx-energovweb.tylerhost.net/apps/selfservice#/businessLicense/ebb9b9d4-a7dd-4659-97c4-dc6c29802d5d,0,0,,,0,0,0,,,0,0,,,0,0,0,,,0
6c878a0a-bc17-4c85-94e2-f508f6bbc306,6c878a0a-bc17-4c85-94e2-f508f6bbc306,1,Nightowl Coffee,,,Special Event - Food Establishment,Special Event - Food Establishment,special event,True,False,license_special_event_food,Closed,2024-11-21,2024-11-22,Dallas TX 75244,True,,1,0,FESP005698-11-2024,FESP005698-11-2024,Expired,2024-11-21,https://cityofallentx-energovweb.tylerhost.net/apps/selfservice#/businessLicense/1eb14aa7-92ce-4575-bbed-e2764e4ba6f3,1,1,2024-11-21,2024-11-21,0,0,0,,,1,1,2024-11-21,2024-11-21,0,0,0,,,0
9bcc8b69-a3b9-46a8-a1bc-6fc7d1cbd293,9bcc8b69-a3b9-46a8-a1bc-6fc7d1cbd293,1,Nightowl Coffee,,,Special Event - Food Establishment,Special Event - Food Establishment,special event,True,False,license_special_event_food,Open,,,820 W STACY RD ALLEN TX 75013,False,120610,1,0,FESP006482-10-2025,FESP006482-10-2025,Closed,2999-01-01,https://cityofallentx-energovweb.tylerhost.net/apps/selfservice#/businessLicense/9bae66d9-1e6d-4b24-909f-3a38c927a6a8,0,0,,,0,0,0,,,0,0,,,0,0,0,,,0
9aadcb22-03cd-49b5-a762-f56a1136a2b6,9aadcb22-03cd-49b5-a762-f56a1136a2b6,1,NoSoo Hibachi Sushi Sake,,,Heavy Food Preparation,Heavy Food Preparation,food,False,False,op_permit_food,Open,2017-06-28,,604 W BETHANY DR  Unit: 107 ALLEN TX 75013,False,119430,9,9,FE000280-09-2017,FE-007112-08-2026,Annual Renewal Completed,2027-09-11,https://cityofallentx-energovweb.tylerhost.net/apps/selfservice#/operationalPermit/256e065c-f14f-42cb-9171-3f55160077ab,24,24,2017-12-22,2026-09-27,12,0,0,,,24,24,2017-12-22,2026-09-27,12,0,0,,,0
ec322163-8984-4b2f-bf2e-b0f7bbfa1cd2,ec322163-8984-4b2f-bf2e-b0f7bbfa1cd2,1,Noodles and Dumplings Time,,,Heavy Food Preparation,Heavy Food Preparation,food,False,False,op_permit_food,Open,,,190 E Stacy Road Unit: # 1408 Allen TX 75002,False,,2,2,FE005511-07-2024,FE-006958-07-2026,Annual Renewal Completed,2027-07-25,https://cityofallentx-energovweb.tylerhost.net/apps/selfservice#/operationalPermit/95baa49c-4fe7-44c9-99ee-9ac007f233d6,6,6,2024-09-09,2026-09-30,2,0,3,77,2025-11-20,6,6,2024-09-09,2026-09-30,2,0,3,77,2025-11-20,0
cbb2cc84-aa0f-48e7-aa45-d0cfdf7f4a32,cbb2cc84-aa0f-48e7-aa45-d0cfdf7f4a32,1,Norton Elementary,,,Heavy Food Preparation,Heavy Food Preparation,food,False,False,op_permit_food,Open,2017-10-02,,1120 NEWPORT DR  ALLEN TX 75013,False,111263,9,9,FE000331-10-2017,FE-006994-07-2026,Active,,https://cityofallentx-energovweb.tylerhost.net/apps/selfservice#/operationalPermit/d6682b1a-569c-4d55-855b-48b579834f1c,17,16,2017-10-02,2026-02-27,0,0,0,,,17,16,2017-10-02,2026-02-27,0,0,0,,,0
1975bb2e-1b44-4c15-9d21-dda1217eae06,1975bb2e-1b44-4c15-9d21-dda1217eae06,1,Nothing Bundt Cakes,,,Temporary Food Establishment - Food Establishment,Temporary Food Establishment - Food Establishment,food,True,False,license_food,Closed,,2023-07-21,190 E Stacy RD Allen TX 75002,False,,1,0,FE004530-04-2023,FE004530-04-2023,Expired,2023-05-13,https://cityofallentx-energovweb.tylerhost.net/apps/selfservice#/businessLicense/cd538312-b7e5-4c75-a241-6cbcc62c7029,0,0,,,0,0,0,,,0,0,,,0,0,0,,,0
70e236c1-1dd7-44c7-af77-49cf19a663e5,70e236c1-1dd7-44c7-af77-49cf19a663e5,1,Nothing Bundt Cakes,,,Heavy Food Preparation,Heavy Food Preparation,food,False,False,op_permit_food,Open,2017-11-15,,987  GARDEN PARK DR E ALLEN TX 75013,False,129666,9,9,FE000545-02-2018,FE006603-01-2026,Annual Renewal Completed,2027-02-17,https://cityofallentx-energovweb.tylerhost.net/apps/selfservice#/operationalPermit/129CEE7E-2655-49E5-9750-8C3D8B291C0A,17,17,2017-11-15,2026-10-08,0,0,4,94,2026-04-08,17,17,2017-11-15,2026-10-08,0,0,4,94,2026-04-08,0
5083c3f8-3c68-4f33-8c01-a4d2d54bc7e6,5083c3f8-3c68-4f33-8c01-a4d2d54bc7e6,1,Nothing Bundt Cakes @ AEC H&G,,,Temporary Food Establishment - Food Establishment,Temporary Food Establishment - Food Establishment | Temporary Food Establishments,food,True,False,license_food | op_permit_food,Closed,2018-09-14,2021-06-21,200 E STACY RD  ALLEN TX 75002,False,127345,3,1,FE001024-09-2018,FE002138-02-2020,Expired,2020-02-10,https://cityofallentx-energovweb.tylerhost.net/apps/selfservice#/businessLicense/e0eabea8-a4e2-4475-adc4-2a33bb3310c0,2,2,2018-09-14,2019-02-08,0,0,0,,,2,2,2018-09-14,2019-02-08,0,0,0,,,0
187c0ead-51d7-46df-a276-b953fb4e5340,187c0ead-51d7-46df-a276-b953fb4e5340,1,Nothing Bundt Cakes @AEC Bridal Show,,,Temporary Food Establishment - Food Establishment,Temporary Food Establishment - Food Establishment,food,True,False,license_food,Closed,,2021-06-21,200 E STACY RD  ALLEN TX 75002,False,127345,1,0,FE001059-09-2018,FE001059-09-2018,Expired,2018-09-30,https://cityofallentx-energovweb.tylerhost.net/apps/selfservice#/businessLicense/5f74552e-77ad-440b-a38d-87317c9825ca,0,0,,,0,0,0,,,0,0,,,0,0,0,,,0
faf3ecdd-e9dc-4139-882c-48447c821d8b,faf3ecdd-e9dc-4139-882c-48447c821d8b,1,Nothing Bundt Cakes-Allen USA,,,Temporary Food Establishment - Food Establishment,Temporary Food Establishment - Food Establishment,food,True,False,license_food,Closed,2017-06-24,2023-08-14,701 ANGEL PKWY ALLEN TX 75002,False,121106,1,0,FE000146-06-2017,FE000146-06-2017,Expired,2017-06-24,https://cityofallentx-energovweb.tylerhost.net/apps/selfservice#/businessLicense/6dc97175-f6b5-4e02-8761-e7fa060168c4,0,0,,,0,0,0,,,0,0,,,0,0,0,,,0
993363c5-c248-42cf-9d49-d3f6b420e6d9,993363c5-c248-42cf-9d49-d3f6b420e6d9,1,Nue Bar @ AEC,,,No Prep - Food Establishment,No Food Preparation | No Prep - Food Establishment,food,False,False,license_food | op_permit_food,Closed,,2021-09-13,200 E STACY RD 1350 ALLEN TX 75002,False,127345,4,3,FE000232-08-2017,FE002466-08-2020,Expired,2021-08-06,https://cityofallentx-energovweb.tylerhost.net/apps/selfservice#/businessLicense/6f1782c1-e20e-4142-9b1d-d8b2de1d9ea2,5,5,2018-01-15,2021-06-17,0,0,0,,,5,5,2018-01-15,2021-06-17,0,0,0,,,0
b4550578-0082-41ef-923d-e7ea56d89fb4,b4550578-0082-41ef-923d-e7ea56d89fb4,1,"Numero 28, Allen",,,Heavy Food Preparation,Heavy Food Preparation,food,False,False,op_permit_food,Open,,,190 E STACY RD B1400 Unit: 1404 ALLEN TX 75002,False,127348,7,7,FE002190-03-2020,FE006792-03-2026,Annual Renewal Completed,2027-03-12,https://cityofallentx-energovweb.tylerhost.net/apps/selfservice#/operationalPermit/37540912-201D-4CBD-B927-705B53F27E46,10,9,2020-12-02,2025-11-14,0,0,0,,,10,9,2020-12-02,2025-11-14,0,0,0,,,0
20c490ac-46e8-44ee-9bcd-cd0324917589,20c490ac-46e8-44ee-9bcd-cd0324917589,1,Nutty Bavarian @ CUTX,,,Light - Food Establishment,Light - Food Establishment | Light Food Preparation,food,False,False,license_food | op_permit_food,Closed,2019-08-12,2024-01-29,200 E STACY RD B1300 Unit: 1350 ALLEN TX 75002,False,127345,5,4,FE000503-01-2018,FE004744-07-2023,Expired,2024-01-29,https://cityofallentx-energovweb.tylerhost.net/apps/selfservice#/businessLicense/c7b29f7f-a70f-472e-80c3-fd7ef1999060,4,4,2019-08-12,2021-06-17,0,0,0,,,4,4,2019-08-12,2021-06-17,0,0,0,,,0
3ec5bfe8-67f2-41f3-adbb-506c3eeb62f5,3ec5bfe8-67f2-41f3-adbb-506c3eeb62f5,1,Oak Brook School,,,Day Care Facility,Day Care Facility,day care,False,False,op_permit_daycare,Closed,2018-12-19,2025-01-27,550 TRINITY DR ALLEN TX 75002,False,127738,7,7,DC000432-11-2017,DC004940-11-2023,Annual Renewal Completed,2024-12-04,https://cityofallentx-energovweb.tylerhost.net/apps/selfservice#/operationalPermit/35A3859D-15B0-4CDB-B902-E2DFCE79CFA2,10,10,2018-12-21,2024-12-04,0,0,3,93,2024-12-04,10,10,2018-12-21,2024-12-04,0,0,3,93,2024-12-04,0
bd78ab1d-9753-46d8-a54f-36d2ff02baf7,bd78ab1d-9753-46d8-a54f-36d2ff02baf7,1,Ocean Spray,,,Special Event - Food Establishment,Special Event - Food Establishment,special event,True,False,license_special_event_food,Closed,2024-11-09,2024-11-09,Bentonville AR 72712,True,,1,0,FESP005680-11-2024,FESP005680-11-2024,Expired,2024-11-09,https://cityofallentx-energovweb.tylerhost.net/apps/selfservice#/businessLicense/9dddc84d-0d1c-4955-bbbd-76bb1b9a7ca2,1,1,2024-11-08,2024-11-08,0,0,0,,,1,1,2024-11-08,2024-11-08,0,0,0,,,0
a2b5041c-4b7c-4b92-9f5b-1b33beaa5e69,a2b5041c-4b7c-4b92-9f5b-1b33beaa5e69,1,Ole Smoky Bar @ CUTX,,,Light Food Preparation,Light Food Preparation,food,False,False,op_permit_food,Open,,,200 E Stacy RD Unit: 1350 Allen TX 75013,False,,4,4,FE003957-07-2022,FE-007086-08-2026,Annual Renewal Completed,2027-08-09,https://cityofallentx-energovweb.tylerhost.net/apps/selfservice#/operationalPermit/06ac5f4e-39a5-4b61-8599-5e7d2b1ebc97,2,2,2025-09-05,2026-04-03,0,0,0,,,2,2,2025-09-05,2026-04-03,0,0,0,,,0
8806db1d-6121-41ee-8027-8442361b9f65,8806db1d-6121-41ee-8027-8442361b9f65,1,Olive Garden,,,Heavy Food Preparation,Heavy Food Preparation,food,False,False,op_permit_food,Open,,,190 E STACY RD B3100 Unit: 3100 ALLEN TX 75013,False,127341,9,9,FE000463-12-2017,FE006522-12-2025,Annual Renewal Completed,2026-12-26,https://cityofallentx-energovweb.tylerhost.net/apps/selfservice#/operationalPermit/5D44AB25-AD1C-4D97-97AB-DFEE72B78C00,17,16,2018-01-04,2026-12-09,1,0,4,86,2025-06-10,17,16,2018-01-04,2026-12-09,1,0,4,86,2025-06-10,0
5fb6304f-3e09-477d-8032-e61289967310,5fb6304f-3e09-477d-8032-e61289967310,1,Olson Elementary,,,Heavy Food Preparation,Heavy Food Preparation,food,False,False,op_permit_food,Open,2017-09-15,,1751 E EXCHANGE PKWY ALLEN TX 75002,False,127394,9,9,FE000339-10-2017,FE-006993-07-2026,Active,,https://cityofallentx-energovweb.tylerhost.net/apps/selfservice#/operationalPermit/3c0ec612-9927-49a0-9c04-3101e5f8fdb1,16,16,2018-09-17,2026-03-06,0,0,0,,,16,16,2018-09-17,2026-03-06,0,0,0,,,0
83f28d7d-534d-4d95-8bcd-eb800eb8248d,83f28d7d-534d-4d95-8bcd-eb800eb8248d,1,On The Spot Nutrition,,,Special Event - Food Establishment,Special Event - Food Establishment,special event,True,False,license_special_event_food,Closed,2020-01-22,2025-11-07,718 S GREENVILLE AVE Unit: 150 ALLEN TX 75002,False,107218,1,0,FESP002054-01-2020,FESP002054-01-2020,Closed,,https://cityofallentx-energovweb.tylerhost.net/apps/selfservice#/businessLicense/c9262789-c160-489f-aa31-9c1fa4bd078f,1,1,2020-01-24,2020-01-24,0,0,0,,,1,1,2020-01-24,2020-01-24,0,0,0,,,0
5a06957b-695c-467e-bca3-d03fe1c1f312,5a06957b-695c-467e-bca3-d03fe1c1f312,1,On the Border Mexican Grill,,,Heavy - Food Establishment,Heavy - Food Establishment | Heavy Food Preparation,food,False,False,license_food | op_permit_food,Closed,2017-12-05,2025-01-27,213 N CENTRAL EXPY  ALLEN TX 75013,False,118215,8,7,FE000140-06-2017,FE005324-05-2024,Closed,,https://cityofallentx-energovweb.tylerhost.net/apps/selfservice#/businessLicense/f884065c-e5e2-448f-a875-97d79e1ed1b1,22,22,2017-12-05,2024-11-14,8,0,3,94,2024-11-14,22,22,2017-12-05,2024-11-14,8,0,3,94,2024-11-14,0
cf3eef2d-ca8e-4de1-aa66-477e84c7097b,cf3eef2d-ca8e-4de1-aa66-477e84c7097b,1,Once Upon a Cone-Allen USA,,,Temporary Food Establishment - Food Establishment,Temporary Food Establishment - Food Establishment | Temporary Food Establishments,food,True,False,license_food | op_permit_food,Open,2017-06-24,,701 ANGEL PKWY ALLEN TX 75002,False,121106,3,2,FE000166-06-2017,FE001599-06-2019,Expired,2019-06-29,https://cityofallentx-energovweb.tylerhost.net/apps/selfservice#/businessLicense/1769ab85-358e-44ef-a662-654699bf89fb,1,1,2019-06-28,2019-06-28,0,0,0,,,1,1,2019-06-28,2019-06-28,0,0,0,,,0
34303fc3-97fd-4011-ad71-78fe6f0f4e13,34303fc3-97fd-4011-ad71-78fe6f0f4e13,4,Oopsie Scoopsie,,,Temporary Food Establishments,Temporary Food Establishments,food,True,False,op_permit_food,Closed,2026-05-28,2026-07-01,820 W STACY RD ALLEN TX 75013,False,120610,1,1,FE-006895-05-2026,FE-006895-05-2026,Closed,,https://cityofallentx-energovweb.tylerhost.net/apps/selfservice#/operationalPermit/fc2037e0-874a-41c6-bba9-dc1b73beda16,0,0,,,0,0,0,,,2,2,2025-08-12,2025-09-11,0,0,0,,,0
45caf568-0af7-4492-a050-4a08e6e58b7f,34303fc3-97fd-4011-ad71-78fe6f0f4e13,4,Oopsie Scoopsie,,,Food Establishment - BL - Seasonal Food Sales (14-30 days),Food Establishment - BL - Seasonal Food Sales (14-30 days),food,True,False,license_food,Closed,,2026-04-20,McKinney TX 75071,True,,1,0,FE006501-11-2025,FE006501-11-2025,Closed,,https://cityofallentx-energovweb.tylerhost.net/apps/selfservice#/businessLicense/4ca1b60f-8657-4004-94f5-6ed1d498aff4,0,0,,,0,0,0,,,2,2,2025-08-12,2025-09-11,0,0,0,,,0
7758c5d5-ff25-4480-aebf-1eae81a74bcd,34303fc3-97fd-4011-ad71-78fe6f0f4e13,4,Oopsie Scoopsie,,,Temporary Food Establishments,Temporary Food Establishments,food,True,False,op_permit_food,Closed,,2026-05-28,820 W STACY RD ALLEN TX 75013,False,120610,1,1,FESP006863-04-2026,FESP006863-04-2026,Closed,,https://cityofallentx-energovweb.tylerhost.net/apps/selfservice#/operationalPermit/96FC8869-9D43-4D71-A9DE-77BFF7B0EA68,0,0,,,0,0,0,,,2,2,2025-08-12,2025-09-11,0,0,0,,,0
ac73da67-1e00-4bd6-8461-4b03f8ffeb41,34303fc3-97fd-4011-ad71-78fe6f0f4e13,4,Oopsie Scoopsie TX,,,Temporary Food Establishments,Temporary Food Establishments,food,True,False,op_permit_food,Closed,,2025-11-21,McKinney TX 75071,True,,2,2,FESP006312-08-2025,FESP006431-09-2025,Closed,,https://cityofallentx-energovweb.tylerhost.net/apps/selfservice#/operationalPermit/87ABAA3F-E556-4FDF-A12B-89ED7E55D1FA,2,2,2025-08-12,2025-09-11,0,0,0,,,2,2,2025-08-12,2025-09-11,0,0,0,,,0
8b9f5075-4255-4407-bf65-2102c7d3eb69,8b9f5075-4255-4407-bf65-2102c7d3eb69,1,Original Chop Shop,,,Heavy Food Preparation,Heavy Food Preparation,food,False,False,op_permit_food,Open,,,829 W Stacy Rd Unit: 120B Allen TX 75013,False,132965,7,7,FE002047-01-2020,FE006539-12-2025,Annual Renewal Completed,2027-01-24,https://cityofallentx-energovweb.tylerhost.net/apps/selfservice#/operationalPermit/C7D1E893-7FF2-4455-8BAF-0E80E9011781,13,13,2020-03-18,2025-07-23,0,0,4,98,2025-07-23,13,13,2020-03-18,2025-07-23,0,0,4,98,2025-07-23,0
f26f044a-37bb-45ee-a0c1-174d23494b0c,f26f044a-37bb-45ee-a0c1-174d23494b0c,1,Oumi Sushi at Sprouts,,,Light Food Preparation,Heavy - Food Establishment | Light Food Preparation,food,False,False,license_food | op_permit_food,Open,2017-11-27,,1265 W EXCHANGE PKWY ALLEN TX 75013,False,130477,10,7,FE000130-06-2017,FE-006899-06-2026,Annual Renewal Completed,2027-06-22,https://cityofallentx-energovweb.tylerhost.net/apps/selfservice#/operationalPermit/334e5c57-0bbd-4388-9a63-810b83727397,16,16,2017-11-27,2026-05-06,1,0,5,88,2026-01-06,16,16,2017-11-27,2026-05-06,1,0,5,88,2026-01-06,0
341cfdb8-f8c7-4b6c-91a3-f9ce83a590b0,341cfdb8-f8c7-4b6c-91a3-f9ce83a590b0,1,Outback Steakhouse,,,Heavy Food Preparation,Heavy Food Preparation,food,False,False,op_permit_food,Open,,,1995 N Central Express Way Allen TX 75013,False,,3,3,FE004947-11-2023,FE006465-10-2025,Annual Renewal Completed,2026-11-29,https://cityofallentx-energovweb.tylerhost.net/apps/selfservice#/operationalPermit/F22ED8B0-3D70-443F-AD7B-65589C92BBBD,6,5,2024-02-08,2025-08-25,0,0,0,,,6,5,2024-02-08,2025-08-25,0,0,0,,,0
a228363a-6918-4829-8dc2-bd0f434bc1c8,a228363a-6918-4829-8dc2-bd0f434bc1c8,1,P.F. Chang's China Bistro,,,Heavy Food Preparation,Heavy Food Preparation,food,False,False,op_permit_food,Open,2017-04-04,,915 W BETHANY DR H ALLEN TX 75013,False,129666,10,10,FE000006-04-2017,FE-006910-06-2026,Active,2027-06-17,https://cityofallentx-energovweb.tylerhost.net/apps/selfservice#/operationalPermit/edeaa81f-354f-466c-a876-e2c02d3de37b,23,23,2018-07-05,2025-09-04,5,0,3,81,2025-07-28,23,23,2018-07-05,2025-09-04,5,0,3,81,2025-07-28,0
3c41578b-6b7b-4c8d-878a-428353f974b4,01b6123a-5859-40de-82f4-d42700894bca,2,PARK-IT MARKET,,,No Prep - Food Establishment,No Food Preparation | No Prep - Food Establishment,food,False,False,license_food | op_permit_food,Closed,,2026-03-25,1214 E Main ST Allen TX 75002,False,,4,3,FE003574-02-2022,FE005988-02-2025,Closed,,https://cityofallentx-energovweb.tylerhost.net/apps/selfservice#/businessLicense/60edb27c-e0df-4bb7-bb15-86f15c208666,4,4,2022-10-20,2025-07-28,0,0,2,96,2025-07-28,4,4,2022-10-20,2025-07-28,0,0,2,96,2025-07-28,0
9332edb1-5d86-4688-81da-71523ca6fd94,9332edb1-5d86-4688-81da-71523ca6fd94,1,PISD Employee Child Care #3,,,Day Care Facility,Day Care Facility,day care,False,False,op_permit_daycare,Closed,2019-05-24,2022-06-03,600 OLD CUSTER RD  ALLEN TX 75013,False,127249,4,4,DC000484-01-2018,DC002700-01-2021,Annual Renewal Completed,2022-01-14,https://cityofallentx-energovweb.tylerhost.net/apps/selfservice#/operationalPermit/0A1E22E2-20D8-4B2F-820E-028F158C0DCC,6,6,2019-05-24,2022-02-10,0,0,0,,,6,6,2019-05-24,2022-02-10,0,0,0,,,0
6037bf38-3e3d-4b6b-9a5c-f8d17918bbfa,6037bf38-3e3d-4b6b-9a5c-f8d17918bbfa,1,PK Smokehouse (T09118),,,Catering Truck - Food Establishment,Catering Truck - Food Establishment,food,True,False,license_food,Closed,2021-12-17,2022-12-28,Plano TX 75023,True,,1,0,FE003422-12-2021,FE003422-12-2021,Expired,2022-12-17,https://cityofallentx-energovweb.tylerhost.net/apps/selfservice#/businessLicense/703c662e-8d4a-4da0-ac9d-953bbfdf8eac,1,1,2021-12-17,2021-12-17,0,0,0,,,1,1,2021-12-17,2021-12-17,0,0,0,,,0
c59cc88a-2dea-4a05-9963-4e13fa08015a,c59cc88a-2dea-4a05-9963-4e13fa08015a,1,PK Smokehouse @ Holly Jolly,,,Special Event - Food Establishment,Special Event - Food Establishment,special event,True,False,license_special_event_food,Closed,,2021-12-29,300 N ALLEN DR ALLEN TX 75013,False,122494,1,0,FESP003389-12-2021,FESP003389-12-2021,Expired,2021-12-05,https://cityofallentx-energovweb.tylerhost.net/apps/selfservice#/businessLicense/db369acf-e599-4615-bbb1-01c32a0e6c43,1,1,2021-12-06,2021-12-06,0,0,0,,,1,1,2021-12-06,2021-12-06,0,0,0,,,0
4bad7414-9cbd-4293-b4f9-8233e93db347,4bad7414-9cbd-4293-b4f9-8233e93db347,1,PTJ Pizza LLC/Papa Murphy's Pizza,,,Light - Food Establishment,Light - Food Establishment | Light Food Preparation,food,False,False,license_food | op_permit_food,Closed,2018-12-17,2021-12-01,1208 E BETHANY DR Unit: 6 ALLEN TX 75002,False,131393,4,3,FE000359-10-2017,FE002574-11-2020,Expired,2021-10-13,https://cityofallentx-energovweb.tylerhost.net/apps/selfservice#/businessLicense/71b0f0e6-ccc3-4e06-bea1-62dc49f77997,11,9,2018-07-10,2021-01-15,3,0,0,,,11,9,2018-07-10,2021-01-15,3,0,0,,,0
4ecf3044-1c4e-456a-b56a-301970b2acca,4ecf3044-1c4e-456a-b56a-301970b2acca,1,PURE GREEN,,,Light Food Preparation,Light Food Preparation,food,False,False,op_permit_food,Open,,,941 Garden Park Drive Allen TX 75013,False,,2,2,FE006020-03-2025,FE006804-03-2026,Annual Renewal Completed,2027-03-18,https://cityofallentx-energovweb.tylerhost.net/apps/selfservice#/operationalPermit/22AD9381-06D8-4A17-8032-3449DF3533F2,2,1,2025-09-16,2025-09-16,0,0,0,,,2,1,2025-09-16,2025-09-16,0,0,0,,,0
d2b8f301-1c15-4eca-b30b-429d008dd4cd,d2b8f301-1c15-4eca-b30b-429d008dd4cd,1,Paciugo,,,Light - Food Establishment,Light - Food Establishment | Light Food Preparation,food,False,False,license_food | op_permit_food,Closed,2017-07-18,2020-02-26,936  GARDEN PARK DR B ALLEN TX 75013,False,129666,3,2,FE000351-10-2017,FE001847-10-2019,Expired,2020-10-08,https://cityofallentx-energovweb.tylerhost.net/apps/selfservice#/businessLicense/2a44dbc7-f4fd-4648-bb42-41938411c7d7,5,4,2018-07-26,2019-03-22,2,0,0,,,5,4,2018-07-26,2019-03-22,2,0,0,,,0
194adfb7-6435-48cf-969f-754ea5c6fdf5,194adfb7-6435-48cf-969f-754ea5c6fdf5,1,Paciugo Watters Creek,,,Light Food Preparation,Light Food Preparation,food,False,False,op_permit_food,Open,,,936 GARDEN PARK DR B ALLEN TX 75013,False,129666,7,7,FE001954-12-2019,FE006524-12-2025,Annual Renewal Completed,2026-12-22,https://cityofallentx-energovweb.tylerhost.net/apps/selfservice#/operationalPermit/3A2CDBB6-A2B4-4FAC-AF82-98ABA1F9BC15,11,11,2020-02-25,2026-09-27,2,0,2,91,2025-11-20,11,11,2020-02-25,2026-09-27,2,0,2,91,2025-11-20,0
3e3806de-56fa-4ee9-affd-c2bd65068c15,3e3806de-56fa-4ee9-affd-c2bd65068c15,1,Palio's Pizza Cafe,,,Heavy - Food Establishment,Heavy - Food Establishment | Heavy Food Preparation,food,False,False,license_food | op_permit_food,Closed,2017-10-30,2023-07-21,705 S CUSTER RD Unit: 100 ALLEN TX 75013,False,127713,6,5,FE000452-12-2017,FE004199-12-2022,Expired,2023-12-18,https://cityofallentx-energovweb.tylerhost.net/apps/selfservice#/businessLicense/e0c07e04-0993-4ad5-8eb9-a76edbf32678,14,14,2017-10-30,2023-02-03,2,0,1,90,2022-06-07,14,14,2017-10-30,2023-02-03,2,0,1,90,2022-06-07,0
d718a324-c312-4e9d-9345-684c3b013249,d718a324-c312-4e9d-9345-684c3b013249,1,Panda Express # 1017,,,Heavy Food Preparation,Heavy Food Preparation,food,False,False,op_permit_food,Open,2017-05-02,,501 W MCDERMOTT DR  ALLEN TX 75013,False,120341,9,9,FE000565-02-2018,FE006639-01-2026,Annual Renewal Completed,2027-02-26,https://cityofallentx-energovweb.tylerhost.net/apps/selfservice#/operationalPermit/4A8C746D-5C3B-4569-A43B-09CEFD8BF34F,16,15,2018-05-30,2025-06-30,0,0,4,89,2025-06-30,16,15,2018-05-30,2025-06-30,0,0,4,89,2025-06-30,0
aded14ff-c7d5-4787-ac90-8defe1b27ea0,aded14ff-c7d5-4787-ac90-8defe1b27ea0,1,Panda Express #1871,,,Heavy Food Preparation,Heavy Food Preparation,food,False,False,op_permit_food,Open,2017-10-24,,340 E STACY RD ALLEN TX 75002,False,127730,9,9,FE000383-10-2017,FE006438-10-2025,Annual Renewal Completed,2026-10-30,https://cityofallentx-energovweb.tylerhost.net/apps/selfservice#/operationalPermit/0CAF1274-F342-44FB-9A2B-094A3998289C,17,16,2017-10-24,2026-01-22,0,0,5,96,2026-01-22,17,16,2017-10-24,2026-01-22,0,0,5,96,2026-01-22,0
6303dd0b-eee5-4d2c-84a1-621e19d23316,6303dd0b-eee5-4d2c-84a1-621e19d23316,1,Pane Vino,,,Heavy - Food Establishment,Heavy - Food Establishment | Heavy Food Preparation,food,False,False,license_food | op_permit_food,Closed,,2020-02-06,190 E STACY RD B1400 Unit: 1404 ALLEN TX 75002,False,127348,2,1,FE000467-01-2018,FE001236-01-2019,Expired,2020-01-05,https://cityofallentx-energovweb.tylerhost.net/apps/selfservice#/businessLicense/c0fcbe3e-472a-4eb8-91fd-a0125675812d,2,1,2018-04-10,2018-04-10,0,0,0,,,2,1,2018-04-10,2018-04-10,0,0,0,,,0
7730151e-d9b4-4458-9f4a-7757dd8a47ec,7730151e-d9b4-4458-9f4a-7757dd8a47ec,1,Panera Bread,,,Temporary Food Establishment - Food Establishment,Temporary Food Establishment - Food Establishment,food,True,False,license_food,Closed,2023-05-13,2023-05-13,951 W Bethany DR Allen TX 75013,False,,1,0,FE004529-04-2023,FE004529-04-2023,Expired,2023-05-13,https://cityofallentx-energovweb.tylerhost.net/apps/selfservice#/businessLicense/b4addf4d-6d3c-443a-bf09-c57f8d58e5af,0,0,,,0,0,0,,,0,0,,,0,0,0,,,0
2ff239a0-7407-4ef0-b24a-d0d66d808b32,2ff239a0-7407-4ef0-b24a-d0d66d808b32,1,Panera Bread #1404,,,Heavy Food Preparation,Heavy Food Preparation,food,False,False,op_permit_food,Open,2017-09-07,,951 W BETHANY DR J ALLEN TX 75013,False,129666,9,9,FE000431-11-2017,FE006493-11-2025,Annual Renewal Completed,2026-12-04,https://cityofallentx-energovweb.tylerhost.net/apps/selfservice#/operationalPermit/745137E9-FB31-47CC-A1B8-C4F232686C66,21,21,2018-10-30,2026-09-30,1,0,7,92,2026-04-09,21,21,2018-10-30,2026-09-30,1,0,7,92,2026-04-09,0
b5d60eaa-1817-43a8-a6e5-1cd7150fa803,b5d60eaa-1817-43a8-a6e5-1cd7150fa803,1,Panini Sandwiches by BJ-Allen USA,,,Temporary Food Establishment - Food Establishment,Temporary Food Establishment - Food Establishment,food,True,False,license_food,Closed,2017-06-24,2022-03-29,701 ANGEL PKWY ALLEN TX 75002,False,121106,1,0,FE000150-06-2017,FE000150-06-2017,Expired,2017-06-24,https://cityofallentx-energovweb.tylerhost.net/apps/selfservice#/businessLicense/9467eeac-87ad-4a33-aa1a-10cb1c963c99,0,0,,,0,0,0,,,0,0,,,0,0,0,,,0
258e5e41-e0b8-4bec-aefe-9f40085c6a8e,258e5e41-e0b8-4bec-aefe-9f40085c6a8e,1,Panj Tara,,,Heavy Food Preparation,Heavy Food Preparation,food,False,False,op_permit_food,Open,,,2025 W McDermott Dr Allen TX 45013,False,,1,1,FE006809-03-2026,FE006809-03-2026,Annual Renewal Completed,2027-03-27,https://cityofallentx-energovweb.tylerhost.net/apps/selfservice#/operationalPermit/23D801F3-24DB-43E8-AE52-07DC3257418B,1,1,2026-09-30,2026-09-30,0,0,0,,,1,1,2026-09-30,2026-09-30,0,0,0,,,0
6b2e0846-76b0-446e-8f76-3494d21df032,6b2e0846-76b0-446e-8f76-3494d21df032,1,Papa John's #1149,,,Heavy Food Preparation,Heavy Food Preparation,food,False,False,op_permit_food,Open,2017-04-25,2017-04-25,101 N GREENVILLE AVE Unit: A ALLEN TX 75002,False,104942,9,9,FE000253-08-2017,FE-007073-08-2026,Annual Renewal Completed,2027-08-21,https://cityofallentx-energovweb.tylerhost.net/apps/selfservice#/operationalPermit/a600a185-6e5f-4afc-a1e5-7ddad8e2517d,17,17,2018-03-13,2026-11-30,3,0,4,96,2025-11-12,17,17,2018-03-13,2026-11-30,3,0,4,96,2025-11-12,0
c8665cea-345e-4d66-8b41-563ba99bb00b,c8665cea-345e-4d66-8b41-563ba99bb00b,1,Papa Lopez,,,Heavy Food Preparation,Heavy Food Preparation,food,False,False,op_permit_food,Open,,,969 SH121 HWY A Unit: 120 ALLEN TX 75013,False,126390,1,1,FE-007150-09-2026,FE-007150-09-2026,Active,2027-09-11,https://cityofallentx-energovweb.tylerhost.net/apps/selfservice#/operationalPermit/47fda50b-6d23-4368-9601-8d32e66622ec,2,2,2026-09-02,2026-09-02,1,0,0,,,2,2,2026-09-02,2026-09-02,1,0,0,,,0
65414619-ee59-477f-bb25-769a1359273a,65414619-ee59-477f-bb25-769a1359273a,1,Papa Lopez Mexican Cantina,,,Heavy Food Preparation,Heavy Food Preparation,food,False,False,op_permit_food,Closed,2017-04-25,2026-09-18,969 SH121 HWY A Unit: 120 ALLEN TX 75013,False,126390,9,9,FE000200-07-2017,FE006373-08-2025,Expired,2026-07-20,https://cityofallentx-energovweb.tylerhost.net/apps/selfservice#/operationalPermit/BEAEC1C4-6952-44EE-91A1-3190C1A9C300,17,17,2018-06-05,2025-09-26,7,0,4,72,2025-08-28,17,17,2018-06-05,2025-09-26,7,0,4,72,2025-08-28,0
08ca9a3d-20db-4953-9637-96bbbc6870c8,08ca9a3d-20db-4953-9637-96bbbc6870c8,1,Papa Murphy's,,,Heavy - Food Establishment,Heavy - Food Establishment,food,False,False,license_food,Closed,,2018-12-05,1008 W MCDERMOTT DR  Unit: 400 ALLEN TX 75013,False,,1,0,FE000043-04-2017,FE000043-04-2017,Expired,2018-04-13,https://cityofallentx-energovweb.tylerhost.net/apps/selfservice#/businessLicense/ba69dcad-c500-4707-bc09-722a3fe98825,0,0,,,0,0,0,,,0,0,,,0,0,0,,,0
e0525dd0-8cec-4ee3-a60b-a34d7a1cbc6c,e0525dd0-8cec-4ee3-a60b-a34d7a1cbc6c,1,Papa Murphy's - Holly Jolly Celebration,,,Temporary Food Establishment - Food Establishment,Temporary Food Establishment - Food Establishment,food,True,False,license_food,Closed,2022-12-03,2022-12-03,300 N Allen DR Allen TX,False,,1,0,FE004163-11-2022,FE004163-11-2022,Expired,2022-12-03,https://cityofallentx-energovweb.tylerhost.net/apps/selfservice#/businessLicense/282091a5-e4d8-453b-a230-8738bf7d8670,0,0,,,0,0,0,,,0,0,,,0,0,0,,,0
fa5b2c10-0436-4648-8bd9-bf921e58da1b,fa5b2c10-0436-4648-8bd9-bf921e58da1b,1,Papa Murphy's-Allen USA,,,Temporary Food Establishment - Food Establishment,Temporary Food Establishment - Food Establishment | Temporary Food Establishments,food,True,False,license_food | op_permit_food,Closed,2017-06-24,2022-06-15,701 ANGEL PKWY ALLEN TX 75002,False,121106,4,3,FE000151-06-2017,FE003048-06-2021,Expired,2021-06-26,https://cityofallentx-energovweb.tylerhost.net/apps/selfservice#/businessLicense/50b8901f-c78b-4171-a4ad-716460a172b3,2,2,2019-06-28,2021-06-25,0,0,0,,,2,2,2019-06-28,2021-06-25,0,0,0,,,0
e7d538cd-3f3f-4d2c-aa9e-fd43c4137fed,e7d538cd-3f3f-4d2c-aa9e-fd43c4137fed,1,Papadams Indian Cuisine,,,Heavy - Food Establishment,Heavy - Food Establishment,food,False,False,license_food,Closed,,2026-03-03,2023 W MCDERMOTT DR Unit: 180 ALLEN TX 75013,False,113333,1,0,FE002260-04-2020,FE002260-04-2020,Expired,2021-04-30,https://cityofallentx-energovweb.tylerhost.net/apps/selfservice#/businessLicense/faad98b4-c392-4ddd-b3eb-40517bfa4e33,1,0,,,0,0,0,,,1,0,,,0,0,0,,,0
406656ce-91e8-4139-bd44-b308073217c4,406656ce-91e8-4139-bd44-b308073217c4,1,PappaRoti,,,Heavy - Food Establishment,Heavy - Food Establishment | Heavy Food Preparation,food,False,False,license_food | op_permit_food,Closed,2024-09-06,2026-02-16,190 E STACY RD B1400 ALLEN TX 75002,False,127348,2,1,FE005590-09-2024,FE006412-09-2025,Closed,,https://cityofallentx-energovweb.tylerhost.net/apps/selfservice#/businessLicense/42535744-75d9-4302-9aa1-af550107128b,4,4,2024-12-17,2025-07-29,2,0,0,,,4,4,2024-12-17,2025-07-29,2,0,0,,,0
4f25e937-7f89-4c59-b517-1a16371b70c0,4f25e937-7f89-4c59-b517-1a16371b70c0,1,Pappy's Moblie @ Preston (V#GDH0802),,,Temporary Food Establishment - Food Establishment,Temporary Food Establishment - Food Establishment,food,True,False,license_food,Closed,2017-09-22,2020-09-14,2455 HILLIARD DR ALLEN TX 75013,False,131460,1,0,FE000311-09-2017,FE000311-09-2017,Expired,2017-09-22,https://cityofallentx-energovweb.tylerhost.net/apps/selfservice#/businessLicense/6a6e31ae-26b2-4740-940b-047a1d2afa28,1,1,2017-09-22,2017-09-22,0,0,0,,,1,1,2017-09-22,2017-09-22,0,0,0,,,0
e77f96a9-2ee2-4e78-aeae-a21d9e9c8c46,e77f96a9-2ee2-4e78-aeae-a21d9e9c8c46,1,Paradise Bakery,,,Heavy - Food Establishment,Heavy - Food Establishment | Heavy Food Preparation,food,False,False,license_food | op_permit_food,Closed,2017-04-11,2022-08-16,190 E STACY RD B500 Unit: 500 ALLEN TX 75002,False,127348,5,4,FE000384-10-2017,FE003362-11-2021,Expired,2022-10-29,https://cityofallentx-energovweb.tylerhost.net/apps/selfservice#/businessLicense/3672ced4-89b1-4dae-a420-c8b6df538c8f,8,8,2019-03-15,2022-02-11,1,1,0,,,8,8,2019-03-15,2022-02-11,1,1,0,,,0
c2881c72-4766-466c-b672-9d47fb12f119,c2881c72-4766-466c-b672-9d47fb12f119,1,Paris Baguette,,,Heavy Food Preparation,Heavy Food Preparation,food,False,False,op_permit_food,Open,,,824 W STACY RD Unit: 800 ALLEN TX 75013,False,120611,2,2,FE005599-09-2024,FE006435-10-2025,Expired,2026-09-11,https://cityofallentx-energovweb.tylerhost.net/apps/selfservice#/operationalPermit/02C22A1B-9CAD-4F52-9D92-5D792C0D92CF,5,5,2024-11-11,2026-09-30,1,0,0,,,5,5,2024-11-11,2026-09-30,1,0,0,,,0
01b6123a-5859-40de-82f4-d42700894bca,01b6123a-5859-40de-82f4-d42700894bca,2,Park It Market,,,Light Food Preparation,Light Food Preparation,food,False,False,op_permit_food,Open,,,1214 E Main ST Allen TX 75002,False,,1,1,FE006834-03-2026,FE006834-03-2026,Active,2027-03-31,https://cityofallentx-energovweb.tylerhost.net/apps/selfservice#/operationalPermit/BAAB3032-0FAB-4B39-B172-52623527F8F6,0,0,,,0,0,0,,,4,4,2022-10-20,2025-07-28,0,0,2,96,2025-07-28,0
c30a1980-479e-41ac-9f5b-f6f2432a5281,c30a1980-479e-41ac-9f5b-f6f2432a5281,1,Parkview in Allen (Food),,,Heavy Food Preparation,Heavy Food Preparation,food,False,False,op_permit_food,Open,2017-07-13,,1451 S GREENVILLE AVE ALLEN TX 75002,False,123600,9,9,FE000412-11-2017,FE006518-12-2025,Annual Renewal Completed,2026-11-12,https://cityofallentx-energovweb.tylerhost.net/apps/selfservice#/operationalPermit/EC97C629-4191-4FC4-BCDD-626E8BFF0069,21,20,2018-01-09,2026-09-27,2,0,0,,,21,20,2018-01-09,2026-09-27,2,0,0,,,0
750c81f3-0e3c-4b52-99b5-72d24238af72,750c81f3-0e3c-4b52-99b5-72d24238af72,1,Pei Wei Asian Diner,,,Heavy Food Preparation,Heavy Food Preparation,food,False,False,op_permit_food,Open,2017-11-27,,1008 W MCDERMOTT DR  Unit: 100 ALLEN TX 75013,False,117708,9,9,FE000428-11-2017,FE006512-11-2025,Annual Renewal Completed,2026-12-03,https://cityofallentx-energovweb.tylerhost.net/apps/selfservice#/operationalPermit/365EDB7C-3F5B-4028-AE9B-087CBA9A337A,20,19,2017-11-27,2026-12-22,4,0,0,,,20,19,2017-11-27,2026-12-22,4,0,0,,,0
ec4eb295-f8d0-4009-8631-73a2ce9e9e11,ec4eb295-f8d0-4009-8631-73a2ce9e9e11,1,Pei Wei Asian Kitchen,,,Temporary Food Establishment - Food Establishment,Temporary Food Establishment - Food Establishment,food,True,False,license_food,Closed,,2023-08-11,Irving TX 75063,True,,1,0,FE004515-04-2023,FE004515-04-2023,Expired,2023-05-13,https://cityofallentx-energovweb.tylerhost.net/apps/selfservice#/businessLicense/3dc6c5dd-81f0-4479-b0e5-76cee70a104e,0,0,,,0,0,0,,,0,0,,,0,0,0,,,0
020c06b8-4466-42b9-a713-c9cf596ebac9,020c06b8-4466-42b9-a713-c9cf596ebac9,1,PepperSmash Craft Bar and Kitchen,,,Heavy - Food Establishment,Heavy - Food Establishment,food,False,False,license_food,Closed,,2021-10-01,305 CENTRAL EXPY ALLEN TX 75013,False,121202,1,0,FE002529-09-2020,FE002529-09-2020,Closed,,https://cityofallentx-energovweb.tylerhost.net/apps/selfservice#/businessLicense/803eebe9-937d-4337-b9b7-0d672b9122f5,2,2,2020-12-17,2021-06-30,1,0,0,,,2,2,2020-12-17,2021-06-30,1,0,0,,,0
4593b81e-4040-4d3f-87b3-3afe8ca18978,4593b81e-4040-4d3f-87b3-3afe8ca18978,1,Pho Bay -Allen USA,,,Temporary Food Establishment - Food Establishment,Temporary Food Establishment - Food Establishment,food,True,False,license_food,Closed,2018-06-29,2023-07-21,701 ANGEL PKWY  ALLEN TX 75002,False,121106,1,0,FE000897-06-2018,FE000897-06-2018,Expired,2018-06-30,https://cityofallentx-energovweb.tylerhost.net/apps/selfservice#/businessLicense/c6672c56-db8e-41e6-ab47-d2da59e7e885,1,1,2018-07-03,2018-07-03,0,0,0,,,1,1,2018-07-03,2018-07-03,0,0,0,,,0
b32fd38c-6448-4a9c-981d-514333c6d78c,b32fd38c-6448-4a9c-981d-514333c6d78c,1,Pie Five Pizza Co,,,Heavy Food Preparation,Heavy Food Preparation,food,False,False,op_permit_food,Closed,,2026-09-17,190 E Stacy Rd Allen TX 75002,False,,2,2,FE005358-06-2024,FE006343-08-2025,Closed,,https://cityofallentx-energovweb.tylerhost.net/apps/selfservice#/operationalPermit/A352F3DF-AA6B-44BF-ACCD-1C8C87759EB4,4,4,2024-09-04,2025-08-29,2,0,2,71,2025-08-25,4,4,2024-09-04,2025-08-29,2,0,2,71,2025-08-25,0
08c91aba-876a-4a12-a968-d7e4f82833b6,08c91aba-876a-4a12-a968-d7e4f82833b6,2,Pie Five Pizza Co.,,,Heavy - Food Establishment,Heavy - Food Establishment | Heavy Food Preparation,food,False,False,license_food | op_permit_food,Closed,2018-01-18,2024-05-20,190 E STACY RD B400 Unit: 402 ALLEN TX 75002,False,127348,6,5,FE000482-01-2018,FE004347-02-2023,Expired,2024-01-15,https://cityofallentx-energovweb.tylerhost.net/apps/selfservice#/businessLicense/8a2e3d22-eae8-48c5-8e7c-35a140f55419,16,16,2019-08-22,2023-10-06,3,0,0,,,19,19,2018-01-03,2023-10-06,4,0,0,,,0
49eb5367-5005-42d2-a636-4ea2b90ad696,08c91aba-876a-4a12-a968-d7e4f82833b6,2,Pie Five Pizza Co.,,,Heavy - Food Establishment,Heavy - Food Establishment | Heavy Food Preparation,food,False,False,license_food | op_permit_food,Closed,,2018-01-15,190 E STACY RD B400 Unit: 402 ALLEN TX 75002,False,,2,1,FE000059-05-2017,FE001215-01-2019,Expired,2019-05-03,https://cityofallentx-energovweb.tylerhost.net/apps/selfservice#/businessLicense/69fe935c-d760-4397-9f33-8898f550527e,3,3,2018-01-03,2018-07-05,1,0,0,,,19,19,2018-01-03,2023-10-06,4,0,0,,,0
09d918a6-bf02-43c0-a6d2-7a0091e5df4b,09d918a6-bf02-43c0-a6d2-7a0091e5df4b,1,Pinstack,,,Heavy Food Preparation,Heavy Food Preparation,food,False,False,op_permit_food,Open,,2017-10-17,635 N CENTRAL EXPY ALLEN TX 75013,False,131506,9,9,FE000365-10-2017,FE006444-10-2025,Annual Renewal Completed,2026-10-22,https://cityofallentx-energovweb.tylerhost.net/apps/selfservice#/operationalPermit/10EB3A90-B8D0-4515-9C59-1AB9EAF7CF4E,22,21,2018-01-25,2025-10-07,3,0,3,91,2025-10-07,22,21,2018-01-25,2025-10-07,3,0,3,91,2025-10-07,0
65b040d2-4457-4776-ab25-9bcb22b106a0,65b040d2-4457-4776-ab25-9bcb22b106a0,1,Pit Commander Barbeque (DYR6862),,,Special Event - Food Establishment,Special Event - Food Establishment,special event,True,False,license_special_event_food,Closed,,2020-08-31,200 E STACY RD ALLEN TX 75002,False,127345,1,0,FESP002091-01-2020,FESP002091-01-2020,Expired,2020-02-10,https://cityofallentx-energovweb.tylerhost.net/apps/selfservice#/businessLicense/bf511e43-26ab-4897-8b8d-96e66cc29284,0,0,,,0,0,0,,,0,0,,,0,0,0,,,0
cd0ba080-6293-4e6d-97c7-a1d15c0a8028,cd0ba080-6293-4e6d-97c7-a1d15c0a8028,1,Pit Commander Barbeque (DYR6862),,,Temporary Food Establishment - Food Establishment,Temporary Food Establishment - Food Establishment,food,True,False,license_food,Closed,2019-09-04,2022-09-01,Plano TX 75093,True,,1,0,FE001746-09-2019,FE001746-09-2019,Expired,2020-09-16,https://cityofallentx-energovweb.tylerhost.net/apps/selfservice#/businessLicense/8033d11b-55c3-438b-a4af-947320fabb63,1,1,2019-09-04,2019-09-04,0,0,0,,,1,1,2019-09-04,2019-09-04,0,0,0,,,0
a3f84971-da07-4ac5-83f8-7a9504eee577,a3f84971-da07-4ac5-83f8-7a9504eee577,1,Pizza Azteca,,,Heavy - Food Establishment,Heavy - Food Establishment,food,False,False,license_food,Closed,2019-05-16,2020-05-05,1206 E MAIN ST  Unit: 111 ALLEN TX 75002,False,126000,1,0,FE001500-05-2019,FE001500-05-2019,Expired,2020-05-01,https://cityofallentx-energovweb.tylerhost.net/apps/selfservice#/businessLicense/4a1a9774-50e9-444e-be67-143f8acd8429,2,2,2019-10-30,2020-04-10,0,0,0,,,2,2,2019-10-30,2020-04-10,0,0,0,,,0
46fe62be-5559-4a58-a6d0-6d566625474e,46fe62be-5559-4a58-a6d0-6d566625474e,1,Pizza Hut,,,Heavy - Food Establishment,Heavy - Food Establishment,food,False,False,license_food,Closed,2017-07-18,2018-06-21,1505 W MCDERMOTT DR  Unit: 150 ALLEN TX 75013,False,113103,1,0,FE000367-10-2017,FE000367-10-2017,Expired,2018-10-18,https://cityofallentx-energovweb.tylerhost.net/apps/selfservice#/businessLicense/e52f3c9e-bf92-4e9f-839a-760ff37e2639,1,1,2018-05-18,2018-05-18,0,0,0,,,1,1,2018-05-18,2018-05-18,0,0,0,,,0
54a00e39-eb04-4578-89cd-66bd695dedc5,54a00e39-eb04-4578-89cd-66bd695dedc5,1,Pizza Hut,,,Heavy - Food Establishment,Heavy - Food Establishment,food,False,False,license_food,Closed,2017-10-26,2018-06-21,1546 E STACY RD Unit: 155 ALLEN TX 75002,False,120989,1,0,FE000578-02-2018,FE000578-02-2018,Expired,2019-02-28,https://cityofallentx-energovweb.tylerhost.net/apps/selfservice#/businessLicense/8f7b55c8-2e9e-4fff-863b-11762bf1e5a6,2,2,2017-10-26,2018-05-01,0,0,0,,,2,2,2017-10-26,2018-05-01,0,0,0,,,0
8ec6e1e7-9df4-4a9f-b7c4-c1f62d02bfb3,8ec6e1e7-9df4-4a9f-b7c4-c1f62d02bfb3,1,Pizza Hut,,,Heavy - Food Establishment,Heavy - Food Establishment | Heavy Food Preparation,food,False,False,license_food | op_permit_food,Closed,2017-05-02,2018-06-21,801 S GREENVILLE AVE Unit: 121 ALLEN TX 75002,False,,2,1,FE000046-04-2017,FE000702-04-2018,Expired,2019-04-15,https://cityofallentx-energovweb.tylerhost.net/apps/selfservice#/businessLicense/04f6b3a6-fff6-4334-bf16-ed22948b2b85,6,6,2018-04-30,2019-01-04,4,0,0,,,6,6,2018-04-30,2019-01-04,4,0,0,,,0
f6409bf8-7cad-4510-b0ae-3d08191eb24a,f6409bf8-7cad-4510-b0ae-3d08191eb24a,1,"Pizza Hut #034931/MTL Foods, LLC",,,Heavy - Food Establishment,Heavy - Food Establishment | Heavy Food Preparation,food,False,False,license_food | op_permit_food,Closed,,2022-07-22,1505 W MCDERMOTT DR Unit: 150 ALLEN TX 75013,False,113103,4,3,FE000870-06-2018,FE003277-09-2021,Expired,2022-06-24,https://cityofallentx-energovweb.tylerhost.net/apps/selfservice#/businessLicense/40b8d06f-8db9-48a1-8820-e3c3bffcfafb,17,15,2018-09-07,2022-03-10,4,0,0,,,17,15,2018-09-07,2022-03-10,4,0,0,,,0
0e79a2a7-6523-4fa1-9ca3-00684021859f,0e79a2a7-6523-4fa1-9ca3-00684021859f,1,"Pizza Hut #034932 dba MTL Foods, LLC",,,Heavy - Food Establishment,Heavy - Food Establishment | Heavy Food Preparation,food,False,False,license_food | op_permit_food,Closed,2018-11-26,2022-07-22,801 S GREENVILLE AVE  Unit: 121 ALLEN TX 75002,False,105676,4,3,FE000872-06-2018,FE003279-09-2021,Expired,2022-06-24,https://cityofallentx-energovweb.tylerhost.net/apps/selfservice#/businessLicense/d7fbcbdd-a1d5-4a8d-9d28-7c7c4a3888d6,11,10,2018-11-26,2022-07-22,2,1,0,,,11,10,2018-11-26,2022-07-22,2,1,0,,,0
84bcb176-c15b-4cfa-a2a2-45581adf1597,84bcb176-c15b-4cfa-a2a2-45581adf1597,1,Pizza Hut #034933,,,Heavy - Food Establishment,Heavy - Food Establishment | Heavy Food Preparation,food,False,False,license_food | op_permit_food,Closed,,2022-07-22,1546 E STACY RD  Unit: 155 ALLEN TX 75002,False,120989,4,3,FE000871-06-2018,FE003316-09-2021,Expired,2022-06-24,https://cityofallentx-energovweb.tylerhost.net/apps/selfservice#/businessLicense/fcdc1030-500f-40c4-b120-43cf19a9b698,7,6,2019-10-07,2022-05-09,0,0,0,,,7,6,2019-10-07,2022-05-09,0,0,0,,,0
ba4c0eb9-4ed7-4d5b-a9b4-9893714fa54f,ba4c0eb9-4ed7-4d5b-a9b4-9893714fa54f,1,Pizza Hut 040467,,,Heavy - Food Establishment,Heavy - Food Establishment | Heavy Food Preparation,food,False,False,license_food | op_permit_food,Closed,,2026-03-02,1505 W MCDERMOTT DR Unit: 150 ALLEN TX 75013,False,113103,4,3,FE003932-07-2022,FE006250-07-2025,Closed,,https://cityofallentx-energovweb.tylerhost.net/apps/selfservice#/businessLicense/0723bd65-72e3-43dd-ab9c-4028bf617fe8,10,9,2023-07-31,2025-12-03,0,0,0,,,10,9,2023-07-31,2025-12-03,0,0,0,,,0
dc5663ff-12ca-4bdb-ada1-9ad053a2315a,dc5663ff-12ca-4bdb-ada1-9ad053a2315a,1,Pizza Hut 040468,,,Heavy - Food Establishment,Heavy - Food Establishment | Heavy Food Preparation,food,False,False,license_food | op_permit_food,Closed,,2026-03-02,801 S GREENVILLE AVE Unit: 121 ALLEN TX 75002,False,105676,4,3,FE003933-07-2022,FE006251-07-2025,Closed,,https://cityofallentx-energovweb.tylerhost.net/apps/selfservice#/businessLicense/0a346ce3-56e9-4472-b22d-5d2bb2c67865,9,8,2023-07-27,2025-07-18,0,0,0,,,9,8,2023-07-27,2025-07-18,0,0,0,,,0
83d4d0da-6993-4bd8-8761-4d09f2a41af9,83d4d0da-6993-4bd8-8761-4d09f2a41af9,1,Pizza Hut 040469,,,Heavy - Food Establishment,Heavy - Food Establishment | Heavy Food Preparation,food,False,False,license_food | op_permit_food,Closed,,2026-03-02,1546 E STACY RD Unit: 155 ALLEN TX 75002,False,120989,4,3,FE003934-07-2022,FE006249-07-2025,Closed,,https://cityofallentx-energovweb.tylerhost.net/apps/selfservice#/businessLicense/b4bad9b0-a63b-4feb-9a02-8a3311b25f51,9,8,2023-05-10,2025-10-15,0,0,0,,,9,8,2023-05-10,2025-10-15,0,0,0,,,0
086ed86d-4067-43fe-87de-48374c2b6a92,086ed86d-4067-43fe-87de-48374c2b6a92,1,Pizza Hut 788498,,,Heavy Food Preparation,Heavy Food Preparation,food,False,False,op_permit_food,Open,,,1505 W McDermott DR Unit: 150 Allen TX 75013,False,,1,1,FE006785-03-2026,FE006785-03-2026,Annual Renewal Completed,2027-03-03,https://cityofallentx-energovweb.tylerhost.net/apps/selfservice#/operationalPermit/E41CC69B-71C5-4366-A872-7ECF4FCA9B13,1,1,2026-06-30,2026-06-30,0,0,0,,,1,1,2026-06-30,2026-06-30,0,0,0,,,0
8d8be0cf-0f28-49d8-b56c-caca176d3ac8,8d8be0cf-0f28-49d8-b56c-caca176d3ac8,1,Pizza Hut 788499,,,Heavy Food Preparation,Heavy Food Preparation,food,False,False,op_permit_food,Open,,,801 S Greenville AV Unit: 121 Allen TX 75002,False,,1,1,FE006784-03-2026,FE006784-03-2026,Active,2027-03-03,https://cityofallentx-energovweb.tylerhost.net/apps/selfservice#/operationalPermit/E882AF12-EAEA-4ED1-975D-EADA93BC911B,1,1,2026-09-27,2026-09-27,0,0,0,,,1,1,2026-09-27,2026-09-27,0,0,0,,,0
9102f754-5966-4391-b02c-c38f18ba9afd,9102f754-5966-4391-b02c-c38f18ba9afd,1,Pizza Hut 788500,,,Heavy Food Preparation,Heavy Food Preparation,food,False,False,op_permit_food,Open,,,1546 E Stacy RD Unit: 155 Allen TX 75002,False,,1,1,FE006782-03-2026,FE006782-03-2026,Active,2027-03-03,https://cityofallentx-energovweb.tylerhost.net/apps/selfservice#/operationalPermit/FEACC046-ADBA-415F-A9B2-A2461DD754C4,1,1,2026-09-27,2026-09-27,0,0,0,,,1,1,2026-09-27,2026-09-27,0,0,0,,,0
94015ff6-9b37-42ec-b98e-e9dce7549499,94015ff6-9b37-42ec-b98e-e9dce7549499,1,Pizza by the Slice-Allen USA,,,Temporary Food Establishment - Food Establishment,Temporary Food Establishment - Food Establishment | Temporary Food Establishments,food,True,False,license_food | op_permit_food,Closed,2017-06-24,2023-07-21,701 ANGEL PKWY ALLEN TX 75002,False,121106,2,1,FE000149-06-2017,FE000898-06-2018,Expired,2018-06-30,https://cityofallentx-energovweb.tylerhost.net/apps/selfservice#/businessLicense/183caada-0bb8-459e-815a-4b38793b9d79,0,0,,,0,0,0,,,0,0,,,0,0,0,,,0
4b105e0a-231d-4b10-8346-f7ac0173345d,4b105e0a-231d-4b10-8346-f7ac0173345d,1,Pizzeria Flora-The Hub,,,Heavy - Food Establishment,Heavy - Food Establishment,food,False,False,license_food,Closed,,2023-10-18,1289 Johnson RD Unit: 2100 Allen TX 75013,False,,1,0,FE004264-01-2023,FE004264-01-2023,Expired,2024-01-30,https://cityofallentx-energovweb.tylerhost.net/apps/selfservice#/businessLicense/aff0669c-4059-4176-8b5a-f90a55998af9,1,1,2023-06-15,2023-06-15,0,0,0,,,1,1,2023-06-15,2023-06-15,0,0,0,,,0
8b3ade2c-94fc-432e-a593-aef4790f5786,8b3ade2c-94fc-432e-a593-aef4790f5786,1,Playa Bowls,,,Light Food Preparation,Light Food Preparation,food,False,False,op_permit_food,Open,,,1480 N CUSTER RD Unit: 150 ALLEN TX 75013,False,122214,1,1,FE006821-03-2026,FE006821-03-2026,Active,2027-04-07,https://cityofallentx-energovweb.tylerhost.net/apps/selfservice#/operationalPermit/66E88FB6-47E7-49FF-AEAC-D959AFD50F61,0,0,,,0,0,0,,,0,0,,,0,0,0,,,0
4c904dc7-0b25-4eb0-ab23-3c4725137d7c,4c904dc7-0b25-4eb0-ab23-3c4725137d7c,1,"Pluckers - Allen, LP",,,Heavy Food Preparation,Heavy Food Preparation,food,False,False,op_permit_food,Open,,,190 E STACY RD B1800 Unit: 1800 ALLEN TX 75002,False,127348,9,9,FE000119-06-2017,FE006107-05-2025,Active,2027-06-11,https://cityofallentx-energovweb.tylerhost.net/apps/selfservice#/operationalPermit/6a7770c2-7a6e-4647-a65e-3cd3fbec716c,12,12,2017-12-19,2026-10-19,0,0,4,92,2025-08-18,12,12,2017-12-19,2026-10-19,0,0,4,92,2025-08-18,0
5a4d0c5a-088d-42ca-a135-cf70be3730df,5a4d0c5a-088d-42ca-a135-cf70be3730df,1,Poboy Place@Cottonwood Crk Chrch,,,Temporary Food Establishment - Food Establishment,Temporary Food Establishment - Food Establishment | Temporary Food Establishments,food,True,False,license_food | op_permit_food,Closed,,2022-11-09,McKinney TX 75070,True,,3,1,FE001084-10-2018,FE001842-10-2019,Expired,2019-10-26,https://cityofallentx-energovweb.tylerhost.net/apps/selfservice#/businessLicense/0ec6af60-4e5d-4e4e-8cb7-cd0ad50c56a3,1,1,2019-10-25,2019-10-25,0,0,0,,,1,1,2019-10-25,2019-10-25,0,0,0,,,0
120da575-8eb7-4675-a8ff-156863d56b16,120da575-8eb7-4675-a8ff-156863d56b16,1,Pokey O's Collin County,,,Temporary Food Establishment - Food Establishment,Ice Cream Truck | Ice Cream Truck - Food Establishment | Temporary Food Establishment - Food Establishment | Temporary Food Establishments,food,True,False,license_food | op_permit_food,Closed,2018-11-26,2022-03-24,701 ANGEL PKWY  ALLEN TX 75002,False,121106,4,2,FE001141-11-2018,FE003058-06-2021,Expired,2021-06-26,https://cityofallentx-energovweb.tylerhost.net/apps/selfservice#/businessLicense/49e6f0d3-af72-47e8-9ebe-276f4aeaf161,4,4,2018-11-26,2021-06-25,0,0,0,,,4,4,2018-11-26,2021-06-25,0,0,0,,,0
93da5bb4-6381-45cb-8c0a-08b9e9a8d061,93da5bb4-6381-45cb-8c0a-08b9e9a8d061,1,Pokey O's Cookies and Ice Cream of Collin County,,,Mobile Construction Site Food Vehicle:,Mobile Construction Site Food Vehicle:,food,True,False,op_permit_food,Closed,,2025-07-07,Roanoke TX 76262,True,,1,1,FE005361-06-2024,FE005361-06-2024,Expired,2025-06-07,https://cityofallentx-energovweb.tylerhost.net/apps/selfservice#/operationalPermit/F59C85A5-C472-4075-A07B-4CE02117F0FE,1,1,2024-06-07,2024-06-07,0,0,0,,,1,1,2024-06-07,2024-06-07,0,0,0,,,0
aaad0b99-1b04-4761-b915-3f478f5dbe79,aaad0b99-1b04-4761-b915-3f478f5dbe79,1,Pokey O's Holly Jolly,,,Special Event - Food Establishment,Special Event - Food Establishment,special event,True,False,license_special_event_food,Closed,2019-12-06,2021-12-29,300 N ALLEN DR ALLEN TX 75013,False,100374,1,0,FESP001883-11-2019,FESP001883-11-2019,Expired,2019-12-06,https://cityofallentx-energovweb.tylerhost.net/apps/selfservice#/businessLicense/91757f2e-e307-46b5-b8fa-0684774d8ed2,1,1,2019-12-06,2019-12-06,0,0,0,,,1,1,2019-12-06,2019-12-06,0,0,0,,,0
822e9a6d-2559-43a0-8880-3ed55a32b65f,822e9a6d-2559-43a0-8880-3ed55a32b65f,1,Popcorn Stand North @ CUTX,,,Light - Food Establishment,Light - Food Establishment | Light Food Preparation,food,False,False,license_food | op_permit_food,Closed,,2024-10-15,200 E Stacy RD Unit: 1350 Allen TX 75013,False,,2,1,FE003958-07-2022,FE004698-07-2023,Expired,2024-08-09,https://cityofallentx-energovweb.tylerhost.net/apps/selfservice#/businessLicense/43eed09f-b589-42c5-befb-b20554259ea7,1,1,2024-06-26,2024-06-26,0,0,0,,,1,1,2024-06-26,2024-06-26,0,0,0,,,0
83c9b3dc-9762-418e-9c98-438d77c63df9,83c9b3dc-9762-418e-9c98-438d77c63df9,1,Popcorn Stand South@ CUTX,,,Light Food Preparation,Light Food Preparation,food,False,False,op_permit_food,Closed,2019-08-12,2024-10-15,200 E STACY RD 1350 ALLEN TX 75002,False,127345,8,8,FE000231-08-2017,FE005660-10-2024,Expired,2025-08-09,https://cityofallentx-energovweb.tylerhost.net/apps/selfservice#/operationalPermit/2D0B9953-D219-44F0-9E5A-BC119DA0C52B,7,7,2018-01-15,2024-06-26,0,0,0,,,7,7,2018-01-15,2024-06-26,0,0,0,,,0
c04b5af9-9a65-4a59-82fb-3f8099ede543,c04b5af9-9a65-4a59-82fb-3f8099ede543,1,Popeye's Louisiana Kitchen,,,Heavy Food Preparation,Heavy Food Preparation,food,False,False,op_permit_food,Open,,,340 E Bethany DR Allen TX 75002,False,,4,4,FE003793-05-2022,FE006072-04-2025,Active,2027-05-17,https://cityofallentx-energovweb.tylerhost.net/apps/selfservice#/operationalPermit/4001164f-b268-40be-a691-c9252ced6d67,13,13,2022-08-15,2026-12-02,0,0,0,,,13,13,2022-08-15,2026-12-02,0,0,0,,,0
316667be-d46f-4fa6-a15f-d22ceea1f107,316667be-d46f-4fa6-a15f-d22ceea1f107,1,Popshelf Store# 24335,,,No Food Preparation,No Food Preparation | No Prep - Food Establishment,food,False,False,license_food | op_permit_food,Closed,,2025-05-21,170 E Stacey RD Unit: 2314 Allen TX 75002,False,,4,3,FE003797-05-2022,FE005346-05-2024,Expired,2025-05-20,https://cityofallentx-energovweb.tylerhost.net/apps/selfservice#/operationalPermit/ADA5AC84-8FEC-4104-B298-4645F94F22FB,5,5,2022-05-23,2024-06-28,0,0,1,97,2023-06-12,5,5,2022-05-23,2024-06-28,0,0,1,97,2023-06-12,0
599a9610-f4ed-4003-b3f0-4948fef4776b,599a9610-f4ed-4003-b3f0-4948fef4776b,1,Port Of Peri Peri,,,Special Event - Food Establishment,Special Event - Food Establishment,special event,True,False,license_special_event_food,Closed,2019-10-28,2019-10-28,909 ALLEN CENTRAL DR ALLEN TX 75013,False,129235,1,0,FESP001838-10-2019,FESP001838-10-2019,Expired,2019-10-27,https://cityofallentx-energovweb.tylerhost.net/apps/selfservice#/businessLicense/efe30fb7-c563-474d-9d01-f550844756cb,1,1,2019-10-28,2019-10-28,0,0,0,,,1,1,2019-10-28,2019-10-28,0,0,0,,,0
6f8b9c9e-a774-495d-a989-82e72eba873a,6f8b9c9e-a774-495d-a989-82e72eba873a,1,Portillo's,,,Heavy Food Preparation,Heavy Food Preparation,food,False,False,op_permit_food,Open,,,1955 Central Expy N Allen TX 75002,False,,3,3,FE004755-08-2023,FE-007065-08-2026,Annual Renewal Completed,2027-08-08,https://cityofallentx-energovweb.tylerhost.net/apps/selfservice#/operationalPermit/01d30034-4ea7-4d9a-bd5b-50b0de661d1d,6,6,2023-11-13,2025-07-15,0,0,0,,,6,6,2023-11-13,2025-07-15,0,0,0,,,0
902cfca5-9cd4-4f60-a867-bb53b953b248,902cfca5-9cd4-4f60-a867-bb53b953b248,1,Portillo's Food Truck (Beef Bus),,,Mobile Food Establishment,Mobile Food Establishment,food,True,False,op_permit_food,Closed,2025-06-12,2026-06-15,Oak Brook IL 60523,True,,1,1,FE006174-06-2025,FE006174-06-2025,Closed,,https://cityofallentx-energovweb.tylerhost.net/apps/selfservice#/operationalPermit/E5A87EE0-9BF9-426F-B763-F58D4874221A,1,1,2025-06-12,2025-06-12,0,0,0,,,1,1,2025-06-12,2025-06-12,0,0,0,,,0
a0bd71ba-5e49-479b-852a-bf894758e07c,a0bd71ba-5e49-479b-852a-bf894758e07c,1,Portillo's Hot Dog 078H,,,Mobile Food Prep Unit - Food Establishment,Mobile Food Prep Unit - Food Establishment,food,True,False,license_food,Closed,,2024-07-23,OAK Brook IL,True,,1,0,FE004725-07-2023,FE004725-07-2023,Expired,2024-07-20,https://cityofallentx-energovweb.tylerhost.net/apps/selfservice#/businessLicense/20f6d493-3784-4897-9ca1-0ac93a263fa3,2,1,2023-07-20,2023-07-20,0,0,0,,,2,1,2023-07-20,2023-07-20,0,0,0,,,0
d6f7c0fb-5eba-4fe0-ad36-47212b8493f6,d6f7c0fb-5eba-4fe0-ad36-47212b8493f6,1,"Portillo's Hot Dogs, LLC",,,Heavy - Food Establishment,Heavy - Food Establishment,food,False,False,license_food,Closed,2023-08-04,2023-08-08,1955 Central Expy N Allen TX 75002,False,,1,0,FE004750-08-2023,FE004750-08-2023,Expired,2024-08-04,https://cityofallentx-energovweb.tylerhost.net/apps/selfservice#/businessLicense/555ea235-8c05-45fb-ad09-5c8cf8a22da7,0,0,,,0,0,0,,,0,0,,,0,0,0,,,0
001a081a-d4a3-4b49-9af6-60ea1cd51571,001a081a-d4a3-4b49-9af6-60ea1cd51571,1,"Post Acute Medical at Allen, LLC",,,Heavy Food Preparation,Heavy Food Preparation,food,False,False,op_permit_food,Open,2017-11-08,,1001 RAINTREE CIR  ALLEN TX 75013,False,126016,9,9,FE000249-08-2017,FE-007099-08-2026,Annual Renewal Completed,2027-08-16,https://cityofallentx-energovweb.tylerhost.net/apps/selfservice#/operationalPermit/ed9c00be-575f-4fe4-988b-7f19c98f8861,21,21,2017-11-08,2026-03-18,2,0,6,92,2025-11-18,21,21,2017-11-08,2026-03-18,2,0,6,92,2025-11-18,0
393b40ec-5c9e-4960-bd51-46f98c6effa3,393b40ec-5c9e-4960-bd51-46f98c6effa3,1,Premium Goods Inc.,,,Concession Stand,Concession Stand,food,False,False,op_permit_food,Open,,,820 W STACY RD 1 ALLEN TX 75013,False,120610,1,1,FE000193-07-2017,FE000193-07-2017,Expired,2999-01-01,https://cityofallentx-energovweb.tylerhost.net/apps/selfservice#/operationalPermit/82DD16DB-35C5-4AA0-A151-65D3EDCC1537,0,0,,,0,0,0,,,0,0,,,0,0,0,,,0
7d2f261b-ffca-4f97-9c51-61837fb9fa5a,7d2f261b-ffca-4f97-9c51-61837fb9fa5a,1,Premium Level Club @ AEC,,,Heavy - Food Establishment,Heavy - Food Establishment | Heavy Food Preparation,food,False,False,license_food | op_permit_food,Closed,2019-08-12,2021-09-13,200 E STACY RD 1350 ALLEN TX 75002,False,127345,4,3,FE000230-08-2017,FE002464-08-2020,Expired,2021-08-06,https://cityofallentx-energovweb.tylerhost.net/apps/selfservice#/businessLicense/d73f5118-c308-4387-8a98-a2a69770f225,5,5,2018-01-15,2021-06-17,0,0,0,,,5,5,2018-01-15,2021-06-17,0,0,0,,,0
5f178068-ac40-470c-96c6-9cf89f45a1e5,5f178068-ac40-470c-96c6-9cf89f45a1e5,1,Preston Elementary - Allen ISD,,,Heavy Food Preparation,Heavy Food Preparation | Special Event - Food Establishment,food,False,False,license_special_event_food | op_permit_food,Open,2017-10-06,,2455 HILLIARD DR ALLEN TX 75013,False,,10,9,FE000247-08-2017,FE-006992-07-2026,Active,,https://cityofallentx-energovweb.tylerhost.net/apps/selfservice#/operationalPermit/87f22c5d-5fa8-46c8-b764-9fd36a5c44c8,19,18,2017-10-06,2026-11-02,0,0,6,98,2026-05-01,19,18,2017-10-06,2026-11-02,0,0,6,98,2026-05-01,0
a1214aba-1391-40df-838c-6668ca4fa884,a1214aba-1391-40df-838c-6668ca4fa884,1,Pride Food Store,,,Light Food Preparation,Light Food Preparation,food,False,False,op_permit_food,Open,2017-07-11,,801 S GREENVILLE AVE Unit: 100 ALLEN TX 75002,False,105676,9,9,FE000064-05-2017,FE006127-05-2025,Expired,2026-05-07,https://cityofallentx-energovweb.tylerhost.net/apps/selfservice#/operationalPermit/1DF6A71E-2A0B-4DA7-8B7E-8E6542B61C38,16,15,2018-07-06,2027-05-07,2,0,2,96,2024-12-18,16,15,2018-07-06,2027-05-07,2,0,2,96,2024-12-18,0
99756a1e-7ea0-4d93-9084-954f7900d414,99756a1e-7ea0-4d93-9084-954f7900d414,2,Primrose School of East Allen,,,Day Care Facility,Day Care Facility,day care,False,False,op_permit_daycare,Closed,2017-11-30,2024-08-21,1604 E EXCHANGE PKWY ALLEN TX 75002,False,127058,6,6,DC000417-11-2017,DC004470-03-2023,Annual Renewal Completed,2024-04-13,https://cityofallentx-energovweb.tylerhost.net/apps/selfservice#/operationalPermit/7E335B1D-8456-4EBB-9871-8854F366BE17,11,11,2017-11-30,2023-12-14,0,0,0,,,14,14,2017-11-30,2026-09-27,0,0,0,,,0
cd0f94ee-7957-4050-acb3-062c8a2a3020,99756a1e-7ea0-4d93-9084-954f7900d414,2,Primrose School of East Allen,,,Day Care Facility,Day Care Facility,day care,False,False,op_permit_daycare,Open,,,1604 E Exchange Pkwy Allen TX 75002,False,,2,2,DC005637-10-2024,DC006490-11-2025,Pending Payment,2999-01-01,https://cityofallentx-energovweb.tylerhost.net/apps/selfservice#/operationalPermit/726323b5-96a5-4556-a924-a9710c9ecc5f,3,3,2025-03-18,2026-09-27,0,0,0,,,14,14,2017-11-30,2026-09-27,0,0,0,,,0
68de0b5e-9d8e-41e0-8442-bcfe55259c08,68de0b5e-9d8e-41e0-8442-bcfe55259c08,1,Primrose School of West Allen,,,Day Care Facility,Day Care Facility,day care,False,False,op_permit_daycare,Open,2017-09-13,,106 TATUM DR ALLEN TX 75013,False,112665,9,9,DC000473-01-2018,DC006545-12-2025,Annual Renewal Completed,2027-01-13,https://cityofallentx-energovweb.tylerhost.net/apps/selfservice#/operationalPermit/B03BE670-AC49-41F0-A9DE-8A0F58579326,16,15,2017-09-13,2026-10-20,2,0,0,,,16,15,2017-09-13,2026-10-20,2,0,0,,,0
391f93c7-5409-4cf0-a05a-dc9ddb5a41c0,391f93c7-5409-4cf0-a05a-dc9ddb5a41c0,1,Provi Supply,,,No Prep - Food Establishment,No Prep - Food Establishment,food,False,False,license_food,Closed,,2022-09-09,204 N GREENVILLE AVE Unit: 124 ALLEN TX 75002,False,,1,0,FE003286-09-2021,FE003286-09-2021,Expired,2022-09-13,https://cityofallentx-energovweb.tylerhost.net/apps/selfservice#/businessLicense/250f31a4-9dbf-4a48-81c9-2f83e668f196,1,1,2021-09-15,2021-09-15,0,0,0,,,1,1,2021-09-15,2021-09-15,0,0,0,,,0
af7a207a-9664-4011-961d-5a39f1eb8588,af7a207a-9664-4011-961d-5a39f1eb8588,1,QTee Pies,,,Heavy Food Preparation,Heavy Food Preparation,food,False,False,op_permit_food,Open,,,2035 W McDermott DR Unit: 480 Allen TX 75013,False,,4,4,FE004041-09-2022,FE006396-09-2025,Expired,2026-09-13,https://cityofallentx-energovweb.tylerhost.net/apps/selfservice#/operationalPermit/BBC2E1CA-75AF-493E-9A1D-3DA4A1D478DC,5,4,2022-12-20,2025-07-14,0,0,0,,,5,4,2022-12-20,2025-07-14,0,0,0,,,0
038f4f67-e39f-41c4-9469-b1127660ec92,038f4f67-e39f-41c4-9469-b1127660ec92,1,Qamaria Yemeni Coffee Co.,,,Special Event - Food Establishment,Special Event - Food Establishment,special event,True,False,license_special_event_food,Closed,2023-03-18,2023-03-18,Mansfield TX 76063,True,,1,0,FESP004423-03-2023,FESP004423-03-2023,Expired,2023-03-18,https://cityofallentx-energovweb.tylerhost.net/apps/selfservice#/businessLicense/f8565dad-fd72-4c23-af70-8743fd337dc8,0,0,,,0,0,0,,,0,0,,,0,0,0,,,0
4d6a60a2-216e-4387-9a32-031db097e4a4,4d6a60a2-216e-4387-9a32-031db097e4a4,1,Quality Inn Allen- Plano East,,,Light Food Preparation,Light Food Preparation,food,False,False,op_permit_food,Open,,,407 Central Expy S Allen TX 75013,False,,1,1,FE006282-07-2025,FE006282-07-2025,Expired,2026-07-23,https://cityofallentx-energovweb.tylerhost.net/apps/selfservice#/operationalPermit/D02FC9FE-D58F-4305-A16D-76B527BAA546,0,0,,,0,0,0,,,0,0,,,0,0,0,,,0
c83009e0-6f67-4cb4-b1d8-020fd15b3033,c83009e0-6f67-4cb4-b1d8-020fd15b3033,1,Quality Inn/Pool,,,Light - Food Establishment,Light - Food Establishment | Light Food Preparation,food,False,False,license_food | op_permit_food,Closed,2017-10-02,2025-07-09,407 S CENTRAL EXPY ALLEN TX 75013,False,110864,2,1,FE001452-04-2019,FE002213-03-2020,Expired,2021-02-01,https://cityofallentx-energovweb.tylerhost.net/apps/selfservice#/businessLicense/415a2cc4-77ef-40cb-987c-1b51c3caa0c4,9,9,2017-10-02,2020-08-06,2,0,0,,,9,9,2017-10-02,2020-08-06,2,0,0,,,0
50f39cad-878e-4c7e-b0e0-b050fe85de11,50f39cad-878e-4c7e-b0e0-b050fe85de11,1,QuikTrip - #926,,,Heavy Food Preparation,Heavy Food Preparation,food,False,False,op_permit_food,Open,2019-05-07,,450 E BETHANY DR  ALLEN TX 75002,False,132433,8,8,FE001381-03-2019,FE006689-02-2026,Annual Renewal Completed,2027-03-12,https://cityofallentx-energovweb.tylerhost.net/apps/selfservice#/operationalPermit/7B4406EF-67AE-4772-B686-4A08D09C9910,20,20,2019-05-08,2026-09-27,6,0,4,93,2025-12-09,20,20,2019-05-08,2026-09-27,6,0,4,93,2025-12-09,0
3c7a5497-ead2-47ca-9ebc-4fa6484f2cb0,3c7a5497-ead2-47ca-9ebc-4fa6484f2cb0,1,Quiktrip #1909,,,Heavy Food Preparation,Heavy Food Preparation,food,False,False,op_permit_food,Open,,,802 W MCDERMOTT DR ALLEN TX 75013,False,114429,7,7,FE002205-03-2020,FE006690-02-2026,Annual Renewal Completed,2027-03-21,https://cityofallentx-energovweb.tylerhost.net/apps/selfservice#/operationalPermit/FDBC2BB9-845E-417E-B020-E3243A819521,13,13,2020-06-03,2026-09-30,0,0,5,93,2026-03-10,13,13,2020-06-03,2026-09-30,0,0,5,93,2026-03-10,0
b61426e7-a18e-4b88-8766-dc44a0b878ba,b61426e7-a18e-4b88-8766-dc44a0b878ba,1,R&J Vending Allen Stn Baseball,,,Concession Stand - Food Establishment,Concession Stand | Concession Stand - Food Establishment,food,False,False,license_food | op_permit_food,Closed,,2024-02-15,Plano TX 75074,True,,6,4,FE001569-06-2019,FE004901-10-2023,Expired,2024-09-17,https://cityofallentx-energovweb.tylerhost.net/apps/selfservice#/businessLicense/b2803c2c-efb8-4aa5-8dc5-a790c6bcda6c,3,3,2019-07-08,2021-03-12,0,0,0,,,3,3,2019-07-08,2021-03-12,0,0,0,,,0
34239564-8c2a-4279-b43f-0dda868d9de4,34239564-8c2a-4279-b43f-0dda868d9de4,1,R&J Vending Allen Stn Softball,,,Concession Stand - Food Establishment,Concession Stand | Concession Stand - Food Establishment,food,False,False,license_food | op_permit_food,Closed,,2024-02-15,Plano TX 75074,True,,6,4,FE001570-06-2019,FE004904-10-2023,Expired,2024-09-17,https://cityofallentx-energovweb.tylerhost.net/apps/selfservice#/businessLicense/d116ba60-161c-4ea3-95d2-7e3c25dfbbbb,3,3,2019-07-08,2021-04-12,0,0,0,,,3,3,2019-07-08,2021-04-12,0,0,0,,,0
962994a4-b9b1-4f26-9a3d-691696015b96,962994a4-b9b1-4f26-9a3d-691696015b96,1,R&J Vending Bolin Twin Creeks,,,Concession Stand - Food Establishment,Concession Stand | Concession Stand - Food Establishment,food,False,False,license_food | op_permit_food,Closed,,2024-02-15,1610 W MCDERMOTT DR  ALLEN TX 75013,False,122716,6,5,FE001572-06-2019,FE004902-10-2023,Expired,2024-09-17,https://cityofallentx-energovweb.tylerhost.net/apps/selfservice#/businessLicense/6aab90f4-d10f-4554-bb15-2d9abb17a585,4,3,2019-07-08,2021-03-12,0,0,0,,,4,3,2019-07-08,2021-03-12,0,0,0,,,0
644b8a46-e68b-4439-8c6c-b0ff6d1ffaa5,644b8a46-e68b-4439-8c6c-b0ff6d1ffaa5,1,R&J Vending Celebration/Baseball,,,Concession Stand - Food Establishment,Concession Stand | Concession Stand - Food Establishment,food,False,False,license_food | op_permit_food,Closed,,2024-02-15,701 N ANGEL PKWY ALLEN TX 75002,False,121106,6,5,FE001574-06-2019,FE004919-11-2023,Expired,2024-09-17,https://cityofallentx-energovweb.tylerhost.net/apps/selfservice#/businessLicense/bbd6f99b-dbc4-4570-af83-e73286d24187,6,3,2019-07-08,2021-03-12,0,0,0,,,6,3,2019-07-08,2021-03-12,0,0,0,,,0
13b852a0-e143-4850-8cd5-1076a92e7bfd,13b852a0-e143-4850-8cd5-1076a92e7bfd,1,R&J Vending Celebration/Soccer,,,Concession Stand - Food Establishment,Concession Stand | Concession Stand - Food Establishment,food,False,False,license_food | op_permit_food,Closed,,2024-02-15,701 N ANGEL PKWY ALLEN TX 75002,False,121106,6,5,FE001573-06-2019,FE004903-10-2023,Expired,2024-09-17,https://cityofallentx-energovweb.tylerhost.net/apps/selfservice#/businessLicense/6f9cd06e-b228-4a2c-8111-e878385c2ca8,3,3,2019-07-08,2021-03-12,0,0,0,,,3,3,2019-07-08,2021-03-12,0,0,0,,,0
2a41e7b6-8d2b-4f4c-9085-85781518de64,2a41e7b6-8d2b-4f4c-9085-85781518de64,1,RaceTrac # 236,,,Heavy Food Preparation,Heavy Food Preparation,food,False,False,op_permit_food,Open,2017-10-02,,840 W STACY RD  ALLEN TX 75013,False,127849,9,9,FE000440-12-2017,FE006532-12-2025,Active,2026-12-11,https://cityofallentx-energovweb.tylerhost.net/apps/selfservice#/operationalPermit/92CACC02-9047-46CC-9FC2-1D13F9FC2190,18,17,2017-10-02,2026-11-30,2,0,4,84,2025-09-22,18,17,2017-10-02,2026-11-30,2,0,4,84,2025-09-22,0
e7b1a38f-b01d-4808-a1e1-1ab1517bfc75,e7b1a38f-b01d-4808-a1e1-1ab1517bfc75,1,RaceTrac #93,,,Heavy Food Preparation,Heavy Food Preparation | Light Food Preparation,food,False,False,op_permit_food,Open,2017-07-31,,379 E BETHANY DR ALLEN TX 75002,False,127739,8,8,FE000215-07-2017,FE-007094-08-2026,Annual Renewal Completed,2027-09-07,https://cityofallentx-energovweb.tylerhost.net/apps/selfservice#/operationalPermit/aa032901-0c73-4743-beef-103ff1d99e90,17,17,2018-08-02,2026-11-16,2,0,4,94,2025-09-23,17,17,2018-08-02,2026-11-16,2,0,4,94,2025-09-23,0
39b1a107-014b-4f66-b796-6837418ceff8,39b1a107-014b-4f66-b796-6837418ceff8,1,Racetrac Petroleum #2339,,,Heavy Food Preparation,Heavy Food Preparation,food,False,False,op_permit_food,Open,2017-08-21,,840 W EXCHANGE PKWY  ALLEN TX 75013,False,129170,9,9,FE000765-05-2018,FE006841-04-2026,Annual Renewal Completed,2027-05-09,https://cityofallentx-energovweb.tylerhost.net/apps/selfservice#/operationalPermit/3DA41252-7A15-4544-9067-61C6D0BE04ED,16,16,2018-10-30,2027-01-04,1,0,4,90,2025-08-18,16,16,2018-10-30,2027-01-04,1,0,4,90,2025-08-18,0
5dcdaad7-00dd-4e22-b9d7-c3e5fe210fa0,5dcdaad7-00dd-4e22-b9d7-c3e5fe210fa0,2,Radha Krishna Temple,,,Heavy - Food Establishment,Heavy - Food Establishment,food,False,False,license_food,Closed,,2026-05-15,1450 N WATTERS RD ALLEN TX 75013,False,,1,0,FE003754-04-2022,FE003754-04-2022,Closed,,https://cityofallentx-energovweb.tylerhost.net/apps/selfservice#/businessLicense/183fb36d-9d04-4c95-9c6e-ca94f3f2ec51,0,0,,,0,0,0,,,0,0,,,0,0,0,,,0
df41b369-b175-4f36-8d54-0152749bc8ef,5dcdaad7-00dd-4e22-b9d7-c3e5fe210fa0,2,Radha Krishna Temple,,,Heavy Food Preparation,Heavy Food Preparation,food,False,False,op_permit_food,Open,,,1450 N Watters RD Allen TX 75013,False,,1,1,FE-006880-05-2026,FE-006880-05-2026,Active,2027-05-06,https://cityofallentx-energovweb.tylerhost.net/apps/selfservice#/operationalPermit/4871c60d-1547-4625-baf8-a35174bd8e87,0,0,,,0,0,0,,,0,0,,,0,0,0,,,0
16e72f3e-c846-4a27-92be-ed09fa7de83d,16e72f3e-c846-4a27-92be-ed09fa7de83d,1,Radha Krishna Temple Cultural Center,,,No Prep - Food Establishment,No Prep - Food Establishment,food,False,False,license_food,Closed,,2026-05-15,1450B N Watters RD Allen TX 75013,False,,1,0,FE003759-04-2022,FE003759-04-2022,Closed,,https://cityofallentx-energovweb.tylerhost.net/apps/selfservice#/businessLicense/a17f7d1d-26d3-4761-8776-1d97838b03ac,0,0,,,0,0,0,,,0,0,,,0,0,0,,,0
10478413-70ae-4300-96fa-bca67fb181a8,10478413-70ae-4300-96fa-bca67fb181a8,2,Rainbow Donuts,,,Heavy - Food Establishment,Heavy - Food Establishment | Heavy Food Preparation,food,False,False,license_food | op_permit_food,Closed,,2022-10-26,803 E MAIN ST Unit: G ALLEN TX 75002,False,105858,5,4,FE000710-04-2018,FE003745-04-2022,Expired,2023-04-23,https://cityofallentx-energovweb.tylerhost.net/apps/selfservice#/businessLicense/f7915b1b-7b36-4482-aa79-d07aad27b6bb,8,7,2018-08-28,2022-02-02,1,0,0,,,13,10,2018-08-28,2023-11-16,2,0,1,83,2023-11-06,0
11b921d7-6581-4e7c-945a-f872dec8b4db,10478413-70ae-4300-96fa-bca67fb181a8,2,Rainbow Donuts,,,Heavy - Food Establishment,Heavy - Food Establishment | Heavy Food Preparation,food,False,False,license_food | op_permit_food,Closed,2022-10-24,2024-08-19,803 E Main ST Unit: G Allen TX 75002,False,,2,1,FE004137-10-2022,FE004929-11-2023,Expired,2024-11-08,https://cityofallentx-energovweb.tylerhost.net/apps/selfservice#/businessLicense/3fd44711-55f3-4cef-bcd6-befcc72fb65c,5,3,2023-06-27,2023-11-16,1,0,1,83,2023-11-06,13,10,2018-08-28,2023-11-16,2,0,1,83,2023-11-06,0
aba96523-dca6-4c11-9945-67dafb53b09b,aba96523-dca6-4c11-9945-67dafb53b09b,2,Raising Cane's,,,Heavy Food Preparation,Heavy Food Preparation,food,False,False,op_permit_food,Open,,,190 E STACY RD 800 ALLEN TX 75002,False,127337,8,8,FE000825-05-2018,FE-006902-06-2026,Active,2027-06-05,https://cityofallentx-energovweb.tylerhost.net/apps/selfservice#/operationalPermit/1849ee47-1f55-4909-b32e-a040c4cc36da,18,18,2018-01-02,2025-10-21,2,0,5,97,2025-10-21,18,18,2018-01-02,2025-10-21,2,0,5,97,2025-10-21,0
fd87afcf-b355-4ff1-8ce6-54d898a69a70,aba96523-dca6-4c11-9945-67dafb53b09b,2,Raising Cane's,,,Temporary Food Establishment - Food Establishment,Temporary Food Establishment - Food Establishment,food,True,False,license_food,Closed,2023-05-13,2023-05-13,190 E Stacy RD Unit: 800 Allen TX 75002,False,,1,0,FE004535-04-2023,FE004535-04-2023,Expired,2023-05-13,https://cityofallentx-energovweb.tylerhost.net/apps/selfservice#/businessLicense/33fd9f3a-1294-4d6b-8961-26ace5c9c1d5,0,0,,,0,0,0,,,18,18,2018-01-02,2025-10-21,2,0,5,97,2025-10-21,0
847136e7-4f69-49b9-bd8e-7af905249b99,847136e7-4f69-49b9-bd8e-7af905249b99,2,Rajula's Indian Kitchen LLC,,,Temporary Food Establishment - Food Establishment,Temporary Food Establishment - Food Establishment,food,True,False,license_food,Closed,2023-06-02,2023-06-02,Plano TX 75023,True,,1,0,FE004587-05-2023,FE004587-05-2023,Expired,2023-06-02,https://cityofallentx-energovweb.tylerhost.net/apps/selfservice#/businessLicense/a7e9ecb1-a849-47b5-90d2-4ee6e72ac6a9,0,0,,,0,0,0,,,0,0,,,0,0,0,,,0
c796c3e5-f86d-4781-acb4-13a1d923acb7,847136e7-4f69-49b9-bd8e-7af905249b99,2,Rajula's Indian Kitchen LLC,,,Temporary Food Establishment - Food Establishment,Temporary Food Establishment - Food Establishment,food,True,False,license_food,Closed,2023-06-02,2023-06-02,Plano TX 75023,True,,1,0,FE004588-05-2023,FE004588-05-2023,Expired,2023-06-02,https://cityofallentx-energovweb.tylerhost.net/apps/selfservice#/businessLicense/1322f84e-ab6b-4470-a59e-0171bde9197a,0,0,,,0,0,0,,,0,0,,,0,0,0,,,0
983b4b03-8d2d-426b-93c1-1bee59c73e0e,983b4b03-8d2d-426b-93c1-1bee59c73e0e,1,Rajulas Kitchen,,,Temporary Food Establishments,Temporary Food Establishments,food,True,False,op_permit_food,Open,,,200 E. Stacy RD Unit: 1350 ALLEN TX 75023,False,,1,1,FESP006405-09-2025,FESP006405-09-2025,Closed,,https://cityofallentx-energovweb.tylerhost.net/apps/selfservice#/operationalPermit/69F9AED0-379D-43D8-BEA2-3668F2751E88,0,0,,,0,0,0,,,0,0,,,0,0,0,,,0
b7dcf7b9-1704-4c04-8926-b45c20a62c6b,b7dcf7b9-1704-4c04-8926-b45c20a62c6b,1,Ramen Hakata,,,Heavy Food Preparation,Heavy Food Preparation,food,False,False,op_permit_food,Open,2019-05-20,,327 S CENTRAL EXPY ALLEN TX 75013,False,110859,8,8,FE001341-02-2019,FE006629-01-2026,Annual Renewal Completed,2027-02-22,https://cityofallentx-energovweb.tylerhost.net/apps/selfservice#/operationalPermit/67A9C367-6587-4CA0-9A88-AC3C64EEC0B7,23,23,2019-06-06,2026-09-27,11,0,3,80,2025-01-22,23,23,2019-06-06,2026-09-27,11,0,3,80,2025-01-22,0
99c4de25-302c-4430-b1d3-2413740a5f25,99c4de25-302c-4430-b1d3-2413740a5f25,1,Ramy's Mart,,,Heavy Food Preparation,Heavy Food Preparation,food,False,False,op_permit_food,Open,2017-07-14,,406 E MAIN ST Allen TX 75002,False,113101,9,9,FE000400-11-2017,FE006487-11-2025,Annual Renewal Completed,2026-11-07,https://cityofallentx-energovweb.tylerhost.net/apps/selfservice#/operationalPermit/B8D704B3-3118-4A27-90B9-2FA2861A97DD,19,19,2018-08-27,2026-09-27,7,0,4,82,2026-04-02,19,19,2018-08-27,2026-09-27,7,0,4,82,2026-04-02,0
93c0beb8-0492-4549-932d-f1e6a3bbb17b,93c0beb8-0492-4549-932d-f1e6a3bbb17b,1,Read Institute of Texas,,,Day Care Facility,Day Care Facility,day care,False,False,op_permit_daycare,Closed,2019-02-05,2021-07-02,716 E MAIN ST ALLEN TX 75002,False,100096,8,8,DC000103-05-2017,DC005748-12-2024,Expired,2025-05-25,https://cityofallentx-energovweb.tylerhost.net/apps/selfservice#/operationalPermit/131D20C2-F094-45FC-96BE-388C42814168,10,8,2018-02-26,2024-12-09,2,0,0,,,10,8,2018-02-26,2024-12-09,2,0,0,,,0
43937e64-65cf-45dd-a3b2-98f4bd9a4ab9,43937e64-65cf-45dd-a3b2-98f4bd9a4ab9,1,Red Hot,,,Heavy Food Preparation,Heavy Food Preparation,food,False,False,op_permit_food,Open,,,975 SH 121 Unit: 100 Allen TX 75013,False,,1,1,FE-006961-07-2026,FE-006961-07-2026,Annual Renewal Completed,2027-06-16,https://cityofallentx-energovweb.tylerhost.net/apps/selfservice#/operationalPermit/4743bf69-071c-4c80-a721-ce5a960804db,3,3,2025-09-11,2026-09-27,1,0,1,77,2025-09-11,3,3,2025-09-11,2026-09-27,1,0,1,77,2025-09-11,0
55f2833c-0304-4c35-b6ab-c4b9a1eb706e,55f2833c-0304-4c35-b6ab-c4b9a1eb706e,1,Reddy Vineyards,,,Temporary Food Establishment - Food Establishment,Temporary Food Establishment - Food Establishment,food,True,False,license_food,Open,2023-05-13,2023-05-13,Brownfield TX 79316,True,,1,0,FE004548-04-2023,FE004548-04-2023,Expired,2023-05-13,https://cityofallentx-energovweb.tylerhost.net/apps/selfservice#/businessLicense/c1e80825-3ee4-4fe4-bffd-6cb2e35d9a97,0,0,,,0,0,0,,,0,0,,,0,0,0,,,0
9580f755-e56c-4a6e-8b0d-4ab160634880,9580f755-e56c-4a6e-8b0d-4ab160634880,1,Reed Elementary School - Allen ISD,,,Heavy Food Preparation,Heavy Food Preparation,food,False,False,op_permit_food,Open,2017-09-20,,1200 RIVERCREST BLVD ALLEN TX 75002,False,106199,9,9,FE000321-09-2017,FE-006991-07-2026,Active,,https://cityofallentx-energovweb.tylerhost.net/apps/selfservice#/operationalPermit/620981a2-484a-4689-8542-591c50a05cfb,15,15,2018-09-14,2026-03-12,0,0,0,,,15,15,2018-09-14,2026-03-12,0,0,0,,,0
9ae2a68b-90c4-4d3c-a371-d74c7c4f3625,9ae2a68b-90c4-4d3c-a371-d74c7c4f3625,1,"Retail Sport's Marketing, Inc / JX-8540",,,Special Event - Food Establishment,Special Event - Food Establishment,special event,True,False,license_special_event_food,Closed,2024-08-23,2025-03-17,730 W Exchange Pkwy Allen TX 75013,False,,1,0,FESP005519-08-2024,FESP005519-08-2024,Expired,2024-08-23,https://cityofallentx-energovweb.tylerhost.net/apps/selfservice#/businessLicense/5ca11499-d8a8-42bf-8836-01dc49d4f5c9,0,0,,,0,0,0,,,0,0,,,0,0,0,,,0
4b9b2354-ec92-4ee4-89af-8f81357dffe6,4b9b2354-ec92-4ee4-89af-8f81357dffe6,1,Retail Sports Marketing,,,Temporary Food Establishments,Temporary Food Establishments,food,True,False,op_permit_food,Closed,,2026-01-16,1212 E Bethany DR Allen TX 75002,False,,1,1,FESP006439-10-2025,FESP006439-10-2025,Closed,,https://cityofallentx-energovweb.tylerhost.net/apps/selfservice#/operationalPermit/8DCC9EA4-2351-46B1-B82F-405F15C899B4,0,0,,,0,0,0,,,0,0,,,0,0,0,,,0
63c79f58-6e26-4b41-a8e7-e1f658c2fef3,63c79f58-6e26-4b41-a8e7-e1f658c2fef3,1,Retail Sports Marketing,,,Mobile Food Prep Unit - Food Establishment,Mobile Food Prep Unit - Food Establishment,food,True,False,license_food,Closed,,2022-11-21,Charlotte NC 28262,True,,1,0,FE003344-10-2021,FE003344-10-2021,Expired,2022-10-21,https://cityofallentx-energovweb.tylerhost.net/apps/selfservice#/businessLicense/3c6a1edb-32d9-48f8-9620-8a42d0f43bef,1,1,2021-10-21,2021-10-21,0,0,0,,,1,1,2021-10-21,2021-10-21,0,0,0,,,0
c3827af2-6797-4589-9183-1510808f0233,c3827af2-6797-4589-9183-1510808f0233,1,Retail Sports Marketing,Knorr,,Special Event - Food Establishment,Special Event - Food Establishment,special event,True,False,license_special_event_food,Closed,,2026-02-09,Charlotte NC 28262,True,,1,0,FESP006583-01-2026,FESP006583-01-2026,Closed,,https://cityofallentx-energovweb.tylerhost.net/apps/selfservice#/businessLicense/7fd88bd2-12b9-4208-924c-d7dd75ce2828,0,0,,,0,0,0,,,0,0,,,0,0,0,,,0
fb881f25-69cb-4a3d-b231-34f5bb9a68ff,fb881f25-69cb-4a3d-b231-34f5bb9a68ff,1,Rick's Smokhouse BBQ @ Church 11-32,,,Special Event - Food Establishment,Special Event - Food Establishment,special event,True,False,license_special_event_food,Closed,,2018-04-26,700 RIVERCREST BLVD ALLEN TX 75002,False,127247,2,0,FESP000743-04-2018,FESP000745-04-2018,Expired,2018-04-28,https://cityofallentx-energovweb.tylerhost.net/apps/selfservice#/businessLicense/8fcee9a3-ff0b-483f-b6c7-cd2cfd1bcd15,1,1,2018-04-26,2018-04-26,0,0,0,,,1,1,2018-04-26,2018-04-26,0,0,0,,,0
501347ba-f17e-4268-a075-320d1edcc24b,501347ba-f17e-4268-a075-320d1edcc24b,1,Rio To Red Winery,,,Temporary Food Establishment - Food Establishment,Temporary Food Establishment - Food Establishment,food,True,False,license_food,Closed,2023-05-13,2023-05-13,Sherman TX 75090,True,,1,0,FE004550-04-2023,FE004550-04-2023,Expired,2023-05-13,https://cityofallentx-energovweb.tylerhost.net/apps/selfservice#/businessLicense/d9065bc8-1228-4cab-b26f-47b65f4d9277,0,0,,,0,0,0,,,0,0,,,0,0,0,,,0
1d307329-726a-417d-a5d9-c2899bb635a5,1d307329-726a-417d-a5d9-c2899bb635a5,1,Rise Academy,,,Day Care Facility,Day Care Facility,day care,False,False,op_permit_daycare,Open,2019-02-05,,611 E BETHANY DR ALLEN TX 75002,False,,9,9,DC000088-05-2017,DC006111-05-2025,Active,2027-05-21,https://cityofallentx-energovweb.tylerhost.net/apps/selfservice#/operationalPermit/772032b9-b3c6-4c80-8311-56495db45f84,15,14,2018-02-26,2026-04-24,0,0,0,,,15,14,2018-02-26,2026-04-24,0,0,0,,,0
fa935774-0d28-4a4c-9282-73601b8263b0,fa935774-0d28-4a4c-9282-73601b8263b0,1,Rita's Ice of Allen,,,Light - Food Establishment,Light - Food Establishment,food,False,False,license_food,Closed,2017-10-02,2019-01-11,816 W MCDERMOTT DR Unit: 316 ALLEN TX 75013,False,117727,1,0,FE000421-11-2017,FE000421-11-2017,Expired,2018-11-17,https://cityofallentx-energovweb.tylerhost.net/apps/selfservice#/businessLicense/36f98f5b-23aa-4cf5-b4ff-b7e35c61c13b,2,2,2017-10-02,2018-05-18,0,0,0,,,2,2,2017-10-02,2018-05-18,0,0,0,,,0
74edf1ee-5ab6-4c42-9279-cba308d1232c,74edf1ee-5ab6-4c42-9279-cba308d1232c,1,Rita's Italian Ices-Allen USA,,,Temporary Food Establishment - Food Establishment,Temporary Food Establishment - Food Establishment | Temporary Food Establishments,food,True,False,license_food | op_permit_food,Closed,2017-06-24,2021-05-28,701 ANGEL PKWY ALLEN TX 75002,False,121106,3,2,FE000164-06-2017,FE001602-06-2019,Expired,2019-06-29,https://cityofallentx-energovweb.tylerhost.net/apps/selfservice#/businessLicense/3e8c2d08-e894-4b61-a479-a4d6bb1fa512,1,1,2019-06-28,2019-06-28,0,0,0,,,1,1,2019-06-28,2019-06-28,0,0,0,,,0
ae6f8c86-f38f-4bf1-9832-51eefdfd6f1e,ae6f8c86-f38f-4bf1-9832-51eefdfd6f1e,1,Rivercrest Private School,,,Day Care Facility,Day Care Facility,day care,False,False,op_permit_daycare,Closed,2017-08-07,2019-10-21,630 RIVERCREST BLVD ALLEN TX 75002,False,102426,1,1,DC000243-08-2017,DC000243-08-2017,Annual Renewal Completed,2018-08-04,https://cityofallentx-energovweb.tylerhost.net/apps/selfservice#/operationalPermit/E9D4A78E-996C-46C8-B29C-234BE4A3EE55,2,2,2017-11-06,2018-12-18,0,0,0,,,2,2,2017-11-06,2018-12-18,0,0,0,,,0
5f20dcc5-fbbd-4f0e-8ee3-7ce3f2ce84ca,5f20dcc5-fbbd-4f0e-8ee3-7ce3f2ce84ca,1,Rocky Mountain Chocolate Factory,,,Heavy - Food Establishment,Heavy - Food Establishment | Heavy Food Preparation,food,False,False,license_food | op_permit_food,Closed,2017-10-11,2020-11-05,820 W STACY RD 6 Unit: 628 ALLEN TX 75013,False,120610,3,2,FE000375-10-2017,FE001903-11-2019,Expired,2020-10-25,https://cityofallentx-energovweb.tylerhost.net/apps/selfservice#/businessLicense/2a4d1fed-c911-42d9-937a-922e7ecf1b2b,4,4,2017-10-11,2020-09-16,0,0,0,,,4,4,2017-10-11,2020-09-16,0,0,0,,,0
664eefa7-56ed-4f8d-94e7-eafe6834d821,664eefa7-56ed-4f8d-94e7-eafe6834d821,1,Rocky Mtn Chocolate Factory@AEC,,,Light - Food Establishment,Light - Food Establishment | Light Food Preparation,food,False,False,license_food | op_permit_food,Closed,2019-08-12,2020-11-06,200 E STACY RD ALLEN TX 75002,False,127345,3,2,FE000350-10-2017,FE001833-10-2019,Expired,2020-10-08,https://cityofallentx-energovweb.tylerhost.net/apps/selfservice#/businessLicense/3495b979-55f4-43ca-9ef5-a9369d74b126,3,3,2018-01-15,2020-02-18,0,0,0,,,3,3,2018-01-15,2020-02-18,0,0,0,,,0
926183a9-1470-45b5-bc10-90925427a903,926183a9-1470-45b5-bc10-90925427a903,1,Roma-TX,,,Heavy - Food Establishment,Heavy - Food Establishment | Heavy Food Preparation,food,False,False,license_food | op_permit_food,Closed,,2026-02-16,977 S HWY 121 Unit: 120 Allen TX 75013,False,,3,2,FE004737-07-2023,FE006307-08-2025,Closed,,https://cityofallentx-energovweb.tylerhost.net/apps/selfservice#/businessLicense/4d51b07a-6b05-4775-bdae-54067ff31299,5,4,2023-08-14,2025-01-13,1,0,0,,,5,4,2023-08-14,2025-01-13,1,0,0,,,0
9f16dd3f-a597-42b0-8777-ce701edb32ad,9f16dd3f-a597-42b0-8777-ce701edb32ad,1,Roman Cucina,,,Heavy Food Preparation,Heavy Food Preparation,food,False,False,op_permit_food,Open,2017-08-25,,201 E BETHANY DR Unit: 1 ALLEN TX 75002,False,121203,9,9,FE000271-08-2017,FE-007152-09-2026,Annual Renewal Completed,2027-09-04,https://cityofallentx-energovweb.tylerhost.net/apps/selfservice#/operationalPermit/1cd0cf2a-0f14-42fb-9770-201d5b40c616,12,12,2018-02-20,2026-09-30,1,0,0,,,12,12,2018-02-20,2026-09-30,1,0,0,,,0
51589ca9-2f1a-4cee-abf4-0640d8d0a525,51589ca9-2f1a-4cee-abf4-0640d8d0a525,1,Romeo's Pizza at CUTX,,,Light - Food Establishment,Light - Food Establishment,food,False,False,license_food,Closed,,2023-04-25,200 E Stacy RD Unit: #1350 Allen TX 75002,False,,1,0,FE004064-09-2022,FE004064-09-2022,Expired,2023-09-26,https://cityofallentx-energovweb.tylerhost.net/apps/selfservice#/businessLicense/c0b53e95-9ed0-4ca0-a2d8-f24f0f53724e,3,3,2022-10-13,2022-10-28,0,2,0,,,3,3,2022-10-13,2022-10-28,0,2,0,,,0
2c76e6e1-be95-4aa2-9551-34d3a97809d5,2c76e6e1-be95-4aa2-9551-34d3a97809d5,1,Romeo's pizza,,,Heavy - Food Establishment,Heavy - Food Establishment | Heavy Food Preparation,food,False,False,license_food | op_permit_food,Open,,,1010 W EXCHANGE PKWY 2 Unit: 2150 ALLEN TX 75013,False,132775,2,1,FE003307-09-2021,FE004088-09-2022,Expired,2023-09-21,https://cityofallentx-energovweb.tylerhost.net/apps/selfservice#/businessLicense/8e3a2bad-0a24-4ee1-86bd-46657951e7ea,3,3,2021-09-16,2022-08-24,0,0,0,,,3,3,2021-09-16,2022-08-24,0,0,0,,,0
5078a3a2-81c8-48cb-a28a-ab33c1e99540,5078a3a2-81c8-48cb-a28a-ab33c1e99540,1,Rosa's Cafe & Tortilla Factory #50,,,Heavy Food Preparation,Heavy Food Preparation,food,False,False,op_permit_food,Open,,,865 W STACY RD ALLEN TX 75013,False,132948,6,6,FE001743-09-2019,FE-006947-06-2026,Annual Renewal Completed,2027-07-09,https://cityofallentx-energovweb.tylerhost.net/apps/selfservice#/operationalPermit/9f6399c9-1d64-46da-a45d-03886afa51dc,19,19,2020-10-05,2026-09-27,7,0,4,90,2025-08-20,19,19,2020-10-05,2026-09-27,7,0,4,90,2025-08-20,0
f0b4668f-97ac-41c8-928f-b3bbf92cf5b1,f0b4668f-97ac-41c8-928f-b3bbf92cf5b1,1,Rosy's Catering (GNC-6903),,,Catering Truck - Food Establishment,Catering Truck - Food Establishment,food,True,False,license_food,Open,2019-02-25,,MCKinney TX 75070,True,,1,0,FE001353-02-2019,FE001353-02-2019,Expired,2020-02-25,https://cityofallentx-energovweb.tylerhost.net/apps/selfservice#/businessLicense/a1e31143-4435-4dc6-8a00-8d86dd745682,2,1,2019-02-25,2019-02-25,0,0,0,,,2,1,2019-02-25,2019-02-25,0,0,0,,,0
935c9ccd-1999-49c2-ad25-aaab6c505c4b,935c9ccd-1999-49c2-ad25-aaab6c505c4b,1,Rotary Club of Allen Sunrise -Allen USA,,,Temporary Food Establishment - Food Establishment,Temporary Food Establishment - Food Establishment,food,True,False,license_food,Closed,2019-06-28,2021-05-28,701 ANGEL PKWY  ALLEN TX 75002,False,121106,1,0,FE001603-06-2019,FE001603-06-2019,Expired,2019-06-29,https://cityofallentx-energovweb.tylerhost.net/apps/selfservice#/businessLicense/1992c268-6d1f-4ff5-9e62-72517ed041b6,1,1,2019-06-28,2019-06-28,0,0,0,,,1,1,2019-06-28,2019-06-28,0,0,0,,,0
f10c1a1f-7b29-4dcd-b8e0-ac5ace127061,f10c1a1f-7b29-4dcd-b8e0-ac5ace127061,1,Rountree Elementary - Allen ISD,,,Heavy - Food Establishment,Heavy - Food Establishment | Heavy Food Preparation,food,False,False,license_food | op_permit_food,Closed,2017-09-18,2023-08-10,800 E MAIN ST ALLEN TX 75002,False,106195,6,5,FE000319-09-2017,FE003914-07-2022,Expired,2023-08-02,https://cityofallentx-energovweb.tylerhost.net/apps/selfservice#/businessLicense/842f7c0c-ce16-4d83-8849-253c00666268,16,16,2018-09-11,2027-02-12,2,0,0,,,16,16,2018-09-11,2027-02-12,2,0,0,,,0
ebd01a4e-1d33-4360-bf18-0775200d60c6,ebd01a4e-1d33-4360-bf18-0775200d60c6,1,Royal King Donuts,,,Heavy - Food Establishment,Heavy - Food Establishment | Heavy Food Preparation,food,False,False,license_food | op_permit_food,Closed,,2021-01-05,1546 E STACY RD Unit: 195 ALLEN TX 75002,False,120989,3,2,FE000242-08-2017,FE001967-12-2019,Expired,2020-08-06,https://cityofallentx-energovweb.tylerhost.net/apps/selfservice#/businessLicense/7e68e0bf-0185-4b28-8912-e562a94fe4a9,3,3,2019-04-25,2020-08-24,0,0,0,,,3,3,2019-04-25,2020-08-24,0,0,0,,,0
4f7a63ec-0d19-41c8-8d7d-5b0f4d87dcb4,4f7a63ec-0d19-41c8-8d7d-5b0f4d87dcb4,1,"Rudy's ""Country Store"" & Bar-B-Q",,,Heavy Food Preparation,Heavy Food Preparation,food,False,False,op_permit_food,Open,,,1790 N Central Expy Allen TX 75013,False,,1,1,FE-006925-06-2026,FE-006925-06-2026,Annual Renewal Completed,2027-07-10,https://cityofallentx-energovweb.tylerhost.net/apps/selfservice#/operationalPermit/e571f2ee-6885-467d-9c65-e54393f32819,2,2,2025-10-22,2026-10-08,0,0,1,86,2025-10-22,2,2,2025-10-22,2026-10-08,0,0,1,86,2025-10-22,0
b56238bd-e7c1-475b-b6db-6ba4951c08b4,b56238bd-e7c1-475b-b6db-6ba4951c08b4,1,Rudy's BBQ -Allen USA,,,Temporary Food Establishment - Food Establishment,Temporary Food Establishment - Food Establishment | Temporary Food Establishments,food,True,False,license_food | op_permit_food,Closed,2018-06-29,2023-08-14,701 ANGEL PKWY  ALLEN TX 75002,False,121106,3,2,FE000891-06-2018,FE001845-10-2019,Expired,2019-06-30,https://cityofallentx-energovweb.tylerhost.net/apps/selfservice#/businessLicense/0e9c9f7f-c7ce-42b2-bd3e-75dd82ba58ce,2,2,2018-06-29,2019-06-28,0,0,0,,,2,2,2018-06-29,2019-06-28,0,0,0,,,0
23feb675-4724-4a87-a673-b16bbdcb832f,23feb675-4724-4a87-a673-b16bbdcb832f,1,Rudy's Country Store & BBQ,,,Heavy - Food Establishment,Heavy - Food Establishment | Heavy Food Preparation,food,False,False,license_food | op_permit_food,Closed,,2025-07-01,1790 N CENTRAL EXPY ALLEN TX 75013,False,128049,8,7,FE000368-10-2017,FE005696-11-2024,Closed,,https://cityofallentx-energovweb.tylerhost.net/apps/selfservice#/businessLicense/53c3ca89-58ad-4478-bb48-267230c6ba89,15,15,2017-10-20,2024-12-03,2,0,4,80,2024-11-12,15,15,2017-10-20,2024-12-03,2,0,4,80,2024-11-12,0
cac9a07d-148b-4edb-88f4-771edcdae97e,cac9a07d-148b-4edb-88f4-771edcdae97e,1,Ruthie's Rolling Cafe,,,Mobile Food Prep Unit - Food Establishment,Mobile Food Prep Unit - Food Establishment | Special Event - Food Establishment,food,True,False,license_food | license_special_event_food,Open,2018-07-02,,Addison TX 75001,True,,2,0,FESP000906-06-2018,FE001206-01-2019,Expired,2020-01-09,https://cityofallentx-energovweb.tylerhost.net/apps/selfservice#/businessLicense/70036fac-1e4a-4518-839f-ed3b9197cfaa,2,2,2018-07-02,2019-01-09,0,0,0,,,2,2,2018-07-02,2019-01-09,0,0,0,,,0
8126075d-7af6-49d0-9b54-349688c416cb,8126075d-7af6-49d0-9b54-349688c416cb,1,Rye,,,Temporary Food Establishment - Food Establishment,Temporary Food Establishment - Food Establishment,food,True,False,license_food,Open,,,190 E STACY RD  ALLEN TX 75002,False,127340,1,0,FE001431-04-2019,FE001431-04-2019,Expired,2019-04-13,https://cityofallentx-energovweb.tylerhost.net/apps/selfservice#/businessLicense/6d1d81c4-b3d8-41dd-a43f-3c0a0e56f7cd,0,0,,,0,0,0,,,0,0,,,0,0,0,,,0
4bd4afdc-040e-4476-ad80-ff07bf6e6a60,4bd4afdc-040e-4476-ad80-ff07bf6e6a60,1,SALAD AND GO,,,Heavy - Food Establishment,Heavy - Food Establishment | Heavy Food Preparation,food,False,False,license_food | op_permit_food,Closed,,2025-08-06,2021 W McDermott Allen TX 75013,False,,3,2,FE004177-12-2022,FE005703-11-2024,Closed,,https://cityofallentx-energovweb.tylerhost.net/apps/selfservice#/businessLicense/4f1b7fe6-0bec-4bb6-9273-b201e49c86f7,6,5,2023-02-16,2025-07-14,0,0,0,,,6,5,2023-02-16,2025-07-14,0,0,0,,,0
4e61cc81-833c-476d-9dd2-26184e81091d,4e61cc81-833c-476d-9dd2-26184e81091d,1,SALAD AND GO,,,Heavy - Food Establishment,Heavy - Food Establishment | Heavy Food Preparation,food,False,False,license_food | op_permit_food,Closed,,2025-08-07,1205 Alma Dr Allen TX 75013,False,,2,1,FE005004-12-2023,FE005754-12-2024,Closed,,https://cityofallentx-energovweb.tylerhost.net/apps/selfservice#/businessLicense/6179b69c-be9f-4d43-b652-d4359b1295a1,0,0,,,0,0,0,,,0,0,,,0,0,0,,,0
f72e42f7-a324-4d37-9d8c-91c8cdaba050,f72e42f7-a324-4d37-9d8c-91c8cdaba050,1,SCHAFER'S FOOD,,,Special Event - Food Establishment,Special Event - Food Establishment,special event,True,False,license_special_event_food,Closed,2023-09-07,2025-08-01,Fort Worth TX 76101,True,,1,0,FESP004815-09-2023,FESP004815-09-2023,Expired,2023-09-10,https://cityofallentx-energovweb.tylerhost.net/apps/selfservice#/businessLicense/f709d47e-663e-43a3-807b-f6205b05bf6b,0,0,,,0,0,0,,,0,0,,,0,0,0,,,0
99651a67-784c-4226-893c-505615ef7be0,99651a67-784c-4226-893c-505615ef7be0,1,"SF Markets, LLC",,,Grocery Department,Grocery Department,food,False,False,op_permit_food,Open,,,Phoenix AZ 85054,True,,1,1,FE004526-04-2023,FE004526-04-2023,Annual Renewal Completed,2027-07-16,https://cityofallentx-energovweb.tylerhost.net/apps/selfservice#/operationalPermit/3657C526-6280-44F5-9802-C44BDFFD856D,0,0,,,0,0,0,,,0,0,,,0,0,0,,,0
6a66be60-87c5-4667-8225-eae87c2d0a37,6a66be60-87c5-4667-8225-eae87c2d0a37,1,SHAFER'S FOOD # 1,,,Temporary Food Establishments,Temporary Food Establishments,food,True,False,op_permit_food,Closed,2023-09-07,2023-09-10,Fort Worth TX 76101,True,,1,1,FESP004829-09-2023,FESP004829-09-2023,Annual Renewal Completed,2023-09-10,https://cityofallentx-energovweb.tylerhost.net/apps/selfservice#/operationalPermit/C4582EBE-3CB9-42EE-ACB1-D944DFBF6D80,0,0,,,0,0,0,,,0,0,,,0,0,0,,,0
c9053cb2-70e0-41da-b017-5def4067a632,c9053cb2-70e0-41da-b017-5def4067a632,1,SHAFER'S FOOD # 10,,,Special Event - Food Establishment,Special Event - Food Establishment,special event,True,False,license_special_event_food,Closed,2023-09-07,2023-09-10,Fort Worth TX 76101,True,,1,0,FESP004838-09-2023,FESP004838-09-2023,Expired,2023-09-10,https://cityofallentx-energovweb.tylerhost.net/apps/selfservice#/businessLicense/eb618ef3-0217-4da2-b23d-33e098ba0d6e,0,0,,,0,0,0,,,0,0,,,0,0,0,,,0
5bde326f-2789-4dcc-ba75-553f3fdbc8a2,5bde326f-2789-4dcc-ba75-553f3fdbc8a2,1,SHAFER'S FOOD # 11,,,Special Event - Food Establishment,Special Event - Food Establishment,special event,True,False,license_special_event_food,Closed,2023-09-07,2025-07-30,Fort Worth TX 76101,True,,1,0,FESP004839-09-2023,FESP004839-09-2023,Expired,2023-09-10,https://cityofallentx-energovweb.tylerhost.net/apps/selfservice#/businessLicense/79565542-d207-4140-9d78-7fbc44795b66,0,0,,,0,0,0,,,0,0,,,0,0,0,,,0
8227db1a-ae5c-4ef5-914e-425fba513be9,8227db1a-ae5c-4ef5-914e-425fba513be9,1,SHAFER'S FOOD # 2,,,Special Event - Food Establishment,Special Event - Food Establishment,special event,True,False,license_special_event_food,Closed,2023-09-07,2023-09-10,Fort Worth TX 76101,True,,1,0,FESP004830-09-2023,FESP004830-09-2023,Expired,2023-09-10,https://cityofallentx-energovweb.tylerhost.net/apps/selfservice#/businessLicense/c97c1d12-9f36-42ba-b782-36ebd9f2bca3,0,0,,,0,0,0,,,0,0,,,0,0,0,,,0
9123f1c1-eef4-4e4e-be45-cd70b0256c59,9123f1c1-eef4-4e4e-be45-cd70b0256c59,1,SHAFER'S FOOD # 3,,,Special Event - Food Establishment,Special Event - Food Establishment,special event,True,False,license_special_event_food,Closed,2023-09-07,2023-09-10,Fort Worth TX 76101,True,,1,0,FESP004831-09-2023,FESP004831-09-2023,Expired,2023-09-10,https://cityofallentx-energovweb.tylerhost.net/apps/selfservice#/businessLicense/644d30c9-ee4d-4dd1-8b66-98e76b12d894,0,0,,,0,0,0,,,0,0,,,0,0,0,,,0
8a61f38e-c082-4a4e-b919-7538620d025e,8a61f38e-c082-4a4e-b919-7538620d025e,1,SHAFER'S FOOD # 4,,,Special Event - Food Establishment,Special Event - Food Establishment,special event,True,False,license_special_event_food,Closed,2023-09-07,2023-09-10,Fort Worth TX 76101,True,,1,0,FESP004832-09-2023,FESP004832-09-2023,Expired,2023-09-10,https://cityofallentx-energovweb.tylerhost.net/apps/selfservice#/businessLicense/78598463-a340-412d-b27b-7e6ebcb40708,0,0,,,0,0,0,,,0,0,,,0,0,0,,,0
f6ed38a9-d786-4a62-82cb-811c69e3b387,f6ed38a9-d786-4a62-82cb-811c69e3b387,1,SHAFER'S FOOD # 5,,,Special Event - Food Establishment,Special Event - Food Establishment,special event,True,False,license_special_event_food,Closed,2023-09-07,2023-09-10,Fort Worth TX 76101,True,,1,0,FESP004833-09-2023,FESP004833-09-2023,Expired,2023-09-10,https://cityofallentx-energovweb.tylerhost.net/apps/selfservice#/businessLicense/50b533aa-877b-497e-8f8e-192f86e192fc,0,0,,,0,0,0,,,0,0,,,0,0,0,,,0
e06c9d8f-a423-4421-b672-ea1acbfc85b0,e06c9d8f-a423-4421-b672-ea1acbfc85b0,1,SHAFER'S FOOD # 6,,,Special Event - Food Establishment,Special Event - Food Establishment,special event,True,False,license_special_event_food,Closed,2023-09-07,2023-09-10,Fort Worth TX 76101,True,,1,0,FESP004834-09-2023,FESP004834-09-2023,Expired,2023-09-10,https://cityofallentx-energovweb.tylerhost.net/apps/selfservice#/businessLicense/4bc50766-ed49-4b78-947f-c32a4961c89b,0,0,,,0,0,0,,,0,0,,,0,0,0,,,0
663d44e7-591f-4522-9308-2df032662ed3,663d44e7-591f-4522-9308-2df032662ed3,1,SHAFER'S FOOD # 7,,,Special Event - Food Establishment,Special Event - Food Establishment,special event,True,False,license_special_event_food,Closed,2023-09-07,2023-09-10,Fort Worth TX 76101,True,,1,0,FESP004835-09-2023,FESP004835-09-2023,Expired,2023-09-10,https://cityofallentx-energovweb.tylerhost.net/apps/selfservice#/businessLicense/205a0974-6b47-4f44-96ad-5eb46293726f,0,0,,,0,0,0,,,0,0,,,0,0,0,,,0
2110c75a-e3ea-41fc-a0ce-cd181268841a,2110c75a-e3ea-41fc-a0ce-cd181268841a,1,SHAFER'S FOOD # 8,,,Special Event - Food Establishment,Special Event - Food Establishment,special event,True,False,license_special_event_food,Closed,2023-09-07,2023-09-10,Fort Worth TX 76101,True,,1,0,FESP004836-09-2023,FESP004836-09-2023,Expired,2023-09-10,https://cityofallentx-energovweb.tylerhost.net/apps/selfservice#/businessLicense/cd5eaeb4-954a-4cd5-80b5-3d2925fc6c18,0,0,,,0,0,0,,,0,0,,,0,0,0,,,0
fa5cc5ff-c1b2-43aa-8dfa-f4ae3640b634,fa5cc5ff-c1b2-43aa-8dfa-f4ae3640b634,1,SHAFER'S FOOD # 9,,,Special Event - Food Establishment,Special Event - Food Establishment,special event,True,False,license_special_event_food,Closed,2023-09-07,2023-09-10,Fort Worth TX 76101,True,,1,0,FESP004837-09-2023,FESP004837-09-2023,Expired,2023-09-10,https://cityofallentx-energovweb.tylerhost.net/apps/selfservice#/businessLicense/a5015c5b-bec4-4221-a739-aaad42680670,0,0,,,0,0,0,,,0,0,,,0,0,0,,,0
deef091c-d6c6-4150-90e2-fce012afa334,deef091c-d6c6-4150-90e2-fce012afa334,1,SIGREE INDIAN RESTAURANT,,,Special Event - Food Establishment,Special Event - Food Establishment,special event,True,False,license_special_event_food,Closed,,2022-03-23,Addison TX 75034,True,,1,0,FESP003675-03-2022,FESP003675-03-2022,Expired,2022-03-19,https://cityofallentx-energovweb.tylerhost.net/apps/selfservice#/businessLicense/a6fac5d4-44b9-4759-926b-7c484fb265da,1,1,2022-03-19,2022-03-19,0,0,0,,,1,1,2022-03-19,2022-03-19,0,0,0,,,0
abdca540-2e42-404c-adf5-2ce39c83daf0,06a739fd-eac6-4c04-9e7d-95b987be4226,2,SONIC DRIVE IN,,,Heavy - Food Establishment,Heavy - Food Establishment,food,False,False,license_food,Closed,,2024-06-11,707 E Main St Allen TX 75002,False,,1,0,FE005375-06-2024,FE005375-06-2024,Closed,2999-01-01,https://cityofallentx-energovweb.tylerhost.net/apps/selfservice#/businessLicense/2c9d26c1-96a3-43c6-9aad-615f0167d69a,0,0,,,0,0,0,,,6,6,2024-11-18,2026-05-18,2,0,0,,,0
70dc837d-9c9f-4907-be47-94f381e65af3,70dc837d-9c9f-4907-be47-94f381e65af3,1,SPICEMART GROCER (KITCHEN),,,Heavy - Food Establishment,Heavy - Food Establishment | Heavy Food Preparation,food,False,False,license_food | op_permit_food,Closed,,2021-10-11,1201 E MAIN ST Unit: 200 ALLEN TX 75002,False,111449,4,3,FE000346-10-2017,FE002624-12-2020,Expired,2021-10-08,https://cityofallentx-energovweb.tylerhost.net/apps/selfservice#/businessLicense/424efebe-8316-4a6c-a011-d2fb1a2080a3,11,11,2017-12-13,2021-03-09,3,0,0,,,11,11,2017-12-13,2021-03-09,3,0,0,,,0
52022df6-bea9-4612-aa43-e0a5cc3fe35e,52022df6-bea9-4612-aa43-e0a5cc3fe35e,1,SUBWAY #7761,,,Light - Food Establishment,Heavy - Food Establishment | Heavy Food Preparation | Light - Food Establishment | Light Food Preparation,food,False,False,license_food | op_permit_food,Closed,2017-10-12,2025-12-10,204 N GREENVILLE AVE Unit: 210 ALLEN TX 75002,False,104995,9,7,FE000128-06-2017,FE006175-06-2025,Expired,2026-06-07,https://cityofallentx-energovweb.tylerhost.net/apps/selfservice#/businessLicense/44d3f3f7-f1cb-42ca-b62a-832500a76057,17,17,2017-10-12,2025-06-30,3,0,4,92,2025-06-20,17,17,2017-10-12,2025-06-30,3,0,4,92,2025-06-20,0
394dff8c-deb1-4921-ab7e-1969b93ca65b,394dff8c-deb1-4921-ab7e-1969b93ca65b,1,SUGARBACON,,,Heavy - Food Establishment,Heavy - Food Establishment | Heavy Food Preparation,food,False,False,license_food | op_permit_food,Closed,,2023-10-09,968 Village Green DR Allen TX 75013,False,,2,1,FE003787-05-2022,FE004591-06-2023,Expired,2024-05-12,https://cityofallentx-energovweb.tylerhost.net/apps/selfservice#/businessLicense/cf28ef49-879f-4723-ae3d-3dd27adece1e,1,1,2023-09-27,2023-09-27,0,0,0,,,1,1,2023-09-27,2023-09-27,0,0,0,,,0
6a939fb9-e49c-40d7-b40d-38bd17e1786b,6a939fb9-e49c-40d7-b40d-38bd17e1786b,1,SUSHI BOX,,,Heavy Food Preparation,Heavy Food Preparation,food,False,False,op_permit_food,Open,,,1208 E Bethany DR Unit: #6 Allen TX 75002,False,,4,4,FE004056-09-2022,FE006649-01-2026,Annual Renewal Completed,2027-01-13,https://cityofallentx-energovweb.tylerhost.net/apps/selfservice#/operationalPermit/5D5CF082-E9CD-4D4D-9C31-F471B705ACCE,9,7,2023-02-24,2026-09-30,1,0,0,,,9,7,2023-02-24,2026-09-30,1,0,0,,,0
2ee885bd-41f4-49bb-9951-1bc173ae9a57,2ee885bd-41f4-49bb-9951-1bc173ae9a57,1,Sabor Latino (JZL-5265),,,Catering Truck - Food Establishment,Catering Truck - Food Establishment,food,True,False,license_food,Closed,2019-02-11,2020-06-09,,False,,1,0,FE001320-02-2019,FE001320-02-2019,Expired,2020-02-11,https://cityofallentx-energovweb.tylerhost.net/apps/selfservice#/businessLicense/92bc4672-d4fa-48e1-a6fd-b28349bbf30d,1,1,2019-02-11,2019-02-11,0,0,0,,,1,1,2019-02-11,2019-02-11,0,0,0,,,0
4cdbb376-6162-43cf-86fe-7497e2389709,4cdbb376-6162-43cf-86fe-7497e2389709,1,Sabor Latino (VL# VDZ2795),,,Mobile Construction Site Food Vehicle:,Mobile Construction Site Food Vehicle:,food,True,False,op_permit_food,Closed,2020-06-15,2026-06-30,Dallas TX 75217,True,,8,8,FE000856-06-2018,FE006225-07-2025,Closed,,https://cityofallentx-energovweb.tylerhost.net/apps/selfservice#/operationalPermit/7A53C0A2-60B3-4FF8-AE25-14D3B5D63F54,9,9,2018-06-19,2025-07-01,1,0,0,,,9,9,2018-06-19,2025-07-01,1,0,0,,,0
eed21e94-8d6f-47a3-868a-6bd1ebe0c99d,eed21e94-8d6f-47a3-868a-6bd1ebe0c99d,1,Safari Kid Allen,,,Day Care Facility,Day Care Facility,day care,False,False,op_permit_daycare,Closed,,2026-02-11,1227 W MCDERMOTT DR  ALLEN TX 75013,False,116442,8,8,DC000056-04-2017,DC005298-04-2024,Annual Renewal Completed,2025-05-01,https://cityofallentx-energovweb.tylerhost.net/apps/selfservice#/operationalPermit/16C2F7B5-B5F8-44B6-996D-84BC0387C176,13,13,2018-03-29,2025-10-16,2,0,4,98,2025-10-16,13,13,2018-03-29,2025-10-16,2,0,4,98,2025-10-16,0
596133ce-2e5c-415b-b2ad-72772a63749d,596133ce-2e5c-415b-b2ad-72772a63749d,1,Safrani Sweets & Bakery,,,Heavy Food Preparation,Heavy Food Preparation,food,False,False,op_permit_food,Open,,,206 N Greenville Ave Unit: # 750 Allen TX 75002,False,,1,1,FE006226-07-2025,FE006226-07-2025,Expired,2026-07-30,https://cityofallentx-energovweb.tylerhost.net/apps/selfservice#/operationalPermit/93262777-E832-4B85-8882-01113D9C58F8,2,1,2025-10-31,2025-10-31,0,0,0,,,2,1,2025-10-31,2025-10-31,0,0,0,,,0
c9b733b7-59d4-4290-91ad-7ceee7a0e859,c9b733b7-59d4-4290-91ad-7ceee7a0e859,1,Salsa Texmex Restaurant,,,Heavy Food Preparation,Heavy Food Preparation,food,False,False,op_permit_food,Open,,,950 W Stacy Rd Unit: 180 Allen TX 75018,False,,3,3,FE004821-09-2023,FE-007151-09-2026,Annual Renewal Completed,2027-09-12,https://cityofallentx-energovweb.tylerhost.net/apps/selfservice#/operationalPermit/dc49e1cc-49c1-494b-8541-801ebbe8ed31,8,8,2023-10-25,2025-09-15,4,0,4,85,2025-09-15,8,8,2023-10-25,2025-09-15,4,0,4,85,2025-09-15,0
d7779eef-267d-4ec9-8207-92e4f61fec8f,d7779eef-267d-4ec9-8207-92e4f61fec8f,1,Saltlight Station,,,Heavy Food Preparation,Heavy Food Preparation,food,False,False,op_permit_food,Open,2018-03-07,,1501 S GREENVILLE AVE ALLEN TX 75002,False,112736,9,9,FE000470-01-2018,FE006611-01-2026,Annual Renewal Completed,2027-01-10,https://cityofallentx-energovweb.tylerhost.net/apps/selfservice#/operationalPermit/1D988305-41AD-4F58-BCBF-4D2C239D38B3,19,19,2018-03-07,2026-09-27,3,0,3,88,2025-10-07,19,19,2018-03-07,2026-09-27,3,0,3,88,2025-10-07,0
43947e13-28ba-49f2-991c-4da3fe21fc44,43947e13-28ba-49f2-991c-4da3fe21fc44,1,Salty Butcher Allen- The HUB,,,Heavy Food Preparation,Heavy Food Preparation,food,False,False,op_permit_food,Closed,,2023-10-24,1289 Johnson RD Unit: # 2180 Allen TX 75013,False,,1,1,FE004310-02-2023,FE004310-02-2023,Annual Renewal Completed,2024-02-08,https://cityofallentx-energovweb.tylerhost.net/apps/selfservice#/operationalPermit/9E7F2EE2-64EA-404C-BA97-355AAD145624,1,1,2023-08-31,2023-08-31,0,0,0,,,1,1,2023-08-31,2023-08-31,0,0,0,,,0
fdcabb0a-d8ea-4549-b875-26ffd88e170b,fdcabb0a-d8ea-4549-b875-26ffd88e170b,1,Salwa Food dba Burger Hut Wylie,,,Special Event - Food Establishment,Special Event - Food Establishment,special event,True,False,license_special_event_food,Closed,2024-06-02,2024-06-02,Wylie TX 75089,True,,1,0,FESP005351-05-2024,FESP005351-05-2024,Expired,2024-06-02,https://cityofallentx-energovweb.tylerhost.net/apps/selfservice#/businessLicense/f0650998-2a7d-487c-bc16-38f931ffe67a,1,1,2024-05-31,2024-05-31,0,0,0,,,1,1,2024-05-31,2024-05-31,0,0,0,,,0
f6444a2d-cbe3-4fcc-bc80-011dbaf91b41,f6444a2d-cbe3-4fcc-bc80-011dbaf91b41,1,Sandra's Catering # 2878,,,Mobile Construction Site Food Vehicle:,Mobile Construction Site Food Vehicle:,food,True,False,op_permit_food,Open,,,Mesquite TX 75181,True,,4,4,FE004357-02-2023,FE006727-02-2026,Annual Renewal Completed,2027-03-07,https://cityofallentx-energovweb.tylerhost.net/apps/selfservice#/operationalPermit/9E32C083-7C7A-452A-BADC-E1DE2AF304B8,4,4,2023-02-17,2026-02-13,0,0,0,,,4,4,2023-02-17,2026-02-13,0,0,0,,,0
c45806cb-4fd7-4dc1-958d-412a2ef05512,c45806cb-4fd7-4dc1-958d-412a2ef05512,1,Sandra's Catering I (VL#GHG5791),,,Catering Truck - Food Establishment,Catering Truck - Food Establishment | Mobile Construction Site Food Vehicle:,food,True,False,license_food | op_permit_food,Closed,2019-01-28,2023-02-17,Dallas TX 75227,True,,5,4,FE000514-01-2018,FE003482-01-2022,Expired,2023-02-02,https://cityofallentx-energovweb.tylerhost.net/apps/selfservice#/businessLicense/a1e98623-bade-4073-9341-f03aeb07daba,4,4,2019-01-28,2020-12-14,1,0,0,,,4,4,2019-01-28,2020-12-14,1,0,0,,,0
32c1f933-9b76-44d1-a02f-a4a07c592d69,32c1f933-9b76-44d1-a02f-a4a07c592d69,1,Sandra's Catering II (VL#NYN3364),,,Mobile Construction Site Food Vehicle:,Mobile Construction Site Food Vehicle:,food,True,False,op_permit_food,Open,2019-01-28,,Mesquite TX 75181,True,,9,9,FE000513-01-2018,FE006726-02-2026,Annual Renewal Completed,2027-02-03,https://cityofallentx-energovweb.tylerhost.net/apps/selfservice#/operationalPermit/4EF3F6A7-4D27-43BD-958F-8BF126B90712,11,9,2019-01-28,2026-02-13,1,0,0,,,11,9,2019-01-28,2026-02-13,1,0,0,,,0
bfd8ca38-95be-46b4-a7b4-3565e2f7026c,bfd8ca38-95be-46b4-a7b4-3565e2f7026c,1,Sandra's Catering III,,,Catering Truck - Food Establishment,Catering Truck - Food Establishment,food,True,False,license_food,Closed,,2023-02-17,Dallas TX 75227,True,,1,0,FE003524-01-2022,FE003524-01-2022,Expired,2023-02-02,https://cityofallentx-energovweb.tylerhost.net/apps/selfservice#/businessLicense/523f1991-b79e-4c34-b32b-02e58b6f17ff,0,0,,,0,0,0,,,0,0,,,0,0,0,,,0
3421b312-de04-470c-b262-d82a94d86fa4,3421b312-de04-470c-b262-d82a94d86fa4,2,Sassy Popcorn,,,Light - Food Establishment,Light - Food Establishment,food,False,False,license_food,Closed,2017-09-26,2018-10-30,2035 W MCDERMOTT DR  Unit: 410 ALLEN TX 75013,False,113434,1,0,FE000591-03-2018,FE000591-03-2018,Expired,2019-03-08,https://cityofallentx-energovweb.tylerhost.net/apps/selfservice#/businessLicense/d589c4be-7815-4d32-a713-904c7a7041cc,3,3,2017-09-26,2018-05-07,1,0,0,,,9,8,2017-09-26,2021-01-05,1,0,0,,,0
e1c32266-3d31-4cb6-ba7f-2ece5b631842,3421b312-de04-470c-b262-d82a94d86fa4,2,Sassy Popcorn,,,Light - Food Establishment,Light - Food Establishment | Light Food Preparation,food,False,False,license_food | op_permit_food,Closed,2018-12-11,2021-11-10,2035 W MCDERMOTT DR  Unit: 410 ALLEN TX 75013,False,113434,3,2,FE001105-10-2018,FE002568-11-2020,Expired,2021-11-01,https://cityofallentx-energovweb.tylerhost.net/apps/selfservice#/businessLicense/6efdb95c-2bb1-41c9-9d74-c89a71025a56,6,5,2018-12-11,2021-01-05,0,0,0,,,9,8,2017-09-26,2021-01-05,1,0,0,,,0
23db295c-892e-44ba-bcda-52b17b45566f,23db295c-892e-44ba-bcda-52b17b45566f,1,Sauced Wings,,,Heavy - Food Establishment,Heavy - Food Establishment | Heavy Food Preparation,food,False,False,license_food | op_permit_food,Closed,2017-09-28,2020-04-30,610 W BETHANY DR  ALLEN TX 75013,False,115900,3,2,FE000662-03-2018,FE002215-03-2020,Expired,2021-04-01,https://cityofallentx-energovweb.tylerhost.net/apps/selfservice#/businessLicense/d51a8390-8b7d-4f9b-b664-b9c47cfad71f,13,12,2017-09-28,2019-10-23,6,0,0,,,13,12,2017-09-28,2019-10-23,6,0,0,,,0
98e6d5e6-9fe1-416f-a9c9-6ab2a73ce39f,98e6d5e6-9fe1-416f-a9c9-6ab2a73ce39f,1,Saucey 'N' Sweets,,,Temporary Food Establishment - Food Establishment,Temporary Food Establishment - Food Establishment,food,True,False,license_food,Closed,,2022-02-28,Northlake TX 76226,True,,1,0,FE003620-02-2022,FE003620-02-2022,Expired,2022-02-27,https://cityofallentx-energovweb.tylerhost.net/apps/selfservice#/businessLicense/ef8f4105-19a6-4874-9c52-9f61d7790b65,0,0,,,0,0,0,,,0,0,,,0,0,0,,,0
955af056-05ef-40df-8e14-a3ccd1b380ff,955af056-05ef-40df-8e14-a3ccd1b380ff,1,Savoji,,,Heavy - Food Establishment,Heavy - Food Establishment | Heavy Food Preparation,food,False,False,license_food | op_permit_food,Closed,,2026-02-11,2023 W McDermott Dr Unit: # 120 Allen TX 75013,False,,2,1,FE005715-11-2024,FE006590-01-2026,Closed,,https://cityofallentx-energovweb.tylerhost.net/apps/selfservice#/businessLicense/cfb3eec4-f6dc-4ba4-bda3-19361db7b39f,4,3,2025-02-12,2025-09-03,1,0,0,,,4,3,2025-02-12,2025-09-03,1,0,0,,,0
fdf8c8a6-8ef2-4190-88b7-dc24b3dcee01,fdf8c8a6-8ef2-4190-88b7-dc24b3dcee01,1,Savour @ AEC,,,Heavy - Food Establishment,Heavy - Food Establishment,food,False,False,license_food,Closed,,2019-08-26,200 E STACY RD ALLEN TX 75002,False,127345,1,0,FE000488-01-2018,FE000488-01-2018,Expired,2019-01-12,https://cityofallentx-energovweb.tylerhost.net/apps/selfservice#/businessLicense/bb1784d0-2a96-429c-9903-5fae128abd7f,1,1,2018-01-15,2018-01-15,0,0,0,,,1,1,2018-01-15,2018-01-15,0,0,0,,,0
48b3a96f-9e8f-437e-a9cb-69e6d931be3b,48b3a96f-9e8f-437e-a9cb-69e6d931be3b,1,Sayfani Yemeni Coffee,,,Light Food Preparation,Light Food Preparation,food,False,False,op_permit_food,Open,,,1201 W McDermott DR Unit: 102 Allen TX 75013,False,,3,3,FE004577-05-2023,FE006182-06-2025,Active,2027-05-16,https://cityofallentx-energovweb.tylerhost.net/apps/selfservice#/operationalPermit/bdb213c9-992a-44aa-ad16-077f0d250a90,8,8,2023-08-21,2025-04-18,4,0,4,89,2024-10-03,8,8,2023-08-21,2025-04-18,4,0,4,89,2024-10-03,0
fe22340e-c5b3-43a3-b20d-b1b16eb84462,fe22340e-c5b3-43a3-b20d-b1b16eb84462,1,Scallywags-Allen USA,,,Temporary Food Establishment - Food Establishment,Temporary Food Establishment - Food Establishment,food,True,False,license_food,Closed,2017-06-24,2020-09-28,701 ANGEL PKWY ALLEN TX 75002,False,121106,1,0,FE000153-06-2017,FE000153-06-2017,Expired,2017-06-24,https://cityofallentx-energovweb.tylerhost.net/apps/selfservice#/businessLicense/f6e2b20a-4549-4534-b353-7486aea15f07,0,0,,,0,0,0,,,0,0,,,0,0,0,,,0
8f4b6665-45ce-43d3-9f05-d58e3b58768b,8f4b6665-45ce-43d3-9f05-d58e3b58768b,1,Schafer Concessions # 4 @ Carnival,,,Temporary Food Establishment - Food Establishment,Temporary Food Establishment - Food Establishment | Temporary Food Establishments,food,True,False,license_food | op_permit_food,Closed,2017-09-07,2022-07-29,1515 N GREENVILLE AVE ALLEN TX 75002,False,122385,4,3,FE000287-09-2017,FE003222-08-2021,Expired,2021-09-05,https://cityofallentx-energovweb.tylerhost.net/apps/selfservice#/businessLicense/a6c6a677-188a-4c80-8b8f-10e3b1324092,2,2,2019-09-26,2021-09-02,0,0,0,,,2,2,2019-09-26,2021-09-02,0,0,0,,,0
727f2a1a-9b0d-4e90-8964-0113c7ef979a,727f2a1a-9b0d-4e90-8964-0113c7ef979a,1,Schafer Concessions #1 @ Carnival,,,Temporary Food Establishment - Food Establishment,Temporary Food Establishment - Food Establishment | Temporary Food Establishments,food,True,False,license_food | op_permit_food,Closed,2017-09-07,2019-09-27,1515 N GREENVILLE AVE ALLEN TX 75002,False,122385,4,3,FE000274-08-2017,FE003219-08-2021,Expired,2021-09-05,https://cityofallentx-energovweb.tylerhost.net/apps/selfservice#/businessLicense/36e3f240-f600-47dc-a59b-e5b6f022196c,1,1,2021-09-02,2021-09-02,0,0,0,,,1,1,2021-09-02,2021-09-02,0,0,0,,,0
713b885e-e539-4351-a5ba-fecfe59dd271,713b885e-e539-4351-a5ba-fecfe59dd271,1,Schafer Concessions #2 @ Carnival,,,Temporary Food Establishment - Food Establishment,Temporary Food Establishment - Food Establishment | Temporary Food Establishments,food,True,False,license_food | op_permit_food,Closed,2017-09-07,2021-10-22,1515 N GREENVILLE AVE ALLEN TX 75002,False,122385,4,3,FE000286-09-2017,FE003220-08-2021,Expired,2021-09-05,https://cityofallentx-energovweb.tylerhost.net/apps/selfservice#/businessLicense/85817fc0-f1af-4a45-b610-c406eb0bf3b2,2,2,2019-09-26,2021-09-02,0,0,0,,,2,2,2019-09-26,2021-09-02,0,0,0,,,0
6f0f43cb-94c7-4e40-bd9a-1cda3023dc0c,6f0f43cb-94c7-4e40-bd9a-1cda3023dc0c,1,Schafer Concessions #3 @ Carnival,,,Temporary Food Establishment - Food Establishment,Temporary Food Establishment - Food Establishment | Temporary Food Establishments,food,True,False,license_food | op_permit_food,Closed,2017-09-07,2022-07-29,1515 N GREENVILLE AVE ALLEN TX 75002,False,122385,4,3,FE000285-09-2017,FE003221-08-2021,Expired,2021-09-05,https://cityofallentx-energovweb.tylerhost.net/apps/selfservice#/businessLicense/138cedc2-4474-4e24-a739-f0229c1619a9,2,2,2019-09-26,2021-09-02,0,0,0,,,2,2,2019-09-26,2021-09-02,0,0,0,,,0
cac3655d-0dea-4ae1-863d-a30e43971350,cac3655d-0dea-4ae1-863d-a30e43971350,1,Schafer Concessions #5 @ Carnival,,,Temporary Food Establishment - Food Establishment,Temporary Food Establishment - Food Establishment | Temporary Food Establishments,food,True,False,license_food | op_permit_food,Closed,2017-09-07,2021-10-22,1515 N GREENVILLE AVE ALLEN TX 75002,False,122385,3,2,FE000288-09-2017,FE003223-08-2021,Expired,2021-09-05,https://cityofallentx-energovweb.tylerhost.net/apps/selfservice#/businessLicense/5a959d30-54bc-4efd-89b9-d28ffe618268,1,1,2021-09-02,2021-09-02,0,0,0,,,1,1,2021-09-02,2021-09-02,0,0,0,,,0
3d393e7f-de5b-4e9b-8d41-0d73f9fec068,3d393e7f-de5b-4e9b-8d41-0d73f9fec068,1,Schafer Concessions #6 @ Carnival,,,Temporary Food Establishment - Food Establishment,Temporary Food Establishment - Food Establishment,food,True,False,license_food,Closed,,2022-02-22,1515 N GREENVILLE AVE ALLEN TX 75002,False,122385,1,0,FE003224-08-2021,FE003224-08-2021,Expired,2022-09-02,https://cityofallentx-energovweb.tylerhost.net/apps/selfservice#/businessLicense/d8f2b000-596c-42af-81af-a52d04c30bc1,1,1,2021-09-02,2021-09-02,0,0,0,,,1,1,2021-09-02,2021-09-02,0,0,0,,,0
beb7676e-b999-461f-af4a-a8315b88abda,beb7676e-b999-461f-af4a-a8315b88abda,1,Schafer Concessions #7 @ Carnival,,,Temporary Food Establishment - Food Establishment,Temporary Food Establishment - Food Establishment,food,True,False,license_food,Closed,,2022-02-22,1515 N GREENVILLE AVE ALLEN TX 75002,False,122385,1,0,FE003225-08-2021,FE003225-08-2021,Expired,2022-09-02,https://cityofallentx-energovweb.tylerhost.net/apps/selfservice#/businessLicense/a4dee322-949b-429c-9449-08b09b2456dc,1,1,2021-09-02,2021-09-02,0,0,0,,,1,1,2021-09-02,2021-09-02,0,0,0,,,0
5961de33-7440-47dc-8d94-55cc81b059dd,5961de33-7440-47dc-8d94-55cc81b059dd,1,Schafer's Food,,,Temporary Food Establishments,Temporary Food Establishments,food,True,False,op_permit_food,Open,,,1515 N GREENVILLE AVE ALLEN TX 75002,False,122385,1,1,FE-007155-09-2026,FE-007155-09-2026,Expired,2026-09-21,https://cityofallentx-energovweb.tylerhost.net/apps/selfservice#/operationalPermit/1f377ad5-1160-40c1-9ffa-d11d409413ba,0,0,,,0,0,0,,,0,0,,,0,0,0,,,0
84f603f8-d005-4f0e-b15f-2873c3c92678,84f603f8-d005-4f0e-b15f-2873c3c92678,1,Schafer's Food #1,,,Temporary Food Establishments,Temporary Food Establishments,food,True,False,op_permit_food,Closed,,2025-09-22,FT WORTH TX 76101,True,,1,1,FESP006357-08-2025,FESP006357-08-2025,Expired,2025-09-21,https://cityofallentx-energovweb.tylerhost.net/apps/selfservice#/operationalPermit/9DBE6340-5639-4B18-A035-F4C5F95455C3,0,0,,,0,0,0,,,0,0,,,0,0,0,,,0
22685e93-e537-4db4-aa6a-7099a95c6765,22685e93-e537-4db4-aa6a-7099a95c6765,1,Schafer's Food #10,,,Temporary Food Establishments,Temporary Food Establishments,food,True,False,op_permit_food,Closed,,2025-09-22,Ft Worth TX,True,,1,1,FESP006363-08-2025,FESP006363-08-2025,Expired,2025-09-21,https://cityofallentx-energovweb.tylerhost.net/apps/selfservice#/operationalPermit/FCDC4236-3606-4F2D-ABAD-E88F745529AF,0,0,,,0,0,0,,,0,0,,,0,0,0,,,0
bdf01088-bad0-48b3-aef1-4001748f9ea1,bdf01088-bad0-48b3-aef1-4001748f9ea1,1,Schafer's Food #11,,,Temporary Food Establishments,Temporary Food Establishments,food,True,False,op_permit_food,Closed,,2025-09-22,Ft Worth TX 76101,True,,1,1,FESP006365-08-2025,FESP006365-08-2025,Expired,2026-09-21,https://cityofallentx-energovweb.tylerhost.net/apps/selfservice#/operationalPermit/9197A027-DD01-4CE3-8601-0558526606DE,0,0,,,0,0,0,,,0,0,,,0,0,0,,,0
f20e35c9-78fb-45f0-863b-68596851486c,f20e35c9-78fb-45f0-863b-68596851486c,1,Schafer's Food #12,,,Temporary Food Establishments,Temporary Food Establishments,food,True,False,op_permit_food,Closed,,2025-09-22,Ft Worth TX 76101,True,,1,1,FESP006367-08-2025,FESP006367-08-2025,Expired,2026-09-21,https://cityofallentx-energovweb.tylerhost.net/apps/selfservice#/operationalPermit/B008A99A-1FB4-455A-912A-1F7342B218BF,0,0,,,0,0,0,,,0,0,,,0,0,0,,,0
d0c19f71-53c9-4955-bbb0-3906f55e4704,d0c19f71-53c9-4955-bbb0-3906f55e4704,1,Schafer's Food #13,,,Temporary Food Establishments,Temporary Food Establishments,food,True,False,op_permit_food,Closed,,2025-09-22,Ft Worth TX 76101,True,,1,1,FESP006369-08-2025,FESP006369-08-2025,Expired,2026-09-21,https://cityofallentx-energovweb.tylerhost.net/apps/selfservice#/operationalPermit/908A5ACF-C477-4A39-ADD4-24B576F80D6F,0,0,,,0,0,0,,,0,0,,,0,0,0,,,0
5e85883a-1c5a-4ca4-a349-4981bfcbe3b1,5e85883a-1c5a-4ca4-a349-4981bfcbe3b1,1,Schafer's Food #14,,,Temporary Food Establishments,Temporary Food Establishments,food,True,False,op_permit_food,Closed,,2025-09-22,Ft Worth TX 76101,True,,1,1,FESP006370-08-2025,FESP006370-08-2025,Expired,2025-09-21,https://cityofallentx-energovweb.tylerhost.net/apps/selfservice#/operationalPermit/9605E23F-53FC-46AA-BC1C-34AC41F4AF4E,0,0,,,0,0,0,,,0,0,,,0,0,0,,,0
bb8d2764-92d4-4ee9-b5ea-4925320ffffe,bb8d2764-92d4-4ee9-b5ea-4925320ffffe,1,Schafer's Food #2,,,Temporary Food Establishments,Temporary Food Establishments,food,True,False,op_permit_food,Closed,,2025-09-22,FT WORTH TX 76101,True,,1,1,FESP006358-08-2025,FESP006358-08-2025,Expired,2025-09-21,https://cityofallentx-energovweb.tylerhost.net/apps/selfservice#/operationalPermit/14875A72-46F2-4B87-8176-D05B3184CE29,0,0,,,0,0,0,,,0,0,,,0,0,0,,,0
5d09904e-0db3-4734-b69e-c880463006c6,5d09904e-0db3-4734-b69e-c880463006c6,1,Schafer's Food #3,,,Temporary Food Establishments,Temporary Food Establishments,food,True,False,op_permit_food,Closed,,2025-09-22,FT WORTH TX 76101,True,,1,1,FESP006360-08-2025,FESP006360-08-2025,Expired,2025-09-21,https://cityofallentx-energovweb.tylerhost.net/apps/selfservice#/operationalPermit/D2A25883-97BA-424C-BE7E-034DBDD109F4,0,0,,,0,0,0,,,0,0,,,0,0,0,,,0
02ba7106-e037-4132-a432-6e109e23f146,02ba7106-e037-4132-a432-6e109e23f146,1,Schafer's Food #4,,,Temporary Food Establishments,Temporary Food Establishments,food,True,False,op_permit_food,Closed,,2025-09-22,FT WORTH TX 76101,True,,1,1,FESP006362-08-2025,FESP006362-08-2025,Expired,2025-09-21,https://cityofallentx-energovweb.tylerhost.net/apps/selfservice#/operationalPermit/70C748A9-3022-48FE-B47D-3CF53275658D,0,0,,,0,0,0,,,0,0,,,0,0,0,,,0
543e8cb2-c554-464d-a34c-5b3cbbaac9c2,543e8cb2-c554-464d-a34c-5b3cbbaac9c2,1,Schafer's Food #5,,,Temporary Food Establishments,Temporary Food Establishments,food,True,False,op_permit_food,Closed,,2025-09-22,FT WORTH TX 76101,True,,1,1,FESP006364-08-2025,FESP006364-08-2025,Expired,2025-09-21,https://cityofallentx-energovweb.tylerhost.net/apps/selfservice#/operationalPermit/6552522B-472D-4FD0-BE32-A35B5AFC273E,0,0,,,0,0,0,,,0,0,,,0,0,0,,,0
ee9f8450-2d80-4092-ac32-5556c2add41d,ee9f8450-2d80-4092-ac32-5556c2add41d,1,Schafer's Food #6,,,Temporary Food Establishments,Temporary Food Establishments,food,True,False,op_permit_food,Closed,,2025-09-22,FT WORTH TX 76101,True,,1,1,FESP006366-08-2025,FESP006366-08-2025,Expired,2025-09-21,https://cityofallentx-energovweb.tylerhost.net/apps/selfservice#/operationalPermit/811256F2-0BE9-48D8-9177-AAC54A35F19D,0,0,,,0,0,0,,,0,0,,,0,0,0,,,0
dae069f8-c637-4dc6-9d9f-9e1b9d899a75,dae069f8-c637-4dc6-9d9f-9e1b9d899a75,1,Schafer's Food #7,,,Temporary Food Establishments,Temporary Food Establishments,food,True,False,op_permit_food,Closed,,2025-09-22,FT WORTH TX 76101,True,,1,1,FESP006368-08-2025,FESP006368-08-2025,Expired,2025-09-21,https://cityofallentx-energovweb.tylerhost.net/apps/selfservice#/operationalPermit/FD2B58DD-14FA-4613-BAC5-B087B4AB7978,0,0,,,0,0,0,,,0,0,,,0,0,0,,,0
97698ab6-6859-473d-beb0-a7acb34b1b2c,97698ab6-6859-473d-beb0-a7acb34b1b2c,1,Schafer's Food #8,,,Temporary Food Establishments,Temporary Food Establishments,food,True,False,op_permit_food,Closed,,2025-09-22,Ft Worth TX 76101,True,,1,1,FESP006359-08-2025,FESP006359-08-2025,Expired,2025-09-21,https://cityofallentx-energovweb.tylerhost.net/apps/selfservice#/operationalPermit/C42367EA-7CB8-47CB-AC63-3B6319AFDEBF,0,0,,,0,0,0,,,0,0,,,0,0,0,,,0
6a9dcaf2-ea96-46fc-b150-d3531b299b7f,6a9dcaf2-ea96-46fc-b150-d3531b299b7f,1,Schafer's Food #9,,,Temporary Food Establishments,Temporary Food Establishments,food,True,False,op_permit_food,Closed,,2025-09-22,Ft. Worth TX 76101,True,,1,1,FESP006361-08-2025,FESP006361-08-2025,Expired,2025-09-21,https://cityofallentx-energovweb.tylerhost.net/apps/selfservice#/operationalPermit/54063C91-8860-4A14-A8AF-19BDEB400A37,0,0,,,0,0,0,,,0,0,,,0,0,0,,,0
5fa8fae7-4af4-49e7-a9f9-697c70aa2771,5fa8fae7-4af4-49e7-a9f9-697c70aa2771,1,"Schafer's Food, LLC #1",,,Special Event - Food Establishment,Special Event - Food Establishment,special event,True,False,license_special_event_food,Closed,,2025-02-11,Fort Worth TX 76101,True,,1,0,FESP005543-08-2024,FESP005543-08-2024,Expired,2024-09-08,https://cityofallentx-energovweb.tylerhost.net/apps/selfservice#/businessLicense/961cface-ad7e-438b-a5e4-a916e4198b47,0,0,,,0,0,0,,,0,0,,,0,0,0,,,0
bb84f3c2-f6f7-49cd-a604-ba4fd2467b3a,bb84f3c2-f6f7-49cd-a604-ba4fd2467b3a,1,"Schafer's Food, LLC #10",,,Special Event - Food Establishment,Special Event - Food Establishment,special event,True,False,license_special_event_food,Closed,,2025-02-11,Fort Worth TX 76101,True,,1,0,FESP005554-08-2024,FESP005554-08-2024,Expired,2024-09-08,https://cityofallentx-energovweb.tylerhost.net/apps/selfservice#/businessLicense/52dc3da7-aaff-4fc3-a3fb-077b0940f534,0,0,,,0,0,0,,,0,0,,,0,0,0,,,0
19c7590b-4e2c-46f6-8aae-5184d7d615d9,19c7590b-4e2c-46f6-8aae-5184d7d615d9,1,"Schafer's Food, LLC #11",,,Special Event - Food Establishment,Special Event - Food Establishment,special event,True,False,license_special_event_food,Closed,,2025-02-11,1515 N GREENVILLE AVE ALLEN TX 75002,False,122385,1,0,FESP005555-08-2024,FESP005555-08-2024,Expired,2024-09-08,https://cityofallentx-energovweb.tylerhost.net/apps/selfservice#/businessLicense/9d2d5af2-2edb-4281-8b9f-f7a2cbc43acc,0,0,,,0,0,0,,,0,0,,,0,0,0,,,0
1a61dc01-9720-41d4-87f4-b651c1060634,1a61dc01-9720-41d4-87f4-b651c1060634,1,"Schafer's Food, LLC #2",,,Special Event - Food Establishment,Special Event - Food Establishment,special event,True,False,license_special_event_food,Closed,,2025-02-11,Fort Worth TX 76101,True,,1,0,FESP005544-08-2024,FESP005544-08-2024,Expired,2024-09-08,https://cityofallentx-energovweb.tylerhost.net/apps/selfservice#/businessLicense/f50aa855-bef3-47c1-bf98-0b6402761b92,0,0,,,0,0,0,,,0,0,,,0,0,0,,,0
e6df91f5-eff2-46a7-8b1b-d11f39db678e,e6df91f5-eff2-46a7-8b1b-d11f39db678e,1,"Schafer's Food, LLC #3",,,Special Event - Food Establishment,Special Event - Food Establishment,special event,True,False,license_special_event_food,Closed,,2025-07-30,Fort Worth TX 76101,True,,1,0,FESP005545-08-2024,FESP005545-08-2024,Expired,2024-09-08,https://cityofallentx-energovweb.tylerhost.net/apps/selfservice#/businessLicense/7b6c231f-18b9-48ff-afaf-7afb349f9070,0,0,,,0,0,0,,,0,0,,,0,0,0,,,0
32252027-1c74-4484-abcf-fc22c5ef3e61,32252027-1c74-4484-abcf-fc22c5ef3e61,1,"Schafer's Food, LLC #4",,,Special Event - Food Establishment,Special Event - Food Establishment,special event,True,False,license_special_event_food,Closed,,2025-07-30,Fort Worth TX 76101,True,,1,0,FESP005548-08-2024,FESP005548-08-2024,Expired,2024-09-08,https://cityofallentx-energovweb.tylerhost.net/apps/selfservice#/businessLicense/2e393181-a637-438c-8dec-3cdbcea08de6,0,0,,,0,0,0,,,0,0,,,0,0,0,,,0
164b6a60-bcbe-458f-827a-2b5e47a8bac7,164b6a60-bcbe-458f-827a-2b5e47a8bac7,1,"Schafer's Food, LLC #5",,,Special Event - Food Establishment,Special Event - Food Establishment,special event,True,False,license_special_event_food,Closed,,2025-07-30,Fort Worth TX 76101,True,,1,0,FESP005549-08-2024,FESP005549-08-2024,Expired,2024-09-08,https://cityofallentx-energovweb.tylerhost.net/apps/selfservice#/businessLicense/b8fa87eb-2db5-4e04-91f9-02aded28482e,0,0,,,0,0,0,,,0,0,,,0,0,0,,,0
5181c7f7-7fac-42f2-bc3b-14e9074cd9f3,5181c7f7-7fac-42f2-bc3b-14e9074cd9f3,1,"Schafer's Food, LLC #6",,,Special Event - Food Establishment,Special Event - Food Establishment,special event,True,False,license_special_event_food,Closed,,2025-07-30,Fort Worth TX 76101,True,,1,0,FESP005550-08-2024,FESP005550-08-2024,Expired,2024-09-08,https://cityofallentx-energovweb.tylerhost.net/apps/selfservice#/businessLicense/88ffa23c-941a-4feb-b34a-dd1ff0091bfa,0,0,,,0,0,0,,,0,0,,,0,0,0,,,0
aca9846c-940f-4c13-9614-52c9f9ae45fa,aca9846c-940f-4c13-9614-52c9f9ae45fa,1,"Schafer's Food, LLC #7",,,Special Event - Food Establishment,Special Event - Food Establishment,special event,True,False,license_special_event_food,Closed,,2025-07-30,1515 N GREENVILLE AVE ALLEN TX 75002,False,122385,1,0,FESP005551-08-2024,FESP005551-08-2024,Expired,2024-09-08,https://cityofallentx-energovweb.tylerhost.net/apps/selfservice#/businessLicense/d2f21993-76ba-474a-bc81-b37b381ba388,1,1,2024-09-05,2024-09-05,0,0,0,,,1,1,2024-09-05,2024-09-05,0,0,0,,,0
13490a83-485e-441d-b597-a6a4f45eb957,13490a83-485e-441d-b597-a6a4f45eb957,1,"Schafer's Food, LLC #8",,,Special Event - Food Establishment,Special Event - Food Establishment,special event,True,False,license_special_event_food,Closed,,2025-02-11,1515 N GREENVILLE AVE ALLEN TX 75002,False,122385,1,0,FESP005552-08-2024,FESP005552-08-2024,Expired,2024-09-08,https://cityofallentx-energovweb.tylerhost.net/apps/selfservice#/businessLicense/4cd0ce9f-d307-4adf-b6b1-3198677cd8f8,1,1,2024-09-05,2024-09-05,0,0,0,,,1,1,2024-09-05,2024-09-05,0,0,0,,,0
5f2dfa9e-72d8-4124-80ad-96dcc1bf0bb6,5f2dfa9e-72d8-4124-80ad-96dcc1bf0bb6,1,"Schafer's Food, LLC #9",,,Special Event - Food Establishment,Special Event - Food Establishment,special event,True,False,license_special_event_food,Closed,,2025-02-11,1515 N GREENVILLE AVE ALLEN TX 75002,False,122385,1,0,FESP005553-08-2024,FESP005553-08-2024,Expired,2024-09-08,https://cityofallentx-energovweb.tylerhost.net/apps/selfservice#/businessLicense/e4a12d39-7349-494b-8797-5f985bbb4527,1,1,2024-09-05,2024-09-05,0,0,0,,,1,1,2024-09-05,2024-09-05,0,0,0,,,0
c97bc2b7-e9dc-4eaa-88f5-a06fd557518a,c97bc2b7-e9dc-4eaa-88f5-a06fd557518a,1,Schafers Food (Burger Palace),,,Temporary Food Establishment - Food Establishment,Temporary Food Establishment - Food Establishment,food,True,False,license_food,Closed,2022-09-08,2022-09-10,Fort Worth TX 76101,True,,1,0,FE003995-08-2022,FE003995-08-2022,Expired,2022-09-10,https://cityofallentx-energovweb.tylerhost.net/apps/selfservice#/businessLicense/b940703b-2ce8-4fd2-9f79-8ffcf2e5730a,0,0,,,0,0,0,,,0,0,,,0,0,0,,,0
4ede275d-b1a3-4bd6-93cd-0736e94c159d,4ede275d-b1a3-4bd6-93cd-0736e94c159d,1,Schafers Food (Deepfried Treats),,,Temporary Food Establishment - Food Establishment,Temporary Food Establishment - Food Establishment,food,True,False,license_food,Closed,,2022-09-12,Fort Worth TX 76101,True,,1,0,FE003993-08-2022,FE003993-08-2022,Expired,2022-09-10,https://cityofallentx-energovweb.tylerhost.net/apps/selfservice#/businessLicense/f7a0e1c6-11e2-4df3-9c33-893d457919e5,0,0,,,0,0,0,,,0,0,,,0,0,0,,,0
8d413a8a-4301-41cb-9f56-4647011206f5,8d413a8a-4301-41cb-9f56-4647011206f5,1,Schafers Food (Feezezone),,,Temporary Food Establishment - Food Establishment,Temporary Food Establishment - Food Establishment,food,True,False,license_food,Closed,2022-09-08,2022-09-10,Fort Worth TX 76101,True,,1,0,FE004003-08-2022,FE004003-08-2022,Expired,2022-09-10,https://cityofallentx-energovweb.tylerhost.net/apps/selfservice#/businessLicense/9d3f2a7b-cee1-43cc-9ccf-f859f127adc6,0,0,,,0,0,0,,,0,0,,,0,0,0,,,0
707ebe35-74e5-4370-b884-8c294ce8a698,707ebe35-74e5-4370-b884-8c294ce8a698,1,Schafers Food (Freezezone),,,Special Event - Food Establishment,Special Event - Food Establishment,special event,True,False,license_special_event_food,Closed,2022-09-08,2022-09-10,Fort Worth TX 76101,True,,1,0,FESP003991-08-2022,FESP003991-08-2022,Expired,2022-09-10,https://cityofallentx-energovweb.tylerhost.net/apps/selfservice#/businessLicense/23ddc5f2-0349-46dc-a764-2d04ae64f2a2,1,1,2022-09-08,2022-09-08,0,0,0,,,1,1,2022-09-08,2022-09-08,0,0,0,,,0
257701de-c1b5-4ee7-9d00-eba2235ff196,257701de-c1b5-4ee7-9d00-eba2235ff196,1,Schafers Food (Funnel Cake),,,Temporary Food Establishment - Food Establishment,Temporary Food Establishment - Food Establishment,food,True,False,license_food,Closed,,2022-09-12,Fort Worth TX 76101,True,,1,0,FE003992-08-2022,FE003992-08-2022,Expired,2022-09-10,https://cityofallentx-energovweb.tylerhost.net/apps/selfservice#/businessLicense/0be19a0f-fb54-4837-a52e-4026b410e797,1,1,2022-09-08,2022-09-08,0,0,0,,,1,1,2022-09-08,2022-09-08,0,0,0,,,0
bdeda5af-5325-48d2-9fe4-b2bd184b03bf,bdeda5af-5325-48d2-9fe4-b2bd184b03bf,1,Schafers Food (LG Funnel Cake),,,Temporary Food Establishment - Food Establishment,Temporary Food Establishment - Food Establishment,food,True,False,license_food,Closed,2022-09-08,2022-09-10,Fort Worth TX 76101,True,,1,0,FE003996-08-2022,FE003996-08-2022,Expired,2022-09-10,https://cityofallentx-energovweb.tylerhost.net/apps/selfservice#/businessLicense/df512304-42ce-47be-98aa-0776cff35b95,0,0,,,0,0,0,,,0,0,,,0,0,0,,,0
a71d2cd5-8abf-4f85-94aa-0ecf908286c2,a71d2cd5-8abf-4f85-94aa-0ecf908286c2,1,Schafers Food (Lemonade),,,Temporary Food Establishment - Food Establishment,Temporary Food Establishment - Food Establishment,food,True,False,license_food,Closed,,2022-09-12,Fort Worth TX 76101,True,,1,0,FE003990-08-2022,FE003990-08-2022,Expired,2022-09-10,https://cityofallentx-energovweb.tylerhost.net/apps/selfservice#/businessLicense/5e6a2eed-276c-4aab-9d0f-2b232b179932,1,1,2022-09-08,2022-09-08,0,0,0,,,1,1,2022-09-08,2022-09-08,0,0,0,,,0
92b08ff5-3912-4386-b7f9-53f1fd292053,92b08ff5-3912-4386-b7f9-53f1fd292053,1,Schafers Food (Pizza),,,Temporary Food Establishment - Food Establishment,Temporary Food Establishment - Food Establishment,food,True,False,license_food,Closed,2022-09-08,2022-09-10,Fort Worth TX 76101,True,,1,0,FE003994-08-2022,FE003994-08-2022,Expired,2022-09-10,https://cityofallentx-energovweb.tylerhost.net/apps/selfservice#/businessLicense/e203e464-4401-4467-b31e-cdafd439cc24,0,0,,,0,0,0,,,0,0,,,0,0,0,,,0
b37b7292-2fc1-4cdc-aa17-231e2befbc35,b37b7292-2fc1-4cdc-aa17-231e2befbc35,1,Schafers Food (Sugar Shack),,,Temporary Food Establishment - Food Establishment,Temporary Food Establishment - Food Establishment,food,True,False,license_food,Closed,2022-09-08,2022-09-10,Fort Worth TX 76101,True,,1,0,FE003998-08-2022,FE003998-08-2022,Expired,2022-09-10,https://cityofallentx-energovweb.tylerhost.net/apps/selfservice#/businessLicense/a1243ba5-7816-4f3c-8bfc-dd2dce03143f,1,1,2022-09-08,2022-09-08,0,0,0,,,1,1,2022-09-08,2022-09-08,0,0,0,,,0
62d8ef8d-c423-4edd-94d2-fc4490abc4de,62d8ef8d-c423-4edd-94d2-fc4490abc4de,1,Schafers Food (Turkey Leg),,,Temporary Food Establishment - Food Establishment,Temporary Food Establishment - Food Establishment,food,True,False,license_food,Closed,2022-09-08,2022-09-10,Fort Worth TX 76101,True,,1,0,FE003997-08-2022,FE003997-08-2022,Expired,2023-09-08,https://cityofallentx-energovweb.tylerhost.net/apps/selfservice#/businessLicense/2c01120a-22d4-4979-b73e-cac0cfc056af,1,1,2022-09-08,2022-09-08,0,0,0,,,1,1,2022-09-08,2022-09-08,0,0,0,,,0
18062dda-7863-4942-8b50-be483a12dba1,18062dda-7863-4942-8b50-be483a12dba1,1,Schlotzsky's,,,Heavy Food Preparation,Heavy Food Preparation,food,False,False,op_permit_food,Open,2017-09-20,2025-10-31,502 W MCDERMOTT DR ALLEN TX 75013,False,113694,9,9,FE000312-09-2017,FE006415-09-2025,Pending Payment,2999-01-01,https://cityofallentx-energovweb.tylerhost.net/apps/selfservice#/operationalPermit/0b7ef9cd-92ff-4792-ac07-b369421551c8,19,19,2019-03-18,2027-03-09,1,0,0,,,19,19,2019-03-18,2027-03-09,1,0,0,,,0
9905da64-9435-4202-b81f-2e39b0c41d11,9905da64-9435-4202-b81f-2e39b0c41d11,1,Schoolhouse 226 Twin Creeks,,,Day Care Facility,Day Care Facility,day care,False,False,op_permit_daycare,Closed,,2021-03-26,210 N ALMA DR  ALLEN TX 75013,False,113837,1,1,DC001650-07-2019,DC001650-07-2019,Annual Renewal Completed,2020-07-25,https://cityofallentx-energovweb.tylerhost.net/apps/selfservice#/operationalPermit/67C30F0E-21BC-435A-BBED-B924031CDCB6,2,1,2020-02-17,2020-02-17,0,0,0,,,2,1,2020-02-17,2020-02-17,0,0,0,,,0
c6e72436-5c5d-43a4-bd49-8a4f6a2cfc9a,c6e72436-5c5d-43a4-bd49-8a4f6a2cfc9a,1,Scooter's Coffee,,,Heavy Food Preparation,Heavy Food Preparation,food,False,False,op_permit_food,Open,,,1535 E Main St Allen TX 75002,False,,3,3,FE004997-12-2023,FE006562-01-2026,Active,2026-12-21,https://cityofallentx-energovweb.tylerhost.net/apps/selfservice#/operationalPermit/E3ED6763-1339-4E50-A13C-13D4506B490E,6,6,2024-01-25,2026-09-27,0,0,5,88,2026-01-22,6,6,2024-01-25,2026-09-27,0,0,5,88,2026-01-22,0
92d35bd1-eea6-4f91-9f09-5726436e6615,92d35bd1-eea6-4f91-9f09-5726436e6615,1,Scotty P's Hamburgers Allen,,,Heavy Food Preparation,Heavy Food Preparation,food,False,False,op_permit_food,Open,2017-09-28,,109 N CENTRAL EXPY  Unit: 501 ALLEN TX 75013,False,117727,9,9,FE000125-06-2017,FE-006896-05-2026,Active,2027-06-11,https://cityofallentx-energovweb.tylerhost.net/apps/selfservice#/operationalPermit/849665e6-979a-4560-bc88-b07e8043af63,23,23,2017-09-28,2026-05-08,3,0,0,,,23,23,2017-09-28,2026-05-08,3,0,0,,,0
ac1db4bd-2203-4b47-b399-643ad61bc5d5,ac1db4bd-2203-4b47-b399-643ad61bc5d5,1,See's Candies #TX214,,,Concession Stand - Food Establishment,Concession Stand - Food Establishment,food,False,False,license_food,Open,,,872 WATTERS CREEK BLVD A ALLEN TX 75013,False,134232,1,0,FE003340-10-2021,FE003340-10-2021,Expired,2022-05-16,https://cityofallentx-energovweb.tylerhost.net/apps/selfservice#/businessLicense/d874dda8-ffd4-40ee-8a7b-d5f9ae626651,0,0,,,0,0,0,,,0,0,,,0,0,0,,,0
d2522aa0-2b0c-4c45-a7c2-6a6fd20e8ee8,d2522aa0-2b0c-4c45-a7c2-6a6fd20e8ee8,1,Shakertins,,,Heavy - Food Establishment,Heavy - Food Establishment | Heavy Food Preparation,food,False,False,license_food | op_permit_food,Closed,2020-07-06,2025-07-08,190 E STACY RD B1700 Unit: 1734 ALLEN TX 75002,False,127348,6,5,FE001717-08-2019,FE005510-07-2024,Closed,,https://cityofallentx-energovweb.tylerhost.net/apps/selfservice#/businessLicense/a06fd7a1-dac8-45fc-8aa8-7bf0b39c5e89,8,8,2019-11-13,2024-07-29,0,1,2,90,2024-07-29,8,8,2019-11-13,2024-07-29,0,1,2,90,2024-07-29,0
3d3d5d9a-41d0-4215-aabd-694eb8014daa,3d3d5d9a-41d0-4215-aabd-694eb8014daa,1,Shams Caterers dba Spice On Wheels,,,Special Event - Food Establishment,Special Event - Food Establishment,special event,True,False,license_special_event_food,Closed,2024-06-02,2024-06-07,Parker TX 75094,True,,1,0,FESP005350-05-2024,FESP005350-05-2024,Expired,2024-06-02,https://cityofallentx-energovweb.tylerhost.net/apps/selfservice#/businessLicense/0225fba7-a74a-47fa-989f-6442b9712252,1,1,2024-05-31,2024-05-31,0,0,0,,,1,1,2024-05-31,2024-05-31,0,0,0,,,0
193112b2-b289-4df4-9e7f-1bf451e0421a,193112b2-b289-4df4-9e7f-1bf451e0421a,1,Shiawase,,,Heavy Food Preparation,Heavy Food Preparation,food,False,False,op_permit_food,Open,2017-08-23,,2540 N WATTERS RD Unit: 100 ALLEN TX 75013,False,,9,9,FE000067-05-2017,FE006094-04-2025,Active,2027-05-09,https://cityofallentx-energovweb.tylerhost.net/apps/selfservice#/operationalPermit/af9f4576-2e1c-487e-b00c-10c5a51360cb,20,19,2018-06-11,2026-09-27,7,0,3,84,2025-08-20,20,19,2018-06-11,2026-09-27,7,0,3,84,2025-08-20,0
cbbaa2b1-28f4-498f-984e-51c9f8b11289,cbbaa2b1-28f4-498f-984e-51c9f8b11289,1,Shin's Donuts,,,Heavy - Food Establishment,Heavy - Food Establishment | Heavy Food Preparation,food,False,False,license_food | op_permit_food,Closed,,2018-10-10,206 N GREENVILLE AVE Unit: 900 ALLEN TX 75002,False,104995,5,4,FE000226-08-2017,FE003439-01-2022,Expired,2022-12-20,https://cityofallentx-energovweb.tylerhost.net/apps/selfservice#/businessLicense/11c8f860-a2ed-4bef-b036-7372f808be49,2,2,2017-12-15,2018-06-05,0,0,0,,,2,2,2017-12-15,2018-06-05,0,0,0,,,0
82195170-064d-4a96-b0ed-00aef5cf01fc,82195170-064d-4a96-b0ed-00aef5cf01fc,1,Shin's Dounts,,,Heavy - Food Establishment,Heavy - Food Establishment | Heavy Food Preparation,food,False,False,license_food | op_permit_food,Closed,2019-06-07,2024-10-30,206 N GREENVILLE AVE  Unit: 900 ALLEN TX 75002,False,104995,4,3,FE001070-10-2018,FE005038-01-2024,Closed,,https://cityofallentx-energovweb.tylerhost.net/apps/selfservice#/businessLicense/e8e561d8-5c05-4c82-ae9b-f4ce5d5a8fe9,17,16,2019-06-07,2024-07-11,8,0,0,,,17,16,2019-06-07,2024-07-11,8,0,0,,,0
3e8890cb-7e1b-4545-b31a-7fbe983fde3b,3e8890cb-7e1b-4545-b31a-7fbe983fde3b,1,Shindiggs Catering,,,Temporary Food Establishment - Food Establishment,Temporary Food Establishment - Food Establishment,food,True,False,license_food,Closed,2018-11-15,2018-11-17,300 RIVERCREST BLVD  ALLEN TX 75002,False,107359,1,0,FE001127-11-2018,FE001127-11-2018,Expired,2018-11-17,https://cityofallentx-energovweb.tylerhost.net/apps/selfservice#/businessLicense/75cead56-5447-4df7-b9f7-e2ea0f03c575,1,1,2018-11-15,2018-11-15,0,0,0,,,1,1,2018-11-15,2018-11-15,0,0,0,,,0
22eba39b-f6e4-4d36-881a-c56f5788293c,22eba39b-f6e4-4d36-881a-c56f5788293c,1,Shinrai Japanese Bistro,,,Heavy - Food Establishment,Heavy - Food Establishment | Heavy Food Preparation,food,False,False,license_food | op_permit_food,Closed,2017-05-15,2022-11-09,541 W MCDERMOTT DR ALLEN TX 75013,False,110855,3,2,FE000179-06-2017,FE001508-05-2019,Expired,2020-05-17,https://cityofallentx-energovweb.tylerhost.net/apps/selfservice#/businessLicense/606b7ae9-7725-4bf6-afb5-82e335fb4ff8,5,5,2018-05-14,2019-11-18,1,0,0,,,5,5,2018-05-14,2019-11-18,1,0,0,,,0
a4d01dee-491b-4538-a538-6d0b985aeedb,1f85cb87-7bc9-4318-916d-7f3d49251808,2,Shivas Bar & Grill Indian Place,,,Heavy Food Preparation,Heavy Food Preparation,food,False,False,op_permit_food,Open,,,968 Village Green Dr Allen TX 750133741,False,,3,3,FE005124-02-2024,FE006722-02-2026,Annual Renewal Completed,2027-02-05,https://cityofallentx-energovweb.tylerhost.net/apps/selfservice#/operationalPermit/3571549D-2065-4FC3-BA24-7E3DC1CF44E9,8,8,2024-06-17,2026-09-27,4,0,0,,,8,8,2024-06-17,2026-09-27,4,0,0,,,0
1f85cb87-7bc9-4318-916d-7f3d49251808,1f85cb87-7bc9-4318-916d-7f3d49251808,2,Shivas Bar and Grill Indian Place,,,Heavy Food Preparation,Heavy Food Preparation,food,False,False,op_permit_food,Closed,,2024-04-02,968 Village Green Dr Allen TX 750133741,False,,1,1,FE005076-01-2024,FE005076-01-2024,Expired,2999-01-01,https://cityofallentx-energovweb.tylerhost.net/apps/selfservice#/operationalPermit/E5ACA40A-FC84-4892-BE58-8AE60812AA4C,0,0,,,0,0,0,,,8,8,2024-06-17,2026-09-27,4,0,0,,,0
2fcc34b3-562f-47e4-b7bc-df1937b7c801,2fcc34b3-562f-47e4-b7bc-df1937b7c801,1,Shoagies,,,Temporary Food Establishment - Food Establishment,Temporary Food Establishment - Food Establishment,food,True,False,license_food,Open,2023-05-13,2023-05-13,McKinney TX 75070,True,,1,0,FE004531-04-2023,FE004531-04-2023,Expired,2023-05-13,https://cityofallentx-energovweb.tylerhost.net/apps/selfservice#/businessLicense/11729856-02a9-4468-b914-ed26a100cf43,0,0,,,0,0,0,,,0,0,,,0,0,0,,,0
13a1daec-eab2-4247-a5bf-09022d6c61f7,13a1daec-eab2-4247-a5bf-09022d6c61f7,2,Siang Sushi @ Kroger 568,,,Light - Food Establishment,Light - Food Establishment | Light Food Preparation,food,False,False,license_food | op_permit_food,Closed,,2022-10-14,1320 W MCDERMOTT DR ALLEN TX 75013,False,,3,2,FE001796-10-2019,FE003320-09-2021,Expired,2022-10-05,https://cityofallentx-energovweb.tylerhost.net/apps/selfservice#/businessLicense/4e3cdf22-e1c6-4431-8df6-15e9b7a540cc,3,3,2020-01-06,2022-06-27,0,0,0,,,7,7,2018-12-27,2022-06-27,0,0,0,,,0
cdf72698-7198-4ad0-be2a-57e90b5da9b8,13a1daec-eab2-4247-a5bf-09022d6c61f7,2,Siang Sushi @ Kroger 568,,,Heavy - Food Establishment,Heavy - Food Establishment | Heavy Food Preparation,food,False,False,license_food | op_permit_food,Closed,2017-06-28,2023-12-07,1320 W MCDERMOTT DR ALLEN TX 75013,False,113691,2,1,FE000329-10-2017,FE001100-10-2018,Expired,2019-10-04,https://cityofallentx-energovweb.tylerhost.net/apps/selfservice#/businessLicense/4037f57f-af72-461b-9c34-4fba6a855483,4,4,2018-12-27,2021-01-28,0,0,0,,,7,7,2018-12-27,2022-06-27,0,0,0,,,0
8ccc4f50-36e7-4a79-80fc-197d1e5ca49e,8ccc4f50-36e7-4a79-80fc-197d1e5ca49e,1,Silver Spoon Restaurant,,,Heavy Food Preparation,Heavy Food Preparation,food,False,False,op_permit_food,Closed,2017-09-28,2026-01-23,1223 W MCDERMOTT DR  Unit: 85 ALLEN TX 75013,False,115799,9,9,FE000083-05-2017,FE006104-05-2025,Annual Renewal Completed,,https://cityofallentx-energovweb.tylerhost.net/apps/selfservice#/operationalPermit/8A673DDF-C2A0-4E23-AAC7-D162E71A5AA1,18,18,2017-09-28,2025-08-11,3,0,4,88,2025-07-24,18,18,2017-09-28,2025-08-11,3,0,4,88,2025-07-24,0
ed08020a-2724-4810-b551-b84b5f4f2329,ed08020a-2724-4810-b551-b84b5f4f2329,1,Silver Thai Cuisine,,,Heavy Food Preparation,Heavy Food Preparation,food,False,False,op_permit_food,Open,2017-06-16,,906 W MCDERMOTT DR Unit: 104 ALLEN TX 75013,False,117729,9,9,FE000263-08-2017,FE006384-09-2025,Expired,2026-08-26,https://cityofallentx-energovweb.tylerhost.net/apps/selfservice#/operationalPermit/F389E06F-50B2-4FD2-8A7B-3990623570C7,35,35,2018-04-30,2026-07-21,14,0,1,67,2024-08-19,35,35,2018-04-30,2026-07-21,14,0,1,67,2024-08-19,0
a1dc6507-e4e7-4dd2-b4b8-91022538293a,a1dc6507-e4e7-4dd2-b4b8-91022538293a,1,Skew U (JJR-8433),,,Temporary Food Establishment - Food Establishment,Temporary Food Establishment - Food Establishment | Temporary Food Establishments,food,True,False,license_food | op_permit_food,Open,2018-11-30,,300 N ALLEN DR  ALLEN TX 75013,False,122494,2,1,FE001130-11-2018,FE001555-06-2019,Expired,2019-06-17,https://cityofallentx-energovweb.tylerhost.net/apps/selfservice#/businessLicense/224dadee-4155-49f4-925b-8655fbf5dd0e,2,2,2018-11-30,2019-06-17,0,0,0,,,2,2,2018-11-30,2019-06-17,0,0,0,,,0
4f0f9150-221e-4dd9-bbf4-cbf9c0028da1,4f0f9150-221e-4dd9-bbf4-cbf9c0028da1,1,Skillman Wok,,,Heavy - Food Establishment,Heavy - Food Establishment | Heavy Food Preparation,food,False,False,license_food | op_permit_food,Closed,2017-07-07,2023-03-01,1208 E BETHANY DR Unit: 4 ALLEN TX 75002,False,131393,5,4,FE000524-01-2018,FE003505-01-2022,Expired,2023-02-04,https://cityofallentx-energovweb.tylerhost.net/apps/selfservice#/businessLicense/a3935a60-0a62-43fe-b48f-15fc51817cb1,12,12,2018-07-11,2022-03-24,4,0,0,,,12,12,2018-07-11,2022-03-24,4,0,0,,,0
1c3778db-2029-442f-b0e9-d670c89aa3f0,1c3778db-2029-442f-b0e9-d670c89aa3f0,1,Slice @ CUTX,,,Concession Stand,Concession Stand,food,False,False,op_permit_food,Open,,,200 E Stacy Rd Unit: # 1350 Allen TX 75002,False,,2,2,FE005390-06-2024,FE-006962-07-2026,Annual Renewal Completed,2027-08-09,https://cityofallentx-energovweb.tylerhost.net/apps/selfservice#/operationalPermit/ecfc6ac8-5013-4d0c-b1a7-d4b37177d453,3,3,2024-07-01,2026-04-03,0,0,0,,,3,3,2024-07-01,2026-04-03,0,0,0,,,0
fbd87c9c-d93a-4aac-9818-bd010e76675f,fbd87c9c-d93a-4aac-9818-bd010e76675f,1,Sloppy Mess Kitchen,,,Heavy - Food Establishment,Heavy - Food Establishment | Heavy Food Preparation,food,False,False,license_food | op_permit_food,Closed,,2023-10-13,107 N GREENVILLE AVE Unit: A ALLEN TX 75002,False,104942,2,1,FE003400-12-2021,FE004149-11-2022,Expired,2023-12-08,https://cityofallentx-energovweb.tylerhost.net/apps/selfservice#/businessLicense/3dfc5c45-44b1-4b60-b8e6-a62a7389cfb1,4,4,2022-03-23,2023-05-16,0,0,0,,,4,4,2022-03-23,2023-05-16,0,0,0,,,0
5ed596d4-1ca2-4746-8626-16a2a8c43c29,5ed596d4-1ca2-4746-8626-16a2a8c43c29,1,Small Miracles Academy,,,Day Care Facility,Day Care Facility,day care,False,False,op_permit_daycare,Closed,2018-12-18,2024-09-13,208 N ALLEN HEIGHTS DR ALLEN TX 75002,False,105314,6,6,DC000413-11-2017,DC004145-11-2022,Annual Renewal Completed,2023-11-13,https://cityofallentx-energovweb.tylerhost.net/apps/selfservice#/operationalPermit/99005F55-4A6D-411F-9D32-DBD65DD965E7,10,10,2018-12-18,2023-09-26,2,0,1,97,2023-09-08,10,10,2018-12-18,2023-09-26,2,0,1,97,2023-09-08,0
644a20d4-22fc-47bf-a3eb-7125fc3bd1a6,644a20d4-22fc-47bf-a3eb-7125fc3bd1a6,1,Small Sliders (C352021),,,Special Event - Food Establishment,Special Event - Food Establishment,special event,True,False,license_special_event_food,Closed,,2024-12-09,Atlanta GA 30328,True,,1,0,FESP005734-12-2024,FESP005734-12-2024,Expired,2024-12-09,https://cityofallentx-energovweb.tylerhost.net/apps/selfservice#/businessLicense/64cf8cc4-2633-4ca1-981f-bd856bc9a379,1,1,2024-12-09,2024-12-09,0,0,0,,,1,1,2024-12-09,2024-12-09,0,0,0,,,0
33c28b97-f644-4e46-8fc4-e768828946f9,33c28b97-f644-4e46-8fc4-e768828946f9,1,Smart Fox Early Learning Academy,,,Day Care Facility,Day Care Facility,day care,False,False,op_permit_daycare,Open,,,716 E MAIN ST ALLEN TX 75002,False,100096,1,1,DC007159-09-2026,DC007159-09-2026,Active,2027-09-22,https://cityofallentx-energovweb.tylerhost.net/apps/selfservice#/operationalPermit/b57ee439-698a-4b82-91c5-ddead32586af,1,1,2026-10-23,2026-10-23,0,0,0,,,1,1,2026-10-23,2026-10-23,0,0,0,,,0
0c21004d-ba1a-48ed-ab8a-7287b254239d,0c21004d-ba1a-48ed-ab8a-7287b254239d,1,Smith Spot BBQ,,,Special Event - Food Establishment,Special Event - Food Establishment,special event,True,False,license_special_event_food,Closed,2024-06-19,2025-08-01,Garland TX 75040,True,,1,0,FESP005393-06-2024,FESP005393-06-2024,Expired,2024-06-19,https://cityofallentx-energovweb.tylerhost.net/apps/selfservice#/businessLicense/3ffd29d4-6f4e-4625-a588-14694d76ac8c,0,0,,,0,0,0,,,0,0,,,0,0,0,,,0
20ceb32c-6c3a-4e77-ad53-9af2d469fcae,20ceb32c-6c3a-4e77-ad53-9af2d469fcae,1,Smith Spot BBQ,,,Special Event - Food Establishment,Special Event - Food Establishment,special event,True,False,license_special_event_food,Closed,2024-06-29,2025-08-01,Garland TX 75040,True,,1,0,FESP005394-06-2024,FESP005394-06-2024,Expired,2024-06-29,https://cityofallentx-energovweb.tylerhost.net/apps/selfservice#/businessLicense/3ae7fa11-da72-4d99-8716-8b348191b8ca,0,0,,,0,0,0,,,0,0,,,0,0,0,,,0
843f3500-3925-4c89-add3-38c6b87f9f08,843f3500-3925-4c89-add3-38c6b87f9f08,1,Smo's Mini Donuts,,,Mobile Food Prep Unit - Food Establishment,Mobile Food Prep Unit - Food Establishment,food,True,False,license_food,Closed,,2022-04-18,,False,,1,0,FE002881-03-2021,FE002881-03-2021,Expired,2022-03-10,https://cityofallentx-energovweb.tylerhost.net/apps/selfservice#/businessLicense/bd1c450b-2b57-40cd-aa91-919f8ee6a401,2,2,2021-03-09,2021-03-10,0,1,0,,,2,2,2021-03-09,2021-03-10,0,1,0,,,0
99b7446b-8e8d-4bed-a144-3f9d5a23331a,99b7446b-8e8d-4bed-a144-3f9d5a23331a,1,Smoken S BBQ,,,Special Event - Food Establishment,Special Event - Food Establishment,special event,True,False,license_special_event_food,Closed,,2023-08-11,1015 SH121 HWY ALLEN TX 75013,False,121010,1,0,FESP001911-12-2019,FESP001911-12-2019,Expired,2019-12-07,https://cityofallentx-energovweb.tylerhost.net/apps/selfservice#/businessLicense/ab690caf-3f6f-4cae-a2c9-62f729dbb839,0,0,,,0,0,0,,,0,0,,,0,0,0,,,0
5990d604-2fd5-494a-9198-8c96b8a3c68f,5990d604-2fd5-494a-9198-8c96b8a3c68f,1,Smoken S BBQ-Holly Jolly,,,Special Event - Food Establishment,Special Event - Food Establishment,special event,True,False,license_special_event_food,Closed,,2021-05-28,300 N ALLEN DR ALLEN TX 75013,False,122494,1,0,FESP001906-11-2019,FESP001906-11-2019,Expired,2019-12-06,https://cityofallentx-energovweb.tylerhost.net/apps/selfservice#/businessLicense/b811ecaa-16fc-47f9-8c4d-fab2d53c9e2b,1,1,2019-12-06,2019-12-06,0,0,0,,,1,1,2019-12-06,2019-12-06,0,0,0,,,0
f70ee117-34f4-45fc-859f-a9b9d0acbe4e,f70ee117-34f4-45fc-859f-a9b9d0acbe4e,1,Smoken SB BBQ & Catering,,,Special Event - Food Establishment,Special Event - Food Establishment,special event,True,False,license_special_event_food,Closed,,2022-03-23,Anna TX 75409,True,,1,0,FESP003061-06-2021,FESP003061-06-2021,Expired,2021-06-26,https://cityofallentx-energovweb.tylerhost.net/apps/selfservice#/businessLicense/80afdd14-fe11-4e50-949a-accbe542bf43,1,1,2021-06-25,2021-06-25,0,0,0,,,1,1,2021-06-25,2021-06-25,0,0,0,,,0
9ef780ac-6738-4f42-93a8-1790b1f22385,9ef780ac-6738-4f42-93a8-1790b1f22385,1,Smokers Only @HD (V606-85H),,,Special Event - Food Establishment,Special Event - Food Establishment,special event,True,False,license_special_event_food,Open,,2018-04-30,ALLEN TX 75013,True,,1,0,FESP000746-04-2018,FESP000746-04-2018,Expired,2018-05-05,https://cityofallentx-energovweb.tylerhost.net/apps/selfservice#/businessLicense/e71875ba-e4dc-452c-b213-86b161904f3f,1,1,2018-04-30,2018-04-30,0,0,0,,,1,1,2018-04-30,2018-04-30,0,0,0,,,0
2e2aefd0-0ae6-4851-b0e7-9605925487dc,2e2aefd0-0ae6-4851-b0e7-9605925487dc,1,Smokey D's DFW,,,Special Event - Food Establishment,Special Event - Food Establishment,special event,True,False,license_special_event_food,Closed,,2021-06-07,200 E STACY RD ALLEN TX 75002,False,127345,1,0,FESP003027-05-2021,FESP003027-05-2021,Expired,2021-06-18,https://cityofallentx-energovweb.tylerhost.net/apps/selfservice#/businessLicense/ff0d6652-7ab9-443a-be84-113d9d081f4f,1,1,2021-06-04,2021-06-04,0,0,0,,,1,1,2021-06-04,2021-06-04,0,0,0,,,0
d4cebf02-d442-4b51-82fb-ed5a18998a0b,d4cebf02-d442-4b51-82fb-ed5a18998a0b,1,Smokey John's BBQ,,,Temporary Food Establishment - Food Establishment,Temporary Food Establishment - Food Establishment,food,True,False,license_food,Closed,2024-10-02,2024-10-02,Dallas TX 75235,True,,1,0,FE005582-09-2024,FE005582-09-2024,Expired,2024-10-02,https://cityofallentx-energovweb.tylerhost.net/apps/selfservice#/businessLicense/b49e4dfe-76ae-41bf-9c8b-3fe83ff9e011,0,0,,,0,0,0,,,0,0,,,0,0,0,,,0
9c017317-0048-4784-8a1d-0080b57b5e5a,9c017317-0048-4784-8a1d-0080b57b5e5a,1,Smokin Lo's Pit Fire BBQ,,,Special Event - Food Establishment,Special Event - Food Establishment,special event,True,False,license_special_event_food,Closed,2017-10-20,2019-08-12,718 S GREENVILLE AVE ALLEN TX 75013,False,107218,1,0,FESP000372-10-2017,FESP000372-10-2017,Expired,2017-10-21,https://cityofallentx-energovweb.tylerhost.net/apps/selfservice#/businessLicense/953d6678-5e7a-4b13-8462-c5e1c01a365e,1,1,2017-10-20,2017-10-20,0,0,0,,,1,1,2017-10-20,2017-10-20,0,0,0,,,0
420c94b0-5efc-46b1-870b-f0a0eb8301e9,420c94b0-5efc-46b1-870b-f0a0eb8301e9,1,Smokin Mary,,,Temporary Food Establishment - Food Establishment,Temporary Food Establishment - Food Establishment,food,True,False,license_food,Closed,,2022-11-14,Weatherford TX 76088,True,,1,0,FE004037-09-2022,FE004037-09-2022,Expired,2022-11-13,https://cityofallentx-energovweb.tylerhost.net/apps/selfservice#/businessLicense/71a9337c-04e3-4b39-8de1-bc779dd67a81,0,0,,,0,0,0,,,0,0,,,0,0,0,,,0
1ff5544e-d298-4870-aab5-13ea4906cd65,1ff5544e-d298-4870-aab5-13ea4906cd65,1,Smokin Tex,,,Special Event - Food Establishment,Special Event - Food Establishment,special event,True,False,license_special_event_food,Closed,,2020-04-08,200 E STACY RD B1300 Unit: 1350 ALLEN TX 75002,False,127345,1,0,FESP002090-01-2020,FESP002090-01-2020,Expired,2020-02-10,https://cityofallentx-energovweb.tylerhost.net/apps/selfservice#/businessLicense/0dd1e60a-1fdf-40bf-a317-4b8f0f0ce70a,0,0,,,0,0,0,,,0,0,,,0,0,0,,,0
ab7fa273-9ada-4479-b55c-758424967c8a,ab7fa273-9ada-4479-b55c-758424967c8a,1,Smokin' Steve's Texas BBQ,,,Temporary Food Establishment - Food Establishment,Temporary Food Establishment - Food Establishment,food,True,False,license_food,Closed,2017-06-23,2019-02-08,ALLEN TX 75013,True,,1,0,FE000135-06-2017,FE000135-06-2017,Expired,2017-07-08,https://cityofallentx-energovweb.tylerhost.net/apps/selfservice#/businessLicense/b98a6dd8-d106-45e9-8334-7b8170a1c9df,0,0,,,0,0,0,,,0,0,,,0,0,0,,,0
bde190c0-6728-4fce-a405-51bb97299de0,bde190c0-6728-4fce-a405-51bb97299de0,1,Smoothie Factory,,,Light - Food Establishment,Light - Food Establishment | Light Food Preparation,food,False,False,license_food | op_permit_food,Closed,2017-06-22,2022-10-14,545 W MCDERMOTT DR  ALLEN TX 75013,False,110855,7,6,FE000617-03-2018,FE005221-03-2024,Expired,2025-03-20,https://cityofallentx-energovweb.tylerhost.net/apps/selfservice#/businessLicense/a1ad2eed-900f-4ba5-9cfc-e48df29ae10f,19,18,2018-05-17,2024-03-11,7,0,0,,,19,18,2018-05-17,2024-03-11,7,0,0,,,0
3e26e2e1-ad7c-4b00-9158-5c36e6ec9370,3e26e2e1-ad7c-4b00-9158-5c36e6ec9370,1,Smoothie King,,,Light - Food Establishment,Light - Food Establishment | Light Food Preparation,food,False,False,license_food | op_permit_food,Closed,,2022-10-14,1255 W EXCHANGE PKWY Unit: 100 ALLEN TX 75013,False,118677,3,2,FE001981-01-2020,FE003487-01-2022,Expired,2023-01-05,https://cityofallentx-energovweb.tylerhost.net/apps/selfservice#/businessLicense/cf2d2334-44c5-4f16-806f-8a52fb970faf,6,6,2020-03-04,2023-08-22,0,0,1,96,2023-08-22,6,6,2020-03-04,2023-08-22,0,0,1,96,2023-08-22,0
c847f280-c820-4be6-9eb3-8c3bed736bf0,c847f280-c820-4be6-9eb3-8c3bed736bf0,1,Smoothie King,,,Light - Food Establishment,Light - Food Establishment | Light Food Preparation,food,False,False,license_food | op_permit_food,Closed,,2022-10-14,190 E STACY RD B1400 Unit: 1406 ALLEN TX 75002,False,127348,5,4,FE000517-01-2018,FE003488-01-2022,Expired,2023-02-02,https://cityofallentx-energovweb.tylerhost.net/apps/selfservice#/businessLicense/661bff25-aced-4140-8e9e-162392465416,7,7,2018-02-01,2022-05-09,0,0,0,,,7,7,2018-02-01,2022-05-09,0,0,0,,,0
f0dc2bf2-a4c5-4d3e-ae5c-5ec0fcecac79,f0dc2bf2-a4c5-4d3e-ae5c-5ec0fcecac79,1,Smoothie King#1059,,,Light Food Preparation,Light Food Preparation,food,False,False,op_permit_food,Open,,,190 E Stacy RD Unit: #1406 Allen TX 75002,False,,4,4,FE004139-10-2022,FE006477-10-2025,Annual Renewal Completed,2026-11-08,https://cityofallentx-energovweb.tylerhost.net/apps/selfservice#/operationalPermit/CAB41051-7409-4192-AF86-5CCFDBF2E2F0,7,7,2023-06-14,2026-11-30,0,0,5,92,2025-10-15,7,7,2023-06-14,2026-11-30,0,0,5,92,2025-10-15,0
ab9ad382-25ca-44d7-a695-d95e3b8f9f58,ab9ad382-25ca-44d7-a695-d95e3b8f9f58,1,Smoothie King#1515,,,Light Food Preparation,Light Food Preparation,food,False,False,op_permit_food,Open,,,1255 W Exchange Parkway Unit: 100 Allen TX 75013,False,,4,4,FE004138-10-2022,FE006476-10-2025,Annual Renewal Completed,2026-11-08,https://cityofallentx-energovweb.tylerhost.net/apps/selfservice#/operationalPermit/4C27322D-383A-424F-BD52-F5DE89FC8E64,10,9,2023-03-29,2027-03-01,0,0,6,99,2026-01-06,10,9,2023-03-29,2027-03-01,0,0,6,99,2026-01-06,0
92ae9839-73e3-4156-ae61-d1cf4c412444,92ae9839-73e3-4156-ae61-d1cf4c412444,1,Snappy Salads,,,Heavy Food Preparation,Heavy Food Preparation,food,False,False,op_permit_food,Open,,,1015 WATTERS CREEK BLVD U Unit: 100 ALLEN TX 75013,False,129664,8,8,FE001148-11-2018,FE006525-12-2025,Annual Renewal Completed,2026-12-07,https://cityofallentx-energovweb.tylerhost.net/apps/selfservice#/operationalPermit/56E2FB75-0310-41C1-B9FC-837FE5A8CBEC,18,17,2019-01-07,2027-01-21,2,0,0,,,18,17,2019-01-07,2027-01-21,2,0,0,,,0
72555de2-927f-4393-b632-6718dd3eee94,72555de2-927f-4393-b632-6718dd3eee94,1,Snowfox JFE Kroger (544),,,Light - Food Establishment,Light - Food Establishment | Light Food Preparation,food,False,False,license_food | op_permit_food,Closed,,2023-06-09,1212 E Bethany DR Allen TX 75002,False,,2,1,FE003803-05-2022,FE004570-05-2023,Expired,2024-05-20,https://cityofallentx-energovweb.tylerhost.net/apps/selfservice#/businessLicense/2b577090-e4c7-48d2-b205-cc38acba902d,2,2,2022-07-08,2023-06-02,0,0,0,,,2,2,2022-07-08,2023-06-02,0,0,0,,,0
f471f2c6-99ae-4876-8ed3-7df960e6c881,f471f2c6-99ae-4876-8ed3-7df960e6c881,1,Snowie Naturals @ Photronics,,,Special Event - Food Establishment,Special Event - Food Establishment,special event,True,False,license_special_event_food,Closed,2017-10-20,2017-10-20,ALLEN TX 75013,True,,1,0,FESP000363-10-2017,FESP000363-10-2017,Expired,2017-10-20,https://cityofallentx-energovweb.tylerhost.net/apps/selfservice#/businessLicense/bbc137a0-dfae-4bfb-9e72-e452db8b3c1c,0,0,,,0,0,0,,,0,0,,,0,0,0,,,0
0fa7b4a3-7143-4a51-8b9e-69b0cf0d7a38,0fa7b4a3-7143-4a51-8b9e-69b0cf0d7a38,1,Snowie To Go,,,Temporary Food Establishments,Temporary Food Establishments,food,True,False,op_permit_food,Closed,,2026-06-30,Aubrey TX 76227,True,,1,1,FE-006946-06-2026,FE-006946-06-2026,Closed,,https://cityofallentx-energovweb.tylerhost.net/apps/selfservice#/operationalPermit/549cdc24-7b70-4eb5-bcf4-3767618ab71c,0,0,,,0,0,0,,,0,0,,,0,0,0,,,0
a8c31fa9-3eaf-4447-b4c8-3a6ce321038e,a8c31fa9-3eaf-4447-b4c8-3a6ce321038e,1,So Forkin' Good BBQ Co,,,Special Event - Food Establishment,Special Event - Food Establishment,special event,True,False,license_special_event_food,Closed,2024-06-19,2025-07-15,Irving TX 75062,True,,1,0,FESP005395-06-2024,FESP005395-06-2024,Expired,2024-06-19,https://cityofallentx-energovweb.tylerhost.net/apps/selfservice#/businessLicense/6532e99c-6b82-4fb5-a788-2ec2af6636a8,0,0,,,0,0,0,,,0,0,,,0,0,0,,,0
01a847ff-6d14-45e1-a5a3-2bd1fe8c9923,01a847ff-6d14-45e1-a5a3-2bd1fe8c9923,1,SoCal Taco's,,,Special Event - Food Establishment,Special Event - Food Establishment,special event,True,False,license_special_event_food,Closed,2021-07-16,2022-03-23,900 W BETHANY DR ALLEN TX 75013,False,131499,1,0,FESP003141-07-2021,FESP003141-07-2021,Expired,2021-07-17,https://cityofallentx-energovweb.tylerhost.net/apps/selfservice#/businessLicense/c821c7a2-472b-4b54-a301-9ec37e45bb7f,3,3,2021-07-15,2021-07-16,0,1,0,,,3,3,2021-07-15,2021-07-16,0,1,0,,,0
b9e5082d-07d7-4695-bfc7-ea69fb575685,b9e5082d-07d7-4695-bfc7-ea69fb575685,1,SoCal Tacos VID#(ACO-3999),,,Mobile Food Prep Unit - Food Establishment,Mobile Food Prep Unit - Food Establishment,food,True,False,license_food,Closed,2018-08-17,2020-08-31,Grapevine TX 76051,True,,1,0,FE000986-08-2018,FE000986-08-2018,Expired,2019-08-17,https://cityofallentx-energovweb.tylerhost.net/apps/selfservice#/businessLicense/a06b4478-6ef7-4d69-a44d-6a3c85cd36de,2,2,2018-08-17,2018-08-31,0,0,0,,,2,2,2018-08-17,2018-08-31,0,0,0,,,0
0da43888-c9f4-4824-bf9a-3a99c302e344,0da43888-c9f4-4824-bf9a-3a99c302e344,1,Socal Mini Donuts - D4,,,Heavy - Food Establishment,Heavy - Food Establishment | Heavy Food Preparation,food,False,False,license_food | op_permit_food,Closed,,2019-08-05,820 W STACY RD 4 ALLEN TX 75013,False,,6,5,FE001010-08-2018,FE004803-09-2023,Expired,2024-09-02,https://cityofallentx-energovweb.tylerhost.net/apps/selfservice#/businessLicense/091f5893-1201-4d3a-a8ff-df98e8bf3863,7,4,2021-07-20,2023-01-13,1,0,0,,,7,4,2021-07-20,2023-01-13,1,0,0,,,0
5aff41d8-5f1f-435e-aa09-c12537fd928a,5aff41d8-5f1f-435e-aa09-c12537fd928a,1,Socal Mini Donuts-Kiosk D4,,,No Prep - Food Establishment,No Prep - Food Establishment,food,False,False,license_food,Closed,2017-08-16,2018-08-28,820 W STACY RD 4 ALLEN TX 75013,False,120610,1,0,FE000241-08-2017,FE000241-08-2017,Expired,2018-08-04,https://cityofallentx-energovweb.tylerhost.net/apps/selfservice#/businessLicense/0dcc5537-ba27-4738-a780-22a34fe55ba2,2,2,2019-12-16,2020-12-11,0,0,0,,,2,2,2019-12-16,2020-12-11,0,0,0,,,0
eb9b3442-514c-45ff-b78e-b0b8669be758,eb9b3442-514c-45ff-b78e-b0b8669be758,1,Social Grove,,,Temporary Food Establishments,Temporary Food Establishments,food,True,False,op_permit_food,Open,,,Allen TX 75002,True,,1,1,FE-007078-08-2026,FE-007078-08-2026,Application Rejected,2999-01-01,https://cityofallentx-energovweb.tylerhost.net/apps/selfservice#/operationalPermit/3f9749e6-3343-430a-83bb-06a95df7b6e4,0,0,,,0,0,0,,,0,0,,,0,0,0,,,0
6a10aec9-c233-46ef-8d13-e2ef983ab4b9,6a10aec9-c233-46ef-8d13-e2ef983ab4b9,1,Sofra Breakfast and Lunch,,,Heavy Food Preparation,Heavy - Food Establishment | Heavy Food Preparation,food,False,False,license_food | op_permit_food,Open,,2023-08-02,503 W McDermott DR Unit: 130 Allen TX 75013,False,,4,3,FE004745-08-2023,FE006232-07-2025,Expired,2026-08-02,https://cityofallentx-energovweb.tylerhost.net/apps/selfservice#/operationalPermit/D378524F-6661-4438-863D-7B4F3A7A6F32,14,13,2023-09-25,2026-09-27,6,0,5,80,2025-11-11,14,13,2023-09-25,2026-09-27,6,0,5,80,2025-11-11,0
633a4296-e96e-4b9a-b62c-e285a95e4090,633a4296-e96e-4b9a-b62c-e285a95e4090,1,Soluna 1 (VL#JFR-8285),,,Catering Truck - Food Establishment,Catering Truck - Food Establishment | Mobile Construction Site Food Vehicle:,food,True,False,license_food | op_permit_food,Closed,2019-08-28,2022-11-09,,False,,2,1,FE000616-03-2018,FE001740-08-2019,Expired,2020-03-16,https://cityofallentx-energovweb.tylerhost.net/apps/selfservice#/businessLicense/bcf044cd-a7f2-41cc-a1c6-10f2e199a9c7,1,1,2019-08-28,2019-08-28,0,0,0,,,1,1,2019-08-28,2019-08-28,0,0,0,,,0
b96323bb-5b31-41a1-b0d9-450ca3e2c022,b96323bb-5b31-41a1-b0d9-450ca3e2c022,1,Sonic #5079 @ East Stacy,,,Heavy - Food Establishment,Heavy - Food Establishment | Heavy Food Preparation,food,False,False,license_food | op_permit_food,Closed,,2024-09-06,1536 E STACY RD ALLEN TX 75002,False,122224,8,7,FE000213-07-2017,FE005129-02-2024,Expired,2025-02-03,https://cityofallentx-energovweb.tylerhost.net/apps/selfservice#/businessLicense/3760f983-2801-4590-a135-a1cc4061a02f,21,20,2018-02-06,2026-09-27,3,0,0,,,21,20,2018-02-06,2026-09-27,3,0,0,,,0
87082e3a-3d70-4a64-89a9-3af3df4ba032,87082e3a-3d70-4a64-89a9-3af3df4ba032,1,Sonic @ E MAIN,,,Heavy - Food Establishment,Heavy - Food Establishment | Heavy Food Preparation,food,False,False,license_food | op_permit_food,Closed,2017-10-23,2022-05-11,707 E MAIN ST ALLEN TX 75002,False,107225,7,6,FE000300-09-2017,FE004582-05-2023,Expired,2024-06-04,https://cityofallentx-energovweb.tylerhost.net/apps/selfservice#/businessLicense/39e99745-246e-4ee8-8f45-ce9bcaf8f8dc,18,17,2017-10-23,2024-05-15,5,0,0,,,18,17,2017-10-23,2024-05-15,5,0,0,,,0
06a739fd-eac6-4c04-9e7d-95b987be4226,06a739fd-eac6-4c04-9e7d-95b987be4226,2,Sonic Drive In,,,Heavy Food Preparation,Heavy Food Preparation,food,False,False,op_permit_food,Closed,,2026-09-11,707 E Main St Allen TX 75002,False,,2,2,FE005532-08-2024,FE006286-07-2025,Closed,,https://cityofallentx-energovweb.tylerhost.net/apps/selfservice#/operationalPermit/2097F480-B54E-4DDA-B244-CB37F1D26DA2,6,6,2024-11-18,2026-05-18,2,0,0,,,6,6,2024-11-18,2026-05-18,2,0,0,,,0
5f7092a3-67ae-4dee-946d-ed333cc315ca,5f7092a3-67ae-4dee-946d-ed333cc315ca,1,Sonic Drive In #2,,,Heavy - Food Establishment,Heavy - Food Establishment | Heavy Food Preparation,food,False,False,license_food | op_permit_food,Closed,2017-04-11,2022-05-16,1805 E BETHANY DR ALLEN TX 75002,False,127256,5,4,FE000084-05-2017,FE002998-05-2021,Expired,2022-05-16,https://cityofallentx-energovweb.tylerhost.net/apps/selfservice#/businessLicense/8b4777d1-5d98-4df9-b747-a1fcbce0a5cd,12,12,2018-04-25,2022-06-06,4,0,0,,,12,12,2018-04-25,2022-06-06,4,0,0,,,0
4eca08e6-3877-48d5-a125-734fb33395bc,4eca08e6-3877-48d5-a125-734fb33395bc,1,Sonic Drive In @ W. McDermott,,,Heavy - Food Establishment,Heavy - Food Establishment | Heavy Food Preparation,food,False,False,license_food | op_permit_food,Closed,2017-05-03,2022-05-16,1310 W MCDERMOTT DR ALLEN TX 75013,False,113693,5,4,FE000082-05-2017,FE003013-05-2021,Expired,2022-05-16,https://cityofallentx-energovweb.tylerhost.net/apps/selfservice#/businessLicense/fc9b6de5-04b3-42a6-8879-d2c80d5047c1,8,8,2018-07-26,2021-12-28,1,0,0,,,8,8,2018-07-26,2021-12-28,1,0,0,,,0
3e1caf9c-4c6f-4986-ac4f-2a35bb018daf,3e1caf9c-4c6f-4986-ac4f-2a35bb018daf,1,Sonic Drive In Restaurants,Sonic Drive In Restaurants,,Heavy Food Preparation,Heavy Food Preparation,food,False,False,op_permit_food,Open,,,707 E MAIN ST ALLEN TX 75002,False,107225,1,1,FE-007162-09-2026,FE-007162-09-2026,Pending Payment,2999-01-01,https://cityofallentx-energovweb.tylerhost.net/apps/selfservice#/operationalPermit/6d5d6dfe-afe8-440f-9332-af6a4a8a7df5,0,0,,,0,0,0,,,0,0,,,0,0,0,,,0
1cb655d8-ef99-43ca-b19b-52548b68fa1d,1cb655d8-ef99-43ca-b19b-52548b68fa1d,1,Sonic Drive-In #54134,,,Heavy Food Preparation,Heavy Food Preparation,food,False,False,op_permit_food,Closed,,2024-11-26,1310 W McDermott Allen TX 75013,False,,3,3,FE003798-05-2022,FE005309-04-2024,Expired,2025-05-19,https://cityofallentx-energovweb.tylerhost.net/apps/selfservice#/operationalPermit/0E0B1691-9B34-42C0-BA77-F5518639E1E5,8,7,2023-07-11,2024-10-28,1,0,0,,,8,7,2023-07-11,2024-10-28,1,0,0,,,0
40302084-401e-4996-b437-309199f32c7c,40302084-401e-4996-b437-309199f32c7c,1,Sonic Drive-In #5752,,,Heavy Food Preparation,Heavy Food Preparation,food,False,False,op_permit_food,Open,,,1805 E Bethany Rd Allen TX 75002,False,,2,2,FE005723-12-2024,FE006521-12-2025,Annual Renewal Completed,2026-12-03,https://cityofallentx-energovweb.tylerhost.net/apps/selfservice#/operationalPermit/A8A298F8-12F7-40FC-A4CA-A742BF2A979A,4,4,2025-03-03,2026-09-27,0,0,0,,,4,4,2025-03-03,2026-09-27,0,0,0,,,0
76cc8bc9-4d83-46da-9839-9ffca0fec43d,76cc8bc9-4d83-46da-9839-9ffca0fec43d,1,Sonic Drive-in #4134,,,Heavy Food Preparation,Heavy Food Preparation,food,False,False,op_permit_food,Open,,,1310 W McDermott Dr Allen TX 75013,False,,2,2,FE005758-12-2024,FE006544-12-2025,Annual Renewal Completed,2027-01-08,https://cityofallentx-energovweb.tylerhost.net/apps/selfservice#/operationalPermit/3FB78DFF-B387-4F0F-9FE5-FAB2BD260DA4,5,4,2025-03-18,2026-09-27,0,0,0,,,5,4,2025-03-18,2026-09-27,0,0,0,,,0
395924b4-7da9-443e-a120-5a62dffcf17b,395924b4-7da9-443e-a120-5a62dffcf17b,1,Sonic Drive-in #55752,,,Heavy Food Preparation,Heavy Food Preparation,food,False,False,op_permit_food,Closed,,2024-11-26,1805 E Bethany RD Allen TX 75002,False,,3,3,FE003799-05-2022,FE005310-04-2024,Expired,2025-05-19,https://cityofallentx-energovweb.tylerhost.net/apps/selfservice#/operationalPermit/B15FEF7D-62D1-4165-BC48-2EFE4E8522C2,7,5,2023-08-10,2024-08-01,0,0,0,,,7,5,2023-08-10,2024-08-01,0,0,0,,,0
5b9ab4fa-fac7-42a0-bbc8-e12b7e670441,5b9ab4fa-fac7-42a0-bbc8-e12b7e670441,1,Sonny Donut,,,Heavy Food Preparation,Heavy Food Preparation,food,False,False,op_permit_food,Open,2017-07-18,,1314 W MCDERMOTT DR  Unit: 145 ALLEN TX 75013,False,113690,9,9,FE000622-03-2018,FE006805-03-2026,Annual Renewal Completed,2027-03-21,https://cityofallentx-energovweb.tylerhost.net/apps/selfservice#/operationalPermit/437BB587-FA6F-44F2-8809-210F61285ADE,15,14,2018-10-16,2025-08-12,1,0,0,,,15,14,2018-10-16,2025-08-12,1,0,0,,,0
b20295d8-cb2d-4e5c-82e1-533a26aadece,b20295d8-cb2d-4e5c-82e1-533a26aadece,1,Soul Sisters,,,Special Event - Food Establishment,Special Event - Food Establishment,special event,True,False,license_special_event_food,Closed,,2026-03-13,Edgewood TX 75117,True,,1,0,FESP006801-03-2026,FESP006801-03-2026,Closed,,https://cityofallentx-energovweb.tylerhost.net/apps/selfservice#/businessLicense/271f5ec4-615b-41cb-b34d-8e956a36b9fd,0,0,,,0,0,0,,,0,0,,,0,0,0,,,0
67bfc7df-2918-460d-bdb0-6a763db93b01,67bfc7df-2918-460d-bdb0-6a763db93b01,1,Soulman's Barb-B-Que Inc,,,Heavy Food Preparation,Heavy Food Preparation,food,False,False,op_permit_food,Open,2017-10-19,,208 N GREENVILLE AVE ALLEN TX 75002,False,104996,9,9,FE000378-10-2017,FE006491-11-2025,Annual Renewal Completed,2026-10-29,https://cityofallentx-energovweb.tylerhost.net/apps/selfservice#/operationalPermit/B33DDE4D-61B0-4837-BBD5-D00F7C0F0BB6,19,18,2017-10-19,2026-05-06,1,0,1,87,2023-07-31,19,18,2017-10-19,2026-05-06,1,0,1,87,2023-07-31,0
acb6aacf-6f21-41d7-9ed0-e4908975db59,acb6aacf-6f21-41d7-9ed0-e4908975db59,1,Soulmans Bar B Q-Allen USA,,,Temporary Food Establishment - Food Establishment,Temporary Food Establishment - Food Establishment,food,True,False,license_food,Closed,2018-06-29,2023-07-21,701 ANGEL PKWY  ALLEN TX 75002,False,121106,1,0,FE000911-07-2018,FE000911-07-2018,Expired,2019-06-30,https://cityofallentx-energovweb.tylerhost.net/apps/selfservice#/businessLicense/348ccf54-7a80-4aa9-bb1c-cd5bc5fe5737,1,1,2018-06-29,2018-06-29,0,0,0,,,1,1,2018-06-29,2018-06-29,0,0,0,,,0
3b5da19e-1322-4b95-8866-e1c30b044f16,3b5da19e-1322-4b95-8866-e1c30b044f16,1,Spanish Schoolhouse,,,Day Care Facility,Day Care Facility,day care,False,False,op_permit_daycare,Closed,2017-09-13,2021-09-17,110 S ALMA DR Unit: A ALLEN TX 75013,False,116445,4,4,DC000257-08-2017,DC002404-07-2020,Annual Renewal Completed,2021-08-20,https://cityofallentx-energovweb.tylerhost.net/apps/selfservice#/operationalPermit/943134A8-DCD0-4950-9197-4858D97D5542,7,7,2017-09-13,2021-02-26,0,0,0,,,7,7,2017-09-13,2021-02-26,0,0,0,,,0
956ef467-7206-44ac-b351-dadfcfa3a441,956ef467-7206-44ac-b351-dadfcfa3a441,1,Spanish Schoolhouse,,,Day Care Facility,Day Care Facility,day care,False,False,op_permit_daycare,Open,,,1239 N ALMA DR ALLEN TX 75013,False,129175,5,5,DC003268-08-2021,DC007110-08-2026,Annual Renewal Completed,2027-09-02,https://cityofallentx-energovweb.tylerhost.net/apps/selfservice#/operationalPermit/40d5af34-cd3b-4d7c-b7ab-e85528019c2e,10,10,2021-08-17,2027-02-15,0,0,6,100,2026-03-31,10,10,2021-08-17,2027-02-15,0,0,6,100,2026-03-31,0
6004dd15-fc5b-4c5f-bdd6-308755ed2084,6004dd15-fc5b-4c5f-bdd6-308755ed2084,1,Spartan Cuisine LLC,,,Temporary Food Establishment - Food Establishment,Temporary Food Establishment - Food Establishment,food,True,False,license_food,Closed,2022-09-10,2022-09-10,Krum TX 76249,True,,1,0,FE004035-09-2022,FE004035-09-2022,Expired,2022-09-10,https://cityofallentx-energovweb.tylerhost.net/apps/selfservice#/businessLicense/fe4a749e-f861-40b3-a579-386ffed56b99,1,1,2022-09-09,2022-09-09,0,0,0,,,1,1,2022-09-09,2022-09-09,0,0,0,,,0
a1097f30-3f33-444f-b17b-c2852127e583,a1097f30-3f33-444f-b17b-c2852127e583,1,Spartan Cuisine LLC,,,Special Event - Food Establishment,Special Event - Food Establishment,special event,True,False,license_special_event_food,Closed,,2022-09-07,1015 SH121 HWY ALLEN TX 75013,False,121010,1,0,FESP003273-09-2021,FESP003273-09-2021,Expired,2021-09-12,https://cityofallentx-energovweb.tylerhost.net/apps/selfservice#/businessLicense/332f14d3-c372-493b-80d0-f84063c245ad,0,0,,,0,0,0,,,0,0,,,0,0,0,,,0
4500c76c-cdc3-49f9-a0b8-05896c425074,4500c76c-cdc3-49f9-a0b8-05896c425074,1,Spazo Restaurant Bar,,,Heavy Food Preparation,Heavy Food Preparation,food,False,False,op_permit_food,Open,2017-12-01,,1201 W MCDERMOTT DR A Unit: 100 ALLEN TX 75013,False,122795,9,9,FE000601-03-2018,FE006816-03-2026,Annual Renewal Completed,2027-03-18,https://cityofallentx-energovweb.tylerhost.net/apps/selfservice#/operationalPermit/A225C801-3451-4088-AABF-C31005790ACF,16,16,2017-10-20,2026-09-27,1,0,3,93,2024-10-03,16,16,2017-10-20,2026-09-27,1,0,3,93,2024-10-03,0
8ef0ea11-7e85-4bc9-a745-7fcfba68777f,8ef0ea11-7e85-4bc9-a745-7fcfba68777f,1,"Spec's Wines, Spirits, Beer",,,No Food Preparation,No Food Preparation,food,False,False,op_permit_food,Open,,2019-10-15,1839 N CENTRAL EXPY ALLEN TX 75013,False,132944,7,7,FE001818-10-2019,FE-007157-09-2026,Annual Renewal Completed,2027-10-18,https://cityofallentx-energovweb.tylerhost.net/apps/selfservice#/operationalPermit/2d22203d-a035-4496-abe6-b13e98828971,6,6,2020-03-31,2025-07-23,0,0,2,99,2025-07-23,6,6,2020-03-31,2025-07-23,0,0,2,99,2025-07-23,0
a7b9434c-5abf-414c-b5f7-88937a59726f,a7b9434c-5abf-414c-b5f7-88937a59726f,1,Spice Creations,,,Heavy Food Preparation,Heavy Food Preparation,food,False,False,op_permit_food,Open,,,1328 W McDermott Rd Unit: Ste# 200 Allen TX 75013,False,,1,1,FE006569-01-2026,FE006569-01-2026,Active,2027-01-11,https://cityofallentx-energovweb.tylerhost.net/apps/selfservice#/operationalPermit/CB90E0EF-461A-447F-A52F-70EA67C9663E,3,3,2026-06-03,2026-10-06,1,0,0,,,3,3,2026-06-03,2026-10-06,1,0,0,,,0
f3e73966-b255-4af2-b7b5-cd0df75b8f15,f3e73966-b255-4af2-b7b5-cd0df75b8f15,1,Spice Creations,,,Heavy - Food Establishment,Heavy - Food Establishment | Heavy Food Preparation,food,False,False,license_food | op_permit_food,Closed,2017-10-06,2022-03-18,1328 W MCDERMOTT DR  Unit: 200 ALLEN TX 75013,False,113683,4,3,FE000674-04-2018,FE003007-05-2021,Expired,2022-04-06,https://cityofallentx-energovweb.tylerhost.net/apps/selfservice#/businessLicense/a9900144-626e-4aa5-b9cf-bcf36c4646b5,10,10,2017-10-06,2022-03-03,1,0,0,,,10,10,2017-10-06,2022-03-03,1,0,0,,,0
964c75bd-ea24-4406-ba4e-c05249a9768c,964c75bd-ea24-4406-ba4e-c05249a9768c,2,Spice Creations Indian Kitchen,,,Heavy - Food Establishment,Heavy - Food Establishment | Heavy Food Preparation,food,False,False,license_food | op_permit_food,Closed,,2025-12-30,1328 W McDermott Dr. Unit: 200 Allen TX 75013,False,,3,2,FE004733-07-2023,FE006296-07-2025,Closed,,https://cityofallentx-energovweb.tylerhost.net/apps/selfservice#/businessLicense/17c643af-b687-4aff-9fd7-d09b17384c3a,9,8,2023-09-27,2025-08-15,3,0,0,,,10,9,2023-05-26,2025-08-15,3,0,0,,,0
a5ee5942-fee4-4f85-8c0b-43d1a3453542,964c75bd-ea24-4406-ba4e-c05249a9768c,2,Spice Creations Indian Kitchen,,,Heavy - Food Establishment,Heavy - Food Establishment | Heavy Food Preparation,food,False,False,license_food | op_permit_food,Closed,,2023-07-24,1328 W McDermott DR Unit: 200 Allen TX 75013,False,,2,1,FE003717-04-2022,FE004568-05-2023,Expired,2024-04-12,https://cityofallentx-energovweb.tylerhost.net/apps/selfservice#/businessLicense/5058738f-b48f-49dc-bb04-4c9250e55952,1,1,2023-05-26,2023-05-26,0,0,0,,,10,9,2023-05-26,2025-08-15,3,0,0,,,0
4b0232d0-97a6-4b00-aa04-6bda93850a7b,4b0232d0-97a6-4b00-aa04-6bda93850a7b,2,Spice Rack,,,Temporary Food Establishments,Temporary Food Establishments,food,True,False,op_permit_food,Closed,,2025-10-06,Allen TX 75025,True,,1,1,FESP006413-09-2025,FESP006413-09-2025,Closed,,https://cityofallentx-energovweb.tylerhost.net/apps/selfservice#/operationalPermit/618F1402-B18F-4868-A5E0-09ADF65DE849,0,0,,,0,0,0,,,0,0,,,0,0,0,,,0
9c2fca7b-3896-412f-be87-80f5b13891e3,4b0232d0-97a6-4b00-aa04-6bda93850a7b,2,Spice Rack,,,Special Event - Food Establishment,Special Event - Food Establishment,special event,True,False,license_special_event_food,Closed,,2026-03-03,Plano TX 75025,True,,1,0,FESP006566-01-2026,FESP006566-01-2026,Closed,,https://cityofallentx-energovweb.tylerhost.net/apps/selfservice#/businessLicense/6f3a974d-91ac-4380-a2ad-a80eb68d5a70,0,0,,,0,0,0,,,0,0,,,0,0,0,,,0
caad0f39-5926-4bbc-9c46-9e6aab9872c3,caad0f39-5926-4bbc-9c46-9e6aab9872c3,1,Spice Thai Cafe,,,Heavy Food Preparation,Heavy Food Preparation,food,False,False,op_permit_food,Open,2017-08-03,,201 E BETHANY DR Unit: 10 ALLEN TX 75002,False,121203,9,9,FE000458-12-2017,FE006551-12-2025,Closed,,https://cityofallentx-energovweb.tylerhost.net/apps/selfservice#/operationalPermit/AC279603-549E-4AFC-88BB-52386DC97315,23,22,2018-08-31,2025-09-11,9,0,1,75,2025-09-04,23,22,2018-08-31,2025-09-11,9,0,1,75,2025-09-04,0
d8b276fe-bb90-4493-a83f-6d30d35ee76d,d8b276fe-bb90-4493-a83f-6d30d35ee76d,1,Spicemart Grocers,,,Grocery - Food Establishment,Grocery - Food Establishment | Grocery Store,food,False,False,license_food | op_permit_food,Closed,,2021-10-11,1201 E MAIN ST Unit: 200 ALLEN TX 75002,False,111449,4,3,FE000347-10-2017,FE002623-12-2020,Expired,2021-10-08,https://cityofallentx-energovweb.tylerhost.net/apps/selfservice#/businessLicense/a34437a5-6400-4a4a-aaf3-2fb70801ca09,10,10,2017-12-13,2021-03-09,2,0,0,,,10,10,2017-12-13,2021-03-09,2,0,0,,,0
e4af279f-7b78-47f7-acd6-be39cd787749,e4af279f-7b78-47f7-acd6-be39cd787749,1,Spicemart Grocers & Caterers - Meat Dept,,,Grocery - Food Establishment,Grocery - Food Establishment,food,False,False,license_food,Closed,,2021-10-11,1201 E MAIN ST Unit: 200 ALLEN TX 75002,False,111449,1,0,FE002625-12-2020,FE002625-12-2020,Expired,2021-12-14,https://cityofallentx-energovweb.tylerhost.net/apps/selfservice#/businessLicense/3d900dc9-da69-48bf-bcc3-73d84180cf3a,1,1,2021-03-09,2021-03-09,0,0,0,,,1,1,2021-03-09,2021-03-09,0,0,0,,,0
008112c6-e820-4b40-8f86-1a32c59d810a,008112c6-e820-4b40-8f86-1a32c59d810a,4,Spikefest,,,Temporary Food Establishments,Temporary Food Establishments,food,True,False,op_permit_food,Closed,,2026-07-20,701 N ANGEL PKWY ALLEN TX 75002,False,121106,1,1,FE-006971-07-2026,FE-006971-07-2026,Closed,,https://cityofallentx-energovweb.tylerhost.net/apps/selfservice#/operationalPermit/3bf6a8c2-f086-4787-8e6a-d6e46d520a49,0,0,,,0,0,0,,,0,0,,,0,0,0,,,0
60a9120a-2975-469e-b8ab-6d5cfc691c5b,008112c6-e820-4b40-8f86-1a32c59d810a,4,Spikefest,,,Special Event - Food Establishment,Special Event - Food Establishment,special event,True,False,license_special_event_food,Closed,,2024-08-27,701 S Angel Parkway Allen TX 75002,False,,1,0,FESP003881-06-2022,FESP003881-06-2022,Expired,2022-07-17,https://cityofallentx-energovweb.tylerhost.net/apps/selfservice#/businessLicense/849533b6-d88f-45ce-8370-4e41d95514b5,0,0,,,0,0,0,,,0,0,,,0,0,0,,,0
7927e6f4-ea48-4120-8c6d-96b09f8277de,008112c6-e820-4b40-8f86-1a32c59d810a,4,Spikefest,,,Special Event - Food Establishment,Special Event - Food Establishment,special event,True,False,license_special_event_food,Closed,,2020-07-16,701 N ANGEL PKWY ALLEN TX 75002,False,121106,1,0,FESP002401-07-2020,FESP002401-07-2020,Expired,2020-07-20,https://cityofallentx-energovweb.tylerhost.net/apps/selfservice#/businessLicense/17767410-a89f-471c-b0d4-7532ad88a935,0,0,,,0,0,0,,,0,0,,,0,0,0,,,0
8e148dbd-8f23-4379-9ba6-f4386bb0f3c6,008112c6-e820-4b40-8f86-1a32c59d810a,4,Spikefest,,,Special Event - Food Establishment,Special Event - Food Establishment,special event,True,False,license_special_event_food,Closed,,2022-06-30,701 N ANGEL PKWY ALLEN TX 75002,False,121106,2,0,FESP003140-07-2021,FESP004687-07-2023,Expired,2023-07-16,https://cityofallentx-energovweb.tylerhost.net/apps/selfservice#/businessLicense/cd1b496c-2f42-4c12-9e10-24c6d3fa2947,0,0,,,0,0,0,,,0,0,,,0,0,0,,,0
b286a65e-d639-4ec8-9be4-1323a268be88,b286a65e-d639-4ec8-9be4-1323a268be88,1,Spikefest,,,Special Event - Food Establishment,Special Event - Food Establishment,special event,True,False,license_special_event_food,Closed,2024-07-20,2025-07-23,La Vernia TX 78121,True,,1,0,FESP005461-07-2024,FESP005461-07-2024,Expired,2024-07-21,https://cityofallentx-energovweb.tylerhost.net/apps/selfservice#/businessLicense/245def7e-3e08-4b5f-9c28-c896e2ea1c69,1,1,2024-07-19,2024-07-19,0,0,0,,,1,1,2024-07-19,2024-07-19,0,0,0,,,0
cc2f15df-a33c-4181-83b3-1ea8d471b0f2,cc2f15df-a33c-4181-83b3-1ea8d471b0f2,1,Spikefest - Concession,,,Temporary Food Establishments,Temporary Food Establishments,food,True,False,op_permit_food,Closed,,2025-07-23,La Vernia TX 78121,True,,1,1,FESP006253-07-2025,FESP006253-07-2025,Expired,2025-07-20,https://cityofallentx-energovweb.tylerhost.net/apps/selfservice#/operationalPermit/C86C5A9F-D1A4-41F5-9CB6-2B4216E1CC82,0,0,,,0,0,0,,,0,0,,,0,0,0,,,0
06827431-44da-4526-afd6-d5c2dd3fffae,06827431-44da-4526-afd6-d5c2dd3fffae,1,Spikefest - Snowcone,,,Temporary Food Establishments,Temporary Food Establishments,food,True,False,op_permit_food,Closed,,2025-07-23,La Vernia TX 78121,True,,1,1,FESP006252-07-2025,FESP006252-07-2025,Expired,2025-07-20,https://cityofallentx-energovweb.tylerhost.net/apps/selfservice#/operationalPermit/8EA7B447-D48A-454E-AD6E-F1D134E13DB3,1,1,2025-07-18,2025-07-18,0,0,0,,,1,1,2025-07-18,2025-07-18,0,0,0,,,0
b8366cb7-b588-4343-8e33-dcddf8b7eb51,b8366cb7-b588-4343-8e33-dcddf8b7eb51,1,Spin Sushi,,,Heavy - Food Establishment,Heavy - Food Establishment | Heavy Food Preparation | Special Event - Food Establishment,food,False,False,license_food | license_special_event_food | op_permit_food,Closed,,2021-12-15,2023 W MCDERMOTT DR  Unit: 260 ALLEN TX 75013,False,113333,8,6,FE000696-04-2018,FE005663-10-2024,Closed,,https://cityofallentx-energovweb.tylerhost.net/apps/selfservice#/businessLicense/fcf481d7-59ed-436a-8ba0-d86027f14197,8,7,2018-09-26,2025-07-29,1,0,1,84,2025-07-29,8,7,2018-09-26,2025-07-29,1,0,1,84,2025-07-29,0
e178d2e5-418d-4630-94eb-62dd95d0b3c1,e178d2e5-418d-4630-94eb-62dd95d0b3c1,1,Spin Sushi (V#CJT-9269),,,Mobile Food Prep Unit - Food Establishment,Catering Truck - Food Establishment | Mobile Food Prep Unit - Food Establishment,food,True,False,license_food,Closed,,2020-08-31,Plano TX 75025,True,,2,0,FE000397-10-2017,FE001053-09-2018,Expired,2019-09-19,https://cityofallentx-energovweb.tylerhost.net/apps/selfservice#/businessLicense/3870aaa5-927c-4201-94a3-bffab0eb8d1c,0,0,,,0,0,0,,,0,0,,,0,0,0,,,0
0ef01458-f7ca-4c18-a61d-ac8b17f2c8a6,0ef01458-f7ca-4c18-a61d-ac8b17f2c8a6,1,Spin Sushi@Church 11-32 (CJT9269),,,Special Event - Food Establishment,Special Event - Food Establishment,special event,True,False,license_special_event_food,Closed,2018-09-28,2019-10-22,700 RIVERCREST BLVD ALLEN TX 75002,False,127247,1,0,FESP000722-04-2018,FESP000722-04-2018,Expired,2018-04-28,https://cityofallentx-energovweb.tylerhost.net/apps/selfservice#/businessLicense/f655e09f-7124-4de0-b499-3175c52efc1f,2,2,2018-04-26,2018-09-28,0,0,0,,,2,2,2018-04-26,2018-09-28,0,0,0,,,0
953d53f0-ec48-4044-8a19-31e1f1ad0a4d,953d53f0-ec48-4044-8a19-31e1f1ad0a4d,1,Spoke Bar - The HUB,,,No Food Preparation,No Food Preparation,food,False,False,op_permit_food,Open,2022-10-21,,1289 Johnson RD Unit: #3160 Allen TX 75013,False,,4,4,FE004109-10-2022,FE006451-10-2025,Annual Renewal Completed,2026-10-17,https://cityofallentx-energovweb.tylerhost.net/apps/selfservice#/operationalPermit/46B1B6D9-0102-4792-B2A2-7EA67689A970,4,3,2023-07-19,2025-03-03,1,0,2,82,2025-03-01,4,3,2023-07-19,2025-03-03,1,0,2,82,2025-03-01,0
b7fc9b14-102f-4d39-9e37-967ec453c387,02568abd-2994-4cb2-a369-6994b0f43dc3,2,Sprouts Farmers Market - Deli/Bakery,,,Grocery - Food Establishment,Grocery - Food Establishment | Grocery Store,food,False,False,license_food | op_permit_food,Open,,,1265 W EXCHANGE PKWY ALLEN TX 75013,False,130477,3,2,FE002298-05-2020,FE003737-04-2022,Expired,2023-05-07,https://cityofallentx-energovweb.tylerhost.net/apps/selfservice#/businessLicense/b22ba88e-1eda-46b4-b2af-2409acafafae,6,6,2020-10-15,2022-09-16,1,0,0,,,15,15,2020-10-15,2026-09-27,2,0,5,92,2026-04-23,0
e29cb389-9868-4195-b426-3498aec94109,e29cb389-9868-4195-b426-3498aec94109,1,Sprouts Farmers Market - Meat/Seafood,,,Grocery - Food Establishment,Grocery - Food Establishment | Grocery Store,food,False,False,license_food | op_permit_food,Open,,,1265 W EXCHANGE PKWY ALLEN TX 75013,False,130477,3,2,FE002300-05-2020,FE003738-04-2022,Expired,2023-05-07,https://cityofallentx-energovweb.tylerhost.net/apps/selfservice#/businessLicense/4c8b1832-df94-4392-aff8-1fc36898cf7a,4,4,2020-10-15,2022-09-15,0,0,0,,,4,4,2020-10-15,2022-09-15,0,0,0,,,0
8e44c3c8-b25a-45c3-a650-b794f5fc933d,8e44c3c8-b25a-45c3-a650-b794f5fc933d,2,Sprouts Farmers Market - Produce,,,Grocery - Food Establishment,Grocery - Food Establishment | Grocery Store,food,False,False,license_food | op_permit_food,Open,,,1265 W EXCHANGE PKWY ALLEN TX 75013,False,130477,3,2,FE002299-05-2020,FE003739-04-2022,Expired,2023-05-07,https://cityofallentx-energovweb.tylerhost.net/apps/selfservice#/businessLicense/fa524c3f-4c39-4fe3-ad12-d24b30356e23,4,4,2020-10-15,2022-09-15,0,0,0,,,11,11,2020-10-15,2026-09-27,0,0,5,100,2026-04-23,0
02568abd-2994-4cb2-a369-6994b0f43dc3,02568abd-2994-4cb2-a369-6994b0f43dc3,2,Sprouts Farmers Market-Deli/Bakery,,,Grocery Department,Grocery Department,food,False,False,op_permit_food,Open,,,1265 W Exchange PKWY Allen TX 75013,False,,3,3,FE004524-04-2023,FE006086-04-2025,Active,2027-05-08,https://cityofallentx-energovweb.tylerhost.net/apps/selfservice#/operationalPermit/328dde75-6cb2-4f9f-b2a4-06cdab1d67b6,9,9,2023-06-21,2026-09-27,1,0,5,92,2026-04-23,15,15,2020-10-15,2026-09-27,2,0,5,92,2026-04-23,0
22dd418c-0506-4ad1-b22c-da650ed2732b,22dd418c-0506-4ad1-b22c-da650ed2732b,1,Sprouts Farmers Market-Grocery,,,Grocery Store,Grocery Store,food,False,False,op_permit_food,Open,2017-11-29,,1265 W EXCHANGE PKWY ALLEN TX 75013,False,,9,9,FE000065-05-2017,FE006088-04-2025,Active,2027-05-08,https://cityofallentx-energovweb.tylerhost.net/apps/selfservice#/operationalPermit/e35d639d-f6c6-41a2-9291-5a34abe9f556,14,14,2017-11-29,2026-09-27,0,0,5,100,2026-04-23,14,14,2017-11-29,2026-09-27,0,0,5,100,2026-04-23,0
15073205-1083-487d-aef2-54255ef72086,15073205-1083-487d-aef2-54255ef72086,1,Sprouts Farmers Market-Meat,,,Grocery Department,Grocery Department,food,False,False,op_permit_food,Open,,,1265 W Exchange PKWY Allen TX 75013,False,,3,3,FE004525-04-2023,FE006087-04-2025,Active,2027-05-08,https://cityofallentx-energovweb.tylerhost.net/apps/selfservice#/operationalPermit/48f9e0a5-a5bb-4176-afbf-be1b95aa46be,7,7,2023-06-21,2026-09-27,0,0,5,98,2026-04-23,7,7,2023-06-21,2026-09-27,0,0,5,98,2026-04-23,0
f30faba0-aa1a-4218-a86a-3afc64f8c01d,8e44c3c8-b25a-45c3-a650-b794f5fc933d,2,Sprouts Farmers Market-Produce,,,Grocery Department,Grocery Department,food,False,False,op_permit_food,Open,,,1265 W Exchange PKWY Allen TX 75013,False,,3,3,FE004527-04-2023,FE006085-04-2025,Active,2027-05-08,https://cityofallentx-energovweb.tylerhost.net/apps/selfservice#/operationalPermit/78811a75-2cba-4eb7-abd9-84d7e16b518a,7,7,2023-06-21,2026-09-27,0,0,5,100,2026-04-23,11,11,2020-10-15,2026-09-27,0,0,5,100,2026-04-23,0
baa91856-e8e1-4dc1-815a-71e5cb67c189,701afd3c-b962-4036-b4d7-9ca89965c2f2,2,St Jude Catholic Church,,,Special Event - Food Establishment,Special Event - Food Establishment | Temporary Food Establishment - Food Establishment,food,True,False,license_food | license_special_event_food,Closed,,2022-02-28,1515 N GREENVILLE AVE ALLEN TX 75002,False,122385,2,0,FE003229-08-2021,FESP003242-08-2021,Expired,2021-09-05,https://cityofallentx-energovweb.tylerhost.net/apps/selfservice#/businessLicense/a60c964e-662d-476a-bed2-809da8eff21d,1,1,2021-09-02,2021-09-02,0,0,0,,,1,1,2021-09-02,2021-09-02,0,0,0,,,0
701afd3c-b962-4036-b4d7-9ca89965c2f2,701afd3c-b962-4036-b4d7-9ca89965c2f2,2,St. Jude Catholic Church,,,Temporary Food Establishment - Food Establishment,Temporary Food Establishment - Food Establishment,food,True,False,license_food,Closed,2022-09-08,2022-09-10,1515 N Greenville AVE Allen TX 75002,False,,1,0,FE004011-08-2022,FE004011-08-2022,Expired,2022-09-10,https://cityofallentx-energovweb.tylerhost.net/apps/selfservice#/businessLicense/4f6968b9-b9a0-4284-a08f-4fee1eff1540,0,0,,,0,0,0,,,1,1,2021-09-02,2021-09-02,0,0,0,,,0
0862fa3f-4546-451a-908b-7cc57454f38b,0862fa3f-4546-451a-908b-7cc57454f38b,1,St. Jude Catholic Church # 1,,,Special Event - Food Establishment,Special Event - Food Establishment,special event,True,False,license_special_event_food,Open,2024-09-07,2024-09-07,1515 N Greenville Ave Allen TX 75002,False,,1,0,FESP005559-08-2024,FESP005559-08-2024,Expired,2024-09-07,https://cityofallentx-energovweb.tylerhost.net/apps/selfservice#/businessLicense/b254959c-8577-4e6c-8ce6-f0b88e311467,0,0,,,0,0,0,,,0,0,,,0,0,0,,,0
dd2737b8-2773-44b9-b6eb-68392f07e0d6,dd2737b8-2773-44b9-b6eb-68392f07e0d6,1,St. Jude Catholic Church #2,,,Special Event - Food Establishment,Special Event - Food Establishment,special event,True,False,license_special_event_food,Open,,,1515 N Greenville Ave Allen TX 75002,False,,1,0,FESP005560-08-2024,FESP005560-08-2024,Expired,2024-09-07,https://cityofallentx-energovweb.tylerhost.net/apps/selfservice#/businessLicense/dffe4750-cbf5-4d6d-bcaa-9ec13c54b00d,0,0,,,0,0,0,,,0,0,,,0,0,0,,,0
63cb44ea-d060-4a38-b591-9fbe7425d7bd,63cb44ea-d060-4a38-b591-9fbe7425d7bd,1,St. Jude Catholic Church - Popcorn,,,Temporary Food Establishment - Food Establishment,Temporary Food Establishment - Food Establishment,food,True,False,license_food,Closed,2022-09-08,2022-09-10,1515 N Greenville AVE Allen TX 75002,False,,1,0,FE004010-08-2022,FE004010-08-2022,Expired,2022-09-10,https://cityofallentx-energovweb.tylerhost.net/apps/selfservice#/businessLicense/401e4a4a-dcd1-4513-81e3-34685c65dc79,1,1,2022-09-08,2022-09-08,0,0,0,,,1,1,2022-09-08,2022-09-08,0,0,0,,,0
ecb4f203-38f8-46e3-8aaa-5423af5634ba,ecb4f203-38f8-46e3-8aaa-5423af5634ba,1,Stacked by AJ's,,,Heavy Food Preparation,Heavy Food Preparation,food,False,False,op_permit_food,Open,,,210 CENTRAL EXPY Unit: 76 ALLEN TX 75013,False,114503,1,1,FE-006937-06-2026,FE-006937-06-2026,Active,2027-07-15,https://cityofallentx-energovweb.tylerhost.net/apps/selfservice#/operationalPermit/c5119e26-6ca7-47ee-9961-7588b836e8b0,1,1,2026-09-30,2026-09-30,0,0,0,,,1,1,2026-09-30,2026-09-30,0,0,0,,,0
27091ebc-2e00-4062-8a95-bd2a9a3759ec,27091ebc-2e00-4062-8a95-bd2a9a3759ec,1,Stacy Chinese Express,,,Heavy - Food Establishment,Heavy - Food Establishment | Heavy Food Preparation,food,False,False,license_food | op_permit_food,Closed,2017-09-26,2023-09-14,1546 E STACY RD Unit: 200 ALLEN TX 75002,False,,7,6,FE000052-04-2017,FE004519-04-2023,Expired,2024-04-26,https://cityofallentx-energovweb.tylerhost.net/apps/selfservice#/businessLicense/fd2f6e08-a344-471e-b3b1-e0cc1db1a81b,10,9,2017-09-26,2023-05-10,0,0,0,,,10,9,2017-09-26,2023-05-10,0,0,0,,,0
6a45da7b-c516-420b-8a01-23496d9526e8,6a45da7b-c516-420b-8a01-23496d9526e8,1,Starbucks #14344,,,Light Food Preparation,Light Food Preparation,food,False,False,op_permit_food,Open,2017-09-06,,969 SH121 HWY ALLEN TX 75013,False,126390,9,9,FE000143-06-2017,FE-006905-06-2026,Active,2027-06-19,https://cityofallentx-energovweb.tylerhost.net/apps/selfservice#/operationalPermit/d759add1-bed2-417d-b85c-685acfb81eb5,17,16,2019-05-06,2025-06-30,3,0,4,93,2025-06-30,17,16,2019-05-06,2025-06-30,3,0,4,93,2025-06-30,0
0ae13dda-828f-437c-a7fb-ecc99ff8daf5,0ae13dda-828f-437c-a7fb-ecc99ff8daf5,1,Starbucks #29135,,,Light Food Preparation,Light Food Preparation,food,False,False,op_permit_food,Open,2017-07-17,,1271 W EXCHANGE PKWY ALLEN TX 75013,False,131032,9,9,FE000175-06-2017,FE-006904-06-2026,Active,2027-06-26,https://cityofallentx-energovweb.tylerhost.net/apps/selfservice#/operationalPermit/2905ed89-9005-4efc-803a-fd4edafb9f0f,16,16,2018-07-05,2025-07-24,0,0,4,95,2025-07-24,16,16,2018-07-05,2025-07-24,0,0,4,95,2025-07-24,0
d31f63d6-341b-4f91-9675-401a46a73402,d31f63d6-341b-4f91-9675-401a46a73402,1,Starbucks #3475,,,Light Food Preparation,Light Food Preparation,food,False,False,op_permit_food,Open,2017-06-14,,727 S CENTRAL EXPY  ALLEN TX 75013,False,119124,9,9,FE000144-06-2017,FE-006907-06-2026,Active,2027-06-19,https://cityofallentx-energovweb.tylerhost.net/apps/selfservice#/operationalPermit/2d1f26da-909d-47cf-bb51-ea94ad274cbf,15,15,2017-12-05,2025-07-31,1,0,4,93,2025-07-31,15,15,2017-12-05,2025-07-31,1,0,4,93,2025-07-31,0
087ea578-460d-4079-8a44-313eedf5a93c,087ea578-460d-4079-8a44-313eedf5a93c,1,Starbucks #6321,,,Light Food Preparation,Light Food Preparation,food,False,False,op_permit_food,Open,2017-07-13,,904 W MCDERMOTT DR ALLEN TX 75013,False,117730,9,9,FE000142-06-2017,FE-006906-06-2026,Active,2027-06-19,https://cityofallentx-energovweb.tylerhost.net/apps/selfservice#/operationalPermit/7e244d59-28af-4e84-afd8-f6ea799773d8,15,15,2018-07-02,2025-07-25,2,0,4,93,2025-07-25,15,15,2018-07-02,2025-07-25,2,0,4,93,2025-07-25,0
a946b7c0-c118-4603-918f-25043cd0d96b,a946b7c0-c118-4603-918f-25043cd0d96b,1,Starbucks - Collin College,,,Light Food Preparation,Light Food Preparation,food,False,False,op_permit_food,Open,,,2550 BENDING BRANCH WAY ALLEN TX 75013,False,131980,6,6,FE002371-07-2020,FE-007121-08-2026,Annual Renewal Completed,2027-07-10,https://cityofallentx-energovweb.tylerhost.net/apps/selfservice#/operationalPermit/ff5d0832-ccfc-4dc4-a9ff-cca8b33dfc7f,8,8,2020-11-04,2026-11-05,0,0,4,98,2025-09-16,8,8,2020-11-04,2026-11-05,0,0,4,98,2025-09-16,0
59b9f758-10d6-4c9a-832d-e51ca2a12801,59b9f758-10d6-4c9a-832d-e51ca2a12801,1,Starbucks @ Kroger #548,,,Light - Food Establishment,Light - Food Establishment | Light Food Preparation,food,False,False,license_food | op_permit_food,Closed,2018-10-18,2024-02-27,1210 N GREENVILLE AVE ALLEN TX 75002,False,126011,5,4,FE000325-10-2017,FE003114-07-2021,Expired,2023-07-17,https://cityofallentx-energovweb.tylerhost.net/apps/selfservice#/businessLicense/55aa0e63-0094-4647-ae15-7c52e8ac06ad,10,10,2018-10-16,2023-12-06,1,0,0,,,10,10,2018-10-16,2023-12-06,1,0,0,,,0
b734e61f-67f3-4825-a7da-2dd202f84fef,b734e61f-67f3-4825-a7da-2dd202f84fef,1,Starbucks @ Krogers #568,,,Light - Food Establishment,Light - Food Establishment | Light Food Preparation,food,False,False,license_food | op_permit_food,Closed,2017-07-13,2024-11-18,1320 W MCDERMOTT DR ALLEN TX 75013,False,113691,6,5,FE000209-07-2017,FE003854-06-2022,Expired,2023-07-25,https://cityofallentx-energovweb.tylerhost.net/apps/selfservice#/businessLicense/ce6280a3-9f49-4b59-8c1c-bb5690ed8068,9,9,2018-07-13,2023-01-24,0,0,0,,,9,9,2018-07-13,2023-01-24,0,0,0,,,0
b6599f51-a658-4566-af0a-de2e082fc5c9,b6599f51-a658-4566-af0a-de2e082fc5c9,1,Starbucks Coffee #58508,,,Light Food Preparation,Light Food Preparation,food,False,False,op_permit_food,Open,2020-02-17,,545 E EXCHANGE PKWY ALLEN TX 75002,False,,7,7,FE001744-09-2019,FE006401-09-2025,Expired,2026-09-08,https://cityofallentx-energovweb.tylerhost.net/apps/selfservice#/operationalPermit/A99F02CB-77DB-43F0-9E62-CBE8978B4897,11,11,2020-02-17,2025-12-11,0,0,4,91,2025-12-11,11,11,2020-02-17,2025-12-11,0,0,4,91,2025-12-11,0
e4976957-e70c-4f03-96bf-0db171d36d8e,e4976957-e70c-4f03-96bf-0db171d36d8e,1,Starbucks Coffee Shop #53511,,,Light - Food Establishment,Light - Food Establishment | Light Food Preparation,food,False,False,license_food | op_permit_food,Closed,,2025-01-14,820 W STACY RD 6 Unit: 612 ALLEN TX 75013,False,120610,7,6,FE000507-01-2018,FE005173-02-2024,Expired,2025-01-30,https://cityofallentx-energovweb.tylerhost.net/apps/selfservice#/businessLicense/0ee51154-9379-4b0b-814f-7b97270986fd,13,13,2019-06-11,2024-09-11,2,0,2,94,2024-09-11,13,13,2019-06-11,2024-09-11,2,0,2,94,2024-09-11,0
77778210-be49-4ce7-a2ad-5f9f0facf105,77778210-be49-4ce7-a2ad-5f9f0facf105,1,Starbucks Coffee# 55620,,,Light Food Preparation,Light Food Preparation,food,False,False,op_permit_food,Open,,,1985 N CENTRAL EXPY Unit: 100 ALLEN TX 75013,False,132957,6,6,FE001794-10-2019,FE-006974-07-2026,Annual Renewal Completed,2027-07-17,https://cityofallentx-energovweb.tylerhost.net/apps/selfservice#/operationalPermit/f155a05c-a1a9-48a3-892b-14d2e74bbe05,10,10,2021-01-08,2025-07-23,1,0,4,95,2025-07-23,10,10,2021-01-08,2025-07-23,1,0,4,95,2025-07-23,0
da1d115c-905a-49cf-b57c-6e9d9b6b2f24,da1d115c-905a-49cf-b57c-6e9d9b6b2f24,1,Starbucks Kroger #544,,,Light - Food Establishment,Light - Food Establishment | Light Food Preparation,food,False,False,license_food | op_permit_food,Closed,2017-06-05,2025-07-29,1212 E BETHANY DR ALLEN TX 75002,False,113835,6,5,FE000122-06-2017,FE003853-06-2022,Expired,2023-07-27,https://cityofallentx-energovweb.tylerhost.net/apps/selfservice#/businessLicense/374ecf92-4322-4284-b265-1ddb884b0f12,14,14,2018-05-25,2024-09-16,2,0,0,,,14,14,2018-05-25,2024-09-16,2,0,0,,,0
51443e13-7678-459f-98f7-06f52c2b79e7,51443e13-7678-459f-98f7-06f52c2b79e7,1,Steel City Pops @ Church Eleven 32,,,Special Event - Food Establishment,Special Event - Food Establishment,special event,True,False,license_special_event_food,Closed,2017-11-02,2017-11-02,700 RIVERCREST BLVD ALLEN TX 75002,False,127247,1,0,FESP000387-10-2017,FESP000387-10-2017,Expired,2017-11-04,https://cityofallentx-energovweb.tylerhost.net/apps/selfservice#/businessLicense/5eb3496f-0563-49d5-ac55-8bbcb5a4c401,1,1,2017-11-02,2017-11-02,0,0,0,,,1,1,2017-11-02,2017-11-02,0,0,0,,,0
1554795a-184b-4d8e-9882-c7cb6d4ca2a1,1554795a-184b-4d8e-9882-c7cb6d4ca2a1,1,Stephen G. Terrell Recreation Center,,,Concession Stand - Food Establishment,Concession Stand - Food Establishment,food,False,False,license_food,Closed,,2026-04-03,305 Century Parkway Allen TX 75013,False,,1,0,FE004738-07-2023,FE004738-07-2023,Closed,,https://cityofallentx-energovweb.tylerhost.net/apps/selfservice#/businessLicense/6297de06-ec6d-43ee-a557-b2ef82309e6c,0,0,,,0,0,0,,,0,0,,,0,0,0,,,0
00fb1bce-28d6-453c-ab34-e82ec4c996d2,00fb1bce-28d6-453c-ab34-e82ec4c996d2,1,Stephen G. Terrell Recreation Center - Concessions,,,Light Food Preparation,Light Food Preparation,food,False,False,op_permit_food,Open,,,1680 W Exchange Pkwy Allen TX 75013,False,,3,3,FE004975-12-2023,FE006592-01-2026,Annual Renewal Completed,2026-12-05,https://cityofallentx-energovweb.tylerhost.net/apps/selfservice#/operationalPermit/73D0055B-A009-48D3-9582-D37FEC1A8820,6,6,2024-03-19,2026-12-11,0,0,0,,,6,6,2024-03-19,2026-12-11,0,0,0,,,0
64bbca51-f4ba-4c6d-9a37-ee5a3bed3e5c,64bbca51-f4ba-4c6d-9a37-ee5a3bed3e5c,1,Stephen G. Terrell Recreation Center-Catering Kitchen,,,Light Food Preparation,Light Food Preparation,food,False,False,op_permit_food,Open,,,1680 W Exchange Pkwy Allen TX 75013,False,,3,3,FE004974-12-2023,FE006567-01-2026,Annual Renewal Completed,2026-12-05,https://cityofallentx-energovweb.tylerhost.net/apps/selfservice#/operationalPermit/841D4D1F-5949-477C-9669-AF6044BAACA9,6,6,2024-03-19,2026-12-11,0,0,0,,,6,6,2024-03-19,2026-12-11,0,0,0,,,0
18e96720-186f-4a38-acf2-2c5f1ebdebb5,18e96720-186f-4a38-acf2-2c5f1ebdebb5,1,Stepping Stones Christian Academy,,,Day Care Facility,Day Care Facility,day care,False,False,op_permit_daycare,Closed,,2024-09-23,110 S Alma Dr Allen TX 75013,False,,1,1,DC005464-07-2024,DC005464-07-2024,Expired,2025-07-29,https://cityofallentx-energovweb.tylerhost.net/apps/selfservice#/operationalPermit/6C507E69-0BB9-4D4C-A0C8-9B0C58C0ED49,0,0,,,0,0,0,,,0,0,,,0,0,0,,,0
32671c77-8619-4b06-bbb2-11c69c9c5376,32671c77-8619-4b06-bbb2-11c69c9c5376,1,Story Elementary School - Allen ISD,,,Heavy Food Preparation,Heavy Food Preparation,food,False,False,op_permit_food,Open,2017-09-20,,1550 EDELWEISS DR ALLEN TX 75002,False,107210,10,10,FE000322-09-2017,FE-006987-07-2026,Active,,https://cityofallentx-energovweb.tylerhost.net/apps/selfservice#/operationalPermit/53945214-5653-46b0-8da8-084c3e0811d5,17,17,2018-03-02,2026-09-30,2,0,4,100,2025-10-23,17,17,2018-03-02,2026-09-30,2,0,4,100,2025-10-23,0
bc8740ff-72e9-45c5-901a-cd4be284c5ee,bc8740ff-72e9-45c5-901a-cd4be284c5ee,1,Street Factory Media,,,Temporary Food Establishments,Temporary Food Establishments,food,True,False,op_permit_food,Closed,,2025-10-01,200 E. Stacy RD Unit: 1350 ALLEN TX 75002,False,,1,1,FESP006399-09-2025,FESP006399-09-2025,Expired,2025-09-28,https://cityofallentx-energovweb.tylerhost.net/apps/selfservice#/operationalPermit/731CDA81-25F4-41AD-ABD8-C7F37A15E019,1,1,2025-09-26,2025-09-26,0,0,0,,,1,1,2025-09-26,2025-09-26,0,0,0,,,0
4dc87347-e298-4a33-b83b-cd15c550a8aa,4dc87347-e298-4a33-b83b-cd15c550a8aa,1,Sublime Chocolate,,,Light - Food Establishment,Light - Food Establishment | Light Food Preparation,food,False,False,license_food | op_permit_food,Closed,2017-04-06,2020-04-22,908 WATTERS CREEK BLVD P ALLEN TX 75013,False,129666,3,2,FE000001-04-2017,FE001487-04-2019,Expired,2020-04-04,https://cityofallentx-energovweb.tylerhost.net/apps/selfservice#/businessLicense/22a2d9a9-871a-449a-b97f-fe7c18257308,5,5,2017-10-17,2019-11-11,0,0,0,,,5,5,2017-10-17,2019-11-11,0,0,0,,,0
53c47504-7fcc-43a9-a7fe-15353aeaffad,53c47504-7fcc-43a9-a7fe-15353aeaffad,1,Subway,,,Heavy Food Preparation,Heavy Food Preparation,food,False,False,op_permit_food,Open,,,730 W EXCHANGE PKWY ALLEN TX 75013,False,127845,1,1,FE006630-01-2026,FE006630-01-2026,Annual Renewal Completed,2027-02-16,https://cityofallentx-energovweb.tylerhost.net/apps/selfservice#/operationalPermit/586BF781-CB6C-4634-81D0-4EBDA49E677E,1,1,2026-09-27,2026-09-27,0,0,0,,,1,1,2026-09-27,2026-09-27,0,0,0,,,0
b9af6fa9-72c5-492a-96da-106b1f4de859,b9af6fa9-72c5-492a-96da-106b1f4de859,1,Subway,,,Heavy Food Preparation,Heavy Food Preparation,food,False,False,op_permit_food,Open,,,204 N Greenville AVE Unit: 210 Allen TX 75002,False,,1,1,FE006547-12-2025,FE006547-12-2025,Active,2026-12-31,https://cityofallentx-energovweb.tylerhost.net/apps/selfservice#/operationalPermit/72C78656-7322-4515-8BA9-354EE9CE550C,4,3,2026-02-23,2027-03-09,0,0,1,94,2026-02-23,4,3,2026-02-23,2027-03-09,0,0,1,94,2026-02-23,0
c4c2e856-4d89-4e4d-b75a-9067baf89a76,3cb4bede-8084-4db2-925d-e3d333073a79,2,Subway  #30973,,,Light Food Preparation,Light Food Preparation,food,False,False,op_permit_food,Open,,,1546 E STACY RD Unit: 150 ALLEN TX 75002,False,120989,7,7,FE001822-10-2019,FE006473-10-2025,Active,2026-10-20,https://cityofallentx-energovweb.tylerhost.net/apps/selfservice#/operationalPermit/D487E622-A647-4505-9925-04B3EBDE6538,22,20,2019-12-04,2027-03-08,2,0,7,96,2025-11-04,26,24,2017-10-30,2027-03-08,2,0,7,96,2025-11-04,0
80890183-b326-4505-824f-515b711ff42c,80890183-b326-4505-824f-515b711ff42c,1,Subway # 21158,,,Light - Food Establishment,Heavy - Food Establishment | Heavy Food Preparation | Light - Food Establishment,food,False,False,license_food | op_permit_food,Closed,2017-06-21,2020-01-15,204 S CENTRAL EXPY  Unit: 11 ALLEN TX 75013,False,114503,3,1,FE000120-06-2017,FE001553-06-2019,Expired,2020-06-03,https://cityofallentx-energovweb.tylerhost.net/apps/selfservice#/businessLicense/0c63cbb8-9b2f-4ccb-b4b4-c897f3b7174f,5,4,2018-07-02,2019-07-18,1,0,0,,,5,4,2018-07-02,2019-07-18,1,0,0,,,0
3cb4bede-8084-4db2-925d-e3d333073a79,3cb4bede-8084-4db2-925d-e3d333073a79,2,Subway # 30973,,,Heavy - Food Establishment,Heavy - Food Establishment | Heavy Food Preparation,food,False,False,license_food | op_permit_food,Closed,2017-04-06,2020-03-24,1546 E STACY RD Unit: 150 ALLEN TX 75002,False,120989,3,1,FE000008-04-2017,FE001102-10-2018,Expired,2019-10-24,https://cityofallentx-energovweb.tylerhost.net/apps/selfservice#/businessLicense/72ae6f1d-a03a-4e70-a2f8-96b641b76cd1,4,4,2017-10-30,2019-12-03,0,0,0,,,26,24,2017-10-30,2027-03-08,2,0,7,96,2025-11-04,0
25b5d013-8db9-42c5-ba73-1cf799698948,25b5d013-8db9-42c5-ba73-1cf799698948,1,Subway # 41813,,,Light Food Preparation,Heavy - Food Establishment | Light Food Preparation,food,False,False,license_food | op_permit_food,Open,2017-08-24,,977 SH121 HWY B Unit: 180 ALLEN TX 75013,False,126004,9,8,FE000462-12-2017,FE006874-04-2026,Annual Renewal Completed,2027-05-26,https://cityofallentx-energovweb.tylerhost.net/apps/selfservice#/operationalPermit/5B7C4E01-349C-4674-B82F-E1DE3C241428,25,24,2018-06-19,2027-02-19,3,0,6,98,2025-11-03,25,24,2018-06-19,2027-02-19,3,0,6,98,2025-11-03,0
1099db86-60db-462d-8d8c-e3ea2b61faa2,1099db86-60db-462d-8d8c-e3ea2b61faa2,1,Subway #32908,,,Heavy - Food Establishment,Heavy - Food Establishment | Heavy Food Preparation,food,False,False,license_food | op_permit_food,Closed,2017-07-07,2018-12-17,806 S ALLEN HEIGHTS DR Unit: 100A ALLEN TX 75002,False,115002,2,1,FE000301-09-2017,FE001054-09-2018,Expired,2019-09-12,https://cityofallentx-energovweb.tylerhost.net/apps/selfservice#/businessLicense/21b107fe-eedc-4431-af9a-d0d5e0ad32fb,4,3,2018-07-03,2018-07-31,2,0,0,,,4,3,2018-07-03,2018-07-31,2,0,0,,,0
5cab25ae-1b25-42c4-ac6f-34b33d82f0dd,5cab25ae-1b25-42c4-ac6f-34b33d82f0dd,1,Subway #50794,,,Light - Food Establishment,Heavy - Food Establishment | Light - Food Establishment | Light Food Preparation,food,False,False,license_food | op_permit_food,Closed,2017-07-14,2026-01-20,730 W EXCHANGE PKWY ALLEN TX 75013,False,127845,8,6,FE000472-01-2018,FE005821-01-2025,Closed,,https://cityofallentx-energovweb.tylerhost.net/apps/selfservice#/businessLicense/bcd1a74e-bc39-4c08-b1d3-9e49719224a4,14,14,2019-02-04,2025-08-04,0,0,1,100,2023-09-07,14,14,2019-02-04,2025-08-04,0,0,1,100,2023-09-07,0
07a6a3b0-116c-4141-bee5-d5a5e653481a,07a6a3b0-116c-4141-bee5-d5a5e653481a,2,Subway @ West McDermott,,,Heavy - Food Establishment,Heavy - Food Establishment,food,False,False,license_food,Closed,2018-04-25,2018-04-25,2033 W MCDERMOTT DR  Unit: 340 ALLEN TX 75013,False,113434,1,0,FE000508-01-2018,FE000508-01-2018,Expired,2019-01-25,https://cityofallentx-energovweb.tylerhost.net/apps/selfservice#/businessLicense/cb1fed91-3afb-4a88-8e43-c06b84b4fcba,2,0,,,0,0,0,,,27,24,2018-07-13,2027-03-01,5,0,4,98,2025-10-21,0
e334467e-60c1-485e-94a5-f4aeb9126551,07a6a3b0-116c-4141-bee5-d5a5e653481a,2,Subway @ West McDermott,,,Light Food Preparation,Light Food Preparation,food,False,False,op_permit_food,Open,2017-06-22,,2033 W MCDERMOTT DR  Unit: 340 ALLEN TX 75013,False,113434,8,8,FE001340-02-2019,FE006654-01-2026,Annual Renewal Completed,2027-02-19,https://cityofallentx-energovweb.tylerhost.net/apps/selfservice#/operationalPermit/82A029D8-BBF4-4DB6-B95A-C5769BCCBDF1,25,24,2018-07-13,2027-03-01,5,0,4,98,2025-10-21,27,24,2018-07-13,2027-03-01,5,0,4,98,2025-10-21,0
573d0ccb-17de-4a81-aadd-5a18be929ae8,573d0ccb-17de-4a81-aadd-5a18be929ae8,1,Suite Sweets @ CUTX,,,Light Food Preparation,Light Food Preparation,food,False,False,op_permit_food,Open,2019-08-12,,200 E STACY RD  ALLEN TX 75002,False,127345,7,7,FE001660-07-2019,FE-007084-08-2026,Annual Renewal Completed,2027-08-09,https://cityofallentx-energovweb.tylerhost.net/apps/selfservice#/operationalPermit/99ec9ed8-f4c6-4cd5-b852-a8ad3101d11c,8,8,2019-08-12,2026-04-03,0,0,0,,,8,8,2019-08-12,2026-04-03,0,0,0,,,0
9ecef785-a1b8-4a3a-98eb-85043f1b19f2,9ecef785-a1b8-4a3a-98eb-85043f1b19f2,1,Suites Pantry @ CUTX,,,Light Food Preparation,Light Food Preparation,food,False,False,op_permit_food,Open,,,200 E STACY RD B1300 Unit: 1350 ALLEN TX 75002,False,127345,5,5,FE003209-08-2021,FE-007083-08-2026,Annual Renewal Completed,2027-08-09,https://cityofallentx-energovweb.tylerhost.net/apps/selfservice#/operationalPermit/669f0dd8-a2a1-491e-ade0-78739ca12c91,4,4,2022-03-01,2026-04-03,0,0,0,,,4,4,2022-03-01,2026-04-03,0,0,0,,,0
a15eef91-6d2c-49f1-b570-0f2fd75a153c,a15eef91-6d2c-49f1-b570-0f2fd75a153c,1,Sullivan BBQ Food Truck (G64-3363),,,Temporary Food Establishment - Food Establishment,Temporary Food Establishment - Food Establishment,food,True,False,license_food,Closed,2019-01-02,2023-08-11,ALLEN TX 75013,True,,1,0,FE001188-01-2019,FE001188-01-2019,Expired,2019-01-16,https://cityofallentx-energovweb.tylerhost.net/apps/selfservice#/businessLicense/4c30ad3c-1b67-4a17-8a52-7d691e9506f6,1,1,2019-01-02,2019-01-02,0,0,0,,,1,1,2019-01-02,2019-01-02,0,0,0,,,0
774d09fe-f621-41b8-adac-db9d7eb561a1,774d09fe-f621-41b8-adac-db9d7eb561a1,1,Suncreek Kids Christian Preschool,,,Day Care Facility,Day Care Facility,day care,False,False,op_permit_daycare,Open,2017-09-12,,1517 W MCDERMOTT DR ALLEN TX 75013,False,127391,9,9,DC000441-12-2017,DC006499-11-2025,Annual Renewal Completed,2026-12-11,https://cityofallentx-energovweb.tylerhost.net/apps/selfservice#/operationalPermit/DF0D39F7-76D8-4FBD-8DE3-5FE36132FF6A,16,16,2017-09-12,2026-12-21,0,0,3,100,2025-12-02,16,16,2017-09-12,2026-12-21,0,0,3,100,2025-12-02,0
92a071c5-d3a0-4b8b-baa3-511c410b6d1f,92a071c5-d3a0-4b8b-baa3-511c410b6d1f,1,Sunshine & Rainbows Early Learng Ctr,,,Day Care Facility,Day Care Facility,day care,False,False,op_permit_daycare,Closed,,2023-02-28,1515 N GREENVILLE AVE ALLEN TX 75002,False,122385,4,4,DC000577-02-2018,DC002822-02-2021,Annual Renewal Completed,2022-03-03,https://cityofallentx-energovweb.tylerhost.net/apps/selfservice#/operationalPermit/2D2DF325-D119-4169-AF6C-14EA88DA282A,7,7,2017-11-27,2022-08-24,0,0,0,,,7,7,2017-11-27,2022-08-24,0,0,0,,,0
6caa650c-be03-424b-8362-478b77b143d8,6caa650c-be03-424b-8362-478b77b143d8,1,Sunshine Cupcake Bakery,,,Heavy - Food Establishment,Heavy - Food Establishment,food,False,False,license_food,Closed,2016-12-27,2018-08-23,210 S CENTRAL EXPY  Unit: 82 ALLEN TX 75013,False,114503,1,0,FE000506-01-2018,FE000506-01-2018,Expired,2019-01-24,https://cityofallentx-energovweb.tylerhost.net/apps/selfservice#/businessLicense/3e2f0eb6-054e-41f6-babb-45994fbcccf7,2,1,2018-02-20,2018-02-20,0,0,0,,,2,1,2018-02-20,2018-02-20,0,0,0,,,0
9e6c788d-381d-4503-8b6d-5dae6d895b01,9e6c788d-381d-4503-8b6d-5dae6d895b01,1,Sunview Cafe,,,Heavy Food Preparation,Heavy - Food Establishment | Heavy Food Preparation,food,False,False,license_food | op_permit_food,Open,2017-11-16,,939 W STACY RD Unit: 100 ALLEN TX 75013,False,128061,10,9,FE000068-05-2017,FE-006923-06-2026,Annual Renewal Completed,2027-06-07,https://cityofallentx-energovweb.tylerhost.net/apps/selfservice#/operationalPermit/bebce5cd-285e-425c-a0fa-e7d3495640ec,26,26,2017-11-16,2025-08-14,9,0,4,90,2025-08-14,26,26,2017-11-16,2025-08-14,9,0,4,90,2025-08-14,0
d02fa4ac-4975-48ef-93b4-c817d48185b5,d02fa4ac-4975-48ef-93b4-c817d48185b5,1,Super Freeze - The HUB,,,Light Food Preparation,Light Food Preparation,food,False,False,op_permit_food,Open,,,1289 Johnson RD Unit: #3140 Allen TX 75013,False,,4,4,FE004108-10-2022,FE006450-10-2025,Annual Renewal Completed,2026-10-17,https://cityofallentx-energovweb.tylerhost.net/apps/selfservice#/operationalPermit/6CBA9CE2-0A42-4E27-B375-47BCC3A4199B,4,3,2023-07-19,2025-03-03,1,0,2,88,2025-03-01,4,3,2023-07-19,2025-03-03,1,0,2,88,2025-03-01,0
fa6d90fa-45e0-48cf-81bf-0ae960a3e1c0,fa6d90fa-45e0-48cf-81bf-0ae960a3e1c0,1,Super Llama Inflatable Park,,,Heavy Food Preparation,Heavy Food Preparation,food,False,False,op_permit_food,Open,,,109 N GREENVILLE AVE ALLEN TX 75002,False,110879,1,1,FE-007164-09-2026,FE-007164-09-2026,Pending Payment,2999-01-01,https://cityofallentx-energovweb.tylerhost.net/apps/selfservice#/operationalPermit/7382facf-3731-4ae0-bdda-0c058b764344,0,0,,,0,0,0,,,0,0,,,0,0,0,,,0
f7573fb6-f699-4188-bc97-9aaa46b552ed,f7573fb6-f699-4188-bc97-9aaa46b552ed,1,Sushi Axiom,,,Heavy - Food Establishment,Heavy - Food Establishment,food,False,False,license_food,Closed,2017-10-31,2018-12-13,190 E STACY RD B1700 Unit: 1734 ALLEN TX 75002,False,127348,1,0,FE000373-10-2017,FE000373-10-2017,Expired,2018-10-20,https://cityofallentx-energovweb.tylerhost.net/apps/selfservice#/businessLicense/148fd6cc-558b-4e10-92cd-53337d34e57e,5,5,2017-10-20,2018-05-03,2,0,0,,,5,5,2017-10-20,2018-05-03,2,0,0,,,0
198b6e61-d1fc-43a8-b102-861f8e79f81d,198b6e61-d1fc-43a8-b102-861f8e79f81d,1,Sushi Go,,,Heavy Food Preparation,Heavy Food Preparation,food,False,False,op_permit_food,Open,,,939 W Stacy Rd Unit: # 155 Allen TX 75013,False,,1,1,FE-006981-07-2026,FE-006981-07-2026,Annual Renewal Completed,2027-07-22,https://cityofallentx-energovweb.tylerhost.net/apps/selfservice#/operationalPermit/f4a086bb-6918-4e80-8963-a0751d87ec04,3,3,2026-03-12,2026-09-27,1,0,1,71,2026-03-12,3,3,2026-03-12,2026-09-27,1,0,1,71,2026-03-12,0
d59506ec-3384-4ed8-8675-30a742544037,d59506ec-3384-4ed8-8675-30a742544037,1,Sushi Go,,,Heavy Food Preparation,Heavy - Food Establishment | Heavy Food Preparation,food,False,False,license_food | op_permit_food,Closed,2017-11-15,2025-06-30,939 W STACY RD  Unit: 155 ALLEN TX 75013,False,128061,9,8,FE000040-04-2017,FE005410-06-2024,Expired,2025-06-26,https://cityofallentx-energovweb.tylerhost.net/apps/selfservice#/operationalPermit/2B8E510B-EED4-41C5-8B08-3CAA5EA9F666,17,17,2017-11-15,2025-01-13,3,1,0,,,17,17,2017-11-15,2025-01-13,3,1,0,,,0
2ee5aeed-e7a1-4093-977e-a3d57af613da,2ee5aeed-e7a1-4093-977e-a3d57af613da,1,Sushi Maru,,,Heavy Food Preparation,Heavy Food Preparation,food,False,False,op_permit_food,Open,2020-02-20,,541 W MCDERMOTT DR ALLEN TX 75013,False,110855,7,7,FE001909-12-2019,FE006530-12-2025,Annual Renewal Completed,2026-12-07,https://cityofallentx-energovweb.tylerhost.net/apps/selfservice#/operationalPermit/B3965952-E0EE-407A-9792-E18E1ECCA367,15,15,2020-02-20,2025-02-27,5,0,5,86,2025-02-27,15,15,2020-02-20,2025-02-27,5,0,5,86,2025-02-27,0
dc736e60-d784-419e-b35c-069ddf074fb8,dc736e60-d784-419e-b35c-069ddf074fb8,1,Sushi The Classic,,,Heavy Food Preparation,Heavy Food Preparation,food,False,False,op_permit_food,Open,,,2023 W MCDERMOTT DR Unit: 260 ALLEN TX 75013,False,113333,1,1,FE006520-12-2025,FE006520-12-2025,Active,2026-12-02,https://cityofallentx-energovweb.tylerhost.net/apps/selfservice#/operationalPermit/97BB9D31-A11C-40C7-B008-C600D259EB64,1,1,2026-09-27,2026-09-27,0,0,0,,,1,1,2026-09-27,2026-09-27,0,0,0,,,0
979faab7-90b8-4832-b342-a3dc173e214e,979faab7-90b8-4832-b342-a3dc173e214e,1,Sweet Bear Cafe,,,Light Food Preparation,Light Food Preparation,food,False,False,op_permit_food,Open,,,1228 E Exchange Pkwy Unit: # 106 Allen TX 75002,False,,2,2,FE005921-02-2025,FE006667-02-2026,Annual Renewal Completed,2027-02-12,https://cityofallentx-energovweb.tylerhost.net/apps/selfservice#/operationalPermit/5500E188-7C8C-46C5-82B0-6CEBA228A794,3,3,2025-05-19,2026-11-20,0,0,2,100,2025-11-20,3,3,2025-05-19,2026-11-20,0,0,2,100,2025-11-20,0
2164258a-f9ca-421f-86b6-119d0ba1cad9,2164258a-f9ca-421f-86b6-119d0ba1cad9,1,Sweet Rice,,,Heavy - Food Establishment,Heavy - Food Establishment | Heavy Food Preparation,food,False,False,license_food | op_permit_food,Closed,2019-01-03,2023-12-11,503 W MCDERMOTT DR  Unit: 130 ALLEN TX 75013,False,110854,5,4,FE001138-11-2018,FE004178-12-2022,Expired,2023-11-30,https://cityofallentx-energovweb.tylerhost.net/apps/selfservice#/businessLicense/f1cd7cab-fc26-44ff-a0e6-993198043e93,15,15,2019-05-20,2023-01-04,4,1,0,,,15,15,2019-05-20,2023-01-04,4,1,0,,,0
62bb8c2f-8cad-4e89-b5d0-c91368a5a45e,62bb8c2f-8cad-4e89-b5d0-c91368a5a45e,1,Sweetie's Cheesecakes,,,Special Event - Food Establishment,Special Event - Food Establishment,special event,True,False,license_special_event_food,Closed,,2022-02-28,Fort Worth TX 76244,True,,1,0,FESP003624-02-2022,FESP003624-02-2022,Expired,2022-02-27,https://cityofallentx-energovweb.tylerhost.net/apps/selfservice#/businessLicense/9c31ddeb-cae1-4b27-94ae-974fbd9cbe47,1,1,2022-02-25,2022-02-25,0,0,0,,,1,1,2022-02-25,2022-02-25,0,0,0,,,0
a76f51d7-66a6-40cb-a8a0-4c5768022d1e,a76f51d7-66a6-40cb-a8a0-4c5768022d1e,1,Sweetwaters Coffee & Tea,,,Light Food Preparation,Light Food Preparation,food,False,False,op_permit_food,Open,,,1010 W Exchange Pkwy Unit: # 2160 Allen TX 75013,False,,2,2,FE005726-12-2024,FE006529-12-2025,Annual Renewal Completed,2026-12-03,https://cityofallentx-energovweb.tylerhost.net/apps/selfservice#/operationalPermit/D836F028-98D4-4665-B770-9B7C41929932,3,2,2025-01-15,2025-07-15,0,0,0,,,3,2,2025-01-15,2025-07-15,0,0,0,,,0
79fca454-f121-4072-b8b5-47df1adcf7a7,79fca454-f121-4072-b8b5-47df1adcf7a7,1,T&D Concessions #1 @ Carnival,,,Temporary Food Establishment - Food Establishment,Temporary Food Establishment - Food Establishment | Temporary Food Establishments,food,True,False,license_food | op_permit_food,Closed,2017-09-07,2022-07-29,1515 N GREENVILLE AVE ALLEN TX 75002,False,122385,4,3,FE000275-08-2017,FE003217-08-2021,Expired,2021-09-05,https://cityofallentx-energovweb.tylerhost.net/apps/selfservice#/businessLicense/63a815f9-a2ec-47bc-a606-7f3b9e609c6a,1,1,2021-09-02,2021-09-02,0,0,0,,,1,1,2021-09-02,2021-09-02,0,0,0,,,0
5430886d-9cea-4bf9-9b61-971300a64524,5430886d-9cea-4bf9-9b61-971300a64524,1,T&D Concessions #2 @Carnival,,,Temporary Food Establishment - Food Establishment,Temporary Food Establishment - Food Establishment | Temporary Food Establishments,food,True,False,license_food | op_permit_food,Closed,2017-09-07,2019-08-26,1515 N GREENVILLE AVE ALLEN TX 75002,False,122385,4,3,FE000283-09-2017,FE003218-08-2021,Expired,2021-09-05,https://cityofallentx-energovweb.tylerhost.net/apps/selfservice#/businessLicense/5c9abe09-29fb-4d5b-9e2a-304529270cd3,2,2,2019-09-26,2021-09-02,0,0,0,,,2,2,2019-09-26,2021-09-02,0,0,0,,,0
a4663498-4b4e-459c-9dec-1753070aca0f,a4663498-4b4e-459c-9dec-1753070aca0f,1,T&D Concessions (Grab Joint),,,Temporary Food Establishment - Food Establishment,Temporary Food Establishment - Food Establishment,food,True,False,license_food,Closed,2022-09-08,2022-09-10,Fort Worth TX 76101,True,,1,0,FE004000-08-2022,FE004000-08-2022,Expired,2023-09-08,https://cityofallentx-energovweb.tylerhost.net/apps/selfservice#/businessLicense/f8316a8a-9014-4fba-8aee-0ecf996e7720,1,1,2022-09-08,2022-09-08,0,0,0,,,1,1,2022-09-08,2022-09-08,0,0,0,,,0
7a861e20-3bc6-4fe4-9d66-cbc4ae1e8ee8,7a861e20-3bc6-4fe4-9d66-cbc4ae1e8ee8,1,T&D Concessions (Popper),,,Temporary Food Establishment - Food Establishment,Temporary Food Establishment - Food Establishment,food,True,False,license_food,Closed,2022-09-08,2022-09-10,Fort Worth TX 76101,True,,1,0,FE004001-08-2022,FE004001-08-2022,Expired,2022-09-10,https://cityofallentx-energovweb.tylerhost.net/apps/selfservice#/businessLicense/ce771991-b70b-481b-8614-27414e772d11,1,1,2022-09-08,2022-09-08,0,0,0,,,1,1,2022-09-08,2022-09-08,0,0,0,,,0
3d9b4c89-7a80-4e1b-9580-61c4f90e8716,3d9b4c89-7a80-4e1b-9580-61c4f90e8716,1,TC Roasted Corn -Allen USA,,,Temporary Food Establishment - Food Establishment,Temporary Food Establishment - Food Establishment | Temporary Food Establishments,food,True,False,license_food | op_permit_food,Closed,,2022-06-15,701 ANGEL PKWY  ALLEN TX 75002,False,121106,2,1,FE001605-06-2019,FE003052-06-2021,Expired,2021-06-26,https://cityofallentx-energovweb.tylerhost.net/apps/selfservice#/businessLicense/37ff7ae8-0c70-4527-9c62-c7518f634573,2,2,2019-06-28,2021-06-25,0,0,0,,,2,2,2019-06-28,2021-06-25,0,0,0,,,0
e7638358-f888-4217-b4af-6ca739dadf0c,e7638358-f888-4217-b4af-6ca739dadf0c,1,TCG Foodservice LLC -Allen USA,,,Temporary Food Establishment - Food Establishment,Temporary Food Establishment - Food Establishment | Temporary Food Establishments,food,True,False,license_food | op_permit_food,Closed,,2022-06-15,701 ANGEL PKWY  ALLEN TX 75002,False,121106,2,1,FE001607-06-2019,FE003053-06-2021,Expired,2021-06-26,https://cityofallentx-energovweb.tylerhost.net/apps/selfservice#/businessLicense/f3f749ac-0e95-4e8d-bdf4-1807f02c651b,2,2,2019-06-28,2021-06-25,0,0,0,,,2,2,2019-06-28,2021-06-25,0,0,0,,,0
65b6467a-3d7e-4528-b108-a3df17a1f09b,65b6467a-3d7e-4528-b108-a3df17a1f09b,1,TEACO,,,Heavy - Food Establishment,Heavy - Food Establishment | Heavy Food Preparation,food,False,False,license_food | op_permit_food,Closed,,2025-02-10,204 N GREENVILLE AVE Unit: 135 Allen TX 75002,False,,3,2,FE004061-09-2022,FE005612-09-2024,Closed,,https://cityofallentx-energovweb.tylerhost.net/apps/selfservice#/businessLicense/4af0d547-953b-4526-8db8-95f93883af38,9,9,2022-11-01,2024-11-06,1,2,4,93,2024-11-06,9,9,2022-11-01,2024-11-06,1,2,4,93,2024-11-06,0
edcc4959-f245-4400-992e-52b54fc4ef30,edcc4959-f245-4400-992e-52b54fc4ef30,1,TIFF'S TREAT - 8564,,,Catering Truck - Food Establishment,Catering Truck - Food Establishment | Mobile Construction Site Food Vehicle:,food,True,False,license_food | op_permit_food,Closed,2022-06-06,2022-08-18,Plano TX 75024,True,,3,1,FE003818-06-2022,FE004598-06-2023,Expired,2024-06-07,https://cityofallentx-energovweb.tylerhost.net/apps/selfservice#/businessLicense/deb1d02e-33ab-44d3-ae5d-9417f606ca40,3,2,2022-06-06,2023-06-09,0,0,0,,,3,2,2022-06-06,2023-06-09,0,0,0,,,0
172e9254-37e4-4cad-b458-1b13b7dc1e1b,172e9254-37e4-4cad-b458-1b13b7dc1e1b,1,TJ's Dawg House,,,Special Event - Food Establishment,Special Event - Food Establishment,special event,True,False,license_special_event_food,Closed,,2022-09-26,1015 SH121 HWY ALLEN TX 75013,False,121010,1,0,FESP001821-10-2019,FESP001821-10-2019,Expired,2019-10-26,https://cityofallentx-energovweb.tylerhost.net/apps/selfservice#/businessLicense/d66324eb-7bc2-4f65-a27c-a971f1813d4c,1,1,2019-10-29,2019-10-29,0,0,0,,,1,1,2019-10-29,2019-10-29,0,0,0,,,0
3261200f-db19-40ed-9791-553ed3a5f724,3261200f-db19-40ed-9791-553ed3a5f724,1,TJ's Dawg House,,,Special Event - Food Establishment,Special Event - Food Establishment,special event,True,False,license_special_event_food,Closed,,2022-10-31,Flower Mond TX 75028,True,,1,0,FESP004103-10-2022,FESP004103-10-2022,Expired,2022-10-29,https://cityofallentx-energovweb.tylerhost.net/apps/selfservice#/businessLicense/59978a56-a8ce-4f50-8cb9-1bbd0eefc809,0,0,,,0,0,0,,,0,0,,,0,0,0,,,0
f653e260-bcc3-4380-b96f-37f0e554091b,f653e260-bcc3-4380-b96f-37f0e554091b,1,TJ's Dawg House,,,Special Event - Food Establishment,Special Event - Food Establishment,special event,True,False,license_special_event_food,Closed,2023-10-28,2024-10-02,1015 Sam Rayburn Tollway Allen TX 75013,False,,1,0,FESP004907-10-2023,FESP004907-10-2023,Expired,2023-10-29,https://cityofallentx-energovweb.tylerhost.net/apps/selfservice#/businessLicense/430d94a1-d960-4190-89bc-af7a9f88f365,0,0,,,0,0,0,,,0,0,,,0,0,0,,,0
efad680c-af11-4c75-a78c-367068d81685,efad680c-af11-4c75-a78c-367068d81685,1,TJ's Dawg House - GVD-7903,,,Special Event - Food Establishment,Special Event - Food Establishment,special event,True,False,license_special_event_food,Closed,2024-10-26,2024-11-22,1015 Sam Rayburn Allen TX 75013,False,,1,0,FESP005662-10-2024,FESP005662-10-2024,Expired,2024-10-26,https://cityofallentx-energovweb.tylerhost.net/apps/selfservice#/businessLicense/7904dac9-3296-406f-9767-2334789352b6,1,1,2024-11-22,2024-11-22,0,0,0,,,1,1,2024-11-22,2024-11-22,0,0,0,,,0
7ef74971-323a-4665-877d-59822c8ee5c0,7ef74971-323a-4665-877d-59822c8ee5c0,1,TM Ice Cream LLC -Allen USA,,,Temporary Food Establishment - Food Establishment,Temporary Food Establishment - Food Establishment,food,True,False,license_food,Closed,,2022-11-09,701 ANGEL PKWY  ALLEN TX 75002,False,121106,1,0,FE001606-06-2019,FE001606-06-2019,Expired,2019-06-29,https://cityofallentx-energovweb.tylerhost.net/apps/selfservice#/businessLicense/649e8feb-62dd-46bb-932b-1351d26d6cdb,1,1,2019-07-02,2019-07-02,0,0,0,,,1,1,2019-07-02,2019-07-02,0,0,0,,,0
c1490204-a0b4-4be4-a424-d5617e26bcb1,c1490204-a0b4-4be4-a424-d5617e26bcb1,1,"TOCA Allen, LLC",,,Light Food Preparation,Light Food Preparation,food,False,False,op_permit_food,Open,,,950 E Main ST Allen TX 75002,False,,4,4,FE004496-04-2023,FE006865-04-2026,Annual Renewal Completed,2027-04-10,https://cityofallentx-energovweb.tylerhost.net/apps/selfservice#/operationalPermit/464C28DF-9843-42A0-8E65-99691918FE80,5,4,2023-08-22,2025-09-30,0,0,4,90,2025-09-30,5,4,2023-08-22,2025-09-30,0,0,4,90,2025-09-30,0
a35fbfe6-b224-4bbb-90be-13e67fbaa365,a35fbfe6-b224-4bbb-90be-13e67fbaa365,1,"TWIN CREEKS CREST, LLC",,,No Prep - Food Establishment,No Food Preparation | No Prep - Food Establishment,food,False,False,license_food | op_permit_food,Closed,2017-09-25,2019-08-02,802 W MCDERMOTT DR  ALLEN TX 75013,False,114429,2,1,FE000443-12-2017,FE001209-01-2019,Expired,2019-12-07,https://cityofallentx-energovweb.tylerhost.net/apps/selfservice#/businessLicense/0e268fc3-c283-46a6-9362-0364cead03a3,4,3,2017-09-25,2019-01-02,0,0,0,,,4,3,2017-09-25,2019-01-02,0,0,0,,,0
9bfd8b3a-9bc3-43f6-9393-e00a6ade5b42,9bfd8b3a-9bc3-43f6-9393-e00a6ade5b42,1,Taco Bell  # 19390,,,Heavy - Food Establishment,Heavy - Food Establishment | Heavy Food Preparation,food,False,False,license_food | op_permit_food,Closed,2017-08-09,2019-02-28,505 W MCDERMOTT DR  ALLEN TX 75013,False,110858,2,1,FE000219-07-2017,FE000966-08-2018,Expired,2019-07-28,https://cityofallentx-energovweb.tylerhost.net/apps/selfservice#/businessLicense/3b14326e-9b00-47dc-ab9b-740623471b41,2,2,2018-08-13,2018-08-22,1,0,0,,,2,2,2018-08-13,2018-08-22,1,0,0,,,0
a4f2a0e6-7471-4c53-8053-e83db65e2828,a4f2a0e6-7471-4c53-8053-e83db65e2828,1,Taco Bell # 27871,,,Heavy Food Preparation,Heavy Food Preparation,food,False,False,op_permit_food,Open,2017-09-29,,215 S CUSTER RD  ALLEN TX 75013,False,113433,9,9,FE000451-12-2017,FE006523-12-2025,Annual Renewal Completed,2026-12-16,https://cityofallentx-energovweb.tylerhost.net/apps/selfservice#/operationalPermit/FE234D96-2749-4441-BC34-E25C5E4D55E5,23,22,2017-09-29,2025-11-19,3,0,0,,,23,22,2017-09-29,2025-11-19,3,0,0,,,0
c40cc6f1-0379-4cbd-9b66-4e9dad00ed57,c40cc6f1-0379-4cbd-9b66-4e9dad00ed57,1,Taco Bell # 35443,,,Heavy Food Preparation,Heavy Food Preparation,food,False,False,op_permit_food,Open,2019-02-28,,505 W MCDERMOTT DR  ALLEN TX 75013,False,,8,8,FE001118-11-2018,FE006449-10-2025,Annual Renewal Completed,2026-11-11,https://cityofallentx-energovweb.tylerhost.net/apps/selfservice#/operationalPermit/75B0F503-044D-4432-8BFA-04E215A10E22,19,18,2019-02-28,2026-02-20,3,0,0,,,19,18,2019-02-28,2026-02-20,3,0,0,,,0
faa39447-e69b-45af-8d3f-1639f4df94ad,faa39447-e69b-45af-8d3f-1639f4df94ad,1,Taco Bell #32187,,,Heavy Food Preparation,Heavy Food Preparation,food,False,False,op_permit_food,Open,2017-04-03,,1809 E BETHANY DR ALLEN TX 75002,False,127255,9,9,FE000502-01-2018,FE006558-12-2025,Annual Renewal Completed,2027-01-22,https://cityofallentx-energovweb.tylerhost.net/apps/selfservice#/operationalPermit/14E976E4-34F5-4311-84AF-8D6F44E0DF68,22,21,2018-04-10,2025-11-21,2,0,0,,,22,21,2018-04-10,2025-11-21,2,0,0,,,0
57306db5-370d-4bd8-9cbd-9ab433478163,57306db5-370d-4bd8-9cbd-9ab433478163,1,Taco Bell#29889,,,Heavy Food Preparation,Heavy Food Preparation,food,False,False,op_permit_food,Open,2017-05-01,2017-05-01,380 E STACY RD ALLEN TX 75002,False,127718,10,10,FE000051-04-2017,FE006814-03-2026,Annual Renewal Completed,2027-04-10,https://cityofallentx-energovweb.tylerhost.net/apps/selfservice#/operationalPermit/25CEF8A1-F43C-49E5-9A6D-B7B8925435F1,18,18,2018-04-03,2026-03-09,0,0,0,,,18,18,2018-04-03,2026-03-09,0,0,0,,,0
c6b0c22f-6f26-49da-9dab-b9677e9aef92,c6b0c22f-6f26-49da-9dab-b9677e9aef92,1,Taco Bombs,,,Special Event - Food Establishment,Special Event - Food Establishment,special event,True,False,license_special_event_food,Closed,2024-06-27,2025-02-20,Bedford TX 76021,True,,1,0,FESP005411-06-2024,FESP005411-06-2024,Expired,2024-06-30,https://cityofallentx-energovweb.tylerhost.net/apps/selfservice#/businessLicense/457aa49d-f0e8-432b-92f7-f4faa87bd930,1,0,,,0,0,0,,,1,0,,,0,0,0,,,0
e5ba8e19-2242-4865-9a87-894b68927e72,e5ba8e19-2242-4865-9a87-894b68927e72,1,Taco Bueno #3201,,,Heavy Food Preparation,Heavy Food Preparation,food,False,False,op_permit_food,Open,,,1709 N GREENVILLE AVE ALLEN TX 75002,False,128350,9,9,FE000250-08-2017,FE-007070-08-2026,Annual Renewal Completed,2027-08-15,https://cityofallentx-energovweb.tylerhost.net/apps/selfservice#/operationalPermit/c786ecb0-fe28-451f-b1d4-213d5d2efc6c,28,28,2018-01-09,2026-09-27,9,0,7,88,2025-09-17,28,28,2018-01-09,2026-09-27,9,0,7,88,2025-09-17,0
33746524-f8d2-4ac6-ba7f-19f0d5780a62,33746524-f8d2-4ac6-ba7f-19f0d5780a62,1,Taco Cabana #342,,,Heavy - Food Establishment,Heavy - Food Establishment | Heavy Food Preparation,food,False,False,license_food | op_permit_food,Closed,,2020-01-24,810 W STACY RD ALLEN TX 75013,False,120572,3,2,FE000123-06-2017,FE001667-07-2019,Expired,2020-06-07,https://cityofallentx-energovweb.tylerhost.net/apps/selfservice#/businessLicense/c501d4a0-4841-4d13-b460-bf1b76fd632c,3,2,2018-05-08,2019-04-17,0,0,0,,,3,2,2018-05-08,2019-04-17,0,0,0,,,0
94d6ec20-3eca-42a2-83fb-1bdc5594fecb,94d6ec20-3eca-42a2-83fb-1bdc5594fecb,1,Taco Casa,,,Heavy - Food Establishment,Heavy - Food Establishment | Heavy Food Preparation,food,False,False,license_food | op_permit_food,Closed,2017-07-11,2019-01-02,712 E MAIN ST ALLEN TX 75002,False,127242,2,1,FE000256-08-2017,FE001022-09-2018,Expired,2019-08-16,https://cityofallentx-energovweb.tylerhost.net/apps/selfservice#/businessLicense/f6c2e0d1-fe9f-486c-80c3-d0834c3dedac,2,1,2018-07-13,2018-07-13,0,0,0,,,2,1,2018-07-13,2018-07-13,0,0,0,,,0
5c313f96-7a7c-4da3-a7c3-91250d8e78cf,5c313f96-7a7c-4da3-a7c3-91250d8e78cf,1,Taco Casa #66,,,Heavy Food Preparation,Heavy Food Preparation,food,False,False,op_permit_food,Open,2019-01-10,,712 E MAIN ST ALLEN TX 75002,False,,7,7,FE001185-01-2019,FE-006934-06-2026,Annual Renewal Completed,2027-07-04,https://cityofallentx-energovweb.tylerhost.net/apps/selfservice#/operationalPermit/a3da809f-24f3-4a3b-b6ae-47e9bfe74cd1,24,24,2019-01-10,2026-09-27,6,0,7,92,2026-04-21,24,24,2019-01-10,2026-09-27,6,0,7,92,2026-04-21,0
c82d9f6f-6340-4719-8c67-f015877596b6,c82d9f6f-6340-4719-8c67-f015877596b6,1,Taco Factory,,,Heavy - Food Establishment,Heavy - Food Establishment | Heavy Food Preparation,food,False,False,license_food | op_permit_food,Closed,,2024-10-24,105 S CUSTER RD ALLEN TX 75013,False,113298,5,4,FE001875-11-2019,FE004962-11-2023,Expired,2024-11-10,https://cityofallentx-energovweb.tylerhost.net/apps/selfservice#/businessLicense/a22cf793-c569-4cb0-b375-f57dcfab9f61,9,9,2019-11-20,2024-04-03,2,0,0,,,9,9,2019-11-20,2024-04-03,2,0,0,,,0
685e6fbd-80dd-4799-a493-d3c46f272b88,685e6fbd-80dd-4799-a493-d3c46f272b88,1,Tacos Bites and Beats (DHK-3119),,,Mobile Food Prep Unit - Food Establishment,Mobile Food Prep Unit - Food Establishment | Temporary Food Establishment - Food Establishment,food,True,False,license_food,Closed,2018-11-30,2024-08-28,Sugarland TX 77479,True,,2,0,FE001131-11-2018,FE001132-11-2018,Expired,2019-11-30,https://cityofallentx-energovweb.tylerhost.net/apps/selfservice#/businessLicense/2b34d594-7ae5-4dfc-b06f-c9ba7eed0dfa,2,2,2018-11-30,2019-06-17,0,1,0,,,2,2,2018-11-30,2019-06-17,0,1,0,,,0
92981a14-2a99-4499-891f-b88ab366629b,92981a14-2a99-4499-891f-b88ab366629b,1,Tacos Mckinney # 9556,,,Mobile Food Prep Unit - Food Establishment,Mobile Food Establishment | Mobile Food Prep Unit - Food Establishment,food,True,False,license_food | op_permit_food,Closed,,2024-12-04,Mckinney TX 75070,True,,2,1,FE004188-12-2022,FE004977-12-2023,Expired,2024-12-13,https://cityofallentx-energovweb.tylerhost.net/apps/selfservice#/businessLicense/151a02e6-6f62-4373-b7ad-51b7dc3c8a25,4,3,2022-12-02,2023-12-05,0,1,0,,,4,3,2022-12-02,2023-12-05,0,1,0,,,0
09edebdf-8f8b-4cfa-86fa-c157b905790a,09edebdf-8f8b-4cfa-86fa-c157b905790a,1,Talia's Cafe,,,Heavy Food Preparation,Heavy Food Preparation,food,False,False,op_permit_food,Open,,,1255 W Exchange Pkwy Unit: Ste 160 Allen TX 75013,False,,1,1,FE006516-11-2025,FE006516-11-2025,Active,2026-11-26,https://cityofallentx-energovweb.tylerhost.net/apps/selfservice#/operationalPermit/46949978-779D-4EED-B8A8-77F861AB613A,2,2,2025-09-18,2025-10-20,1,0,1,79,2025-09-18,2,2,2025-09-18,2025-10-20,1,0,1,79,2025-09-18,0
af17c5a0-3af2-4bad-bfe7-e33f978967b6,af17c5a0-3af2-4bad-bfe7-e33f978967b6,2,Talia's Cafe,,,Heavy - Food Establishment,Heavy - Food Establishment | Heavy Food Preparation,food,False,False,license_food | op_permit_food,Closed,,2024-01-25,1255 W Exchange PKWY Unit: 160 Allen TX 75013,False,,2,1,FE003573-02-2022,FE004229-01-2023,Expired,2024-02-09,https://cityofallentx-energovweb.tylerhost.net/apps/selfservice#/businessLicense/2d18244e-bfaa-48ff-8bca-1d2509645b16,5,5,2022-07-14,2023-12-11,1,0,1,83,2023-12-11,10,10,2022-07-14,2025-04-14,3,0,4,71,2025-03-28,0
cdc23928-9261-48e3-86c6-50e4ecf19b46,af17c5a0-3af2-4bad-bfe7-e33f978967b6,2,Talia's Cafe,,,Heavy - Food Establishment,Heavy - Food Establishment | Heavy Food Preparation | Light - Food Establishment,food,False,False,license_food | op_permit_food,Closed,,2025-11-26,1255 W Exchange Pkwy Unit: 160 Allen TX 75013,False,,3,1,FE005121-02-2024,FE006068-04-2025,Closed,,https://cityofallentx-energovweb.tylerhost.net/apps/selfservice#/businessLicense/43fed9b2-9544-4597-8f90-21f04d78827e,5,5,2024-05-29,2025-04-14,2,0,3,71,2025-03-28,10,10,2022-07-14,2025-04-14,3,0,4,71,2025-03-28,0
c52ca0fd-0a43-465f-a8d6-066c7f21fa9b,c52ca0fd-0a43-465f-a8d6-066c7f21fa9b,1,Tango Empanadas & Bakery,,,Heavy - Food Establishment,Heavy - Food Establishment | Heavy Food Preparation,food,False,False,license_food | op_permit_food,Closed,,2023-12-07,206 N GREENVILLE AVE Unit: 750 ALLEN TX 75002,False,104995,7,5,FE000027-04-2017,FE004464-03-2023,Expired,2024-03-27,https://cityofallentx-energovweb.tylerhost.net/apps/selfservice#/businessLicense/d19a0cb2-a946-45b7-92e0-8cbab96249f9,11,10,2017-12-06,2023-04-27,0,0,0,,,11,10,2017-12-06,2023-04-27,0,0,0,,,0
2bf9ec37-ac22-4d08-a06c-707b8e824804,2bf9ec37-ac22-4d08-a06c-707b8e824804,1,Taqueria Cervantez LLC,,,Heavy Food Preparation,Heavy Food Preparation,food,False,False,op_permit_food,Open,,,107 N BUTLER DR ALLEN TX 75013,False,100151,4,4,FE003243-08-2021,FE005482-07-2024,Expired,2025-08-27,https://cityofallentx-energovweb.tylerhost.net/apps/selfservice#/operationalPermit/9CBA9DC7-89D7-45EF-92A4-448D856FA663,10,10,2021-08-03,2025-05-28,4,0,3,66,2025-05-15,10,10,2021-08-03,2025-05-28,4,0,3,66,2025-05-15,0
a8f97703-d867-488a-be58-0d4ff7641769,a8f97703-d867-488a-be58-0d4ff7641769,1,Target (Backery),,,Heavy - Food Establishment,Heavy - Food Establishment,food,False,False,license_food,Closed,,2023-04-03,150 E STACY RD B2400 Unit: 2400 ALLEN TX 75002,False,,1,0,FE003715-04-2022,FE003715-04-2022,Expired,2023-04-01,https://cityofallentx-energovweb.tylerhost.net/apps/selfservice#/businessLicense/a6e10b5c-c7b2-4ee9-8845-b8b43126ec53,1,1,2022-09-19,2022-09-19,0,0,0,,,1,1,2022-09-19,2022-09-19,0,0,0,,,0
365c3509-3ad8-479d-8bee-af5bd1a80c6f,365c3509-3ad8-479d-8bee-af5bd1a80c6f,1,Target (Bakery),,,Grocery Department,Grocery Department,food,False,False,op_permit_food,Open,,,150 E Stacy RD Unit: Suit# 2400 Allen TX 750028756,False,,4,4,FE004454-03-2023,FE006850-04-2026,Annual Renewal Completed,2027-04-02,https://cityofallentx-energovweb.tylerhost.net/apps/selfservice#/operationalPermit/F25619CC-763F-4AAB-B5AB-5E3572B8074B,6,6,2023-06-16,2026-09-30,0,0,3,93,2025-09-17,6,6,2023-06-16,2026-09-30,0,0,3,93,2025-09-17,0
6fe282ee-86be-418d-b9ad-d961a4c9f04b,6fe282ee-86be-418d-b9ad-d961a4c9f04b,1,Target (Deli ),,,Grocery Department,Grocery Department,food,False,False,op_permit_food,Open,,,150 E Stacy RD Unit: 2400 Allen TX 750028756,False,,4,4,FE004455-03-2023,FE006849-04-2026,Annual Renewal Completed,2027-04-28,https://cityofallentx-energovweb.tylerhost.net/apps/selfservice#/operationalPermit/AEB2C37E-8688-405C-96A6-95CFFFC7BE9A,6,6,2023-06-16,2026-09-27,0,0,3,98,2025-09-17,6,6,2023-06-16,2026-09-27,0,0,3,98,2025-09-17,0
642786a3-e61d-44dd-a4a7-b10fba7b4255,642786a3-e61d-44dd-a4a7-b10fba7b4255,1,Target (Deli/Bakery),,,Grocery - Food Establishment,Grocery - Food Establishment | Grocery Store,food,False,False,license_food | op_permit_food,Closed,,2023-04-28,150 E STACY RD B2400 Unit: 2400 ALLEN TX 75002,False,127339,2,1,FE002967-04-2021,FE003714-04-2022,Expired,2023-04-27,https://cityofallentx-energovweb.tylerhost.net/apps/selfservice#/businessLicense/b8c25c84-2a63-420f-a7c9-88d7d454363d,3,3,2021-07-27,2022-09-19,0,0,0,,,3,3,2021-07-27,2022-09-19,0,0,0,,,0
91860c7e-2d73-4e95-bbef-fb8d4f0816c0,91860c7e-2d73-4e95-bbef-fb8d4f0816c0,1,Target (Grocery),,,Grocery Store,Grocery Store,food,False,False,op_permit_food,Open,2017-05-01,,150 E STACY RD Unit: 2400 ALLEN TX 75002,False,127339,9,9,FE000718-04-2018,FE006852-04-2026,Annual Renewal Completed,2027-04-28,https://cityofallentx-energovweb.tylerhost.net/apps/selfservice#/operationalPermit/A4D80AF4-2359-40EB-A4A5-E532DC942312,15,15,2018-04-13,2026-09-27,1,0,3,95,2025-09-17,15,15,2018-04-13,2026-09-27,1,0,3,95,2025-09-17,0
22322479-73b9-49ab-9acb-80a3faf857db,22322479-73b9-49ab-9acb-80a3faf857db,1,Target - Restaurant,,,Grocery Department,Grocery Department,food,False,False,op_permit_food,Open,,,150 E Stacy RD Unit: 2400 Allen TX 750028756,False,,4,4,FE004453-03-2023,FE006848-04-2026,Annual Renewal Completed,2027-04-17,https://cityofallentx-energovweb.tylerhost.net/apps/selfservice#/operationalPermit/0B38ECAD-7ABF-4616-BC7A-CDD9132C8A7B,6,6,2023-06-16,2026-09-27,0,0,3,97,2025-09-17,6,6,2023-06-16,2026-09-27,0,0,3,97,2025-09-17,0
4c3f9015-80f7-4832-bc3d-d4be3e10c6ac,4c3f9015-80f7-4832-bc3d-d4be3e10c6ac,1,Target - Restaurant,,,Heavy - Food Establishment,Grocery - Food Establishment | Heavy - Food Establishment | Heavy Food Preparation | Light - Food Establishment,food,False,False,license_food | op_permit_food,Closed,2017-05-01,2023-04-21,150 E STACY RD B2400 Unit: 2400 ALLEN TX 75002,False,127339,8,5,FE000030-04-2017,FE003711-04-2022,Expired,2023-04-16,https://cityofallentx-energovweb.tylerhost.net/apps/selfservice#/businessLicense/2dd4bb56-34d7-4baf-9b6b-32270b355027,8,8,2018-04-13,2022-01-18,1,0,0,,,8,8,2018-04-13,2022-01-18,1,0,0,,,0
a477efac-538b-425b-b60b-e9fb1f6ca686,a477efac-538b-425b-b60b-e9fb1f6ca686,1,Target Store 2516 (Starbucks),,,Grocery Department,Grocery Department,food,False,False,op_permit_food,Open,,2023-03-21,150 E Stacy RD Unit: 2400 Allen TX 750028756,False,,4,4,FE004456-03-2023,FE006851-04-2026,Annual Renewal Completed,2027-04-28,https://cityofallentx-energovweb.tylerhost.net/apps/selfservice#/operationalPermit/2042103E-5E7F-4D47-96E4-44A37D3583A7,6,6,2023-06-16,2026-09-27,0,0,3,93,2025-09-17,6,6,2023-06-16,2026-09-27,0,0,3,93,2025-09-17,0
f4be3b05-41e1-4012-a12f-7dada75f388a,f4be3b05-41e1-4012-a12f-7dada75f388a,1,Target Store 2516 (Starbucks),,,Light - Food Establishment,Light - Food Establishment | Light Food Preparation,food,False,False,license_food | op_permit_food,Closed,2017-05-01,2023-04-28,150 E STACY RD B2400 Unit: 2400 ALLEN TX 75002,False,127339,5,4,FE000719-04-2018,FE003712-04-2022,Expired,2023-04-27,https://cityofallentx-energovweb.tylerhost.net/apps/selfservice#/businessLicense/3228f971-d327-4a3d-a161-2b68b98d315f,8,8,2018-04-13,2022-01-18,1,0,0,,,8,8,2018-04-13,2022-01-18,1,0,0,,,0
5229792b-7472-49d1-89e1-bebaa0b1808f,5229792b-7472-49d1-89e1-bebaa0b1808f,1,Target Store T 1231 (Grocery),,,Grocery Store,Grocery Store | Light - Food Establishment | Light Food Preparation,food,False,False,license_food | op_permit_food,Open,2017-08-17,,907 W MCDERMOTT DR ALLEN TX 75013,False,114502,11,10,FE000244-08-2017,FE-007057-07-2026,Annual Renewal Completed,2027-08-13,https://cityofallentx-energovweb.tylerhost.net/apps/selfservice#/operationalPermit/688e5806-1a4a-4609-97e5-dd83baa9e91c,10,10,2020-02-24,2025-06-09,1,0,3,91,2025-06-02,10,10,2020-02-24,2025-06-09,1,0,3,91,2025-06-02,0
4bf75386-bd9d-40fe-b188-82cb945aa0e8,4bf75386-bd9d-40fe-b188-82cb945aa0e8,1,Target T -1231 (Restaurant),,,Light - Food Establishment,Light - Food Establishment | Light Food Preparation,food,False,False,license_food | op_permit_food,Closed,2017-08-17,2020-08-12,907 W MCDERMOTT DR ALLEN TX 75013,False,114502,3,2,FE001001-08-2018,FE002434-08-2020,Expired,2021-08-26,https://cityofallentx-energovweb.tylerhost.net/apps/selfservice#/businessLicense/34786aef-5610-43f5-99c7-40fd334040b1,4,4,2019-08-23,2020-08-12,2,0,0,,,4,4,2019-08-23,2020-08-12,2,0,0,,,0
ebb696d3-17ba-4578-8d7c-696637d19602,ebb696d3-17ba-4578-8d7c-696637d19602,1,Taylor Sweet Shop,,,Light - Food Establishment,Light - Food Establishment,food,False,False,license_food,Closed,2019-01-14,2020-02-06,201 W BOYD DR  Unit: 107 ALLEN TX 75013,False,100151,1,0,FE001212-01-2019,FE001212-01-2019,Expired,2020-01-11,https://cityofallentx-energovweb.tylerhost.net/apps/selfservice#/businessLicense/3b6737bc-6740-4104-a89e-45e5b48cae06,4,2,2019-01-14,2019-01-16,1,0,0,,,4,2,2019-01-14,2019-01-16,1,0,0,,,0
d75bc283-367b-4f76-972e-a47ffca3309b,d75bc283-367b-4f76-972e-a47ffca3309b,1,Taylor's Concessions/Story Elementary,,,Temporary Food Establishment - Food Establishment,Temporary Food Establishment - Food Establishment,food,True,False,license_food,Closed,2017-04-20,2017-04-20,1550 Edelweiss Allen TX 75002,False,,1,0,FE000038-04-2017,FE000038-04-2017,Expired,2017-04-21,https://cityofallentx-energovweb.tylerhost.net/apps/selfservice#/businessLicense/1b8b5522-d754-4e5b-b770-3ac3eefa10be,0,0,,,0,0,0,,,0,0,,,0,0,0,,,0
4622d93f-ad4c-42a4-971c-fe16f7010f81,4622d93f-ad4c-42a4-971c-fe16f7010f81,1,Taylor's Sweet Shop and Concession,,,Mobile Food Prep Unit - Food Establishment,Mobile Food Prep Unit - Food Establishment,food,True,False,license_food,Closed,2017-10-12,2020-02-06,,False,,1,0,FE000965-08-2018,FE000965-08-2018,Expired,2019-08-08,https://cityofallentx-energovweb.tylerhost.net/apps/selfservice#/businessLicense/d983bd8e-d00c-40a9-883c-7bffcbe49c9c,2,2,2017-10-12,2018-08-08,0,0,0,,,2,2,2017-10-12,2018-08-08,0,0,0,,,0
2cd03531-d0ad-4be1-a04d-f71b803aed95,2cd03531-d0ad-4be1-a04d-f71b803aed95,1,Taylor's Sweet Shop-Allen USA,,,Temporary Food Establishment - Food Establishment,Temporary Food Establishment - Food Establishment | Temporary Food Establishments,food,True,False,license_food | op_permit_food,Closed,2017-06-24,2023-07-21,701 ANGEL PKWY ALLEN TX 75002,False,121106,2,1,FE000161-06-2017,FE000895-06-2018,Expired,2018-06-30,https://cityofallentx-energovweb.tylerhost.net/apps/selfservice#/businessLicense/e4f14278-e32d-4543-96ea-2a57a27dda51,1,1,2018-06-30,2018-06-30,0,0,0,,,1,1,2018-06-30,2018-06-30,0,0,0,,,0
70e5d35e-b1be-4c2b-90bc-0f036cbafcf8,70e5d35e-b1be-4c2b-90bc-0f036cbafcf8,1,TeaCo,,,Light - Food Establishment,Light - Food Establishment,food,False,False,license_food,Closed,,2025-12-30,204 N Greenville Ave Unit: # 135 Allen TX 75002,False,,1,0,FE005963-02-2025,FE005963-02-2025,Closed,,https://cityofallentx-energovweb.tylerhost.net/apps/selfservice#/businessLicense/7628b479-971d-487f-b8e3-c84da7dab4a8,6,4,2025-05-13,2025-11-19,2,0,2,74,2025-11-18,6,4,2025-05-13,2025-11-19,2,0,2,74,2025-11-18,0
59c27d32-9823-4a6a-af52-335289342d8e,59c27d32-9823-4a6a-af52-335289342d8e,1,Teaco Allen,,,Heavy Food Preparation,Heavy Food Preparation,food,False,False,op_permit_food,Open,,,204 N Greenville Ave Unit: Ste# 135 Allen TX 75002,False,,1,1,FE006502-11-2025,FE006502-11-2025,Active,2026-11-18,https://cityofallentx-energovweb.tylerhost.net/apps/selfservice#/operationalPermit/4BD95013-96A9-42A0-B3C6-7C0FACA58D16,1,1,2026-10-30,2026-10-30,0,0,0,,,1,1,2026-10-30,2026-10-30,0,0,0,,,0
77d16502-def5-4793-b912-c1772b4620ba,77d16502-def5-4793-b912-c1772b4620ba,1,Texas Health Resources Cafe,,,Heavy Food Preparation,Heavy Food Preparation,food,False,False,op_permit_food,Open,2017-11-06,,1105 N CENTRAL EXPY ALLEN TX 75013,False,115009,10,10,FE000055-04-2017,FE006866-04-2026,Annual Renewal Completed,2027-04-27,https://cityofallentx-energovweb.tylerhost.net/apps/selfservice#/operationalPermit/713D81DD-690A-472C-A9B9-FCAD8B5369D4,21,20,2017-11-06,2026-09-27,0,0,8,96,2026-02-16,21,20,2017-11-06,2026-09-27,0,0,8,96,2026-02-16,0
2e2f0de7-b4a3-4ef4-ae89-d34cb8a48d63,2e2f0de7-b4a3-4ef4-ae89-d34cb8a48d63,1,Texas Roadhouse@ Fall Fest,,,Temporary Food Establishment - Food Establishment,Temporary Food Establishment - Food Establishment | Temporary Food Establishments,food,True,False,license_food | op_permit_food,Closed,,2024-01-29,ALLEN TX 75013,True,,2,1,FE000293-09-2017,FE001733-08-2019,Expired,2019-09-14,https://cityofallentx-energovweb.tylerhost.net/apps/selfservice#/businessLicense/30363a14-d05d-41f3-a076-967c03e2615e,0,0,,,0,0,0,,,0,0,,,0,0,0,,,0
5fbeea8c-45c0-4a51-9a09-a951fa33245f,5fbeea8c-45c0-4a51-9a09-a951fa33245f,1,Texas Snow Concessions @ Holly Jolly,,,Special Event - Food Establishment,Special Event - Food Establishment,special event,True,False,license_special_event_food,Closed,,2021-12-29,300 N ALLEN DR ALLEN TX 75013,False,122494,1,0,FESP003390-12-2021,FESP003390-12-2021,Expired,2021-12-05,https://cityofallentx-energovweb.tylerhost.net/apps/selfservice#/businessLicense/c5c0dc34-9bf7-41d4-b22c-9f501b92e6e4,1,1,2021-12-06,2021-12-06,0,0,0,,,1,1,2021-12-06,2021-12-06,0,0,0,,,0
ffd25794-4deb-4933-8254-0492f0c58a3e,ffd25794-4deb-4933-8254-0492f0c58a3e,1,Texas Stampede Chuckwagon,,,Special Event - Food Establishment,Special Event - Food Establishment,special event,True,False,license_special_event_food,Closed,,2024-01-29,Allen TX 75002,True,,1,0,FESP005029-01-2024,FESP005029-01-2024,Expired,2024-01-26,https://cityofallentx-energovweb.tylerhost.net/apps/selfservice#/businessLicense/040e6378-53f7-4aca-a871-5e27d7bb8567,1,1,2024-01-26,2024-01-26,0,0,0,,,1,1,2024-01-26,2024-01-26,0,0,0,,,0
e9e905e8-728a-4ff6-8382-22481cb33839,e9e905e8-728a-4ff6-8382-22481cb33839,1,Texas Toffee @AEC H&G Show,,,Temporary Food Establishment - Food Establishment,Temporary Food Establishment - Food Establishment | Temporary Food Establishments,food,True,False,license_food | op_permit_food,Closed,2018-02-09,2020-02-07,200 E STACY RD ALLEN TX 75002,False,127345,6,3,FE000291-09-2017,FE002828-02-2021,Expired,2021-03-01,https://cityofallentx-energovweb.tylerhost.net/apps/selfservice#/businessLicense/c2b9ebda-919a-4cf2-a9d9-faf530cd7d46,3,3,2018-02-09,2019-02-08,0,0,0,,,3,3,2018-02-09,2019-02-08,0,0,0,,,0
2c9f73a8-6d94-48ba-92c4-3f058a841bb4,2c9f73a8-6d94-48ba-92c4-3f058a841bb4,1,"Texas Toffee, Inc",,,Special Event - Food Establishment,Special Event - Food Establishment,special event,True,False,license_special_event_food,Closed,2024-02-23,2024-07-02,Plano TN 75075,True,,1,0,FESP005159-02-2024,FESP005159-02-2024,Expired,2024-02-25,https://cityofallentx-energovweb.tylerhost.net/apps/selfservice#/businessLicense/33aed709-78fa-452e-b936-b581beec1566,1,1,2024-02-23,2024-02-23,0,0,0,,,1,1,2024-02-23,2024-02-23,0,0,0,,,0
a2b9b3b3-170c-4f32-be6b-ec976e2e3a81,a2b9b3b3-170c-4f32-be6b-ec976e2e3a81,1,Thai Box - Wasabi Xpress,,,Heavy - Food Establishment,Heavy - Food Establishment | Heavy Food Preparation,food,False,False,license_food | op_permit_food,Closed,2024-04-08,2025-07-22,190 E Stacy Rd Allen TX 75002,False,,2,1,FE005268-04-2024,FE006185-06-2025,Closed,,https://cityofallentx-energovweb.tylerhost.net/apps/selfservice#/businessLicense/f7413d15-9acd-426c-b34c-0f9563472f25,1,1,2024-12-17,2024-12-17,0,0,0,,,1,1,2024-12-17,2024-12-17,0,0,0,,,0
62d161f7-6f42-4396-bbd6-fb4f795ee5cc,62d161f7-6f42-4396-bbd6-fb4f795ee5cc,1,Thai Noodle Wave,,,Special Event - Food Establishment,Special Event - Food Establishment,special event,True,False,license_special_event_food,Closed,2019-10-28,2019-10-28,909 ALLEN CENTRAL DR ALLEN TX 75013,False,129235,1,0,FESP001828-10-2019,FESP001828-10-2019,Expired,2019-10-27,https://cityofallentx-energovweb.tylerhost.net/apps/selfservice#/businessLicense/9be4c11a-0a7d-4baa-9a23-b7e6f4b9b358,1,1,2019-10-28,2019-10-28,0,0,0,,,1,1,2019-10-28,2019-10-28,0,0,0,,,0
18e6243e-e5ec-4b3a-901d-70504661e011,18e6243e-e5ec-4b3a-901d-70504661e011,1,Thai Pan Restaurant,,,Heavy Food Preparation,Heavy Food Preparation,food,False,False,op_permit_food,Open,2017-05-10,,1223 W MCDERMOTT DR  Unit: 75 ALLEN TX 75013,False,115799,9,9,FE000074-05-2017,FE006119-05-2025,Active,2027-05-15,https://cityofallentx-energovweb.tylerhost.net/apps/selfservice#/operationalPermit/2996121a-6b28-4e34-b079-983b38d58a45,22,22,2018-02-06,2026-09-27,4,0,1,73,2026-03-09,22,22,2018-02-06,2026-09-27,4,0,1,73,2026-03-09,0
4ca8407c-6af8-4d77-a2a5-6098a291ba41,4ca8407c-6af8-4d77-a2a5-6098a291ba41,1,Thai Papaya,,,Heavy Food Preparation,Heavy Food Preparation,food,False,False,op_permit_food,Open,,,1546 E Stacy Rd Unit: # 200 Allen TX 75002,False,,2,2,FE005514-07-2024,FE-006957-07-2026,Annual Renewal Completed,2027-07-29,https://cityofallentx-energovweb.tylerhost.net/apps/selfservice#/operationalPermit/8c6bb013-335d-466a-807f-97d4a0bff816,3,3,2024-10-07,2025-08-21,0,0,1,92,2025-08-21,3,3,2024-10-07,2025-08-21,0,0,1,92,2025-08-21,0
a92d139b-452c-45c2-900e-b08f8622eb80,a92d139b-452c-45c2-900e-b08f8622eb80,1,Thai Sushi Crush,,,Heavy Food Preparation,Heavy Food Preparation,food,False,False,op_permit_food,Open,,,190 E STACY RD Unit: STE# 1410 ALLEN TX 75002,False,,1,1,FE-007144-09-2026,FE-007144-09-2026,Annual Renewal Completed,2027-09-02,https://cityofallentx-energovweb.tylerhost.net/apps/selfservice#/operationalPermit/77cd5998-1a2c-4156-ae12-1f25ec0ba429,2,2,2026-03-23,2026-10-15,1,0,1,77,2026-03-23,2,2,2026-03-23,2026-10-15,1,0,1,77,2026-03-23,0
4cbb5801-b5e4-478b-a913-6aef3d28e62b,4cbb5801-b5e4-478b-a913-6aef3d28e62b,1,Thaibox,,,Heavy - Food Establishment,Heavy - Food Establishment | Heavy Food Preparation,food,False,False,license_food | op_permit_food,Closed,,2022-07-07,190 E STACY RD B1400 Unit: 1410 ALLEN TX 75002,False,127348,7,6,FE000183-06-2017,FE004659-07-2023,Expired,2024-06-29,https://cityofallentx-energovweb.tylerhost.net/apps/selfservice#/businessLicense/e2fa2e9d-6ad4-4604-95e0-b3bddde36115,15,14,2018-01-03,2023-12-01,4,0,0,,,15,14,2018-01-03,2023-12-01,4,0,0,,,0
79c83820-294c-4154-af0d-f2b328e4ed43,79c83820-294c-4154-af0d-f2b328e4ed43,1,The Belmont at Twin Creeks,,,Heavy Food Preparation,Heavy Food Preparation,food,False,False,op_permit_food,Open,2017-10-09,,999 RAINTREE CIR ALLEN TX 75013,False,127681,9,9,FE000113-05-2017,FE006100-04-2025,Expired,2026-05-31,https://cityofallentx-energovweb.tylerhost.net/apps/selfservice#/operationalPermit/4A1890D6-A49E-48F6-AA47-D2B217A9E767,16,15,2017-10-09,2025-06-19,1,0,0,,,16,15,2017-10-09,2025-06-19,1,0,0,,,0
51cf4f82-0bc1-498b-acbf-5f01ec182608,51cf4f82-0bc1-498b-acbf-5f01ec182608,1,The Blue Fish,,,Heavy - Food Establishment,Heavy - Food Establishment | Heavy Food Preparation,food,False,False,license_food | op_permit_food,Closed,,2022-07-22,829 W STACY RD A Unit: 130 ALLEN TX 75013,False,132965,3,2,FE001672-07-2019,FE003627-02-2022,Expired,2023-02-23,https://cityofallentx-energovweb.tylerhost.net/apps/selfservice#/businessLicense/e768424d-eb64-4dcd-a0d5-347d833d4c14,5,5,2020-03-18,2021-11-03,1,0,0,,,5,5,2020-03-18,2021-11-03,1,0,0,,,0
690e22f7-5d77-4e73-8c3a-acdaa17930c7,690e22f7-5d77-4e73-8c3a-acdaa17930c7,1,The Brass Tap,,,Heavy Food Preparation,Heavy Food Preparation,food,False,False,op_permit_food,Open,2017-11-08,,2540 N WATTERS RD Unit: 180 ALLEN TX 75013,False,129359,10,10,FE000204-07-2017,FE-007008-07-2026,Annual Renewal Completed,2027-07-25,https://cityofallentx-energovweb.tylerhost.net/apps/selfservice#/operationalPermit/95f55a29-9251-46d4-9295-a955615acaf6,17,16,2017-11-08,2026-09-27,0,0,4,81,2025-05-08,17,16,2017-11-08,2026-09-27,0,0,4,81,2025-05-08,0
f6e98a64-aa16-4d7e-a8cb-003f30fe5400,f6e98a64-aa16-4d7e-a8cb-003f30fe5400,1,The Butchers Son @Spikefest,,,Temporary Food Establishment - Food Establishment,Temporary Food Establishment - Food Establishment,food,True,False,license_food,Closed,2018-07-26,2018-07-29,701 ANGEL PKWY  ALLEN TX 75002,False,121106,1,0,FE000934-07-2018,FE000934-07-2018,Expired,2018-07-29,https://cityofallentx-energovweb.tylerhost.net/apps/selfservice#/businessLicense/cfd5b4fd-430b-4475-b16d-9bc4736c8287,1,1,2018-07-26,2018-07-26,0,0,0,,,1,1,2018-07-26,2018-07-26,0,0,0,,,0
88acde31-4864-4452-9d6b-2cbe5a00f8bc,88acde31-4864-4452-9d6b-2cbe5a00f8bc,1,The Cajun Place,,,Heavy - Food Establishment,Heavy - Food Establishment | Heavy Food Preparation,food,False,False,license_food | op_permit_food,Closed,,2020-03-24,190 E STACY RD B1300 Unit: 1320 ALLEN TX 75002,False,127348,2,1,FE000494-01-2018,FE001323-02-2019,Expired,2020-01-16,https://cityofallentx-energovweb.tylerhost.net/apps/selfservice#/businessLicense/1a545eb8-810c-442d-a354-ebcedd878d67,5,5,2018-04-16,2019-12-18,2,0,0,,,5,5,2018-04-16,2019-12-18,2,0,0,,,0
ee7aa52c-9038-424b-90f2-24357a6f29df,ee7aa52c-9038-424b-90f2-24357a6f29df,1,The Casita Mexican Grill,,,Heavy Food Preparation,Heavy Food Preparation,food,False,False,op_permit_food,Open,,,204 N GREENVILLE AVE Unit: 220 ALLEN TX 75002,False,104995,1,1,FE006534-12-2025,FE006534-12-2025,Active,2026-12-09,https://cityofallentx-energovweb.tylerhost.net/apps/selfservice#/operationalPermit/1338ECFC-5F5A-4ABA-A675-C36C9CCCE812,4,4,2026-02-27,2027-01-20,1,0,1,65,2026-02-27,4,4,2026-02-27,2027-01-20,1,0,1,65,2026-02-27,0
eecff417-a8d5-4b48-86b4-733ac9f805cb,eecff417-a8d5-4b48-86b4-733ac9f805cb,1,The Cellar Craft & Kitchen,,,Heavy - Food Establishment,Heavy - Food Establishment,food,False,False,license_food,Closed,2017-06-14,2019-02-08,968  VILLAGE GREEN DR F ALLEN TX 75013,False,129666,1,0,FE000661-03-2018,FE000661-03-2018,Expired,2019-03-30,https://cityofallentx-energovweb.tylerhost.net/apps/selfservice#/businessLicense/55c8398b-ebc1-496f-849b-731e54900c12,0,0,,,0,0,0,,,0,0,,,0,0,0,,,0
8a229615-1204-48dd-8373-cbb83c031fd9,8a229615-1204-48dd-8373-cbb83c031fd9,1,The Cheesecake Factory,,,Heavy Food Preparation,Heavy Food Preparation,food,False,False,op_permit_food,Open,2017-09-26,,820 S CENTRAL EXPY L ALLEN TX 75013,False,129666,9,9,FE000307-09-2017,FE-007143-09-2026,Annual Renewal Completed,2027-09-18,https://cityofallentx-energovweb.tylerhost.net/apps/selfservice#/operationalPermit/072f1f1f-003f-46e8-936e-aeb103ad4ee2,15,15,2017-09-26,2026-01-26,1,0,3,89,2025-09-25,15,15,2017-09-26,2026-01-26,1,0,3,89,2025-09-25,0
adfac3fe-98ce-45f6-81ed-2243ac1f8b91,adfac3fe-98ce-45f6-81ed-2243ac1f8b91,1,The Children's Courtyard,,,Day Care Facility,Day Care Facility,day care,False,False,op_permit_daycare,Open,,,210 N Alma DR Allen TX 75013,False,,4,4,DC003758-04-2022,DC006038-03-2026,Annual Renewal Completed,2027-04-27,https://cityofallentx-energovweb.tylerhost.net/apps/selfservice#/operationalPermit/10c7cba4-f332-452b-8346-d623b2027cc0,7,7,2022-12-06,2026-11-12,0,0,5,96,2025-11-18,7,7,2022-12-06,2026-11-12,0,0,5,96,2025-11-18,0
33f1bdbe-4ed8-41c2-9ecf-881dc3dcbd42,33f1bdbe-4ed8-41c2-9ecf-881dc3dcbd42,1,The Coach Coffee Shop,The Coach Coffee Shop,,Light Food Preparation,Light Food Preparation,food,False,False,op_permit_food,Open,,,820 W Stacy RD Unit: 190 allen TX 75013,False,,1,1,FE-007163-09-2026,FE-007163-09-2026,Pending Payment,2999-01-01,https://cityofallentx-energovweb.tylerhost.net/apps/selfservice#/operationalPermit/832b9c29-4e5c-48e1-b0c3-780a4e26c241,0,0,,,0,0,0,,,0,0,,,0,0,0,,,0
113093b0-9a39-4739-914f-14c7ecc09837,113093b0-9a39-4739-914f-14c7ecc09837,1,The Coffee Shop at Ridgeview,,,Light Food Preparation,Light Food Preparation,food,False,False,op_permit_food,Open,2017-08-29,2017-08-29,2525 N CENTRAL EXPWY  ALLEN TX 75013,False,118859,9,9,FE000278-09-2017,FE-007142-09-2026,Annual Renewal Completed,2027-09-04,https://cityofallentx-energovweb.tylerhost.net/apps/selfservice#/operationalPermit/86315f35-28ea-4b83-90f2-9d6640623327,12,12,2017-11-01,2027-03-23,0,0,4,100,2026-03-18,12,12,2017-11-01,2027-03-23,0,0,4,100,2026-03-18,0
398d21d0-8eba-47c2-93e5-b737bbc46ee6,398d21d0-8eba-47c2-93e5-b737bbc46ee6,1,The Cookie Crave,,,Special Event - Food Establishment,Special Event - Food Establishment,special event,True,False,license_special_event_food,Closed,,2020-04-08,200 E STACY RD B1300 Unit: 1350 ALLEN TX 75002,False,127345,1,0,FESP002118-01-2020,FESP002118-01-2020,Expired,2020-02-10,https://cityofallentx-energovweb.tylerhost.net/apps/selfservice#/businessLicense/df4e1071-9d36-495c-acb4-74d07437d8ee,0,0,,,0,0,0,,,0,0,,,0,0,0,,,0
6e88b75a-1c3e-4f77-9a55-bef981987a51,6e88b75a-1c3e-4f77-9a55-bef981987a51,1,The Cookie Crave,,,Special Event - Food Establishment,Special Event - Food Establishment,special event,True,False,license_special_event_food,Closed,,2020-04-08,200 E STACY RD ALLEN TX 75002,False,127345,1,0,FESP001766-09-2019,FESP001766-09-2019,Expired,2019-09-15,https://cityofallentx-energovweb.tylerhost.net/apps/selfservice#/businessLicense/42f8d876-07ab-4f5a-8d33-283552d2bccd,0,0,,,0,0,0,,,0,0,,,0,0,0,,,0
cba3ad58-32df-43a2-af39-bb03e95e1b0c,cba3ad58-32df-43a2-af39-bb03e95e1b0c,1,The Corn House-Kiosk Area F85,,,Concession Stand - Food Establishment,Concession Stand - Food Establishment,food,False,False,license_food,Closed,,2019-08-26,Dallas TX 75254,True,,1,0,FE000647-03-2018,FE000647-03-2018,Expired,2018-09-27,https://cityofallentx-energovweb.tylerhost.net/apps/selfservice#/businessLicense/f0d88b3c-c0c4-4bd3-a0c7-11ece232d0a6,1,1,2018-04-10,2018-04-10,0,0,0,,,1,1,2018-04-10,2018-04-10,0,0,0,,,0
bf79f058-0ce9-48cd-97b2-75ff6ea008be,bf79f058-0ce9-48cd-97b2-75ff6ea008be,1,The Cuban Way,,,Heavy - Food Establishment,Heavy - Food Establishment,food,False,False,license_food,Closed,2017-08-02,2018-08-24,501 E BETHANY DR Unit: 101B ALLEN TX 75002,False,105147,1,0,FE000588-03-2018,FE000588-03-2018,Expired,2019-03-02,https://cityofallentx-energovweb.tylerhost.net/apps/selfservice#/businessLicense/f8d65348-ebeb-4f27-9c02-cf687a76cf39,0,0,,,0,0,0,,,0,0,,,0,0,0,,,0
d2d8bb64-caf3-4cbe-b007-b0b042791061,d2d8bb64-caf3-4cbe-b007-b0b042791061,1,The Dapper Doughnut (JHF6234),,,Temporary Food Establishment - Food Establishment,Temporary Food Establishment - Food Establishment,food,True,False,license_food,Closed,,2023-07-21,300 RIVERCREST BLVD D ALLEN TX 75002,False,107359,1,0,FE000636-03-2018,FE000636-03-2018,Expired,2018-04-01,https://cityofallentx-energovweb.tylerhost.net/apps/selfservice#/businessLicense/fc777392-6100-4afc-9fc1-af71226c1f0c,0,0,,,0,0,0,,,0,0,,,0,0,0,,,0
2b0dc470-a4e2-4359-8657-a13b30461aa4,2b0dc470-a4e2-4359-8657-a13b30461aa4,1,The Dock(HLK0120)@ChurchEleven32,,,Temporary Food Establishment - Food Establishment,Temporary Food Establishment - Food Establishment,food,True,False,license_food,Closed,2018-08-17,2022-02-28,700 RIVERCREST BLVD ALLEN TX 75002,False,127247,1,0,FE000959-08-2018,FE000959-08-2018,Expired,2018-08-19,https://cityofallentx-energovweb.tylerhost.net/apps/selfservice#/businessLicense/c33e7706-dc10-4269-bc94-a072fc82602e,1,1,2018-08-17,2018-08-17,0,0,0,,,1,1,2018-08-17,2018-08-17,0,0,0,,,0
95f5c4ef-9277-4592-8322-134ef6c54342,95f5c4ef-9277-4592-8322-134ef6c54342,1,The Edge Visitor Center,,,Light Food Preparation,Light Food Preparation,food,False,False,op_permit_food,Open,,,201 E ST MARY DR ALLEN TX 75002,False,,9,9,FE000542-02-2018,FE006779-03-2026,Annual Renewal Completed,2027-02-11,https://cityofallentx-energovweb.tylerhost.net/apps/selfservice#/operationalPermit/27360C4C-88AE-444E-9686-6DA8E9CE3FA7,12,12,2018-02-02,2027-04-02,0,0,3,100,2026-04-02,12,12,2018-02-02,2027-04-02,0,0,3,100,2026-04-02,0
323f8ecf-0571-45d9-9b3e-7422bf3afa92,323f8ecf-0571-45d9-9b3e-7422bf3afa92,1,The Gelato Cone,,,Light - Food Establishment,Light - Food Establishment | Light Food Preparation,food,False,False,license_food | op_permit_food,Closed,,2020-05-05,945 W STACY RD  Unit: 130 ALLEN TX 75013,False,129644,3,2,FE000223-07-2017,FE001671-07-2019,Expired,2020-08-01,https://cityofallentx-energovweb.tylerhost.net/apps/selfservice#/businessLicense/44a62b20-cedd-4ddf-a1d1-f6fef8702bec,4,4,2018-01-30,2019-08-06,0,0,0,,,4,4,2018-01-30,2019-08-06,0,0,0,,,0
1d5e4b41-93f0-4ebf-b193-dbd6b6aa9492,1d5e4b41-93f0-4ebf-b193-dbd6b6aa9492,1,The Goddard School,,,Day Care Facility,Day Care Facility,day care,False,False,op_permit_daycare,Open,2017-11-20,,1695 E EXCHANGE PKWY ALLEN TX 75002,False,127387,9,9,DC000425-11-2017,DC006548-12-2025,Annual Renewal Completed,2026-11-25,https://cityofallentx-energovweb.tylerhost.net/apps/selfservice#/operationalPermit/48974758-DD74-40A0-ABE1-738FE90B3B62,13,13,2017-11-21,2026-04-24,0,0,3,100,2025-08-22,13,13,2017-11-21,2026-04-24,0,0,3,100,2025-08-22,0
93427549-b263-40cf-a59e-6caa5e644331,93427549-b263-40cf-a59e-6caa5e644331,1,The Goddard School,,,Day Care Facility,Day Care Facility,day care,False,False,op_permit_daycare,Open,,,950 STOCKTON DR ALLEN TX 75013,False,121803,6,6,DC002269-05-2020,DC006106-05-2025,Annual Renewal Completed,2027-05-10,https://cityofallentx-energovweb.tylerhost.net/apps/selfservice#/operationalPermit/c6eba562-1470-48b1-8d5a-a49463868d3f,8,8,2021-06-07,2026-04-24,0,0,1,94,2024-10-11,8,8,2021-06-07,2026-04-24,0,0,1,94,2024-10-11,0
78ca4fa0-c7f2-4315-9603-f27aa1ed6235,78ca4fa0-c7f2-4315-9603-f27aa1ed6235,2,The Golf Club at Twin Creeks,,,Heavy - Food Establishment,Heavy - Food Establishment | Heavy Food Preparation,food,False,False,license_food | op_permit_food,Closed,2017-11-29,2022-03-28,501 TWIN CREEKS DR  ALLEN TX 75013,False,109532,5,4,FE000539-02-2018,FE003490-01-2022,Expired,2023-02-09,https://cityofallentx-energovweb.tylerhost.net/apps/selfservice#/businessLicense/101859d2-8b5a-4745-a944-23d91813e0f7,13,13,2017-11-29,2021-08-23,3,0,0,,,22,22,2017-11-29,2026-09-30,4,0,1,96,2026-02-05,0
e9e15c30-b14b-4c6c-b0cb-710a3ee3b5b5,78ca4fa0-c7f2-4315-9603-f27aa1ed6235,2,The Golf Club at Twin Creeks,,,Heavy Food Preparation,Heavy Food Preparation,food,False,False,op_permit_food,Open,2022-06-07,,501 Twin Creeks DR Allen TX 75013,False,,5,5,FE003698-03-2022,FE006602-01-2026,Annual Renewal Completed,2027-02-10,https://cityofallentx-energovweb.tylerhost.net/apps/selfservice#/operationalPermit/EA557E6E-A938-4806-B6EA-238800CC183C,9,9,2023-08-23,2026-09-30,1,0,1,96,2026-02-05,22,22,2017-11-29,2026-09-30,4,0,1,96,2026-02-05,0
63cfc669-efbb-436e-8e0b-fcb4b55c85aa,63cfc669-efbb-436e-8e0b-fcb4b55c85aa,1,The Guava Tree Truck (AW17791),,,Temporary Food Establishment - Food Establishment,Temporary Food Establishment - Food Establishment,food,True,False,license_food,Open,2018-08-14,,1201 E BETHANY DR  ALLEN TX 75002,False,127247,3,0,FE000956-08-2018,FE001545-05-2019,Expired,2019-06-17,https://cityofallentx-energovweb.tylerhost.net/apps/selfservice#/businessLicense/ea534a93-ce87-4591-910b-1a9c8dfd3b58,3,3,2018-08-14,2019-06-17,0,0,0,,,3,3,2018-08-14,2019-06-17,0,0,0,,,0
4ab8a514-56f1-471e-8a2a-031aed20b85b,4ab8a514-56f1-471e-8a2a-031aed20b85b,1,The Guthrie School,,,Day Care Facility,Day Care Facility,day care,False,False,op_permit_daycare,Open,2017-09-12,,598 OLD CUSTER RD  ALLEN TX 75013,False,127250,9,9,DC000198-07-2017,DC006949-06-2026,Annual Renewal Completed,2027-07-16,https://cityofallentx-energovweb.tylerhost.net/apps/selfservice#/operationalPermit/70410d06-d2fe-4267-86dd-e9e2ddb99c5b,13,13,2017-09-12,2026-04-24,0,0,0,,,13,13,2017-09-12,2026-04-24,0,0,0,,,0
95ad25c6-5400-4406-a04f-ab5a2221921d,95ad25c6-5400-4406-a04f-ab5a2221921d,1,The Happy Blend,,,Light Food Preparation,Light Food Preparation,food,False,False,op_permit_food,Open,,,545 W MCDERMOTT DR ALLEN TX 75013,False,110855,1,1,FE-007154-09-2026,FE-007154-09-2026,Annual Renewal Completed,2027-09-11,https://cityofallentx-energovweb.tylerhost.net/apps/selfservice#/operationalPermit/0c70983e-63a8-41af-a584-9c0db69ecc75,1,1,2026-10-09,2026-10-09,0,0,0,,,1,1,2026-10-09,2026-10-09,0,0,0,,,0
c56f3276-6935-46f3-8114-17bd67eeb899,c56f3276-6935-46f3-8114-17bd67eeb899,1,The Heritage at Twin Creeks,,,Heavy Food Preparation,Heavy Food Preparation,food,False,False,op_permit_food,Open,,,920 STOCKTON DR ALLEN TX 75013,False,129743,1,1,FE-007092-08-2026,FE-007092-08-2026,Active,2027-09-24,https://cityofallentx-energovweb.tylerhost.net/apps/selfservice#/operationalPermit/14736658-a8f6-46d7-bc4d-f066d84061f4,0,0,,,0,0,0,,,0,0,,,0,0,0,,,0
b9476df3-f9f4-4213-9aba-d37a5bfd4408,b9476df3-f9f4-4213-9aba-d37a5bfd4408,1,The Hot Potato (VL#AP68144),,,Catering Truck - Food Establishment,Catering Truck - Food Establishment,food,True,False,license_food,Closed,2017-07-28,2019-08-26,,False,121106,1,0,FE000214-07-2017,FE000214-07-2017,Expired,2018-09-11,https://cityofallentx-energovweb.tylerhost.net/apps/selfservice#/businessLicense/c000caff-a206-49c0-abc2-cd68de628bce,0,0,,,0,0,0,,,0,0,,,0,0,0,,,0
f863c984-df16-434c-ac28-cadf1c9be3a4,f863c984-df16-434c-ac28-cadf1c9be3a4,1,The Hub/Hooked,,,Heavy - Food Establishment,Heavy - Food Establishment,food,False,False,license_food,Closed,,2025-03-31,1289 Johnson Road Unit: 2160 Allen TX 75013,False,,1,0,FE004921-11-2023,FE004921-11-2023,Expired,2024-11-02,https://cityofallentx-energovweb.tylerhost.net/apps/selfservice#/businessLicense/1c024f1e-9776-479b-8ef9-641d2dc5c5c4,0,0,,,0,0,0,,,0,0,,,0,0,0,,,0
1d0c7987-d329-40e0-af8e-22f346700ed5,1d0c7987-d329-40e0-af8e-22f346700ed5,1,The Hub/Macho Taco,,,Heavy Food Preparation,Heavy Food Preparation,food,False,False,op_permit_food,Open,,,1289 Johnson Road Unit: 3120 Allen TX 75013,False,,3,3,FE004911-10-2023,FE006506-11-2025,Annual Renewal Completed,2026-11-01,https://cityofallentx-energovweb.tylerhost.net/apps/selfservice#/operationalPermit/F10B2334-E90E-4D69-8C57-8A7493BE5258,1,0,,,0,0,0,,,1,0,,,0,0,0,,,0
373c0984-f4c7-40e2-ba86-b6974ec6c824,373c0984-f4c7-40e2-ba86-b6974ec6c824,1,The Jym,,,Light - Food Establishment,Light - Food Establishment | Light Food Preparation,food,False,False,license_food | op_permit_food,Closed,2017-11-28,2019-07-16,1223 W MCDERMOTT DR  Unit: 100 ALLEN TX 75013,False,115799,3,2,FE000127-06-2017,FE001618-06-2019,Expired,2020-06-07,https://cityofallentx-energovweb.tylerhost.net/apps/selfservice#/businessLicense/dc856f79-cd78-4864-a0b3-5bda39fcc3bf,3,3,2017-11-28,2018-12-26,0,0,0,,,3,3,2017-11-28,2018-12-26,0,0,0,,,0
6003c347-21e1-4473-9e2e-a5111b2fd961,6003c347-21e1-4473-9e2e-a5111b2fd961,1,The Kettle Express #1 -Allen USA,,,Temporary Food Establishment - Food Establishment,Temporary Food Establishment - Food Establishment | Temporary Food Establishments,food,True,False,license_food | op_permit_food,Closed,2017-06-24,2023-07-21,701 ANGEL PKWY ALLEN TX 75002,False,121106,2,1,FE000169-06-2017,FE000879-06-2018,Expired,2018-06-30,https://cityofallentx-energovweb.tylerhost.net/apps/selfservice#/businessLicense/168acf41-f462-4e53-8e37-316cc0e2df53,0,0,,,0,0,0,,,0,0,,,0,0,0,,,0
170c5523-c1d1-45da-9a72-7ab15bbf8e89,170c5523-c1d1-45da-9a72-7ab15bbf8e89,1,The Kettle Express #2 -Allen USA,,,Temporary Food Establishment - Food Establishment,Temporary Food Establishment - Food Establishment,food,True,False,license_food,Closed,2018-06-29,2022-02-28,701 ANGEL PKWY  ALLEN TX 75002,False,121106,1,0,FE000880-06-2018,FE000880-06-2018,Expired,2018-06-30,https://cityofallentx-energovweb.tylerhost.net/apps/selfservice#/businessLicense/07562c72-324c-4b23-b84b-86273672b823,1,1,2018-06-30,2018-06-30,0,0,0,,,1,1,2018-06-30,2018-06-30,0,0,0,,,0
3050cf6b-3df9-43a2-92db-35a88c885647,3050cf6b-3df9-43a2-92db-35a88c885647,1,The Kettle Express/JFRC,,,Temporary Food Establishment - Food Establishment,Temporary Food Establishment - Food Establishment,food,True,False,license_food,Closed,2017-04-21,2017-04-21,1201 E BETHANY DR ALLEN TX 75002,False,,1,0,FE000037-04-2017,FE000037-04-2017,Expired,2017-04-22,https://cityofallentx-energovweb.tylerhost.net/apps/selfservice#/businessLicense/ba5b75e5-7325-4030-a3fc-4b461b6b93b2,0,0,,,0,0,0,,,0,0,,,0,0,0,,,0
1584150b-79f9-48e3-bd62-0ffa99befa0b,1584150b-79f9-48e3-bd62-0ffa99befa0b,1,The Koi Way,,,Heavy - Food Establishment,Heavy - Food Establishment | Heavy Food Preparation,food,False,False,license_food | op_permit_food,Closed,,2024-05-20,975 HWY 121 Unit: #100 Allen TX 75013,False,,2,1,FE004098-10-2022,FE004978-12-2023,Expired,2024-10-11,https://cityofallentx-energovweb.tylerhost.net/apps/selfservice#/businessLicense/b491ff1c-336e-4d25-a9bd-93d23c106e17,3,3,2023-02-14,2023-08-15,1,0,0,,,3,3,2023-02-14,2023-08-15,1,0,0,,,0
c10c87ad-7f6e-44e6-b1e9-952679f5510f,c10c87ad-7f6e-44e6-b1e9-952679f5510f,1,The Learning Experience,,,Day Care Facility,Day Care Facility,day care,False,False,op_permit_daycare,Closed,2017-05-10,2025-03-31,850 S ALLEN HEIGHTS DR ALLEN TX 75002,False,100071,7,7,DC000574-02-2018,DC005155-02-2024,Annual Renewal Completed,2025-03-03,https://cityofallentx-energovweb.tylerhost.net/apps/selfservice#/operationalPermit/088BE055-4FD0-45B7-A639-FDF0A6486314,22,22,2017-05-10,2024-09-24,10,0,3,99,2024-09-24,22,22,2017-05-10,2024-09-24,10,0,3,99,2024-09-24,0
3d780bbd-066b-4204-b1fd-126326316c6a,3d780bbd-066b-4204-b1fd-126326316c6a,1,The Liquor Outpost,,,No Prep - Food Establishment,No Prep - Food Establishment,food,False,False,license_food,Closed,2018-01-08,2019-08-09,950 W STACY RD Unit: 120 ALLEN TX 75013,False,100076,1,0,FE000455-12-2017,FE000455-12-2017,Expired,2018-12-14,https://cityofallentx-energovweb.tylerhost.net/apps/selfservice#/businessLicense/60f389ce-d1dc-48a8-b24f-87bcf96477ec,2,2,2018-01-08,2018-07-06,0,0,0,,,2,2,2018-01-08,2018-07-06,0,0,0,,,0
c5b5e72b-5810-4d90-bab6-3ddda522d241,c5b5e72b-5810-4d90-bab6-3ddda522d241,1,The Market at Alta at the Farm,,,No Food Preparation,No Food Preparation,food,False,False,op_permit_food,Open,,,1287 Blue Tractor Ln Allen TX 75013,False,,2,2,FE005769-12-2024,FE006683-02-2026,Annual Renewal Completed,2027-01-02,https://cityofallentx-energovweb.tylerhost.net/apps/selfservice#/operationalPermit/FB1806B8-20B4-4644-A0DA-DAB0AF0EA02A,2,2,2026-08-10,2027-08-09,0,0,0,,,2,2,2026-08-10,2027-08-09,0,0,0,,,0
15da9607-01f0-4871-a8a1-71aac81c70fe,15da9607-01f0-4871-a8a1-71aac81c70fe,1,The Market at Watterscape,,,No Food Preparation,No Food Preparation,food,False,False,op_permit_food,Open,,,930 Ridgeview Dr Allen TX 75013,False,,2,2,FE005874-01-2025,FE006669-02-2026,Annual Renewal Completed,2027-01-28,https://cityofallentx-energovweb.tylerhost.net/apps/selfservice#/operationalPermit/B57CA8EF-6111-4674-824C-36A00F20CCA2,4,4,2025-02-05,2027-02-11,0,0,0,,,4,4,2025-02-05,2027-02-11,0,0,0,,,0
1e593fab-6a0c-402b-b302-a1b33bfbed22,1e593fab-6a0c-402b-b302-a1b33bfbed22,1,"The Melting Pot  Allen, Texas",Melting Pot of Allen,,Heavy Food Preparation,Heavy Food Preparation,food,False,False,op_permit_food,Open,,,935 Watters Creek Blvd. N Allen TX 75013-3744,False,129666,1,1,FE-006956-07-2026,FE-006956-07-2026,Annual Renewal Completed,2027-07-06,https://cityofallentx-energovweb.tylerhost.net/apps/selfservice#/operationalPermit/b12e84f8-47ce-4aa1-9300-b7115931a01d,1,1,2026-09-30,2026-09-30,0,0,0,,,1,1,2026-09-30,2026-09-30,0,0,0,,,0
773b5976-e89d-4f5c-b5a7-c124ccb0e48a,773b5976-e89d-4f5c-b5a7-c124ccb0e48a,1,The Mexicans Food Truck,,,Special Event - Food Establishment,Special Event - Food Establishment,special event,True,False,license_special_event_food,Closed,2024-04-08,2025-02-11,Garland TX,True,,1,0,FESP005242-03-2024,FESP005242-03-2024,Expired,2024-04-08,https://cityofallentx-energovweb.tylerhost.net/apps/selfservice#/businessLicense/a6f0cfcf-581b-4dfe-9563-7ee3b411ed74,0,0,,,0,0,0,,,0,0,,,0,0,0,,,0
86762848-d1fd-4727-8dbf-9e3aa64b837f,86762848-d1fd-4727-8dbf-9e3aa64b837f,1,The Mexicans Food Truck,,,Special Event - Food Establishment,Special Event - Food Establishment,special event,True,False,license_special_event_food,Closed,2024-06-10,2025-02-11,Allen TX 75002,True,,1,0,FESP005359-06-2024,FESP005359-06-2024,Expired,2024-06-10,https://cityofallentx-energovweb.tylerhost.net/apps/selfservice#/businessLicense/7559ab15-919d-4ffa-b5b2-583f73d34e01,0,0,,,0,0,0,,,0,0,,,0,0,0,,,0
f63f131f-c08c-4ac6-915d-9b236d3f2cf3,1dfbf154-bd53-4675-b855-8abf86ec5421,2,The Montessori School at StarCreek,,,Day Care Facility,Day Care Facility,day care,False,False,op_permit_daycare,Canceled - Duplicate,,2026-09-08,915 RIDGEVIEW DR ALLEN TX 75013,False,,1,1,DC007153-09-2026,DC007153-09-2026,Application Rejected,2999-01-01,https://cityofallentx-energovweb.tylerhost.net/apps/selfservice#/operationalPermit/94dc47f1-0b8f-4c52-8ca4-b412bed7d3cf,0,0,,,0,0,0,,,16,16,2017-09-15,2026-01-26,0,0,1,100,2022-04-19,0
1dfbf154-bd53-4675-b855-8abf86ec5421,1dfbf154-bd53-4675-b855-8abf86ec5421,2,The Montessori School at Starcreek,,,Day Care Facility,Day Care Facility,day care,False,False,op_permit_daycare,Open,2017-09-15,,915 RIDGEVIEW DR  ALLEN TX 75013,False,127715,9,9,DC000343-10-2017,DC006402-09-2025,Annual Renewal Completed,2027-10-09,https://cityofallentx-energovweb.tylerhost.net/apps/selfservice#/operationalPermit/2ed94a73-d9c2-4124-9c4d-7c7749ba686e,16,16,2017-09-15,2026-01-26,0,0,1,100,2022-04-19,16,16,2017-09-15,2026-01-26,0,0,1,100,2022-04-19,0
05717381-402e-4138-828c-714ac12351bd,05717381-402e-4138-828c-714ac12351bd,1,The Moonbeam Bakery,,,Heavy Food Preparation,Heavy Food Preparation,food,False,False,op_permit_food,Open,,,1008 W MCDERMOTT DR Unit: 400 ALLEN TX 75013,False,117708,6,6,FE002278-05-2020,FE006110-05-2025,Annual Renewal Completed,2027-05-21,https://cityofallentx-energovweb.tylerhost.net/apps/selfservice#/operationalPermit/c99c2c8b-f905-4b0b-a6d1-69e9792862d2,14,14,2020-08-03,2025-10-28,1,0,5,98,2025-10-28,14,14,2020-08-03,2025-10-28,1,0,5,98,2025-10-28,0
dba93955-a9a4-4197-b109-39a0d9fb775f,dba93955-a9a4-4197-b109-39a0d9fb775f,1,The Twin Taco (HWV-3157),,,Mobile Food Prep Unit - Food Establishment,Mobile Food Prep Unit - Food Establishment,food,True,False,license_food,Closed,2018-10-24,2020-08-31,McKinney TX 75069,True,,1,0,FE001093-10-2018,FE001093-10-2018,Expired,2019-10-24,https://cityofallentx-energovweb.tylerhost.net/apps/selfservice#/businessLicense/49e423f1-c81f-45fa-aeb7-7c6a0d3b0dab,2,1,2018-10-24,2018-10-24,0,0,0,,,2,1,2018-10-24,2018-10-24,0,0,0,,,0
2966cca7-c625-47fb-a382-87200d5187e8,2966cca7-c625-47fb-a382-87200d5187e8,1,The Warrior's Keep,,,Temporary Food Establishment - Food Establishment,Temporary Food Establishment - Food Establishment,food,True,False,license_food,Open,2023-05-13,2023-05-13,McKinney TX 75069,True,,1,0,FE004538-04-2023,FE004538-04-2023,Expired,2023-05-13,https://cityofallentx-energovweb.tylerhost.net/apps/selfservice#/businessLicense/0c92c5e2-9243-4a88-a54c-d3fbd15f0ad6,0,0,,,0,0,0,,,0,0,,,0,0,0,,,0
3395fc1a-1204-4bc7-abcc-849a2ea9af10,3395fc1a-1204-4bc7-abcc-849a2ea9af10,1,The Wildflower Baking Co,,,Heavy - Food Establishment,Heavy - Food Establishment,food,False,False,license_food,Closed,,2020-09-02,101 W MAIN ST Unit: 130 ALLEN TX 75013,False,100156,1,0,FE002469-08-2020,FE002469-08-2020,Expired,2021-08-18,https://cityofallentx-energovweb.tylerhost.net/apps/selfservice#/businessLicense/496c61a7-a101-4f1b-8569-9765439b4a70,0,0,,,0,0,0,,,0,0,,,0,0,0,,,0
d9cab16b-8ac8-4122-9195-739b6a986f16,d9cab16b-8ac8-4122-9195-739b6a986f16,1,Three Slices LLC dba The Pizza Guy,,,Heavy - Food Establishment,Heavy - Food Establishment,food,False,False,license_food,Closed,2018-11-13,2019-05-20,1206 E MAIN ST  Unit: 111 ALLEN TX 75002,False,,1,0,FE001011-08-2018,FE001011-08-2018,Expired,2019-08-29,https://cityofallentx-energovweb.tylerhost.net/apps/selfservice#/businessLicense/39103934-25da-40ea-ad7a-1a8de7b930a7,5,4,2018-11-13,2018-11-21,3,0,0,,,5,4,2018-11-13,2018-11-21,3,0,0,,,0
e5f804c9-058a-4c8b-8ef2-2b2ba094958a,e5f804c9-058a-4c8b-8ef2-2b2ba094958a,1,Tian An Men Square Wok & Grill,,,Heavy - Food Establishment,Heavy - Food Establishment | Heavy Food Preparation,food,False,False,license_food | op_permit_food,Closed,2017-07-31,2026-02-20,210 S CENTRAL EXPY  Unit: 76 ALLEN TX 75013,False,114503,8,7,FE000544-02-2018,FE005974-02-2025,Closed,,https://cityofallentx-energovweb.tylerhost.net/apps/selfservice#/businessLicense/9ca2ee78-cbf6-4dd6-b8aa-05b58f1ef39b,28,27,2018-08-06,2025-09-09,12,0,1,74,2025-08-27,28,27,2018-08-06,2025-09-09,12,0,1,74,2025-08-27,0
09b730aa-bbdc-4993-a446-9d2a8b357857,09b730aa-bbdc-4993-a446-9d2a8b357857,1,Tias Mexican Grill,,,Special Event - Food Establishment,Special Event - Food Establishment,special event,True,False,license_special_event_food,Closed,,2023-08-09,701 N ANGEL PKWY ALLEN TX 75002,False,121106,1,0,FESP003051-06-2021,FESP003051-06-2021,Expired,2021-06-26,https://cityofallentx-energovweb.tylerhost.net/apps/selfservice#/businessLicense/d82b537e-b74d-426b-bd64-c892f592a070,1,1,2021-06-25,2021-06-25,0,0,0,,,1,1,2021-06-25,2021-06-25,0,0,0,,,0
6a5af942-62c8-4dc2-bda1-f3eae3e798fe,6a5af942-62c8-4dc2-bda1-f3eae3e798fe,1,Tiff's Treats,,,Heavy Food Preparation,Heavy Food Preparation,food,False,False,op_permit_food,Open,2017-09-27,,977  SH121 HWY B Unit: 100 ALLEN TX 75013,False,126004,9,9,FE000415-11-2017,FE006463-10-2025,Annual Renewal Completed,2026-11-15,https://cityofallentx-energovweb.tylerhost.net/apps/selfservice#/operationalPermit/01EA5E5B-4C90-467D-B68B-A5275BF2559E,20,19,2017-09-27,2026-12-01,1,0,4,92,2025-08-22,20,19,2017-09-27,2026-12-01,1,0,4,92,2025-08-22,0
4962d525-0ade-4241-a7a2-911a0f638f11,4962d525-0ade-4241-a7a2-911a0f638f11,1,Tiff's Treats # 2 (2539),,,Catering Truck - Food Establishment,Catering Truck - Food Establishment | Mobile Construction Site Food Vehicle:,food,True,False,license_food | op_permit_food,Closed,,2024-08-28,Plano TX 75024,True,,2,1,FE004018-08-2022,FE004599-06-2023,Expired,2024-08-20,https://cityofallentx-energovweb.tylerhost.net/apps/selfservice#/businessLicense/40cbd94c-23ea-4a67-a895-552d84ba1327,3,2,2022-08-18,2023-06-09,0,0,0,,,3,2,2022-08-18,2023-06-09,0,0,0,,,0
b180df02-45b0-46a5-84e3-c71e4f7b36b6,b180df02-45b0-46a5-84e3-c71e4f7b36b6,1,Tiger Asian Bowl,,,Heavy Food Preparation,Heavy Food Preparation,food,False,False,op_permit_food,Open,2017-04-24,,508 W MCDERMOTT DR Unit: 110 ALLEN TX 75013,False,123938,9,9,FE000619-03-2018,FE006813-03-2026,Annual Renewal Completed,2027-03-21,https://cityofallentx-energovweb.tylerhost.net/apps/selfservice#/operationalPermit/91ABDDBA-FF9E-40BE-8382-0CD38FB9BD57,19,17,2018-04-10,2025-11-05,2,0,1,95,2023-08-29,19,17,2018-04-10,2025-11-05,2,0,1,95,2023-08-29,0
66b1f7a5-576f-499d-8302-0de3848c2030,66b1f7a5-576f-499d-8302-0de3848c2030,1,Tiger Asian Food Truck (7445),,,Mobile Construction Site Food Vehicle:,Mobile Construction Site Food Vehicle:,food,True,False,op_permit_food,Closed,,2026-09-22,508 W MCDERMOTT DR Unit: 110 ALLEN TX 75013,False,123938,3,3,FE004943-11-2023,FE006510-11-2025,Annual Renewal Completed,2026-11-13,https://cityofallentx-energovweb.tylerhost.net/apps/selfservice#/operationalPermit/470404FA-6865-4BA0-AF7D-4F6779E7A847,3,3,2023-11-13,2025-11-20,0,0,0,,,3,3,2023-11-13,2025-11-20,0,0,0,,,0
4c647800-e70f-4453-8358-786cc2666249,4c647800-e70f-4453-8358-786cc2666249,1,Tikiz Shaved Ice & Ice Cream-HCX4428,,,Ice Cream Truck - Food Establishment,Ice Cream Truck - Food Establishment,food,True,False,license_food,Closed,2017-08-11,2019-08-12,Lewisville TX 75056,True,,1,0,FE000251-08-2017,FE000251-08-2017,Expired,2018-08-11,https://cityofallentx-energovweb.tylerhost.net/apps/selfservice#/businessLicense/e9e7ef19-028d-4390-9d67-b992ee3e362d,0,0,,,0,0,0,,,0,0,,,0,0,0,,,0
eff95f71-a604-45b2-9f23-029c060ee4f2,eff95f71-a604-45b2-9f23-029c060ee4f2,1,Tikka Wraps-N-Bowls,,,Mobile Food Establishment,Mobile Food Establishment,food,True,False,op_permit_food,Closed,,2024-08-07,McKinney TX 75071,True,,2,2,FE004641-06-2023,FE005426-07-2024,Expired,2025-06-27,https://cityofallentx-energovweb.tylerhost.net/apps/selfservice#/operationalPermit/D9DDF993-2A89-4C5E-A02C-A84DAAB1CD8B,6,5,2023-06-07,2024-07-24,0,3,0,,,6,5,2023-06-07,2024-07-24,0,3,0,,,0
28535a76-93c6-4ae3-820c-7f553c80caff,28535a76-93c6-4ae3-820c-7f553c80caff,1,Tikka Wraps-N-Bowls - 8869,,,Mobile Food Establishment,Mobile Food Establishment,food,True,False,op_permit_food,Closed,,2025-08-07,Prosper TN 75078,True,,1,1,FE005529-08-2024,FE005529-08-2024,Expired,2025-08-07,https://cityofallentx-energovweb.tylerhost.net/apps/selfservice#/operationalPermit/13BD1029-4218-44EC-8A22-FC99394AB24A,5,5,2024-08-07,2025-07-26,0,2,0,,,5,5,2024-08-07,2025-07-26,0,2,0,,,0
f45192b4-2e7a-4958-ab8a-3c992a66f13d,f45192b4-2e7a-4958-ab8a-3c992a66f13d,1,Tikka Wraps-N-Bowls /U32000,,,Mobile Food Establishment,Mobile Food Establishment,food,True,False,op_permit_food,Closed,,2026-08-31,Prosper TX 75078,True,,1,1,FE006317-08-2025,FE006317-08-2025,Closed,,https://cityofallentx-energovweb.tylerhost.net/apps/selfservice#/operationalPermit/C8EF298D-73DD-44A0-8388-BFC6AB951FA7,9,8,2025-08-07,2026-03-30,1,3,0,,,9,8,2025-08-07,2026-03-30,1,3,0,,,0
b9edb49f-9da8-486c-8db2-6d5027c9a4de,b9edb49f-9da8-486c-8db2-6d5027c9a4de,1,Tilted Kilt,,,Heavy - Food Establishment,Heavy - Food Establishment,food,False,False,license_food,Closed,,2021-09-09,305 N CENTRAL EXPY ALLEN TX 75013,False,121202,1,0,FE001924-12-2019,FE001924-12-2019,Closed,,https://cityofallentx-energovweb.tylerhost.net/apps/selfservice#/businessLicense/4fb73aec-3963-418a-8968-af8e7ef628c9,0,0,,,0,0,0,,,0,0,,,0,0,0,,,0
842a5b37-3106-4f9e-b51a-2001ffb9d42d,842a5b37-3106-4f9e-b51a-2001ffb9d42d,1,Tom Thumb #3579,,,Grocery - Food Establishment,Grocery - Food Establishment | Grocery Store | Special Event - Food Establishment,food,False,False,license_food | license_special_event_food | op_permit_food,Closed,2017-05-19,2025-07-05,900 W MCDERMOTT DR  ALLEN TX 75013,False,117728,9,7,FE000613-03-2018,FE006003-02-2025,Closed,,https://cityofallentx-energovweb.tylerhost.net/apps/selfservice#/businessLicense/32fce762-b167-498d-9490-64ab41387084,14,14,2019-01-10,2025-02-18,0,0,0,,,14,14,2019-01-10,2025-02-18,0,0,0,,,0
961e2dff-6e04-4440-9f6e-7287ed3d543a,961e2dff-6e04-4440-9f6e-7287ed3d543a,2,Tom Thumb #3579 - Bakery,,,Food Establishment - BL - Grocery Store - Bakery,Food Establishment - BL - Grocery Store - Bakery | Grocery Department,food,False,False,license_food | op_permit_food,Closed,,2025-07-05,900 W McDermott DR Allen TX 75013,False,,3,2,FE004431-03-2023,FE006002-02-2025,Closed,,https://cityofallentx-energovweb.tylerhost.net/apps/selfservice#/businessLicense/bfab5b5d-ce43-474a-8058-97593516ff54,6,6,2023-05-04,2025-02-18,0,0,0,,,13,13,2020-09-03,2025-02-18,0,0,0,,,2
c71b8d4b-28a4-45d1-bb6a-195c6a995572,961e2dff-6e04-4440-9f6e-7287ed3d543a,2,Tom Thumb #3579 - Bakery,,,Grocery - Food Establishment,Grocery - Food Establishment | Grocery Store,food,False,False,license_food | op_permit_food,Closed,,2023-03-21,900 W MCDERMOTT DR ALLEN TX 75013,False,117728,3,2,FE002244-04-2020,FE003706-03-2022,Expired,2023-03-18,https://cityofallentx-energovweb.tylerhost.net/apps/selfservice#/businessLicense/a4ad6b0a-54f1-4e9a-8fcb-bd58c8bfcf51,7,7,2020-09-03,2022-11-04,0,0,0,,,13,13,2020-09-03,2025-02-18,0,0,0,,,0
3c2f3f91-558f-4719-be00-038a8d286867,3c2f3f91-558f-4719-be00-038a8d286867,2,Tom Thumb #3579 - Deli,,,Grocery - Food Establishment,Grocery - Food Establishment | Grocery Store,food,False,False,license_food | op_permit_food,Closed,,2023-03-21,900 W MCDERMOTT DR ALLEN TX 75013,False,117728,3,2,FE002243-04-2020,FE003707-03-2022,Expired,2023-03-18,https://cityofallentx-energovweb.tylerhost.net/apps/selfservice#/businessLicense/94c17ca5-09b0-4ee4-bc00-d6617aec32e1,7,7,2020-09-04,2022-11-04,0,0,0,,,13,13,2020-09-04,2025-02-18,0,0,0,,,0
455acc22-22c8-4bf6-8dcf-f5edb5b956e6,3c2f3f91-558f-4719-be00-038a8d286867,2,Tom Thumb #3579 - Deli,,,Food Establishment - BL - Grocery Store - Deli,Food Establishment - BL - Grocery Store - Deli | Grocery Department,food,False,False,license_food | op_permit_food,Closed,,2025-07-05,900 W McDermott DR Allen TX 75013,False,,3,2,FE004430-03-2023,FE006006-02-2025,Closed,,https://cityofallentx-energovweb.tylerhost.net/apps/selfservice#/businessLicense/6946bbf6-d7e5-4abd-a486-9b627faa4e2b,6,6,2023-05-04,2025-02-18,0,0,0,,,13,13,2020-09-04,2025-02-18,0,0,0,,,0
4232ef3b-9ef9-4b64-95ca-7e6cb42b059e,4232ef3b-9ef9-4b64-95ca-7e6cb42b059e,2,Tom Thumb #3579 - Meat,,,Food Establishment - BL - Grocery Store - Meat/Seafood,Food Establishment - BL - Grocery Store - Meat/Seafood | Grocery Department,food,False,False,license_food | op_permit_food,Closed,,2025-07-07,900 W McDermott DR Allen TX 75013,False,,2,1,FE005174-02-2024,FE006004-02-2025,Closed,,https://cityofallentx-energovweb.tylerhost.net/apps/selfservice#/businessLicense/06e97153-dcaa-439d-9e57-04d0d43024e9,6,6,2023-05-04,2025-02-18,0,0,0,,,13,13,2020-09-03,2025-02-18,0,0,0,,,0
5a1cef2a-0ae7-4468-93d1-1318522bf5b2,4232ef3b-9ef9-4b64-95ca-7e6cb42b059e,2,Tom Thumb #3579 - Meat,,,Grocery - Food Establishment,Grocery - Food Establishment | Grocery Store,food,False,False,license_food | op_permit_food,Closed,,2023-03-21,900 W MCDERMOTT DR ALLEN TX 75013,False,117728,3,2,FE002245-04-2020,FE003708-03-2022,Expired,2023-03-18,https://cityofallentx-energovweb.tylerhost.net/apps/selfservice#/businessLicense/bd01bb68-6c9d-405d-a0f1-a2cbf60d0852,7,7,2020-09-03,2022-11-04,0,0,0,,,13,13,2020-09-03,2025-02-18,0,0,0,,,0
886347d4-aed1-4c25-9485-6a3645f5f63e,886347d4-aed1-4c25-9485-6a3645f5f63e,2,Tom Thumb #3579 - Produce,,,Food Establishment - BL - Grocery Store - Produce,Food Establishment - BL - Grocery Store - Produce | Grocery Department,food,False,False,license_food | op_permit_food,Closed,,2025-07-05,900 W McDermott DR Allen TX 75013,False,,2,1,FE005176-02-2024,FE006005-02-2025,Closed,,https://cityofallentx-energovweb.tylerhost.net/apps/selfservice#/businessLicense/4a9002fa-af32-409d-89d8-51dc915f97be,6,6,2023-05-04,2025-02-18,0,0,0,,,13,13,2020-09-03,2025-02-18,0,0,0,,,0
a7a06cbe-8f7e-4526-a1ce-0b8438573458,886347d4-aed1-4c25-9485-6a3645f5f63e,2,Tom Thumb #3579 - Produce,,,Grocery - Food Establishment,Grocery - Food Establishment | Grocery Store,food,False,False,license_food | op_permit_food,Closed,,2023-03-21,900 W MCDERMOTT DR ALLEN TX 75013,False,117728,3,2,FE002242-04-2020,FE003709-03-2022,Expired,2023-03-18,https://cityofallentx-energovweb.tylerhost.net/apps/selfservice#/businessLicense/8b06ff6f-d3c8-4669-a9d1-444d191031c5,7,7,2020-09-03,2022-11-04,0,0,0,,,13,13,2020-09-03,2025-02-18,0,0,0,,,0
eae121b3-159f-4609-ba7f-746fa4a6fcc1,eae121b3-159f-4609-ba7f-746fa4a6fcc1,1,Tomis Sino Mex (KSB-2525),,,Catering Truck - Food Establishment,Catering Truck - Food Establishment,food,True,False,license_food,Open,2018-05-24,,McKinney TX 75070,True,,2,0,FE000804-05-2018,FE000813-05-2018,Expired,2019-05-24,https://cityofallentx-energovweb.tylerhost.net/apps/selfservice#/businessLicense/79e8e677-46e1-486d-a618-ca6b706f690c,2,1,2018-05-24,2018-05-24,0,0,0,,,2,1,2018-05-24,2018-05-24,0,0,0,,,0
04201e49-b6e5-44d7-a4cf-d9c3a86cfa16,04201e49-b6e5-44d7-a4cf-d9c3a86cfa16,1,Tomlins Learning dba Kiddy Kollege,,,Day Care Facility,Day Care Facility,day care,False,False,op_permit_daycare,Closed,,2024-12-05,1020 N WATTERS RD ALLEN TX 75013,False,127684,2,2,DC003230-08-2021,DC004047-09-2022,Annual Renewal Completed,2023-08-19,https://cityofallentx-energovweb.tylerhost.net/apps/selfservice#/operationalPermit/B906ED3D-875F-4788-8204-1ECE3C47AD33,3,3,2021-09-13,2023-08-18,0,0,0,,,3,3,2021-09-13,2023-08-18,0,0,0,,,0
5ed09871-8260-4ba4-a318-1bc8ce93e312,5ed09871-8260-4ba4-a318-1bc8ce93e312,1,Tongue in Cheek Ice Cream,,,Temporary Food Establishment - Food Establishment,Temporary Food Establishment - Food Establishment,food,True,False,license_food,Closed,,2022-10-31,Plano TX 75074,True,,1,0,FE004113-10-2022,FE004113-10-2022,Expired,2022-10-29,https://cityofallentx-energovweb.tylerhost.net/apps/selfservice#/businessLicense/68d54b2d-e4af-4332-9cc7-972451cd2846,0,0,,,0,0,0,,,0,0,,,0,0,0,,,0
7ac2bc8c-12b0-4292-915d-0c081149ffd8,7ac2bc8c-12b0-4292-915d-0c081149ffd8,1,Tongue in Cheek Ice Cream,,,Temporary Food Establishment - Food Establishment,Temporary Food Establishment - Food Establishment,food,True,False,license_food,Closed,,2022-10-31,601 S Greenville AVE Allen 75013,False,,1,0,FE004135-10-2022,FE004135-10-2022,Expired,2022-10-30,https://cityofallentx-energovweb.tylerhost.net/apps/selfservice#/businessLicense/100b5c09-b643-4282-8d27-952ec80abb1f,0,0,,,0,0,0,,,0,0,,,0,0,0,,,0
012ecccc-adf6-4d5b-8633-a447690df0a2,012ecccc-adf6-4d5b-8633-a447690df0a2,1,Tonitas,,,Heavy - Food Establishment,Heavy - Food Establishment | Heavy Food Preparation,food,False,False,license_food | op_permit_food,Closed,,2026-03-09,204 N Greenville Ave Unit: # 220 Allen TX 75002,False,,2,1,FE005218-03-2024,FE006007-03-2025,Closed,,https://cityofallentx-energovweb.tylerhost.net/apps/selfservice#/businessLicense/8f0154fc-a41e-4fc5-93cb-5b80b04d261d,2,1,2024-11-04,2024-11-04,0,0,0,,,2,1,2024-11-04,2024-11-04,0,0,0,,,0
afc7239c-84f7-4a12-9878-8e7e7ea970d4,afc7239c-84f7-4a12-9878-8e7e7ea970d4,1,Top Golf,,,Heavy Food Preparation,Heavy Food Preparation,food,False,False,op_permit_food,Open,,,1500 ANDREWS PKWY ALLEN TX 75002,False,127344,9,9,FE000229-08-2017,FE-007015-07-2026,Annual Renewal Completed,2027-08-09,https://cityofallentx-energovweb.tylerhost.net/apps/selfservice#/operationalPermit/4941417a-b51f-4b9e-ac3f-20cf11fe47da,23,21,2017-12-04,2026-02-23,3,0,0,,,23,21,2017-12-04,2026-02-23,3,0,0,,,0
5a10d5f3-2e3d-4272-b50a-a4f493ff7ab5,5a10d5f3-2e3d-4272-b50a-a4f493ff7ab5,1,Torchy's Taco,,,Heavy Food Preparation,Heavy Food Preparation,food,False,False,op_permit_food,Open,2017-07-20,,1008 W MCDERMOTT DR  Unit: 600 ALLEN TX 75013,False,117708,9,9,FE000548-02-2018,FE006619-01-2026,Active,2027-02-19,https://cityofallentx-energovweb.tylerhost.net/apps/selfservice#/operationalPermit/A10BA1C2-63BD-4FB5-A3C0-7180842E6BC6,17,17,2018-08-15,2025-02-17,2,0,3,87,2025-02-17,17,17,2018-08-15,2025-02-17,2,0,3,87,2025-02-17,0
69cdccbb-758f-4339-b400-d1ce521c1521,69cdccbb-758f-4339-b400-d1ce521c1521,1,Total Wine Spirits Beer & More,,,No Food Preparation,No Food Preparation,food,False,False,op_permit_food,Closed,,2019-07-19,190 E STACY RD B2600 Unit: 2610 ALLEN TX 75002,False,127348,1,1,FE000874-06-2018,FE000874-06-2018,Annual Renewal Completed,2027-07-16,https://cityofallentx-energovweb.tylerhost.net/apps/selfservice#/operationalPermit/3146A245-A36B-4A55-AEC1-BE9D3934B4EE,0,0,,,0,0,0,,,0,0,,,0,0,0,,,0
8f0535cf-d2a5-40b3-b8d2-34b6e675a792,8f0535cf-d2a5-40b3-b8d2-34b6e675a792,1,Total Wine Spirits Beer & More,,,No Food Preparation,No Food Preparation,food,False,False,op_permit_food,Open,,,190 E STACY RD Unit: 2610 ALLEN TX 75002,False,127348,10,10,FE000073-05-2017,FE006860-04-2026,Annual Renewal Completed,2027-05-15,https://cityofallentx-energovweb.tylerhost.net/apps/selfservice#/operationalPermit/E43B99F1-4BEF-4EA4-9CD0-87D8EFD4FA66,13,12,2018-02-26,2025-03-06,0,0,2,98,2025-03-06,13,12,2018-02-26,2025-03-06,0,0,2,98,2025-03-06,0
1ab6c90e-d9e1-4732-bba4-a68c9120ef47,1ab6c90e-d9e1-4732-bba4-a68c9120ef47,1,Totally Nutz -Allen USA,,,Temporary Food Establishment - Food Establishment,Temporary Food Establishment - Food Establishment,food,True,False,license_food,Closed,,2023-07-21,701 ANGEL PKWY  ALLEN TX 75002,False,121106,1,0,FE000896-06-2018,FE000896-06-2018,Expired,2018-06-30,https://cityofallentx-energovweb.tylerhost.net/apps/selfservice#/businessLicense/cbb326db-b292-464a-87e4-e9946b452fb8,1,1,2018-06-30,2018-06-30,0,0,0,,,1,1,2018-06-30,2018-06-30,0,0,0,,,0
e86d98dc-8cab-422e-8f28-bbd274a475aa,e86d98dc-8cab-422e-8f28-bbd274a475aa,1,Totally Tea,,,Special Event - Food Establishment,Special Event - Food Establishment,special event,True,False,license_special_event_food,Closed,2024-06-02,2025-02-20,Irving TX 75038,True,,1,0,FESP005348-05-2024,FESP005348-05-2024,Expired,2024-06-02,https://cityofallentx-energovweb.tylerhost.net/apps/selfservice#/businessLicense/30b57315-475c-4bdc-9e3f-af88ddc41fd5,0,0,,,0,0,0,,,0,0,,,0,0,0,,,0
3612f615-70d7-474a-8e4f-72fa304300c7,3612f615-70d7-474a-8e4f-72fa304300c7,1,Trailercakes@Marion PTA,,,Temporary Food Establishment - Food Establishment,Temporary Food Establishment - Food Establishment,food,True,False,license_food,Closed,2019-03-07,2025-05-19,1595 STABLERUN DR  ALLEN TX 75002,False,121009,1,0,FE001380-03-2019,FE001380-03-2019,Expired,2019-03-07,https://cityofallentx-energovweb.tylerhost.net/apps/selfservice#/businessLicense/eb2c4976-3f7a-4030-9b4e-c914d1e6dc9d,1,1,2019-03-07,2019-03-07,0,0,0,,,1,1,2019-03-07,2019-03-07,0,0,0,,,0
73a5d4db-fd9b-4e8e-be22-1d8125972cf2,73a5d4db-fd9b-4e8e-be22-1d8125972cf2,1,Training Food Establishment,,,Heavy Food Preparation,Heavy Food Preparation,food,False,True,op_permit_food,Open,,,305 CENTURY PKWY ALLEN TX 75013,False,119249,1,1,FE-006876-04-2026,FE-006876-04-2026,Expired,2026-04-29,https://cityofallentx-energovweb.tylerhost.net/apps/selfservice#/operationalPermit/24b90baf-1367-4c24-89b4-724ffe262f8a,0,0,,,0,0,0,,,0,0,,,0,0,0,,,12
dc98bb97-5058-443e-ad09-edb9342a8db6,dc98bb97-5058-443e-ad09-edb9342a8db6,1,"TransforME Foods, Inc",,,Heavy - Food Establishment,Heavy - Food Establishment | Heavy Food Preparation,food,False,False,license_food | op_permit_food,Closed,2018-01-09,2022-11-09,2035 W MCDERMOTT DR  Unit: 415 ALLEN TX 75013,False,113434,6,5,FE000190-06-2017,FE003869-06-2022,Expired,2023-07-03,https://cityofallentx-energovweb.tylerhost.net/apps/selfservice#/businessLicense/c3994b58-f027-4cf4-8074-3725809c0d1f,8,8,2018-01-09,2022-09-13,0,0,0,,,8,8,2018-01-09,2022-09-13,0,0,0,,,0
bab552de-b2d0-4948-9ee3-9b954537e326,bab552de-b2d0-4948-9ee3-9b954537e326,1,Travelin Tom's Coffee / 2 Bit Coffee LLC,,,Catering Truck - Food Establishment,Catering Truck - Food Establishment,food,True,False,license_food,Closed,,2026-03-03,Greenville TX 75402,True,,1,0,FE006132-05-2025,FE006132-05-2025,Closed,,https://cityofallentx-energovweb.tylerhost.net/apps/selfservice#/businessLicense/e8450bba-095f-4041-8b80-53c55f60fc00,0,0,,,0,0,0,,,0,0,,,0,0,0,,,0
83bda4d5-399d-45dc-9570-2dbccdefd21d,83bda4d5-399d-45dc-9570-2dbccdefd21d,1,Travelin Tom's Coffee Truck ms22,,,Mobile Food Establishment,Mobile Food Establishment,food,True,False,op_permit_food,Closed,,2026-06-02,Greenville TX 75402,True,,1,1,FE006131-05-2025,FE006131-05-2025,Closed,,https://cityofallentx-energovweb.tylerhost.net/apps/selfservice#/operationalPermit/BE0CE986-FCC0-4898-B21B-E584BF3AB1D6,0,0,,,0,0,0,,,0,0,,,0,0,0,,,0
1e1a5f90-33b4-4fb9-a44a-b5f688621b68,1e1a5f90-33b4-4fb9-a44a-b5f688621b68,1,Travelin Tom's Coffee Truck ms23,,,Mobile Food Prep Unit - Food Establishment,Mobile Food Establishment | Mobile Food Prep Unit - Food Establishment,food,True,False,license_food | op_permit_food,Closed,2024-02-27,2026-01-07,Greenville TX 75402,True,,2,1,FE005197-02-2024,FE005949-02-2025,Closed,,https://cityofallentx-energovweb.tylerhost.net/apps/selfservice#/businessLicense/a56cbedb-f25d-41c0-9171-fbd86d752487,2,2,2024-02-27,2025-02-10,0,0,0,,,2,2,2024-02-27,2025-02-10,0,0,0,,,0
3da04894-3d39-49e7-8168-f867d3eeb109,3da04894-3d39-49e7-8168-f867d3eeb109,1,Treat Fleat LLC/Cookie Society #4173,,,Mobile Construction Site Food Vehicle:,Mobile Construction Site Food Vehicle:,food,True,False,op_permit_food,Closed,,2026-09-22,McKinney TX 75070,True,,1,1,FE006466-10-2025,FE006466-10-2025,Active,2026-10-14,https://cityofallentx-energovweb.tylerhost.net/apps/selfservice#/operationalPermit/667C44F3-70C3-45E6-A460-EE0DDE3FECF3,2,1,2025-10-14,2025-10-14,0,0,0,,,2,1,2025-10-14,2025-10-14,0,0,0,,,0
e701b94e-cb5f-4713-9bd1-10d6edfa304c,e701b94e-cb5f-4713-9bd1-10d6edfa304c,1,Tri-Tip Grill (KSB-1133),,,Mobile Food Prep Unit - Food Establishment,Mobile Food Prep Unit - Food Establishment,food,True,False,license_food,Closed,2019-01-24,2020-08-31,,False,,1,0,FE001248-01-2019,FE001248-01-2019,Expired,2020-01-24,https://cityofallentx-energovweb.tylerhost.net/apps/selfservice#/businessLicense/6b102b6f-8c17-4343-8982-f1a2ebcc2d92,1,1,2019-01-24,2019-01-24,0,0,0,,,1,1,2019-01-24,2019-01-24,0,0,0,,,0
722d3331-4253-4153-a18d-9c5f64780f2b,722d3331-4253-4153-a18d-9c5f64780f2b,1,TriVision Holdings LLC,Badbawarchi Indian Cuisine,,Special Event - Food Establishment,Special Event - Food Establishment,special event,True,False,license_special_event_food,Closed,2024-09-27,2025-09-16,200 E STACY RD B1300 Unit: 1350 ALLEN TX 75002,False,127345,1,0,FESP005616-09-2024,FESP005616-09-2024,Expired,2024-09-27,https://cityofallentx-energovweb.tylerhost.net/apps/selfservice#/businessLicense/beb34fd9-5c71-49c6-a354-201f0d8e418e,0,0,,,0,0,0,,,0,0,,,0,0,0,,,0
fec814c1-946f-4f54-9386-df74d69257ba,fec814c1-946f-4f54-9386-df74d69257ba,1,Trompitoz Taqueria,,,Heavy Food Preparation,Heavy Food Preparation,food,False,False,op_permit_food,Open,,,1214 E Main St Allen TX 75002,False,,2,2,FE005782-12-2024,FE006601-01-2026,Annual Renewal Completed,2026-12-30,https://cityofallentx-energovweb.tylerhost.net/apps/selfservice#/operationalPermit/A830B13A-E144-437B-BFAC-5D58EB30E57F,3,3,2025-07-23,2025-12-02,1,0,2,81,2025-12-02,3,3,2025-07-23,2025-12-02,1,0,2,81,2025-12-02,0
3656c434-ca62-4ebe-b65a-17fffe6ea3d1,3656c434-ca62-4ebe-b65a-17fffe6ea3d1,1,Tropical Smoothie Cafe,,,Light - Food Establishment,Light - Food Establishment | Light Food Preparation,food,False,False,license_food | op_permit_food,Closed,,2023-07-18,880 W EXCHANGE PKWY 1 Unit: 1160 ALLEN TX 75013,False,121778,4,3,FE002919-03-2021,FE005422-06-2024,Expired,2025-04-02,https://cityofallentx-energovweb.tylerhost.net/apps/selfservice#/businessLicense/2808e7d3-22e3-45d1-9f72-d65c7265808c,4,4,2021-12-29,2023-04-11,0,0,0,,,4,4,2021-12-29,2023-04-11,0,0,0,,,0
85ba06a1-5fef-4bbb-be10-d564b49688c3,85ba06a1-5fef-4bbb-be10-d564b49688c3,1,Tropical Smoothie Cafe,,,Light - Food Establishment,Light - Food Establishment | Light Food Preparation,food,False,False,license_food | op_permit_food,Closed,,2025-12-30,880 W Exchange Parkway Unit: 1160 Allen TX 75013,False,,2,1,FE005751-12-2024,FE006149-06-2025,Closed,,https://cityofallentx-energovweb.tylerhost.net/apps/selfservice#/businessLicense/f84b8c94-8595-4320-b22e-7f18cf701806,7,7,2024-01-04,2025-12-10,2,0,5,91,2025-11-12,7,7,2024-01-04,2025-12-10,2,0,5,91,2025-11-12,0
e5a6755e-c580-4d35-bfab-098892578f92,e5a6755e-c580-4d35-bfab-098892578f92,1,Tropical Smoothie Cafe,,,Light Food Preparation,Light Food Preparation,food,False,False,op_permit_food,Open,,,880 W Exchange Pkwy Unit: Ste# 1160 Allen TX 75013,False,,1,1,FE006572-01-2026,FE006572-01-2026,Active,2027-01-09,https://cityofallentx-energovweb.tylerhost.net/apps/selfservice#/operationalPermit/23E8F172-088B-4B71-A03E-44C67B85868A,2,2,2026-03-12,2026-09-30,0,0,1,97,2026-03-12,2,2,2026-03-12,2026-09-30,0,0,1,97,2026-03-12,0
863a685a-3555-411e-a301-2ce8a6c36d7e,863a685a-3555-411e-a301-2ce8a6c36d7e,1,Tru by Hilton,,,Light Food Preparation,Light Food Preparation,food,False,False,op_permit_food,Open,,,1553 CENTRAL EXPY ALLEN TX 75013,False,,7,7,FE002412-07-2020,FE-007089-08-2026,Application Rejected,2999-01-01,https://cityofallentx-energovweb.tylerhost.net/apps/selfservice#/operationalPermit/03948b95-0332-4da8-b13a-2ab5b29d97a8,15,15,2020-11-09,2026-11-06,3,0,5,94,2025-09-08,15,15,2020-11-09,2026-11-06,3,0,5,94,2025-09-08,0
990ac7c1-b00d-42c8-bc20-5a3ff9393b33,990ac7c1-b00d-42c8-bc20-5a3ff9393b33,1,Tutta's Pizza @ Spirit Park,,,Mobile Food Prep Unit - Food Establishment,Mobile Food Establishment | Mobile Food Prep Unit - Food Establishment,food,True,False,license_food | op_permit_food,Closed,2019-03-20,2021-09-13,1151 RIDGEVIEW DR ALLEN TX 75013,False,121007,2,1,FE001419-03-2019,FE002337-06-2020,Expired,2021-03-22,https://cityofallentx-energovweb.tylerhost.net/apps/selfservice#/businessLicense/d7a01534-d1a9-46fc-87a6-74f11a57ae8b,3,3,2019-03-20,2020-06-17,0,1,0,,,3,3,2019-03-20,2020-06-17,0,1,0,,,0
b6e7275e-d0ba-4081-9f4a-ed956adb4906,b6e7275e-d0ba-4081-9f4a-ed956adb4906,1,Tutta's Pizza/Holly Jolly,,,Special Event - Food Establishment,Special Event - Food Establishment,special event,True,False,license_special_event_food,Closed,,2021-05-28,300 N ALLEN DR ALLEN TX 75013,False,122494,1,0,FESP001916-12-2019,FESP001916-12-2019,Expired,2019-12-06,https://cityofallentx-energovweb.tylerhost.net/apps/selfservice#/businessLicense/ce1c1d7c-6d1b-480c-9ae6-81417ff646b3,1,1,2019-12-06,2019-12-06,0,0,0,,,1,1,2019-12-06,2019-12-06,0,0,0,,,0
15282713-aa83-44b6-9eee-c31d0a0ec375,15282713-aa83-44b6-9eee-c31d0a0ec375,1,Tutto Gustoso,,,Heavy Food Preparation,Heavy Food Preparation,food,False,False,op_permit_food,Open,,,842 Watters Creek BLVD Allen TX 75013,False,,1,1,FE006440-10-2025,FE006440-10-2025,Annual Renewal Completed,2027-10-06,https://cityofallentx-energovweb.tylerhost.net/apps/selfservice#/operationalPermit/16733115-5641-499f-865b-1b3f8498a9ea,2,2,2026-08-18,2026-11-17,0,0,0,,,2,2,2026-08-18,2026-11-17,0,0,0,,,0
252423f9-d369-4a01-8617-5d014a7854a0,252423f9-d369-4a01-8617-5d014a7854a0,1,Twin Creeks KinderCare,,,Day Care Facility,Day Care Facility,day care,False,False,op_permit_daycare,Closed,2017-09-14,2019-07-17,210 N ALMA DR  ALLEN TX 75013,False,113837,1,1,DC000228-08-2017,DC000228-08-2017,Annual Renewal Completed,2018-08-02,https://cityofallentx-energovweb.tylerhost.net/apps/selfservice#/operationalPermit/A59AEEBF-504C-4676-A233-E8973F2C8A98,4,4,2017-09-14,2019-01-16,1,0,0,,,4,4,2017-09-14,2019-01-16,1,0,0,,,0
0a87adc3-4874-4d85-9dd3-1e4b084fe585,0a87adc3-4874-4d85-9dd3-1e4b084fe585,1,Twin Oaks Private School,,,Day Care Facility,Day Care Facility,day care,False,False,op_permit_daycare,Open,2017-08-11,,1001 E MAIN ST ALLEN TX 75002,False,112988,9,9,DC001052-09-2018,DC007149-09-2026,Annual Renewal Completed,2027-08-14,https://cityofallentx-energovweb.tylerhost.net/apps/selfservice#/operationalPermit/c0e5c58f-61cb-472d-aaaf-1105283c1b3d,20,19,2017-08-11,2026-11-16,5,0,1,86,2023-10-23,20,19,2017-08-11,2026-11-16,5,0,1,86,2023-10-23,0
ee3ae6b5-afd4-448a-8654-25e6e20d2ea4,ee3ae6b5-afd4-448a-8654-25e6e20d2ea4,1,Twin Oaks Private School,,,Light - Food Establishment,Light - Food Establishment,food,False,False,license_food,Closed,2017-11-21,2019-02-15,,False,,1,0,FE000044-04-2017,FE000044-04-2017,Expired,2018-04-14,https://cityofallentx-energovweb.tylerhost.net/apps/selfservice#/businessLicense/8ea3798c-9085-4eda-88e4-6d9deeff4802,1,1,2017-11-21,2017-11-21,0,0,0,,,1,1,2017-11-21,2017-11-21,0,0,0,,,0
03ed7c68-8500-4117-aa64-c1361e5394c3,03ed7c68-8500-4117-aa64-c1361e5394c3,2,Two Rows Classic Grill,,,Heavy Food Preparation,Heavy Food Preparation,food,False,False,op_permit_food,Closed,2017-05-19,2026-06-02,711 S CENTRAL EXPY  ALLEN TX 75013,False,,10,10,FE000185-06-2017,FE-006908-06-2026,Application Rejected,2027-06-02,https://cityofallentx-energovweb.tylerhost.net/apps/selfservice#/operationalPermit/80ed78ab-d658-49e8-bf35-c0e92f48d7be,16,15,2018-05-25,2026-08-14,0,1,0,,,16,15,2018-05-25,2026-08-14,0,1,0,,,0
d74050c0-1eec-4594-93b4-43a2a10a6077,03ed7c68-8500-4117-aa64-c1361e5394c3,2,Two Rows Classic Grill,,,Heavy Food Preparation,Heavy Food Preparation,food,False,False,op_permit_food,Open,,,711 CENTRAL EXPY ALLEN TX 75013,False,119432,1,1,FE-006878-05-2026,FE-006878-05-2026,Active,2027-06-03,https://cityofallentx-energovweb.tylerhost.net/apps/selfservice#/operationalPermit/c78e83ab-d195-4588-9685-6fc65632885d,0,0,,,0,0,0,,,16,15,2018-05-25,2026-08-14,0,1,0,,,0
5d7812d2-1820-4da2-bddc-be57cc314c57,5d7812d2-1820-4da2-bddc-be57cc314c57,1,Two Rows Truck (VL#FSM-0341),,,Special Event - Food Establishment,Catering Truck - Food Establishment | Mobile Construction Site Food Vehicle: | Mobile Food Establishment | Special Event - Food Establishment,food,True,False,license_food | license_special_event_food | op_permit_food,Closed,2017-06-30,2026-06-02,711 S CENTRAL EXPY  ALLEN TX 75013,False,,10,8,FE000186-06-2017,FESP006909-06-2026,Closed,,https://cityofallentx-energovweb.tylerhost.net/apps/selfservice#/businessLicense/f8289506-bebe-4eb3-aab8-c12dc105de99,7,7,2019-06-28,2025-07-10,0,0,0,,,7,7,2019-06-28,2025-07-10,0,0,0,,,0
282ceec9-02d4-421b-84e3-2bdae51c8d2c,282ceec9-02d4-421b-84e3-2bdae51c8d2c,1,Umbrella's Shaved Ice,,,Light - Food Establishment,Light - Food Establishment,food,False,False,license_food,Closed,,2019-02-08,820 W STACY RD ALLEN TX 75013,False,120610,1,0,FE000060-05-2017,FE000060-05-2017,Expired,2018-05-03,https://cityofallentx-energovweb.tylerhost.net/apps/selfservice#/businessLicense/17b19376-2aa9-47b9-ab5e-e931e44b1c35,0,0,,,0,0,0,,,0,0,,,0,0,0,,,0
b7da9bf3-5cb7-429f-8b49-49c329179c95,b7da9bf3-5cb7-429f-8b49-49c329179c95,1,Uncle Bob's Sauces,,,Special Event - Food Establishment,Special Event - Food Establishment,special event,True,False,license_special_event_food,Closed,,2022-11-14,Montgomery TX 77356,True,,1,0,FESP004143-11-2022,FESP004143-11-2022,Expired,2022-11-13,https://cityofallentx-energovweb.tylerhost.net/apps/selfservice#/businessLicense/aa4c0dda-25d9-4034-b568-aa99b65c1e13,0,0,,,0,0,0,,,0,0,,,0,0,0,,,0
4467aece-6e77-4028-8d47-8aa8df16eace,4467aece-6e77-4028-8d47-8aa8df16eace,1,Uncle Julio's,,,Heavy Food Preparation,Heavy Food Preparation,food,False,False,op_permit_food,Open,,,190 E Stacy RD allen TX 75002,False,,1,1,FE-007132-08-2026,FE-007132-08-2026,Active,2027-09-11,https://cityofallentx-energovweb.tylerhost.net/apps/selfservice#/operationalPermit/ffa1fb66-d17c-423d-9cd4-548ab08ffccd,0,0,,,0,0,0,,,0,0,,,0,0,0,,,0
65ec0d89-28d1-4e8c-b50c-e1c9d5348562,65ec0d89-28d1-4e8c-b50c-e1c9d5348562,1,Uncle Julios,,,Heavy Food Preparation,Heavy Food Preparation,food,False,False,op_permit_food,Open,2018-04-25,,190 E Stacy RD Bldg 3400 Allen TX 75002,False,127349,9,9,FE000087-05-2017,FE006063-04-2025,Expired,2026-03-16,https://cityofallentx-energovweb.tylerhost.net/apps/selfservice#/operationalPermit/331581F1-A3AF-47AC-BE6E-5FAE63734B4B,18,17,2017-11-14,2025-09-08,4,0,4,82,2025-08-14,18,17,2017-11-14,2025-09-08,4,0,4,82,2025-08-14,0
311ac8f1-96ed-44a7-9fa8-349bf7e97318,311ac8f1-96ed-44a7-9fa8-349bf7e97318,1,United Caterers - MTG9985,,,Mobile Construction Site Food Vehicle:,Mobile Construction Site Food Vehicle:,food,True,False,op_permit_food,Closed,,2026-07-22,Grand Prairie TX 75051,True,,1,1,FE006246-07-2025,FE006246-07-2025,Closed,,https://cityofallentx-energovweb.tylerhost.net/apps/selfservice#/operationalPermit/B90F1CE6-4105-48B4-8111-46AAB02644C9,3,2,2025-07-10,2025-07-14,1,0,0,,,3,2,2025-07-10,2025-07-14,1,0,0,,,0
de3b14d4-c868-4331-89a9-5c5c3020cf1b,de3b14d4-c868-4331-89a9-5c5c3020cf1b,1,Vaqueros Texas Bar-B-Q,,,Heavy Food Preparation,Heavy Food Preparation,food,False,False,op_permit_food,Open,,,965 Garden Park Drive Allen TX 75013,False,,2,2,FE005866-01-2025,FE006559-12-2025,Annual Renewal Completed,2027-01-30,https://cityofallentx-energovweb.tylerhost.net/apps/selfservice#/operationalPermit/A81C5861-46EC-41F9-995C-AC7675814BE3,2,2,2025-06-16,2026-09-27,0,0,0,,,2,2,2025-06-16,2026-09-27,0,0,0,,,0
35e47d58-0f35-4c23-bc80-8afac890a390,35e47d58-0f35-4c23-bc80-8afac890a390,1,Vaughan Elementary - Allen ISD,,,Heavy Food Preparation,Heavy Food Preparation,food,False,False,op_permit_food,Open,2017-09-25,,820 COTTONWOOD DR ALLEN TX 75002,False,107222,9,9,FE000324-09-2017,FE-006986-07-2026,Active,,https://cityofallentx-energovweb.tylerhost.net/apps/selfservice#/operationalPermit/7ac4ebec-b333-4556-a946-1296df356a52,18,18,2017-09-25,2025-10-29,0,0,0,,,18,18,2017-09-25,2025-10-29,0,0,0,,,0
159a0443-1a8e-43b6-bea7-c259e9882097,159a0443-1a8e-43b6-bea7-c259e9882097,2,Vee Hookah Lounge,,,Heavy - Food Establishment,Heavy - Food Establishment | Heavy Food Preparation,food,False,False,license_food | op_permit_food,Closed,2017-04-18,2023-07-24,717 S GREENVILLE AVE Unit: 110 ALLEN TX 75002,False,105147,7,5,FE000201-07-2017,FE004602-06-2023,Expired,2024-06-10,https://cityofallentx-energovweb.tylerhost.net/apps/selfservice#/businessLicense/72685df4-53d1-45c0-8914-b5040fa03437,11,11,2017-10-27,2022-10-04,3,0,0,,,12,12,2017-10-27,2023-08-07,3,0,0,,,0
b198eb16-3c4d-4f16-8a8b-657cb0c0eacd,159a0443-1a8e-43b6-bea7-c259e9882097,2,Vee Hookah Lounge,,,Heavy - Food Establishment,Heavy - Food Establishment,food,False,False,license_food,Closed,,2024-08-21,717 S GREENVILLE AVE Unit: 110 ALLEN TX 75002,False,,1,0,FE004729-07-2023,FE004729-07-2023,Expired,2024-06-10,https://cityofallentx-energovweb.tylerhost.net/apps/selfservice#/businessLicense/2a5b6ac6-fcc7-4c3f-b12a-57826fd0189e,1,1,2023-08-07,2023-08-07,0,0,0,,,12,12,2017-10-27,2023-08-07,3,0,0,,,0
a82e0adc-d298-4642-8ad9-466bf4913cac,a82e0adc-d298-4642-8ad9-466bf4913cac,1,Velvet Taco,,,Heavy Food Preparation,Heavy Food Preparation,food,False,False,op_permit_food,Open,,,190 E STACY RD B2500 Unit: 2500 ALLEN TX 75002,False,127335,3,3,FE004621-06-2023,FE-006912-06-2026,Annual Renewal Completed,2027-06-20,https://cityofallentx-energovweb.tylerhost.net/apps/selfservice#/operationalPermit/22e37623-9793-4292-9987-a419eff58209,6,6,2023-08-24,2025-08-15,1,0,4,86,2025-08-15,6,6,2023-08-24,2025-08-15,1,0,4,86,2025-08-15,0
08d31eeb-6bb0-4d36-b224-510a54306445,08d31eeb-6bb0-4d36-b224-510a54306445,2,Victoria Gardens of Allen,,,Heavy - Food Establishment,Heavy - Food Establishment | Heavy Food Preparation,food,False,False,license_food | op_permit_food,Closed,2017-07-03,2024-09-30,310 S JUPITER RD ALLEN TX 75002,False,117393,7,6,FE000025-04-2017,FE004445-03-2023,Expired,2024-04-17,https://cityofallentx-energovweb.tylerhost.net/apps/selfservice#/businessLicense/2e108cef-3e9f-4a1f-bba5-8c055b649a60,14,14,2018-07-02,2024-04-11,1,0,0,,,19,18,2018-07-02,2026-09-27,1,0,0,,,0
1ab35377-0019-44ec-b9b1-d898ea7982a0,08d31eeb-6bb0-4d36-b224-510a54306445,2,Victoria Gardens of Allen,,,Heavy Food Preparation,Heavy Food Preparation,food,False,False,op_permit_food,Open,2024-10-21,,310 S Jupiter Rd Allen TX 75002,False,,2,2,FE005671-10-2024,FE006679-02-2026,Annual Renewal Completed,2026-10-21,https://cityofallentx-energovweb.tylerhost.net/apps/selfservice#/operationalPermit/A8CE5D28-6E45-421A-8D5F-499BC9CF172E,5,4,2024-11-05,2026-09-27,0,0,0,,,19,18,2018-07-02,2026-09-27,1,0,0,,,0
eecf31d4-59ed-43de-acfe-8e866aba989b,eecf31d4-59ed-43de-acfe-8e866aba989b,1,Village Burger Bar,,,Heavy Food Preparation,Heavy Food Preparation,food,False,False,op_permit_food,Open,2017-11-01,,957 GARDEN PARK DR T ALLEN TX 75013,False,129666,9,9,FE000265-08-2017,FE006316-08-2025,Pending Payment,2999-01-01,https://cityofallentx-energovweb.tylerhost.net/apps/selfservice#/operationalPermit/d2fd0961-bf3e-497a-9018-9fb8f3f6d98f,26,26,2017-11-01,2026-05-05,6,0,0,,,26,26,2017-11-01,2026-05-05,6,0,0,,,0
08f09967-b6f6-4536-af67-85c16b92c903,08f09967-b6f6-4536-af67-85c16b92c903,1,Village Coffee,,,Light - Food Establishment,Light - Food Establishment | Light Food Preparation,food,False,False,license_food | op_permit_food,Closed,,2020-01-24,190 E STACY RD B400 Unit: 408 ALLEN TX 75002,False,127348,2,1,FE000260-08-2017,FE001239-01-2019,Expired,2019-08-19,https://cityofallentx-energovweb.tylerhost.net/apps/selfservice#/businessLicense/96ca0da9-11d3-4aff-b378-82ab03b07560,3,3,2018-05-29,2026-08-07,0,0,0,,,3,3,2018-05-29,2026-08-07,0,0,0,,,0
7dd71c91-5229-45d0-9527-297095bd200a,7dd71c91-5229-45d0-9527-297095bd200a,1,Vinni's Pizza & Pasta,,,Heavy - Food Establishment,Heavy - Food Establishment | Heavy Food Preparation,food,False,False,license_food | op_permit_food,Closed,,2022-01-19,950 W STACY RD Unit: 160 ALLEN TX 75013,False,100076,2,1,FE002041-01-2020,FE003069-06-2021,Expired,2022-01-18,https://cityofallentx-energovweb.tylerhost.net/apps/selfservice#/businessLicense/3f306240-6f69-4ee2-bc6c-db83d79c6ab5,2,2,2020-12-15,2021-06-14,0,0,0,,,2,2,2020-12-15,2021-06-14,0,0,0,,,0
676af955-65b2-46ba-8679-3f2fbe734752,676af955-65b2-46ba-8679-3f2fbe734752,1,Vinum 55 TX,,,No Prep - Food Establishment,No Food Preparation | No Prep - Food Establishment,food,False,False,license_food | op_permit_food,Closed,,2024-11-18,Paradise Valley AZ 85253,True,,3,2,FE003614-02-2022,FE005127-02-2024,Expired,2025-02-19,https://cityofallentx-energovweb.tylerhost.net/apps/selfservice#/businessLicense/fc42fe22-a540-49b1-bce9-cc06cf354029,1,1,2024-01-02,2024-01-02,0,0,0,,,1,1,2024-01-02,2024-01-02,0,0,0,,,0
2a426d48-90be-493f-a011-a7c024c96aac,2a426d48-90be-493f-a011-a7c024c96aac,1,"Viola's Place Catering & Events, LLC.",,,Special Event - Food Establishment,Special Event - Food Establishment,special event,True,False,license_special_event_food,Closed,2020-11-14,2020-11-14,201 E MCDERMOTT DR ALLEN TX 75002,False,117710,1,0,FESP002588-11-2020,FESP002588-11-2020,Expired,2021-11-15,https://cityofallentx-energovweb.tylerhost.net/apps/selfservice#/businessLicense/64d673b6-85ab-40d7-bf03-2500b0e41c02,1,1,2020-11-14,2020-11-14,0,0,0,,,1,1,2020-11-14,2020-11-14,0,0,0,,,0
bd381eb6-2d00-4ec0-9aec-18f1fcf289f7,522b2e71-b2f1-42a0-939e-8297bf04a5d6,2,Vishnuji Ki Rasoi,,,Heavy - Food Establishment,Heavy - Food Establishment | Heavy Food Preparation,food,False,False,license_food | op_permit_food,Closed,,2024-08-26,2023 W MCDERMOTT DR Unit: 180 ALLEN TX 75013,False,,6,5,FE002640-12-2020,FE006561-01-2026,Closed,,https://cityofallentx-energovweb.tylerhost.net/apps/selfservice#/businessLicense/aa8bef75-5137-41e0-9089-b5dacfbf05cc,12,11,2021-05-18,2025-08-05,3,2,0,,,13,12,2021-05-18,2025-08-05,3,2,0,,,0
522b2e71-b2f1-42a0-939e-8297bf04a5d6,522b2e71-b2f1-42a0-939e-8297bf04a5d6,2,"Vishnuji Ki Rasoi, LLC",,,Temporary Food Establishments,Temporary Food Establishments,food,True,False,op_permit_food,Closed,,2022-03-23,2023 W McDermott DR Unit: 180 Allen TX 75013,False,,1,1,FESP003678-03-2022,FESP003678-03-2022,Annual Renewal Completed,2022-03-19,https://cityofallentx-energovweb.tylerhost.net/apps/selfservice#/operationalPermit/FFFDB821-A564-4BD6-B9A7-88AEED60043A,1,1,2022-03-19,2022-03-19,0,0,0,,,13,12,2021-05-18,2025-08-05,3,2,0,,,0
5edef9cc-dde8-4024-a0cf-8698e4f27387,5edef9cc-dde8-4024-a0cf-8698e4f27387,1,Vitality Court-Texas Star,,,Heavy Food Preparation,Heavy Food Preparation,food,False,False,op_permit_food,Open,2017-04-28,,650 S GREENVILLE AVE ALLEN TX 75002,False,128347,10,10,FE000039-04-2017,FE006831-03-2026,Annual Renewal Completed,2027-04-29,https://cityofallentx-energovweb.tylerhost.net/apps/selfservice#/operationalPermit/71E3D422-1D6A-4505-BFEA-E76B945F74DB,21,20,2018-04-23,2025-09-17,2,0,7,84,2025-09-17,21,20,2018-04-23,2025-09-17,2,0,7,84,2025-09-17,0
26a54de6-2629-4fb6-a780-f17e6cb04a70,26a54de6-2629-4fb6-a780-f17e6cb04a70,1,WATTERS MONTESSORI ACADEMY,,,Day Care Facility,Day Care Facility,day care,False,False,op_permit_daycare,Closed,2017-09-11,2022-01-20,1292  BOSSY BOOTS DR  ALLEN TX 75013,False,127258,3,3,DC000475-01-2018,DC001982-01-2020,Annual Renewal Completed,2021-01-10,https://cityofallentx-energovweb.tylerhost.net/apps/selfservice#/operationalPermit/F47282F3-ACE4-485F-AD97-8EE861AB7BD9,7,7,2017-09-11,2021-02-25,0,0,0,,,7,7,2017-09-11,2021-02-25,0,0,0,,,0
5bae22ec-715f-435b-9c17-2b4b37a31acd,5bae22ec-715f-435b-9c17-2b4b37a31acd,1,"Waffle O'licious DFW, LLC",,,Mobile Food Prep Unit - Food Establishment,Mobile Food Establishment | Mobile Food Prep Unit - Food Establishment,food,True,False,license_food | op_permit_food,Closed,2021-07-15,2022-08-15,,False,,4,3,FE001172-12-2018,FE004020-08-2022,Expired,2023-08-23,https://cityofallentx-energovweb.tylerhost.net/apps/selfservice#/businessLicense/543f628c-6eca-4815-96f5-4cffff241f3c,5,5,2018-12-17,2023-08-15,0,1,0,,,5,5,2018-12-17,2023-08-15,0,1,0,,,0
b4ebc583-a8e6-462b-bd06-da18363869ee,b4ebc583-a8e6-462b-bd06-da18363869ee,1,Walgreen Co,Walgreens #6829,,No Food Preparation,No Food Preparation,food,False,False,op_permit_food,Canceled - Duplicate,,2026-08-17,1819 E BETHANY DR ALLEN TX 75002,False,122393,1,1,FE-006918-06-2026,FE-006918-06-2026,Application Rejected,2999-01-01,https://cityofallentx-energovweb.tylerhost.net/apps/selfservice#/operationalPermit/9334fb97-9c49-4a76-80c3-bd885f4de451,1,1,2026-06-26,2026-06-26,0,0,0,,,1,1,2026-06-26,2026-06-26,0,0,0,,,0
62bc34e2-8ace-4ed6-941b-66e1f29bde74,62bc34e2-8ace-4ed6-941b-66e1f29bde74,1,Walgreens # 04787,,,No Food Preparation,No Food Preparation,food,False,False,op_permit_food,Open,2017-09-08,,1226 W MCDERMOTT DR  ALLEN TX 75013,False,113838,9,9,FE000294-09-2017,FE-007146-09-2026,Annual Renewal Completed,2027-09-16,https://cityofallentx-energovweb.tylerhost.net/apps/selfservice#/operationalPermit/aa20e81e-693f-44a8-976c-b6d789836284,14,14,2019-01-03,2027-04-09,0,0,3,97,2026-04-17,14,14,2019-01-03,2027-04-09,0,0,3,97,2026-04-17,0
e07c90a2-0b89-451c-b4e7-816e4f2eedb3,e07c90a2-0b89-451c-b4e7-816e4f2eedb3,1,Walgreens # 04860,,,No Food Preparation,No Food Preparation,food,False,False,op_permit_food,Open,2017-08-03,,510 E MAIN ST ALLEN TX 75002,False,114985,9,9,FE000295-09-2017,FE-007145-09-2026,Annual Renewal Completed,2027-09-16,https://cityofallentx-energovweb.tylerhost.net/apps/selfservice#/operationalPermit/7299f4d9-7224-4ab8-958c-6fff815d0ed7,12,12,2018-08-07,2025-08-20,0,0,2,99,2025-08-20,12,12,2018-08-07,2025-08-20,0,0,2,99,2025-08-20,0
415a216a-738d-442e-9e54-8274e4358420,415a216a-738d-442e-9e54-8274e4358420,1,Walgreens # 06829,,,No Food Preparation,No Food Preparation,food,False,False,op_permit_food,Open,2017-07-11,,1819 E BETHANY DR ALLEN TX 75002,False,122393,9,9,FE000296-09-2017,FE-007141-09-2026,Annual Renewal Completed,2027-09-16,https://cityofallentx-energovweb.tylerhost.net/apps/selfservice#/operationalPermit/c3423528-14c5-4612-a91a-6b23d55cb51f,13,13,2018-07-09,2027-06-25,0,0,2,92,2025-07-02,13,13,2018-07-09,2027-06-25,0,0,2,92,2025-07-02,0
459202f0-b2b4-4e61-b884-2a299a997210,459202f0-b2b4-4e61-b884-2a299a997210,1,Walgreens #09121,,,No Food Preparation,No Food Preparation,food,False,False,op_permit_food,Open,,,500 E STACY RD ALLEN TX 75002,False,122792,9,9,FE000583-02-2018,FE006781-03-2026,Annual Renewal Completed,2027-03-05,https://cityofallentx-energovweb.tylerhost.net/apps/selfservice#/operationalPermit/407E4791-F03D-4BFA-9646-D109D6AAEE0B,11,11,2018-03-14,2025-08-20,0,0,2,100,2025-08-20,11,11,2018-03-14,2025-08-20,0,0,2,100,2025-08-20,0
88ce0ab8-a128-4908-89b9-4478763d2a86,88ce0ab8-a128-4908-89b9-4478763d2a86,1,Wall Street Winery,,,Temporary Food Establishment - Food Establishment,Temporary Food Establishment - Food Establishment,food,True,False,license_food,Closed,2023-05-13,2023-05-13,Sherman TX 75090,True,,1,0,FE004540-04-2023,FE004540-04-2023,Expired,2023-05-13,https://cityofallentx-energovweb.tylerhost.net/apps/selfservice#/businessLicense/6372a641-a5a2-4460-a610-0d4c70426093,0,0,,,0,0,0,,,0,0,,,0,0,0,,,0
ecdc8370-b86c-4ad6-a394-a5080803ab6a,8deac54a-2288-4764-830c-6adc07cda99b,2,Walmart #2918 (Bakery),,,Heavy - Food Establishment,Heavy - Food Establishment | Heavy Food Preparation,food,False,False,license_food | op_permit_food,Closed,,2019-10-30,730 W EXCHANGE PKWY ALLEN TX 75013,False,127845,4,3,FE001857-10-2019,FE004104-10-2022,Expired,2023-11-19,https://cityofallentx-energovweb.tylerhost.net/apps/selfservice#/businessLicense/07105cbd-1630-4304-84f3-0bc5764b7319,6,6,2020-01-08,2023-09-20,0,0,0,,,12,12,2020-01-08,2026-09-30,0,0,0,,,0
c0600925-14d6-41f7-843d-b8b2a013831a,472e44e8-116a-4939-af3d-00cbcea00df5,2,Walmart #2918 (Deli),,,Heavy - Food Establishment,Heavy - Food Establishment | Heavy Food Preparation,food,False,False,license_food | op_permit_food,Closed,,2025-03-17,730 W EXCHANGE PKWY ALLEN TX 75013,False,127845,4,3,FE001855-10-2019,FE004105-10-2022,Expired,2023-11-19,https://cityofallentx-energovweb.tylerhost.net/apps/selfservice#/businessLicense/ca34b073-81b0-453d-b315-cebd11eded0b,8,8,2020-01-08,2024-04-11,0,0,0,,,13,13,2020-01-08,2026-09-30,0,0,0,,,0
ad38e6f5-6e98-406a-a183-aa09e4845926,ad38e6f5-6e98-406a-a183-aa09e4845926,1,Walmart #2918 (Grocery),,,Grocery Store,Grocery Store,food,False,False,op_permit_food,Open,2017-08-28,2023-11-20,730 W EXCHANGE PKWY ALLEN TX 75013,False,127845,8,8,FE000418-11-2017,FE006456-10-2025,Annual Renewal Completed,2026-11-19,https://cityofallentx-energovweb.tylerhost.net/apps/selfservice#/operationalPermit/48EC8743-F3A4-4569-89CF-6B4C031FFF74,14,14,2020-01-08,2026-09-27,1,0,0,,,14,14,2020-01-08,2026-09-27,1,0,0,,,0
007a4a7e-6b3f-46fd-bdbd-11ccf7490bfb,007a4a7e-6b3f-46fd-bdbd-11ccf7490bfb,2,Walmart #2918 (Produce),,,Light - Food Establishment,Light - Food Establishment | Light Food Preparation,food,False,False,license_food | op_permit_food,Closed,,2025-03-17,730 W EXCHANGE PKWY ALLEN TX 75013,False,127845,4,3,FE001856-10-2019,FE004106-10-2022,Expired,2023-11-19,https://cityofallentx-energovweb.tylerhost.net/apps/selfservice#/businessLicense/ba108c1c-59c2-4e5c-85f4-b090aa4b318a,7,7,2020-01-08,2024-04-11,0,0,0,,,12,12,2020-01-08,2026-09-30,0,0,0,,,0
a4663a01-4f25-4e21-8967-537fad65bbcc,9d459621-93b7-413e-840f-6f0480997c0b,3,Walmart #3574 (Deli),,,Grocery - Food Establishment,Grocery - Food Establishment | Grocery Store,food,False,False,license_food | op_permit_food,Closed,,2025-01-07,1520 E EXCHANGE PKWY ALLEN TX 75002,False,120984,4,3,FE002159-02-2020,FE004287-01-2023,Expired,2024-01-31,https://cityofallentx-energovweb.tylerhost.net/apps/selfservice#/businessLicense/207d7b89-2056-4579-822d-bc4860bb282b,9,9,2020-07-27,2024-04-23,0,0,0,,,15,15,2020-07-27,2026-09-27,0,0,0,,,0
fc7a5f10-6490-431f-a469-6459c45808e2,fc7a5f10-6490-431f-a469-6459c45808e2,1,Walmart #3574 (Grocery),,,Grocery Store,Grocery Store,food,False,False,op_permit_food,Open,2017-09-25,,1520 E EXCHANGE PKWY ALLEN TX 75002,False,120984,9,9,FE000512-01-2018,FE006585-01-2026,Annual Renewal Completed,2027-01-31,https://cityofallentx-energovweb.tylerhost.net/apps/selfservice#/operationalPermit/3AAA5A4A-C106-4ABF-85BB-83DC249AC91D,23,23,2017-09-25,2026-09-27,0,1,0,,,23,23,2017-09-25,2026-09-27,0,1,0,,,0
8deac54a-2288-4764-830c-6adc07cda99b,8deac54a-2288-4764-830c-6adc07cda99b,2,Walmart# 2918 Bakery,,,Grocery Department,Grocery Department,food,False,False,op_permit_food,Open,,,730 W Exchange Pkwy Allen TX 75013,False,,3,3,FE004956-11-2023,FE006455-10-2025,Annual Renewal Completed,2026-11-15,https://cityofallentx-energovweb.tylerhost.net/apps/selfservice#/operationalPermit/3F906576-E01A-4BF8-BA11-5729E81FE041,6,6,2024-04-11,2026-09-30,0,0,0,,,12,12,2020-01-08,2026-09-30,0,0,0,,,0
472e44e8-116a-4939-af3d-00cbcea00df5,472e44e8-116a-4939-af3d-00cbcea00df5,2,Walmart# 2918 Deli,,,Grocery Department,Grocery Department,food,False,False,op_permit_food,Open,,,730 W Exchange Pkwy Allen TX 75013,False,,3,3,FE004955-11-2023,FE006453-10-2025,Annual Renewal Completed,2026-11-15,https://cityofallentx-energovweb.tylerhost.net/apps/selfservice#/operationalPermit/C84D5F2F-37D0-4D87-8870-4B919BB3CA35,5,5,2024-07-22,2026-09-30,0,0,0,,,13,13,2020-01-08,2026-09-30,0,0,0,,,0
b6c1195e-6050-4924-b04e-b04160960ead,007a4a7e-6b3f-46fd-bdbd-11ccf7490bfb,2,Walmart# 2918 Produce,,,Grocery Department,Grocery Department,food,False,False,op_permit_food,Open,,,730 W Exchange Pkwy Allen TX 75013,False,,3,3,FE004954-11-2023,FE006454-10-2025,Annual Renewal Completed,2026-11-15,https://cityofallentx-energovweb.tylerhost.net/apps/selfservice#/operationalPermit/470EB9C8-5C13-4475-9192-2E7237123913,5,5,2024-07-22,2026-09-30,0,0,0,,,12,12,2020-01-08,2026-09-30,0,0,0,,,0
faa11962-6c26-44b9-8864-dec08547740f,9d459621-93b7-413e-840f-6f0480997c0b,3,Walmart# 3574 (Deli),,,Food Establishment - BL - Grocery Store - Deli,Food Establishment - BL - Grocery Store - Deli,food,False,False,license_food,Closed,,2025-03-31,1520 E Exchange Pkwy Allen TX 75002,False,,1,0,FE004988-12-2023,FE004988-12-2023,Expired,2025-01-31,https://cityofallentx-energovweb.tylerhost.net/apps/selfservice#/businessLicense/b6a818e3-e70e-42d5-a2fd-5357413870bc,2,2,2024-07-09,2024-12-09,0,0,0,,,15,15,2020-07-27,2026-09-27,0,0,0,,,0
9d459621-93b7-413e-840f-6f0480997c0b,9d459621-93b7-413e-840f-6f0480997c0b,3,Walmart# 3574 DELI,,,Grocery Department,Grocery Department,food,False,False,op_permit_food,Open,,,1520 E Exchange Pkwy Allen TX 75002,False,,2,2,FE005843-01-2025,FE006586-01-2026,Annual Renewal Completed,2027-01-15,https://cityofallentx-energovweb.tylerhost.net/apps/selfservice#/operationalPermit/4E118BD4-1F50-41EA-9658-26DAA3F6498A,4,4,2025-03-31,2026-09-27,0,0,0,,,15,15,2020-07-27,2026-09-27,0,0,0,,,0
16e72e98-fd8c-4874-9698-4f268591f6b0,16e72e98-fd8c-4874-9698-4f268591f6b0,1,Watters Creek - Flavor After Flavor,,,Temporary Food Establishment - Food Establishment,Temporary Food Establishment - Food Establishment,food,True,False,license_food,Closed,2017-05-12,2019-02-08,970  GARDEN PARK DR F ALLEN TX 75013,False,,1,0,FE000058-05-2017,FE000058-05-2017,Expired,2017-05-14,https://cityofallentx-energovweb.tylerhost.net/apps/selfservice#/businessLicense/b87c110c-db1b-48fd-abeb-f155e702543a,0,0,,,0,0,0,,,0,0,,,0,0,0,,,0
d60b5c36-0298-4b3b-bbbd-b2da75b36749,d60b5c36-0298-4b3b-bbbd-b2da75b36749,1,Watters Donuts,,,Heavy Food Preparation,Heavy - Food Establishment | Heavy Food Preparation,food,False,False,license_food | op_permit_food,Open,2017-08-31,,913 W STACY RD  Unit: 140 ALLEN TX 75013,False,128059,10,9,FE000114-05-2017,FE006833-03-2026,Annual Renewal Completed,2027-04-09,https://cityofallentx-energovweb.tylerhost.net/apps/selfservice#/operationalPermit/2516EE24-DDDC-43E5-BD82-72AA57831D23,17,16,2018-08-31,2027-01-04,0,0,0,,,17,16,2018-08-31,2027-01-04,0,0,0,,,0
864b738d-c387-47ad-a30f-c50355453fe6,864b738d-c387-47ad-a30f-c50355453fe6,1,Wayback Burgers,,,Heavy Food Preparation,Heavy Food Preparation,food,False,False,op_permit_food,Open,,,380 E Bethany DR Unit: # 130 Allen TX 75002,False,,4,4,FE004343-02-2023,FE006680-02-2026,Annual Renewal Completed,2027-02-16,https://cityofallentx-energovweb.tylerhost.net/apps/selfservice#/operationalPermit/CB10C2E0-04CB-4974-B87D-B99408E20C93,6,6,2023-05-31,2025-10-14,1,0,4,90,2025-09-16,6,6,2023-05-31,2025-10-14,1,0,4,90,2025-09-16,0
c04ad7a6-104a-4d23-b38e-6d836312c880,c04ad7a6-104a-4d23-b38e-6d836312c880,1,Weiss Enterprises,,,Temporary Food Establishment - Food Establishment,Temporary Food Establishment - Food Establishment,food,True,False,license_food,Open,,,300 N ALLEN DR  ALLEN TX 75013,False,122494,1,0,FE001125-11-2018,FE001125-11-2018,Expired,2018-11-30,https://cityofallentx-energovweb.tylerhost.net/apps/selfservice#/businessLicense/b1bf4d89-5b21-4695-8b11-cbc7b3e6da68,0,0,,,0,0,0,,,0,0,,,0,0,0,,,0
cbfa3660-a6c0-407c-9953-683ab7dfab4d,cbfa3660-a6c0-407c-9953-683ab7dfab4d,1,Wendy's,,,Heavy - Food Establishment,Heavy - Food Establishment | Heavy Food Preparation,food,False,False,license_food | op_permit_food,Closed,2022-02-09,2022-02-09,2025 W MCDERMOTT DR ALLEN TX 75013,False,113332,2,1,FE003359-10-2021,FE004132-10-2022,Expired,2023-10-30,https://cityofallentx-energovweb.tylerhost.net/apps/selfservice#/businessLicense/e98f7868-adb7-4e8b-aad7-013f15286f8f,0,0,,,0,0,0,,,0,0,,,0,0,0,,,0
509e4c15-119f-4b5e-b49e-680ed6b51987,509e4c15-119f-4b5e-b49e-680ed6b51987,2,Wendy's #11816,,,Heavy Food Preparation,Heavy Food Preparation,food,False,False,op_permit_food,Open,,,853 W STACY RD ALLEN TX 75013,False,132952,5,5,FE003358-10-2021,FE006446-10-2025,Annual Renewal Completed,2026-10-30,https://cityofallentx-energovweb.tylerhost.net/apps/selfservice#/operationalPermit/DD14D736-F549-4D38-9210-D5CC7056AAB2,13,11,2022-10-31,2026-01-16,0,0,8,97,2026-01-16,17,15,2020-03-18,2026-01-16,0,0,8,97,2026-01-16,0
e150ee03-6025-4a26-a3ed-b2253135fef4,509e4c15-119f-4b5e-b49e-680ed6b51987,2,Wendy's #11816,,,Heavy - Food Establishment,Heavy - Food Establishment | Heavy Food Preparation,food,False,False,license_food | op_permit_food,Closed,2020-03-18,2022-01-19,853 W STACY RD ALLEN TX 75013,False,132952,2,1,FE002156-02-2020,FE003299-09-2021,Expired,2022-02-14,https://cityofallentx-energovweb.tylerhost.net/apps/selfservice#/businessLicense/4864315e-1c6a-466c-9a1a-a54bd6282d8f,4,4,2020-03-18,2021-09-03,0,0,0,,,17,15,2020-03-18,2026-01-16,0,0,8,97,2026-01-16,0
e3724ace-75f7-43a1-8461-748eccdb1122,e3724ace-75f7-43a1-8461-748eccdb1122,1,Wendy's #5530,,,Heavy - Food Establishment,Heavy - Food Establishment | Heavy Food Preparation,food,False,False,license_food | op_permit_food,Closed,2017-07-05,2022-02-01,601 W MCDERMOTT DR  ALLEN TX 75013,False,110857,5,4,FE000197-07-2017,FE003092-06-2021,Expired,,https://cityofallentx-energovweb.tylerhost.net/apps/selfservice#/businessLicense/00525b43-e024-4ca1-b77e-435c30c71009,14,14,2018-07-25,2021-07-15,6,0,0,,,14,14,2018-07-25,2021-07-15,6,0,0,,,0
67af0741-a5a2-4e88-94cb-e0933fa0d3c4,67af0741-a5a2-4e88-94cb-e0933fa0d3c4,1,Wendy's #55300,,,Heavy Food Preparation,Heavy Food Preparation,food,False,False,op_permit_food,Open,2022-02-25,,601 W MCDERMOTT DR ALLEN TX 75013,False,110857,5,5,FE003360-10-2021,FE006447-10-2025,Annual Renewal Completed,2026-10-30,https://cityofallentx-energovweb.tylerhost.net/apps/selfservice#/operationalPermit/8ECCFA02-7CEA-4BEE-AA6A-287B48CC1063,10,10,2022-05-23,2026-03-02,0,1,5,98,2025-06-23,10,10,2022-05-23,2026-03-02,0,1,5,98,2025-06-23,0
a0534897-dff8-4bca-93f5-a799b86b7b8e,a0534897-dff8-4bca-93f5-a799b86b7b8e,1,Wendy's #7755,,,Heavy - Food Establishment,Heavy - Food Establishment | Heavy Food Preparation,food,False,False,license_food | op_permit_food,Closed,2017-08-01,2022-02-01,2025 W MCDERMOTT DR ALLEN TX 75013,False,113332,5,4,FE000047-04-2017,FE002996-05-2021,Expired,2022-04-22,https://cityofallentx-energovweb.tylerhost.net/apps/selfservice#/businessLicense/c2f2f279-9880-453d-98ef-440e641ba9ee,10,10,2018-02-19,2021-08-23,2,0,0,,,10,10,2018-02-19,2021-08-23,2,0,0,,,0
4a549a75-0fb9-4544-8a17-e55a30f963f2,4a549a75-0fb9-4544-8a17-e55a30f963f2,1,Wetzel's Pretzel's,,,Heavy - Food Establishment,Heavy - Food Establishment,food,False,False,license_food,Closed,,2024-04-29,820 W Stacy Rd Unit: 618 Allen TX 75013,False,,1,0,FE004779-08-2023,FE004779-08-2023,Expired,2024-08-15,https://cityofallentx-energovweb.tylerhost.net/apps/selfservice#/businessLicense/a78f171a-f63e-477a-8379-4cd02bfd73e8,2,1,2023-09-08,2023-09-08,0,0,1,96,2023-09-08,2,1,2023-09-08,2023-09-08,0,0,1,96,2023-09-08,0
506d431d-ebe4-47b5-8a23-5a5e70800251,506d431d-ebe4-47b5-8a23-5a5e70800251,2,Wetzel's Pretzel's,,,Heavy Food Preparation,Heavy Food Preparation,food,False,False,op_permit_food,Open,,,820 W STACY RD 6 Unit: 618 ALLEN TX 75013,False,120610,3,3,FE004734-07-2023,FE-007058-07-2026,Annual Renewal Completed,2027-08-22,https://cityofallentx-energovweb.tylerhost.net/apps/selfservice#/operationalPermit/af3f59c8-43c7-4392-bb3a-ea7dc5b2ea00,8,6,2023-09-08,2025-09-10,1,0,4,96,2025-09-10,18,16,2017-12-14,2025-09-10,2,0,4,96,2025-09-10,0
9cd3ac20-bbfd-4d15-b1b7-985f78543de4,506d431d-ebe4-47b5-8a23-5a5e70800251,2,Wetzel's Pretzels,,,Heavy - Food Establishment,Heavy - Food Establishment | Heavy Food Preparation,food,False,False,license_food | op_permit_food,Closed,2017-12-14,2023-05-09,820 W STACY RD 6 Unit: 618 ALLEN TX 75013,False,120610,5,4,FE000248-08-2017,FE003763-04-2022,Expired,2023-04-11,https://cityofallentx-energovweb.tylerhost.net/apps/selfservice#/businessLicense/daf1e2fc-04fa-499a-99dd-5cd9d372a67a,10,10,2017-12-14,2023-02-23,1,0,0,,,18,16,2017-12-14,2025-09-10,2,0,4,96,2025-09-10,0
1f01269a-6892-4f64-aa21-0458a00826ff,1f01269a-6892-4f64-aa21-0458a00826ff,1,What's de Scoop (VL#BWK3538),,,Temporary Food Establishment - Food Establishment,Temporary Food Establishment - Food Establishment,food,True,False,license_food,Closed,,2019-02-08,Grand Prairie TX 75051,True,,1,0,FE000180-06-2017,FE000180-06-2017,Expired,2017-06-24,https://cityofallentx-energovweb.tylerhost.net/apps/selfservice#/businessLicense/5fb64c4d-f52d-40f3-9953-0f54ecf63d8a,0,0,,,0,0,0,,,0,0,,,0,0,0,,,0
65c320e2-fa23-4246-89af-b8a6d645f50b,65c320e2-fa23-4246-89af-b8a6d645f50b,1,Whataburger # 984,,,Heavy Food Preparation,Heavy Food Preparation,food,False,False,op_permit_food,Open,2017-10-16,,388 E STACY RD ALLEN TX 75002,False,127727,9,9,FE000492-01-2018,FE006552-12-2025,Annual Renewal Completed,2027-01-17,https://cityofallentx-energovweb.tylerhost.net/apps/selfservice#/operationalPermit/EE4AB1B6-C4FF-4178-8640-F59027763B4B,18,18,2017-10-16,2025-12-01,1,1,5,90,2025-12-01,18,18,2017-10-16,2025-12-01,1,1,5,90,2025-12-01,0
8408e509-b6c1-4530-a7cb-a19b3aba9dc5,8408e509-b6c1-4530-a7cb-a19b3aba9dc5,1,Which Wich #96 / Paciugo,,,Light Food Preparation,Light Food Preparation,food,False,False,op_permit_food,Open,,,190 E Stacy Rd Unit: # 1416 Allen TX 75013,False,,2,2,FE005352-05-2024,FE-006930-06-2026,Annual Renewal Completed,2027-05-30,https://cityofallentx-energovweb.tylerhost.net/apps/selfservice#/operationalPermit/198bf757-db08-4a8f-b64d-abaa0aff2648,8,8,2024-08-14,2026-09-23,2,0,1,77,2026-03-20,8,8,2024-08-14,2026-09-23,2,0,1,77,2026-03-20,0
96001617-a6ab-41f0-abad-885bd054b308,96001617-a6ab-41f0-abad-885bd054b308,1,Which Wich/Paciugo,,,Light - Food Establishment,Heavy - Food Establishment | Heavy Food Preparation | Light - Food Establishment | Light Food Preparation,food,False,False,license_food | op_permit_food,Closed,,2024-05-28,190 E STACY RD B1400 Unit: 1416 ALLEN TX 75002,False,127348,7,5,FE000105-05-2017,FE004934-11-2023,Expired,2024-10-03,https://cityofallentx-energovweb.tylerhost.net/apps/selfservice#/businessLicense/214774b7-18a3-41df-ab77-01324c29b086,17,16,2018-02-15,2023-09-15,4,0,1,74,2023-08-28,17,16,2018-02-15,2023-09-15,4,0,1,74,2023-08-28,0
4afb70ec-5b23-4987-b3e1-de07b9e61117,4afb70ec-5b23-4987-b3e1-de07b9e61117,1,Whip and Treats (2391),,,Mobile Food Establishment,Mobile Food Establishment,food,True,False,op_permit_food,Closed,2024-07-26,2026-09-22,,False,,1,1,FE005513-07-2024,FE005513-07-2024,Expired,2025-07-26,https://cityofallentx-energovweb.tylerhost.net/apps/selfservice#/operationalPermit/C828D9C9-31EE-43EF-BEC0-FB6C6D1CA417,1,1,2024-07-26,2024-07-26,0,0,0,,,1,1,2024-07-26,2024-07-26,0,0,0,,,0
5d744c3f-d55a-4274-a66f-73abdd1d9694,5d744c3f-d55a-4274-a66f-73abdd1d9694,1,White Tiger Taekwondo,,,No Food Preparation,No Food Preparation,food,False,False,op_permit_food,Closed,,2026-08-21,104 N GREENVILLE AVE Unit: 102B ALLEN TX 75002,False,104994,1,1,FE-007095-08-2026,FE-007095-08-2026,Application Rejected,2999-01-01,https://cityofallentx-energovweb.tylerhost.net/apps/selfservice#/operationalPermit/a772a12e-0555-4f29-8a7e-935a0f000be0,0,0,,,0,0,0,,,0,0,,,0,0,0,,,0
20b92e48-93ca-45c1-9056-e0a848c94b8c,20b92e48-93ca-45c1-9056-e0a848c94b8c,3,Wienerschnitzel,,,Heavy Food Preparation,Heavy Food Preparation | Light - Food Establishment,food,False,False,license_food | op_permit_food,Open,,2021-10-18,415 E BETHANY DR ALLEN TX 75002,False,115011,6,5,FE003333-10-2021,FE006481-10-2025,Annual Renewal Completed,2026-10-21,https://cityofallentx-energovweb.tylerhost.net/apps/selfservice#/operationalPermit/DE5C7773-5E7C-4780-9CA1-BEED088B7CEF,16,14,2022-07-13,2026-09-27,4,0,8,97,2026-02-04,23,21,2018-05-29,2026-09-27,4,0,8,97,2026-02-04,0
2b38205a-e09e-45f5-b822-0416a130b4fa,20b92e48-93ca-45c1-9056-e0a848c94b8c,3,Wienerschnitzel,,,Heavy - Food Establishment,Heavy - Food Establishment | Heavy Food Preparation,food,False,False,license_food | op_permit_food,Closed,2017-06-28,2021-08-18,415 E BETHANY DR ALLEN TX 75002,False,115011,4,3,FE000348-10-2017,FE002330-06-2020,Expired,2021-10-06,https://cityofallentx-energovweb.tylerhost.net/apps/selfservice#/businessLicense/3446a971-9dc0-430c-96e9-550b08498532,6,6,2018-05-29,2021-01-19,0,0,0,,,23,21,2018-05-29,2026-09-27,4,0,8,97,2026-02-04,0
3fa0aa35-2901-4895-9415-685e3ffe68e2,20b92e48-93ca-45c1-9056-e0a848c94b8c,3,Wienerschnitzel,,,Heavy - Food Establishment,Heavy - Food Establishment,food,False,False,license_food,Closed,,2021-10-18,415 E BETHANY DR ALLEN TX 75002,False,115011,1,0,FE002923-04-2021,FE002923-04-2021,Expired,2022-04-06,https://cityofallentx-energovweb.tylerhost.net/apps/selfservice#/businessLicense/239612ac-b1da-4821-9bd4-c0a0286f4169,1,1,2021-08-17,2021-08-17,0,0,0,,,23,21,2018-05-29,2026-09-27,4,0,8,97,2026-02-04,0
ca9a3302-6ac5-44c1-9468-6c7b46f74418,ca9a3302-6ac5-44c1-9468-6c7b46f74418,1,Wiggi's Shaved Ice-Kiosk Area F86,,,Concession Stand - Food Establishment,Concession Stand | Concession Stand - Food Establishment,food,False,False,license_food | op_permit_food,Closed,2018-05-04,2020-02-13,Forney TX 75126,True,,3,2,FE000759-05-2018,FE001466-04-2019,Expired,2019-11-16,https://cityofallentx-energovweb.tylerhost.net/apps/selfservice#/businessLicense/c8728cb2-edc1-4c5b-bf71-4668e0cfbd6a,3,3,2018-05-07,2019-04-22,0,0,0,,,3,3,2018-05-07,2019-04-22,0,0,0,,,0
141876ca-e9a3-467e-8e31-7972e79384ff,141876ca-e9a3-467e-8e31-7972e79384ff,1,Wild Bills Craft Beverage Co,,,Special Event - Food Establishment,Special Event - Food Establishment,special event,True,False,license_special_event_food,Closed,2024-06-27,2025-02-20,Millington NJ 07946,True,,1,0,FESP005419-06-2024,FESP005419-06-2024,Expired,2024-06-30,https://cityofallentx-energovweb.tylerhost.net/apps/selfservice#/businessLicense/4c40738e-28ab-446d-ab5a-5ba2c91f7e52,0,0,,,0,0,0,,,0,0,,,0,0,0,,,0
af350b74-fc73-405b-844a-f6d607d298bf,af350b74-fc73-405b-844a-f6d607d298bf,1,Wild Salsa,,,Temporary Food Establishment - Food Establishment,Temporary Food Establishment - Food Establishment,food,True,False,license_food,Closed,2023-05-13,2023-05-13,Fairview TX 75069,True,,1,0,FE004561-05-2023,FE004561-05-2023,Expired,2023-05-13,https://cityofallentx-energovweb.tylerhost.net/apps/selfservice#/businessLicense/9fae6e86-13e3-4069-99f5-e786fd3b2deb,0,0,,,0,0,0,,,0,0,,,0,0,0,,,0
d893ac7a-87e2-4049-87c3-004ac179609a,d893ac7a-87e2-4049-87c3-004ac179609a,1,Wild West Tex Mex,,,Special Event - Food Establishment,Special Event - Food Establishment,special event,True,False,license_special_event_food,Closed,2020-12-11,2020-12-15,701 N ANGEL PKWY ALLEN TX 75002,False,121106,1,0,FESP002618-12-2020,FESP002618-12-2020,Expired,2020-12-12,https://cityofallentx-energovweb.tylerhost.net/apps/selfservice#/businessLicense/8c0ce365-7664-4c53-975f-57198e50dff5,1,1,2020-12-11,2020-12-11,0,0,0,,,1,1,2020-12-11,2020-12-11,0,0,0,,,0
40415883-b15c-43c4-afce-b2130733b84f,40415883-b15c-43c4-afce-b2130733b84f,3,Wing Snob,,,Heavy Food Preparation,Heavy Food Preparation,food,False,False,op_permit_food,Closed,,2026-06-29,975 State Hwy 121 Unit: 155 Allen TX 75013,False,,2,2,FE005533-08-2024,FE006319-08-2025,Closed,,https://cityofallentx-energovweb.tylerhost.net/apps/selfservice#/operationalPermit/A96AF65F-3799-4879-8D4A-230806CDC79A,5,5,2024-10-24,2026-09-17,0,1,0,,,11,11,2021-02-02,2026-09-17,1,1,0,,,0
7f05647a-4dc9-4c2e-8eae-233ffd207a4b,40415883-b15c-43c4-afce-b2130733b84f,3,Wing Snob,Wing Snob,,Heavy Food Preparation,Heavy Food Preparation,food,False,False,op_permit_food,Open,,,975 SH 121 Unit: 155 Allen TX 75013,False,126999,1,1,FE-006972-07-2026,FE-006972-07-2026,Annual Renewal Completed,2027-08-12,https://cityofallentx-energovweb.tylerhost.net/apps/selfservice#/operationalPermit/e40841e6-fb6b-46c2-8bcc-62fcfaf81a6e,3,3,2026-09-17,2026-09-17,1,0,0,,,11,11,2021-02-02,2026-09-17,1,1,0,,,0
c257a2ad-e679-4d67-b32e-e68866be80e1,c257a2ad-e679-4d67-b32e-e68866be80e1,2,Wing Snob,,,Heavy - Food Establishment,Heavy - Food Establishment | Heavy Food Preparation,food,False,False,license_food | op_permit_food,Closed,,2023-07-10,975 TX-121 Unit: 155 Allen TX 75013,False,,2,1,FE003879-06-2022,FE004647-07-2023,Expired,2024-07-01,https://cityofallentx-energovweb.tylerhost.net/apps/selfservice#/businessLicense/850a75ce-f709-44ac-b193-cb88cc9c8fcd,0,0,,,0,0,0,,,0,0,,,0,0,0,,,0
b898913e-9276-4c8a-9eab-bf226743b34c,40415883-b15c-43c4-afce-b2130733b84f,3,Wing Snob - Allen,,,Heavy - Food Establishment,Heavy - Food Establishment | Heavy Food Preparation,food,False,False,license_food | op_permit_food,Closed,,2022-06-29,975 SH121 HWY Unit: 155 ALLEN TX 75013,False,126999,2,1,FE002577-11-2020,FE003402-12-2021,Expired,2022-11-05,https://cityofallentx-energovweb.tylerhost.net/apps/selfservice#/businessLicense/d7fec954-4ab3-4f48-bc06-ad61cd841e1a,3,3,2021-02-02,2022-03-11,0,0,0,,,11,11,2021-02-02,2026-09-17,1,1,0,,,0
d3c56120-70cc-470e-8e76-e6148c289ce8,c257a2ad-e679-4d67-b32e-e68866be80e1,2,Wing Snob Allen,,,Heavy - Food Establishment,Heavy - Food Establishment,food,False,False,license_food,Closed,,2024-08-21,975 TX-121 Unit: 155 Allen TX 75013,False,,1,0,FE004847-09-2023,FE004847-09-2023,Expired,2024-09-15,https://cityofallentx-energovweb.tylerhost.net/apps/selfservice#/businessLicense/d586b97a-f25e-4c87-b030-93a384729894,0,0,,,0,0,0,,,0,0,,,0,0,0,,,0
6a0670d1-281b-4137-a92a-2c89b36c98f1,6a0670d1-281b-4137-a92a-2c89b36c98f1,1,Wingstop,,,Heavy Food Preparation,Heavy Food Preparation,food,False,False,op_permit_food,Open,2017-07-03,,543 W MCDERMOTT DR  ALLEN TX 75013,False,110855,9,9,FE000218-07-2017,FE-006951-06-2026,Annual Renewal Completed,2027-07-31,https://cityofallentx-energovweb.tylerhost.net/apps/selfservice#/operationalPermit/edcdcb4f-6eee-4ea3-9e05-fc1c6fc894e6,23,23,2018-07-31,2025-10-30,5,0,7,95,2025-10-30,23,23,2018-07-31,2025-10-30,5,0,7,95,2025-10-30,0
2bcf7b4d-eaec-4781-b2fc-683afc684dbd,2bcf7b4d-eaec-4781-b2fc-683afc684dbd,1,Wisteria Preschool,,,Day Care Facility,Day Care Facility,day care,False,False,op_permit_daycare,Open,,,694 S WATTERS RD ALLEN TX 75013,False,127201,7,7,DC001663-07-2019,DC006976-07-2026,Annual Renewal Completed,2027-07-16,https://cityofallentx-energovweb.tylerhost.net/apps/selfservice#/operationalPermit/11ae5915-c972-4301-88c4-63f4e59dc8e9,13,13,2019-08-19,2026-10-01,0,0,5,98,2026-03-31,13,13,2019-08-19,2026-10-01,0,0,5,98,2026-03-31,0
3903aade-1bcf-4cb9-8ee6-98dcd3031daa,3903aade-1bcf-4cb9-8ee6-98dcd3031daa,1,With Milk,,,Light - Food Establishment,Light - Food Establishment | Light Food Preparation,food,False,False,license_food | op_permit_food,Closed,,2023-12-19,977 SH121 HWY B Unit: 195 ALLEN TX 75013,False,126004,4,3,FE002369-07-2020,FE004727-07-2023,Expired,2024-07-09,https://cityofallentx-energovweb.tylerhost.net/apps/selfservice#/businessLicense/591e2acf-9f29-4d68-86e4-54ca1e9abcd7,8,8,2020-10-01,2023-08-25,2,0,1,84,2023-08-25,8,8,2020-10-01,2023-08-25,2,0,1,84,2023-08-25,0
58b88983-2bbf-4ca8-a57a-51f3ff7b624e,58b88983-2bbf-4ca8-a57a-51f3ff7b624e,1,With Milk,,,Heavy - Food Establishment,Heavy - Food Establishment,food,False,False,license_food,Closed,,2024-11-05,977 Sam Rayburn Tollway Unit: 195 Allen TX 75013,False,,1,0,FE005003-12-2023,FE005003-12-2023,Expired,2024-12-28,https://cityofallentx-energovweb.tylerhost.net/apps/selfservice#/businessLicense/e516d49d-67a8-4db3-9f19-da2e9c8d8198,1,1,2024-01-26,2024-01-26,0,0,1,93,2024-01-26,1,1,2024-01-26,2024-01-26,0,0,1,93,2024-01-26,0
fde98911-9e5c-4d8d-8ec2-6d3fb7aa7fdf,fde98911-9e5c-4d8d-8ec2-6d3fb7aa7fdf,1,Wulf Burger,,,Heavy Food Preparation,Heavy Food Preparation,food,False,False,op_permit_food,Open,,,1208 E Bethany Dr Unit: 4 Allen TX 75002,False,,3,3,FE005028-01-2024,FE006696-02-2026,Annual Renewal Completed,2027-01-30,https://cityofallentx-energovweb.tylerhost.net/apps/selfservice#/operationalPermit/23BAA632-263D-43BB-8BD1-AB3C03C4112F,10,9,2024-04-02,2026-09-27,4,0,4,70,2025-06-23,10,9,2024-04-02,2026-09-27,4,0,4,70,2025-06-23,0
add1f8c0-c191-4ac1-bc6c-352a64a66aad,add1f8c0-c191-4ac1-bc6c-352a64a66aad,1,Xplor Preschool,,,Day Care Facility,Day Care Facility,day care,False,False,op_permit_daycare,Closed,2017-09-18,2021-02-09,1020 N WATTERS RD  ALLEN TX 75013,False,129666,3,3,DC000238-08-2017,DC001706-08-2019,Annual Renewal Completed,2020-08-05,https://cityofallentx-energovweb.tylerhost.net/apps/selfservice#/operationalPermit/CEF7CC8E-6B24-4B70-BBE8-5C1142E0DE48,6,6,2017-09-18,2020-08-24,0,0,0,,,6,6,2017-09-18,2020-08-24,0,0,0,,,0
a052fc63-9575-4c5e-aa72-bf4640c4756c,a052fc63-9575-4c5e-aa72-bf4640c4756c,1,YUMMIES,,,Heavy - Food Establishment,Heavy - Food Establishment | Heavy Food Preparation,food,False,False,license_food | op_permit_food,Closed,2017-08-28,2024-10-30,210 S CENTRAL EXPY Unit: 78 ALLEN TX 75013,False,114503,7,6,FE000170-06-2017,FE004792-08-2023,Expired,2024-06-20,https://cityofallentx-energovweb.tylerhost.net/apps/selfservice#/businessLicense/4cfd551f-a987-42b8-b8f7-b5e3372857b8,19,19,2018-09-07,2024-06-24,8,0,2,84,2024-06-11,19,19,2018-09-07,2024-06-24,8,0,2,84,2024-06-11,0
f56b8cc5-63e3-425b-a7a9-8b2e5215559f,f56b8cc5-63e3-425b-a7a9-8b2e5215559f,1,Ye Ole Butcher Shop - Allen USA,,,Temporary Food Establishment - Food Establishment,Temporary Food Establishment - Food Establishment,food,True,False,license_food,Closed,,2023-06-02,701 ANGEL PKWY  ALLEN TX 75002,False,121106,1,0,FE001608-06-2019,FE001608-06-2019,Expired,2019-06-29,https://cityofallentx-energovweb.tylerhost.net/apps/selfservice#/businessLicense/61e96bb4-ae19-4abf-8f6c-63d8951aba77,1,1,2019-06-28,2019-06-28,0,0,0,,,1,1,2019-06-28,2019-06-28,0,0,0,,,0
bbeb55c6-ef9b-4a8b-872c-2bc8456fc941,bbeb55c6-ef9b-4a8b-872c-2bc8456fc941,1,Yearby's BBQ & Waterice,,,Special Event - Food Establishment,Special Event - Food Establishment,special event,True,False,license_special_event_food,Closed,,2023-08-14,909 ALLEN CENTRAL DRIVE ALLEN TX 75013,False,,1,0,FESP004416-03-2023,FESP004416-03-2023,Expired,2023-03-18,https://cityofallentx-energovweb.tylerhost.net/apps/selfservice#/businessLicense/58bf0363-8ad8-4f44-aff7-d33e120eb7aa,0,0,,,0,0,0,,,0,0,,,0,0,0,,,0
13007969-039a-406b-a35e-95c8487efb9f,13007969-039a-406b-a35e-95c8487efb9f,1,Yes Pizza!,,,Heavy - Food Establishment,Heavy - Food Establishment,food,False,False,license_food,Closed,2017-05-23,2018-08-23,1206 E MAIN ST Unit: 111 ALLEN TX 75002,False,126000,1,0,FE000344-10-2017,FE000344-10-2017,Expired,2018-10-04,https://cityofallentx-energovweb.tylerhost.net/apps/selfservice#/businessLicense/a802d909-fbac-421e-9cb1-b53563cb2e47,3,3,2017-11-16,2018-05-14,1,0,0,,,3,3,2017-11-16,2018-05-14,1,0,0,,,0
c34fd7ad-6c9b-4211-b80e-5efa304d6984,c34fd7ad-6c9b-4211-b80e-5efa304d6984,1,Ykiki,,,Heavy - Food Establishment,Heavy - Food Establishment,food,False,False,license_food,Closed,,2019-02-06,2023 W MCDERMOTT DR  Unit: 260 ALLEN TX 75013,False,113333,1,0,FE000181-06-2017,FE000181-06-2017,Expired,2018-06-23,https://cityofallentx-energovweb.tylerhost.net/apps/selfservice#/businessLicense/5897fa9f-18a3-4153-989a-04503828314a,0,0,,,0,0,0,,,0,0,,,0,0,0,,,0
31c7671b-abf4-4dc2-aa7c-338e0f45ed76,31c7671b-abf4-4dc2-aa7c-338e0f45ed76,1,Yoga Sangeeta,,,Temporary Food Establishments,Temporary Food Establishments,food,True,False,op_permit_food,Open,,,200 E STACY RD ALLEN TX 75002,False,127345,1,1,FE-006969-07-2026,FE-006969-07-2026,Active,,https://cityofallentx-energovweb.tylerhost.net/apps/selfservice#/operationalPermit/bb856c00-6209-4846-9559-0f4729abb615,0,0,,,0,0,0,,,0,0,,,0,0,0,,,0
14feddc1-b215-4531-9d3b-7d0855a5361e,14feddc1-b215-4531-9d3b-7d0855a5361e,1,Yogurtland,,,Light - Food Establishment,Light - Food Establishment,food,False,False,license_food,Open,,,845 W STACY RD A Unit: 110 ALLEN TX 75013,False,132953,1,0,FE002196-03-2020,FE002196-03-2020,Expired,2021-03-12,https://cityofallentx-energovweb.tylerhost.net/apps/selfservice#/businessLicense/343b4fdf-0ae8-470f-b879-f31cacece503,0,0,,,0,0,0,,,0,0,,,0,0,0,,,0
8208ba92-777f-4e47-afcb-6c8bfecfb8fa,8208ba92-777f-4e47-afcb-6c8bfecfb8fa,1,Yogurtville Allen,,,Light Food Preparation,Light Food Preparation,food,False,False,op_permit_food,Open,2017-10-26,,1108 N GREENVILLE AVE Unit: 135 ALLEN TX 75002,False,117086,9,9,FE000137-06-2017,FE-006936-06-2026,Annual Renewal Completed,2027-06-19,https://cityofallentx-energovweb.tylerhost.net/apps/selfservice#/operationalPermit/a8167d05-cf12-42ac-b40e-86b15fcb3c50,17,16,2017-10-30,2027-08-18,1,0,3,98,2025-07-22,17,16,2017-10-30,2027-08-18,1,0,3,98,2025-07-22,0
1b3cddd0-cd38-4610-aa64-aa7a08a98a91,1b3cddd0-cd38-4610-aa64-aa7a08a98a91,1,Young Chefs Academy of Allen/ McKinney,,,Heavy Food Preparation,Heavy Food Preparation,food,False,False,op_permit_food,Open,,,939 W Stacy Rd Unit: Suite# 145 Allen TX 75013,False,,2,2,FE006058-04-2025,FE006846-04-2026,Annual Renewal Completed,2027-04-03,https://cityofallentx-energovweb.tylerhost.net/apps/selfservice#/operationalPermit/BFEC7019-AEA5-442B-95CC-FF46466AAB83,0,0,,,0,0,0,,,0,0,,,0,0,0,,,0
30cf45f1-efa1-46c4-9cb9-b6fd3dd10930,30cf45f1-efa1-46c4-9cb9-b6fd3dd10930,1,Young Donuts,,,Heavy - Food Establishment,Heavy - Food Establishment | Heavy Food Preparation,food,False,False,license_food | op_permit_food,Closed,2017-12-04,2025-11-19,1201 E MAIN ST Unit: 280 ALLEN TX 75002,False,111449,9,8,FE000364-10-2017,FE006459-10-2025,Closed,2026-10-21,https://cityofallentx-energovweb.tylerhost.net/apps/selfservice#/businessLicense/cee7a82b-0c80-4a79-b364-72d2c8fe9b50,14,13,2017-12-04,2025-03-24,0,0,4,93,2025-03-24,14,13,2017-12-04,2025-03-24,0,0,4,93,2025-03-24,0
cb935d1c-a45a-44d2-9820-0482ae0f556b,cb935d1c-a45a-44d2-9820-0482ae0f556b,1,Young Donuts,,,Heavy Food Preparation,Heavy Food Preparation,food,False,False,op_permit_food,Open,,,1201 E Main St Unit: # 280 Allen TX 75002,False,,1,1,FE006526-12-2025,FE006526-12-2025,Active,2026-12-03,https://cityofallentx-energovweb.tylerhost.net/apps/selfservice#/operationalPermit/92A696AE-F216-4A86-914A-81046324E9E7,0,0,,,0,0,0,,,0,0,,,0,0,0,,,0
641c62d9-527a-4391-ac7f-598f976a9840,641c62d9-527a-4391-ac7f-598f976a9840,1,Yumilicious - Allen Outlet,,,Light Food Preparation,Light Food Preparation,food,False,False,op_permit_food,Open,,,820 W Stacy Rd Unit: 0616 Allen TX 75013,False,,3,3,FE004629-06-2023,FE-006901-06-2026,Annual Renewal Completed,2027-07-12,https://cityofallentx-energovweb.tylerhost.net/apps/selfservice#/operationalPermit/a78e75f4-9d96-470b-b7c9-3f55058c9d20,6,5,2023-09-05,2025-08-12,0,0,0,,,6,5,2023-09-05,2025-08-12,0,0,0,,,0
d553f93d-2bf4-458d-96e4-67c5299884e4,d553f93d-2bf4-458d-96e4-67c5299884e4,1,Yumilicious - Village of Allen,,,Light Food Preparation,Light Food Preparation,food,False,False,op_permit_food,Open,,,190 E Stacy Rd Unit: 1336 Allen TX 75002,False,,3,3,FE004630-06-2023,FE-006900-06-2026,Annual Renewal Completed,2027-07-12,https://cityofallentx-energovweb.tylerhost.net/apps/selfservice#/operationalPermit/fbce3a3f-0605-463d-b88e-b1f61451a575,6,5,2023-08-28,2025-08-18,0,0,0,,,6,5,2023-08-28,2025-08-18,0,0,0,,,0
d415da46-5463-4906-9e20-3cc44498e1ae,d415da46-5463-4906-9e20-3cc44498e1ae,1,Yumilicious at Allen,,,Light - Food Establishment,Light - Food Establishment | Light Food Preparation,food,False,False,license_food | op_permit_food,Closed,2017-12-13,2023-06-20,820 W STACY RD 6 Unit: 616 ALLEN TX 75013,False,120610,6,5,FE000259-08-2017,FE004012-08-2022,Expired,2023-08-23,https://cityofallentx-energovweb.tylerhost.net/apps/selfservice#/businessLicense/a109f4cc-d9b5-44d5-a389-c533837b890b,10,10,2017-12-13,2022-08-10,0,0,0,,,10,10,2017-12-13,2022-08-10,0,0,0,,,0
d9d0e798-a329-495f-a2e1-42353fa55dff,d9d0e798-a329-495f-a2e1-42353fa55dff,1,Yumilicious at Allen,,,Light - Food Establishment,Light - Food Establishment | Light Food Preparation,food,False,False,license_food | op_permit_food,Closed,,2023-06-20,190 E STACY RD B1300 Unit: 1336 ALLEN TX 75002,False,127348,5,4,FE000685-04-2018,FE003767-05-2022,Expired,2023-04-15,https://cityofallentx-energovweb.tylerhost.net/apps/selfservice#/businessLicense/b1380f52-c5b4-48c1-894c-23c32858939a,8,8,2018-02-16,2023-01-26,0,0,0,,,8,8,2018-02-16,2023-01-26,0,0,0,,,0
7071a6e3-df74-4d43-8b5d-1f8509d4a3df,7071a6e3-df74-4d43-8b5d-1f8509d4a3df,1,Yummy Pizza LLC (VL#HYP0481),,,Catering Truck - Food Establishment,Catering Truck - Food Establishment,food,True,False,license_food,Closed,,2019-02-06,,False,,1,0,FE000304-09-2017,FE000304-09-2017,Expired,2018-09-11,https://cityofallentx-energovweb.tylerhost.net/apps/selfservice#/businessLicense/531058f3-23fd-4cea-9ef5-be47c17b14cb,0,0,,,0,0,0,,,0,0,,,0,0,0,,,0
7b6fd2ca-50e7-4c81-9695-6442673efe68,7b6fd2ca-50e7-4c81-9695-6442673efe68,1,Yummy Pizza Truck,,,Temporary Food Establishments,Temporary Food Establishments,food,True,False,op_permit_food,Closed,,2025-10-06,Sunnyvale TX 75182,True,,1,1,FESP006433-10-2025,FESP006433-10-2025,Closed,,https://cityofallentx-energovweb.tylerhost.net/apps/selfservice#/operationalPermit/E20D035E-07E1-4477-9077-339C88B51EDF,0,0,,,0,0,0,,,0,0,,,0,0,0,,,0
24859152-1ef8-4558-96a0-03f3171a0598,24859152-1ef8-4558-96a0-03f3171a0598,1,Z's Catfish Mobile,,,Mobile Food Prep Unit - Food Establishment,Mobile Food Prep Unit - Food Establishment,food,True,False,license_food,Closed,2019-07-26,2019-09-03,Rockwall TX 75087,True,,1,0,FE001689-07-2019,FE001689-07-2019,Expired,2020-07-26,https://cityofallentx-energovweb.tylerhost.net/apps/selfservice#/businessLicense/ffd5a4af-ea88-460b-997d-f9a599f43e72,2,2,2019-07-26,2019-08-16,0,1,0,,,2,2,2019-07-26,2019-08-16,0,1,0,,,0
0741364c-247e-4315-8ca2-609aae48f754,0741364c-247e-4315-8ca2-609aae48f754,1,Z's Good Vibez Juice Bar,,,Light Food Preparation,Light Food Preparation,food,False,False,op_permit_food,Open,2017-10-09,,950 W STACY RD Unit: 140 ALLEN TX 75013,False,100076,9,9,FE000450-12-2017,FE006538-12-2025,Annual Renewal Completed,2026-12-16,https://cityofallentx-energovweb.tylerhost.net/apps/selfservice#/operationalPermit/C864EC7B-F73E-4D2D-8FE2-6CCD2A5353A1,24,23,2017-10-09,2025-12-15,1,0,0,,,24,23,2017-10-09,2025-12-15,1,0,0,,,0
b41e7da8-cd4f-49d9-8c36-c65e42c71f1a,b41e7da8-cd4f-49d9-8c36-c65e42c71f1a,1,Z's Good Vibez Juice Bar,,,Temporary Food Establishment - Food Establishment,Temporary Food Establishment - Food Establishment,food,True,False,license_food,Closed,2023-05-13,2023-05-13,Allen TX 75013,True,,1,0,FE004532-04-2023,FE004532-04-2023,Expired,2023-05-13,https://cityofallentx-energovweb.tylerhost.net/apps/selfservice#/businessLicense/833543e4-f129-404e-8b02-5fcd504a2315,0,0,,,0,0,0,,,0,0,,,0,0,0,,,0
2188fca6-8988-4373-a03d-186de7bd17ce,2188fca6-8988-4373-a03d-186de7bd17ce,1,Zalat Pizza,,,Heavy Food Preparation,Heavy Food Preparation,food,False,False,op_permit_food,Open,,,950 W Stacy RD Unit: 160 Allen TX 75013,False,,5,5,FE003560-02-2022,FE006610-01-2026,Active,2027-02-04,https://cityofallentx-energovweb.tylerhost.net/apps/selfservice#/operationalPermit/0A68EE5F-4C00-421A-A86E-DE2B5B6FA784,8,7,2022-02-02,2026-01-16,0,0,1,96,2023-08-25,8,7,2022-02-02,2026-01-16,0,0,1,96,2023-08-25,0
4c694ed3-397c-427b-9dc8-cacf97379689,4c694ed3-397c-427b-9dc8-cacf97379689,1,Zee's Stop,,,No Prep - Food Establishment,No Prep - Food Establishment,food,False,False,license_food,Open,,,820 W Stacy RD Allen TX 75013,False,,1,0,FE004322-02-2023,FE004322-02-2023,Expired,,https://cityofallentx-energovweb.tylerhost.net/apps/selfservice#/businessLicense/667528a2-78fb-41fe-8fe5-95bf63b92d38,0,0,,,0,0,0,,,0,0,,,0,0,0,,,0
6dab4d74-ce05-47ee-bcf8-85be3c46a837,6dab4d74-ce05-47ee-bcf8-85be3c46a837,2,Zen Chow Asian Diner,,,Heavy - Food Establishment,Heavy - Food Establishment,food,False,False,license_food,Closed,,2018-11-06,204 N GREENVILLE AVE Unit: 205 ALLEN TX 75002,False,104995,1,0,FE000754-05-2018,FE000754-05-2018,Expired,2019-05-02,https://cityofallentx-energovweb.tylerhost.net/apps/selfservice#/businessLicense/bf565e5f-8b1e-44ec-b388-aac1a098652f,0,0,,,0,0,0,,,1,0,,,0,0,0,,,0
c7562040-cb2c-495b-814d-29137cb9d16b,6dab4d74-ce05-47ee-bcf8-85be3c46a837,2,Zen Chow Asian Diner,,,Heavy - Food Establishment,Heavy - Food Establishment,food,False,False,license_food,Closed,,2019-01-22,204 N GREENVILLE AVE Unit: 205 ALLEN TX 75002,False,104995,1,0,FE000457-12-2017,FE000457-12-2017,Expired,2018-12-18,https://cityofallentx-energovweb.tylerhost.net/apps/selfservice#/businessLicense/ec5ba3cd-1f8f-4cd7-964c-d4e97718652a,1,0,,,0,0,0,,,1,0,,,0,0,0,,,0
da3d443e-0ca4-4b1e-913d-1ed1e8315b83,da3d443e-0ca4-4b1e-913d-1ed1e8315b83,1,Zio Al's Pizza & Pasta,,,Heavy Food Preparation,Heavy Food Preparation,food,False,False,op_permit_food,Open,,,210 S Central Expy Unit: # 89 Allen TX 75013,False,,1,1,FE-007116-08-2026,FE-007116-08-2026,Annual Renewal Completed,2027-06-05,https://cityofallentx-energovweb.tylerhost.net/apps/selfservice#/operationalPermit/cfae85e5-f6e5-43a8-858e-0e47d07ccf54,4,3,2025-08-06,2026-09-27,0,0,0,,,4,3,2025-08-06,2026-09-27,0,0,0,,,0
4b116bec-00e5-4d9e-8e45-4df2a8752d76,4b116bec-00e5-4d9e-8e45-4df2a8752d76,1,Zukku Sushi Allen,,,Heavy Food Preparation,Heavy Food Preparation,food,False,False,op_permit_food,Open,,,1289 Johnson Rd Unit: Suite# 2140 Allen TX 75013,False,,2,2,FE005817-01-2025,FE006565-01-2026,Annual Renewal Completed,2027-01-10,https://cityofallentx-energovweb.tylerhost.net/apps/selfservice#/operationalPermit/DBAA7D1D-7183-4D64-91C3-2A6503043C1C,2,1,2025-10-23,2025-10-23,0,0,1,90,2025-10-23,2,1,2025-10-23,2025-10-23,0,0,1,90,2025-10-23,0
8c8761f4-6ae9-4361-86d6-47dc457e37e7,8c8761f4-6ae9-4361-86d6-47dc457e37e7,1,Zuzu's Street Creamery (LIC#KSB2435),,,Ice Cream Truck - Food Establishment,Ice Cream Truck - Food Establishment,food,True,False,license_food,Closed,,2022-09-19,Carrollton TX 75010,True,,1,0,FE003210-08-2021,FE003210-08-2021,Expired,2022-08-06,https://cityofallentx-energovweb.tylerhost.net/apps/selfservice#/businessLicense/f3bed341-d163-4529-854e-9c1bdd994c06,2,1,2021-08-06,2021-08-06,0,0,0,,,2,1,2021-08-06,2021-08-06,0,0,0,,,0
